asset_id,asset_name,category,category_display,city_regency,postal_code,source_raw_file,raw_lat,raw_lon,google_building_id,google_maps_url,google_center_lat,google_center_lon,spatial_drift_meters,drift_status,imagery_date,quality_tier,whole_roof_area_m2,max_roof_area_m2,roof_suitability_ratio_pct,building_footprint_m2,roof_coverage_ratio_pct,gap_unsegmented_pct,gap_unsegmented_m2,gap_unpanelled_m2,total_gap_m2,total_segments_count,pitch_range,weighted_pitch_deg,max_panels_count,sunshine_hours_annual,panel_capacity_wp,installed_capacity_kwp,google_dc_mwh,annual_generation_kwh,annual_generation_mwh,carbon_offset_factor,ghg_reduction_tons_co2,path_dsm_geotiff,path_rgb_geotiff,path_mask_geotiff,path_flux_geotiff,preview_rgb_png,preview_panels_png,preview_segments_png,preview_dsm_png,preview_mask_png,preview_flux_png,gap_category,is_pilot_baseline,cssi_score
BRT-001,Halte CSW Integrasi,brt,Halte TransJakarta & Shelter,Jakarta Selatan,12160.0,data/raw/transjakarta/transjakarta_stations.csv,-6.23994,106.79843,buildings/GhIJn1JxqKH1GMAREbOc1hqzWkA,"https://www.google.com/maps/search/?api=1&query=-6.239901,106.798672",-6.239900899999999,106.7986716,27.06,VALID (< 30m),2025-08-16,BASE,1111.11,856.11,77.0,1276.93,87.0,13.0,165.82,255.0,420.83,8,1.8° – 21.8°,7.2,436,1626.39,400,174.4,263.14,226913.3,226.91,809.0,183.57,data/raw/solar/data_layers/dsm/brt/brt-001_dsm.tif,data/raw/solar/data_layers/rgb/brt/brt-001_rgb.tif,data/raw/solar/data_layers/mask/brt/brt-001_mask.tif,data/raw/solar/data_layers/annual_flux/brt/brt-001_annual_flux.tif,data/processed/previews/brt-001_rgb.png,data/processed/previews/brt-001_panels_overlay.png,data/processed/previews/brt-001_segments_overlay.png,data/processed/previews/brt-001_dsm_elevation.png,data/processed/previews/brt-001_roof_mask.png,data/processed/previews/brt-001_flux_heatmap.png,Gap Sedikit,True,1.0
BRT-002,Halte Tosari,brt,Halte TransJakarta & Shelter,Jakarta Pusat,10310.0,data/raw/transjakarta/transjakarta_stations.csv,-6.19709,106.82306,buildings/GhIJR4iIV9_JGMARL9PH6a20WkA,"https://www.google.com/maps/search/?api=1&query=-6.197089,106.823058",-6.197089399999999,106.8230583,0.2,VALID (< 30m),2025-08-16,BASE,323.85,215.99,66.7,356.98,90.7,9.3,33.13,107.86,140.99,2,11.2° – 42.4°,32.9,110,1511.26,400,44.0,57.79,53196.3,53.2,809.0,43.04,data/raw/solar/data_layers/dsm/brt/brt-002_dsm.tif,data/raw/solar/data_layers/rgb/brt/brt-002_rgb.tif,data/raw/solar/data_layers/mask/brt/brt-002_mask.tif,data/raw/solar/data_layers/annual_flux/brt/brt-002_annual_flux.tif,data/processed/previews/brt-002_rgb.png,data/processed/previews/brt-002_panels_overlay.png,data/processed/previews/brt-002_segments_overlay.png,data/processed/previews/brt-002_dsm_elevation.png,data/processed/previews/brt-002_roof_mask.png,data/processed/previews/brt-002_flux_heatmap.png,Gap Sedikit,True,1.0
BRT-003,Halte Bundaran Senayan,brt,Halte TransJakarta & Shelter,Jakarta Selatan,10270.0,data/raw/transjakarta/transjakarta_stations.csv,-6.22787,106.80094,buildings/ChIJSZk-Wk_xaS4R62r5YxG5ot0,"https://www.google.com/maps/search/?api=1&query=-6.227873,106.800941",-6.2278729,106.800941,0.34,VALID (< 30m),2025-08-16,BASE,227.93,178.68,78.4,246.99,92.3,7.7,19.06,49.24,68.31,1,13.0° – 13.0°,13.0,91,1620.6,400,36.4,56.92,47191.94,47.19,809.0,38.18,data/raw/solar/data_layers/dsm/brt/brt-003_dsm.tif,data/raw/solar/data_layers/rgb/brt/brt-003_rgb.tif,data/raw/solar/data_layers/mask/brt/brt-003_mask.tif,data/raw/solar/data_layers/annual_flux/brt/brt-003_annual_flux.tif,data/processed/previews/brt-003_rgb.png,data/processed/previews/brt-003_panels_overlay.png,data/processed/previews/brt-003_segments_overlay.png,data/processed/previews/brt-003_dsm_elevation.png,data/processed/previews/brt-003_roof_mask.png,data/processed/previews/brt-003_flux_heatmap.png,Gap Sedikit,True,1.0
BRT-004,Halte Monas,brt,Halte TransJakarta & Shelter,Jakarta Pusat,10110.0,data/raw/transjakarta/transjakarta_stations.csv,-6.17598,106.82329,buildings/GhIJxBKbVjW0GMARu8nfv7C0WkA,"https://www.google.com/maps/search/?api=1&query=-6.175984,106.823288",-6.1759843,106.8232877,0.54,VALID (< 30m),2025-07-26,BASE,164.79,143.34,87.0,164.79,100.0,0.0,0.0,21.45,21.45,1,0.3° – 0.3°,0.3,73,1626.18,400,29.2,46.98,37987.49,37.99,809.0,30.73,data/raw/solar/data_layers/dsm/brt/brt-004_dsm.tif,data/raw/solar/data_layers/rgb/brt/brt-004_rgb.tif,data/raw/solar/data_layers/mask/brt/brt-004_mask.tif,data/raw/solar/data_layers/annual_flux/brt/brt-004_annual_flux.tif,data/processed/previews/brt-004_rgb.png,data/processed/previews/brt-004_panels_overlay.png,data/processed/previews/brt-004_segments_overlay.png,data/processed/previews/brt-004_dsm_elevation.png,data/processed/previews/brt-004_roof_mask.png,data/processed/previews/brt-004_flux_heatmap.png,Gap Sedikit,True,1.0
BRT-005,Halte Harmoni,brt,Halte TransJakarta & Shelter,Jakarta Pusat,10130.0,data/raw/transjakarta/transjakarta_stations.csv,-6.16579,106.82042,buildings/ChIJZWR_Ltj1aS4RmbmULYoudXU,"https://www.google.com/maps/search/?api=1&query=-6.165787,106.820418",-6.165786799999999,106.8204179,0.42,VALID (< 30m),2025-07-26,BASE,323.18,235.63,72.9,367.94,87.8,12.2,44.75,87.56,132.31,3,8.0° – 21.2°,13.8,120,1620.02,400,48.0,71.1,62208.93,62.21,809.0,50.33,data/raw/solar/data_layers/dsm/brt/brt-005_dsm.tif,data/raw/solar/data_layers/rgb/brt/brt-005_rgb.tif,data/raw/solar/data_layers/mask/brt/brt-005_mask.tif,data/raw/solar/data_layers/annual_flux/brt/brt-005_annual_flux.tif,data/processed/previews/brt-005_rgb.png,data/processed/previews/brt-005_panels_overlay.png,data/processed/previews/brt-005_segments_overlay.png,data/processed/previews/brt-005_dsm_elevation.png,data/processed/previews/brt-005_roof_mask.png,data/processed/previews/brt-005_flux_heatmap.png,Gap Sedikit,True,1.0
BRT-006,Halte Ragunan,brt,Halte TransJakarta & Shelter,Jakarta Selatan,12550.0,data/raw/transjakarta/transjakarta_stations.csv,-6.30583,106.81965,buildings/ChIJrfnQvv3taS4RHp4TjnDb1Hk,"https://www.google.com/maps/search/?api=1&query=-6.305826,106.819651",-6.3058255,106.8196513,0.52,VALID (< 30m),2024-10-26,BASE,308.39,198.32,64.3,477.39,64.6,35.4,169.01,110.07,279.07,2,3.6° – 19.7°,9.6,101,1612.96,400,40.4,58.63,52130.99,52.13,809.0,42.17,data/raw/solar/data_layers/dsm/brt/brt-006_dsm.tif,data/raw/solar/data_layers/rgb/brt/brt-006_rgb.tif,data/raw/solar/data_layers/mask/brt/brt-006_mask.tif,data/raw/solar/data_layers/annual_flux/brt/brt-006_annual_flux.tif,data/processed/previews/brt-006_rgb.png,data/processed/previews/brt-006_panels_overlay.png,data/processed/previews/brt-006_segments_overlay.png,data/processed/previews/brt-006_dsm_elevation.png,data/processed/previews/brt-006_roof_mask.png,data/processed/previews/brt-006_flux_heatmap.png,Gap Besar,True,1.0
BRT-007,Halte Kampung Melayu,brt,Halte TransJakarta & Shelter,Jakarta Timur,13310.0,data/raw/transjakarta/transjakarta_stations.csv,-6.22431,106.86698,buildings/ChIJb2nrRHjzaS4Rvnbh-sX56J0,"https://www.google.com/maps/search/?api=1&query=-6.224311,106.866983",-6.224310699999999,106.8669829,0.33,VALID (< 30m),2024-10-26,BASE,120.71,78.54,65.1,193.74,62.3,37.7,73.03,42.17,115.2,3,1.3° – 11.3°,6.7,40,1581.41,400,16.0,23.98,20242.05,20.24,809.0,16.38,data/raw/solar/data_layers/dsm/brt/brt-007_dsm.tif,data/raw/solar/data_layers/rgb/brt/brt-007_rgb.tif,data/raw/solar/data_layers/mask/brt/brt-007_mask.tif,data/raw/solar/data_layers/annual_flux/brt/brt-007_annual_flux.tif,data/processed/previews/brt-007_rgb.png,data/processed/previews/brt-007_panels_overlay.png,data/processed/previews/brt-007_segments_overlay.png,data/processed/previews/brt-007_dsm_elevation.png,data/processed/previews/brt-007_roof_mask.png,data/processed/previews/brt-007_flux_heatmap.png,Gap Besar,True,1.0
BRT-008,Halte Pulo Gadung,brt,Halte TransJakarta & Shelter,Jakarta Timur,13260.0,data/raw/transjakarta/transjakarta_stations.csv,-6.1826,106.90904,buildings/ChIJxcoCXtL0aS4RGOVXc78a3ZQ,"https://www.google.com/maps/search/?api=1&query=-6.182595,106.909037",-6.1825946,106.9090373,0.67,VALID (< 30m),2024-10-26,BASE,559.06,390.75,69.9,771.61,72.5,27.5,212.56,168.31,380.87,10,19.2° – 30.5°,27.9,199,1687.85,400,79.6,121.65,107482.49,107.48,809.0,86.95,data/raw/solar/data_layers/dsm/brt/brt-008_dsm.tif,data/raw/solar/data_layers/rgb/brt/brt-008_rgb.tif,data/raw/solar/data_layers/mask/brt/brt-008_mask.tif,data/raw/solar/data_layers/annual_flux/brt/brt-008_annual_flux.tif,data/processed/previews/brt-008_rgb.png,data/processed/previews/brt-008_panels_overlay.png,data/processed/previews/brt-008_segments_overlay.png,data/processed/previews/brt-008_dsm_elevation.png,data/processed/previews/brt-008_roof_mask.png,data/processed/previews/brt-008_flux_heatmap.png,Gap Sedang,True,1.0
KRL-032,Stasiun KRL Manggarai Sentral,krl,Stasiun KRL Commuter Line,Jakarta Selatan,12850.0,data/raw/krl/krl_stations.csv,-6.21017,106.849935,buildings/ChIJx6Y3I3H0aS4RMX7C5Jw8YAI,"https://www.google.com/maps/search/?api=1&query=-6.210189,106.849856",-6.210189199999999,106.8498556,9.03,VALID (< 30m),2025-08-16,BASE,9871.97,8696.58,88.1,13129.91,75.2,24.8,3257.94,1175.39,4433.33,15,0.4° – 28.9°,5.9,4429,1652.85,400,1771.6,2863.0,2342546.71,2342.55,809.0,1895.12,data/raw/solar/data_layers/dsm/krl/krl-032_dsm.tif,data/raw/solar/data_layers/rgb/krl/krl-032_rgb.tif,data/raw/solar/data_layers/mask/krl/krl-032_mask.tif,data/raw/solar/data_layers/annual_flux/krl/krl-032_annual_flux.tif,data/processed/previews/krl-032_rgb.png,data/processed/previews/krl-032_panels_overlay.png,data/processed/previews/krl-032_segments_overlay.png,data/processed/previews/krl-032_dsm_elevation.png,data/processed/previews/krl-032_roof_mask.png,data/processed/previews/krl-032_flux_heatmap.png,Gap Sedang,True,1.0
KRL-001,Stasiun KRL Jakarta Kota,krl,Stasiun KRL Commuter Line,Jakarta Barat,11110.0,data/raw/krl/krl_stations.csv,-6.137583,106.81462,buildings/ChIJj3l0NgD2aS4Rdf2IvAf8tzk,"https://www.google.com/maps/search/?api=1&query=-6.137362,106.815217",-6.1373618,106.8152171,70.45,REVIEW (> 30m),2025-07-26,BASE,10407.02,9242.45,88.8,19764.63,52.7,47.3,9357.61,1164.57,10522.18,10,0.7° – 18.1°,5.8,4707,1660.78,400,1882.8,2838.87,2501530.86,2501.53,809.0,2023.74,data/raw/solar/data_layers/dsm/krl/krl-001_dsm.tif,data/raw/solar/data_layers/rgb/krl/krl-001_rgb.tif,data/raw/solar/data_layers/mask/krl/krl-001_mask.tif,data/raw/solar/data_layers/annual_flux/krl/krl-001_annual_flux.tif,data/processed/previews/krl-001_rgb.png,data/processed/previews/krl-001_panels_overlay.png,data/processed/previews/krl-001_segments_overlay.png,data/processed/previews/krl-001_dsm_elevation.png,data/processed/previews/krl-001_roof_mask.png,data/processed/previews/krl-001_flux_heatmap.png,Gap Besar,True,1.0
KRL-002,Stasiun KRL Tanah Abang,krl,Stasiun KRL Commuter Line,Jakarta Pusat,10250.0,data/raw/krl/krl_stations.csv,-6.185713,106.810894,buildings/ChIJ83wUloT2aS4RrCRDTmN5ahg,"https://www.google.com/maps/search/?api=1&query=-6.185491,106.810941",-6.1854914,106.8109411,25.18,VALID (< 30m),2025-08-16,BASE,2943.24,2534.95,86.1,4578.0,64.3,35.7,1634.75,408.29,2043.05,4,0.9° – 5.2°,1.5,1291,1651.4,400,516.4,811.36,682227.32,682.23,809.0,551.92,data/raw/solar/data_layers/dsm/krl/krl-002_dsm.tif,data/raw/solar/data_layers/rgb/krl/krl-002_rgb.tif,data/raw/solar/data_layers/mask/krl/krl-002_mask.tif,data/raw/solar/data_layers/annual_flux/krl/krl-002_annual_flux.tif,data/processed/previews/krl-002_rgb.png,data/processed/previews/krl-002_panels_overlay.png,data/processed/previews/krl-002_segments_overlay.png,data/processed/previews/krl-002_dsm_elevation.png,data/processed/previews/krl-002_roof_mask.png,data/processed/previews/krl-002_flux_heatmap.png,Gap Besar,True,1.0
KRL-003,Stasiun KRL Pasar Senen,krl,Stasiun KRL Commuter Line,Jakarta Pusat,10410.0,data/raw/krl/krl_stations.csv,-6.1755,106.84285,buildings/ChIJedPTNrX1aS4RVUQQZcDdvmQ,"https://www.google.com/maps/search/?api=1&query=-6.175399,106.842903",-6.1753986,106.8429027,12.69,VALID (< 30m),2025-07-26,BASE,870.14,757.93,87.1,1465.56,59.4,40.6,595.42,112.21,707.63,1,6.4° – 6.4°,6.4,386,1643.51,400,154.4,248.6,203005.89,203.01,809.0,164.23,data/raw/solar/data_layers/dsm/krl/krl-003_dsm.tif,data/raw/solar/data_layers/rgb/krl/krl-003_rgb.tif,data/raw/solar/data_layers/mask/krl/krl-003_mask.tif,data/raw/solar/data_layers/annual_flux/krl/krl-003_annual_flux.tif,data/processed/previews/krl-003_rgb.png,data/processed/previews/krl-003_panels_overlay.png,data/processed/previews/krl-003_segments_overlay.png,data/processed/previews/krl-003_dsm_elevation.png,data/processed/previews/krl-003_roof_mask.png,data/processed/previews/krl-003_flux_heatmap.png,Gap Besar,True,1.0
KRL-004,Stasiun KRL Jatinegara,krl,Stasiun KRL Commuter Line,Jakarta Timur,13110.0,data/raw/krl/krl_stations.csv,-6.214925,106.870339,buildings/ChIJ8ZSc8IH0aS4R4-Upw8xXxL0,"https://www.google.com/maps/search/?api=1&query=-6.214878,106.870573",-6.214878499999999,106.8705735,26.43,VALID (< 30m),2025-08-16,BASE,6413.09,5488.14,85.6,12255.58,52.3,47.7,5842.5,924.95,6767.45,14,0.2° – 8.1°,2.5,2795,1646.43,400,1118.0,1777.37,1472568.87,1472.57,809.0,1191.31,data/raw/solar/data_layers/dsm/krl/krl-004_dsm.tif,data/raw/solar/data_layers/rgb/krl/krl-004_rgb.tif,data/raw/solar/data_layers/mask/krl/krl-004_mask.tif,data/raw/solar/data_layers/annual_flux/krl/krl-004_annual_flux.tif,data/processed/previews/krl-004_rgb.png,data/processed/previews/krl-004_panels_overlay.png,data/processed/previews/krl-004_segments_overlay.png,data/processed/previews/krl-004_dsm_elevation.png,data/processed/previews/krl-004_roof_mask.png,data/processed/previews/krl-004_flux_heatmap.png,Gap Besar,True,1.0
KRL-005,Stasiun KRL Sudirman,krl,Stasiun KRL Commuter Line,Jakarta Pusat,10310.0,data/raw/krl/krl_stations.csv,-6.202408,106.823449,buildings/ChIJy66UBhz0aS4Rc0gvIpLJYa8,"https://www.google.com/maps/search/?api=1&query=-6.202400,106.823461",-6.202400000000001,106.8234605,1.55,VALID (< 30m),2025-08-16,BASE,516.48,359.33,69.6,631.86,81.7,18.3,115.39,157.15,272.53,7,4.7° – 25.4°,10.5,183,1653.49,400,73.2,117.22,96828.64,96.83,809.0,78.33,data/raw/solar/data_layers/dsm/krl/krl-005_dsm.tif,data/raw/solar/data_layers/rgb/krl/krl-005_rgb.tif,data/raw/solar/data_layers/mask/krl/krl-005_mask.tif,data/raw/solar/data_layers/annual_flux/krl/krl-005_annual_flux.tif,data/processed/previews/krl-005_rgb.png,data/processed/previews/krl-005_panels_overlay.png,data/processed/previews/krl-005_segments_overlay.png,data/processed/previews/krl-005_dsm_elevation.png,data/processed/previews/krl-005_roof_mask.png,data/processed/previews/krl-005_flux_heatmap.png,Gap Sedikit,True,1.0
KRL-006,Stasiun KRL Duren Kalibata,krl,Stasiun KRL Commuter Line,Jakarta Selatan,12750.0,data/raw/krl/krl_stations.csv,-6.25466,106.85534,buildings/ChIJJz_np63zaS4RmFcvoAS4UTk,"https://www.google.com/maps/search/?api=1&query=-6.254663,106.855337",-6.2546627,106.8553369,0.46,VALID (< 30m),2025-08-16,BASE,1100.68,901.27,81.9,1769.41,62.2,37.8,668.73,199.41,868.14,1,9.1° – 9.1°,9.1,459,1568.29,400,183.6,265.1,230350.51,230.35,809.0,186.35,data/raw/solar/data_layers/dsm/krl/krl-006_dsm.tif,data/raw/solar/data_layers/rgb/krl/krl-006_rgb.tif,data/raw/solar/data_layers/mask/krl/krl-006_mask.tif,data/raw/solar/data_layers/annual_flux/krl/krl-006_annual_flux.tif,data/processed/previews/krl-006_rgb.png,data/processed/previews/krl-006_panels_overlay.png,data/processed/previews/krl-006_segments_overlay.png,data/processed/previews/krl-006_dsm_elevation.png,data/processed/previews/krl-006_roof_mask.png,data/processed/previews/krl-006_flux_heatmap.png,Gap Besar,True,1.0
KRL-007,Stasiun KRL Tanjung Priuk,krl,Stasiun KRL Commuter Line,Jakarta Utara,14310.0,data/raw/krl/krl_stations.csv,-6.110941,106.881149,buildings/ChIJaf0RIbkfai4RevWi2Qn9F6o,"https://www.google.com/maps/search/?api=1&query=-6.110941,106.881149",-6.1109409,106.8811492,0.02,VALID (< 30m),2025-07-26,BASE,12109.95,9582.15,79.1,14508.43,83.5,16.5,2398.49,2527.8,4926.29,35,0.4° – 31.4°,9.2,4880,1705.5,400,1952.0,3212.68,2663311.3,2663.31,809.0,2154.62,data/raw/solar/data_layers/dsm/krl/krl-007_dsm.tif,data/raw/solar/data_layers/rgb/krl/krl-007_rgb.tif,data/raw/solar/data_layers/mask/krl/krl-007_mask.tif,data/raw/solar/data_layers/annual_flux/krl/krl-007_annual_flux.tif,data/processed/previews/krl-007_rgb.png,data/processed/previews/krl-007_panels_overlay.png,data/processed/previews/krl-007_segments_overlay.png,data/processed/previews/krl-007_dsm_elevation.png,data/processed/previews/krl-007_roof_mask.png,data/processed/previews/krl-007_flux_heatmap.png,Gap Sedikit,True,1.0
MRT-003,Stasiun MRT Cipete Raya,mrt_lrt,Stasiun MRT & LRT,Jakarta Selatan,12420.0,data/raw/mrt_lrt/mrt_stations.csv,-6.278342,106.797326,buildings/ChIJpeCp35TxaS4RDUmeARBfs3I,"https://www.google.com/maps/search/?api=1&query=-6.278361,106.797312",-6.2783606,106.7973123,2.56,VALID (< 30m),2025-08-16,BASE,3850.96,3224.16,83.7,4459.47,86.4,13.6,608.52,626.8,1235.32,12,2.0° – 23.9°,15.7,1642,1645.6,400,656.8,1026.12,864661.49,864.66,809.0,699.51,data/raw/solar/data_layers/dsm/mrt/mrt-003_dsm.tif,data/raw/solar/data_layers/rgb/mrt/mrt-003_rgb.tif,data/raw/solar/data_layers/mask/mrt/mrt-003_mask.tif,data/raw/solar/data_layers/annual_flux/mrt/mrt-003_annual_flux.tif,data/processed/previews/mrt-003_rgb.png,data/processed/previews/mrt-003_panels_overlay.png,data/processed/previews/mrt-003_segments_overlay.png,data/processed/previews/mrt-003_dsm_elevation.png,data/processed/previews/mrt-003_roof_mask.png,data/processed/previews/mrt-003_flux_heatmap.png,Gap Sedikit,True,1.0
MRT-001,Stasiun MRT Lebak Bulus,mrt_lrt,Stasiun MRT & LRT,Jakarta Selatan,12440.0,data/raw/osm/stations_jakarta.gpkg,-6.289354,106.774716,buildings/ChIJk8a7lc3xaS4RDsS1VBOckck,"https://www.google.com/maps/search/?api=1&query=-6.289411,106.774745",-6.2894109,106.7747454,7.11,VALID (< 30m),2024-10-26,BASE,5632.58,4910.85,87.2,9567.35,58.9,41.1,3934.77,721.73,4656.5,5,0.9° – 19.0°,4.3,2501,1624.37,400,1000.4,1493.22,1300019.0,1300.02,809.0,1051.71,data/raw/solar/data_layers/dsm/mrt/mrt-001_dsm.tif,data/raw/solar/data_layers/rgb/mrt/mrt-001_rgb.tif,data/raw/solar/data_layers/mask/mrt/mrt-001_mask.tif,data/raw/solar/data_layers/annual_flux/mrt/mrt-001_annual_flux.tif,data/processed/previews/mrt-001_rgb.png,data/processed/previews/mrt-001_panels_overlay.png,data/processed/previews/mrt-001_segments_overlay.png,data/processed/previews/mrt-001_dsm_elevation.png,data/processed/previews/mrt-001_roof_mask.png,data/processed/previews/mrt-001_flux_heatmap.png,Gap Besar,True,1.0
MRT-002,Stasiun MRT Fatmawati,mrt_lrt,Stasiun MRT & LRT,Jakarta Selatan,12430.0,data/raw/osm/stations_jakarta.gpkg,-6.292482,106.792404,buildings/ChIJ0Z7aCd3xaS4RwuuX-G4pHic,"https://www.google.com/maps/search/?api=1&query=-6.292451,106.792528",-6.2924507,106.7925279,14.13,VALID (< 30m),2025-08-16,BASE,3642.58,3210.41,88.1,4927.01,73.9,26.1,1284.43,432.17,1716.6,9,0.4° – 43.8°,3.4,1635,1638.33,400,654.0,1007.37,857172.01,857.17,809.0,693.45,data/raw/solar/data_layers/dsm/mrt/mrt-002_dsm.tif,data/raw/solar/data_layers/rgb/mrt/mrt-002_rgb.tif,data/raw/solar/data_layers/mask/mrt/mrt-002_mask.tif,data/raw/solar/data_layers/annual_flux/mrt/mrt-002_annual_flux.tif,data/processed/previews/mrt-002_rgb.png,data/processed/previews/mrt-002_panels_overlay.png,data/processed/previews/mrt-002_segments_overlay.png,data/processed/previews/mrt-002_dsm_elevation.png,data/processed/previews/mrt-002_roof_mask.png,data/processed/previews/mrt-002_flux_heatmap.png,Gap Sedang,True,1.0
MRT-004,Stasiun MRT Blok M BCA,mrt_lrt,Stasiun MRT & LRT,Jakarta Selatan,12130.0,data/raw/osm/stations_jakarta.gpkg,-6.244462,106.798132,buildings/ChIJDywBb2zxaS4Rn6JFcz_EnZ8,"https://www.google.com/maps/search/?api=1&query=-6.244463,106.798135",-6.244462599999999,106.7981351,0.35,VALID (< 30m),2025-08-16,BASE,3357.62,2375.9,70.8,3607.13,93.1,6.9,249.51,981.72,1231.23,49,5.1° – 20.3°,12.4,1210,1643.97,400,484.0,755.86,636544.02,636.54,809.0,514.96,data/raw/solar/data_layers/dsm/mrt/mrt-004_dsm.tif,data/raw/solar/data_layers/rgb/mrt/mrt-004_rgb.tif,data/raw/solar/data_layers/mask/mrt/mrt-004_mask.tif,data/raw/solar/data_layers/annual_flux/mrt/mrt-004_annual_flux.tif,data/processed/previews/mrt-004_rgb.png,data/processed/previews/mrt-004_panels_overlay.png,data/processed/previews/mrt-004_segments_overlay.png,data/processed/previews/mrt-004_dsm_elevation.png,data/processed/previews/mrt-004_roof_mask.png,data/processed/previews/mrt-004_flux_heatmap.png,Gap Sedikit,True,1.0
MRT-005,Stasiun MRT ASEAN,mrt_lrt,Stasiun MRT & LRT,Jakarta Selatan,12120.0,data/raw/osm/stations_jakarta.gpkg,-6.238814,106.798379,buildings/ChIJLyG3dWrxaS4RQta0OHx_MvE,"https://www.google.com/maps/search/?api=1&query=-6.238698,106.798420",-6.238698299999999,106.79842,13.64,VALID (< 30m),2025-08-16,BASE,3873.08,3322.33,85.8,4677.35,82.8,17.2,804.26,550.75,1355.01,9,2.9° – 13.4°,5.8,1692,1623.86,400,676.8,1035.73,879220.43,879.22,809.0,711.29,data/raw/solar/data_layers/dsm/mrt/mrt-005_dsm.tif,data/raw/solar/data_layers/rgb/mrt/mrt-005_rgb.tif,data/raw/solar/data_layers/mask/mrt/mrt-005_mask.tif,data/raw/solar/data_layers/annual_flux/mrt/mrt-005_annual_flux.tif,data/processed/previews/mrt-005_rgb.png,data/processed/previews/mrt-005_panels_overlay.png,data/processed/previews/mrt-005_segments_overlay.png,data/processed/previews/mrt-005_dsm_elevation.png,data/processed/previews/mrt-005_roof_mask.png,data/processed/previews/mrt-005_flux_heatmap.png,Gap Sedikit,True,1.0
MRT-006,Stasiun MRT Senayan,mrt_lrt,Stasiun MRT & LRT,Jakarta Pusat,12190.0,data/raw/osm/stations_jakarta.gpkg,-6.226,106.8035,buildings/GhIJ1zUbI_jnGMARQSptKWyzWkA,"https://www.google.com/maps/search/?api=1&query=-6.226408,106.803689",-6.2264078,106.8036891,49.93,REVIEW (> 30m),2023-10-28,BASE,131.51,72.65,55.2,177.22,74.2,25.8,45.71,58.85,104.57,3,2.4° – 13.7°,5.6,37,1443.04,400,14.8,20.62,17085.55,17.09,809.0,13.82,data/raw/solar/data_layers/dsm/mrt/mrt-006_dsm.tif,data/raw/solar/data_layers/rgb/mrt/mrt-006_rgb.tif,data/raw/solar/data_layers/mask/mrt/mrt-006_mask.tif,data/raw/solar/data_layers/annual_flux/mrt/mrt-006_annual_flux.tif,data/processed/previews/mrt-006_rgb.png,data/processed/previews/mrt-006_panels_overlay.png,data/processed/previews/mrt-006_segments_overlay.png,data/processed/previews/mrt-006_dsm_elevation.png,data/processed/previews/mrt-006_roof_mask.png,data/processed/previews/mrt-006_flux_heatmap.png,Gap Sedang,True,1.0
MRT-007,Stasiun MRT Dukuh Atas BNI,mrt_lrt,Stasiun MRT & LRT,Jakarta Pusat,10230.0,data/raw/osm/stations_jakarta.gpkg,-6.200796,106.822788,buildings/ChIJx4G6uR70aS4RQDdV4y1UoVI,"https://www.google.com/maps/search/?api=1&query=-6.200928,106.822854",-6.200928299999999,106.8228537,16.41,VALID (< 30m),2025-08-16,BASE,180.61,131.56,72.8,277.49,65.1,34.9,96.89,49.05,145.94,3,2.8° – 6.9°,4.3,67,1636.35,400,26.8,42.73,35083.29,35.08,809.0,28.38,data/raw/solar/data_layers/dsm/mrt/mrt-007_dsm.tif,data/raw/solar/data_layers/rgb/mrt/mrt-007_rgb.tif,data/raw/solar/data_layers/mask/mrt/mrt-007_mask.tif,data/raw/solar/data_layers/annual_flux/mrt/mrt-007_annual_flux.tif,data/processed/previews/mrt-007_rgb.png,data/processed/previews/mrt-007_panels_overlay.png,data/processed/previews/mrt-007_segments_overlay.png,data/processed/previews/mrt-007_dsm_elevation.png,data/processed/previews/mrt-007_roof_mask.png,data/processed/previews/mrt-007_flux_heatmap.png,Gap Besar,True,1.0
MRT-008,Stasiun MRT Bundaran HI,mrt_lrt,Stasiun MRT & LRT,Jakarta Pusat,10350.0,data/raw/osm/stations_jakarta.gpkg,-6.191864,106.823008,buildings/GhIJuFhmJWjEGMAR_0wkza60WkA,"https://www.google.com/maps/search/?api=1&query=-6.191821,106.823169",-6.1918213,106.8231694,18.46,VALID (< 30m),2024-10-26,BASE,19.69,9.82,49.9,19.69,100.0,0.0,0.0,9.88,9.88,1,19.5° – 19.5°,19.5,5,1338.68,400,2.0,2.22,2141.89,2.14,809.0,1.73,data/raw/solar/data_layers/dsm/mrt/mrt-008_dsm.tif,data/raw/solar/data_layers/rgb/mrt/mrt-008_rgb.tif,data/raw/solar/data_layers/mask/mrt/mrt-008_mask.tif,data/raw/solar/data_layers/annual_flux/mrt/mrt-008_annual_flux.tif,data/processed/previews/mrt-008_rgb.png,data/processed/previews/mrt-008_panels_overlay.png,data/processed/previews/mrt-008_segments_overlay.png,data/processed/previews/mrt-008_dsm_elevation.png,data/processed/previews/mrt-008_roof_mask.png,data/processed/previews/mrt-008_flux_heatmap.png,Gap Sedikit,True,1.0
LRT-014,Stasiun LRT Dukuh Atas,mrt_lrt,Stasiun MRT & LRT,Jakarta Pusat,12910.0,data/raw/mrt_lrt/lrt_jabodebek_stations.geojson,-6.204828,106.82553,buildings/ChIJlbC7BRv0aS4RB0sO1N-weGg,"https://www.google.com/maps/search/?api=1&query=-6.204863,106.825604",-6.204862899999999,106.8256039,9.04,VALID (< 30m),2025-08-16,BASE,1808.91,1525.68,84.3,2909.96,62.2,37.8,1101.05,283.22,1384.28,4,2.2° – 11.2°,3.4,777,1638.0,400,310.8,501.27,407271.77,407.27,809.0,329.48,data/raw/solar/data_layers/dsm/lrt/lrt-014_dsm.tif,data/raw/solar/data_layers/rgb/lrt/lrt-014_rgb.tif,data/raw/solar/data_layers/mask/lrt/lrt-014_mask.tif,data/raw/solar/data_layers/annual_flux/lrt/lrt-014_annual_flux.tif,data/processed/previews/lrt-014_rgb.png,data/processed/previews/lrt-014_panels_overlay.png,data/processed/previews/lrt-014_segments_overlay.png,data/processed/previews/lrt-014_dsm_elevation.png,data/processed/previews/lrt-014_roof_mask.png,data/processed/previews/lrt-014_flux_heatmap.png,Gap Besar,True,1.0
LRT-001,Stasiun LRT Rasuna Said,mrt_lrt,Stasiun MRT & LRT,Jakarta Selatan,12940.0,data/raw/osm/stations_jakarta.gpkg,-6.221588,106.832289,buildings/ChIJRUTOKPfzaS4R-u9swZIhrT0,"https://www.google.com/maps/search/?api=1&query=-6.221659,106.832263",-6.2216592,106.8322628,8.43,VALID (< 30m),2025-08-16,BASE,2451.69,1806.47,73.7,3009.53,81.5,18.5,557.85,645.22,1203.06,22,1.3° – 42.1°,7.2,920,1636.9,400,368.0,568.2,481904.1,481.9,809.0,389.86,data/raw/solar/data_layers/dsm/lrt/lrt-001_dsm.tif,data/raw/solar/data_layers/rgb/lrt/lrt-001_rgb.tif,data/raw/solar/data_layers/mask/lrt/lrt-001_mask.tif,data/raw/solar/data_layers/annual_flux/lrt/lrt-001_annual_flux.tif,data/processed/previews/lrt-001_rgb.png,data/processed/previews/lrt-001_panels_overlay.png,data/processed/previews/lrt-001_segments_overlay.png,data/processed/previews/lrt-001_dsm_elevation.png,data/processed/previews/lrt-001_roof_mask.png,data/processed/previews/lrt-001_flux_heatmap.png,Gap Sedikit,True,1.0
LRT-002,Stasiun LRT Pancoran,mrt_lrt,Stasiun MRT & LRT,Jakarta Selatan,12780.0,data/raw/osm/stations_jakarta.gpkg,-6.242099,106.838562,buildings/ChIJoeBk08DzaS4RRxIbKPxEZxY,"https://www.google.com/maps/search/?api=1&query=-6.242110,106.838459",-6.2421098,106.8384589,11.46,VALID (< 30m),2025-08-16,BASE,1332.18,1058.36,79.4,1426.07,93.4,6.6,93.89,273.82,367.72,6,1.1° – 27.9°,20.7,539,1623.98,400,215.6,330.78,280104.05,280.1,809.0,226.6,data/raw/solar/data_layers/dsm/lrt/lrt-002_dsm.tif,data/raw/solar/data_layers/rgb/lrt/lrt-002_rgb.tif,data/raw/solar/data_layers/mask/lrt/lrt-002_mask.tif,data/raw/solar/data_layers/annual_flux/lrt/lrt-002_annual_flux.tif,data/processed/previews/lrt-002_rgb.png,data/processed/previews/lrt-002_panels_overlay.png,data/processed/previews/lrt-002_segments_overlay.png,data/processed/previews/lrt-002_dsm_elevation.png,data/processed/previews/lrt-002_roof_mask.png,data/processed/previews/lrt-002_flux_heatmap.png,Gap Sedikit,True,1.0
LRT-003,Stasiun LRT Cikoko,mrt_lrt,Stasiun MRT & LRT,Jakarta Selatan,12770.0,data/raw/osm/stations_jakarta.gpkg,-6.244038,106.858026,buildings/ChIJz5DxM6TzaS4RwvdPbMyhRr0,"https://www.google.com/maps/search/?api=1&query=-6.244038,106.858026",-6.2440375,106.8580264,0.07,VALID (< 30m),2025-08-16,BASE,6309.57,5264.29,83.4,6968.47,90.5,9.5,658.9,1045.28,1704.18,19,2.9° – 22.4°,14.8,2681,1593.25,400,1072.4,1613.5,1366878.12,1366.88,809.0,1105.8,data/raw/solar/data_layers/dsm/lrt/lrt-003_dsm.tif,data/raw/solar/data_layers/rgb/lrt/lrt-003_rgb.tif,data/raw/solar/data_layers/mask/lrt/lrt-003_mask.tif,data/raw/solar/data_layers/annual_flux/lrt/lrt-003_annual_flux.tif,data/processed/previews/lrt-003_rgb.png,data/processed/previews/lrt-003_panels_overlay.png,data/processed/previews/lrt-003_segments_overlay.png,data/processed/previews/lrt-003_dsm_elevation.png,data/processed/previews/lrt-003_roof_mask.png,data/processed/previews/lrt-003_flux_heatmap.png,Gap Sedikit,True,1.0
LRT-004,Stasiun LRT Cawang,mrt_lrt,Stasiun MRT & LRT,Jakarta Timur,13630.0,data/raw/osm/stations_jakarta.gpkg,-6.245892,106.871254,buildings/GhIJISoRJqH7GMARwv4yVbi3WkA,"https://www.google.com/maps/search/?api=1&query=-6.245907,106.871260",-6.2459074,106.8712598,1.83,VALID (< 30m),2025-08-16,BASE,4842.98,4194.15,86.6,5690.31,85.1,14.9,847.32,648.83,1496.15,20,5.8° – 41.4°,21.6,2136,1626.39,400,854.4,1335.48,1111668.38,1111.67,809.0,899.34,data/raw/solar/data_layers/dsm/lrt/lrt-004_dsm.tif,data/raw/solar/data_layers/rgb/lrt/lrt-004_rgb.tif,data/raw/solar/data_layers/mask/lrt/lrt-004_mask.tif,data/raw/solar/data_layers/annual_flux/lrt/lrt-004_annual_flux.tif,data/processed/previews/lrt-004_rgb.png,data/processed/previews/lrt-004_panels_overlay.png,data/processed/previews/lrt-004_segments_overlay.png,data/processed/previews/lrt-004_dsm_elevation.png,data/processed/previews/lrt-004_roof_mask.png,data/processed/previews/lrt-004_flux_heatmap.png,Gap Sedikit,True,1.0
LRT-005,Stasiun LRT Halim,mrt_lrt,Stasiun MRT & LRT,Jakarta Timur,13610.0,data/raw/osm/stations_jakarta.gpkg,-6.245851,106.887328,buildings/ChIJoacFIBjzaS4RUkrLRysO1PM,"https://www.google.com/maps/search/?api=1&query=-6.245887,106.887327",-6.2458871,106.8873272,4.02,VALID (< 30m),2025-08-16,BASE,1204.75,865.93,71.9,1421.62,84.7,15.3,216.86,338.83,555.69,12,4.2° – 18.7°,5.8,441,1650.63,400,176.4,284.95,232937.23,232.94,809.0,188.45,data/raw/solar/data_layers/dsm/lrt/lrt-005_dsm.tif,data/raw/solar/data_layers/rgb/lrt/lrt-005_rgb.tif,data/raw/solar/data_layers/mask/lrt/lrt-005_mask.tif,data/raw/solar/data_layers/annual_flux/lrt/lrt-005_annual_flux.tif,data/processed/previews/lrt-005_rgb.png,data/processed/previews/lrt-005_panels_overlay.png,data/processed/previews/lrt-005_segments_overlay.png,data/processed/previews/lrt-005_dsm_elevation.png,data/processed/previews/lrt-005_roof_mask.png,data/processed/previews/lrt-005_flux_heatmap.png,Gap Sedikit,True,1.0
LRT-006,Stasiun LRT Velodrome Jakarta,mrt_lrt,Stasiun MRT & LRT,Jakarta Timur,13220.0,data/raw/mrt_lrt/lrt_jkt_stations.geojson,-6.191892,106.891147,buildings/GhIJUu-MRavEGMARETBtjgW5WkA,"https://www.google.com/maps/search/?api=1&query=-6.191892,106.891147",-6.191891699999999,106.8911467,0.05,VALID (< 30m),2025-08-16,BASE,2727.41,2203.11,80.8,3141.57,86.8,13.2,414.16,524.3,938.46,11,2.4° – 14.7°,5.4,1122,1680.25,400,448.8,718.29,603277.21,603.28,809.0,488.05,data/raw/solar/data_layers/dsm/lrt/lrt-006_dsm.tif,data/raw/solar/data_layers/rgb/lrt/lrt-006_rgb.tif,data/raw/solar/data_layers/mask/lrt/lrt-006_mask.tif,data/raw/solar/data_layers/annual_flux/lrt/lrt-006_annual_flux.tif,data/processed/previews/lrt-006_rgb.png,data/processed/previews/lrt-006_panels_overlay.png,data/processed/previews/lrt-006_segments_overlay.png,data/processed/previews/lrt-006_dsm_elevation.png,data/processed/previews/lrt-006_roof_mask.png,data/processed/previews/lrt-006_flux_heatmap.png,Gap Sedikit,True,1.0
LRT-007,Stasiun LRT Pegangsaan Dua,mrt_lrt,Stasiun MRT & LRT,Jakarta Utara,14250.0,data/raw/mrt_lrt/lrt_jkt_stations.geojson,-6.157856,106.915232,buildings/ChIJXen8gcuKaS4Rk1VHz-hynnU,"https://www.google.com/maps/search/?api=1&query=-6.157856,106.915232",-6.1578561,106.9152316,0.05,VALID (< 30m),2025-07-05,BASE,1020.4,883.6,86.6,1072.6,95.1,4.9,52.2,136.81,189.01,4,10.6° – 13.6°,11.7,450,1702.05,400,180.0,297.38,245095.57,245.1,809.0,198.28,data/raw/solar/data_layers/dsm/lrt/lrt-007_dsm.tif,data/raw/solar/data_layers/rgb/lrt/lrt-007_rgb.tif,data/raw/solar/data_layers/mask/lrt/lrt-007_mask.tif,data/raw/solar/data_layers/annual_flux/lrt/lrt-007_annual_flux.tif,data/processed/previews/lrt-007_rgb.png,data/processed/previews/lrt-007_panels_overlay.png,data/processed/previews/lrt-007_segments_overlay.png,data/processed/previews/lrt-007_dsm_elevation.png,data/processed/previews/lrt-007_roof_mask.png,data/processed/previews/lrt-007_flux_heatmap.png,Gap Sedikit,True,1.0
TERM-001,Terminal Bus Tanjung Priok,terminal,Terminal Bus & Simpul Antarmoda,Jakarta Utara,14310.0,data/raw/osm/terminals_jakarta.geojson,-6.112102,106.880937,buildings/ChIJO-tS67gfai4RO3TrPsNqK-0,"https://www.google.com/maps/search/?api=1&query=-6.112102,106.880936",-6.112101699999999,106.8809365,0.06,VALID (< 30m),2025-07-26,BASE,977.78,632.26,64.7,1449.41,67.5,32.5,471.63,345.52,817.15,12,1.0° – 13.4°,3.0,322,1706.98,400,128.8,212.11,175887.57,175.89,809.0,142.29,data/raw/solar/data_layers/dsm/terminal/term-001_dsm.tif,data/raw/solar/data_layers/rgb/terminal/term-001_rgb.tif,data/raw/solar/data_layers/mask/terminal/term-001_mask.tif,data/raw/solar/data_layers/annual_flux/terminal/term-001_annual_flux.tif,data/processed/previews/term-001_rgb.png,data/processed/previews/term-001_panels_overlay.png,data/processed/previews/term-001_segments_overlay.png,data/processed/previews/term-001_dsm_elevation.png,data/processed/previews/term-001_roof_mask.png,data/processed/previews/term-001_flux_heatmap.png,Gap Besar,True,1.0
TERM-002,Terminal Terpadu Rawamangun,terminal,Terminal Bus & Simpul Antarmoda,Jakarta Timur,13220.0,OSM Node / BPTJ / Dishub DKI,-6.1963,106.8856,buildings/ChIJE77RH5X0aS4RElvb1jYkWqE,"https://www.google.com/maps/search/?api=1&query=-6.196285,106.885737",-6.1962852,106.8857372,15.26,VALID (< 30m),2025-08-16,BASE,1271.35,1050.5,82.6,1457.66,87.2,12.8,186.31,220.85,407.16,8,3.3° – 49.2°,22.8,535,1668.57,400,214.0,332.77,285659.44,285.66,809.0,231.1,data/raw/solar/data_layers/dsm/terminal/term-002_dsm.tif,data/raw/solar/data_layers/rgb/terminal/term-002_rgb.tif,data/raw/solar/data_layers/mask/terminal/term-002_mask.tif,data/raw/solar/data_layers/annual_flux/terminal/term-002_annual_flux.tif,data/processed/previews/term-002_rgb.png,data/processed/previews/term-002_panels_overlay.png,data/processed/previews/term-002_segments_overlay.png,data/processed/previews/term-002_dsm_elevation.png,data/processed/previews/term-002_roof_mask.png,data/processed/previews/term-002_flux_heatmap.png,Gap Sedikit,True,1.0
TERM-003,Terminal Kampung Rambutan,terminal,Terminal Bus & Simpul Antarmoda,Jakarta Timur,13830.0,OSM Way / Dishub DKI,-6.312118,106.885193,buildings/ChIJ1yUHfWntaS4RdiRuzpKnBY8,"https://www.google.com/maps/search/?api=1&query=-6.312118,106.885193",-6.3121177,106.8851928,0.04,VALID (< 30m),2023-08-08,BASE,1920.78,1423.58,74.1,1961.23,97.9,2.1,40.45,497.2,537.65,9,0.4° – 11.8°,1.8,725,1654.37,400,290.0,397.5,383814.72,383.81,809.0,310.51,data/raw/solar/data_layers/dsm/terminal/term-003_dsm.tif,data/raw/solar/data_layers/rgb/terminal/term-003_rgb.tif,data/raw/solar/data_layers/mask/terminal/term-003_mask.tif,data/raw/solar/data_layers/annual_flux/terminal/term-003_annual_flux.tif,data/processed/previews/term-003_rgb.png,data/processed/previews/term-003_panels_overlay.png,data/processed/previews/term-003_segments_overlay.png,data/processed/previews/term-003_dsm_elevation.png,data/processed/previews/term-003_roof_mask.png,data/processed/previews/term-003_flux_heatmap.png,Gap Sedikit,True,1.0
TERM-004,Terminal Kalideres,terminal,Terminal Bus & Simpul Antarmoda,Jakarta Barat,11840.0,OSM Way / Dishub DKI,-6.154446,106.705697,buildings/ChIJhXoHVhH4aS4RiahCOdczmKs,"https://www.google.com/maps/search/?api=1&query=-6.154455,106.705815",-6.1544553,106.7058146,13.04,VALID (< 30m),2024-09-19,BASE,157.27,102.1,64.9,166.81,94.3,5.7,9.54,55.16,64.7,5,1.5° – 5.2°,3.0,52,1703.56,400,20.8,35.1,28347.26,28.35,809.0,22.93,data/raw/solar/data_layers/dsm/terminal/term-004_dsm.tif,data/raw/solar/data_layers/rgb/terminal/term-004_rgb.tif,data/raw/solar/data_layers/mask/terminal/term-004_mask.tif,data/raw/solar/data_layers/annual_flux/terminal/term-004_annual_flux.tif,data/processed/previews/term-004_rgb.png,data/processed/previews/term-004_panels_overlay.png,data/processed/previews/term-004_segments_overlay.png,data/processed/previews/term-004_dsm_elevation.png,data/processed/previews/term-004_roof_mask.png,data/processed/previews/term-004_flux_heatmap.png,Gap Sedikit,True,1.0
TERM-005,Terminal Baranangsiang Bogor,terminal,Terminal Bus & Simpul Antarmoda,Kota Bogor,16143.0,OSM Node / BPTJ,-6.604245,106.806041,buildings/ChIJXeKe09zFaS4RwZFux_UMpjw,"https://www.google.com/maps/search/?api=1&query=-6.604239,106.806063",-6.6042389,106.8060629,2.51,VALID (< 30m),2024-02-22,BASE,227.47,145.3,63.9,333.26,68.3,31.7,105.78,82.17,187.95,2,3.5° – 15.9°,6.3,74,1569.38,400,29.6,43.7,37162.89,37.16,809.0,30.06,data/raw/solar/data_layers/dsm/terminal/term-005_dsm.tif,data/raw/solar/data_layers/rgb/terminal/term-005_rgb.tif,data/raw/solar/data_layers/mask/terminal/term-005_mask.tif,data/raw/solar/data_layers/annual_flux/terminal/term-005_annual_flux.tif,data/processed/previews/term-005_rgb.png,data/processed/previews/term-005_panels_overlay.png,data/processed/previews/term-005_segments_overlay.png,data/processed/previews/term-005_dsm_elevation.png,data/processed/previews/term-005_roof_mask.png,data/processed/previews/term-005_flux_heatmap.png,Gap Besar,True,1.0
TERM-006,Terminal Jatijajar Depok,terminal,Terminal Bus & Simpul Antarmoda,Kota Depok,16451.0,OSM Node / BPTJ,-6.426272,106.858721,buildings/ChIJiWm2VlHqaS4R6EhBwPH1aVU,"https://www.google.com/maps/search/?api=1&query=-6.426231,106.858677",-6.4262312,106.8586765,6.69,VALID (< 30m),2024-03-19,BASE,1727.15,1350.93,78.2,1952.29,88.5,11.5,225.14,376.22,601.37,10,0.1° – 39.8°,8.1,688,1668.38,400,275.2,437.33,367309.81,367.31,809.0,297.15,data/raw/solar/data_layers/dsm/terminal/term-006_dsm.tif,data/raw/solar/data_layers/rgb/terminal/term-006_rgb.tif,data/raw/solar/data_layers/mask/terminal/term-006_mask.tif,data/raw/solar/data_layers/annual_flux/terminal/term-006_annual_flux.tif,data/processed/previews/term-006_rgb.png,data/processed/previews/term-006_panels_overlay.png,data/processed/previews/term-006_segments_overlay.png,data/processed/previews/term-006_dsm_elevation.png,data/processed/previews/term-006_roof_mask.png,data/processed/previews/term-006_flux_heatmap.png,Gap Sedikit,True,1.0
TERM-007,Terminal Poris Plawad Tangerang,terminal,Terminal Bus & Simpul Antarmoda,Kota Tangerang,15141.0,OSM Node / Dishub Kota Tangerang,-6.173007,106.664461,buildings/ChIJa1D2zPr4aS4RF9MiKka-Kl0,"https://www.google.com/maps/search/?api=1&query=-6.173151,106.664517",-6.1731509,106.66451680000002,17.15,VALID (< 30m),2025-07-26,BASE,861.25,634.23,73.6,985.73,87.4,12.6,124.48,227.03,351.5,9,4.0° – 29.2°,20.9,323,1646.22,400,129.2,195.67,170153.27,170.15,809.0,137.65,data/raw/solar/data_layers/dsm/terminal/term-007_dsm.tif,data/raw/solar/data_layers/rgb/terminal/term-007_rgb.tif,data/raw/solar/data_layers/mask/terminal/term-007_mask.tif,data/raw/solar/data_layers/annual_flux/terminal/term-007_annual_flux.tif,data/processed/previews/term-007_rgb.png,data/processed/previews/term-007_panels_overlay.png,data/processed/previews/term-007_segments_overlay.png,data/processed/previews/term-007_dsm_elevation.png,data/processed/previews/term-007_roof_mask.png,data/processed/previews/term-007_flux_heatmap.png,Gap Sedikit,True,1.0
TERM-008,Terminal Induk Kota Bekasi,terminal,Terminal Bus & Simpul Antarmoda,Kota Bekasi,17111.0,OSM Way / Dishub Kota Bekasi,-6.249067,107.014729,buildings/ChIJG8Vn44aOaS4RvzdlDe--ERU,"https://www.google.com/maps/search/?api=1&query=-6.249067,107.014729",-6.2490671,107.0147287,0.03,VALID (< 30m),2025-09-13,BASE,271.25,190.46,70.2,351.4,77.2,22.8,80.14,80.79,160.93,2,5.9° – 17.6°,8.2,97,1657.09,400,38.8,61.98,51436.0,51.44,809.0,41.61,data/raw/solar/data_layers/dsm/terminal/term-008_dsm.tif,data/raw/solar/data_layers/rgb/terminal/term-008_rgb.tif,data/raw/solar/data_layers/mask/terminal/term-008_mask.tif,data/raw/solar/data_layers/annual_flux/terminal/term-008_annual_flux.tif,data/processed/previews/term-008_rgb.png,data/processed/previews/term-008_panels_overlay.png,data/processed/previews/term-008_segments_overlay.png,data/processed/previews/term-008_dsm_elevation.png,data/processed/previews/term-008_roof_mask.png,data/processed/previews/term-008_flux_heatmap.png,Gap Sedang,True,1.0
AIR-001,Bandara Soekarno-Hatta (Terminal 3),airport,Fasilitas Penunjang Bandara,Kota Tangerang,15126.0,data/raw/osm/airports_jakarta.geojson,-6.11993,106.662502,buildings/ChIJ-U7OnkICai4RhMxzhhHDMaA,"https://www.google.com/maps/search/?api=1&query=-6.119930,106.662502",-6.1199302,106.662502,0.02,VALID (< 30m),2025-07-26,BASE,1985.89,1596.37,80.4,3053.39,65.0,35.0,1067.5,389.52,1457.02,2,3.9° – 7.7°,6.0,813,1705.36,400,325.2,528.14,443667.03,443.67,809.0,358.93,data/raw/solar/data_layers/dsm/airport/air-001_dsm.tif,data/raw/solar/data_layers/rgb/airport/air-001_rgb.tif,data/raw/solar/data_layers/mask/airport/air-001_mask.tif,data/raw/solar/data_layers/annual_flux/airport/air-001_annual_flux.tif,data/processed/previews/air-001_rgb.png,data/processed/previews/air-001_panels_overlay.png,data/processed/previews/air-001_segments_overlay.png,data/processed/previews/air-001_dsm_elevation.png,data/processed/previews/air-001_roof_mask.png,data/processed/previews/air-001_flux_heatmap.png,Gap Besar,True,1.0
AIR-002,Bandara Soekarno-Hatta (Terminal 2),airport,Fasilitas Penunjang Bandara,Kota Tangerang,15126.0,OSM Aeroway / PT Angkasa Pura II,-6.127129,106.652921,buildings/ChIJZdFMNBMCai4RacOSuHP5HJw,"https://www.google.com/maps/search/?api=1&query=-6.127129,106.652921",-6.1271287,106.6529208,0.04,VALID (< 30m),2025-07-26,BASE,2662.51,1932.14,72.6,2863.95,93.0,7.0,201.44,730.37,931.81,33,2.3° – 24.3°,13.2,984,1720.99,400,393.6,646.82,541905.84,541.91,809.0,438.4,data/raw/solar/data_layers/dsm/airport/air-002_dsm.tif,data/raw/solar/data_layers/rgb/airport/air-002_rgb.tif,data/raw/solar/data_layers/mask/airport/air-002_mask.tif,data/raw/solar/data_layers/annual_flux/airport/air-002_annual_flux.tif,data/processed/previews/air-002_rgb.png,data/processed/previews/air-002_panels_overlay.png,data/processed/previews/air-002_segments_overlay.png,data/processed/previews/air-002_dsm_elevation.png,data/processed/previews/air-002_roof_mask.png,data/processed/previews/air-002_flux_heatmap.png,Gap Sedikit,True,1.0
AIR-003,Bandara Soekarno-Hatta (Terminal 1),airport,Fasilitas Penunjang Bandara,Kota Tangerang,15126.0,OSM Aeroway / PT Angkasa Pura II,-6.130116,106.656915,buildings/GhIJBUExdz2FGMARdKj12QuqWkA,"https://www.google.com/maps/search/?api=1&query=-6.130116,106.656915",-6.1301158,106.6569151,0.02,VALID (< 30m),2025-07-26,BASE,1225.22,1038.72,84.8,1336.56,91.7,8.3,111.34,186.5,297.84,1,1.0° – 1.0°,1.0,529,1701.18,400,211.6,334.44,287976.19,287.98,809.0,232.97,data/raw/solar/data_layers/dsm/airport/air-003_dsm.tif,data/raw/solar/data_layers/rgb/airport/air-003_rgb.tif,data/raw/solar/data_layers/mask/airport/air-003_mask.tif,data/raw/solar/data_layers/annual_flux/airport/air-003_annual_flux.tif,data/processed/previews/air-003_rgb.png,data/processed/previews/air-003_panels_overlay.png,data/processed/previews/air-003_segments_overlay.png,data/processed/previews/air-003_dsm_elevation.png,data/processed/previews/air-003_roof_mask.png,data/processed/previews/air-003_flux_heatmap.png,Gap Sedikit,True,1.0
AIR-004,Bandara Halim Perdanakusuma,airport,Fasilitas Penunjang Bandara,Jakarta Timur,13610.0,OSM Aeroway / PT Angkasa Pura II,-6.26095,106.897272,buildings/ChIJs1lg0tvyaS4RoH7IAMwXVSc,"https://www.google.com/maps/search/?api=1&query=-6.260950,106.897272",-6.2609504,106.8972723,0.06,VALID (< 30m),2025-08-16,BASE,4596.99,4286.44,93.2,7859.17,58.5,41.5,3262.18,310.55,3572.73,1,2.7° – 2.7°,2.7,2183,1651.26,400,873.2,1304.75,1153501.88,1153.5,809.0,933.18,data/raw/solar/data_layers/dsm/airport/air-004_dsm.tif,data/raw/solar/data_layers/rgb/airport/air-004_rgb.tif,data/raw/solar/data_layers/mask/airport/air-004_mask.tif,data/raw/solar/data_layers/annual_flux/airport/air-004_annual_flux.tif,data/processed/previews/air-004_rgb.png,data/processed/previews/air-004_panels_overlay.png,data/processed/previews/air-004_segments_overlay.png,data/processed/previews/air-004_dsm_elevation.png,data/processed/previews/air-004_roof_mask.png,data/processed/previews/air-004_flux_heatmap.png,Gap Besar,True,1.0
PKG-001,Gedung Parkir Binus University,parking,Gedung & Area Parkir (MSCP),Jakarta Barat,11530.0,data/raw/osm/parking_jakarta.gpkg,-6.202025,106.780171,buildings/ChIJ-ZqV8tz2aS4R66vud36uOOg,"https://www.google.com/maps/search/?api=1&query=-6.202051,106.780141",-6.202051,106.7801414,4.37,VALID (< 30m),2024-10-26,BASE,1805.56,1413.76,78.3,2043.89,88.3,11.7,238.33,391.8,630.13,11,0.2° – 10.6°,2.7,720,1628.42,400,288.0,450.89,375187.25,375.19,809.0,303.53,data/raw/solar/data_layers/dsm/parking/pkg-001_dsm.tif,data/raw/solar/data_layers/rgb/parking/pkg-001_rgb.tif,data/raw/solar/data_layers/mask/parking/pkg-001_mask.tif,data/raw/solar/data_layers/annual_flux/parking/pkg-001_annual_flux.tif,data/processed/previews/pkg-001_rgb.png,data/processed/previews/pkg-001_panels_overlay.png,data/processed/previews/pkg-001_segments_overlay.png,data/processed/previews/pkg-001_dsm_elevation.png,data/processed/previews/pkg-001_roof_mask.png,data/processed/previews/pkg-001_flux_heatmap.png,Gap Sedikit,True,1.0
PKG-002,Lippo Mall Puri 1 Multilevel Parking,parking,Gedung & Area Parkir (MSCP),Jakarta Barat,11610.0,data/raw/osm/parking_jakarta.gpkg,-6.190303,106.739152,buildings/ChIJP5TI02_3aS4RMDetB10Lwo8,"https://www.google.com/maps/search/?api=1&query=-6.190303,106.739152",-6.190303,106.7391522,0.02,VALID (< 30m),2024-09-19,BASE,9061.94,7163.05,79.0,15749.14,57.5,42.5,6687.2,1898.89,8586.09,21,0.2° – 79.0°,18.3,3648,1677.98,400,1459.2,2101.57,1958804.16,1958.8,809.0,1584.67,data/raw/solar/data_layers/dsm/parking/pkg-002_dsm.tif,data/raw/solar/data_layers/rgb/parking/pkg-002_rgb.tif,data/raw/solar/data_layers/mask/parking/pkg-002_mask.tif,data/raw/solar/data_layers/annual_flux/parking/pkg-002_annual_flux.tif,data/processed/previews/pkg-002_rgb.png,data/processed/previews/pkg-002_panels_overlay.png,data/processed/previews/pkg-002_segments_overlay.png,data/processed/previews/pkg-002_dsm_elevation.png,data/processed/previews/pkg-002_roof_mask.png,data/processed/previews/pkg-002_flux_heatmap.png,Gap Besar,True,1.0
PKG-003,Gedung Parkir Sarinah,parking,Gedung & Area Parkir (MSCP),Jakarta Pusat,10350.0,data/raw/osm/parking_jakarta.gpkg,-6.188265,106.824655,buildings/GhIJWgZ8BOjAGMARADiSEca0WkA,"https://www.google.com/maps/search/?api=1&query=-6.188297,106.824649",-6.1882972,106.8246489,3.64,VALID (< 30m),2025-08-16,BASE,1050.01,816.84,77.8,1296.48,81.0,19.0,246.47,233.17,479.64,6,2.4° – 22.5°,9.2,416,1645.3,400,166.4,259.76,219022.2,219.02,809.0,177.19,data/raw/solar/data_layers/dsm/parking/pkg-003_dsm.tif,data/raw/solar/data_layers/rgb/parking/pkg-003_rgb.tif,data/raw/solar/data_layers/mask/parking/pkg-003_mask.tif,data/raw/solar/data_layers/annual_flux/parking/pkg-003_annual_flux.tif,data/processed/previews/pkg-003_rgb.png,data/processed/previews/pkg-003_panels_overlay.png,data/processed/previews/pkg-003_segments_overlay.png,data/processed/previews/pkg-003_dsm_elevation.png,data/processed/previews/pkg-003_roof_mask.png,data/processed/previews/pkg-003_flux_heatmap.png,Gap Sedikit,True,1.0
PKG-004,Gedung Parkir Central Park Mall,parking,Gedung & Area Parkir (MSCP),Jakarta Barat,11440.0,data/raw/osm/parking_jakarta.gpkg,-6.174033,106.791709,buildings/ChIJP2wEXF72aS4RqEaAIyG5Uc4,"https://www.google.com/maps/search/?api=1&query=-6.174033,106.791709",-6.1740327,106.7917094,0.06,VALID (< 30m),2025-07-26,BASE,605.16,473.22,78.2,605.16,100.0,0.0,0.0,131.94,131.94,3,29.3° – 35.6°,30.4,241,1624.45,400,96.4,137.31,125277.66,125.28,809.0,101.35,data/raw/solar/data_layers/dsm/parking/pkg-004_dsm.tif,data/raw/solar/data_layers/rgb/parking/pkg-004_rgb.tif,data/raw/solar/data_layers/mask/parking/pkg-004_mask.tif,data/raw/solar/data_layers/annual_flux/parking/pkg-004_annual_flux.tif,data/processed/previews/pkg-004_rgb.png,data/processed/previews/pkg-004_panels_overlay.png,data/processed/previews/pkg-004_segments_overlay.png,data/processed/previews/pkg-004_dsm_elevation.png,data/processed/previews/pkg-004_roof_mask.png,data/processed/previews/pkg-004_flux_heatmap.png,Gap Sedikit,True,1.0
PKG-005,Gedung Parkir Kejaksaan Agung,parking,Gedung & Area Parkir (MSCP),Jakarta Selatan,12130.0,data/raw/osm/parking_jakarta.gpkg,-6.240563,106.796498,buildings/ChIJUZfG72rxaS4Rf26MYMPY5FU,"https://www.google.com/maps/search/?api=1&query=-6.240582,106.796453",-6.2405821,106.796453,5.41,VALID (< 30m),2025-08-16,BASE,3169.9,2560.48,80.8,3448.48,91.9,8.1,278.59,609.42,888.01,9,6.5° – 77.4°,10.9,1304,1640.73,400,521.6,796.17,684642.69,684.64,809.0,553.88,data/raw/solar/data_layers/dsm/parking/pkg-005_dsm.tif,data/raw/solar/data_layers/rgb/parking/pkg-005_rgb.tif,data/raw/solar/data_layers/mask/parking/pkg-005_mask.tif,data/raw/solar/data_layers/annual_flux/parking/pkg-005_annual_flux.tif,data/processed/previews/pkg-005_rgb.png,data/processed/previews/pkg-005_panels_overlay.png,data/processed/previews/pkg-005_segments_overlay.png,data/processed/previews/pkg-005_dsm_elevation.png,data/processed/previews/pkg-005_roof_mask.png,data/processed/previews/pkg-005_flux_heatmap.png,Gap Sedikit,True,1.0
PKG-006,Gedung Parkir DIPO Tower,parking,Gedung & Area Parkir (MSCP),Jakarta Barat,10260.0,data/raw/osm/parking_jakarta.gpkg,-6.202536,106.800984,buildings/ChIJq4IT-Lv2aS4REVIInQ9KD9Y,"https://www.google.com/maps/search/?api=1&query=-6.202536,106.800984",-6.2025357,106.800984,0.03,VALID (< 30m),2025-08-16,BASE,2298.52,1584.59,68.9,2638.32,87.1,12.9,339.8,713.93,1053.73,26,1.6° – 42.8°,9.7,807,1608.05,400,322.8,464.13,415262.73,415.26,809.0,335.95,data/raw/solar/data_layers/dsm/parking/pkg-006_dsm.tif,data/raw/solar/data_layers/rgb/parking/pkg-006_rgb.tif,data/raw/solar/data_layers/mask/parking/pkg-006_mask.tif,data/raw/solar/data_layers/annual_flux/parking/pkg-006_annual_flux.tif,data/processed/previews/pkg-006_rgb.png,data/processed/previews/pkg-006_panels_overlay.png,data/processed/previews/pkg-006_segments_overlay.png,data/processed/previews/pkg-006_dsm_elevation.png,data/processed/previews/pkg-006_roof_mask.png,data/processed/previews/pkg-006_flux_heatmap.png,Gap Sedikit,True,1.0
PKG-007,Gedung Parkir Epicentrum Walk,parking,Gedung & Area Parkir (MSCP),Jakarta Selatan,12940.0,data/raw/osm/parking_jakarta.gpkg,-6.217873,106.835464,buildings/ChIJNWMYbfbzaS4RSCv5EAYlNJo,"https://www.google.com/maps/search/?api=1&query=-6.217850,106.835061",-6.2178502,106.8350613,44.59,REVIEW (> 30m),2025-08-16,BASE,373.64,282.75,75.7,515.35,72.5,27.5,141.71,90.89,232.6,3,3.9° – 22.0°,13.6,144,1546.54,400,57.6,83.66,71264.39,71.26,809.0,57.65,data/raw/solar/data_layers/dsm/parking/pkg-007_dsm.tif,data/raw/solar/data_layers/rgb/parking/pkg-007_rgb.tif,data/raw/solar/data_layers/mask/parking/pkg-007_mask.tif,data/raw/solar/data_layers/annual_flux/parking/pkg-007_annual_flux.tif,data/processed/previews/pkg-007_rgb.png,data/processed/previews/pkg-007_panels_overlay.png,data/processed/previews/pkg-007_segments_overlay.png,data/processed/previews/pkg-007_dsm_elevation.png,data/processed/previews/pkg-007_roof_mask.png,data/processed/previews/pkg-007_flux_heatmap.png,Gap Sedang,True,1.0
PKG-008,Gedung Parkir Mega Mall Pluit,parking,Gedung & Area Parkir (MSCP),Jakarta Utara,14450.0,data/raw/osm/parking_jakarta.gpkg,-6.11552,106.786193,buildings/ChIJmUmYkL0dai4RWrYOM7Yu7ys,"https://www.google.com/maps/search/?api=1&query=-6.115520,106.786193",-6.11552,106.7861929,0.01,VALID (< 30m),2025-07-26,BASE,656.59,479.11,73.0,712.78,92.1,7.9,56.19,177.48,233.67,8,2.4° – 12.4°,5.3,244,1699.19,400,97.6,158.15,132672.98,132.67,809.0,107.33,data/raw/solar/data_layers/dsm/parking/pkg-008_dsm.tif,data/raw/solar/data_layers/rgb/parking/pkg-008_rgb.tif,data/raw/solar/data_layers/mask/parking/pkg-008_mask.tif,data/raw/solar/data_layers/annual_flux/parking/pkg-008_annual_flux.tif,data/processed/previews/pkg-008_rgb.png,data/processed/previews/pkg-008_panels_overlay.png,data/processed/previews/pkg-008_segments_overlay.png,data/processed/previews/pkg-008_dsm_elevation.png,data/processed/previews/pkg-008_roof_mask.png,data/processed/previews/pkg-008_flux_heatmap.png,Gap Sedikit,True,1.0
MALL-001,Pondok Indah Mall 1,mall,Pusat Perbelanjaan / Mall,Jakarta Selatan,12310.0,data/raw/osm/commercial_jakarta.geojson,-6.265332,106.784584,buildings/ChIJnR66SqTxaS4Rb_d9QN6tw0Y,"https://www.google.com/maps/search/?api=1&query=-6.265363,106.784537",-6.2653632,106.7845368,6.27,VALID (< 30m),2025-08-16,BASE,15415.01,10667.99,69.2,20001.64,77.1,22.9,4586.63,4747.02,9333.65,101,0.3° – 74.7°,3.9,5433,1645.38,400,2173.2,3454.11,2860585.07,2860.59,809.0,2314.21,data/raw/solar/data_layers/dsm/mall/mall-001_dsm.tif,data/raw/solar/data_layers/rgb/mall/mall-001_rgb.tif,data/raw/solar/data_layers/mask/mall/mall-001_mask.tif,data/raw/solar/data_layers/annual_flux/mall/mall-001_annual_flux.tif,data/processed/previews/mall-001_rgb.png,data/processed/previews/mall-001_panels_overlay.png,data/processed/previews/mall-001_segments_overlay.png,data/processed/previews/mall-001_dsm_elevation.png,data/processed/previews/mall-001_roof_mask.png,data/processed/previews/mall-001_flux_heatmap.png,Gap Sedang,True,1.0
MALL-002,Grand Indonesia Shopping Town,mall,Pusat Perbelanjaan / Mall,Jakarta Pusat,10230.0,OSM Way / Djarum Group,-6.195288,106.820549,buildings/ChIJffUqtSH0aS4RBNnwMMXpGx8,"https://www.google.com/maps/search/?api=1&query=-6.195288,106.820549",-6.195287899999999,106.8205486,0.05,VALID (< 30m),2025-08-16,BASE,22581.19,18280.69,81.0,32060.58,70.4,29.6,9479.39,4300.49,13779.88,40,1.8° – 66.8°,13.7,9310,1643.51,400,3724.0,5458.78,4896349.16,4896.35,809.0,3961.14,data/raw/solar/data_layers/dsm/mall/mall-002_dsm.tif,data/raw/solar/data_layers/rgb/mall/mall-002_rgb.tif,data/raw/solar/data_layers/mask/mall/mall-002_mask.tif,data/raw/solar/data_layers/annual_flux/mall/mall-002_annual_flux.tif,data/processed/previews/mall-002_rgb.png,data/processed/previews/mall-002_panels_overlay.png,data/processed/previews/mall-002_segments_overlay.png,data/processed/previews/mall-002_dsm_elevation.png,data/processed/previews/mall-002_roof_mask.png,data/processed/previews/mall-002_flux_heatmap.png,Gap Sedang,True,1.0
MALL-003,Senayan City,mall,Pusat Perbelanjaan / Mall,Jakarta Pusat,10270.0,OSM Way / Agung Podomoro Land,-6.22734,106.797246,buildings/ChIJwft7XEjxaS4RLITSrHsUBiY,"https://www.google.com/maps/search/?api=1&query=-6.227428,106.796974",-6.2274281,106.7969739,31.63,REVIEW (> 30m),2025-08-16,BASE,9921.27,7730.52,77.9,13235.28,75.0,25.0,3314.01,2190.76,5504.77,39,0.7° – 73.9°,11.8,3937,1628.57,400,1574.8,2301.5,2051742.04,2051.74,809.0,1659.86,data/raw/solar/data_layers/dsm/mall/mall-003_dsm.tif,data/raw/solar/data_layers/rgb/mall/mall-003_rgb.tif,data/raw/solar/data_layers/mask/mall/mall-003_mask.tif,data/raw/solar/data_layers/annual_flux/mall/mall-003_annual_flux.tif,data/processed/previews/mall-003_rgb.png,data/processed/previews/mall-003_panels_overlay.png,data/processed/previews/mall-003_segments_overlay.png,data/processed/previews/mall-003_dsm_elevation.png,data/processed/previews/mall-003_roof_mask.png,data/processed/previews/mall-003_flux_heatmap.png,Gap Sedang,True,1.0
MALL-004,Summarecon Mall Kelapa Gading,mall,Pusat Perbelanjaan / Mall,Jakarta Utara,14240.0,OSM Way / Summarecon Agung,-6.157399,106.908366,buildings/ChIJ2cq63jP1aS4RXnDZ3SOS34s,"https://www.google.com/maps/search/?api=1&query=-6.157354,106.908668",-6.157353500000001,106.9086678,33.75,REVIEW (> 30m),2025-07-05,BASE,38420.69,28147.56,73.3,52286.64,73.5,26.5,13865.95,10273.13,24139.08,156,0.3° – 29.6°,4.4,14335,1712.95,400,5734.0,9500.16,7857638.28,7857.64,809.0,6356.82,data/raw/solar/data_layers/dsm/mall/mall-004_dsm.tif,data/raw/solar/data_layers/rgb/mall/mall-004_rgb.tif,data/raw/solar/data_layers/mask/mall/mall-004_mask.tif,data/raw/solar/data_layers/annual_flux/mall/mall-004_annual_flux.tif,data/processed/previews/mall-004_rgb.png,data/processed/previews/mall-004_panels_overlay.png,data/processed/previews/mall-004_segments_overlay.png,data/processed/previews/mall-004_dsm_elevation.png,data/processed/previews/mall-004_roof_mask.png,data/processed/previews/mall-004_flux_heatmap.png,Gap Sedang,True,1.0
MALL-005,Central Park Mall,mall,Pusat Perbelanjaan / Mall,Jakarta Barat,11470.0,OSM Way / Agung Podomoro Land,-6.17762,106.790668,buildings/ChIJheWvnV_2aS4RDKa1R0Kqyqs,"https://www.google.com/maps/search/?api=1&query=-6.177620,106.790668",-6.1776204,106.790668,0.04,VALID (< 30m),2025-07-26,BASE,18170.18,14438.02,79.5,31411.83,57.8,42.2,13241.65,3732.16,16973.81,29,0.3° – 78.9°,17.0,7353,1600.36,400,2941.2,4132.38,3765578.83,3765.58,809.0,3046.35,data/raw/solar/data_layers/dsm/mall/mall-005_dsm.tif,data/raw/solar/data_layers/rgb/mall/mall-005_rgb.tif,data/raw/solar/data_layers/mask/mall/mall-005_mask.tif,data/raw/solar/data_layers/annual_flux/mall/mall-005_annual_flux.tif,data/processed/previews/mall-005_rgb.png,data/processed/previews/mall-005_panels_overlay.png,data/processed/previews/mall-005_segments_overlay.png,data/processed/previews/mall-005_dsm_elevation.png,data/processed/previews/mall-005_roof_mask.png,data/processed/previews/mall-005_flux_heatmap.png,Gap Besar,True,1.0
MALL-006,Kota Kasablanka,mall,Pusat Perbelanjaan / Mall,Jakarta Selatan,12960.0,OSM Way / Pakuwon Jati,-6.223255,106.842697,buildings/ChIJfe9lx4zzaS4R_cvVw7vu0hw,"https://www.google.com/maps/search/?api=1&query=-6.223209,106.842496",-6.223209499999999,106.8424959,22.8,VALID (< 30m),2025-08-16,BASE,934.4,795.24,85.1,997.57,93.7,6.3,63.17,139.16,202.33,3,8.6° – 12.6°,8.9,405,1548.76,400,162.0,241.89,200718.84,200.72,809.0,162.38,data/raw/solar/data_layers/dsm/mall/mall-006_dsm.tif,data/raw/solar/data_layers/rgb/mall/mall-006_rgb.tif,data/raw/solar/data_layers/mask/mall/mall-006_mask.tif,data/raw/solar/data_layers/annual_flux/mall/mall-006_annual_flux.tif,data/processed/previews/mall-006_rgb.png,data/processed/previews/mall-006_panels_overlay.png,data/processed/previews/mall-006_segments_overlay.png,data/processed/previews/mall-006_dsm_elevation.png,data/processed/previews/mall-006_roof_mask.png,data/processed/previews/mall-006_flux_heatmap.png,Gap Sedikit,True,1.0
MALL-007,Summarecon Mall Serpong,mall,Pusat Perbelanjaan / Mall,Kab. Tangerang,15810.0,OSM Way / Summarecon Agung,-6.240672,106.628575,buildings/ChIJvf3hiQr8aS4RX-dJStWr8As,"https://www.google.com/maps/search/?api=1&query=-6.240579,106.628319",-6.2405791,106.6283194,30.08,REVIEW (> 30m),2025-07-26,BASE,28145.26,21129.81,75.1,39477.83,71.3,28.7,11332.57,7015.44,18348.02,94,1.0° – 24.0°,6.0,10761,1633.25,400,4304.4,6788.8,5624114.23,5624.11,809.0,4549.9,data/raw/solar/data_layers/dsm/mall/mall-007_dsm.tif,data/raw/solar/data_layers/rgb/mall/mall-007_rgb.tif,data/raw/solar/data_layers/mask/mall/mall-007_mask.tif,data/raw/solar/data_layers/annual_flux/mall/mall-007_annual_flux.tif,data/processed/previews/mall-007_rgb.png,data/processed/previews/mall-007_panels_overlay.png,data/processed/previews/mall-007_segments_overlay.png,data/processed/previews/mall-007_dsm_elevation.png,data/processed/previews/mall-007_roof_mask.png,data/processed/previews/mall-007_flux_heatmap.png,Gap Sedang,True,1.0
MALL-008,Gandaria City Mall,mall,Pusat Perbelanjaan / Mall,Jakarta Selatan,12240.0,OSM Way / Pakuwon Jati,-6.244332,106.783551,buildings/ChIJ7RT9SRfxaS4Rd-vaEgpxJ9c,"https://www.google.com/maps/search/?api=1&query=-6.244332,106.783551",-6.2443323,106.7835511,0.04,VALID (< 30m),2025-08-16,BASE,17218.87,14194.54,82.4,25382.19,67.8,32.2,8163.32,3024.33,11187.65,30,1.3° – 78.6°,9.9,7229,1632.76,400,2891.6,4238.21,3777034.99,3777.03,809.0,3055.62,data/raw/solar/data_layers/dsm/mall/mall-008_dsm.tif,data/raw/solar/data_layers/rgb/mall/mall-008_rgb.tif,data/raw/solar/data_layers/mask/mall/mall-008_mask.tif,data/raw/solar/data_layers/annual_flux/mall/mall-008_annual_flux.tif,data/processed/previews/mall-008_rgb.png,data/processed/previews/mall-008_panels_overlay.png,data/processed/previews/mall-008_segments_overlay.png,data/processed/previews/mall-008_dsm_elevation.png,data/processed/previews/mall-008_roof_mask.png,data/processed/previews/mall-008_flux_heatmap.png,Gap Besar,True,1.0
RS-007,RSUD Tarakan Jakarta,hospital,Rumah Sakit & Fasilitas Medis,Jakarta Pusat,10150.0,data/raw/osm/hospitals_jakarta.gpkg,-6.17155,106.81025,buildings/ChIJ2Xm5Cnz2aS4RbXwtb-MNEeM,"https://www.google.com/maps/search/?api=1&query=-6.171636,106.810223",-6.1716364,106.8102227,10.07,VALID (< 30m),2025-07-26,BASE,1124.94,779.53,69.3,1588.11,70.8,29.2,463.17,345.41,808.58,14,3.4° – 27.7°,9.4,397,1634.33,400,158.8,245.68,207625.09,207.63,809.0,167.97,data/raw/solar/data_layers/dsm/hospital/rs-007_dsm.tif,data/raw/solar/data_layers/rgb/hospital/rs-007_rgb.tif,data/raw/solar/data_layers/mask/hospital/rs-007_mask.tif,data/raw/solar/data_layers/annual_flux/hospital/rs-007_annual_flux.tif,data/processed/previews/rs-007_rgb.png,data/processed/previews/rs-007_panels_overlay.png,data/processed/previews/rs-007_segments_overlay.png,data/processed/previews/rs-007_dsm_elevation.png,data/processed/previews/rs-007_roof_mask.png,data/processed/previews/rs-007_flux_heatmap.png,Gap Sedang,True,1.0
RS-001,RSUPN Dr. Cipto Mangunkusumo,hospital,Rumah Sakit & Fasilitas Medis,Jakarta Pusat,10430.0,data/raw/osm/hospitals_jakarta.gpkg,-6.197071,106.847492,buildings/ChIJ6Rst9Gn0aS4RPeqEL93CrkQ,"https://www.google.com/maps/search/?api=1&query=-6.197071,106.847492",-6.1970708,106.8474924,0.05,VALID (< 30m),2025-08-16,BASE,4509.99,3365.53,74.6,6222.47,72.5,27.5,1712.48,1144.46,2856.94,44,2.5° – 48.8°,20.7,1714,1635.29,400,685.6,1042.95,896925.01,896.93,809.0,725.61,data/raw/solar/data_layers/dsm/hospital/rs-001_dsm.tif,data/raw/solar/data_layers/rgb/hospital/rs-001_rgb.tif,data/raw/solar/data_layers/mask/hospital/rs-001_mask.tif,data/raw/solar/data_layers/annual_flux/hospital/rs-001_annual_flux.tif,data/processed/previews/rs-001_rgb.png,data/processed/previews/rs-001_panels_overlay.png,data/processed/previews/rs-001_segments_overlay.png,data/processed/previews/rs-001_dsm_elevation.png,data/processed/previews/rs-001_roof_mask.png,data/processed/previews/rs-001_flux_heatmap.png,Gap Sedang,True,1.0
RS-002,RSAB Harapan Kita,hospital,Rumah Sakit & Fasilitas Medis,Jakarta Barat,11420.0,data/raw/osm/hospitals_jakarta.gpkg,-6.184767,106.798546,buildings/ChIJoSQhTIz2aS4RuRNcZzEL34s,"https://www.google.com/maps/search/?api=1&query=-6.184767,106.798546",-6.184766799999999,106.7985459,0.02,VALID (< 30m),2025-08-16,BASE,13245.14,9476.12,71.5,16751.03,79.1,20.9,3505.89,3769.02,7274.91,91,0.5° – 28.7°,12.5,4826,1646.43,400,1930.4,3004.6,2542621.11,2542.62,809.0,2056.98,data/raw/solar/data_layers/dsm/hospital/rs-002_dsm.tif,data/raw/solar/data_layers/rgb/hospital/rs-002_rgb.tif,data/raw/solar/data_layers/mask/hospital/rs-002_mask.tif,data/raw/solar/data_layers/annual_flux/hospital/rs-002_annual_flux.tif,data/processed/previews/rs-002_rgb.png,data/processed/previews/rs-002_panels_overlay.png,data/processed/previews/rs-002_segments_overlay.png,data/processed/previews/rs-002_dsm_elevation.png,data/processed/previews/rs-002_roof_mask.png,data/processed/previews/rs-002_flux_heatmap.png,Gap Sedang,True,1.0
RS-003,RSUP Fatmawati,hospital,Rumah Sakit & Fasilitas Medis,Jakarta Selatan,12430.0,data/raw/osm/hospitals_jakarta.gpkg,-6.295996,106.796709,buildings/ChIJVdWk3eDxaS4RmHCGhLRIvMg,"https://www.google.com/maps/search/?api=1&query=-6.295996,106.796709",-6.2959961,106.7967086,0.05,VALID (< 30m),2025-08-16,BASE,3868.47,2919.81,75.5,4717.86,82.0,18.0,849.39,948.66,1798.06,31,0.5° – 31.2°,7.5,1487,1642.12,400,594.8,925.83,781386.57,781.39,809.0,632.14,data/raw/solar/data_layers/dsm/hospital/rs-003_dsm.tif,data/raw/solar/data_layers/rgb/hospital/rs-003_rgb.tif,data/raw/solar/data_layers/mask/hospital/rs-003_mask.tif,data/raw/solar/data_layers/annual_flux/hospital/rs-003_annual_flux.tif,data/processed/previews/rs-003_rgb.png,data/processed/previews/rs-003_panels_overlay.png,data/processed/previews/rs-003_segments_overlay.png,data/processed/previews/rs-003_dsm_elevation.png,data/processed/previews/rs-003_roof_mask.png,data/processed/previews/rs-003_flux_heatmap.png,Gap Sedikit,True,1.0
RS-004,RSUD Pasar Minggu,hospital,Rumah Sakit & Fasilitas Medis,Jakarta Selatan,12550.0,data/raw/osm/hospitals_jakarta.gpkg,-6.294071,106.81988,buildings/ChIJbSfBhwHyaS4RNdVrLyuhXe8,"https://www.google.com/maps/search/?api=1&query=-6.294185,106.819975",-6.294184899999999,106.8199749,16.44,VALID (< 30m),2025-08-16,BASE,3455.47,2694.0,78.0,4686.59,73.7,26.3,1231.12,761.47,1992.6,18,0.7° – 22.1°,5.3,1372,1647.77,400,548.8,801.22,723437.69,723.44,809.0,585.26,data/raw/solar/data_layers/dsm/hospital/rs-004_dsm.tif,data/raw/solar/data_layers/rgb/hospital/rs-004_rgb.tif,data/raw/solar/data_layers/mask/hospital/rs-004_mask.tif,data/raw/solar/data_layers/annual_flux/hospital/rs-004_annual_flux.tif,data/processed/previews/rs-004_rgb.png,data/processed/previews/rs-004_panels_overlay.png,data/processed/previews/rs-004_segments_overlay.png,data/processed/previews/rs-004_dsm_elevation.png,data/processed/previews/rs-004_roof_mask.png,data/processed/previews/rs-004_flux_heatmap.png,Gap Sedang,True,1.0
RS-005,RSUD Koja,hospital,Rumah Sakit & Fasilitas Medis,Jakarta Utara,14220.0,data/raw/osm/hospitals_jakarta.gpkg,-6.108769,106.900075,buildings/ChIJiQKsDJIfai4RT5G7eL1GJ1k,"https://www.google.com/maps/search/?api=1&query=-6.108769,106.900075",-6.108769499999999,106.9000755,0.08,VALID (< 30m),2025-07-26,BASE,4175.19,2855.01,68.4,5127.84,81.4,18.6,952.66,1320.18,2272.83,28,1.2° – 77.3°,16.5,1454,1718.96,400,581.6,875.17,799799.06,799.8,809.0,647.04,data/raw/solar/data_layers/dsm/hospital/rs-005_dsm.tif,data/raw/solar/data_layers/rgb/hospital/rs-005_rgb.tif,data/raw/solar/data_layers/mask/hospital/rs-005_mask.tif,data/raw/solar/data_layers/annual_flux/hospital/rs-005_annual_flux.tif,data/processed/previews/rs-005_rgb.png,data/processed/previews/rs-005_panels_overlay.png,data/processed/previews/rs-005_segments_overlay.png,data/processed/previews/rs-005_dsm_elevation.png,data/processed/previews/rs-005_roof_mask.png,data/processed/previews/rs-005_flux_heatmap.png,Gap Sedikit,True,1.0
RS-006,RSUD Cengkareng,hospital,Rumah Sakit & Fasilitas Medis,Jakarta Barat,11730.0,data/raw/osm/hospitals_jakarta.gpkg,-6.142965,106.734887,buildings/ChIJLZ20r_z3aS4RxngxJRUkuIE,"https://www.google.com/maps/search/?api=1&query=-6.142912,106.734750",-6.142912,106.7347499,16.26,VALID (< 30m),2024-09-19,BASE,5723.0,4465.12,78.0,6931.77,82.6,17.4,1208.77,1257.88,2466.65,33,1.2° – 36.7°,8.2,2274,1702.36,400,909.6,1454.87,1238771.07,1238.77,809.0,1002.16,data/raw/solar/data_layers/dsm/hospital/rs-006_dsm.tif,data/raw/solar/data_layers/rgb/hospital/rs-006_rgb.tif,data/raw/solar/data_layers/mask/hospital/rs-006_mask.tif,data/raw/solar/data_layers/annual_flux/hospital/rs-006_annual_flux.tif,data/processed/previews/rs-006_rgb.png,data/processed/previews/rs-006_panels_overlay.png,data/processed/previews/rs-006_segments_overlay.png,data/processed/previews/rs-006_dsm_elevation.png,data/processed/previews/rs-006_roof_mask.png,data/processed/previews/rs-006_flux_heatmap.png,Gap Sedikit,True,1.0
RS-008,RS Pusat Pertamina,hospital,Rumah Sakit & Fasilitas Medis,Jakarta Selatan,12120.0,data/raw/osm/hospitals_jakarta.gpkg,-6.240166,106.792968,buildings/ChIJe_yPPBXxaS4RF9gjKKWR91Q,"https://www.google.com/maps/search/?api=1&query=-6.240051,106.792995",-6.2400514,106.7929951,13.09,VALID (< 30m),2025-08-16,BASE,10519.81,8030.94,76.3,12769.41,82.4,17.6,2249.59,2488.87,4738.47,72,0.7° – 34.4°,5.8,4090,1633.92,400,1636.0,2500.79,2138479.86,2138.48,809.0,1730.03,data/raw/solar/data_layers/dsm/hospital/rs-008_dsm.tif,data/raw/solar/data_layers/rgb/hospital/rs-008_rgb.tif,data/raw/solar/data_layers/mask/hospital/rs-008_mask.tif,data/raw/solar/data_layers/annual_flux/hospital/rs-008_annual_flux.tif,data/processed/previews/rs-008_rgb.png,data/processed/previews/rs-008_panels_overlay.png,data/processed/previews/rs-008_segments_overlay.png,data/processed/previews/rs-008_dsm_elevation.png,data/processed/previews/rs-008_roof_mask.png,data/processed/previews/rs-008_flux_heatmap.png,Gap Sedikit,True,1.0
MKT-001,Pasar Mayestik Kebayoran Baru,market,Pasar Tradisional (PD Pasar Jaya),Jakarta Selatan,12130.0,data/raw/osm/markets_jakarta.geojson,-6.24232,106.791039,buildings/ChIJv1nNXhTxaS4RTFcCeMRkSlM,"https://www.google.com/maps/search/?api=1&query=-6.242320,106.791039",-6.242320299999999,106.7910394,0.06,VALID (< 30m),2025-08-16,BASE,277.67,182.61,65.8,343.29,80.9,19.1,65.62,95.06,160.67,7,3.0° – 24.3°,11.4,93,1644.29,400,37.2,57.37,48934.05,48.93,809.0,39.59,data/raw/solar/data_layers/dsm/market/mkt-001_dsm.tif,data/raw/solar/data_layers/rgb/market/mkt-001_rgb.tif,data/raw/solar/data_layers/mask/market/mkt-001_mask.tif,data/raw/solar/data_layers/annual_flux/market/mkt-001_annual_flux.tif,data/processed/previews/mkt-001_rgb.png,data/processed/previews/mkt-001_panels_overlay.png,data/processed/previews/mkt-001_segments_overlay.png,data/processed/previews/mkt-001_dsm_elevation.png,data/processed/previews/mkt-001_roof_mask.png,data/processed/previews/mkt-001_flux_heatmap.png,Gap Sedikit,True,1.0
MKT-002,Pasar Tanah Abang (Blok A),market,Pasar Tradisional (PD Pasar Jaya),Jakarta Pusat,10240.0,OSM Way / Perumda Pasar Jaya,-6.188291,106.818495,buildings/ChIJURWyjSf0aS4RcJ-_rUn9t5Y,"https://www.google.com/maps/search/?api=1&query=-6.188332,106.818439",-6.188332,106.8184386,7.72,VALID (< 30m),2025-08-16,BASE,867.03,608.7,70.2,915.04,94.8,5.2,48.01,258.33,306.34,14,3.7° – 19.3°,7.9,310,1623.05,400,124.0,193.7,161007.02,161.01,809.0,130.25,data/raw/solar/data_layers/dsm/market/mkt-002_dsm.tif,data/raw/solar/data_layers/rgb/market/mkt-002_rgb.tif,data/raw/solar/data_layers/mask/market/mkt-002_mask.tif,data/raw/solar/data_layers/annual_flux/market/mkt-002_annual_flux.tif,data/processed/previews/mkt-002_rgb.png,data/processed/previews/mkt-002_panels_overlay.png,data/processed/previews/mkt-002_segments_overlay.png,data/processed/previews/mkt-002_dsm_elevation.png,data/processed/previews/mkt-002_roof_mask.png,data/processed/previews/mkt-002_flux_heatmap.png,Gap Sedikit,True,1.0
MKT-003,Pasar Induk Kramat Jati,market,Pasar Tradisional (PD Pasar Jaya),Jakarta Timur,13540.0,OSM Way / Perumda Pasar Jaya,-6.294296,106.871321,buildings/ChIJ26IE2oPyaS4Ru5XfCNcrnrY,"https://www.google.com/maps/search/?api=1&query=-6.294296,106.871321",-6.2942964,106.8713212,0.05,VALID (< 30m),2025-08-16,BASE,3078.43,1863.41,60.5,3437.38,89.6,10.4,358.95,1215.01,1573.97,48,3.3° – 21.4°,14.1,949,1629.32,400,379.6,597.29,494791.78,494.79,809.0,400.29,data/raw/solar/data_layers/dsm/market/mkt-003_dsm.tif,data/raw/solar/data_layers/rgb/market/mkt-003_rgb.tif,data/raw/solar/data_layers/mask/market/mkt-003_mask.tif,data/raw/solar/data_layers/annual_flux/market/mkt-003_annual_flux.tif,data/processed/previews/mkt-003_rgb.png,data/processed/previews/mkt-003_panels_overlay.png,data/processed/previews/mkt-003_segments_overlay.png,data/processed/previews/mkt-003_dsm_elevation.png,data/processed/previews/mkt-003_roof_mask.png,data/processed/previews/mkt-003_flux_heatmap.png,Gap Sedikit,True,1.0
MKT-004,Pasar Senen (Blok III),market,Pasar Tradisional (PD Pasar Jaya),Jakarta Pusat,10410.0,OSM Way / Perumda Pasar Jaya,-6.174303,106.844168,buildings/ChIJF8O0IbX1aS4RzGZ5KJfVw5M,"https://www.google.com/maps/search/?api=1&query=-6.174303,106.844168",-6.1743029,106.8441683,0.03,VALID (< 30m),2025-07-26,BASE,6383.6,4730.2,74.1,10979.9,58.1,41.9,4596.3,1653.39,6249.7,36,0.2° – 23.8°,7.3,2409,1670.37,400,963.6,1553.87,1287656.37,1287.66,809.0,1041.71,data/raw/solar/data_layers/dsm/market/mkt-004_dsm.tif,data/raw/solar/data_layers/rgb/market/mkt-004_rgb.tif,data/raw/solar/data_layers/mask/market/mkt-004_mask.tif,data/raw/solar/data_layers/annual_flux/market/mkt-004_annual_flux.tif,data/processed/previews/mkt-004_rgb.png,data/processed/previews/mkt-004_panels_overlay.png,data/processed/previews/mkt-004_segments_overlay.png,data/processed/previews/mkt-004_dsm_elevation.png,data/processed/previews/mkt-004_roof_mask.png,data/processed/previews/mkt-004_flux_heatmap.png,Gap Besar,True,1.0
MKT-005,Pasar Glodok,market,Pasar Tradisional (PD Pasar Jaya),Jakarta Barat,11120.0,OSM Way / Perumda Pasar Jaya,-6.142718,106.814121,buildings/ChIJbwgV7wb2aS4RGT_YaE8zD4w,"https://www.google.com/maps/search/?api=1&query=-6.142824,106.814235",-6.1428245,106.8142355,17.33,VALID (< 30m),2025-07-26,BASE,2304.37,1722.04,74.7,3042.04,75.8,24.2,737.67,582.33,1320.0,22,1.7° – 33.8°,5.8,877,1651.12,400,350.8,554.74,463370.6,463.37,809.0,374.87,data/raw/solar/data_layers/dsm/market/mkt-005_dsm.tif,data/raw/solar/data_layers/rgb/market/mkt-005_rgb.tif,data/raw/solar/data_layers/mask/market/mkt-005_mask.tif,data/raw/solar/data_layers/annual_flux/market/mkt-005_annual_flux.tif,data/processed/previews/mkt-005_rgb.png,data/processed/previews/mkt-005_panels_overlay.png,data/processed/previews/mkt-005_segments_overlay.png,data/processed/previews/mkt-005_dsm_elevation.png,data/processed/previews/mkt-005_roof_mask.png,data/processed/previews/mkt-005_flux_heatmap.png,Gap Sedang,True,1.0
MKT-006,Pasar Santa,market,Pasar Tradisional (PD Pasar Jaya),Jakarta Selatan,12170.0,OSM Way / Perumda Pasar Jaya,-6.2397,106.811324,buildings/ChIJG20pN2fxaS4RzBxUlCIddAM,"https://www.google.com/maps/search/?api=1&query=-6.239743,106.811365",-6.239743499999999,106.8113651,6.64,VALID (< 30m),2025-08-16,BASE,186.4,123.7,66.4,230.12,81.0,19.0,43.72,62.7,106.42,3,4.6° – 9.2°,6.6,63,1623.91,400,25.2,40.21,32738.03,32.74,809.0,26.49,data/raw/solar/data_layers/dsm/market/mkt-006_dsm.tif,data/raw/solar/data_layers/rgb/market/mkt-006_rgb.tif,data/raw/solar/data_layers/mask/market/mkt-006_mask.tif,data/raw/solar/data_layers/annual_flux/market/mkt-006_annual_flux.tif,data/processed/previews/mkt-006_rgb.png,data/processed/previews/mkt-006_panels_overlay.png,data/processed/previews/mkt-006_segments_overlay.png,data/processed/previews/mkt-006_dsm_elevation.png,data/processed/previews/mkt-006_roof_mask.png,data/processed/previews/mkt-006_flux_heatmap.png,Gap Sedikit,True,1.0
MKT-007,Pasar Jatinegara,market,Pasar Tradisional (PD Pasar Jaya),Jakarta Timur,13310.0,OSM Way / Perumda Pasar Jaya,-6.215726,106.866321,buildings/ChIJUyRXHoD0aS4RouW8BOELo9o,"https://www.google.com/maps/search/?api=1&query=-6.215730,106.866298",-6.21573,106.8662976,2.62,VALID (< 30m),2025-08-16,BASE,213.51,143.34,67.1,213.51,100.0,0.0,0.0,70.17,70.17,2,14.2° – 19.2°,18.9,73,1489.91,400,29.2,40.71,34804.24,34.8,809.0,28.16,data/raw/solar/data_layers/dsm/market/mkt-007_dsm.tif,data/raw/solar/data_layers/rgb/market/mkt-007_rgb.tif,data/raw/solar/data_layers/mask/market/mkt-007_mask.tif,data/raw/solar/data_layers/annual_flux/market/mkt-007_annual_flux.tif,data/processed/previews/mkt-007_rgb.png,data/processed/previews/mkt-007_panels_overlay.png,data/processed/previews/mkt-007_segments_overlay.png,data/processed/previews/mkt-007_dsm_elevation.png,data/processed/previews/mkt-007_roof_mask.png,data/processed/previews/mkt-007_flux_heatmap.png,Gap Sedikit,True,1.0
MKT-008,Pasar Baru,market,Pasar Tradisional (PD Pasar Jaya),Jakarta Pusat,10710.0,OSM Way / Perumda Pasar Jaya,-6.164901,106.833467,buildings/ChIJKR7KlsX1aS4RZqP25p0SMBc,"https://www.google.com/maps/search/?api=1&query=-6.164837,106.833580",-6.1648366,106.8335801,14.41,VALID (< 30m),2025-07-26,BASE,224.43,162.98,72.6,314.99,71.3,28.7,90.55,61.46,152.01,4,2.7° – 20.1°,11.9,83,1633.21,400,33.2,50.36,43377.97,43.38,809.0,35.09,data/raw/solar/data_layers/dsm/market/mkt-008_dsm.tif,data/raw/solar/data_layers/rgb/market/mkt-008_rgb.tif,data/raw/solar/data_layers/mask/market/mkt-008_mask.tif,data/raw/solar/data_layers/annual_flux/market/mkt-008_annual_flux.tif,data/processed/previews/mkt-008_rgb.png,data/processed/previews/mkt-008_panels_overlay.png,data/processed/previews/mkt-008_segments_overlay.png,data/processed/previews/mkt-008_dsm_elevation.png,data/processed/previews/mkt-008_roof_mask.png,data/processed/previews/mkt-008_flux_heatmap.png,Gap Sedang,True,1.0
UNIV-001,Perpustakaan Pusat UI Depok,university,Universitas & Kampus,Kota Depok,16424.0,data/raw/osm/education_jakarta.geojson,-6.364712,106.831379,buildings/ChIJaVTiNhfsaS4RQT6lXss0IFQ,"https://www.google.com/maps/search/?api=1&query=-6.364712,106.831379",-6.3647117,106.8313788,0.04,VALID (< 30m),2024-02-22,BASE,2699.74,2057.81,76.2,3209.25,84.1,15.9,509.51,641.94,1151.44,29,18.5° – 38.1°,29.7,1048,1612.27,400,419.2,602.35,540692.11,540.69,809.0,437.42,data/raw/solar/data_layers/dsm/university/univ-001_dsm.tif,data/raw/solar/data_layers/rgb/university/univ-001_rgb.tif,data/raw/solar/data_layers/mask/university/univ-001_mask.tif,data/raw/solar/data_layers/annual_flux/university/univ-001_annual_flux.tif,data/processed/previews/univ-001_rgb.png,data/processed/previews/univ-001_panels_overlay.png,data/processed/previews/univ-001_segments_overlay.png,data/processed/previews/univ-001_dsm_elevation.png,data/processed/previews/univ-001_roof_mask.png,data/processed/previews/univ-001_flux_heatmap.png,Gap Sedikit,True,1.0
UNIV-002,Institut Pertanian Bogor Dramaga,university,Universitas & Kampus,Kab. Bogor,16680.0,OSM Way / IPB University,-6.555272,106.725016,buildings/ChIJb7iDwazEaS4Rxi8GCYR8sVg,"https://www.google.com/maps/search/?api=1&query=-6.555232,106.724775",-6.5552322,106.7247747,27.02,VALID (< 30m),2025-03-08,BASE,281.71,161.01,57.2,335.66,83.9,16.1,53.95,120.69,174.64,9,2.4° – 25.4°,19.4,82,1563.81,400,32.8,46.62,41034.34,41.03,809.0,33.2,data/raw/solar/data_layers/dsm/university/univ-002_dsm.tif,data/raw/solar/data_layers/rgb/university/univ-002_rgb.tif,data/raw/solar/data_layers/mask/university/univ-002_mask.tif,data/raw/solar/data_layers/annual_flux/university/univ-002_annual_flux.tif,data/processed/previews/univ-002_rgb.png,data/processed/previews/univ-002_panels_overlay.png,data/processed/previews/univ-002_segments_overlay.png,data/processed/previews/univ-002_dsm_elevation.png,data/processed/previews/univ-002_roof_mask.png,data/processed/previews/univ-002_flux_heatmap.png,Gap Sedikit,True,1.0
UNIV-003,Universitas Trisakti Grogol,university,Universitas & Kampus,Jakarta Barat,11440.0,OSM Way / Universitas Trisakti,-6.168517,106.790388,buildings/ChIJYU5qwlz2aS4RZ2_8vvL_W3Y,"https://www.google.com/maps/search/?api=1&query=-6.168517,106.790388",-6.1685171,106.7903881,0.02,VALID (< 30m),2025-07-26,BASE,2559.93,2077.44,81.2,3429.63,74.6,25.4,869.7,482.49,1352.19,10,1.5° – 29.9°,6.1,1058,1642.61,400,423.2,672.14,556121.53,556.12,809.0,449.9,data/raw/solar/data_layers/dsm/university/univ-003_dsm.tif,data/raw/solar/data_layers/rgb/university/univ-003_rgb.tif,data/raw/solar/data_layers/mask/university/univ-003_mask.tif,data/raw/solar/data_layers/annual_flux/university/univ-003_annual_flux.tif,data/processed/previews/univ-003_rgb.png,data/processed/previews/univ-003_panels_overlay.png,data/processed/previews/univ-003_segments_overlay.png,data/processed/previews/univ-003_dsm_elevation.png,data/processed/previews/univ-003_roof_mask.png,data/processed/previews/univ-003_flux_heatmap.png,Gap Sedang,True,1.0
UNIV-004,Universitas Tarumanagara Kampus 1,university,Universitas & Kampus,Jakarta Barat,11440.0,OSM Way / UNTAR,-6.168867,106.790254,buildings/ChIJYU5qwlz2aS4RZ2_8vvL_W3Y,"https://www.google.com/maps/search/?api=1&query=-6.168517,106.790388",-6.1685171,106.7903881,41.64,REVIEW (> 30m),2025-07-26,BASE,2559.93,2077.44,81.2,3429.63,74.6,25.4,869.7,482.49,1352.19,10,1.5° – 29.9°,6.1,1058,1642.61,400,423.2,672.14,556121.53,556.12,809.0,449.9,data/raw/solar/data_layers/dsm/university/univ-004_dsm.tif,data/raw/solar/data_layers/rgb/university/univ-004_rgb.tif,data/raw/solar/data_layers/mask/university/univ-004_mask.tif,data/raw/solar/data_layers/annual_flux/university/univ-004_annual_flux.tif,data/processed/previews/univ-004_rgb.png,data/processed/previews/univ-004_panels_overlay.png,data/processed/previews/univ-004_segments_overlay.png,data/processed/previews/univ-004_dsm_elevation.png,data/processed/previews/univ-004_roof_mask.png,data/processed/previews/univ-004_flux_heatmap.png,Gap Sedang,True,1.0
UNIV-005,Universitas Bina Nusantara Anggrek,university,Universitas & Kampus,Jakarta Barat,11530.0,OSM Way / BINUS University,-6.201942,106.781169,buildings/ChIJf-Qex9z2aS4R2dps6dBhFf8,"https://www.google.com/maps/search/?api=1&query=-6.201941,106.781456",-6.2019408,106.7814565,31.78,REVIEW (> 30m),2024-10-26,BASE,4979.55,3980.13,79.9,5919.98,84.1,15.9,940.43,999.42,1939.86,22,0.5° – 14.5°,3.4,2027,1638.49,400,810.8,1261.01,1062787.69,1062.79,809.0,859.79,data/raw/solar/data_layers/dsm/university/univ-005_dsm.tif,data/raw/solar/data_layers/rgb/university/univ-005_rgb.tif,data/raw/solar/data_layers/mask/university/univ-005_mask.tif,data/raw/solar/data_layers/annual_flux/university/univ-005_annual_flux.tif,data/processed/previews/univ-005_rgb.png,data/processed/previews/univ-005_panels_overlay.png,data/processed/previews/univ-005_segments_overlay.png,data/processed/previews/univ-005_dsm_elevation.png,data/processed/previews/univ-005_roof_mask.png,data/processed/previews/univ-005_flux_heatmap.png,Gap Sedikit,True,1.0
UNIV-006,Universitas Negeri Jakarta Rawamangun,university,Universitas & Kampus,Jakarta Timur,13220.0,OSM Way / UNJ,-6.194784,106.87819,buildings/ChIJ43BHSO30aS4Rhby8FMyQA9Q,"https://www.google.com/maps/search/?api=1&query=-6.194592,106.878232",-6.1945921,106.8782318,21.83,VALID (< 30m),2024-10-26,BASE,417.59,296.5,71.0,609.22,68.5,31.5,191.64,121.09,312.72,6,5.1° – 18.3°,14.3,151,1611.03,400,60.4,92.35,77844.98,77.84,809.0,62.98,data/raw/solar/data_layers/dsm/university/univ-006_dsm.tif,data/raw/solar/data_layers/rgb/university/univ-006_rgb.tif,data/raw/solar/data_layers/mask/university/univ-006_mask.tif,data/raw/solar/data_layers/annual_flux/university/univ-006_annual_flux.tif,data/processed/previews/univ-006_rgb.png,data/processed/previews/univ-006_panels_overlay.png,data/processed/previews/univ-006_segments_overlay.png,data/processed/previews/univ-006_dsm_elevation.png,data/processed/previews/univ-006_roof_mask.png,data/processed/previews/univ-006_flux_heatmap.png,Gap Besar,True,1.0
UNIV-007,UIN Syarif Hidayatullah Jakarta,university,Universitas & Kampus,Kota Tangerang Selatan,15412.0,OSM Way / UIN Jakarta,-6.306743,106.754542,buildings/ChIJ3QXJ5tvvaS4RF0tIdlbVzoQ,"https://www.google.com/maps/search/?api=1&query=-6.306762,106.754274",-6.306762099999999,106.7542744,29.65,VALID (< 30m),2024-08-14,BASE,2174.04,1474.63,67.8,2835.07,76.7,23.3,661.03,699.41,1360.45,37,0.3° – 32.3°,20.1,751,1646.41,400,300.4,439.88,395664.27,395.66,809.0,320.09,data/raw/solar/data_layers/dsm/university/univ-007_dsm.tif,data/raw/solar/data_layers/rgb/university/univ-007_rgb.tif,data/raw/solar/data_layers/mask/university/univ-007_mask.tif,data/raw/solar/data_layers/annual_flux/university/univ-007_annual_flux.tif,data/processed/previews/univ-007_rgb.png,data/processed/previews/univ-007_panels_overlay.png,data/processed/previews/univ-007_segments_overlay.png,data/processed/previews/univ-007_dsm_elevation.png,data/processed/previews/univ-007_roof_mask.png,data/processed/previews/univ-007_flux_heatmap.png,Gap Sedang,True,1.0
UNIV-008,Universitas Multimedia Nusantara,university,Universitas & Kampus,Kab. Tangerang,15810.0,OSM Way / Kompas Gramedia,-6.25687,106.61831,buildings/ChIJk9552Xr8aS4RXDv5nUzI34s,"https://www.google.com/maps/search/?api=1&query=-6.256870,106.618310",-6.256869699999999,106.6183102,0.04,VALID (< 30m),2025-07-26,BASE,3177.72,2242.38,70.6,3598.68,88.3,11.7,420.96,935.34,1356.3,25,1.0° – 21.1°,7.4,1142,1628.63,400,456.8,712.77,595167.5,595.17,809.0,481.49,data/raw/solar/data_layers/dsm/university/univ-008_dsm.tif,data/raw/solar/data_layers/rgb/university/univ-008_rgb.tif,data/raw/solar/data_layers/mask/university/univ-008_mask.tif,data/raw/solar/data_layers/annual_flux/university/univ-008_annual_flux.tif,data/processed/previews/univ-008_rgb.png,data/processed/previews/univ-008_panels_overlay.png,data/processed/previews/univ-008_segments_overlay.png,data/processed/previews/univ-008_dsm_elevation.png,data/processed/previews/univ-008_roof_mask.png,data/processed/previews/univ-008_flux_heatmap.png,Gap Sedikit,True,1.0
SCH-001,SMAN 70 Jakarta Bulungan,school,Sekolah Menengah (SMA/SMK/SMP),Jakarta Selatan,12130.0,data/raw/osm/education_jakarta.geojson,-6.24169,106.79422,buildings/ChIJ7V7LLGvxaS4ReWmkrlWsBN8,"https://www.google.com/maps/search/?api=1&query=-6.241682,106.794237",-6.2416819,106.7942367,2.05,VALID (< 30m),2025-08-16,BASE,232.49,141.38,60.8,301.61,77.1,22.9,69.12,91.11,160.23,7,12.6° – 36.0°,25.4,72,1612.46,400,28.8,42.97,37151.07,37.15,809.0,30.06,data/raw/solar/data_layers/dsm/school/sch-001_dsm.tif,data/raw/solar/data_layers/rgb/school/sch-001_rgb.tif,data/raw/solar/data_layers/mask/school/sch-001_mask.tif,data/raw/solar/data_layers/annual_flux/school/sch-001_annual_flux.tif,data/processed/previews/sch-001_rgb.png,data/processed/previews/sch-001_panels_overlay.png,data/processed/previews/sch-001_segments_overlay.png,data/processed/previews/sch-001_dsm_elevation.png,data/processed/previews/sch-001_roof_mask.png,data/processed/previews/sch-001_flux_heatmap.png,Gap Sedang,True,1.0
SCH-002,SMAN 8 Jakarta Bukit Duri,school,Sekolah Menengah (SMA/SMK/SMP),Jakarta Selatan,12840.0,OSM Way / Disdik DKI,-6.217768,106.859227,buildings/ChIJS-arzIDzaS4Rlrt7mWJ1SkU,"https://www.google.com/maps/search/?api=1&query=-6.217777,106.859124",-6.217777,106.8591239,11.44,VALID (< 30m),2025-08-16,BASE,3589.89,2597.78,72.4,4468.85,80.3,19.7,878.96,992.1,1871.06,37,1.4° – 44.6°,23.1,1323,1629.96,400,529.2,805.96,690058.93,690.06,809.0,558.26,data/raw/solar/data_layers/dsm/school/sch-002_dsm.tif,data/raw/solar/data_layers/rgb/school/sch-002_rgb.tif,data/raw/solar/data_layers/mask/school/sch-002_mask.tif,data/raw/solar/data_layers/annual_flux/school/sch-002_annual_flux.tif,data/processed/previews/sch-002_rgb.png,data/processed/previews/sch-002_panels_overlay.png,data/processed/previews/sch-002_segments_overlay.png,data/processed/previews/sch-002_dsm_elevation.png,data/processed/previews/sch-002_roof_mask.png,data/processed/previews/sch-002_flux_heatmap.png,Gap Sedikit,True,1.0
SCH-003,SMAN 68 Jakarta Salemba,school,Sekolah Menengah (SMA/SMK/SMP),Jakarta Pusat,10430.0,OSM Way / Disdik DKI,-6.197655,106.850902,buildings/ChIJg4fPTmj0aS4RNJE1xmK1JS0,"https://www.google.com/maps/search/?api=1&query=-6.197718,106.850818",-6.197718399999999,106.8508176,11.69,VALID (< 30m),2025-08-16,BASE,568.83,384.86,67.7,693.58,82.0,18.0,124.75,183.97,308.73,10,11.3° – 34.6°,21.5,196,1606.02,400,78.4,116.39,100729.65,100.73,809.0,81.49,data/raw/solar/data_layers/dsm/school/sch-003_dsm.tif,data/raw/solar/data_layers/rgb/school/sch-003_rgb.tif,data/raw/solar/data_layers/mask/school/sch-003_mask.tif,data/raw/solar/data_layers/annual_flux/school/sch-003_annual_flux.tif,data/processed/previews/sch-003_rgb.png,data/processed/previews/sch-003_panels_overlay.png,data/processed/previews/sch-003_segments_overlay.png,data/processed/previews/sch-003_dsm_elevation.png,data/processed/previews/sch-003_roof_mask.png,data/processed/previews/sch-003_flux_heatmap.png,Gap Sedikit,True,1.0
SCH-004,SMAN 28 Jakarta Pasar Minggu,school,Sekolah Menengah (SMA/SMK/SMP),Jakarta Selatan,12540.0,OSM Way / Disdik DKI,-6.285829,106.833357,buildings/ChIJGb4VCRHyaS4Rb8jmCg0LQ4k,"https://www.google.com/maps/search/?api=1&query=-6.285763,106.833599",-6.2857629,106.8335993,27.77,VALID (< 30m),2025-08-16,BASE,956.3,759.9,79.5,1161.0,82.4,17.6,204.7,196.4,401.1,5,16.0° – 29.1°,25.3,387,1614.4,400,154.8,230.38,199926.95,199.93,809.0,161.74,data/raw/solar/data_layers/dsm/school/sch-004_dsm.tif,data/raw/solar/data_layers/rgb/school/sch-004_rgb.tif,data/raw/solar/data_layers/mask/school/sch-004_mask.tif,data/raw/solar/data_layers/annual_flux/school/sch-004_annual_flux.tif,data/processed/previews/sch-004_rgb.png,data/processed/previews/sch-004_panels_overlay.png,data/processed/previews/sch-004_segments_overlay.png,data/processed/previews/sch-004_dsm_elevation.png,data/processed/previews/sch-004_roof_mask.png,data/processed/previews/sch-004_flux_heatmap.png,Gap Sedikit,True,1.0
SCH-005,SMAN 3 Jakarta Setiabudi,school,Sekolah Menengah (SMA/SMK/SMP),Jakarta Selatan,12910.0,OSM Way / Disdik DKI,-6.209867,106.825664,buildings/ChIJP9NEWQT0aS4Rbg8Gc-JDTdo,"https://www.google.com/maps/search/?api=1&query=-6.209864,106.825627",-6.2098638,106.8256274,4.06,VALID (< 30m),2025-08-16,BASE,1557.25,1327.36,85.2,1654.63,94.1,5.9,97.38,229.89,327.27,8,0.2° – 22.3°,12.9,676,1637.54,400,270.4,423.34,354232.11,354.23,809.0,286.57,data/raw/solar/data_layers/dsm/school/sch-005_dsm.tif,data/raw/solar/data_layers/rgb/school/sch-005_rgb.tif,data/raw/solar/data_layers/mask/school/sch-005_mask.tif,data/raw/solar/data_layers/annual_flux/school/sch-005_annual_flux.tif,data/processed/previews/sch-005_rgb.png,data/processed/previews/sch-005_panels_overlay.png,data/processed/previews/sch-005_segments_overlay.png,data/processed/previews/sch-005_dsm_elevation.png,data/processed/previews/sch-005_roof_mask.png,data/processed/previews/sch-005_flux_heatmap.png,Gap Sedikit,True,1.0
SCH-006,SMKN 26 Jakarta Rawamangun,school,Sekolah Menengah (SMA/SMK/SMP),Jakarta Timur,13220.0,OSM Way / Disdik DKI,-6.194564,106.887387,buildings/ChIJTybIt-r0aS4RUrlZNw_qwUw,"https://www.google.com/maps/search/?api=1&query=-6.194311,106.887317",-6.1943112,106.8873175,29.14,VALID (< 30m),2025-08-16,BASE,3425.77,2584.04,75.4,3895.51,87.9,12.1,469.74,841.73,1311.47,35,8.1° – 29.5°,18.8,1316,1676.88,400,526.4,833.73,706165.64,706.17,809.0,571.29,data/raw/solar/data_layers/dsm/school/sch-006_dsm.tif,data/raw/solar/data_layers/rgb/school/sch-006_rgb.tif,data/raw/solar/data_layers/mask/school/sch-006_mask.tif,data/raw/solar/data_layers/annual_flux/school/sch-006_annual_flux.tif,data/processed/previews/sch-006_rgb.png,data/processed/previews/sch-006_panels_overlay.png,data/processed/previews/sch-006_segments_overlay.png,data/processed/previews/sch-006_dsm_elevation.png,data/processed/previews/sch-006_roof_mask.png,data/processed/previews/sch-006_flux_heatmap.png,Gap Sedikit,True,1.0
SCH-007,SMAN 1 Bogor Paledang,school,Sekolah Menengah (SMA/SMK/SMP),Kota Bogor,16122.0,OSM Way / Disdik Jabar,-6.597328,106.79335,buildings/ChIJbwUe9LfFaS4RSS1lUvE6lAw,"https://www.google.com/maps/search/?api=1&query=-6.597336,106.793208",-6.5973359,106.7932083,15.68,VALID (< 30m),2024-02-22,BASE,109.09,80.51,73.8,117.89,92.5,7.5,8.8,28.58,37.38,1,0.7° – 0.7°,0.7,41,1290.99,400,16.4,16.96,16937.78,16.94,809.0,13.7,data/raw/solar/data_layers/dsm/school/sch-007_dsm.tif,data/raw/solar/data_layers/rgb/school/sch-007_rgb.tif,data/raw/solar/data_layers/mask/school/sch-007_mask.tif,data/raw/solar/data_layers/annual_flux/school/sch-007_annual_flux.tif,data/processed/previews/sch-007_rgb.png,data/processed/previews/sch-007_panels_overlay.png,data/processed/previews/sch-007_segments_overlay.png,data/processed/previews/sch-007_dsm_elevation.png,data/processed/previews/sch-007_roof_mask.png,data/processed/previews/sch-007_flux_heatmap.png,Gap Sedikit,True,1.0
SCH-008,SMAN 1 Depok Nusantara,school,Sekolah Menengah (SMA/SMK/SMP),Kota Depok,16432.0,OSM Way / Disdik Jabar,-6.395384,106.814397,buildings/ChIJxS3vF1npaS4RZw8paWbipp4,"https://www.google.com/maps/search/?api=1&query=-6.395422,106.814115",-6.3954223,106.8141147,31.48,REVIEW (> 30m),2024-02-22,BASE,247.9,161.01,64.9,347.31,71.4,28.6,99.41,86.89,186.3,7,9.2° – 22.4°,13.5,82,1670.53,400,32.8,50.01,43834.82,43.83,809.0,35.46,data/raw/solar/data_layers/dsm/school/sch-008_dsm.tif,data/raw/solar/data_layers/rgb/school/sch-008_rgb.tif,data/raw/solar/data_layers/mask/school/sch-008_mask.tif,data/raw/solar/data_layers/annual_flux/school/sch-008_annual_flux.tif,data/processed/previews/sch-008_rgb.png,data/processed/previews/sch-008_panels_overlay.png,data/processed/previews/sch-008_segments_overlay.png,data/processed/previews/sch-008_dsm_elevation.png,data/processed/previews/sch-008_roof_mask.png,data/processed/previews/sch-008_flux_heatmap.png,Gap Sedang,True,1.0
STD-001,Istora Senayan GBK,stadium,"Stadion, GOR & Arena Olahraga",Jakarta Pusat,10270.0,data/raw/osm/sports_jakarta.geojson,-6.219799,106.804064,buildings/ChIJqdOsEU3xaS4RBzsj4T8eWaI,"https://www.google.com/maps/search/?api=1&query=-6.219818,106.804107",-6.2198185,106.8041066,5.18,VALID (< 30m),2025-08-16,BASE,1175.15,860.04,73.2,1230.9,95.5,4.5,55.75,315.11,370.86,7,0.9° – 9.0°,3.8,438,1628.35,400,175.2,279.41,228229.96,228.23,809.0,184.64,data/raw/solar/data_layers/dsm/stadium/std-001_dsm.tif,data/raw/solar/data_layers/rgb/stadium/std-001_rgb.tif,data/raw/solar/data_layers/mask/stadium/std-001_mask.tif,data/raw/solar/data_layers/annual_flux/stadium/std-001_annual_flux.tif,data/processed/previews/std-001_rgb.png,data/processed/previews/std-001_panels_overlay.png,data/processed/previews/std-001_segments_overlay.png,data/processed/previews/std-001_dsm_elevation.png,data/processed/previews/std-001_roof_mask.png,data/processed/previews/std-001_flux_heatmap.png,Gap Sedikit,True,1.0
STD-002,Stadion Utama Gelora Bung Karno,stadium,"Stadion, GOR & Arena Olahraga",Jakarta Pusat,10270.0,OSM Way / PPK GBK,-6.218596,106.802607,buildings/ChIJDRKS0EzxaS4RPyBt0n3P5go,"https://www.google.com/maps/search/?api=1&query=-6.218557,106.802635",-6.2185568,106.802635,5.35,VALID (< 30m),2025-08-16,BASE,33022.37,28328.21,85.8,51042.69,64.7,35.3,18020.32,4694.17,22714.49,56,0.3° – 41.9°,3.6,14427,1641.57,400,5770.8,9191.71,7578557.58,7578.56,809.0,6131.05,data/raw/solar/data_layers/dsm/stadium/std-002_dsm.tif,data/raw/solar/data_layers/rgb/stadium/std-002_rgb.tif,data/raw/solar/data_layers/mask/stadium/std-002_mask.tif,data/raw/solar/data_layers/annual_flux/stadium/std-002_annual_flux.tif,data/processed/previews/std-002_rgb.png,data/processed/previews/std-002_panels_overlay.png,data/processed/previews/std-002_segments_overlay.png,data/processed/previews/std-002_dsm_elevation.png,data/processed/previews/std-002_roof_mask.png,data/processed/previews/std-002_flux_heatmap.png,Gap Besar,True,1.0
STD-003,Jakarta International Stadium,stadium,"Stadion, GOR & Arena Olahraga",Jakarta Utara,14340.0,OSM Way / PT Jakpro,-6.125075,106.860201,buildings/ChIJ2zMk6i0eai4RcvVI0CTkrWg,"https://www.google.com/maps/search/?api=1&query=-6.124943,106.860993",-6.1249433,106.8609926,88.74,REVIEW (> 30m),2025-07-26,BASE,8779.15,7337.8,83.6,11796.38,74.4,25.6,3017.24,1441.34,4458.58,17,3.1° – 22.6°,8.8,3737,1706.42,400,1494.8,2389.9,2040610.08,2040.61,809.0,1650.85,data/raw/solar/data_layers/dsm/stadium/std-003_dsm.tif,data/raw/solar/data_layers/rgb/stadium/std-003_rgb.tif,data/raw/solar/data_layers/mask/stadium/std-003_mask.tif,data/raw/solar/data_layers/annual_flux/stadium/std-003_annual_flux.tif,data/processed/previews/std-003_rgb.png,data/processed/previews/std-003_panels_overlay.png,data/processed/previews/std-003_segments_overlay.png,data/processed/previews/std-003_dsm_elevation.png,data/processed/previews/std-003_roof_mask.png,data/processed/previews/std-003_flux_heatmap.png,Gap Sedang,True,1.0
STD-004,Stadion Madya GBK,stadium,"Stadion, GOR & Arena Olahraga",Jakarta Pusat,10270.0,OSM Way / PPK GBK,-6.217281,106.799508,buildings/ChIJ7fP6pLT2aS4RDAjjxwALY2Q,"https://www.google.com/maps/search/?api=1&query=-6.217372,106.799499",-6.2173721,106.7994994,10.17,VALID (< 30m),2025-08-16,BASE,7148.48,6098.8,85.3,11081.44,64.5,35.5,3932.96,1049.68,4982.64,21,0.7° – 22.8°,2.1,3106,1636.62,400,1242.4,1981.17,1626671.54,1626.67,809.0,1315.98,data/raw/solar/data_layers/dsm/stadium/std-004_dsm.tif,data/raw/solar/data_layers/rgb/stadium/std-004_rgb.tif,data/raw/solar/data_layers/mask/stadium/std-004_mask.tif,data/raw/solar/data_layers/annual_flux/stadium/std-004_annual_flux.tif,data/processed/previews/std-004_rgb.png,data/processed/previews/std-004_panels_overlay.png,data/processed/previews/std-004_segments_overlay.png,data/processed/previews/std-004_dsm_elevation.png,data/processed/previews/std-004_roof_mask.png,data/processed/previews/std-004_flux_heatmap.png,Gap Besar,True,1.0
STD-005,Jakarta International Velodrome,stadium,"Stadion, GOR & Arena Olahraga",Jakarta Timur,13220.0,OSM Way / PT Jakpro,-6.190896,106.890101,buildings/ChIJy3KCwMH0aS4RC6yOMI-7V8o,"https://www.google.com/maps/search/?api=1&query=-6.190989,106.890084",-6.1909886,106.8900838,10.47,VALID (< 30m),2025-08-16,BASE,7048.8,6222.51,88.3,10148.91,69.5,30.5,3100.11,826.3,3926.41,6,3.9° – 79.7°,7.5,3169,1682.34,400,1267.6,2064.0,1706029.27,1706.03,809.0,1380.18,data/raw/solar/data_layers/dsm/stadium/std-005_dsm.tif,data/raw/solar/data_layers/rgb/stadium/std-005_rgb.tif,data/raw/solar/data_layers/mask/stadium/std-005_mask.tif,data/raw/solar/data_layers/annual_flux/stadium/std-005_annual_flux.tif,data/processed/previews/std-005_rgb.png,data/processed/previews/std-005_panels_overlay.png,data/processed/previews/std-005_segments_overlay.png,data/processed/previews/std-005_dsm_elevation.png,data/processed/previews/std-005_roof_mask.png,data/processed/previews/std-005_flux_heatmap.png,Gap Besar,True,1.0
STD-006,Gelanggang Remaja Bulungan,stadium,"Stadion, GOR & Arena Olahraga",Jakarta Selatan,12130.0,OSM Way / Dispora DKI,-6.242763,106.797342,buildings/ChIJLzqAnmvxaS4Rwz0XdKYbd9w,"https://www.google.com/maps/search/?api=1&query=-6.242763,106.797342",-6.2427627,106.7973423,0.05,VALID (< 30m),2025-08-16,BASE,2882.21,2114.75,73.4,4227.5,68.2,31.8,1345.29,767.46,2112.75,24,2.0° – 32.8°,21.3,1077,1594.5,400,430.8,640.22,549527.55,549.53,809.0,444.57,data/raw/solar/data_layers/dsm/stadium/std-006_dsm.tif,data/raw/solar/data_layers/rgb/stadium/std-006_rgb.tif,data/raw/solar/data_layers/mask/stadium/std-006_mask.tif,data/raw/solar/data_layers/annual_flux/stadium/std-006_annual_flux.tif,data/processed/previews/std-006_rgb.png,data/processed/previews/std-006_panels_overlay.png,data/processed/previews/std-006_segments_overlay.png,data/processed/previews/std-006_dsm_elevation.png,data/processed/previews/std-006_roof_mask.png,data/processed/previews/std-006_flux_heatmap.png,Gap Besar,True,1.0
STD-007,Stadion Pakansari Cibinong,stadium,"Stadion, GOR & Arena Olahraga",Kab. Bogor,16915.0,OSM Way / Dispora Kab. Bogor,-6.495967,106.833084,buildings/ChIJv49IQ5rBaS4RwE4z1dI9WsI,"https://www.google.com/maps/search/?api=1&query=-6.495967,106.833084",-6.4959666,106.8330836,0.06,VALID (< 30m),2024-02-22,BASE,866.91,718.66,82.9,1178.63,73.6,26.4,311.73,148.25,459.97,2,9.2° – 17.4°,10.1,366,1654.03,400,146.4,222.11,193719.45,193.72,809.0,156.72,data/raw/solar/data_layers/dsm/stadium/std-007_dsm.tif,data/raw/solar/data_layers/rgb/stadium/std-007_rgb.tif,data/raw/solar/data_layers/mask/stadium/std-007_mask.tif,data/raw/solar/data_layers/annual_flux/stadium/std-007_annual_flux.tif,data/processed/previews/std-007_rgb.png,data/processed/previews/std-007_panels_overlay.png,data/processed/previews/std-007_segments_overlay.png,data/processed/previews/std-007_dsm_elevation.png,data/processed/previews/std-007_roof_mask.png,data/processed/previews/std-007_flux_heatmap.png,Gap Sedang,True,1.0
STD-008,Stadion Soemantri Brodjonegoro,stadium,"Stadion, GOR & Arena Olahraga",Jakarta Selatan,12940.0,OSM Way / Dispora DKI,-6.221108,106.833243,buildings/ChIJeSW4yfbzaS4RWcKPGzcxaL8,"https://www.google.com/maps/search/?api=1&query=-6.221108,106.833243",-6.2211079,106.833243,0.01,VALID (< 30m),2025-08-16,BASE,14210.41,10526.62,74.1,17035.9,83.4,16.6,2825.49,3683.79,6509.28,82,0.4° – 47.8°,14.2,5361,1632.17,400,2144.4,3307.5,2800025.94,2800.03,809.0,2265.22,data/raw/solar/data_layers/dsm/stadium/std-008_dsm.tif,data/raw/solar/data_layers/rgb/stadium/std-008_rgb.tif,data/raw/solar/data_layers/mask/stadium/std-008_mask.tif,data/raw/solar/data_layers/annual_flux/stadium/std-008_annual_flux.tif,data/processed/previews/std-008_rgb.png,data/processed/previews/std-008_panels_overlay.png,data/processed/previews/std-008_segments_overlay.png,data/processed/previews/std-008_dsm_elevation.png,data/processed/previews/std-008_roof_mask.png,data/processed/previews/std-008_flux_heatmap.png,Gap Sedikit,True,1.0
BRT-0046,Halte Terminal 2,brt,Halte TransJakarta & Shelter,Kota Tangerang,15126.0,transjakarta_stations.csv,-6.12228,106.653171,buildings/ChIJRfhP1GoCai4R9tnvSD4z6tg,"https://www.google.com/maps/search/?api=1&query=-6.122280,106.653171",-6.1222802,106.6531706,0.05,VALID (< 30m),2025-07-26,BASE,44838.66,30197.51,67.3,58540.7,76.6,23.4,13702.05,14641.15,28343.19,226,0.1° – 52.8°,7.8,15379,1728.67,400,6151.6,10235.37,8507269.1,8507.27,809.0,6882.37,data/raw/solar/data_layers/dsm/brt/brt-0046_dsm.tif,data/raw/solar/data_layers/rgb/brt/brt-0046_rgb.tif,data/raw/solar/data_layers/mask/brt/brt-0046_mask.tif,data/raw/solar/data_layers/annual_flux/brt/brt-0046_annual_flux.tif,,,,,,,Gap Sedang,False,0.9022171944800209
BRT-0109,Halte Ruko Mall Mangga Dua,brt,Halte TransJakarta & Shelter,Jakarta Utara,10730.0,transjakarta_stations.csv,-6.137093,106.824038,buildings/ChIJ3x8BpPj1aS4RlXeyRn5iGp8,"https://www.google.com/maps/search/?api=1&query=-6.137093,106.824038",-6.1370931,106.8240376,0.05,VALID (< 30m),2025-07-26,BASE,10801.28,8629.82,79.9,12390.85,87.2,12.8,1589.57,2171.46,3761.03,51,0.9° – 42.5°,7.9,4395,1659.32,400,1758.0,2788.24,2333674.12,2333.67,809.0,1887.94,data/raw/solar/data_layers/dsm/brt/brt-0109_dsm.tif,data/raw/solar/data_layers/rgb/brt/brt-0109_rgb.tif,data/raw/solar/data_layers/mask/brt/brt-0109_mask.tif,data/raw/solar/data_layers/annual_flux/brt/brt-0109_annual_flux.tif,,,,,,,Gap Sedikit,False,0.6731581311525044
BRT-0112,Halte Simpang Mandara Permai 1,brt,Halte TransJakarta & Shelter,Jakarta Utara,14460.0,transjakarta_stations.csv,-6.11612,106.75644,buildings/ChIJSxWB3RIdai4R_2UBMg6AxA4,"https://www.google.com/maps/search/?api=1&query=-6.116120,106.756440",-6.11612,106.75644,0.0,VALID (< 30m),2024-09-19,BASE,396.93,353.44,89.0,565.44,70.2,29.8,168.51,43.49,212.0,2,11.9° – 12.3°,12.1,180,1708.68,400,72.0,118.84,98420.16,98.42,809.0,79.62,data/raw/solar/data_layers/dsm/brt/brt-0112_dsm.tif,data/raw/solar/data_layers/rgb/brt/brt-0112_rgb.tif,data/raw/solar/data_layers/mask/brt/brt-0112_mask.tif,data/raw/solar/data_layers/annual_flux/brt/brt-0112_annual_flux.tif,,,,,,,Gap Sedang,False,0.6046817043285777
BRT-0001,Halte Plaza Senayan 2,brt,Halte TransJakarta & Shelter,Jakarta Selatan,10270.0,transjakarta_stations.csv,-6.227072,106.798942,buildings/ChIJie5Tv0jxaS4RuUlmEIzRbgw,"https://www.google.com/maps/search/?api=1&query=-6.227072,106.798942",-6.2270723,106.7989424,0.06,VALID (< 30m),2025-08-16,BASE,1933.7,1647.42,85.2,2328.44,83.0,17.0,394.74,286.28,681.02,4,3.5° – 47.3°,8.9,839,1640.56,400,335.6,489.24,440457.2,440.46,809.0,356.33,data/raw/solar/data_layers/dsm/brt/brt-0001_dsm.tif,data/raw/solar/data_layers/rgb/brt/brt-0001_rgb.tif,data/raw/solar/data_layers/mask/brt/brt-0001_mask.tif,data/raw/solar/data_layers/annual_flux/brt/brt-0001_annual_flux.tif,,,,,,,Gap Sedikit,False,0.6044376544232988
BRT-0026,Halte Terminal 3,brt,Halte TransJakarta & Shelter,Kota Tangerang,15126.0,transjakarta_stations.csv,-6.11998,106.665713,buildings/ChIJsVdwZV0Cai4RNk3qH_5PJBA,"https://www.google.com/maps/search/?api=1&query=-6.119980,106.665713",-6.1199799,106.6657129,0.02,VALID (< 30m),2025-07-26,BASE,1276.36,1095.66,85.8,1591.95,80.2,19.8,315.59,180.69,496.29,2,20.2° – 35.8°,25.0,558,1699.54,400,223.2,347.75,303470.26,303.47,809.0,245.51,data/raw/solar/data_layers/dsm/brt/brt-0026_dsm.tif,data/raw/solar/data_layers/rgb/brt/brt-0026_rgb.tif,data/raw/solar/data_layers/mask/brt/brt-0026_mask.tif,data/raw/solar/data_layers/annual_flux/brt/brt-0026_annual_flux.tif,,,,,,,Gap Sedikit,False,0.6000293856789768
BRT-0257,Halte Arion Mall,brt,Halte TransJakarta & Shelter,Jakarta Timur,13220.0,transjakarta_stations.csv,-6.194084,106.890462,buildings/ChIJtYtxcsD0aS4RuAmHAC7k1as,"https://www.google.com/maps/search/?api=1&query=-6.194084,106.890462",-6.194084,106.8904616,0.04,VALID (< 30m),2025-08-16,BASE,4051.8,3180.96,78.5,4638.11,87.4,12.6,586.31,870.85,1457.16,26,0.8° – 21.4°,3.1,1620,1675.37,400,648.0,1054.86,868509.53,868.51,809.0,702.62,data/raw/solar/data_layers/dsm/brt/brt-0257_dsm.tif,data/raw/solar/data_layers/rgb/brt/brt-0257_rgb.tif,data/raw/solar/data_layers/mask/brt/brt-0257_mask.tif,data/raw/solar/data_layers/annual_flux/brt/brt-0257_annual_flux.tif,,,,,,,Gap Sedikit,False,0.5947405944715323
BRT-0168,Halte Terminal Kargo 2,brt,Halte TransJakarta & Shelter,Kota Tangerang,15126.0,transjakarta_stations.csv,-6.125544,106.663458,buildings/ChIJ4beNTG8Cai4RL2MZN4hSyVA,"https://www.google.com/maps/search/?api=1&query=-6.125544,106.663458",-6.1255435,106.6634581,0.06,VALID (< 30m),2025-07-26,BASE,4450.96,3426.4,77.0,5021.27,88.6,11.4,570.31,1024.56,1594.86,32,3.4° – 13.1°,8.7,1745,1729.18,400,698.0,1173.85,965573.05,965.57,809.0,781.15,data/raw/solar/data_layers/dsm/brt/brt-0168_dsm.tif,data/raw/solar/data_layers/rgb/brt/brt-0168_rgb.tif,data/raw/solar/data_layers/mask/brt/brt-0168_mask.tif,data/raw/solar/data_layers/annual_flux/brt/brt-0168_annual_flux.tif,,,,,,,Gap Sedikit,False,0.5911483233286815
BRT-0152,Halte Simpang Empat 2,brt,Halte TransJakarta & Shelter,Kota Tangerang,14460.0,transjakarta_stations.csv,-6.087674,106.732499,buildings/GhIJUd9sz8pZGMAR2p4R0d-uWkA,"https://www.google.com/maps/search/?api=1&query=-6.087674,106.732499",-6.087674,106.7324987,0.03,VALID (< 30m),2024-09-19,BASE,2390.6,1857.52,77.7,3270.43,73.1,26.9,879.83,533.07,1412.9,18,0.7° – 23.3°,3.7,946,1745.25,400,378.4,647.71,528321.38,528.32,809.0,427.41,data/raw/solar/data_layers/dsm/brt/brt-0152_dsm.tif,data/raw/solar/data_layers/rgb/brt/brt-0152_rgb.tif,data/raw/solar/data_layers/mask/brt/brt-0152_mask.tif,data/raw/solar/data_layers/annual_flux/brt/brt-0152_annual_flux.tif,,,,,,,Gap Sedang,False,0.5736656327350669
BRT-0004,Halte Simpang Pulo Mas Raya Timur,brt,Halte TransJakarta & Shelter,Jakarta Timur,13210.0,transjakarta_stations.csv,-6.178359,106.885496,buildings/ChIJE_izIeH0aS4RqSq623bzol8,"https://www.google.com/maps/search/?api=1&query=-6.178359,106.885496",-6.1783587,106.8854957,0.05,VALID (< 30m),2025-07-26,BASE,313.64,247.41,78.9,436.34,71.9,28.1,122.7,66.23,188.93,1,3.3° – 3.3°,3.3,126,1666.85,400,50.4,82.99,67207.24,67.21,809.0,54.37,data/raw/solar/data_layers/dsm/brt/brt-0004_dsm.tif,data/raw/solar/data_layers/rgb/brt/brt-0004_rgb.tif,data/raw/solar/data_layers/mask/brt/brt-0004_mask.tif,data/raw/solar/data_layers/annual_flux/brt/brt-0004_annual_flux.tif,,,,,,,Gap Sedang,False,0.5576292215960059
BRT-0129,Halte Simpang Terusan Bandengan,brt,Halte TransJakarta & Shelter,Jakarta Utara,14450.0,transjakarta_stations.csv,-6.137821,106.791769,buildings/ChIJw1wPZyD2aS4RfmayPnutn_0,"https://www.google.com/maps/search/?api=1&query=-6.137821,106.791769",-6.1378214,106.7917687,0.06,VALID (< 30m),2025-07-26,BASE,3681.25,2582.07,70.1,4066.31,90.5,9.5,385.07,1099.17,1484.24,54,0.6° – 32.9°,5.8,1315,1674.38,400,526.0,850.64,704578.18,704.58,809.0,570.0,data/raw/solar/data_layers/dsm/brt/brt-0129_dsm.tif,data/raw/solar/data_layers/rgb/brt/brt-0129_rgb.tif,data/raw/solar/data_layers/mask/brt/brt-0129_mask.tif,data/raw/solar/data_layers/annual_flux/brt/brt-0129_annual_flux.tif,,,,,,,Gap Sedikit,False,0.5489530055338849
BRT-0361,Halte Simpang Bunga Flamboyan Asem II,brt,Halte TransJakarta & Shelter,Jakarta Selatan,12410.0,transjakarta_stations.csv,-6.272213,106.80309,buildings/ChIJO0EwqJHxaS4RQYG8Sr5lUN4,"https://www.google.com/maps/search/?api=1&query=-6.272141,106.803130",-6.272140599999999,106.8031301,9.19,VALID (< 30m),2025-08-16,BASE,117.05,100.14,85.6,135.7,86.3,13.7,18.66,16.91,35.56,1,13.5° – 13.5°,13.5,51,1502.36,400,20.4,28.71,24518.55,24.52,809.0,19.84,data/raw/solar/data_layers/dsm/brt/brt-0361_dsm.tif,data/raw/solar/data_layers/rgb/brt/brt-0361_rgb.tif,data/raw/solar/data_layers/mask/brt/brt-0361_mask.tif,data/raw/solar/data_layers/annual_flux/brt/brt-0361_annual_flux.tif,,,,,,,Gap Sedikit,False,0.539229484350402
BRT-0246,Halte Simpang Jln. RM Margono,brt,Halte TransJakarta & Shelter,Jakarta Pusat,10250.0,transjakarta_stations.csv,-6.201884,106.81638,buildings/ChIJy4oeyqD2aS4R0LUfHBzmAzM,"https://www.google.com/maps/search/?api=1&query=-6.201884,106.816380",-6.2018837,106.8163799,0.04,VALID (< 30m),2025-08-16,BASE,668.35,490.89,73.4,2474.14,27.0,73.0,1805.8,177.46,1983.26,6,4.5° – 39.4°,21.4,250,1552.34,400,100.0,118.13,124187.16,124.19,809.0,100.47,data/raw/solar/data_layers/dsm/brt/brt-0246_dsm.tif,data/raw/solar/data_layers/rgb/brt/brt-0246_rgb.tif,data/raw/solar/data_layers/mask/brt/brt-0246_mask.tif,data/raw/solar/data_layers/annual_flux/brt/brt-0246_annual_flux.tif,,,,,,,Gap Besar,False,0.536186240373054
BRT-0178,Halte Simpang Rawa Bokor,brt,Halte TransJakarta & Shelter,Kota Tangerang,15125.0,transjakarta_stations.csv,-6.114804,106.689168,buildings/ChIJQ_2t5u0Cai4RUtBM59aj2gI,"https://www.google.com/maps/search/?api=1&query=-6.114767,106.689243",-6.1147666,106.689243,9.28,VALID (< 30m),2024-09-19,BASE,109.44,92.29,84.3,143.21,76.4,23.6,33.77,17.16,50.92,2,24.7° – 25.2°,24.9,47,1725.6,400,18.8,29.73,25953.02,25.95,809.0,21.0,data/raw/solar/data_layers/dsm/brt/brt-0178_dsm.tif,data/raw/solar/data_layers/rgb/brt/brt-0178_rgb.tif,data/raw/solar/data_layers/mask/brt/brt-0178_mask.tif,data/raw/solar/data_layers/annual_flux/brt/brt-0178_annual_flux.tif,,,,,,,Gap Sedang,False,0.5328242679092358
BRT-0298,Halte Stasiun Klender,brt,Halte TransJakarta & Shelter,Jakarta Timur,13470.0,transjakarta_stations.csv,-6.213532,106.89866,buildings/ChIJsy_evaf0aS4RoRQNh_GejjQ,"https://www.google.com/maps/search/?api=1&query=-6.213542,106.898636",-6.2135416,106.8986359,2.87,VALID (< 30m),2025-08-16,BASE,125.75,96.21,76.5,271.25,46.4,53.6,145.5,29.54,175.03,1,4.3° – 4.3°,4.3,49,1666.73,400,19.6,29.74,26134.35,26.13,809.0,21.14,data/raw/solar/data_layers/dsm/brt/brt-0298_dsm.tif,data/raw/solar/data_layers/rgb/brt/brt-0298_rgb.tif,data/raw/solar/data_layers/mask/brt/brt-0298_mask.tif,data/raw/solar/data_layers/annual_flux/brt/brt-0298_annual_flux.tif,,,,,,,Gap Besar,False,0.5304742075490481
BRT-0206,Halte Simpang Tunda Bara TB Simatupang,brt,Halte TransJakarta & Shelter,Jakarta Selatan,12430.0,transjakarta_stations.csv,-6.292871,106.797896,buildings/ChIJcR2y-ubxaS4RYYWVqtKa8hk,"https://www.google.com/maps/search/?api=1&query=-6.292871,106.797896",-6.292870799999999,106.7978961,0.02,VALID (< 30m),2025-08-16,BASE,648.73,463.4,71.4,849.74,76.3,23.7,201.01,185.33,386.34,6,1.2° – 15.8°,2.6,236,1613.76,400,94.4,147.5,121871.15,121.87,809.0,98.59,data/raw/solar/data_layers/dsm/brt/brt-0206_dsm.tif,data/raw/solar/data_layers/rgb/brt/brt-0206_rgb.tif,data/raw/solar/data_layers/mask/brt/brt-0206_mask.tif,data/raw/solar/data_layers/annual_flux/brt/brt-0206_annual_flux.tif,,,,,,,Gap Sedang,False,0.5269352283881568
BRT-0224,Halte Simpang Jln. Malibu Raya,brt,Halte TransJakarta & Shelter,Kota Tangerang,11730.0,transjakarta_stations.csv,-6.13686,106.735798,buildings/GhIJeQh4vCKMGMARfVSrVhevWkA,"https://www.google.com/maps/search/?api=1&query=-6.136860,106.735798",-6.1368602,106.7357981,0.02,VALID (< 30m),2024-09-19,BASE,78.57,56.94,72.5,126.83,61.9,38.1,48.26,21.63,69.89,1,3.8° – 3.8°,3.8,29,1699.39,400,11.6,19.3,15770.29,15.77,809.0,12.76,data/raw/solar/data_layers/dsm/brt/brt-0224_dsm.tif,data/raw/solar/data_layers/rgb/brt/brt-0224_rgb.tif,data/raw/solar/data_layers/mask/brt/brt-0224_mask.tif,data/raw/solar/data_layers/annual_flux/brt/brt-0224_annual_flux.tif,,,,,,,Gap Besar,False,0.5264950834109237
BRT-0345,Halte Simpang Cemara Labu,brt,Halte TransJakarta & Shelter,Jakarta Utara,14270.0,transjakarta_stations.csv,-6.116039,106.91522,buildings/ChIJo4eDXx4gai4R6WrSpLVRMT0,"https://www.google.com/maps/search/?api=1&query=-6.115965,106.915193",-6.1159652,106.9151931,8.73,VALID (< 30m),2025-07-05,BASE,110.56,90.32,81.7,149.24,74.1,25.9,38.68,20.24,58.91,1,3.3° – 3.3°,3.3,46,1700.58,400,18.4,30.79,25032.51,25.03,809.0,20.25,data/raw/solar/data_layers/dsm/brt/brt-0345_dsm.tif,data/raw/solar/data_layers/rgb/brt/brt-0345_rgb.tif,data/raw/solar/data_layers/mask/brt/brt-0345_mask.tif,data/raw/solar/data_layers/annual_flux/brt/brt-0345_annual_flux.tif,,,,,,,Gap Sedang,False,0.5239146991449402
BRT-0229,Halte Mall Artha Gading,brt,Halte TransJakarta & Shelter,Jakarta Utara,14240.0,transjakarta_stations.csv,-6.1451,106.891558,buildings/GhIJ-iolopaUGMARpOu7Ng-5WkA,"https://www.google.com/maps/search/?api=1&query=-6.145100,106.891558",-6.145099999999999,106.8915581,0.01,VALID (< 30m),2025-07-26,BASE,98.7,70.69,71.6,129.58,76.2,23.8,30.88,28.01,58.89,1,4.0° – 4.0°,4.0,36,1683.64,400,14.4,23.74,19395.5,19.4,809.0,15.69,data/raw/solar/data_layers/dsm/brt/brt-0229_dsm.tif,data/raw/solar/data_layers/rgb/brt/brt-0229_rgb.tif,data/raw/solar/data_layers/mask/brt/brt-0229_mask.tif,data/raw/solar/data_layers/annual_flux/brt/brt-0229_annual_flux.tif,,,,,,,Gap Sedang,False,0.5226831485241248
BRT-0232,Halte Simpang Tridharma Bango Raya,brt,Halte TransJakarta & Shelter,Jakarta Selatan,12450.0,transjakarta_stations.csv,-6.303235,106.804553,buildings/ChIJi2L5wRzuaS4RcW791miQAoY,"https://www.google.com/maps/search/?api=1&query=-6.303277,106.804594",-6.3032774,106.8045938,6.52,VALID (< 30m),2024-10-26,BASE,142.23,111.92,78.7,168.55,84.4,15.6,26.32,30.31,56.63,2,7.7° – 11.9°,10.1,57,1646.13,400,22.8,35.58,30025.37,30.03,809.0,24.29,data/raw/solar/data_layers/dsm/brt/brt-0232_dsm.tif,data/raw/solar/data_layers/rgb/brt/brt-0232_rgb.tif,data/raw/solar/data_layers/mask/brt/brt-0232_mask.tif,data/raw/solar/data_layers/annual_flux/brt/brt-0232_annual_flux.tif,,,,,,,Gap Sedikit,False,0.5219759355160235
BRT-0059,Halte Simpang Sinar Lagoa,brt,Halte TransJakarta & Shelter,Jakarta Utara,14270.0,transjakarta_stations.csv,-6.108986,106.90781,buildings/ChIJHzv_vYsfai4Rl23r8KbYJFg,"https://www.google.com/maps/search/?api=1&query=-6.109001,106.907824",-6.109000699999999,106.9078237,2.23,VALID (< 30m),2025-07-05,BASE,85.63,62.83,73.4,113.69,75.3,24.7,28.06,22.79,50.85,2,5.1° – 16.8°,10.3,32,1708.08,400,12.8,21.53,17490.72,17.49,809.0,14.15,data/raw/solar/data_layers/dsm/brt/brt-0059_dsm.tif,data/raw/solar/data_layers/rgb/brt/brt-0059_rgb.tif,data/raw/solar/data_layers/mask/brt/brt-0059_mask.tif,data/raw/solar/data_layers/annual_flux/brt/brt-0059_annual_flux.tif,,,,,,,Gap Sedang,False,0.519359777807149
BRT-0191,Halte Lotte Mall Kuningan 1,brt,Halte TransJakarta & Shelter,Jakarta Selatan,12940.0,transjakarta_stations.csv,-6.22265,106.823077,buildings/ChIJ20AUA_zzaS4RIDofO6VpVHU,"https://www.google.com/maps/search/?api=1&query=-6.222650,106.823077",-6.2226504,106.8230775,0.07,VALID (< 30m),2025-08-16,BASE,677.07,471.25,69.6,875.12,77.4,22.6,198.05,205.82,403.87,10,1.4° – 26.6°,8.8,240,1635.31,400,96.0,144.25,125592.1,125.59,809.0,101.6,data/raw/solar/data_layers/dsm/brt/brt-0191_dsm.tif,data/raw/solar/data_layers/rgb/brt/brt-0191_rgb.tif,data/raw/solar/data_layers/mask/brt/brt-0191_mask.tif,data/raw/solar/data_layers/annual_flux/brt/brt-0191_annual_flux.tif,,,,,,,Gap Sedang,False,0.5186946666436942
BRT-0332,Halte Simpang Cempaka Putih Ahmad Yani,brt,Halte TransJakarta & Shelter,Jakarta Timur,10510.0,transjakarta_stations.csv,-6.176898,106.87556,buildings/GhIJmbqOcBC1GMARCnRNhgq4WkA,"https://www.google.com/maps/search/?api=1&query=-6.176834,106.875639",-6.1768339,106.8756395,11.32,VALID (< 30m),2024-10-26,BASE,82.74,68.72,83.1,123.12,67.2,32.8,40.38,14.01,54.4,1,1.1° – 1.1°,1.1,35,1650.15,400,14.0,21.88,18481.65,18.48,809.0,14.95,data/raw/solar/data_layers/dsm/brt/brt-0332_dsm.tif,data/raw/solar/data_layers/rgb/brt/brt-0332_rgb.tif,data/raw/solar/data_layers/mask/brt/brt-0332_mask.tif,data/raw/solar/data_layers/annual_flux/brt/brt-0332_annual_flux.tif,,,,,,,Gap Besar,False,0.5167266391361679
BRT-0302,Halte Simpang Kuningan,brt,Halte TransJakarta & Shelter,Jakarta Selatan,12950.0,transjakarta_stations.csv,-6.237005,106.8283,buildings/GhIJbXJb6bHyGMARzTQh9AK1WkA,"https://www.google.com/maps/search/?api=1&query=-6.237005,106.828300",-6.237005,106.8282998,0.02,VALID (< 30m),2025-08-16,BASE,39.23,27.49,70.1,52.92,74.1,25.9,13.69,11.74,25.43,1,6.4° – 6.4°,6.4,14,1448.77,400,5.6,7.61,6490.51,6.49,809.0,5.25,data/raw/solar/data_layers/dsm/brt/brt-0302_dsm.tif,data/raw/solar/data_layers/rgb/brt/brt-0302_rgb.tif,data/raw/solar/data_layers/mask/brt/brt-0302_mask.tif,data/raw/solar/data_layers/annual_flux/brt/brt-0302_annual_flux.tif,,,,,,,Gap Sedang,False,0.5153184242762746
BRT-0155,Halte Simpang Panjang Kb. Jeruk 1,brt,Halte TransJakarta & Shelter,Jakarta Barat,11530.0,transjakarta_stations.csv,-6.198159,106.76922,buildings/ChIJk5Zq8x_3aS4RYmU7NVeiWBA,"https://www.google.com/maps/search/?api=1&query=-6.198230,106.769267",-6.198230100000001,106.7692668,9.45,VALID (< 30m),2023-08-06,BASE,85.7,68.72,80.2,99.12,86.5,13.5,13.42,16.98,30.4,2,23.3° – 24.2°,23.7,35,1626.48,400,14.0,21.42,18216.6,18.22,809.0,14.74,data/raw/solar/data_layers/dsm/brt/brt-0155_dsm.tif,data/raw/solar/data_layers/rgb/brt/brt-0155_rgb.tif,data/raw/solar/data_layers/mask/brt/brt-0155_mask.tif,data/raw/solar/data_layers/annual_flux/brt/brt-0155_annual_flux.tif,,,,,,,Gap Sedikit,False,0.5132191665288508
BRT-0230,Halte Mall Cipinang Indah 1,brt,Halte TransJakarta & Shelter,Jakarta Timur,13430.0,transjakarta_stations.csv,-6.239659,106.894713,buildings/GhIJj0p6A2r1GMARBnYV_kK5WkA,"https://www.google.com/maps/search/?api=1&query=-6.239659,106.894713",-6.239659100000001,106.8947127,0.03,VALID (< 30m),2025-08-16,BASE,67.92,47.13,69.4,67.96,99.9,0.1,0.04,20.8,20.84,1,4.5° – 4.5°,4.5,24,1616.99,400,9.6,15.36,12418.47,12.42,809.0,10.05,data/raw/solar/data_layers/dsm/brt/brt-0230_dsm.tif,data/raw/solar/data_layers/rgb/brt/brt-0230_rgb.tif,data/raw/solar/data_layers/mask/brt/brt-0230_mask.tif,data/raw/solar/data_layers/annual_flux/brt/brt-0230_annual_flux.tif,,,,,,,Gap Sedikit,False,0.5123815093967514
BRT-0200,Halte Mall Cipinang Indah 2,brt,Halte TransJakarta & Shelter,Jakarta Timur,13430.0,transjakarta_stations.csv,-6.239659,106.894713,buildings/GhIJj0p6A2r1GMARBnYV_kK5WkA,"https://www.google.com/maps/search/?api=1&query=-6.239659,106.894713",-6.239659100000001,106.8947127,0.03,VALID (< 30m),2025-08-16,BASE,67.92,47.13,69.4,67.96,99.9,0.1,0.04,20.8,20.84,1,4.5° – 4.5°,4.5,24,1616.99,400,9.6,15.36,12418.47,12.42,809.0,10.05,data/raw/solar/data_layers/dsm/brt/brt-0200_dsm.tif,data/raw/solar/data_layers/rgb/brt/brt-0200_rgb.tif,data/raw/solar/data_layers/mask/brt/brt-0200_mask.tif,data/raw/solar/data_layers/annual_flux/brt/brt-0200_annual_flux.tif,,,,,,,Gap Sedikit,False,0.5123815093967514
BRT-0360,Halte Simpang Bundaran Ikan Harapan Indah Raya 1,brt,Halte TransJakarta & Shelter,Kota Bekasi,17131.0,transjakarta_stations.csv,-6.181458,106.98134,buildings/ChIJl5kUireLaS4RVIC_anjWbaw,"https://www.google.com/maps/search/?api=1&query=-6.181461,106.981323",-6.181461199999999,106.9813228,1.93,VALID (< 30m),2025-07-05,BASE,35.98,25.53,70.9,62.01,58.0,42.0,26.03,10.46,36.48,1,2.4° – 2.4°,2.4,13,1696.63,400,5.2,8.48,7058.0,7.06,809.0,5.71,data/raw/solar/data_layers/dsm/brt/brt-0360_dsm.tif,data/raw/solar/data_layers/rgb/brt/brt-0360_rgb.tif,data/raw/solar/data_layers/mask/brt/brt-0360_mask.tif,data/raw/solar/data_layers/annual_flux/brt/brt-0360_annual_flux.tif,,,,,,,Gap Besar,False,0.5091579155139839
BRT-0211,Halte Simpang St. Senen,brt,Halte TransJakarta & Shelter,Jakarta Pusat,10450.0,transjakarta_stations.csv,-6.176548,106.844606,buildings/ChIJP9RQJkv0aS4R5YlN380Gubw,"https://www.google.com/maps/search/?api=1&query=-6.176548,106.844606",-6.1765482,106.8446061,0.02,VALID (< 30m),2024-10-26,BASE,71.82,49.09,68.3,87.63,82.0,18.0,15.8,22.73,38.54,1,10.9° – 10.9°,10.9,25,1565.59,400,10.0,14.7,12524.69,12.52,809.0,10.13,data/raw/solar/data_layers/dsm/brt/brt-0211_dsm.tif,data/raw/solar/data_layers/rgb/brt/brt-0211_rgb.tif,data/raw/solar/data_layers/mask/brt/brt-0211_mask.tif,data/raw/solar/data_layers/annual_flux/brt/brt-0211_annual_flux.tif,,,,,,,Gap Sedikit,False,0.5075146411547925
BRT-0086,Halte Simpang Gotong Royong 2,brt,Halte TransJakarta & Shelter,Jakarta Utara,14320.0,transjakarta_stations.csv,-6.125006,106.893148,buildings/GhIJX2IE1wOAGMARZYeoVim5WkA,"https://www.google.com/maps/search/?api=1&query=-6.125006,106.893148",-6.125006099999999,106.8931484,0.05,VALID (< 30m),2025-07-26,BASE,46.18,31.42,68.0,46.18,100.0,0.0,0.0,14.76,14.76,1,32.2° – 32.2°,32.2,16,1591.26,400,6.4,8.95,8147.24,8.15,809.0,6.59,data/raw/solar/data_layers/dsm/brt/brt-0086_dsm.tif,data/raw/solar/data_layers/rgb/brt/brt-0086_rgb.tif,data/raw/solar/data_layers/mask/brt/brt-0086_mask.tif,data/raw/solar/data_layers/annual_flux/brt/brt-0086_annual_flux.tif,,,,,,,Gap Sedikit,False,0.5057794138208002
BRT-0239,Halte Flyover Jatinegara,brt,Halte TransJakarta & Shelter,Jakarta Timur,13410.0,transjakarta_stations.csv,-6.215265,106.873736,buildings/GhIJgytE6HHcGMARyLHfSuy3WkA,"https://www.google.com/maps/search/?api=1&query=-6.215265,106.873736",-6.2152651,106.8737361,0.02,VALID (< 30m),2025-08-16,BASE,124.99,84.43,67.6,124.99,100.0,0.0,0.0,40.56,40.56,2,4.3° – 22.6°,11.0,43,1642.39,400,17.2,24.83,22599.35,22.6,809.0,18.28,data/raw/solar/data_layers/dsm/brt/brt-0239_dsm.tif,data/raw/solar/data_layers/rgb/brt/brt-0239_rgb.tif,data/raw/solar/data_layers/mask/brt/brt-0239_mask.tif,data/raw/solar/data_layers/annual_flux/brt/brt-0239_annual_flux.tif,,,,,,,Gap Sedikit,False,0.5048367446567072
BRT-0037,Halte Simpang Palmerah Barat Rawa Belong,brt,Halte TransJakarta & Shelter,Jakarta Barat,12210.0,transjakarta_stations.csv,-6.206786,106.783898,buildings/ChIJpeaNFcX2aS4RD0QqoklutB8,"https://www.google.com/maps/search/?api=1&query=-6.206885,106.783956",-6.2068846,106.783956,12.7,VALID (< 30m),2025-08-16,BASE,124.68,102.1,81.9,203.93,61.1,38.9,79.25,22.57,101.83,2,11.3° – 14.3°,12.7,52,1614.87,400,20.8,31.88,26871.38,26.87,809.0,21.74,data/raw/solar/data_layers/dsm/brt/brt-0037_dsm.tif,data/raw/solar/data_layers/rgb/brt/brt-0037_rgb.tif,data/raw/solar/data_layers/mask/brt/brt-0037_mask.tif,data/raw/solar/data_layers/annual_flux/brt/brt-0037_annual_flux.tif,,,,,,,Gap Besar,False,0.5047454863010208
BRT-0165,Halte Mall Kelapa Gading,brt,Halte TransJakarta & Shelter,Jakarta Utara,14240.0,transjakarta_stations.csv,-6.155906,106.908551,buildings/GhIJ6zkfC3qfGMAROUX-Oia6WkA,"https://www.google.com/maps/search/?api=1&query=-6.155906,106.908551",-6.1559064,106.9085506,0.06,VALID (< 30m),2025-07-05,BASE,338.81,227.77,67.2,338.99,99.9,0.1,0.18,111.04,111.22,3,2.8° – 6.6°,5.8,116,1664.01,400,46.4,65.08,61768.19,61.77,809.0,49.97,data/raw/solar/data_layers/dsm/brt/brt-0165_dsm.tif,data/raw/solar/data_layers/rgb/brt/brt-0165_rgb.tif,data/raw/solar/data_layers/mask/brt/brt-0165_mask.tif,data/raw/solar/data_layers/annual_flux/brt/brt-0165_annual_flux.tif,,,,,,,Gap Sedikit,False,0.5047339151555594
BRT-0002,Halte Simpang Prepedan Benda Raya,brt,Halte TransJakarta & Shelter,Kota Tangerang,11810.0,transjakarta_stations.csv,-6.106575,106.70192,buildings/ChIJu-ClCd0Cai4ReZxHaX4ovKY,"https://www.google.com/maps/search/?api=1&query=-6.106500,106.701878",-6.1065,106.701878,9.55,VALID (< 30m),2024-09-19,BASE,138.59,108.0,77.9,174.44,79.5,20.5,35.84,30.6,66.44,1,1.9° – 1.9°,1.9,55,1724.64,400,22.0,37.39,30353.58,30.35,809.0,24.56,data/raw/solar/data_layers/dsm/brt/brt-0002_dsm.tif,data/raw/solar/data_layers/rgb/brt/brt-0002_rgb.tif,data/raw/solar/data_layers/mask/brt/brt-0002_mask.tif,data/raw/solar/data_layers/annual_flux/brt/brt-0002_annual_flux.tif,,,,,,,Gap Sedang,False,0.5028928535250218
BRT-0175,Halte Simpang Jln. Cemara,brt,Halte TransJakarta & Shelter,Jakarta Utara,14350.0,transjakarta_stations.csv,-6.126981,106.857397,buildings/ChIJCe3RZi4eai4RFp79Hi5Jjag,"https://www.google.com/maps/search/?api=1&query=-6.126981,106.857397",-6.1269811,106.8573972,0.02,VALID (< 30m),2025-07-26,BASE,1247.15,810.95,65.0,1415.16,88.1,11.9,168.02,436.2,604.22,30,1.3° – 35.0°,6.8,413,1707.98,400,165.2,275.41,225727.23,225.73,809.0,182.61,data/raw/solar/data_layers/dsm/brt/brt-0175_dsm.tif,data/raw/solar/data_layers/rgb/brt/brt-0175_rgb.tif,data/raw/solar/data_layers/mask/brt/brt-0175_mask.tif,data/raw/solar/data_layers/annual_flux/brt/brt-0175_annual_flux.tif,,,,,,,Gap Sedikit,False,0.5027748641101049
BRT-0303,Halte Simpang Jln. BRI Radio Dalam 2,brt,Halte TransJakarta & Shelter,Jakarta Selatan,12140.0,transjakarta_stations.csv,-6.257118,106.790375,buildings/ChIJM0NTTgrxaS4Rqeu6JQyTvRk,"https://www.google.com/maps/search/?api=1&query=-6.257118,106.790375",-6.2571179,106.790375,0.01,VALID (< 30m),2025-08-16,BASE,320.97,214.03,66.7,381.19,84.2,15.8,60.22,106.94,167.16,6,3.5° – 19.6°,8.1,109,1641.53,400,43.6,69.97,57256.44,57.26,809.0,46.32,data/raw/solar/data_layers/dsm/brt/brt-0303_dsm.tif,data/raw/solar/data_layers/rgb/brt/brt-0303_rgb.tif,data/raw/solar/data_layers/mask/brt/brt-0303_mask.tif,data/raw/solar/data_layers/annual_flux/brt/brt-0303_annual_flux.tif,,,,,,,Gap Sedikit,False,0.5025593698841007
BRT-0299,Halte Plaza St. Manggarai,brt,Halte TransJakarta & Shelter,Jakarta Pusat,12850.0,transjakarta_stations.csv,-6.210225,106.85099,buildings/ChIJ432_3HD0aS4Rob0HsojoEbQ,"https://www.google.com/maps/search/?api=1&query=-6.210280,106.850916",-6.210280399999999,106.8509157,10.27,VALID (< 30m),2025-08-16,BASE,149.97,117.81,78.6,213.36,70.3,29.7,63.39,32.15,95.54,2,6.2° – 7.0°,6.8,60,1622.1,400,24.0,37.65,31144.32,31.14,809.0,25.2,data/raw/solar/data_layers/dsm/brt/brt-0299_dsm.tif,data/raw/solar/data_layers/rgb/brt/brt-0299_rgb.tif,data/raw/solar/data_layers/mask/brt/brt-0299_mask.tif,data/raw/solar/data_layers/annual_flux/brt/brt-0299_annual_flux.tif,,,,,,,Gap Sedang,False,0.5025011131426477
KRL-0055,Stasiun KRL Halim,krl,Stasiun KRL Commuter Line,Jakarta Timur,13610.0,stations_jakarta.gpkg:5851224882,-6.245635,106.884487,buildings/ChIJUcXkZRfzaS4R6kD5aGq9q78,"https://www.google.com/maps/search/?api=1&query=-6.245661,106.884422",-6.2456606,106.8844224,7.69,VALID (< 30m),2025-08-16,BASE,20729.51,19101.46,92.1,33008.11,62.8,37.2,12278.6,1628.05,13906.65,7,0.2° – 70.3°,6.7,9728,1640.21,400,3891.2,5984.61,5105912.79,5105.91,809.0,4130.68,data/raw/solar/data_layers/dsm/krl/krl-0055_dsm.tif,data/raw/solar/data_layers/rgb/krl/krl-0055_rgb.tif,data/raw/solar/data_layers/mask/krl/krl-0055_mask.tif,data/raw/solar/data_layers/annual_flux/krl/krl-0055_annual_flux.tif,,,,,,,Gap Besar,False,0.9597803313339017
KRL-0016,Stasiun Jakarta Kota,krl,Stasiun KRL Commuter Line,Jakarta Utara,11110.0,krl_stations.csv,-6.137362,106.815217,buildings/ChIJj3l0NgD2aS4Rdf2IvAf8tzk,"https://www.google.com/maps/search/?api=1&query=-6.137362,106.815217",-6.1373618,106.8152171,0.02,VALID (< 30m),2025-07-26,BASE,10407.02,9242.45,88.8,19764.63,52.7,47.3,9357.61,1164.57,10522.18,10,0.7° – 18.1°,5.8,4707,1660.78,400,1882.8,2838.87,2501530.86,2501.53,809.0,2023.74,data/raw/solar/data_layers/dsm/krl/krl-0016_dsm.tif,data/raw/solar/data_layers/rgb/krl/krl-0016_rgb.tif,data/raw/solar/data_layers/mask/krl/krl-0016_mask.tif,data/raw/solar/data_layers/annual_flux/krl/krl-0016_annual_flux.tif,,,,,,,Gap Besar,False,0.7791075535927806
KRL-0029,Stasiun Manggarai,krl,Stasiun KRL Commuter Line,Jakarta Pusat,12850.0,krl_stations.csv,-6.21017,106.849935,buildings/ChIJx6Y3I3H0aS4RMX7C5Jw8YAI,"https://www.google.com/maps/search/?api=1&query=-6.210189,106.849856",-6.210189199999999,106.8498556,9.03,VALID (< 30m),2025-08-16,BASE,9871.97,8696.58,88.1,13129.91,75.2,24.8,3257.94,1175.39,4433.33,15,0.4° – 28.9°,5.9,4429,1652.85,400,1771.6,2863.0,2342546.71,2342.55,809.0,1895.12,data/raw/solar/data_layers/dsm/krl/krl-0029_dsm.tif,data/raw/solar/data_layers/rgb/krl/krl-0029_rgb.tif,data/raw/solar/data_layers/mask/krl/krl-0029_mask.tif,data/raw/solar/data_layers/annual_flux/krl/krl-0029_annual_flux.tif,,,,,,,Gap Sedang,False,0.7175130291218476
KRL-0052,Stasiun KRL BNI City,krl,Stasiun KRL Commuter Line,Jakarta Pusat,10230.0,stations_jakarta.gpkg:4908440160,-6.201594,106.819717,buildings/ChIJv-zucR70aS4R4HAMRyH0BaU,"https://www.google.com/maps/search/?api=1&query=-6.201606,106.819798",-6.201606099999999,106.8197978,9.03,VALID (< 30m),2025-08-16,BASE,5932.63,5297.67,89.3,6872.64,86.3,13.7,940.01,634.96,1574.97,7,1.2° – 8.1°,1.9,2698,1640.66,400,1079.2,1701.0,1416479.27,1416.48,809.0,1145.93,data/raw/solar/data_layers/dsm/krl/krl-0052_dsm.tif,data/raw/solar/data_layers/rgb/krl/krl-0052_rgb.tif,data/raw/solar/data_layers/mask/krl/krl-0052_mask.tif,data/raw/solar/data_layers/annual_flux/krl/krl-0052_annual_flux.tif,,,,,,,Gap Sedikit,False,0.651548768625811
KRL-0071,Stasiun KRL Cipete Raya TUKU,krl,Stasiun KRL Commuter Line,Jakarta Selatan,12420.0,stations_jakarta.gpkg:6196107729,-6.27836,106.797316,buildings/ChIJpeCp35TxaS4RDUmeARBfs3I,"https://www.google.com/maps/search/?api=1&query=-6.278361,106.797312",-6.2783606,106.7973123,0.41,VALID (< 30m),2025-08-16,BASE,3850.96,3224.16,83.7,4459.47,86.4,13.6,608.52,626.8,1235.32,12,2.0° – 23.9°,15.7,1642,1645.6,400,656.8,1026.12,864661.49,864.66,809.0,699.51,data/raw/solar/data_layers/dsm/krl/krl-0071_dsm.tif,data/raw/solar/data_layers/rgb/krl/krl-0071_rgb.tif,data/raw/solar/data_layers/mask/krl/krl-0071_mask.tif,data/raw/solar/data_layers/annual_flux/krl/krl-0071_annual_flux.tif,,,,,,,Gap Sedikit,False,0.628890007305166
KRL-0072,Stasiun KRL Fatmawati Indomaret,krl,Stasiun KRL Commuter Line,Jakarta Selatan,12430.0,stations_jakarta.gpkg:6577753462,-6.292451,106.792464,buildings/ChIJ0Z7aCd3xaS4RwuuX-G4pHic,"https://www.google.com/maps/search/?api=1&query=-6.292451,106.792528",-6.2924507,106.7925279,7.06,VALID (< 30m),2025-08-16,BASE,3642.58,3210.41,88.1,4927.01,73.9,26.1,1284.43,432.17,1716.6,9,0.4° – 43.8°,3.4,1635,1638.33,400,654.0,1007.37,857172.01,857.17,809.0,693.45,data/raw/solar/data_layers/dsm/krl/krl-0072_dsm.tif,data/raw/solar/data_layers/rgb/krl/krl-0072_rgb.tif,data/raw/solar/data_layers/mask/krl/krl-0072_mask.tif,data/raw/solar/data_layers/annual_flux/krl/krl-0072_annual_flux.tif,,,,,,,Gap Sedang,False,0.612931507741215
KRL-0070,Stasiun KRL Haji Nawi,krl,Stasiun KRL Commuter Line,Jakarta Selatan,12420.0,stations_jakarta.gpkg:6196107728,-6.266695,106.797326,buildings/ChIJyxjVrJnxaS4RkUj8PkaTE-I,"https://www.google.com/maps/search/?api=1&query=-6.266732,106.797299",-6.2667319,106.7972986,5.1,VALID (< 30m),2025-08-16,BASE,3137.92,2748.98,87.6,3385.41,92.7,7.3,247.49,388.94,636.43,10,6.6° – 21.5°,10.1,1400,1645.47,400,560.0,865.72,737169.57,737.17,809.0,596.37,data/raw/solar/data_layers/dsm/krl/krl-0070_dsm.tif,data/raw/solar/data_layers/rgb/krl/krl-0070_rgb.tif,data/raw/solar/data_layers/mask/krl/krl-0070_mask.tif,data/raw/solar/data_layers/annual_flux/krl/krl-0070_annual_flux.tif,,,,,,,Gap Sedikit,False,0.6113481719167893
KRL-0009,Stasiun Duri,krl,Stasiun KRL Commuter Line,Jakarta Utara,11310.0,krl_stations.csv,-6.155281,106.801325,buildings/ChIJfSU8RxP2aS4RgwDRQA5M2U0,"https://www.google.com/maps/search/?api=1&query=-6.155278,106.801324",-6.1552782,106.8013238,0.34,VALID (< 30m),2025-07-26,BASE,2270.27,1886.98,83.1,3029.68,74.9,25.1,759.4,383.3,1142.7,7,2.2° – 8.5°,4.8,961,1637.1,400,384.4,611.83,503440.9,503.44,809.0,407.28,data/raw/solar/data_layers/dsm/krl/krl-0009_dsm.tif,data/raw/solar/data_layers/rgb/krl/krl-0009_rgb.tif,data/raw/solar/data_layers/mask/krl/krl-0009_mask.tif,data/raw/solar/data_layers/annual_flux/krl/krl-0009_annual_flux.tif,,,,,,,Gap Sedang,False,0.5986486081886682
KRL-0049,Stasiun KRL ASEAN Headquarters,krl,Stasiun KRL Commuter Line,Jakarta Selatan,12120.0,stations_jakarta.gpkg:4695686975,-6.238774,106.798446,buildings/ChIJLyG3dWrxaS4RQta0OHx_MvE,"https://www.google.com/maps/search/?api=1&query=-6.238698,106.798420",-6.238698299999999,106.79842,8.89,VALID (< 30m),2025-08-16,BASE,3873.08,3322.33,85.8,4677.35,82.8,17.2,804.26,550.75,1355.01,9,2.9° – 13.4°,5.8,1692,1623.86,400,676.8,1035.73,879220.43,879.22,809.0,711.29,data/raw/solar/data_layers/dsm/krl/krl-0049_dsm.tif,data/raw/solar/data_layers/rgb/krl/krl-0049_rgb.tif,data/raw/solar/data_layers/mask/krl/krl-0049_mask.tif,data/raw/solar/data_layers/annual_flux/krl/krl-0049_annual_flux.tif,,,,,,,Gap Sedikit,False,0.5957149861555512
KRL-0069,Stasiun KRL Blok A VISA,krl,Stasiun KRL Commuter Line,Jakarta Selatan,12160.0,stations_jakarta.gpkg:6196107727,-6.255779,106.79714,buildings/ChIJ2aX593TxaS4RpN9Z69-_PrU,"https://www.google.com/maps/search/?api=1&query=-6.255825,106.797104",-6.2558254,106.7971041,6.51,VALID (< 30m),2025-08-16,BASE,3465.15,2935.51,84.7,3926.57,88.2,11.8,461.41,529.64,991.05,10,2.4° – 17.4°,8.9,1495,1642.79,400,598.0,932.84,785912.94,785.91,809.0,635.8,data/raw/solar/data_layers/dsm/krl/krl-0069_dsm.tif,data/raw/solar/data_layers/rgb/krl/krl-0069_rgb.tif,data/raw/solar/data_layers/mask/krl/krl-0069_mask.tif,data/raw/solar/data_layers/annual_flux/krl/krl-0069_annual_flux.tif,,,,,,,Gap Sedikit,False,0.595284939829057
KRL-0080,Stasiun KRL Ciracas,krl,Stasiun KRL Commuter Line,Kota Depok,13740.0,stations_jakarta.gpkg:8174072568,-6.323769,106.886643,buildings/ChIJvRqycRbtaS4Rwq-S4bSOh6c,"https://www.google.com/maps/search/?api=1&query=-6.323720,106.886691",-6.3237196,106.8866915,7.67,VALID (< 30m),2024-02-22,BASE,2406.94,2036.21,84.6,2919.18,82.5,17.5,512.23,370.74,882.97,9,7.4° – 31.5°,12.2,1037,1658.59,400,414.8,651.71,550386.61,550.39,809.0,445.26,data/raw/solar/data_layers/dsm/krl/krl-0080_dsm.tif,data/raw/solar/data_layers/rgb/krl/krl-0080_rgb.tif,data/raw/solar/data_layers/mask/krl/krl-0080_mask.tif,data/raw/solar/data_layers/annual_flux/krl/krl-0080_annual_flux.tif,,,,,,,Gap Sedikit,False,0.5699514470164364
KRL-0068,Stasiun KRL Blok M BCA,krl,Stasiun KRL Commuter Line,Jakarta Selatan,12130.0,stations_jakarta.gpkg:6196107726,-6.244464,106.798133,buildings/ChIJDywBb2zxaS4Rn6JFcz_EnZ8,"https://www.google.com/maps/search/?api=1&query=-6.244463,106.798135",-6.244462599999999,106.7981351,0.28,VALID (< 30m),2025-08-16,BASE,3357.62,2375.9,70.8,3607.13,93.1,6.9,249.51,981.72,1231.23,49,5.1° – 20.3°,12.4,1210,1643.97,400,484.0,755.86,636544.02,636.54,809.0,514.96,data/raw/solar/data_layers/dsm/krl/krl-0068_dsm.tif,data/raw/solar/data_layers/rgb/krl/krl-0068_rgb.tif,data/raw/solar/data_layers/mask/krl/krl-0068_mask.tif,data/raw/solar/data_layers/annual_flux/krl/krl-0068_annual_flux.tif,,,,,,,Gap Sedikit,False,0.5557807076916013
KRL-0004,Stasiun KRL Dukuh Atas Bank Syariah Indonesia,krl,Stasiun KRL Commuter Line,Jakarta Pusat,12910.0,stations_jakarta.gpkg:8174072570,-6.204828,106.82553,buildings/ChIJlbC7BRv0aS4RB0sO1N-weGg,"https://www.google.com/maps/search/?api=1&query=-6.204863,106.825604",-6.204862899999999,106.8256039,9.04,VALID (< 30m),2025-08-16,BASE,1808.91,1525.68,84.3,2909.96,62.2,37.8,1101.05,283.22,1384.28,4,2.2° – 11.2°,3.4,777,1638.0,400,310.8,501.27,407271.77,407.27,809.0,329.48,data/raw/solar/data_layers/dsm/krl/krl-0004_dsm.tif,data/raw/solar/data_layers/rgb/krl/krl-0004_rgb.tif,data/raw/solar/data_layers/mask/krl/krl-0004_mask.tif,data/raw/solar/data_layers/annual_flux/krl/krl-0004_annual_flux.tif,,,,,,,Gap Besar,False,0.5507924541844046
KRL-0017,Stasiun Jatinegara,krl,Stasiun KRL Commuter Line,Jakarta Timur,13110.0,krl_stations.csv,-6.214925,106.870339,buildings/ChIJ8ZSc8IH0aS4R4-Upw8xXxL0,"https://www.google.com/maps/search/?api=1&query=-6.214878,106.870573",-6.214878499999999,106.8705735,26.43,VALID (< 30m),2025-08-16,BASE,6413.09,5488.14,85.6,12255.58,52.3,47.7,5842.5,924.95,6767.45,14,0.2° – 8.1°,2.5,2795,1646.43,400,1118.0,1777.37,1472568.87,1472.57,809.0,1191.31,data/raw/solar/data_layers/dsm/krl/krl-0017_dsm.tif,data/raw/solar/data_layers/rgb/krl/krl-0017_rgb.tif,data/raw/solar/data_layers/mask/krl/krl-0017_mask.tif,data/raw/solar/data_layers/annual_flux/krl/krl-0017_annual_flux.tif,,,,,,,Gap Besar,False,0.5484635842356431
KRL-0079,Stasiun KRL Kuningan,krl,Stasiun KRL Commuter Line,Jakarta Timur,12950.0,stations_jakarta.gpkg:8174072567,-6.228773,106.833203,buildings/ChIJpXXPSO7zaS4Rm5z8cyYzM0Y,"https://www.google.com/maps/search/?api=1&query=-6.228752,106.833198",-6.2287519,106.8331982,2.41,VALID (< 30m),2025-08-16,BASE,2441.53,1804.51,73.9,2935.8,83.2,16.8,494.27,637.02,1131.29,25,2.1° – 25.7°,7.2,919,1624.04,400,367.6,562.57,477596.71,477.6,809.0,386.38,data/raw/solar/data_layers/dsm/krl/krl-0079_dsm.tif,data/raw/solar/data_layers/rgb/krl/krl-0079_rgb.tif,data/raw/solar/data_layers/mask/krl/krl-0079_mask.tif,data/raw/solar/data_layers/annual_flux/krl/krl-0079_annual_flux.tif,,,,,,,Gap Sedikit,False,0.5461387064424237
MRT-0020,Stasiun LRT Jabodebek Cawang,mrt_lrt,Stasiun MRT & LRT,Jakarta Timur,13630.0,lrt_jabodebek_stations.geojson,-6.245907,106.87123,buildings/GhIJISoRJqH7GMARwv4yVbi3WkA,"https://www.google.com/maps/search/?api=1&query=-6.245907,106.871260",-6.2459074,106.8712598,3.29,VALID (< 30m),2025-08-16,BASE,4842.98,4194.15,86.6,5690.31,85.1,14.9,847.32,648.83,1496.15,20,5.8° – 41.4°,21.6,2136,1626.39,400,854.4,1335.48,1111668.38,1111.67,809.0,899.34,data/raw/solar/data_layers/dsm/mrt_lrt/mrt-0020_dsm.tif,data/raw/solar/data_layers/rgb/mrt_lrt/mrt-0020_rgb.tif,data/raw/solar/data_layers/mask/mrt_lrt/mrt-0020_mask.tif,data/raw/solar/data_layers/annual_flux/mrt_lrt/mrt-0020_annual_flux.tif,,,,,,,Gap Sedikit,False,0.9212436802598539
MRT-0031,Stasiun LRT Jakarta Rawamangun,mrt_lrt,Stasiun MRT & LRT,Jakarta Timur,13220.0,lrt_jkt_stations.geojson,-6.193143,106.882572,buildings/GhIJLFJ_Q7nFGMARNriZh3y4WkA,"https://www.google.com/maps/search/?api=1&query=-6.193140,106.882604",-6.1931400000000005,106.8826038,3.53,VALID (< 30m),2025-08-16,BASE,3535.9,3239.87,91.6,3873.67,91.3,8.7,337.78,296.03,633.81,3,6.2° – 37.4°,30.1,1650,1667.88,400,660.0,1004.75,880639.21,880.64,809.0,712.44,data/raw/solar/data_layers/dsm/mrt_lrt/mrt-0031_dsm.tif,data/raw/solar/data_layers/rgb/mrt_lrt/mrt-0031_rgb.tif,data/raw/solar/data_layers/mask/mrt_lrt/mrt-0031_mask.tif,data/raw/solar/data_layers/annual_flux/mrt_lrt/mrt-0031_annual_flux.tif,,,,,,,Gap Sedikit,False,0.8900829748540473
MRT-0001,Stasiun MRT Cipete Raya,mrt_lrt,Stasiun MRT & LRT,Jakarta Selatan,12420.0,mrt_stations.csv,-6.278342,106.797326,buildings/ChIJpeCp35TxaS4RDUmeARBfs3I,"https://www.google.com/maps/search/?api=1&query=-6.278361,106.797312",-6.2783606,106.7973123,2.56,VALID (< 30m),2025-08-16,BASE,3850.96,3224.16,83.7,4459.47,86.4,13.6,608.52,626.8,1235.32,12,2.0° – 23.9°,15.7,1642,1645.6,400,656.8,1026.12,864661.49,864.66,809.0,699.51,data/raw/solar/data_layers/dsm/mrt_lrt/mrt-0001_dsm.tif,data/raw/solar/data_layers/rgb/mrt_lrt/mrt-0001_rgb.tif,data/raw/solar/data_layers/mask/mrt_lrt/mrt-0001_mask.tif,data/raw/solar/data_layers/annual_flux/mrt_lrt/mrt-0001_annual_flux.tif,,,,,,,Gap Sedikit,False,0.7964388979644317
MRT-0002,Stasiun MRT ASEAN,mrt_lrt,Stasiun MRT & LRT,Jakarta Selatan,12120.0,mrt_stations.csv,-6.238921,106.798446,buildings/ChIJLyG3dWrxaS4RQta0OHx_MvE,"https://www.google.com/maps/search/?api=1&query=-6.238698,106.798420",-6.238698299999999,106.79842,24.93,VALID (< 30m),2025-08-16,BASE,3873.08,3322.33,85.8,4677.35,82.8,17.2,804.26,550.75,1355.01,9,2.9° – 13.4°,5.8,1692,1623.86,400,676.8,1035.73,879220.43,879.22,809.0,711.29,data/raw/solar/data_layers/dsm/mrt_lrt/mrt-0002_dsm.tif,data/raw/solar/data_layers/rgb/mrt_lrt/mrt-0002_rgb.tif,data/raw/solar/data_layers/mask/mrt_lrt/mrt-0002_mask.tif,data/raw/solar/data_layers/annual_flux/mrt_lrt/mrt-0002_annual_flux.tif,,,,,,,Gap Sedikit,False,0.7142645702874666
MRT-0016,Stasiun LRT Jabodebek Ciracas,mrt_lrt,Stasiun MRT & LRT,Kota Depok,13740.0,lrt_jabodebek_stations.geojson,-6.323769,106.886643,buildings/ChIJvRqycRbtaS4Rwq-S4bSOh6c,"https://www.google.com/maps/search/?api=1&query=-6.323720,106.886691",-6.3237196,106.8866915,7.67,VALID (< 30m),2024-02-22,BASE,2406.94,2036.21,84.6,2919.18,82.5,17.5,512.23,370.74,882.97,9,7.4° – 31.5°,12.2,1037,1658.59,400,414.8,651.71,550386.61,550.39,809.0,445.26,data/raw/solar/data_layers/dsm/mrt_lrt/mrt-0016_dsm.tif,data/raw/solar/data_layers/rgb/mrt_lrt/mrt-0016_rgb.tif,data/raw/solar/data_layers/mask/mrt_lrt/mrt-0016_mask.tif,data/raw/solar/data_layers/annual_flux/mrt_lrt/mrt-0016_annual_flux.tif,,,,,,,Gap Sedikit,False,0.6668628881033644
MRT-0030,Stasiun LRT Jakarta Pramuka BPKP,mrt_lrt,Stasiun MRT & LRT,Jakarta Timur,13120.0,lrt_jkt_stations.geojson,-6.191989,106.871113,buildings/GhIJM_aG4ZnEGMARnUniwsC3WkA,"https://www.google.com/maps/search/?api=1&query=-6.191989,106.871113",-6.1919889,106.8711134,0.05,VALID (< 30m),2025-08-16,BASE,2318.88,1855.56,80.0,3753.92,61.8,38.2,1435.04,463.32,1898.36,4,4.4° – 6.6°,4.8,945,1668.73,400,378.0,607.38,504624.56,504.62,809.0,408.24,data/raw/solar/data_layers/dsm/mrt_lrt/mrt-0030_dsm.tif,data/raw/solar/data_layers/rgb/mrt_lrt/mrt-0030_rgb.tif,data/raw/solar/data_layers/mask/mrt_lrt/mrt-0030_mask.tif,data/raw/solar/data_layers/annual_flux/mrt_lrt/mrt-0030_annual_flux.tif,,,,,,,Gap Besar,False,0.6329380027893767
MRT-0023,Stasiun LRT Jakarta Pulomas,mrt_lrt,Stasiun MRT & LRT,Jakarta Timur,13210.0,lrt_jkt_stations.geojson,-6.17731,106.893393,buildings/ChIJm1a82t70aS4RKu4BkaGFT0I,"https://www.google.com/maps/search/?api=1&query=-6.177205,106.893527",-6.1772054,106.8935274,18.87,VALID (< 30m),2025-07-26,BASE,4018.98,3112.23,77.4,4995.6,80.5,19.5,976.61,906.75,1883.36,25,0.8° – 44.7°,9.8,1585,1687.31,400,634.0,1033.13,855804.8,855.8,809.0,692.35,data/raw/solar/data_layers/dsm/mrt_lrt/mrt-0023_dsm.tif,data/raw/solar/data_layers/rgb/mrt_lrt/mrt-0023_rgb.tif,data/raw/solar/data_layers/mask/mrt_lrt/mrt-0023_mask.tif,data/raw/solar/data_layers/annual_flux/mrt_lrt/mrt-0023_annual_flux.tif,,,,,,,Gap Sedikit,False,0.6225592781665739
MRT-0013,Stasiun LRT Pulomas,mrt_lrt,Stasiun MRT & LRT,Jakarta Timur,13210.0,lrt_jkt_stations.geojson:5984702928,-6.1773105,106.8933929,buildings/ChIJm1a82t70aS4RKu4BkaGFT0I,"https://www.google.com/maps/search/?api=1&query=-6.177205,106.893527",-6.1772054,106.8935274,18.91,VALID (< 30m),2025-07-26,BASE,4018.98,3112.23,77.4,4995.6,80.5,19.5,976.61,906.75,1883.36,25,0.8° – 44.7°,9.8,1585,1687.31,400,634.0,1033.13,855804.8,855.8,809.0,692.35,data/raw/solar/data_layers/dsm/mrt_lrt/mrt-0013_dsm.tif,data/raw/solar/data_layers/rgb/mrt_lrt/mrt-0013_rgb.tif,data/raw/solar/data_layers/mask/mrt_lrt/mrt-0013_mask.tif,data/raw/solar/data_layers/annual_flux/mrt_lrt/mrt-0013_annual_flux.tif,,,,,,,Gap Sedikit,False,0.6223493044188041
MRT-0017,Stasiun LRT Jabodebek Dukuh Atas Bank Syariah Indonesia,mrt_lrt,Stasiun MRT & LRT,Jakarta Pusat,12910.0,lrt_jabodebek_stations.geojson,-6.204828,106.82553,buildings/ChIJlbC7BRv0aS4RB0sO1N-weGg,"https://www.google.com/maps/search/?api=1&query=-6.204863,106.825604",-6.204862899999999,106.8256039,9.04,VALID (< 30m),2025-08-16,BASE,1808.91,1525.68,84.3,2909.96,62.2,37.8,1101.05,283.22,1384.28,4,2.2° – 11.2°,3.4,777,1638.0,400,310.8,501.27,407271.77,407.27,809.0,329.48,data/raw/solar/data_layers/dsm/mrt_lrt/mrt-0017_dsm.tif,data/raw/solar/data_layers/rgb/mrt_lrt/mrt-0017_rgb.tif,data/raw/solar/data_layers/mask/mrt_lrt/mrt-0017_mask.tif,data/raw/solar/data_layers/annual_flux/mrt_lrt/mrt-0017_annual_flux.tif,,,,,,,Gap Besar,False,0.6070608235592709
MRT-0012,Stasiun LRT Boulevard Selatan,mrt_lrt,Stasiun MRT & LRT,Jakarta Utara,14240.0,lrt_jkt_stations.geojson:5984702927,-6.1689933,106.9000145,buildings/ChIJVzbbBSb1aS4RYvsp46p2cis,"https://www.google.com/maps/search/?api=1&query=-6.169244,106.899863",-6.1692436,106.8998626,32.51,REVIEW (> 30m),2025-07-26,BASE,4278.8,3365.53,78.7,5786.46,73.9,26.1,1507.66,913.27,2420.93,13,1.5° – 14.1°,5.7,1714,1698.06,400,685.6,1137.95,931354.42,931.35,809.0,753.46,data/raw/solar/data_layers/dsm/mrt_lrt/mrt-0012_dsm.tif,data/raw/solar/data_layers/rgb/mrt_lrt/mrt-0012_rgb.tif,data/raw/solar/data_layers/mask/mrt_lrt/mrt-0012_mask.tif,data/raw/solar/data_layers/annual_flux/mrt_lrt/mrt-0012_annual_flux.tif,,,,,,,Gap Sedang,False,0.5912291609826862
PKG-0005,Lippo Mall Puri 1 Multilevel Parking,parking,Gedung & Area Parkir (MSCP),Kota Tangerang,11610.0,parking_jakarta.gpkg:4506095353,-6.190283,106.739368,buildings/ChIJP5TI02_3aS4RMDetB10Lwo8,"https://www.google.com/maps/search/?api=1&query=-6.190303,106.739152",-6.190303,106.7391522,23.96,VALID (< 30m),2024-09-19,BASE,9061.94,7163.05,79.0,15749.14,57.5,42.5,6687.2,1898.89,8586.09,21,0.2° – 79.0°,18.3,3648,1677.98,400,1459.2,2101.57,1958804.16,1958.8,809.0,1584.67,data/raw/solar/data_layers/dsm/parking/pkg-0005_dsm.tif,data/raw/solar/data_layers/rgb/parking/pkg-0005_rgb.tif,data/raw/solar/data_layers/mask/parking/pkg-0005_mask.tif,data/raw/solar/data_layers/annual_flux/parking/pkg-0005_annual_flux.tif,,,,,,,Gap Besar,False,0.8281973312431911
PKG-0029,Toyota,parking,Gedung & Area Parkir (MSCP),Jakarta Timur,13750.0,parking_jakarta.gpkg:155954275,-6.310305,106.870725,buildings/ChIJcwf22nbtaS4Rtl2-7EGHycU,"https://www.google.com/maps/search/?api=1&query=-6.310560,106.870548",-6.310560199999999,106.8705482,34.45,REVIEW (> 30m),2024-02-22,BASE,6252.48,5533.3,88.5,6950.88,90.0,10.0,698.4,719.18,1417.58,7,1.5° – 24.8°,6.4,2818,1647.73,400,1127.2,1741.53,1485859.26,1485.86,809.0,1202.06,data/raw/solar/data_layers/dsm/parking/pkg-0029_dsm.tif,data/raw/solar/data_layers/rgb/parking/pkg-0029_rgb.tif,data/raw/solar/data_layers/mask/parking/pkg-0029_mask.tif,data/raw/solar/data_layers/annual_flux/parking/pkg-0029_annual_flux.tif,,,,,,,Gap Sedikit,False,0.72419464131064
PKG-0025,Parkir Kejaksaan Agung,parking,Gedung & Area Parkir (MSCP),Jakarta Selatan,12130.0,parking_jakarta.gpkg:28715537,-6.240563,106.796498,buildings/ChIJUZfG72rxaS4Rf26MYMPY5FU,"https://www.google.com/maps/search/?api=1&query=-6.240582,106.796453",-6.2405821,106.796453,5.41,VALID (< 30m),2025-08-16,BASE,3169.9,2560.48,80.8,3448.48,91.9,8.1,278.59,609.42,888.01,9,6.5° – 77.4°,10.9,1304,1640.73,400,521.6,796.17,684642.69,684.64,809.0,553.88,data/raw/solar/data_layers/dsm/parking/pkg-0025_dsm.tif,data/raw/solar/data_layers/rgb/parking/pkg-0025_rgb.tif,data/raw/solar/data_layers/mask/parking/pkg-0025_mask.tif,data/raw/solar/data_layers/annual_flux/parking/pkg-0025_annual_flux.tif,,,,,,,Gap Sedikit,False,0.6778441284807399
PKG-0032,Pool Taksi Pusaka,parking,Gedung & Area Parkir (MSCP),Jakarta Timur,13650.0,parking_jakarta.gpkg:155956701,-6.264211,106.874068,buildings/ChIJ1bvL-PryaS4RuGs_MpeDSGM,"https://www.google.com/maps/search/?api=1&query=-6.264251,106.874084",-6.2642507,106.8740836,4.74,VALID (< 30m),2025-08-16,BASE,3134.7,2450.52,78.2,3362.04,93.2,6.8,227.34,684.18,911.52,17,1.9° – 16.5°,6.5,1248,1633.55,400,499.2,784.2,652375.25,652.38,809.0,527.77,data/raw/solar/data_layers/dsm/parking/pkg-0032_dsm.tif,data/raw/solar/data_layers/rgb/parking/pkg-0032_rgb.tif,data/raw/solar/data_layers/mask/parking/pkg-0032_mask.tif,data/raw/solar/data_layers/annual_flux/parking/pkg-0032_annual_flux.tif,,,,,,,Gap Sedikit,False,0.6635652824699463
PKG-0078,Gedung Parkir 1,parking,Gedung & Area Parkir (MSCP),Jakarta Timur,14240.0,parking_jakarta.gpkg:514678427,-6.160608,106.907984,buildings/ChIJy_YEtjP1aS4R22YCzwdTh3M,"https://www.google.com/maps/search/?api=1&query=-6.160596,106.907943",-6.1605956,106.9079431,4.73,VALID (< 30m),2025-07-05,BASE,2470.01,1993.01,80.7,2772.84,89.1,10.9,302.83,477.0,779.83,5,1.9° – 17.9°,3.5,1015,1712.23,400,406.0,664.68,556130.71,556.13,809.0,449.91,data/raw/solar/data_layers/dsm/parking/pkg-0078_dsm.tif,data/raw/solar/data_layers/rgb/parking/pkg-0078_rgb.tif,data/raw/solar/data_layers/mask/parking/pkg-0078_mask.tif,data/raw/solar/data_layers/annual_flux/parking/pkg-0078_annual_flux.tif,,,,,,,Gap Sedikit,False,0.6493187656340419
PKG-0011,Secure Parking,parking,Gedung & Area Parkir (MSCP),Jakarta Barat,11530.0,parking_jakarta.gpkg:5936717735,-6.202176,106.78136,buildings/ChIJf-Qex9z2aS4R2dps6dBhFf8,"https://www.google.com/maps/search/?api=1&query=-6.201941,106.781456",-6.2019408,106.7814565,28.24,VALID (< 30m),2024-10-26,BASE,4979.55,3980.13,79.9,5919.98,84.1,15.9,940.43,999.42,1939.86,22,0.5° – 14.5°,3.4,2027,1638.49,400,810.8,1261.01,1062787.69,1062.79,809.0,859.79,data/raw/solar/data_layers/dsm/parking/pkg-0011_dsm.tif,data/raw/solar/data_layers/rgb/parking/pkg-0011_rgb.tif,data/raw/solar/data_layers/mask/parking/pkg-0011_mask.tif,data/raw/solar/data_layers/annual_flux/parking/pkg-0011_annual_flux.tif,,,,,,,Gap Sedikit,False,0.6317638335859714
PKG-0088,Parkir Blok Z PIK,parking,Gedung & Area Parkir (MSCP),Kota Tangerang,14470.0,parking_jakarta.gpkg:852077900,-6.114907,106.73511,buildings/ChIJx2UlfTcdai4RbO4XxK-72UU,"https://www.google.com/maps/search/?api=1&query=-6.114907,106.735110",-6.114907100000001,106.7351102,0.02,VALID (< 30m),2024-09-19,BASE,1271.12,1024.98,80.6,1607.87,79.1,20.9,336.75,246.14,582.89,9,3.3° – 6.6°,5.1,522,1717.34,400,208.8,354.48,286864.16,286.86,809.0,232.07,data/raw/solar/data_layers/dsm/parking/pkg-0088_dsm.tif,data/raw/solar/data_layers/rgb/parking/pkg-0088_rgb.tif,data/raw/solar/data_layers/mask/parking/pkg-0088_mask.tif,data/raw/solar/data_layers/annual_flux/parking/pkg-0088_annual_flux.tif,,,,,,,Gap Sedang,False,0.6198383711917685
PKG-0036,Gedung Parkir Binus,parking,Gedung & Area Parkir (MSCP),Jakarta Barat,11530.0,parking_jakarta.gpkg:156921456,-6.202025,106.780171,buildings/ChIJ-ZqV8tz2aS4R66vud36uOOg,"https://www.google.com/maps/search/?api=1&query=-6.202051,106.780141",-6.202051,106.7801414,4.37,VALID (< 30m),2024-10-26,BASE,1805.56,1413.76,78.3,2043.89,88.3,11.7,238.33,391.8,630.13,11,0.2° – 10.6°,2.7,720,1628.42,400,288.0,450.89,375187.25,375.19,809.0,303.53,data/raw/solar/data_layers/dsm/parking/pkg-0036_dsm.tif,data/raw/solar/data_layers/rgb/parking/pkg-0036_rgb.tif,data/raw/solar/data_layers/mask/parking/pkg-0036_mask.tif,data/raw/solar/data_layers/annual_flux/parking/pkg-0036_annual_flux.tif,,,,,,,Gap Sedikit,False,0.6080864829910587
PKG-0038,Plaza Kuningan Parking Annex,parking,Gedung & Area Parkir (MSCP),Jakarta Pusat,12920.0,parking_jakarta.gpkg:157360947,-6.216354,106.831593,buildings/ChIJfWlRIAj0aS4RlLs0KlZWcv8,"https://www.google.com/maps/search/?api=1&query=-6.216352,106.831583",-6.2163523,106.8315831,1.11,VALID (< 30m),2025-08-16,BASE,1113.24,883.6,79.4,1350.16,82.5,17.5,236.93,229.64,466.57,5,1.2° – 5.1°,2.3,450,1628.28,400,180.0,287.31,234471.67,234.47,809.0,189.69,data/raw/solar/data_layers/dsm/parking/pkg-0038_dsm.tif,data/raw/solar/data_layers/rgb/parking/pkg-0038_rgb.tif,data/raw/solar/data_layers/mask/parking/pkg-0038_mask.tif,data/raw/solar/data_layers/annual_flux/parking/pkg-0038_annual_flux.tif,,,,,,,Gap Sedikit,False,0.6007525985395129
PKG-0077,Lotte Mart,parking,Gedung & Area Parkir (MSCP),Jakarta Timur,13750.0,parking_jakarta.gpkg:510172678,-6.309263,106.866342,buildings/ChIJV2w-wHftaS4Rr91wG1Ss3oI,"https://www.google.com/maps/search/?api=1&query=-6.309263,106.866342",-6.3092634,106.8663416,0.06,VALID (< 30m),2024-10-26,BASE,1077.52,842.37,78.2,1656.28,65.1,34.9,578.77,235.15,813.92,3,2.3° – 5.0°,3.0,429,1646.01,400,171.6,276.06,225964.83,225.96,809.0,182.81,data/raw/solar/data_layers/dsm/parking/pkg-0077_dsm.tif,data/raw/solar/data_layers/rgb/parking/pkg-0077_rgb.tif,data/raw/solar/data_layers/mask/parking/pkg-0077_mask.tif,data/raw/solar/data_layers/annual_flux/parking/pkg-0077_annual_flux.tif,,,,,,,Gap Besar,False,0.5986298128848696
PKG-0064,Parkir BCA Matraman,parking,Gedung & Area Parkir (MSCP),Jakarta Pusat,13150.0,parking_jakarta.gpkg:454010135,-6.200901,106.854141,buildings/ChIJYaXwCGb0aS4R8q13bx9ZOlQ,"https://www.google.com/maps/search/?api=1&query=-6.200895,106.854139",-6.2008948,106.854139,0.72,VALID (< 30m),2025-08-16,BASE,643.79,532.12,82.7,750.93,85.7,14.3,107.14,111.67,218.8,3,4.5° – 6.2°,5.6,271,1656.16,400,108.4,168.51,143622.26,143.62,809.0,116.19,data/raw/solar/data_layers/dsm/parking/pkg-0064_dsm.tif,data/raw/solar/data_layers/rgb/parking/pkg-0064_rgb.tif,data/raw/solar/data_layers/mask/parking/pkg-0064_mask.tif,data/raw/solar/data_layers/annual_flux/parking/pkg-0064_annual_flux.tif,,,,,,,Gap Sedikit,False,0.5980458128798496
PKG-0030,Garasi Kendaraan Dinas Milik Negara,parking,Gedung & Area Parkir (MSCP),Jakarta Timur,13650.0,parking_jakarta.gpkg:155956669,-6.256514,106.876138,buildings/ChIJnf3zV_3yaS4R5dyt104Gb8I,"https://www.google.com/maps/search/?api=1&query=-6.256529,106.876119",-6.2565292,106.8761189,2.7,VALID (< 30m),2025-08-16,BASE,780.4,636.19,81.5,900.97,86.6,13.4,120.57,144.21,264.78,2,17.3° – 19.6°,18.6,324,1632.39,400,129.6,198.87,169246.24,169.25,809.0,136.92,data/raw/solar/data_layers/dsm/parking/pkg-0030_dsm.tif,data/raw/solar/data_layers/rgb/parking/pkg-0030_rgb.tif,data/raw/solar/data_layers/mask/parking/pkg-0030_mask.tif,data/raw/solar/data_layers/annual_flux/parking/pkg-0030_annual_flux.tif,,,,,,,Gap Sedikit,False,0.5879371690050242
PKG-0042,Menara Thamrin Parking,parking,Gedung & Area Parkir (MSCP),Jakarta Pusat,10250.0,parking_jakarta.gpkg:340868932,-6.185586,106.821783,buildings/ChIJ-fKFkyj0aS4RnQwuqO_OX_c,"https://www.google.com/maps/search/?api=1&query=-6.185555,106.821791",-6.1855547,106.8217909,3.59,VALID (< 30m),2025-08-16,BASE,884.95,712.77,80.5,911.31,97.1,2.9,26.36,172.18,198.54,5,2.5° – 11.6°,6.1,363,1526.68,400,145.2,197.51,177338.8,177.34,809.0,143.47,data/raw/solar/data_layers/dsm/parking/pkg-0042_dsm.tif,data/raw/solar/data_layers/rgb/parking/pkg-0042_rgb.tif,data/raw/solar/data_layers/mask/parking/pkg-0042_mask.tif,data/raw/solar/data_layers/annual_flux/parking/pkg-0042_annual_flux.tif,,,,,,,Gap Sedikit,False,0.5829850357078221
PKG-0019,Parkir Sarinah,parking,Gedung & Area Parkir (MSCP),Jakarta Pusat,10350.0,parking_jakarta.gpkg:replacement,-6.188265,106.824655,buildings/GhIJWgZ8BOjAGMARADiSEca0WkA,"https://www.google.com/maps/search/?api=1&query=-6.188297,106.824649",-6.1882972,106.8246489,3.64,VALID (< 30m),2025-08-16,BASE,1050.01,816.84,77.8,1296.48,81.0,19.0,246.47,233.17,479.64,6,2.4° – 22.5°,9.2,416,1645.3,400,166.4,259.76,219022.2,219.02,809.0,177.19,data/raw/solar/data_layers/dsm/parking/pkg-0019_dsm.tif,data/raw/solar/data_layers/rgb/parking/pkg-0019_rgb.tif,data/raw/solar/data_layers/mask/parking/pkg-0019_mask.tif,data/raw/solar/data_layers/annual_flux/parking/pkg-0019_annual_flux.tif,,,,,,,Gap Sedikit,False,0.5763822831024754
PKG-0086,Parkir Masjid Alhidayah,parking,Gedung & Area Parkir (MSCP),Jakarta Selatan,12430.0,parking_jakarta.gpkg:586588074,-6.289876,106.79503,buildings/ChIJrz6t4ufxaS4RuWqtNhgIwC4,"https://www.google.com/maps/search/?api=1&query=-6.289867,106.795021",-6.289867,106.7950213,1.39,VALID (< 30m),2025-08-16,BASE,320.72,263.12,82.0,388.38,82.6,17.4,67.66,57.6,125.27,1,2.6° – 2.6°,2.6,134,1611.56,400,53.6,85.63,69103.76,69.1,809.0,55.9,data/raw/solar/data_layers/dsm/parking/pkg-0086_dsm.tif,data/raw/solar/data_layers/rgb/parking/pkg-0086_rgb.tif,data/raw/solar/data_layers/mask/parking/pkg-0086_mask.tif,data/raw/solar/data_layers/annual_flux/parking/pkg-0086_annual_flux.tif,,,,,,,Gap Sedikit,False,0.57631423438841
PKG-0075,Gedung Parkir,parking,Gedung & Area Parkir (MSCP),Jakarta Timur,13560.0,parking_jakarta.gpkg:498466423,-6.299659,106.89121,buildings/ChIJUXEKU17taS4RTt6nFmwqWqM,"https://www.google.com/maps/search/?api=1&query=-6.299659,106.891210",-6.2996586,106.8912101,0.05,VALID (< 30m),2025-08-16,BASE,297.85,233.66,78.4,300.98,99.0,1.0,3.12,64.19,67.31,1,7.1° – 7.1°,7.1,119,1644.2,400,47.6,76.21,62611.27,62.61,809.0,50.65,data/raw/solar/data_layers/dsm/parking/pkg-0075_dsm.tif,data/raw/solar/data_layers/rgb/parking/pkg-0075_rgb.tif,data/raw/solar/data_layers/mask/parking/pkg-0075_mask.tif,data/raw/solar/data_layers/annual_flux/parking/pkg-0075_annual_flux.tif,,,,,,,Gap Sedikit,False,0.5655916073033207
PKG-0076,Bus,parking,Gedung & Area Parkir (MSCP),Jakarta Timur,13560.0,parking_jakarta.gpkg:498466424,-6.299659,106.89121,buildings/ChIJUXEKU17taS4RTt6nFmwqWqM,"https://www.google.com/maps/search/?api=1&query=-6.299659,106.891210",-6.2996586,106.8912101,0.05,VALID (< 30m),2025-08-16,BASE,297.85,233.66,78.4,300.98,99.0,1.0,3.12,64.19,67.31,1,7.1° – 7.1°,7.1,119,1644.2,400,47.6,76.21,62611.27,62.61,809.0,50.65,data/raw/solar/data_layers/dsm/parking/pkg-0076_dsm.tif,data/raw/solar/data_layers/rgb/parking/pkg-0076_rgb.tif,data/raw/solar/data_layers/mask/parking/pkg-0076_mask.tif,data/raw/solar/data_layers/annual_flux/parking/pkg-0076_annual_flux.tif,,,,,,,Gap Sedikit,False,0.5655916073033207
PKG-0058,Gedung Parkiran Bunder,parking,Gedung & Area Parkir (MSCP),Jakarta Timur,13220.0,parking_jakarta.gpkg:426962757,-6.196279,106.878468,buildings/ChIJUVNTwJL0aS4R-Zzbx2Ej2gc,"https://www.google.com/maps/search/?api=1&query=-6.196370,106.878512",-6.1963705,106.8785118,11.27,VALID (< 30m),2025-08-16,BASE,2701.59,1910.54,70.7,2909.14,92.9,7.1,207.55,791.05,998.6,14,3.4° – 61.9°,10.9,973,1667.45,400,389.2,618.34,519177.64,519.18,809.0,420.01,data/raw/solar/data_layers/dsm/parking/pkg-0058_dsm.tif,data/raw/solar/data_layers/rgb/parking/pkg-0058_rgb.tif,data/raw/solar/data_layers/mask/parking/pkg-0058_mask.tif,data/raw/solar/data_layers/annual_flux/parking/pkg-0058_annual_flux.tif,,,,,,,Gap Sedikit,False,0.5649688625308025
PKG-0014,Parkir Gedung / Basement Central Park Mall,parking,Gedung & Area Parkir (MSCP),Jakarta Barat,11470.0,parking_jakarta.gpkg:7068524543,-6.175777,106.79097,buildings/GhIJ8_liCgq0GMARl61eg56yWkA,"https://www.google.com/maps/search/?api=1&query=-6.175777,106.790970",-6.1757767,106.7909699,0.04,VALID (< 30m),2025-07-26,BASE,151.24,117.81,77.9,192.38,78.6,21.4,41.14,33.42,74.57,1,5.0° – 5.0°,5.0,60,1591.94,400,24.0,37.88,30565.34,30.57,809.0,24.73,data/raw/solar/data_layers/dsm/parking/pkg-0014_dsm.tif,data/raw/solar/data_layers/rgb/parking/pkg-0014_rgb.tif,data/raw/solar/data_layers/mask/parking/pkg-0014_mask.tif,data/raw/solar/data_layers/annual_flux/parking/pkg-0014_annual_flux.tif,,,,,,,Gap Sedang,False,0.5569257252636883
PKG-0003,Epicentrum Basement Parking,parking,Gedung & Area Parkir (MSCP),Jakarta Pusat,12940.0,parking_jakarta.gpkg:1395464765,-6.21785,106.835061,buildings/ChIJNWMYbfbzaS4RSCv5EAYlNJo,"https://www.google.com/maps/search/?api=1&query=-6.217850,106.835061",-6.2178502,106.8350613,0.04,VALID (< 30m),2025-08-16,BASE,373.64,282.75,75.7,515.35,72.5,27.5,141.71,90.89,232.6,3,3.9° – 22.0°,13.6,144,1546.54,400,57.6,83.66,71264.39,71.26,809.0,57.65,data/raw/solar/data_layers/dsm/parking/pkg-0003_dsm.tif,data/raw/solar/data_layers/rgb/parking/pkg-0003_rgb.tif,data/raw/solar/data_layers/mask/parking/pkg-0003_mask.tif,data/raw/solar/data_layers/annual_flux/parking/pkg-0003_annual_flux.tif,,,,,,,Gap Sedang,False,0.5562374890298447
PKG-0092,Parkir Ikatan Restoran dan Taman Indonesia (IRTI),parking,Gedung & Area Parkir (MSCP),Jakarta Pusat,10110.0,parking_jakarta.gpkg:1160194190,-6.179806,106.826456,buildings/GhIJ2l_3TSC4GMARf0u6muS0WkA,"https://www.google.com/maps/search/?api=1&query=-6.179806,106.826456",-6.1798062,106.8264556,0.05,VALID (< 30m),2025-08-16,BASE,22.85,17.67,77.4,30.68,74.5,25.5,7.83,5.17,13.0,1,11.1° – 11.1°,11.1,9,1652.88,400,3.6,5.56,4760.31,4.76,809.0,3.85,data/raw/solar/data_layers/dsm/parking/pkg-0092_dsm.tif,data/raw/solar/data_layers/rgb/parking/pkg-0092_rgb.tif,data/raw/solar/data_layers/mask/parking/pkg-0092_mask.tif,data/raw/solar/data_layers/annual_flux/parking/pkg-0092_annual_flux.tif,,,,,,,Gap Sedang,False,0.5490307662831233
PKG-0060,Parkir Motor Masjid,parking,Gedung & Area Parkir (MSCP),Jakarta Pusat,10250.0,parking_jakarta.gpkg:443504202,-6.186558,106.821584,buildings/ChIJ3XsUgij0aS4R9DnGa5XqQ2Y,"https://www.google.com/maps/search/?api=1&query=-6.186611,106.821410",-6.1866111,106.8214096,20.16,VALID (< 30m),2025-08-16,BASE,1830.19,1509.97,82.5,2325.47,78.7,21.3,495.27,320.22,815.49,5,5.7° – 20.4°,13.0,769,1641.35,400,307.6,460.02,403904.49,403.9,809.0,326.76,data/raw/solar/data_layers/dsm/parking/pkg-0060_dsm.tif,data/raw/solar/data_layers/rgb/parking/pkg-0060_rgb.tif,data/raw/solar/data_layers/mask/parking/pkg-0060_mask.tif,data/raw/solar/data_layers/annual_flux/parking/pkg-0060_annual_flux.tif,,,,,,,Gap Sedang,False,0.5484568235467132
PKG-0047,Parkir Apartemen CityPark,parking,Gedung & Area Parkir (MSCP),Kota Tangerang,11730.0,parking_jakarta.gpkg:365952958,-6.131334,106.736357,buildings/ChIJ1yjOY1odai4RaWL7hHm6nbk,"https://www.google.com/maps/search/?api=1&query=-6.131334,106.736357",-6.1313345,106.7363575,0.08,VALID (< 30m),2024-09-19,BASE,134.07,102.1,76.2,198.4,67.6,32.4,64.33,31.96,96.29,1,1.8° – 1.8°,1.8,52,1561.43,400,20.8,30.42,25982.24,25.98,809.0,21.02,data/raw/solar/data_layers/dsm/parking/pkg-0047_dsm.tif,data/raw/solar/data_layers/rgb/parking/pkg-0047_rgb.tif,data/raw/solar/data_layers/mask/parking/pkg-0047_mask.tif,data/raw/solar/data_layers/annual_flux/parking/pkg-0047_annual_flux.tif,,,,,,,Gap Besar,False,0.5481869486527826
PKG-0067,Lot 23,parking,Gedung & Area Parkir (MSCP),Jakarta Selatan,12190.0,parking_jakarta.gpkg:481956368,-6.225538,106.812458,buildings/GhIJ8ps7I9rmGMARTYMlVv-zWkA,"https://www.google.com/maps/search/?api=1&query=-6.225440,106.812460",-6.2254401,106.8124599,10.89,VALID (< 30m),2025-08-16,BASE,37.56,33.38,88.9,37.56,100.0,0.0,0.0,4.18,4.18,1,0.3° – 0.3°,0.3,17,1507.95,400,6.8,10.19,8203.24,8.2,809.0,6.64,data/raw/solar/data_layers/dsm/parking/pkg-0067_dsm.tif,data/raw/solar/data_layers/rgb/parking/pkg-0067_rgb.tif,data/raw/solar/data_layers/mask/parking/pkg-0067_mask.tif,data/raw/solar/data_layers/annual_flux/parking/pkg-0067_annual_flux.tif,,,,,,,Gap Sedikit,False,0.5440531925904805
PKG-0059,Gedung Parkir BPPT,parking,Gedung & Area Parkir (MSCP),Jakarta Pusat,10250.0,parking_jakarta.gpkg:442715120,-6.18404,106.821517,buildings/ChIJRYwrHSn0aS4Rtm_G7bbg8iI,"https://www.google.com/maps/search/?api=1&query=-6.184054,106.821461",-6.184054,106.8214614,6.34,VALID (< 30m),2025-08-16,BASE,1011.52,728.48,72.0,1132.08,89.4,10.6,120.55,283.04,403.6,7,4.5° – 11.6°,6.1,371,1617.91,400,148.4,228.55,192078.11,192.08,809.0,155.39,data/raw/solar/data_layers/dsm/parking/pkg-0059_dsm.tif,data/raw/solar/data_layers/rgb/parking/pkg-0059_rgb.tif,data/raw/solar/data_layers/mask/parking/pkg-0059_mask.tif,data/raw/solar/data_layers/annual_flux/parking/pkg-0059_annual_flux.tif,,,,,,,Gap Sedikit,False,0.5310048953889879
MALL-0057,Lippo Mall Puri 1 Side Entrance,mall,Pusat Perbelanjaan / Mall,Kota Tangerang,11610.0,osm_overpass:node/4254017186,-6.190303,106.739152,buildings/ChIJP5TI02_3aS4RMDetB10Lwo8,"https://www.google.com/maps/search/?api=1&query=-6.190303,106.739152",-6.190303,106.7391522,0.02,VALID (< 30m),2024-09-19,BASE,9061.94,7163.05,79.0,15749.14,57.5,42.5,6687.2,1898.89,8586.09,21,0.2° – 79.0°,18.3,3648,1677.98,400,1459.2,2101.57,1958804.16,1958.8,809.0,1584.67,data/raw/solar/data_layers/dsm/mall/mall-0057_dsm.tif,data/raw/solar/data_layers/rgb/mall/mall-0057_rgb.tif,data/raw/solar/data_layers/mask/mall/mall-0057_mask.tif,data/raw/solar/data_layers/annual_flux/mall/mall-0057_annual_flux.tif,,,,,,,Gap Besar,False,0.8877923054165673
MALL-0046,Mahaka Square,mall,Pusat Perbelanjaan / Mall,Jakarta Utara,14240.0,osm_overpass:node/4240747870,-6.149748,106.90296,buildings/ChIJ5agO50j1aS4ROB3VplaxANY,"https://www.google.com/maps/search/?api=1&query=-6.149748,106.902960",-6.1497475,106.9029595,0.08,VALID (< 30m),2025-07-26,BASE,7316.01,6065.42,82.9,10167.1,72.0,28.0,2851.09,1250.59,4101.68,22,1.3° – 74.4°,6.6,3089,1709.6,400,1235.6,2035.67,1689903.93,1689.9,809.0,1367.13,data/raw/solar/data_layers/dsm/mall/mall-0046_dsm.tif,data/raw/solar/data_layers/rgb/mall/mall-0046_rgb.tif,data/raw/solar/data_layers/mask/mall/mall-0046_mask.tif,data/raw/solar/data_layers/annual_flux/mall/mall-0046_annual_flux.tif,,,,,,,Gap Sedang,False,0.8567144430308093
MALL-0065,The Park Sawangan,mall,Pusat Perbelanjaan / Mall,Kota Tangerang Selatan,16517.0,osm_overpass:node/7200020272,-6.376341,106.744403,buildings/ChIJncerpUnvaS4RnQ3dOlIy-wk,"https://www.google.com/maps/search/?api=1&query=-6.376455,106.744507",-6.3764552000000005,106.7445066,17.1,VALID (< 30m),2024-08-14,BASE,8106.0,6878.33,84.9,11723.06,69.1,30.9,3617.07,1227.67,4844.73,12,0.5° – 15.7°,5.1,3503,1674.82,400,1401.2,2257.84,1877405.11,1877.41,809.0,1518.82,data/raw/solar/data_layers/dsm/mall/mall-0065_dsm.tif,data/raw/solar/data_layers/rgb/mall/mall-0065_rgb.tif,data/raw/solar/data_layers/mask/mall/mall-0065_mask.tif,data/raw/solar/data_layers/annual_flux/mall/mall-0065_annual_flux.tif,,,,,,,Gap Besar,False,0.8313395678946286
MALL-0027,Pamulang Square,mall,Pusat Perbelanjaan / Mall,Kota Tangerang Selatan,15417.0,osm_overpass:node/4150378467,-6.342728,106.725172,buildings/ChIJn8LmIoDvaS4Rsxgpw7fnTOw,"https://www.google.com/maps/search/?api=1&query=-6.342803,106.725154",-6.3428029,106.7251537,8.57,VALID (< 30m),2024-08-14,BASE,4836.51,4355.16,90.0,7664.86,63.1,36.9,2828.35,481.34,3309.69,4,2.5° – 5.7°,5.4,2218,1664.86,400,887.2,1332.34,1181647.48,1181.65,809.0,955.95,data/raw/solar/data_layers/dsm/mall/mall-0027_dsm.tif,data/raw/solar/data_layers/rgb/mall/mall-0027_rgb.tif,data/raw/solar/data_layers/mask/mall/mall-0027_mask.tif,data/raw/solar/data_layers/annual_flux/mall/mall-0027_annual_flux.tif,,,,,,,Gap Besar,False,0.773640289858627
MALL-0003,Pusat Perbelanjaan Depok Jaya,mall,Pusat Perbelanjaan / Mall,Kota Depok,16432.0,osm_overpass:node/1354132091,-6.392411,106.81439,buildings/ChIJf0vWzlnpaS4Rkaj5gIzH2ag,"https://www.google.com/maps/search/?api=1&query=-6.392435,106.814380",-6.3924349,106.8143798,2.89,VALID (< 30m),2024-02-22,BASE,2858.55,2666.51,93.3,3616.36,79.0,21.0,757.81,192.04,949.86,1,17.0° – 17.0°,17.0,1358,1672.96,400,543.2,873.51,727002.5,727.0,809.0,588.14,data/raw/solar/data_layers/dsm/mall/mall-0003_dsm.tif,data/raw/solar/data_layers/rgb/mall/mall-0003_rgb.tif,data/raw/solar/data_layers/mask/mall/mall-0003_mask.tif,data/raw/solar/data_layers/annual_flux/mall/mall-0003_annual_flux.tif,,,,,,,Gap Sedang,False,0.7339900085645352
MALL-0071,Naga Swalayan,mall,Pusat Perbelanjaan / Mall,Kota Bekasi,17510.0,osm_overpass:node/9747859951,-6.258158,107.050354,buildings/ChIJhwhYrlOOaS4RR5Nf3GckTyE,"https://www.google.com/maps/search/?api=1&query=-6.257888,107.050393",-6.2578884,107.0503934,30.29,REVIEW (> 30m),2025-09-13,BASE,7409.25,6138.07,82.8,9305.97,79.6,20.4,1896.72,1271.18,3167.9,31,0.4° – 33.4°,4.4,3126,1690.4,400,1250.4,2062.38,1690944.63,1690.94,809.0,1367.97,data/raw/solar/data_layers/dsm/mall/mall-0071_dsm.tif,data/raw/solar/data_layers/rgb/mall/mall-0071_rgb.tif,data/raw/solar/data_layers/mask/mall/mall-0071_mask.tif,data/raw/solar/data_layers/annual_flux/mall/mall-0071_annual_flux.tif,,,,,,,Gap Sedang,False,0.7064464961259512
MALL-0048,BSD Plaza,mall,Pusat Perbelanjaan / Mall,Kota Tangerang Selatan,15310.0,osm_overpass:node/4240892885,-6.279373,106.662856,buildings/ChIJsWaDNxf7aS4RbG2QGAxlrqk,"https://www.google.com/maps/search/?api=1&query=-6.279373,106.662856",-6.279372899999999,106.662856,0.01,VALID (< 30m),2025-07-26,BASE,5418.81,4160.77,76.8,6349.57,85.3,14.7,930.76,1258.04,2188.8,41,1.2° – 32.4°,8.7,2119,1647.85,400,847.6,1346.82,1117377.31,1117.38,809.0,903.96,data/raw/solar/data_layers/dsm/mall/mall-0048_dsm.tif,data/raw/solar/data_layers/rgb/mall/mall-0048_rgb.tif,data/raw/solar/data_layers/mask/mall/mall-0048_mask.tif,data/raw/solar/data_layers/annual_flux/mall/mall-0048_annual_flux.tif,,,,,,,Gap Sedikit,False,0.7027506886656323
MALL-0080,Agora Mall,mall,Pusat Perbelanjaan / Mall,Jakarta Pusat,10230.0,osm_overpass:node/12124292316,-6.198373,106.821393,buildings/ChIJ_dXLBR_0aS4RSE6T6F60R6M,"https://www.google.com/maps/search/?api=1&query=-6.198667,106.821402",-6.1986666,106.8214022,32.66,REVIEW (> 30m),2025-08-16,BASE,6749.19,5584.35,82.7,9658.23,69.9,30.1,2909.04,1164.84,4073.88,12,1.5° – 61.4°,7.9,2844,1530.11,400,1137.6,1594.38,1392520.87,1392.52,809.0,1126.55,data/raw/solar/data_layers/dsm/mall/mall-0080_dsm.tif,data/raw/solar/data_layers/rgb/mall/mall-0080_rgb.tif,data/raw/solar/data_layers/mask/mall/mall-0080_mask.tif,data/raw/solar/data_layers/annual_flux/mall/mall-0080_annual_flux.tif,,,,,,,Gap Besar,False,0.6626614449025711
MALL-0047,Bintaro Trade Center,mall,Pusat Perbelanjaan / Mall,Kota Tangerang Selatan,15220.0,osm_overpass:node/4240845890,-6.279099,106.721094,buildings/ChIJrcPJUp76aS4RR0H3TuPMqR0,"https://www.google.com/maps/search/?api=1&query=-6.279381,106.721141",-6.2793807,106.7211413,31.76,REVIEW (> 30m),2023-08-06,BASE,8132.37,6128.26,75.4,10217.82,79.6,20.4,2085.45,2004.12,4089.57,56,0.4° – 27.1°,6.2,3121,1629.77,400,1248.4,1958.98,1627682.1,1627.68,809.0,1316.79,data/raw/solar/data_layers/dsm/mall/mall-0047_dsm.tif,data/raw/solar/data_layers/rgb/mall/mall-0047_rgb.tif,data/raw/solar/data_layers/mask/mall/mall-0047_mask.tif,data/raw/solar/data_layers/annual_flux/mall/mall-0047_annual_flux.tif,,,,,,,Gap Sedang,False,0.6403870239282169
MALL-0077,Pondok Indah Mall 2,mall,Pusat Perbelanjaan / Mall,Jakarta Selatan,12310.0,osm_overpass:way/83489722,-6.265785,106.782779,buildings/ChIJGUSn86XxaS4Rm0id0oZMJxU,"https://www.google.com/maps/search/?api=1&query=-6.265763,106.783042",-6.2657634,106.7830418,29.15,VALID (< 30m),2025-08-16,BASE,6506.09,5172.0,79.5,8037.14,81.0,19.0,1531.06,1334.08,2865.14,33,0.8° – 32.5°,18.2,2634,1648.89,400,1053.6,1575.24,1389813.54,1389.81,809.0,1124.36,data/raw/solar/data_layers/dsm/mall/mall-0077_dsm.tif,data/raw/solar/data_layers/rgb/mall/mall-0077_rgb.tif,data/raw/solar/data_layers/mask/mall/mall-0077_mask.tif,data/raw/solar/data_layers/annual_flux/mall/mall-0077_annual_flux.tif,,,,,,,Gap Sedikit,False,0.6323517124320915
MALL-0018,Grand Paragon,mall,Pusat Perbelanjaan / Mall,Jakarta Utara,11130.0,osm_overpass:node/4148241807,-6.151805,106.816615,buildings/ChIJQU5VPQr2aS4RSiT7vDE5VEw,"https://www.google.com/maps/search/?api=1&query=-6.151804,106.816317",-6.1518041,106.8163167,32.98,REVIEW (> 30m),2025-07-26,BASE,6021.86,4961.9,82.4,8258.28,72.9,27.1,2236.43,1059.95,3296.38,11,1.6° – 70.7°,11.8,2527,1640.28,400,1010.8,1544.09,1326395.78,1326.4,809.0,1073.05,data/raw/solar/data_layers/dsm/mall/mall-0018_dsm.tif,data/raw/solar/data_layers/rgb/mall/mall-0018_rgb.tif,data/raw/solar/data_layers/mask/mall/mall-0018_mask.tif,data/raw/solar/data_layers/annual_flux/mall/mall-0018_annual_flux.tif,,,,,,,Gap Sedang,False,0.6238851479039618
MALL-0064,Mall Taman Anggrek,mall,Pusat Perbelanjaan / Mall,Jakarta Barat,11470.0,osm_overpass:node/6731988970,-6.1783,106.7925,buildings/ChIJ90mgbvX2aS4RgL2t5QUaR0c,"https://www.google.com/maps/search/?api=1&query=-6.178419,106.792480",-6.1784191,106.7924803,13.42,VALID (< 30m),2025-07-26,BASE,8240.29,5441.01,66.0,11692.05,70.5,29.5,3451.76,2799.28,6251.04,33,3.4° – 76.2°,28.5,2771,1648.55,400,1108.4,1543.6,1461802.61,1461.8,809.0,1182.6,data/raw/solar/data_layers/dsm/mall/mall-0064_dsm.tif,data/raw/solar/data_layers/rgb/mall/mall-0064_rgb.tif,data/raw/solar/data_layers/mask/mall/mall-0064_mask.tif,data/raw/solar/data_layers/annual_flux/mall/mall-0064_annual_flux.tif,,,,,,,Gap Sedang,False,0.6214569529231866
MALL-0044,Px Pavilion,mall,Pusat Perbelanjaan / Mall,Kota Tangerang,11610.0,osm_overpass:node/4160704519,-6.188336,106.737943,buildings/ChIJqffSNXD3aS4RTHsFXA02Uzo,"https://www.google.com/maps/search/?api=1&query=-6.188315,106.738019",-6.1883148,106.738019,8.73,VALID (< 30m),2024-09-19,BASE,2041.4,1782.91,87.3,3336.11,61.2,38.8,1294.7,258.49,1553.2,2,9.2° – 28.2°,16.5,908,1647.71,400,363.2,503.64,478759.9,478.76,809.0,387.32,data/raw/solar/data_layers/dsm/mall/mall-0044_dsm.tif,data/raw/solar/data_layers/rgb/mall/mall-0044_rgb.tif,data/raw/solar/data_layers/mask/mall/mall-0044_mask.tif,data/raw/solar/data_layers/annual_flux/mall/mall-0044_annual_flux.tif,,,,,,,Gap Besar,False,0.607852580916133
MALL-0031,WTC Mangga Dua Side Entrance,mall,Pusat Perbelanjaan / Mall,Jakarta Utara,14430.0,osm_overpass:node/4150989116,-6.133186,106.830594,buildings/ChIJx9oBMB0eai4RBLUhNjPJRrg,"https://www.google.com/maps/search/?api=1&query=-6.133186,106.830594",-6.1331864,106.8305945,0.07,VALID (< 30m),2025-07-26,BASE,2928.19,2061.73,70.4,4491.27,65.2,34.8,1563.08,866.46,2429.54,17,0.7° – 52.6°,14.1,1050,1682.86,400,420.0,625.65,565441.2,565.44,809.0,457.44,data/raw/solar/data_layers/dsm/mall/mall-0031_dsm.tif,data/raw/solar/data_layers/rgb/mall/mall-0031_rgb.tif,data/raw/solar/data_layers/mask/mall/mall-0031_mask.tif,data/raw/solar/data_layers/annual_flux/mall/mall-0031_annual_flux.tif,,,,,,,Gap Besar,False,0.5349060772942511
MALL-0075,WTC Mangga Dua,mall,Pusat Perbelanjaan / Mall,Jakarta Utara,14430.0,osm_overpass:way/34334670,-6.133186,106.830594,buildings/ChIJx9oBMB0eai4RBLUhNjPJRrg,"https://www.google.com/maps/search/?api=1&query=-6.133186,106.830594",-6.1331864,106.8305945,0.07,VALID (< 30m),2025-07-26,BASE,2928.19,2061.73,70.4,4491.27,65.2,34.8,1563.08,866.46,2429.54,17,0.7° – 52.6°,14.1,1050,1682.86,400,420.0,625.65,565441.2,565.44,809.0,457.44,data/raw/solar/data_layers/dsm/mall/mall-0075_dsm.tif,data/raw/solar/data_layers/rgb/mall/mall-0075_rgb.tif,data/raw/solar/data_layers/mask/mall/mall-0075_mask.tif,data/raw/solar/data_layers/annual_flux/mall/mall-0075_annual_flux.tif,,,,,,,Gap Besar,False,0.5349060772942511
MALL-0056,ITC Cempaka Mas Side Entrance,mall,Pusat Perbelanjaan / Mall,Jakarta Timur,10640.0,osm_overpass:node/4254005153,-6.166502,106.875979,buildings/ChIJZTXyJAX1aS4RofBujfcx3CY,"https://www.google.com/maps/search/?api=1&query=-6.166502,106.875979",-6.1665019,106.875979,0.01,VALID (< 30m),2025-07-26,BASE,772.07,620.48,80.4,916.28,84.3,15.7,144.2,151.59,295.8,3,1.9° – 5.5°,3.2,316,1682.07,400,126.4,199.69,170090.66,170.09,809.0,137.6,data/raw/solar/data_layers/dsm/mall/mall-0056_dsm.tif,data/raw/solar/data_layers/rgb/mall/mall-0056_rgb.tif,data/raw/solar/data_layers/mask/mall/mall-0056_mask.tif,data/raw/solar/data_layers/annual_flux/mall/mall-0056_annual_flux.tif,,,,,,,Gap Sedikit,False,0.5330716025630124
MALL-0068,Alfamidi Lotus Jasmine,mall,Pusat Perbelanjaan / Mall,Kota Bogor,16112.0,osm_overpass:node/7882792986,-6.570387,106.767019,buildings/ChIJ-Yl3V_TEaS4REREFb7uolVY,"https://www.google.com/maps/search/?api=1&query=-6.570397,106.767004",-6.5703969,106.7670043,1.96,VALID (< 30m),2025-03-08,BASE,329.34,269.01,81.7,510.61,64.5,35.5,181.26,60.34,241.6,2,10.9° – 11.7°,11.3,137,1638.05,400,54.8,85.37,71812.17,71.81,809.0,58.1,data/raw/solar/data_layers/dsm/mall/mall-0068_dsm.tif,data/raw/solar/data_layers/rgb/mall/mall-0068_rgb.tif,data/raw/solar/data_layers/mask/mall/mall-0068_mask.tif,data/raw/solar/data_layers/annual_flux/mall/mall-0068_annual_flux.tif,,,,,,,Gap Besar,False,0.5137078887710129
MALL-0023,Arion Mall,mall,Pusat Perbelanjaan / Mall,Jakarta Timur,13220.0,osm_overpass:node/4148676903,-6.193821,106.890549,buildings/ChIJtYtxcsD0aS4RuAmHAC7k1as,"https://www.google.com/maps/search/?api=1&query=-6.194084,106.890462",-6.194084,106.8904616,30.8,REVIEW (> 30m),2025-08-16,BASE,4051.8,3180.96,78.5,4638.11,87.4,12.6,586.31,870.85,1457.16,26,0.8° – 21.4°,3.1,1620,1675.37,400,648.0,1054.86,868509.53,868.51,809.0,702.62,data/raw/solar/data_layers/dsm/mall/mall-0023_dsm.tif,data/raw/solar/data_layers/rgb/mall/mall-0023_rgb.tif,data/raw/solar/data_layers/mask/mall/mall-0023_mask.tif,data/raw/solar/data_layers/annual_flux/mall/mall-0023_annual_flux.tif,,,,,,,Gap Sedikit,False,0.5048160417585961
MALL-0073,Halte Summarecon Mall Serpong,mall,Pusat Perbelanjaan / Mall,Kota Tangerang,15810.0,osm_overpass:node/9750533700,-6.240653,106.629499,buildings/ChIJc6o3ifX7aS4RrgO0YL17ji8,"https://www.google.com/maps/search/?api=1&query=-6.240672,106.629473",-6.2406723,106.6294728,3.6,VALID (< 30m),2025-07-26,BASE,121.88,98.18,80.6,182.13,66.9,33.1,60.25,23.7,83.95,1,3.4° – 3.4°,3.4,50,1602.16,400,20.0,31.5,25634.5,25.63,809.0,20.74,data/raw/solar/data_layers/dsm/mall/mall-0073_dsm.tif,data/raw/solar/data_layers/rgb/mall/mall-0073_rgb.tif,data/raw/solar/data_layers/mask/mall/mall-0073_mask.tif,data/raw/solar/data_layers/annual_flux/mall/mall-0073_annual_flux.tif,,,,,,,Gap Besar,False,0.4871950419828579
MALL-0022,Bellagio Boutique Mall,mall,Pusat Perbelanjaan / Mall,Jakarta Selatan,12950.0,osm_overpass:node/4148556005,-6.22743,106.824397,buildings/ChIJYUMjq-TzaS4RbSwYdSXh4Pw,"https://www.google.com/maps/search/?api=1&query=-6.227306,106.824237",-6.227305599999999,106.8242374,22.42,VALID (< 30m),2025-08-16,BASE,3906.35,2837.34,72.6,4387.86,89.0,11.0,481.52,1069.01,1550.53,22,2.2° – 65.5°,21.6,1445,1616.62,400,578.0,770.68,747524.53,747.52,809.0,604.75,data/raw/solar/data_layers/dsm/mall/mall-0022_dsm.tif,data/raw/solar/data_layers/rgb/mall/mall-0022_rgb.tif,data/raw/solar/data_layers/mask/mall/mall-0022_mask.tif,data/raw/solar/data_layers/annual_flux/mall/mall-0022_annual_flux.tif,,,,,,,Gap Sedikit,False,0.4819239940604164
MKT-0029,Pasar Alamanda,market,Pasar Tradisional (PD Pasar Jaya),Kota Bekasi,17510.0,osm_overpass:node/5057830096,-6.223625,107.041187,buildings/ChIJMcz8xMSOaS4Rcn2QLmfCiiM,"https://www.google.com/maps/search/?api=1&query=-6.223680,107.041162",-6.2236804,107.0411622,6.74,VALID (< 30m),2025-09-13,BASE,6686.24,5562.75,83.2,6842.93,97.7,2.3,156.69,1123.49,1280.18,22,0.4° – 20.4°,10.6,2833,1709.58,400,1133.2,1832.0,1549839.02,1549.84,809.0,1253.82,data/raw/solar/data_layers/dsm/market/mkt-0029_dsm.tif,data/raw/solar/data_layers/rgb/market/mkt-0029_rgb.tif,data/raw/solar/data_layers/mask/market/mkt-0029_mask.tif,data/raw/solar/data_layers/annual_flux/market/mkt-0029_annual_flux.tif,,,,,,,Gap Sedikit,False,0.9109849662077858
MKT-0081,Pasar Anyar,market,Pasar Tradisional (PD Pasar Jaya),Kota Bogor,16124.0,osm_overpass:way/120050412,-6.59163,106.792142,buildings/ChIJ-d6lxbXFaS4R91m7mkex9Yg,"https://www.google.com/maps/search/?api=1&query=-6.591596,106.792116",-6.5915965,106.7921162,4.69,VALID (< 30m),2024-02-22,BASE,7783.77,5391.92,69.3,10653.67,73.1,26.9,2869.9,2391.85,5261.75,78,1.6° – 24.2°,10.1,2746,1613.73,400,1098.4,1703.03,1418016.74,1418.02,809.0,1147.17,data/raw/solar/data_layers/dsm/market/mkt-0081_dsm.tif,data/raw/solar/data_layers/rgb/market/mkt-0081_rgb.tif,data/raw/solar/data_layers/mask/market/mkt-0081_mask.tif,data/raw/solar/data_layers/annual_flux/market/mkt-0081_annual_flux.tif,,,,,,,Gap Sedang,False,0.8145900098193498
MKT-0057,Pasar Palmerah,market,Pasar Tradisional (PD Pasar Jaya),Jakarta Barat,10270.0,osm_overpass:way/119919348,-6.208244,106.795926,buildings/ChIJ01_4jLf2aS4RbyDk9OpeCDM,"https://www.google.com/maps/search/?api=1&query=-6.208256,106.795902",-6.2082557,106.7959023,2.93,VALID (< 30m),2025-08-16,BASE,4053.56,3161.32,78.0,4832.62,83.9,16.1,779.06,892.24,1671.3,27,1.8° – 55.3°,12.5,1610,1646.14,400,644.0,999.75,848091.89,848.09,809.0,686.11,data/raw/solar/data_layers/dsm/market/mkt-0057_dsm.tif,data/raw/solar/data_layers/rgb/market/mkt-0057_rgb.tif,data/raw/solar/data_layers/mask/market/mkt-0057_mask.tif,data/raw/solar/data_layers/annual_flux/market/mkt-0057_annual_flux.tif,,,,,,,Gap Sedikit,False,0.7236883832925993
MKT-0091,De Market,market,Pasar Tradisional (PD Pasar Jaya),Kota Depok,16412.0,osm_overpass:way/153750198,-6.422008,106.829792,buildings/ChIJs7taqjLqaS4RXNKNuCpy3mQ,"https://www.google.com/maps/search/?api=1&query=-6.422033,106.829842",-6.422033099999999,106.829842,6.19,VALID (< 30m),2024-03-19,BASE,3336.74,2800.03,83.9,4524.47,73.7,26.3,1187.74,536.71,1724.44,12,2.8° – 13.4°,8.4,1426,1673.91,400,570.4,908.93,763837.29,763.84,809.0,617.94,data/raw/solar/data_layers/dsm/market/mkt-0091_dsm.tif,data/raw/solar/data_layers/rgb/market/mkt-0091_rgb.tif,data/raw/solar/data_layers/mask/market/mkt-0091_mask.tif,data/raw/solar/data_layers/annual_flux/market/mkt-0091_annual_flux.tif,,,,,,,Gap Sedang,False,0.7200635813239649
MKT-0052,Pasar Jembatan Besi,market,Pasar Tradisional (PD Pasar Jaya),Jakarta Utara,11320.0,osm_overpass:node/8414383403,-6.150391,106.797168,buildings/ChIJ9xLH9Bb2aS4Rii3L4Fqiue8,"https://www.google.com/maps/search/?api=1&query=-6.150388,106.797219",-6.1503877,106.7972194,5.69,VALID (< 30m),2025-07-26,BASE,1821.24,1651.35,90.7,3852.3,47.3,52.7,2031.05,169.89,2200.95,1,0.6° – 0.6°,0.6,841,1630.72,400,336.4,530.04,438860.25,438.86,809.0,355.04,data/raw/solar/data_layers/dsm/market/mkt-0052_dsm.tif,data/raw/solar/data_layers/rgb/market/mkt-0052_rgb.tif,data/raw/solar/data_layers/mask/market/mkt-0052_mask.tif,data/raw/solar/data_layers/annual_flux/market/mkt-0052_annual_flux.tif,,,,,,,Gap Besar,False,0.6869305155085328
MKT-0006,Gelanggang Remaja Kecamatan Pasar Rebo,market,Pasar Tradisional (PD Pasar Jaya),Kota Depok,13770.0,osm_overpass:way/119728073,-6.330165,106.855279,buildings/ChIJoY-nva_taS4Rjt47sHjBcBg,"https://www.google.com/maps/search/?api=1&query=-6.330165,106.855250",-6.3301646,106.85524970000002,3.24,VALID (< 30m),2024-02-22,BASE,1212.07,1099.59,90.7,1560.43,77.7,22.3,348.36,112.48,460.84,1,2.0° – 2.0°,2.0,560,1650.03,400,224.0,339.02,295684.96,295.68,809.0,239.21,data/raw/solar/data_layers/dsm/market/mkt-0006_dsm.tif,data/raw/solar/data_layers/rgb/market/mkt-0006_rgb.tif,data/raw/solar/data_layers/mask/market/mkt-0006_mask.tif,data/raw/solar/data_layers/annual_flux/market/mkt-0006_annual_flux.tif,,,,,,,Gap Sedang,False,0.6608876705839881
MKT-0083,Pasar Slipi,market,Pasar Tradisional (PD Pasar Jaya),Jakarta Barat,11480.0,osm_overpass:way/120910680,-6.190276,106.795909,buildings/ChIJL35VHpP2aS4RNqf4IsJXRZ0,"https://www.google.com/maps/search/?api=1&query=-6.190277,106.795899",-6.1902768,106.79589930000002,1.08,VALID (< 30m),2025-08-16,BASE,2898.06,2222.74,76.7,3332.23,87.0,13.0,434.17,675.32,1109.48,24,0.7° – 53.8°,6.9,1132,1630.96,400,452.8,717.28,590800.62,590.8,809.0,477.96,data/raw/solar/data_layers/dsm/market/mkt-0083_dsm.tif,data/raw/solar/data_layers/rgb/market/mkt-0083_rgb.tif,data/raw/solar/data_layers/mask/market/mkt-0083_mask.tif,data/raw/solar/data_layers/annual_flux/market/mkt-0083_annual_flux.tif,,,,,,,Gap Sedikit,False,0.6575307293510404
MKT-0025,Pasar Setu,market,Pasar Tradisional (PD Pasar Jaya),Kab. Bekasi,17530.0,osm_overpass:node/4727224415,-6.336428,107.045239,buildings/ChIJy0uD9gaRaS4RIZnFYCYlqb4,"https://www.google.com/maps/search/?api=1&query=-6.336348,107.045108",-6.3363485,107.0451081,16.95,VALID (< 30m),2025-05-27,BASE,5202.05,3779.84,72.7,6319.35,82.3,17.7,1117.31,1422.2,2539.51,57,0.9° – 38.1°,12.0,1925,1695.86,400,770.0,1246.06,1044652.78,1044.65,809.0,845.12,data/raw/solar/data_layers/dsm/market/mkt-0025_dsm.tif,data/raw/solar/data_layers/rgb/market/mkt-0025_rgb.tif,data/raw/solar/data_layers/mask/market/mkt-0025_mask.tif,data/raw/solar/data_layers/annual_flux/market/mkt-0025_annual_flux.tif,,,,,,,Gap Sedikit,False,0.6535983367947402
MKT-0089,Pasar Jaya Lenteng Agung,market,Pasar Tradisional (PD Pasar Jaya),Kota Depok,12620.0,osm_overpass:way/153303336,-6.331395,106.832863,buildings/ChIJRbqeCM_taS4RY4tqainUA5I,"https://www.google.com/maps/search/?api=1&query=-6.331433,106.832877",-6.331433,106.832877,4.5,VALID (< 30m),2024-02-22,BASE,1700.5,1433.39,84.3,1852.3,91.8,8.2,151.8,267.1,418.9,7,8.4° – 14.7°,10.6,730,1648.9,400,292.0,461.05,385182.88,385.18,809.0,311.61,data/raw/solar/data_layers/dsm/market/mkt-0089_dsm.tif,data/raw/solar/data_layers/rgb/market/mkt-0089_rgb.tif,data/raw/solar/data_layers/mask/market/mkt-0089_mask.tif,data/raw/solar/data_layers/annual_flux/market/mkt-0089_annual_flux.tif,,,,,,,Gap Sedikit,False,0.6338958288255305
MKT-0079,Pasar Cisalak,market,Pasar Tradisional (PD Pasar Jaya),Kota Depok,16452.0,osm_overpass:way/120006301,-6.37775,106.867622,buildings/ChIJ_5GBTYDsaS4Rs1qQBW6xkxY,"https://www.google.com/maps/search/?api=1&query=-6.377778,106.867879",-6.3777779,106.8678787,28.54,VALID (< 30m),2024-02-22,BASE,5547.33,4158.81,75.0,5952.59,93.2,6.8,405.27,1388.52,1793.79,35,0.9° – 20.4°,8.0,2118,1663.25,400,847.2,1362.63,1127282.76,1127.28,809.0,911.97,data/raw/solar/data_layers/dsm/market/mkt-0079_dsm.tif,data/raw/solar/data_layers/rgb/market/mkt-0079_rgb.tif,data/raw/solar/data_layers/mask/market/mkt-0079_mask.tif,data/raw/solar/data_layers/annual_flux/market/mkt-0079_annual_flux.tif,,,,,,,Gap Sedikit,False,0.6320531675070692
MKT-0082,Pasar Jaya Ciracas,market,Pasar Tradisional (PD Pasar Jaya),Kota Depok,13740.0,osm_overpass:way/120320890,-6.330489,106.87103,buildings/ChIJI2CO1QXtaS4RAQCUNw-uv0Y,"https://www.google.com/maps/search/?api=1&query=-6.330522,106.870981",-6.330522299999999,106.8709805,6.61,VALID (< 30m),2024-02-22,BASE,2818.68,2169.73,77.0,3378.43,83.4,16.6,559.75,648.95,1208.7,19,0.9° – 8.2°,5.7,1105,1645.25,400,442.0,709.73,581759.55,581.76,809.0,470.64,data/raw/solar/data_layers/dsm/market/mkt-0082_dsm.tif,data/raw/solar/data_layers/rgb/market/mkt-0082_rgb.tif,data/raw/solar/data_layers/mask/market/mkt-0082_mask.tif,data/raw/solar/data_layers/annual_flux/market/mkt-0082_annual_flux.tif,,,,,,,Gap Sedikit,False,0.6249441138014271
MKT-0011,Pasar Pocong,market,Pasar Tradisional (PD Pasar Jaya),Kab. Bekasi,16969.0,osm_overpass:node/2639379285,-6.322656,106.975254,buildings/ChIJV4zhsEWSaS4RQehDZwbZS0A,"https://www.google.com/maps/search/?api=1&query=-6.322738,106.975360",-6.322738300000001,106.9753596,14.83,VALID (< 30m),2025-05-27,BASE,1954.57,1590.48,81.4,3280.27,59.6,40.4,1325.7,364.09,1689.79,5,0.9° – 6.0°,3.1,810,1679.23,400,324.0,533.09,435255.85,435.26,809.0,352.12,data/raw/solar/data_layers/dsm/market/mkt-0011_dsm.tif,data/raw/solar/data_layers/rgb/market/mkt-0011_rgb.tif,data/raw/solar/data_layers/mask/market/mkt-0011_mask.tif,data/raw/solar/data_layers/annual_flux/market/mkt-0011_annual_flux.tif,,,,,,,Gap Besar,False,0.5676711080235668
MKT-0050,Pertokoan Ps.Waru,market,Pasar Tradisional (PD Pasar Jaya),Jakarta Timur,13320.0,osm_overpass:node/8413825387,-6.224018,106.866026,buildings/ChIJsfCjZXjzaS4R-lRyXAt5WiU,"https://www.google.com/maps/search/?api=1&query=-6.224051,106.866010",-6.224050999999999,106.8660098,4.08,VALID (< 30m),2025-08-16,BASE,916.69,742.22,81.0,1163.32,78.8,21.2,246.62,174.47,421.09,3,14.3° – 16.4°,15.2,378,1638.69,400,151.2,238.19,198215.99,198.22,809.0,160.36,data/raw/solar/data_layers/dsm/market/mkt-0050_dsm.tif,data/raw/solar/data_layers/rgb/market/mkt-0050_rgb.tif,data/raw/solar/data_layers/mask/market/mkt-0050_mask.tif,data/raw/solar/data_layers/annual_flux/market/mkt-0050_annual_flux.tif,,,,,,,Gap Sedang,False,0.5638221306743203
MKT-0032,Pasar Prungpung,market,Pasar Tradisional (PD Pasar Jaya),Kota Tangerang Selatan,16340.0,osm_overpass:node/5129787821,-6.385161,106.680775,buildings/ChIJb0-u89XlaS4R8KYEBjxw5G0,"https://www.google.com/maps/search/?api=1&query=-6.385302,106.680920",-6.3853019,106.6809199,22.4,VALID (< 30m),2024-08-14,BASE,3803.46,2766.65,72.7,4030.41,94.4,5.6,226.95,1036.81,1263.76,23,4.6° – 36.4°,10.1,1409,1681.08,400,563.6,895.65,757966.48,757.97,809.0,613.19,data/raw/solar/data_layers/dsm/market/mkt-0032_dsm.tif,data/raw/solar/data_layers/rgb/market/mkt-0032_rgb.tif,data/raw/solar/data_layers/mask/market/mkt-0032_mask.tif,data/raw/solar/data_layers/annual_flux/market/mkt-0032_annual_flux.tif,,,,,,,Gap Sedikit,False,0.5503037272871842
MKT-0060,Pasar Baru Timur,market,Pasar Tradisional (PD Pasar Jaya),Jakarta Pusat,10610.0,osm_overpass:node/11568547446,-6.162331,106.838143,buildings/ChIJB9D048b1aS4RoizZrmmTZug,"https://www.google.com/maps/search/?api=1&query=-6.162326,106.838142",-6.1623263,106.8381418,0.54,VALID (< 30m),2025-07-26,BASE,322.35,259.19,80.4,322.53,99.9,0.1,0.18,63.16,63.34,1,31.6° – 31.6°,31.6,132,1632.23,400,52.8,71.89,68945.37,68.95,809.0,55.78,data/raw/solar/data_layers/dsm/market/mkt-0060_dsm.tif,data/raw/solar/data_layers/rgb/market/mkt-0060_rgb.tif,data/raw/solar/data_layers/mask/market/mkt-0060_mask.tif,data/raw/solar/data_layers/annual_flux/market/mkt-0060_annual_flux.tif,,,,,,,Gap Sedikit,False,0.5446783254261209
MKT-0095,Pasar Sindang,market,Pasar Tradisional (PD Pasar Jaya),Jakarta Utara,14220.0,osm_overpass:way/154830107,-6.111548,106.896812,buildings/ChIJLWnxF5Mfai4RHnYkj-6ppZ0,"https://www.google.com/maps/search/?api=1&query=-6.111600,106.896721",-6.1116005,106.8967207,11.66,VALID (< 30m),2025-07-26,BASE,1673.28,1305.76,78.0,1940.04,86.2,13.8,266.76,367.51,634.27,8,6.7° – 13.6°,11.3,665,1718.36,400,266.0,445.31,365666.82,365.67,809.0,295.82,data/raw/solar/data_layers/dsm/market/mkt-0095_dsm.tif,data/raw/solar/data_layers/rgb/market/mkt-0095_rgb.tif,data/raw/solar/data_layers/mask/market/mkt-0095_mask.tif,data/raw/solar/data_layers/annual_flux/market/mkt-0095_annual_flux.tif,,,,,,,Gap Sedikit,False,0.54149088736801
MKT-0035,Pasar Saraswati Ciledug,market,Pasar Tradisional (PD Pasar Jaya),Kota Tangerang,15151.0,osm_overpass:node/6648873092,-6.225047,106.709016,buildings/ChIJmRDIixz6aS4R66lWxv3HoM8,"https://www.google.com/maps/search/?api=1&query=-6.225109,106.708937",-6.2251091,106.7089373,11.11,VALID (< 30m),2023-08-06,BASE,844.54,706.88,83.7,928.41,91.0,9.0,83.87,137.66,221.53,5,0.7° – 7.5°,4.7,360,1630.15,400,144.0,228.77,187792.83,187.79,809.0,151.92,data/raw/solar/data_layers/dsm/market/mkt-0035_dsm.tif,data/raw/solar/data_layers/rgb/market/mkt-0035_rgb.tif,data/raw/solar/data_layers/mask/market/mkt-0035_mask.tif,data/raw/solar/data_layers/annual_flux/market/mkt-0035_annual_flux.tif,,,,,,,Gap Sedikit,False,0.5406384609112002
MKT-0097,Pasar Sinar,market,Pasar Tradisional (PD Pasar Jaya),Jakarta Utara,14270.0,osm_overpass:way/154838032,-6.111842,106.907917,buildings/ChIJ7QQdOIsfai4RgBx-pML5GCs,"https://www.google.com/maps/search/?api=1&query=-6.111851,106.907897",-6.1118511,106.9078971,2.42,VALID (< 30m),2025-07-05,BASE,699.89,538.01,76.9,782.47,89.4,10.6,82.58,161.87,244.45,10,7.7° – 16.6°,11.7,274,1721.57,400,109.6,183.0,150946.85,150.95,809.0,122.12,data/raw/solar/data_layers/dsm/market/mkt-0097_dsm.tif,data/raw/solar/data_layers/rgb/market/mkt-0097_rgb.tif,data/raw/solar/data_layers/mask/market/mkt-0097_mask.tif,data/raw/solar/data_layers/annual_flux/market/mkt-0097_annual_flux.tif,,,,,,,Gap Sedikit,False,0.5302046278850282
UNIV-0030,Akademi Keperawatan RS Husada,university,Universitas & Kampus,Jakarta Utara,10730.0,osm_overpass:node/4994320035,-6.146166,106.829287,buildings/ChIJ7TA2VOX1aS4RuPyOatHJBH4,"https://www.google.com/maps/search/?api=1&query=-6.146203,106.829021",-6.146202799999999,106.829021,29.69,VALID (< 30m),2025-07-26,BASE,8258.42,5686.45,68.9,9428.97,87.6,12.4,1170.56,2571.96,3742.52,112,2.1° – 37.9°,22.0,2896,1642.78,400,1158.4,1776.55,1522393.0,1522.39,809.0,1231.61,data/raw/solar/data_layers/dsm/university/univ-0030_dsm.tif,data/raw/solar/data_layers/rgb/university/univ-0030_rgb.tif,data/raw/solar/data_layers/mask/university/univ-0030_mask.tif,data/raw/solar/data_layers/annual_flux/university/univ-0030_annual_flux.tif,,,,,,,Gap Sedikit,False,0.7580399224872716
UNIV-0049,IPB Pasca Sarjana Manajemen dan Bisnis,university,Universitas & Kampus,Kota Bogor,16128.0,osm_overpass:node/6227650791,-6.586659,106.806304,buildings/ChIJo5ElVS3EaS4RtsgsFYw9QEI,"https://www.google.com/maps/search/?api=1&query=-6.586647,106.806299",-6.5866474,106.8062994,1.39,VALID (< 30m),2024-02-22,BASE,3603.25,2682.22,74.4,4125.47,87.3,12.7,522.22,921.03,1443.25,35,7.1° – 42.0°,34.5,1366,1592.39,400,546.4,758.32,696065.08,696.07,809.0,563.12,data/raw/solar/data_layers/dsm/university/univ-0049_dsm.tif,data/raw/solar/data_layers/rgb/university/univ-0049_rgb.tif,data/raw/solar/data_layers/mask/university/univ-0049_mask.tif,data/raw/solar/data_layers/annual_flux/university/univ-0049_annual_flux.tif,,,,,,,Gap Sedikit,False,0.7163661324048943
UNIV-0077,Universitas Buddhi Dharma,university,Universitas & Kampus,Kota Tangerang,15115.0,osm_overpass:way/239436618,-6.186983,106.626661,buildings/ChIJeSpLidT-aS4R1UoXadQ7eL0,"https://www.google.com/maps/search/?api=1&query=-6.186987,106.626609",-6.186986699999999,106.6266087,5.8,VALID (< 30m),2025-07-26,BASE,1475.14,1311.65,88.9,2141.1,68.9,31.1,665.96,163.48,829.44,1,1.3° – 1.3°,1.3,668,1639.62,400,267.2,431.34,350484.96,350.48,809.0,283.54,data/raw/solar/data_layers/dsm/university/univ-0077_dsm.tif,data/raw/solar/data_layers/rgb/university/univ-0077_rgb.tif,data/raw/solar/data_layers/mask/university/univ-0077_mask.tif,data/raw/solar/data_layers/annual_flux/university/univ-0077_annual_flux.tif,,,,,,,Gap Besar,False,0.6626184921614506
UNIV-0081,Sekolah IPEKA Pluit,university,Universitas & Kampus,Jakarta Utara,14450.0,osm_overpass:way/246964306,-6.119188,106.79661,buildings/ChIJKZAbBesdai4ROnKxlnyCQfE,"https://www.google.com/maps/search/?api=1&query=-6.119180,106.796501",-6.1191802,106.7965006,12.13,VALID (< 30m),2025-07-26,BASE,2902.99,2165.8,74.6,3014.26,96.3,3.7,111.27,737.19,848.46,24,2.3° – 22.6°,11.3,1103,1697.56,400,441.2,722.63,599169.82,599.17,809.0,484.73,data/raw/solar/data_layers/dsm/university/univ-0081_dsm.tif,data/raw/solar/data_layers/rgb/university/univ-0081_rgb.tif,data/raw/solar/data_layers/mask/university/univ-0081_mask.tif,data/raw/solar/data_layers/annual_flux/university/univ-0081_annual_flux.tif,,,,,,,Gap Sedikit,False,0.6259477349888073
UNIV-0047,Institut BPJS Ketenagakerjaan,university,Universitas & Kampus,Kota Bogor,16161.0,osm_overpass:node/6227362794,-6.566043,106.802435,buildings/ChIJAwnCLhbEaS4RSJJKJJ5ghIk,"https://www.google.com/maps/search/?api=1&query=-6.565987,106.802578",-6.5659869,106.8025784,17.02,VALID (< 30m),2024-02-22,BASE,1998.86,1670.99,83.6,2211.41,90.4,9.6,212.55,327.88,540.42,5,8.9° – 36.9°,30.3,851,1646.99,400,340.4,497.93,448508.04,448.51,809.0,362.84,data/raw/solar/data_layers/dsm/university/univ-0047_dsm.tif,data/raw/solar/data_layers/rgb/university/univ-0047_rgb.tif,data/raw/solar/data_layers/mask/university/univ-0047_mask.tif,data/raw/solar/data_layers/annual_flux/university/univ-0047_annual_flux.tif,,,,,,,Gap Sedikit,False,0.6065976410450895
UNIV-0027,SMA N 4 Cibinong,university,Universitas & Kampus,Kab. Bogor,16911.0,osm_overpass:node/6474593473,-6.486405,106.858658,buildings/ChIJd1ZsobbBaS4R27_oftPr4jA,"https://www.google.com/maps/search/?api=1&query=-6.486431,106.858660",-6.4864313,106.8586602,2.93,VALID (< 30m),2024-03-19,BASE,1043.74,824.69,79.0,1417.25,73.6,26.4,373.51,219.04,592.56,5,5.1° – 70.2°,10.4,420,1657.24,400,168.0,239.98,222733.42,222.73,809.0,180.19,data/raw/solar/data_layers/dsm/university/univ-0027_dsm.tif,data/raw/solar/data_layers/rgb/university/univ-0027_rgb.tif,data/raw/solar/data_layers/mask/university/univ-0027_mask.tif,data/raw/solar/data_layers/annual_flux/university/univ-0027_annual_flux.tif,,,,,,,Gap Sedang,False,0.5985152572252348
UNIV-0085,Kampus Utama Institut Teknologi PLN (ITPLN),university,Universitas & Kampus,Kota Tangerang,11750.0,osm_overpass:node/13167094252,-6.168244,106.726372,buildings/ChIJWVkVYIj3aS4RVdP5OlPUNQs,"https://www.google.com/maps/search/?api=1&query=-6.168354,106.726466",-6.168353799999999,106.7264663,16.05,VALID (< 30m),2024-09-19,BASE,2108.05,1682.77,79.8,2433.07,86.6,13.4,325.02,425.28,750.3,12,1.3° – 19.5°,6.2,857,1679.87,400,342.8,531.29,460686.67,460.69,809.0,372.7,data/raw/solar/data_layers/dsm/university/univ-0085_dsm.tif,data/raw/solar/data_layers/rgb/university/univ-0085_rgb.tif,data/raw/solar/data_layers/mask/university/univ-0085_mask.tif,data/raw/solar/data_layers/annual_flux/university/univ-0085_annual_flux.tif,,,,,,,Gap Sedikit,False,0.5952952254941024
UNIV-0001,LAB Bahasa IPB,university,Universitas & Kampus,Kota Bogor,16128.0,osm_overpass:node/1572825301,-6.58721,106.806278,buildings/ChIJlWgeqdLFaS4RKgaXuZfGyJw,"https://www.google.com/maps/search/?api=1&query=-6.587317,106.806287",-6.5873174,106.8062873,11.99,VALID (< 30m),2024-02-22,BASE,1315.83,1083.88,82.4,1521.74,86.5,13.5,205.91,231.94,437.86,8,27.4° – 37.1°,29.4,552,1585.4,400,220.8,317.19,280045.3,280.05,809.0,226.56,data/raw/solar/data_layers/dsm/university/univ-0001_dsm.tif,data/raw/solar/data_layers/rgb/university/univ-0001_rgb.tif,data/raw/solar/data_layers/mask/university/univ-0001_mask.tif,data/raw/solar/data_layers/annual_flux/university/univ-0001_annual_flux.tif,,,,,,,Gap Sedikit,False,0.5856552211921916
UNIV-0024,Gedung Rektorat Universitas Pakuan,university,Universitas & Kampus,Kota Bogor,16129.0,osm_overpass:node/4905252636,-6.599343,106.812303,buildings/ChIJzcqQgdnFaS4RB7n5LNPVpBk,"https://www.google.com/maps/search/?api=1&query=-6.599338,106.812238",-6.5993376,106.8122379,7.22,VALID (< 30m),2024-02-22,BASE,981.75,795.24,81.0,1349.01,72.8,27.2,367.26,186.51,553.77,2,5.0° – 9.1°,7.2,405,1628.65,400,162.0,253.92,211073.2,211.07,809.0,170.76,data/raw/solar/data_layers/dsm/university/univ-0024_dsm.tif,data/raw/solar/data_layers/rgb/university/univ-0024_rgb.tif,data/raw/solar/data_layers/mask/university/univ-0024_mask.tif,data/raw/solar/data_layers/annual_flux/university/univ-0024_annual_flux.tif,,,,,,,Gap Sedang,False,0.5834761037871834
UNIV-0018,Akademik Manajemen Informasi dan Komunikasi,university,Universitas & Kampus,Jakarta Timur,13410.0,osm_overpass:node/4842721737,-6.225571,106.876796,buildings/ChIJcaslq3rzaS4RkTt0YkPG5YE,"https://www.google.com/maps/search/?api=1&query=-6.225672,106.876762",-6.225671999999999,106.8767617,11.85,VALID (< 30m),2025-08-16,BASE,922.0,765.79,83.1,1027.54,89.7,10.3,105.55,156.21,261.76,5,7.9° – 30.6°,17.9,390,1654.93,400,156.0,239.29,206534.78,206.53,809.0,167.09,data/raw/solar/data_layers/dsm/university/univ-0018_dsm.tif,data/raw/solar/data_layers/rgb/university/univ-0018_rgb.tif,data/raw/solar/data_layers/mask/university/univ-0018_mask.tif,data/raw/solar/data_layers/annual_flux/university/univ-0018_annual_flux.tif,,,,,,,Gap Sedikit,False,0.5671459827273405
UNIV-0003,SMAS BINA RUHAMA,university,Universitas & Kampus,Kota Bogor,16710.0,osm_overpass:node/2398010242,-6.589679,106.838853,buildings/ChIJOW5w3mDGaS4Rw5WDaap83E8,"https://www.google.com/maps/search/?api=1&query=-6.589681,106.838817",-6.589681499999999,106.8388168,4.01,VALID (< 30m),2024-02-22,BASE,937.17,700.99,74.8,1440.74,65.0,35.0,503.57,236.18,739.75,10,9.4° – 23.4°,20.2,357,1631.23,400,142.8,217.12,186352.22,186.35,809.0,150.76,data/raw/solar/data_layers/dsm/university/univ-0003_dsm.tif,data/raw/solar/data_layers/rgb/university/univ-0003_rgb.tif,data/raw/solar/data_layers/mask/university/univ-0003_mask.tif,data/raw/solar/data_layers/annual_flux/university/univ-0003_annual_flux.tif,,,,,,,Gap Besar,False,0.5653860084160045
UNIV-0071,Universitas Muhammadiyah Tangerang,university,Universitas & Kampus,Kota Tangerang,15118.0,osm_overpass:node/9695795540,-6.192484,106.630898,buildings/ChIJU2XSZC35aS4RxHOoQXr44TY,"https://www.google.com/maps/search/?api=1&query=-6.192482,106.631074",-6.1924818,106.6310737,19.42,VALID (< 30m),2025-07-26,BASE,2521.6,1859.49,73.7,3464.44,72.8,27.2,942.84,662.11,1604.95,17,1.8° – 60.8°,19.3,947,1615.13,400,378.8,547.22,489447.84,489.45,809.0,395.96,data/raw/solar/data_layers/dsm/university/univ-0071_dsm.tif,data/raw/solar/data_layers/rgb/university/univ-0071_rgb.tif,data/raw/solar/data_layers/mask/university/univ-0071_mask.tif,data/raw/solar/data_layers/annual_flux/university/univ-0071_annual_flux.tif,,,,,,,Gap Sedang,False,0.563024091929264
STD-0052,Jakarta International Velodrome,stadium,"Stadion, GOR & Arena Olahraga",Jakarta Timur,13220.0,osm_overpass:way/29483769,-6.190945,106.890081,buildings/ChIJy3KCwMH0aS4RC6yOMI-7V8o,"https://www.google.com/maps/search/?api=1&query=-6.190989,106.890084",-6.1909886,106.8900838,4.86,VALID (< 30m),2025-08-16,BASE,7048.8,6222.51,88.3,10148.91,69.5,30.5,3100.11,826.3,3926.41,6,3.9° – 79.7°,7.5,3169,1682.34,400,1267.6,2064.0,1706029.27,1706.03,809.0,1380.18,data/raw/solar/data_layers/dsm/stadium/std-0052_dsm.tif,data/raw/solar/data_layers/rgb/stadium/std-0052_rgb.tif,data/raw/solar/data_layers/mask/stadium/std-0052_mask.tif,data/raw/solar/data_layers/annual_flux/stadium/std-0052_annual_flux.tif,,,,,,,Gap Besar,False,0.9734201196841633
STD-0033,Sports Center Gunadarma,stadium,"Stadion, GOR & Arena Olahraga",Kota Depok,16451.0,osm_overpass:node/10570636664,-6.352426,106.83645,buildings/ChIJDb8xdjnsaS4RGLRru1LPaXE,"https://www.google.com/maps/search/?api=1&query=-6.352498,106.836451",-6.3524983,106.8364507,8.04,VALID (< 30m),2024-02-22,BASE,3239.76,2872.68,88.7,3999.33,81.0,19.0,759.57,367.08,1126.65,7,3.6° – 20.1°,7.1,1463,1640.03,400,585.2,930.16,767796.91,767.8,809.0,621.15,data/raw/solar/data_layers/dsm/stadium/std-0033_dsm.tif,data/raw/solar/data_layers/rgb/stadium/std-0033_rgb.tif,data/raw/solar/data_layers/mask/stadium/std-0033_mask.tif,data/raw/solar/data_layers/annual_flux/stadium/std-0033_annual_flux.tif,,,,,,,Gap Sedikit,False,0.7436094107025945
STD-0026,Stadion Benteng,stadium,"Stadion, GOR & Arena Olahraga",Kota Tangerang,15111.0,osm_overpass:way/28981816,-6.173936,106.639515,buildings/ChIJVcU3aND4aS4RhCmDrYo1LvA,"https://www.google.com/maps/search/?api=1&query=-6.173936,106.639515",-6.1739365,106.6395154,0.07,VALID (< 30m),2025-07-26,BASE,2035.47,1804.51,88.7,3638.0,56.0,44.0,1602.53,230.97,1833.5,2,3.1° – 3.9°,3.8,919,1641.59,400,367.6,593.31,482759.2,482.76,809.0,390.55,data/raw/solar/data_layers/dsm/stadium/std-0026_dsm.tif,data/raw/solar/data_layers/rgb/stadium/std-0026_rgb.tif,data/raw/solar/data_layers/mask/stadium/std-0026_mask.tif,data/raw/solar/data_layers/annual_flux/stadium/std-0026_annual_flux.tif,,,,,,,Gap Besar,False,0.7157427823201903
STD-0048,Indonesia Arena,stadium,"Stadion, GOR & Arena Olahraga",Jakarta Barat,10270.0,osm_overpass:way/29203124,-6.215013,106.799826,buildings/ChIJsWcifLT2aS4R2AxB9ARA7oY,"https://www.google.com/maps/search/?api=1&query=-6.215013,106.799826",-6.2150129,106.7998265,0.06,VALID (< 30m),2025-08-16,BASE,1851.03,1625.82,87.8,2245.27,82.4,17.6,394.25,225.2,619.45,2,0.1° – 0.2°,0.1,828,1621.68,400,331.2,534.56,429680.86,429.68,809.0,347.61,data/raw/solar/data_layers/dsm/stadium/std-0048_dsm.tif,data/raw/solar/data_layers/rgb/stadium/std-0048_rgb.tif,data/raw/solar/data_layers/mask/stadium/std-0048_mask.tif,data/raw/solar/data_layers/annual_flux/stadium/std-0048_annual_flux.tif,,,,,,,Gap Sedikit,False,0.700249074695633
STD-0009,Gymnasium UI,stadium,"Stadion, GOR & Arena Olahraga",Kota Depok,16425.0,osm_overpass:node/1855366594,-6.366937,106.821758,buildings/ChIJScaGOBzsaS4RmblaOeWYLQM,"https://www.google.com/maps/search/?api=1&query=-6.366955,106.821758",-6.3669546,106.821758,1.96,VALID (< 30m),2024-02-22,BASE,1724.77,1508.01,87.4,1795.13,96.1,3.9,70.36,216.76,287.12,4,4.0° – 17.5°,8.6,768,1634.24,400,307.2,490.54,401630.58,401.63,809.0,324.92,data/raw/solar/data_layers/dsm/stadium/std-0009_dsm.tif,data/raw/solar/data_layers/rgb/stadium/std-0009_rgb.tif,data/raw/solar/data_layers/mask/stadium/std-0009_mask.tif,data/raw/solar/data_layers/annual_flux/stadium/std-0009_annual_flux.tif,,,,,,,Gap Sedikit,False,0.6811457422501648
STD-0053,Stadion Atletik dan Sepak Bola Dinas Kemenpora DKI Jakarta,stadium,"Stadion, GOR & Arena Olahraga",Jakarta Timur,13220.0,osm_overpass:way/29483785,-6.192187,106.888691,buildings/ChIJ8x5P1cH0aS4R9LsEqoGmJ1A,"https://www.google.com/maps/search/?api=1&query=-6.192187,106.888691",-6.192187,106.8886913,0.03,VALID (< 30m),2025-08-16,BASE,1699.76,1339.14,78.8,2032.29,83.6,16.4,332.54,360.61,693.15,8,0.6° – 11.4°,1.5,682,1672.58,400,272.8,448.01,365023.92,365.02,809.0,295.3,data/raw/solar/data_layers/dsm/stadium/std-0053_dsm.tif,data/raw/solar/data_layers/rgb/stadium/std-0053_rgb.tif,data/raw/solar/data_layers/mask/stadium/std-0053_mask.tif,data/raw/solar/data_layers/annual_flux/stadium/std-0053_annual_flux.tif,,,,,,,Gap Sedikit,False,0.6413878735569973
STD-0015,Vidite Futsal,stadium,"Stadion, GOR & Arena Olahraga",Kota Depok,17425.0,osm_overpass:node/2640384528,-6.330489,106.948116,buildings/ChIJ_4pTUfuSaS4R31oylqZIkoM,"https://www.google.com/maps/search/?api=1&query=-6.330550,106.948087",-6.3305497,106.948087,7.47,VALID (< 30m),2025-05-27,BASE,1171.77,995.52,85.0,1235.63,94.8,5.2,63.87,176.25,240.11,3,13.6° – 19.4°,15.1,507,1667.06,400,202.8,317.09,270464.59,270.46,809.0,218.81,data/raw/solar/data_layers/dsm/stadium/std-0015_dsm.tif,data/raw/solar/data_layers/rgb/stadium/std-0015_rgb.tif,data/raw/solar/data_layers/mask/stadium/std-0015_mask.tif,data/raw/solar/data_layers/annual_flux/stadium/std-0015_annual_flux.tif,,,,,,,Gap Sedikit,False,0.6091728133396908
STD-0023,GOR Futsal Harvest,stadium,"Stadion, GOR & Arena Olahraga",Kab. Bekasi,16820.0,osm_overpass:node/4714910590,-6.393028,106.998868,buildings/ChIJdRh24hiUaS4RW5OmWyByLTY,"https://www.google.com/maps/search/?api=1&query=-6.393056,106.998820",-6.393055599999999,106.9988196,6.17,VALID (< 30m),2025-05-27,BASE,853.68,738.3,86.5,953.12,89.6,10.4,99.44,115.39,214.82,2,13.2° – 15.8°,15.6,376,1669.73,400,150.4,242.2,200901.41,200.9,809.0,162.53,data/raw/solar/data_layers/dsm/stadium/std-0023_dsm.tif,data/raw/solar/data_layers/rgb/stadium/std-0023_rgb.tif,data/raw/solar/data_layers/mask/stadium/std-0023_mask.tif,data/raw/solar/data_layers/annual_flux/stadium/std-0023_annual_flux.tif,,,,,,,Gap Sedikit,False,0.6060567250940228
TERM-0013,Terminal 2E,terminal,Terminal Bus & Simpul Antarmoda,Kota Tangerang,15126.0,osm_overpass:node/3316132150,-6.12228,106.653171,buildings/ChIJRfhP1GoCai4R9tnvSD4z6tg,"https://www.google.com/maps/search/?api=1&query=-6.122280,106.653171",-6.1222802,106.6531706,0.05,VALID (< 30m),2025-07-26,BASE,44838.66,30197.51,67.3,58540.7,76.6,23.4,13702.05,14641.15,28343.19,226,0.1° – 52.8°,7.8,15379,1728.67,400,6151.6,10235.37,8507269.1,8507.27,809.0,6882.37,data/raw/solar/data_layers/dsm/terminal/term-0013_dsm.tif,data/raw/solar/data_layers/rgb/terminal/term-0013_rgb.tif,data/raw/solar/data_layers/mask/terminal/term-0013_mask.tif,data/raw/solar/data_layers/annual_flux/terminal/term-0013_annual_flux.tif,,,,,,,Gap Sedang,False,0.9013568543197495
TERM-0011,Terminal 1C,terminal,Terminal Bus & Simpul Antarmoda,Kota Tangerang,15126.0,osm_overpass:node/2500443130,-6.130521,106.6535,buildings/ChIJ-5Q-X20Cai4R4I9C6BcvVx4,"https://www.google.com/maps/search/?api=1&query=-6.130521,106.653500",-6.1305206,106.6535004,0.06,VALID (< 30m),2025-07-26,BASE,948.69,714.73,75.3,2028.91,46.8,53.2,1080.22,233.95,1314.17,1,0.4° – 0.4°,0.4,364,1708.98,400,145.6,242.7,199062.27,199.06,809.0,161.04,data/raw/solar/data_layers/dsm/terminal/term-0011_dsm.tif,data/raw/solar/data_layers/rgb/terminal/term-0011_rgb.tif,data/raw/solar/data_layers/mask/terminal/term-0011_mask.tif,data/raw/solar/data_layers/annual_flux/terminal/term-0011_annual_flux.tif,,,,,,,Gap Besar,False,0.5842608633712604
TERM-0029,Terminal 2F Bandara Soeta,terminal,Terminal Bus & Simpul Antarmoda,Kota Tangerang,15126.0,osm_overpass:node/4260199001,-6.123099,106.654907,buildings/ChIJow214moCai4RdiC7r5ZJOjs,"https://www.google.com/maps/search/?api=1&query=-6.123099,106.654907",-6.1230995,106.6549068,0.06,VALID (< 30m),2025-07-26,BASE,405.93,306.31,75.5,452.47,89.7,10.3,46.54,99.62,146.16,4,7.8° – 12.8°,10.4,156,1704.49,400,62.4,104.34,85088.34,85.09,809.0,68.84,data/raw/solar/data_layers/dsm/terminal/term-0029_dsm.tif,data/raw/solar/data_layers/rgb/terminal/term-0029_rgb.tif,data/raw/solar/data_layers/mask/terminal/term-0029_mask.tif,data/raw/solar/data_layers/annual_flux/terminal/term-0029_annual_flux.tif,,,,,,,Gap Sedikit,False,0.5806889136127336
TERM-0002,Terminal Laladon,terminal,Terminal Bus & Simpul Antarmoda,Kota Bogor,16610.0,osm_overpass:node/1014211025,-6.576704,106.752814,buildings/ChIJ93jwzOjEaS4Rxa_64Tb42TY,"https://www.google.com/maps/search/?api=1&query=-6.576690,106.752809",-6.5766902,106.7528085,1.65,VALID (< 30m),2025-03-08,BASE,302.59,223.85,74.0,344.51,87.8,12.2,41.92,78.74,120.67,10,26.7° – 32.1°,30.2,114,1597.09,400,45.6,65.58,58261.71,58.26,809.0,47.13,data/raw/solar/data_layers/dsm/terminal/term-0002_dsm.tif,data/raw/solar/data_layers/rgb/terminal/term-0002_rgb.tif,data/raw/solar/data_layers/mask/terminal/term-0002_mask.tif,data/raw/solar/data_layers/annual_flux/terminal/term-0002_annual_flux.tif,,,,,,,Gap Sedikit,False,0.5577789747488814
TERM-0018,PGC,terminal,Terminal Bus & Simpul Antarmoda,Jakarta Timur,13640.0,osm_overpass:node/3415431310,-6.262028,106.865426,buildings/ChIJ-wPLqPjyaS4RkNhaDiYJ7jI,"https://www.google.com/maps/search/?api=1&query=-6.262238,106.865470",-6.262238,106.86547,23.85,VALID (< 30m),2025-08-16,BASE,6880.22,5360.51,77.9,9177.24,75.0,25.0,2297.01,1519.72,3816.73,45,2.5° – 52.4°,13.2,2730,1628.43,400,1092.0,1657.01,1422599.16,1422.6,809.0,1150.88,data/raw/solar/data_layers/dsm/terminal/term-0018_dsm.tif,data/raw/solar/data_layers/rgb/terminal/term-0018_rgb.tif,data/raw/solar/data_layers/mask/terminal/term-0018_mask.tif,data/raw/solar/data_layers/annual_flux/terminal/term-0018_annual_flux.tif,,,,,,,Gap Sedang,False,0.5496588198987375
TERM-0001,Terminal Bus Pasar Minggu,terminal,Terminal Bus & Simpul Antarmoda,Jakarta Timur,12520.0,osm_overpass:node/473365748,-6.2847,106.8436,buildings/ChIJm9qtkmzyaS4RtNtGZ6P0a-s,"https://www.google.com/maps/search/?api=1&query=-6.284484,106.843614",-6.2844835,106.8436141,24.12,VALID (< 30m),2025-08-16,BASE,5739.96,4325.71,75.4,7067.76,81.2,18.8,1327.8,1414.25,2742.05,47,0.6° – 54.5°,6.4,2203,1629.31,400,881.2,1373.25,1148598.87,1148.6,809.0,929.22,data/raw/solar/data_layers/dsm/terminal/term-0001_dsm.tif,data/raw/solar/data_layers/rgb/terminal/term-0001_rgb.tif,data/raw/solar/data_layers/mask/terminal/term-0001_mask.tif,data/raw/solar/data_layers/annual_flux/terminal/term-0001_annual_flux.tif,,,,,,,Gap Sedikit,False,0.5115980332095277
