asset_id,asset_name,category,category_display,segment_index,pitch_degrees,azimuth_degrees,azimuth_direction,spatial_status,solar_insight,plane_height_m,area_m2,ground_area_m2,panels_count,capacity_kwp,annual_generation_mwh
BRT-001,Halte CSW Integrasi,brt,Halte BRT TransJakarta,0,7.71,1.17,U (0°),Tampil di Citra,Optimal saat matahari condong di utara (April – Agustus),50.92,574.73,569.53,243,97.2,142.21
BRT-001,Halte CSW Integrasi,brt,Halte BRT TransJakarta,1,5.31,128.61,TG (135°),Tampil di Citra,Menangkap sinar pagi menjelang tengah hari,43.56,36.27,36.11,12,4.8,7.37
BRT-001,Halte CSW Integrasi,brt,Halte BRT TransJakarta,2,4.51,116.18,TG (135°),Tampil di Citra,Menangkap sinar pagi menjelang tengah hari,43.16,33.26,33.16,9,3.6,5.66
BRT-001,Halte CSW Integrasi,brt,Halte BRT TransJakarta,3,3.05,101.89,T (90°),Tampil di Citra,Matahari Terbit: Produksi listrik memuncak di pagi hari (07.00 – 11.00),42.51,174.93,174.68,67,26.8,42.17
BRT-001,Halte CSW Integrasi,brt,Halte BRT TransJakarta,4,11.44,148.8,TG (135°),Tampil di Citra,Menangkap sinar pagi menjelang tengah hari,43.42,15.82,15.51,3,1.2,1.89
BRT-001,Halte CSW Integrasi,brt,Halte BRT TransJakarta,5,21.79,0.35,U (0°),Tampil di Citra,Optimal saat matahari condong di utara (April – Agustus),42.12,42.39,39.36,12,4.8,7.37
BRT-001,Halte CSW Integrasi,brt,Halte BRT TransJakarta,6,20.4,5.88,U (0°),Tampil di Citra,Optimal saat matahari condong di utara (April – Agustus),41.46,64.66,60.6,23,9.2,14.33
BRT-001,Halte CSW Integrasi,brt,Halte BRT TransJakarta,7,1.8,77.46,T (90°),Tampil di Citra,"Atap Datar (Puncak tengah hari 11.00–13.00, self-cleaning alami rendah)",40.74,169.05,168.97,67,26.8,42.15
BRT-002,Halte Tosari,brt,Halte BRT TransJakarta,0,11.16,215.63,BD (225°),Tampil di Citra,Menangkap sinar siang menjelang sore,8.31,98.89,97.02,33,13.2,17.84
BRT-002,Halte Tosari,brt,Halte BRT TransJakarta,1,42.4,261.84,B (270°),Tampil di Citra,Matahari Terbenam: Produksi listrik memuncak di siang–sore (12.00 – 16.00),11.55,224.97,166.13,77,30.8,39.95
BRT-003,Halte Bundaran Senayan,brt,Halte BRT TransJakarta,0,12.99,135.68,TG (135°),Tampil di Citra,Menangkap sinar pagi menjelang tengah hari,17.7,227.93,222.09,91,36.4,56.92
BRT-004,Halte Monas,brt,Halte BRT TransJakarta,0,0.27,0.0,U (0°),Tampil di Citra,"Atap Datar (Puncak tengah hari 11.00–13.00, self-cleaning alami rendah)",2.66,164.79,164.79,73,29.2,46.98
BRT-005,Halte Harmoni,brt,Halte BRT TransJakarta,0,8.47,274.62,B (270°),Tampil di Citra,Matahari Terbenam: Produksi listrik memuncak di siang–sore (12.00 – 16.00),9.59,101.46,100.35,37,14.8,21.97
BRT-005,Halte Harmoni,brt,Halte BRT TransJakarta,1,7.99,267.85,B (270°),Tampil di Citra,Matahari Terbenam: Produksi listrik memuncak di siang–sore (12.00 – 16.00),8.43,82.9,82.1,31,12.4,18.7
BRT-005,Halte Harmoni,brt,Halte BRT TransJakarta,2,21.22,246.39,BD (225°),Tampil di Citra,Menangkap sinar siang menjelang sore,8.06,138.83,129.41,52,20.8,30.43
BRT-006,Halte Ragunan,brt,Halte BRT TransJakarta,0,19.66,182.83,S (180°),Tampil di Citra,Optimal saat matahari condong di selatan (Oktober – Februari),43.28,115.15,108.44,41,16.4,22.48
BRT-006,Halte Ragunan,brt,Halte BRT TransJakarta,1,3.6,303.45,BL (315°),Tampil di Citra,Menangkap sinar sore,44.22,193.23,192.85,60,24.0,36.15
BRT-007,Halte Kampung Melayu,brt,Halte BRT TransJakarta,0,6.46,236.11,BD (225°),Tampil di Citra,Menangkap sinar siang menjelang sore,23.56,19.79,19.66,6,2.4,3.38
BRT-007,Halte Kampung Melayu,brt,Halte BRT TransJakarta,1,1.27,340.16,U (0°),Tampil di Citra,"Atap Datar (Puncak tengah hari 11.00–13.00, self-cleaning alami rendah)",24.36,45.98,45.97,15,6.0,8.83
BRT-007,Halte Kampung Melayu,brt,Halte BRT TransJakarta,2,11.34,338.31,U (0°),Tampil di Citra,Optimal saat matahari condong di utara (April – Agustus),25.17,54.94,53.87,19,7.6,11.77
BRT-008,Halte Pulo Gadung,brt,Halte BRT TransJakarta,0,29.59,137.37,TG (135°),Tampil di Citra,Menangkap sinar pagi menjelang tengah hari,12.2,172.21,149.75,66,26.4,40.22
BRT-008,Halte Pulo Gadung,brt,Halte BRT TransJakarta,1,29.46,316.32,BL (315°),Tampil di Citra,Menangkap sinar sore,12.35,66.07,57.53,25,10.0,15.24
BRT-008,Halte Pulo Gadung,brt,Halte BRT TransJakarta,2,27.2,226.83,BD (225°),Tampil di Citra,Menangkap sinar siang menjelang sore,12.45,55.06,48.97,20,8.0,11.83
BRT-008,Halte Pulo Gadung,brt,Halte BRT TransJakarta,3,22.87,47.34,TL (45°),Tampil di Citra,Menangkap sinar pagi menjelang siang,12.33,50.4,46.44,18,7.2,12.02
BRT-008,Halte Pulo Gadung,brt,Halte BRT TransJakarta,4,30.05,317.85,BL (315°),Tampil di Citra,Menangkap sinar sore,12.27,46.32,40.1,16,6.4,9.71
BRT-008,Halte Pulo Gadung,brt,Halte BRT TransJakarta,5,28.74,321.36,BL (315°),Tampil di Citra,Menangkap sinar sore,12.11,24.1,21.13,7,2.8,4.28
BRT-008,Halte Pulo Gadung,brt,Halte BRT TransJakarta,6,26.94,45.54,TL (45°),Tampil di Citra,Menangkap sinar pagi menjelang siang,12.18,37.48,33.41,12,4.8,7.93
BRT-008,Halte Pulo Gadung,brt,Halte BRT TransJakarta,7,27.27,226.01,BD (225°),Tampil di Citra,Menangkap sinar siang menjelang sore,12.17,35.05,31.15,12,4.8,6.9
BRT-008,Halte Pulo Gadung,brt,Halte BRT TransJakarta,8,30.53,314.58,BL (315°),Tampil di Citra,Menangkap sinar sore,12.37,43.16,37.18,15,6.0,8.79
BRT-008,Halte Pulo Gadung,brt,Halte BRT TransJakarta,9,19.2,149.2,TG (135°),Tampil di Citra,Menangkap sinar pagi menjelang tengah hari,12.48,29.2,27.58,8,3.2,4.73
KRL-032,Stasiun KRL Manggarai Sentral,krl,KRL Commuter Line,0,2.34,267.92,B (270°),Tampil di Citra,"Atap Datar (Puncak tengah hari 11.00–13.00, self-cleaning alami rendah)",35.29,84.43,84.36,26,10.4,16.75
KRL-032,Stasiun KRL Manggarai Sentral,krl,KRL Commuter Line,1,1.15,192.85,S (180°),Tampil di Citra,"Atap Datar (Puncak tengah hari 11.00–13.00, self-cleaning alami rendah)",36.17,5106.05,5105.03,2410,964.0,1561.97
KRL-032,Stasiun KRL Manggarai Sentral,krl,KRL Commuter Line,2,0.37,0.0,U (0°),Tampil di Citra,"Atap Datar (Puncak tengah hari 11.00–13.00, self-cleaning alami rendah)",35.45,47.96,47.96,15,6.0,9.74
KRL-032,Stasiun KRL Manggarai Sentral,krl,KRL Commuter Line,3,1.43,143.18,TG (135°),Tampil di Citra,"Atap Datar (Puncak tengah hari 11.00–13.00, self-cleaning alami rendah)",35.72,482.02,481.87,213,85.2,137.82
KRL-032,Stasiun KRL Manggarai Sentral,krl,KRL Commuter Line,4,6.03,93.78,T (90°),Tampil di Citra,Matahari Terbit: Produksi listrik memuncak di pagi hari (07.00 – 11.00),35.37,41.49,41.26,14,5.6,9.16
KRL-032,Stasiun KRL Manggarai Sentral,krl,KRL Commuter Line,5,2.6,76.06,T (90°),Tampil di Citra,"Atap Datar (Puncak tengah hari 11.00–13.00, self-cleaning alami rendah)",34.53,1839.73,1837.83,844,337.6,552.47
KRL-032,Stasiun KRL Manggarai Sentral,krl,KRL Commuter Line,6,2.04,114.55,TG (135°),Tampil di Citra,"Atap Datar (Puncak tengah hari 11.00–13.00, self-cleaning alami rendah)",35.74,136.28,136.19,52,20.8,33.87
KRL-032,Stasiun KRL Manggarai Sentral,krl,KRL Commuter Line,7,2.25,42.05,TL (45°),Tampil di Citra,"Atap Datar (Puncak tengah hari 11.00–13.00, self-cleaning alami rendah)",35.48,100.91,100.83,39,15.6,25.48
KRL-032,Stasiun KRL Manggarai Sentral,krl,KRL Commuter Line,8,15.53,100.79,T (90°),Tampil di Citra,Matahari Terbit: Produksi listrik memuncak di pagi hari (07.00 – 11.00),21.11,184.03,177.31,71,28.4,43.8
KRL-032,Stasiun KRL Manggarai Sentral,krl,KRL Commuter Line,9,28.88,57.77,TL (45°),Tampil di Citra,Menangkap sinar pagi menjelang siang,27.71,732.66,641.57,308,123.2,191.99
KRL-032,Stasiun KRL Manggarai Sentral,krl,KRL Commuter Line,10,26.34,31.95,TL (45°),Tampil di Citra,Menangkap sinar pagi menjelang siang,29.14,408.28,365.88,160,64.0,101.29
KRL-032,Stasiun KRL Manggarai Sentral,krl,KRL Commuter Line,11,19.22,35.25,TL (45°),Dieliminasi Google (0 Panel),Menangkap sinar pagi menjelang siang,20.13,30.36,28.67,0,0.0,0.0
KRL-032,Stasiun KRL Manggarai Sentral,krl,KRL Commuter Line,12,14.13,13.39,U (0°),Tampil di Citra,Optimal saat matahari condong di utara (April – Agustus),31.27,99.29,96.29,36,14.4,23.58
KRL-032,Stasiun KRL Manggarai Sentral,krl,KRL Commuter Line,13,15.44,8.45,U (0°),Tampil di Citra,Optimal saat matahari condong di utara (April – Agustus),29.22,89.25,86.03,32,12.8,20.48
KRL-032,Stasiun KRL Manggarai Sentral,krl,KRL Commuter Line,14,16.28,356.23,U (0°),Tampil di Citra,Optimal saat matahari condong di utara (April – Agustus),25.71,489.23,469.6,209,83.6,134.61
KRL-001,Stasiun KRL Jakarta Kota,krl,KRL Commuter Line,0,5.99,116.52,TG (135°),Tampil di Citra,Menangkap sinar pagi menjelang tengah hari,10.67,8277.53,8232.39,3829,1531.6,2299.29
KRL-001,Stasiun KRL Jakarta Kota,krl,KRL Commuter Line,1,7.51,336.83,BL (315°),Tampil di Citra,Menangkap sinar sore,11.46,749.35,742.92,325,130.0,193.66
KRL-001,Stasiun KRL Jakarta Kota,krl,KRL Commuter Line,2,7.71,7.5,U (0°),Tampil di Citra,Optimal saat matahari condong di utara (April – Agustus),11.55,139.6,138.34,55,22.0,36.17
KRL-001,Stasiun KRL Jakarta Kota,krl,KRL Commuter Line,3,7.22,58.76,TL (45°),Tampil di Citra,Menangkap sinar pagi menjelang siang,9.15,87.0,86.31,31,12.4,18.99
KRL-001,Stasiun KRL Jakarta Kota,krl,KRL Commuter Line,4,5.37,346.37,U (0°),Tampil di Citra,Optimal saat matahari condong di utara (April – Agustus),5.72,89.31,88.92,36,14.4,22.31
KRL-001,Stasiun KRL Jakarta Kota,krl,KRL Commuter Line,5,0.71,0.0,U (0°),Di Luar Bingkai Citra,"Atap Datar (Puncak tengah hari 11.00–13.00, self-cleaning alami rendah)",6.45,785.18,785.12,332,132.8,206.28
KRL-001,Stasiun KRL Jakarta Kota,krl,KRL Commuter Line,6,5.76,319.6,BL (315°),Tampil di Citra,Menangkap sinar sore,3.07,113.29,112.72,40,16.0,25.93
KRL-001,Stasiun KRL Jakarta Kota,krl,KRL Commuter Line,7,3.41,321.7,BL (315°),Tampil di Citra,Menangkap sinar sore,4.67,100.7,100.52,38,15.2,22.99
KRL-001,Stasiun KRL Jakarta Kota,krl,KRL Commuter Line,8,18.14,155.02,TG (135°),Tampil di Citra,Menangkap sinar pagi menjelang tengah hari,3.59,51.92,49.34,17,6.8,10.64
KRL-001,Stasiun KRL Jakarta Kota,krl,KRL Commuter Line,9,14.19,93.28,T (90°),Tampil di Citra,Matahari Terbit: Produksi listrik memuncak di pagi hari (07.00 – 11.00),0.66,13.14,12.74,4,1.6,2.61
KRL-002,Stasiun KRL Tanah Abang,krl,KRL Commuter Line,0,0.92,0.0,U (0°),Tampil di Citra,"Atap Datar (Puncak tengah hari 11.00–13.00, self-cleaning alami rendah)",19.11,2255.44,2255.15,1002,400.8,622.92
KRL-002,Stasiun KRL Tanah Abang,krl,KRL Commuter Line,1,4.01,88.09,T (90°),Tampil di Citra,Matahari Terbit: Produksi listrik memuncak di pagi hari (07.00 – 11.00),19.55,455.87,454.76,202,80.8,131.99
KRL-002,Stasiun KRL Tanah Abang,krl,KRL Commuter Line,2,1.45,290.02,B (270°),Tampil di Citra,"Atap Datar (Puncak tengah hari 11.00–13.00, self-cleaning alami rendah)",19.68,180.65,180.59,70,28.0,45.35
KRL-002,Stasiun KRL Tanah Abang,krl,KRL Commuter Line,3,5.19,73.76,T (90°),Tampil di Citra,Matahari Terbit: Produksi listrik memuncak di pagi hari (07.00 – 11.00),19.41,51.28,51.07,17,6.8,11.1
KRL-003,Stasiun KRL Pasar Senen,krl,KRL Commuter Line,0,6.43,196.12,S (180°),Tampil di Citra,Optimal saat matahari condong di selatan (Oktober – Februari),6.46,870.14,864.67,386,154.4,248.6
KRL-004,Stasiun KRL Jatinegara,krl,KRL Commuter Line,0,1.54,178.37,S (180°),Tampil di Citra,"Atap Datar (Puncak tengah hari 11.00–13.00, self-cleaning alami rendah)",28.81,41.57,41.55,16,6.4,8.84
KRL-004,Stasiun KRL Jatinegara,krl,KRL Commuter Line,1,1.89,205.34,BD (225°),Tampil di Citra,"Atap Datar (Puncak tengah hari 11.00–13.00, self-cleaning alami rendah)",34.04,4024.81,4022.63,1888,755.2,1210.62
KRL-004,Stasiun KRL Jatinegara,krl,KRL Commuter Line,2,8.06,64.82,TL (45°),Tampil di Citra,Menangkap sinar pagi menjelang siang,22.6,162.56,160.95,61,24.4,38.73
KRL-004,Stasiun KRL Jatinegara,krl,KRL Commuter Line,3,2.26,197.03,S (180°),Tampil di Citra,"Atap Datar (Puncak tengah hari 11.00–13.00, self-cleaning alami rendah)",22.54,277.1,276.88,101,40.4,61.7
KRL-004,Stasiun KRL Jatinegara,krl,KRL Commuter Line,4,7.4,73.1,T (90°),Tampil di Citra,Matahari Terbit: Produksi listrik memuncak di pagi hari (07.00 – 11.00),22.55,215.43,213.64,78,31.2,49.49
KRL-004,Stasiun KRL Jatinegara,krl,KRL Commuter Line,5,1.55,190.44,S (180°),Tampil di Citra,"Atap Datar (Puncak tengah hari 11.00–13.00, self-cleaning alami rendah)",22.24,40.73,40.72,13,5.2,7.31
KRL-004,Stasiun KRL Jatinegara,krl,KRL Commuter Line,6,2.4,203.97,BD (225°),Tampil di Citra,"Atap Datar (Puncak tengah hari 11.00–13.00, self-cleaning alami rendah)",22.24,204.01,203.83,65,26.0,39.89
KRL-004,Stasiun KRL Jatinegara,krl,KRL Commuter Line,7,5.93,95.12,T (90°),Tampil di Citra,Matahari Terbit: Produksi listrik memuncak di pagi hari (07.00 – 11.00),22.87,257.16,255.78,101,40.4,64.51
KRL-004,Stasiun KRL Jatinegara,krl,KRL Commuter Line,8,1.76,11.8,U (0°),Tampil di Citra,"Atap Datar (Puncak tengah hari 11.00–13.00, self-cleaning alami rendah)",22.89,245.92,245.8,102,40.8,63.95
KRL-004,Stasiun KRL Jatinegara,krl,KRL Commuter Line,9,5.97,353.16,U (0°),Tampil di Citra,Optimal saat matahari condong di utara (April – Agustus),23.16,82.66,82.21,33,13.2,17.98
KRL-004,Stasiun KRL Jatinegara,krl,KRL Commuter Line,10,6.41,118.49,TG (135°),Tampil di Citra,Menangkap sinar pagi menjelang tengah hari,23.13,289.3,287.49,107,42.8,68.8
KRL-004,Stasiun KRL Jatinegara,krl,KRL Commuter Line,11,1.56,140.3,TG (135°),Di Luar Bingkai Citra,"Atap Datar (Puncak tengah hari 11.00–13.00, self-cleaning alami rendah)",22.43,33.44,33.43,10,4.0,6.26
KRL-004,Stasiun KRL Jatinegara,krl,KRL Commuter Line,12,0.25,0.0,U (0°),Di Luar Bingkai Citra,"Atap Datar (Puncak tengah hari 11.00–13.00, self-cleaning alami rendah)",22.9,278.78,278.78,115,46.0,73.25
KRL-004,Stasiun KRL Jatinegara,krl,KRL Commuter Line,13,0.37,0.0,U (0°),Tampil di Citra,"Atap Datar (Puncak tengah hari 11.00–13.00, self-cleaning alami rendah)",23.26,259.63,259.62,105,42.0,66.04
KRL-005,Stasiun KRL Sudirman,krl,KRL Commuter Line,0,5.79,172.07,S (180°),Tampil di Citra,Optimal saat matahari condong di selatan (Oktober – Februari),16.21,122.11,121.49,47,18.8,30.19
KRL-005,Stasiun KRL Sudirman,krl,KRL Commuter Line,1,4.73,138.05,TG (135°),Tampil di Citra,Menangkap sinar pagi menjelang tengah hari,16.49,200.81,200.13,73,29.2,47.15
KRL-005,Stasiun KRL Sudirman,krl,KRL Commuter Line,2,22.12,199.27,S (180°),Tampil di Citra,Optimal saat matahari condong di selatan (Oktober – Februari),15.28,23.43,21.71,6,2.4,3.39
KRL-005,Stasiun KRL Sudirman,krl,KRL Commuter Line,3,12.57,24.07,TL (45°),Tampil di Citra,Menangkap sinar pagi menjelang siang,15.73,30.55,29.82,9,3.6,5.93
KRL-005,Stasiun KRL Sudirman,krl,KRL Commuter Line,4,12.89,21.08,U (0°),Tampil di Citra,Optimal saat matahari condong di utara (April – Agustus),16.1,38.68,37.71,12,4.8,7.84
KRL-005,Stasiun KRL Sudirman,krl,KRL Commuter Line,5,12.44,225.9,BD (225°),Tampil di Citra,Menangkap sinar siang menjelang sore,16.68,14.64,14.3,3,1.2,1.83
KRL-005,Stasiun KRL Sudirman,krl,KRL Commuter Line,6,25.41,16.96,U (0°),Tampil di Citra,Optimal saat matahari condong di utara (April – Agustus),14.7,86.24,77.89,33,13.2,20.89
KRL-006,Stasiun KRL Duren Kalibata,krl,KRL Commuter Line,0,9.1,113.7,TG (135°),Tampil di Citra,Menangkap sinar pagi menjelang tengah hari,32.74,1100.68,1086.83,459,183.6,265.1
KRL-007,Stasiun KRL Tanjung Priuk,krl,KRL Commuter Line,0,31.41,135.62,TG (135°),Tampil di Citra,Menangkap sinar pagi menjelang tengah hari,13.38,469.39,400.59,192,76.8,110.99
KRL-007,Stasiun KRL Tanjung Priuk,krl,KRL Commuter Line,1,15.56,141.95,TG (135°),Tampil di Citra,Menangkap sinar pagi menjelang tengah hari,18.75,2330.55,2245.14,1048,419.2,694.63
KRL-007,Stasiun KRL Tanjung Priuk,krl,KRL Commuter Line,2,13.49,343.05,U (0°),Tampil di Citra,Optimal saat matahari condong di utara (April – Agustus),23.41,53.47,51.99,17,6.8,11.56
KRL-007,Stasiun KRL Tanjung Priuk,krl,KRL Commuter Line,3,15.19,335.27,BL (315°),Tampil di Citra,Menangkap sinar sore,20.51,449.15,433.45,188,75.2,125.96
KRL-007,Stasiun KRL Tanjung Priuk,krl,KRL Commuter Line,4,9.07,350.31,U (0°),Tampil di Citra,Optimal saat matahari condong di utara (April – Agustus),22.34,19.89,19.64,6,2.4,4.08
KRL-007,Stasiun KRL Tanjung Priuk,krl,KRL Commuter Line,5,12.77,325.72,BL (315°),Tampil di Citra,Menangkap sinar sore,15.14,469.29,457.68,195,78.0,125.96
KRL-007,Stasiun KRL Tanjung Priuk,krl,KRL Commuter Line,6,9.35,321.27,BL (315°),Tampil di Citra,Menangkap sinar sore,15.42,1024.18,1010.58,436,174.4,285.33
KRL-007,Stasiun KRL Tanjung Priuk,krl,KRL Commuter Line,7,14.09,136.66,TG (135°),Tampil di Citra,Menangkap sinar pagi menjelang tengah hari,11.53,95.89,93.01,36,14.4,22.58
KRL-007,Stasiun KRL Tanjung Priuk,krl,KRL Commuter Line,8,12.48,150.18,TG (135°),Tampil di Citra,Menangkap sinar pagi menjelang tengah hari,12.01,174.51,170.39,64,25.6,40.57
KRL-007,Stasiun KRL Tanjung Priuk,krl,KRL Commuter Line,9,11.83,330.62,BL (315°),Tampil di Citra,Menangkap sinar sore,19.19,214.19,209.64,86,34.4,57.48
KRL-007,Stasiun KRL Tanjung Priuk,krl,KRL Commuter Line,10,17.81,339.19,U (0°),Tampil di Citra,Optimal saat matahari condong di utara (April – Agustus),18.65,39.8,37.89,11,4.4,7.36
KRL-007,Stasiun KRL Tanjung Priuk,krl,KRL Commuter Line,11,0.87,0.0,U (0°),Tampil di Citra,"Atap Datar (Puncak tengah hari 11.00–13.00, self-cleaning alami rendah)",11.21,1301.64,1301.49,460,184.0,306.78
KRL-007,Stasiun KRL Tanjung Priuk,krl,KRL Commuter Line,12,13.01,334.52,BL (315°),Dieliminasi Google (0 Panel),Menangkap sinar sore,20.8,0.8,0.78,0,0.0,0.0
KRL-007,Stasiun KRL Tanjung Priuk,krl,KRL Commuter Line,13,14.8,130.95,TG (135°),Tampil di Citra,Menangkap sinar pagi menjelang tengah hari,20.06,27.72,26.8,9,3.6,5.99
KRL-007,Stasiun KRL Tanjung Priuk,krl,KRL Commuter Line,14,14.94,136.41,TG (135°),Tampil di Citra,Menangkap sinar pagi menjelang tengah hari,19.76,20.31,19.62,5,2.0,3.32
KRL-007,Stasiun KRL Tanjung Priuk,krl,KRL Commuter Line,15,8.48,332.49,BL (315°),Tampil di Citra,Menangkap sinar sore,18.84,36.29,35.89,8,3.2,5.42
KRL-007,Stasiun KRL Tanjung Priuk,krl,KRL Commuter Line,16,8.49,328.37,BL (315°),Tampil di Citra,Menangkap sinar sore,18.47,272.54,269.55,112,44.8,75.51
KRL-007,Stasiun KRL Tanjung Priuk,krl,KRL Commuter Line,17,14.11,143.3,TG (135°),Tampil di Citra,Menangkap sinar pagi menjelang tengah hari,19.52,272.22,264.0,99,39.6,65.49
KRL-007,Stasiun KRL Tanjung Priuk,krl,KRL Commuter Line,18,16.09,145.4,TG (135°),Tampil di Citra,Menangkap sinar pagi menjelang tengah hari,12.5,101.53,97.55,40,16.0,25.45
KRL-007,Stasiun KRL Tanjung Priuk,krl,KRL Commuter Line,19,7.01,321.76,BL (315°),Tampil di Citra,Menangkap sinar sore,18.62,938.39,931.37,397,158.8,268.15
KRL-007,Stasiun KRL Tanjung Priuk,krl,KRL Commuter Line,20,5.38,260.37,B (270°),Tampil di Citra,Matahari Terbenam: Produksi listrik memuncak di siang–sore (12.00 – 16.00),18.85,100.95,100.5,34,13.6,22.53
KRL-007,Stasiun KRL Tanjung Priuk,krl,KRL Commuter Line,21,8.98,145.3,TG (135°),Tampil di Citra,Menangkap sinar pagi menjelang tengah hari,12.74,494.24,488.18,194,77.6,124.31
KRL-007,Stasiun KRL Tanjung Priuk,krl,KRL Commuter Line,22,0.63,0.0,U (0°),Tampil di Citra,"Atap Datar (Puncak tengah hari 11.00–13.00, self-cleaning alami rendah)",11.62,650.1,650.06,252,100.8,170.29
KRL-007,Stasiun KRL Tanjung Priuk,krl,KRL Commuter Line,23,8.32,129.13,TG (135°),Tampil di Citra,Menangkap sinar pagi menjelang tengah hari,12.58,373.44,369.51,149,59.6,98.72
KRL-007,Stasiun KRL Tanjung Priuk,krl,KRL Commuter Line,24,1.91,348.93,U (0°),Tampil di Citra,"Atap Datar (Puncak tengah hari 11.00–13.00, self-cleaning alami rendah)",12.02,50.31,50.28,10,4.0,6.45
KRL-007,Stasiun KRL Tanjung Priuk,krl,KRL Commuter Line,25,0.37,0.0,U (0°),Tampil di Citra,"Atap Datar (Puncak tengah hari 11.00–13.00, self-cleaning alami rendah)",11.66,1412.7,1412.67,589,235.6,391.11
KRL-007,Stasiun KRL Tanjung Priuk,krl,KRL Commuter Line,26,11.72,54.84,TL (45°),Tampil di Citra,Menangkap sinar pagi menjelang siang,10.71,101.83,99.71,36,14.4,22.66
KRL-007,Stasiun KRL Tanjung Priuk,krl,KRL Commuter Line,27,4.95,214.22,BD (225°),Tampil di Citra,Menangkap sinar siang menjelang sore,11.69,19.06,18.99,5,2.0,3.24
KRL-007,Stasiun KRL Tanjung Priuk,krl,KRL Commuter Line,28,10.68,49.3,TL (45°),Tampil di Citra,Menangkap sinar pagi menjelang siang,14.73,201.61,198.11,79,31.6,48.34
KRL-007,Stasiun KRL Tanjung Priuk,krl,KRL Commuter Line,29,1.96,233.12,BD (225°),Tampil di Citra,"Atap Datar (Puncak tengah hari 11.00–13.00, self-cleaning alami rendah)",18.57,229.84,229.71,76,30.4,51.02
KRL-007,Stasiun KRL Tanjung Priuk,krl,KRL Commuter Line,30,5.91,228.44,BD (225°),Tampil di Citra,Menangkap sinar siang menjelang sore,18.84,58.27,57.96,19,7.6,12.67
KRL-007,Stasiun KRL Tanjung Priuk,krl,KRL Commuter Line,31,2.89,73.26,T (90°),Tampil di Citra,"Atap Datar (Puncak tengah hari 11.00–13.00, self-cleaning alami rendah)",18.98,51.07,51.0,16,6.4,10.92
KRL-007,Stasiun KRL Tanjung Priuk,krl,KRL Commuter Line,32,6.26,74.91,T (90°),Dieliminasi Google (0 Panel),Matahari Terbit: Produksi listrik memuncak di pagi hari (07.00 – 11.00),11.67,6.61,6.57,0,0.0,0.0
KRL-007,Stasiun KRL Tanjung Priuk,krl,KRL Commuter Line,33,1.16,245.23,BD (225°),Tampil di Citra,"Atap Datar (Puncak tengah hari 11.00–13.00, self-cleaning alami rendah)",11.42,21.27,21.27,5,2.0,3.22
KRL-007,Stasiun KRL Tanjung Priuk,krl,KRL Commuter Line,34,6.2,21.79,U (0°),Tampil di Citra,Optimal saat matahari condong di utara (April – Agustus),8.7,26.93,26.77,7,2.8,4.62
MRT-003,Stasiun MRT Cipete Raya,mrt,MRT Jakarta,0,15.14,98.43,T (90°),Tampil di Citra,Matahari Terbit: Produksi listrik memuncak di pagi hari (07.00 – 11.00),53.21,2120.7,2047.11,964,385.6,618.82
MRT-003,Stasiun MRT Cipete Raya,mrt,MRT Jakarta,1,17.84,286.09,B (270°),Tampil di Citra,Matahari Terbenam: Produksi listrik memuncak di siang–sore (12.00 – 16.00),52.61,1152.04,1096.66,482,192.8,283.95
MRT-003,Stasiun MRT Cipete Raya,mrt,MRT Jakarta,2,18.5,96.11,T (90°),Tampil di Citra,Matahari Terbit: Produksi listrik memuncak di pagi hari (07.00 – 11.00),52.72,85.28,80.87,29,11.6,18.95
MRT-003,Stasiun MRT Cipete Raya,mrt,MRT Jakarta,3,20.83,102.98,T (90°),Tampil di Citra,Matahari Terbit: Produksi listrik memuncak di pagi hari (07.00 – 11.00),51.29,69.07,64.56,26,10.4,16.42
MRT-003,Stasiun MRT Cipete Raya,mrt,MRT Jakarta,4,23.86,93.74,T (90°),Tampil di Citra,Matahari Terbit: Produksi listrik memuncak di pagi hari (07.00 – 11.00),50.92,34.32,31.39,12,4.8,7.71
MRT-003,Stasiun MRT Cipete Raya,mrt,MRT Jakarta,5,12.12,66.84,TL (45°),Tampil di Citra,Menangkap sinar pagi menjelang siang,47.91,135.87,132.84,46,18.4,29.08
MRT-003,Stasiun MRT Cipete Raya,mrt,MRT Jakarta,6,18.1,301.71,BL (315°),Tampil di Citra,Menangkap sinar sore,52.78,16.79,15.96,4,1.6,2.43
MRT-003,Stasiun MRT Cipete Raya,mrt,MRT Jakarta,7,17.3,303.15,BL (315°),Tampil di Citra,Menangkap sinar sore,52.26,26.13,24.95,7,2.8,4.26
MRT-003,Stasiun MRT Cipete Raya,mrt,MRT Jakarta,8,14.79,296.9,BL (315°),Tampil di Citra,Menangkap sinar sore,51.69,30.23,29.23,9,3.6,5.5
MRT-003,Stasiun MRT Cipete Raya,mrt,MRT Jakarta,9,14.39,294.32,BL (315°),Tampil di Citra,Menangkap sinar sore,51.33,30.72,29.76,10,4.0,6.11
MRT-003,Stasiun MRT Cipete Raya,mrt,MRT Jakarta,10,15.54,286.61,B (270°),Tampil di Citra,Matahari Terbenam: Produksi listrik memuncak di siang–sore (12.00 – 16.00),51.38,23.25,22.4,6,2.4,3.7
MRT-003,Stasiun MRT Cipete Raya,mrt,MRT Jakarta,11,1.99,45.39,TL (45°),Di Luar Bingkai Citra,"Atap Datar (Puncak tengah hari 11.00–13.00, self-cleaning alami rendah)",45.69,126.55,126.47,47,18.8,29.17
MRT-001,Stasiun MRT Lebak Bulus,mrt,MRT Jakarta,0,1.11,179.61,S (180°),Tampil di Citra,"Atap Datar (Puncak tengah hari 11.00–13.00, self-cleaning alami rendah)",43.65,106.77,106.75,33,13.2,19.87
MRT-001,Stasiun MRT Lebak Bulus,mrt,MRT Jakarta,1,2.21,279.1,B (270°),Tampil di Citra,"Atap Datar (Puncak tengah hari 11.00–13.00, self-cleaning alami rendah)",56.89,2513.41,2511.54,1138,455.2,673.69
MRT-001,Stasiun MRT Lebak Bulus,mrt,MRT Jakarta,2,18.99,186.38,S (180°),Tampil di Citra,Optimal saat matahari condong di selatan (Oktober – Februari),46.72,337.41,319.04,132,52.8,70.57
MRT-001,Stasiun MRT Lebak Bulus,mrt,MRT Jakarta,3,0.92,0.0,U (0°),Tampil di Citra,"Atap Datar (Puncak tengah hari 11.00–13.00, self-cleaning alami rendah)",43.6,251.37,251.34,79,31.6,48.81
MRT-001,Stasiun MRT Lebak Bulus,mrt,MRT Jakarta,4,4.97,284.71,B (270°),Tampil di Citra,Matahari Terbenam: Produksi listrik memuncak di siang–sore (12.00 – 16.00),53.02,2423.62,2414.51,1119,447.6,680.29
MRT-002,Stasiun MRT Fatmawati,mrt,MRT Jakarta,0,0.37,0.0,U (0°),Tampil di Citra,"Atap Datar (Puncak tengah hari 11.00–13.00, self-cleaning alami rendah)",68.39,3065.65,3065.59,1425,570.0,884.12
MRT-002,Stasiun MRT Fatmawati,mrt,MRT Jakarta,1,16.52,156.92,TG (135°),Tampil di Citra,Menangkap sinar pagi menjelang tengah hari,58.11,69.87,66.99,25,10.0,14.3
MRT-002,Stasiun MRT Fatmawati,mrt,MRT Jakarta,2,9.12,22.49,U (0°),Tampil di Citra,Optimal saat matahari condong di utara (April – Agustus),59.61,195.96,193.48,78,31.2,47.28
MRT-002,Stasiun MRT Fatmawati,mrt,MRT Jakarta,3,17.76,343.9,U (0°),Tampil di Citra,Optimal saat matahari condong di utara (April – Agustus),66.69,31.31,29.82,11,4.4,6.94
MRT-002,Stasiun MRT Fatmawati,mrt,MRT Jakarta,4,10.63,25.69,TL (45°),Tampil di Citra,Menangkap sinar pagi menjelang siang,54.85,98.63,96.94,30,12.0,17.63
MRT-002,Stasiun MRT Fatmawati,mrt,MRT Jakarta,5,27.64,353.27,U (0°),Tampil di Citra,Optimal saat matahari condong di utara (April – Agustus),65.49,28.45,25.2,9,3.6,5.5
MRT-002,Stasiun MRT Fatmawati,mrt,MRT Jakarta,6,38.7,359.24,U (0°),Tampil di Citra,Optimal saat matahari condong di utara (April – Agustus),63.03,102.06,79.65,41,16.4,22.74
MRT-002,Stasiun MRT Fatmawati,mrt,MRT Jakarta,7,32.99,355.78,U (0°),Tampil di Citra,Optimal saat matahari condong di utara (April – Agustus),63.67,10.79,9.05,3,1.2,1.8
MRT-002,Stasiun MRT Fatmawati,mrt,MRT Jakarta,8,43.83,353.89,U (0°),Tampil di Citra,Optimal saat matahari condong di utara (April – Agustus),64.51,39.85,28.75,13,5.2,7.06
MRT-004,Stasiun MRT Blok M BCA,mrt,MRT Jakarta,0,14.13,183.25,S (180°),Tampil di Citra,Optimal saat matahari condong di selatan (Oktober – Februari),47.13,32.02,31.05,9,3.6,5.13
MRT-004,Stasiun MRT Blok M BCA,mrt,MRT Jakarta,1,17.0,190.92,S (180°),Tampil di Citra,Optimal saat matahari condong di selatan (Oktober – Februari),48.05,80.1,76.6,28,11.2,16.93
MRT-004,Stasiun MRT Blok M BCA,mrt,MRT Jakarta,2,12.14,103.19,T (90°),Tampil di Citra,Matahari Terbit: Produksi listrik memuncak di pagi hari (07.00 – 11.00),48.21,78.11,76.36,28,11.2,18.14
MRT-004,Stasiun MRT Blok M BCA,mrt,MRT Jakarta,3,16.96,91.9,T (90°),Tampil di Citra,Matahari Terbit: Produksi listrik memuncak di pagi hari (07.00 – 11.00),46.95,135.19,129.31,53,21.2,33.5
MRT-004,Stasiun MRT Blok M BCA,mrt,MRT Jakarta,4,15.37,302.29,BL (315°),Tampil di Citra,Menangkap sinar sore,48.01,47.87,46.16,14,5.6,8.49
MRT-004,Stasiun MRT Blok M BCA,mrt,MRT Jakarta,5,15.88,310.77,BL (315°),Tampil di Citra,Menangkap sinar sore,48.44,26.48,25.47,7,2.8,4.32
MRT-004,Stasiun MRT Blok M BCA,mrt,MRT Jakarta,6,11.06,19.13,U (0°),Tampil di Citra,Optimal saat matahari condong di utara (April – Agustus),48.81,18.6,18.25,5,2.0,3.26
MRT-004,Stasiun MRT Blok M BCA,mrt,MRT Jakarta,7,16.96,262.3,B (270°),Tampil di Citra,Matahari Terbenam: Produksi listrik memuncak di siang–sore (12.00 – 16.00),47.58,94.74,90.62,36,14.4,21.34
MRT-004,Stasiun MRT Blok M BCA,mrt,MRT Jakarta,8,7.47,163.67,S (180°),Tampil di Citra,Optimal saat matahari condong di selatan (Oktober – Februari),48.7,20.46,20.29,5,2.0,3.19
MRT-004,Stasiun MRT Blok M BCA,mrt,MRT Jakarta,9,10.43,113.73,TG (135°),Tampil di Citra,Menangkap sinar pagi menjelang tengah hari,48.5,52.48,51.61,18,7.2,11.66
MRT-004,Stasiun MRT Blok M BCA,mrt,MRT Jakarta,10,17.76,304.69,BL (315°),Tampil di Citra,Menangkap sinar sore,48.1,26.39,25.13,7,2.8,4.25
MRT-004,Stasiun MRT Blok M BCA,mrt,MRT Jakarta,11,9.42,45.71,TL (45°),Tampil di Citra,Menangkap sinar pagi menjelang siang,48.39,45.88,45.26,14,5.6,9.16
MRT-004,Stasiun MRT Blok M BCA,mrt,MRT Jakarta,12,14.29,267.68,B (270°),Tampil di Citra,Matahari Terbenam: Produksi listrik memuncak di siang–sore (12.00 – 16.00),47.25,101.7,98.55,40,16.0,23.24
MRT-004,Stasiun MRT Blok M BCA,mrt,MRT Jakarta,13,20.34,92.61,T (90°),Tampil di Citra,Matahari Terbit: Produksi listrik memuncak di pagi hari (07.00 – 11.00),47.22,69.41,65.08,26,10.4,16.56
MRT-004,Stasiun MRT Blok M BCA,mrt,MRT Jakarta,14,7.67,157.88,S (180°),Tampil di Citra,Optimal saat matahari condong di selatan (Oktober – Februari),48.45,17.02,16.87,4,1.6,2.57
MRT-004,Stasiun MRT Blok M BCA,mrt,MRT Jakarta,15,11.04,100.68,T (90°),Tampil di Citra,Matahari Terbit: Produksi listrik memuncak di pagi hari (07.00 – 11.00),48.42,95.09,93.33,37,14.8,23.92
MRT-004,Stasiun MRT Blok M BCA,mrt,MRT Jakarta,16,16.03,305.33,BL (315°),Tampil di Citra,Menangkap sinar sore,48.0,28.27,27.17,8,3.2,4.85
MRT-004,Stasiun MRT Blok M BCA,mrt,MRT Jakarta,17,9.85,242.41,BD (225°),Tampil di Citra,Menangkap sinar siang menjelang sore,47.64,97.89,96.45,36,14.4,21.33
MRT-004,Stasiun MRT Blok M BCA,mrt,MRT Jakarta,18,16.09,92.12,T (90°),Tampil di Citra,Matahari Terbit: Produksi listrik memuncak di pagi hari (07.00 – 11.00),47.41,65.79,63.21,25,10.0,15.6
MRT-004,Stasiun MRT Blok M BCA,mrt,MRT Jakarta,19,10.37,170.25,S (180°),Tampil di Citra,Optimal saat matahari condong di selatan (Oktober – Februari),48.4,16.32,16.05,5,2.0,3.14
MRT-004,Stasiun MRT Blok M BCA,mrt,MRT Jakarta,20,6.45,85.48,T (90°),Tampil di Citra,Matahari Terbit: Produksi listrik memuncak di pagi hari (07.00 – 11.00),48.68,116.94,116.2,45,18.0,28.81
MRT-004,Stasiun MRT Blok M BCA,mrt,MRT Jakarta,21,10.38,241.22,BD (225°),Tampil di Citra,Menangkap sinar siang menjelang sore,47.95,120.8,118.82,44,17.6,26.56
MRT-004,Stasiun MRT Blok M BCA,mrt,MRT Jakarta,22,16.16,96.77,T (90°),Tampil di Citra,Matahari Terbit: Produksi listrik memuncak di pagi hari (07.00 – 11.00),47.63,61.87,59.42,21,8.4,13.33
MRT-004,Stasiun MRT Blok M BCA,mrt,MRT Jakarta,23,5.98,125.24,TG (135°),Tampil di Citra,Menangkap sinar pagi menjelang tengah hari,48.57,93.11,92.6,34,13.6,21.97
MRT-004,Stasiun MRT Blok M BCA,mrt,MRT Jakarta,24,14.8,293.48,BL (315°),Tampil di Citra,Menangkap sinar sore,48.35,25.22,24.38,5,2.0,3.06
MRT-004,Stasiun MRT Blok M BCA,mrt,MRT Jakarta,25,12.24,252.72,B (270°),Tampil di Citra,Matahari Terbenam: Produksi listrik memuncak di siang–sore (12.00 – 16.00),47.95,94.51,92.36,35,14.0,21.11
MRT-004,Stasiun MRT Blok M BCA,mrt,MRT Jakarta,26,17.13,91.8,T (90°),Tampil di Citra,Matahari Terbit: Produksi listrik memuncak di pagi hari (07.00 – 11.00),47.82,60.15,57.48,23,9.2,14.22
MRT-004,Stasiun MRT Blok M BCA,mrt,MRT Jakarta,27,8.2,160.06,S (180°),Tampil di Citra,Optimal saat matahari condong di selatan (Oktober – Februari),48.78,16.33,16.16,4,1.6,2.54
MRT-004,Stasiun MRT Blok M BCA,mrt,MRT Jakarta,28,8.0,93.77,T (90°),Tampil di Citra,Matahari Terbit: Produksi listrik memuncak di pagi hari (07.00 – 11.00),48.71,95.11,94.18,39,15.6,25.26
MRT-004,Stasiun MRT Blok M BCA,mrt,MRT Jakarta,29,13.94,291.94,B (270°),Tampil di Citra,Matahari Terbenam: Produksi listrik memuncak di siang–sore (12.00 – 16.00),48.65,26.46,25.68,7,2.8,4.32
MRT-004,Stasiun MRT Blok M BCA,mrt,MRT Jakarta,30,12.75,241.16,BD (225°),Tampil di Citra,Menangkap sinar siang menjelang sore,48.43,47.57,46.4,15,6.0,9.14
MRT-004,Stasiun MRT Blok M BCA,mrt,MRT Jakarta,31,18.62,88.59,T (90°),Tampil di Citra,Matahari Terbit: Produksi listrik memuncak di pagi hari (07.00 – 11.00),47.84,244.05,231.28,91,36.4,57.81
MRT-004,Stasiun MRT Blok M BCA,mrt,MRT Jakarta,32,14.47,278.64,B (270°),Tampil di Citra,Matahari Terbenam: Produksi listrik memuncak di siang–sore (12.00 – 16.00),48.01,45.43,43.99,14,5.6,8.6
MRT-004,Stasiun MRT Blok M BCA,mrt,MRT Jakarta,33,6.63,183.45,S (180°),Tampil di Citra,Optimal saat matahari condong di selatan (Oktober – Februari),49.13,17.64,17.52,5,2.0,3.18
MRT-004,Stasiun MRT Blok M BCA,mrt,MRT Jakarta,34,6.94,109.13,T (90°),Tampil di Citra,Matahari Terbit: Produksi listrik memuncak di pagi hari (07.00 – 11.00),49.03,87.03,86.39,33,13.2,21.36
MRT-004,Stasiun MRT Blok M BCA,mrt,MRT Jakarta,35,14.2,293.87,BL (315°),Tampil di Citra,Menangkap sinar sore,49.01,28.6,27.73,10,4.0,6.19
MRT-004,Stasiun MRT Blok M BCA,mrt,MRT Jakarta,36,5.24,176.78,S (180°),Tampil di Citra,Optimal saat matahari condong di selatan (Oktober – Februari),49.29,23.67,23.57,7,2.8,4.48
MRT-004,Stasiun MRT Blok M BCA,mrt,MRT Jakarta,37,14.15,264.44,B (270°),Tampil di Citra,Matahari Terbenam: Produksi listrik memuncak di siang–sore (12.00 – 16.00),48.17,93.23,90.4,37,14.8,22.32
MRT-004,Stasiun MRT Blok M BCA,mrt,MRT Jakarta,38,7.28,91.49,T (90°),Tampil di Citra,Matahari Terbit: Produksi listrik memuncak di pagi hari (07.00 – 11.00),49.15,86.28,85.59,33,13.2,21.45
MRT-004,Stasiun MRT Blok M BCA,mrt,MRT Jakarta,39,15.42,296.23,BL (315°),Tampil di Citra,Menangkap sinar sore,48.95,32.05,30.9,10,4.0,6.17
MRT-004,Stasiun MRT Blok M BCA,mrt,MRT Jakarta,40,5.43,81.11,T (90°),Tampil di Citra,Matahari Terbit: Produksi listrik memuncak di pagi hari (07.00 – 11.00),49.05,28.34,28.21,8,3.2,5.16
MRT-004,Stasiun MRT Blok M BCA,mrt,MRT Jakarta,41,15.36,263.26,B (270°),Tampil di Citra,Matahari Terbenam: Produksi listrik memuncak di siang–sore (12.00 – 16.00),47.91,100.17,96.59,38,15.2,22.87
MRT-004,Stasiun MRT Blok M BCA,mrt,MRT Jakarta,42,5.1,78.59,T (90°),Tampil di Citra,Matahari Terbit: Produksi listrik memuncak di pagi hari (07.00 – 11.00),48.81,84.51,84.17,32,12.8,20.83
MRT-004,Stasiun MRT Blok M BCA,mrt,MRT Jakarta,43,15.92,314.08,BL (315°),Tampil di Citra,Menangkap sinar sore,48.44,36.46,35.06,11,4.4,6.86
MRT-004,Stasiun MRT Blok M BCA,mrt,MRT Jakarta,44,5.43,43.5,TL (45°),Tampil di Citra,Menangkap sinar pagi menjelang siang,48.62,130.0,129.42,48,19.2,30.86
MRT-004,Stasiun MRT Blok M BCA,mrt,MRT Jakarta,45,13.99,258.26,B (270°),Tampil di Citra,Matahari Terbenam: Produksi listrik memuncak di siang–sore (12.00 – 16.00),47.73,102.68,99.63,40,16.0,24.09
MRT-004,Stasiun MRT Blok M BCA,mrt,MRT Jakarta,46,7.66,269.71,B (270°),Tampil di Citra,Matahari Terbenam: Produksi listrik memuncak di siang–sore (12.00 – 16.00),46.99,116.61,115.57,46,18.4,28.22
MRT-004,Stasiun MRT Blok M BCA,mrt,MRT Jakarta,47,18.72,69.55,T (90°),Tampil di Citra,Matahari Terbit: Produksi listrik memuncak di pagi hari (07.00 – 11.00),46.57,43.83,41.51,13,5.2,8.33
MRT-004,Stasiun MRT Blok M BCA,mrt,MRT Jakarta,48,13.14,15.28,U (0°),Tampil di Citra,Optimal saat matahari condong di utara (April – Agustus),46.71,149.21,145.3,57,22.8,36.16
MRT-005,Stasiun MRT ASEAN,mrt,MRT Jakarta,0,4.26,328.07,BL (315°),Tampil di Citra,Menangkap sinar sore,35.06,54.39,54.24,11,4.4,6.44
MRT-005,Stasiun MRT ASEAN,mrt,MRT Jakarta,1,13.44,74.63,T (90°),Tampil di Citra,Matahari Terbit: Produksi listrik memuncak di pagi hari (07.00 – 11.00),34.32,35.78,34.8,11,4.4,6.39
MRT-005,Stasiun MRT ASEAN,mrt,MRT Jakarta,2,11.89,268.34,B (270°),Tampil di Citra,Matahari Terbenam: Produksi listrik memuncak di siang–sore (12.00 – 16.00),39.95,910.05,890.53,395,158.0,233.7
MRT-005,Stasiun MRT ASEAN,mrt,MRT Jakarta,3,3.58,91.92,T (90°),Tampil di Citra,Matahari Terbit: Produksi listrik memuncak di pagi hari (07.00 – 11.00),42.97,2225.02,2220.69,1028,411.2,637.82
MRT-005,Stasiun MRT ASEAN,mrt,MRT Jakarta,4,4.86,82.11,T (90°),Tampil di Citra,Matahari Terbit: Produksi listrik memuncak di pagi hari (07.00 – 11.00),42.83,15.94,15.88,5,2.0,3.24
MRT-005,Stasiun MRT ASEAN,mrt,MRT Jakarta,5,4.39,83.14,T (90°),Tampil di Citra,Matahari Terbit: Produksi listrik memuncak di pagi hari (07.00 – 11.00),42.76,20.67,20.61,6,2.4,3.89
MRT-005,Stasiun MRT ASEAN,mrt,MRT Jakarta,6,9.35,258.9,B (270°),Tampil di Citra,Matahari Terbenam: Produksi listrik memuncak di siang–sore (12.00 – 16.00),41.1,148.8,146.82,59,23.6,35.48
MRT-005,Stasiun MRT ASEAN,mrt,MRT Jakarta,7,2.94,96.01,T (90°),Tampil di Citra,"Atap Datar (Puncak tengah hari 11.00–13.00, self-cleaning alami rendah)",34.86,226.11,225.81,87,34.8,54.49
MRT-005,Stasiun MRT ASEAN,mrt,MRT Jakarta,8,3.38,247.28,BD (225°),Tampil di Citra,Menangkap sinar siang menjelang sore,36.95,236.32,235.91,90,36.0,54.28
MRT-006,Stasiun MRT Senayan,mrt,MRT Jakarta,0,13.66,302.38,BL (315°),Tampil di Citra,Menangkap sinar sore,17.48,29.58,28.74,7,2.8,3.89
MRT-006,Stasiun MRT Senayan,mrt,MRT Jakarta,1,9.73,256.98,B (270°),Tampil di Citra,Matahari Terbenam: Produksi listrik memuncak di siang–sore (12.00 – 16.00),17.98,12.76,12.58,2,0.8,1.11
MRT-006,Stasiun MRT Senayan,mrt,MRT Jakarta,2,2.35,72.97,T (90°),Tampil di Citra,"Atap Datar (Puncak tengah hari 11.00–13.00, self-cleaning alami rendah)",17.93,89.17,89.09,28,11.2,15.62
MRT-007,Stasiun MRT Dukuh Atas BNI,mrt,MRT Jakarta,0,6.92,68.08,T (90°),Tampil di Citra,Matahari Terbit: Produksi listrik memuncak di pagi hari (07.00 – 11.00),15.05,38.29,38.01,12,4.8,7.41
MRT-007,Stasiun MRT Dukuh Atas BNI,mrt,MRT Jakarta,1,6.63,110.33,T (90°),Tampil di Citra,Matahari Terbit: Produksi listrik memuncak di pagi hari (07.00 – 11.00),16.61,29.26,29.06,8,3.2,5.1
MRT-007,Stasiun MRT Dukuh Atas BNI,mrt,MRT Jakarta,2,2.79,98.04,T (90°),Tampil di Citra,"Atap Datar (Puncak tengah hari 11.00–13.00, self-cleaning alami rendah)",19.76,113.06,112.93,47,18.8,30.22
MRT-008,Stasiun MRT Bundaran HI,mrt,MRT Jakarta,0,19.54,57.38,TL (45°),Tampil di Citra,Menangkap sinar pagi menjelang siang,7.69,19.69,18.56,5,2.0,2.22
LRT-014,Stasiun LRT Dukuh Atas,lrt,LRT,0,11.23,6.45,U (0°),Tampil di Citra,Optimal saat matahari condong di utara (April – Agustus),7.44,103.91,101.92,38,15.2,23.97
LRT-014,Stasiun LRT Dukuh Atas,lrt,LRT,1,3.03,60.83,TL (45°),Tampil di Citra,Menangkap sinar pagi menjelang siang,4.68,1557.24,1555.06,687,274.8,443.6
LRT-014,Stasiun LRT Dukuh Atas,lrt,LRT,2,3.75,163.31,S (180°),Dieliminasi Google (0 Panel),Optimal saat matahari condong di selatan (Oktober – Februari),3.62,8.64,8.62,0,0.0,0.0
LRT-014,Stasiun LRT Dukuh Atas,lrt,LRT,3,2.25,175.35,S (180°),Tampil di Citra,"Atap Datar (Puncak tengah hari 11.00–13.00, self-cleaning alami rendah)",4.27,139.12,139.01,52,20.8,33.69
LRT-001,Stasiun LRT Rasuna Said,lrt,LRT,0,8.08,58.05,TL (45°),Tampil di Citra,Menangkap sinar pagi menjelang siang,23.99,63.46,62.83,22,8.8,12.53
LRT-001,Stasiun LRT Rasuna Said,lrt,LRT,1,7.13,31.6,TL (45°),Tampil di Citra,Menangkap sinar pagi menjelang siang,35.65,318.98,316.52,131,52.4,84.05
LRT-001,Stasiun LRT Rasuna Said,lrt,LRT,2,5.55,62.84,TL (45°),Tampil di Citra,Menangkap sinar pagi menjelang siang,34.68,250.75,249.58,104,41.6,66.86
LRT-001,Stasiun LRT Rasuna Said,lrt,LRT,3,22.41,269.02,B (270°),Tampil di Citra,Matahari Terbenam: Produksi listrik memuncak di siang–sore (12.00 – 16.00),33.67,24.71,22.84,6,2.4,3.56
LRT-001,Stasiun LRT Rasuna Said,lrt,LRT,4,6.6,66.92,TL (45°),Tampil di Citra,Menangkap sinar pagi menjelang siang,34.09,78.37,77.85,29,11.6,18.84
LRT-001,Stasiun LRT Rasuna Said,lrt,LRT,5,4.77,94.86,T (90°),Tampil di Citra,Matahari Terbit: Produksi listrik memuncak di pagi hari (07.00 – 11.00),34.45,161.29,160.73,65,26.0,40.87
LRT-001,Stasiun LRT Rasuna Said,lrt,LRT,6,4.13,107.55,T (90°),Tampil di Citra,Matahari Terbit: Produksi listrik memuncak di pagi hari (07.00 – 11.00),35.0,170.75,170.31,66,26.4,41.04
LRT-001,Stasiun LRT Rasuna Said,lrt,LRT,7,34.71,249.3,B (270°),Tampil di Citra,Matahari Terbenam: Produksi listrik memuncak di siang–sore (12.00 – 16.00),34.27,27.64,22.72,8,3.2,4.11
LRT-001,Stasiun LRT Rasuna Said,lrt,LRT,8,8.0,137.04,TG (135°),Tampil di Citra,Menangkap sinar pagi menjelang tengah hari,35.8,118.06,116.91,45,18.0,28.66
LRT-001,Stasiun LRT Rasuna Said,lrt,LRT,9,26.73,242.21,BD (225°),Tampil di Citra,Menangkap sinar siang menjelang sore,35.07,37.37,33.38,11,4.4,5.99
LRT-001,Stasiun LRT Rasuna Said,lrt,LRT,10,33.11,252.38,B (270°),Tampil di Citra,Matahari Terbenam: Produksi listrik memuncak di siang–sore (12.00 – 16.00),35.28,41.37,34.65,14,5.6,6.87
LRT-001,Stasiun LRT Rasuna Said,lrt,LRT,11,3.8,137.19,TG (135°),Tampil di Citra,Menangkap sinar pagi menjelang tengah hari,36.95,144.06,143.74,53,21.2,32.57
LRT-001,Stasiun LRT Rasuna Said,lrt,LRT,12,5.26,123.99,TG (135°),Tampil di Citra,Menangkap sinar pagi menjelang tengah hari,37.84,145.22,144.61,55,22.0,33.98
LRT-001,Stasiun LRT Rasuna Said,lrt,LRT,13,11.09,227.82,BD (225°),Tampil di Citra,Menangkap sinar siang menjelang sore,38.29,45.16,44.32,14,5.6,8.34
LRT-001,Stasiun LRT Rasuna Said,lrt,LRT,14,7.71,202.88,BD (225°),Tampil di Citra,Menangkap sinar siang menjelang sore,38.31,29.19,28.93,7,2.8,4.42
LRT-001,Stasiun LRT Rasuna Said,lrt,LRT,15,42.1,247.51,B (270°),Tampil di Citra,Matahari Terbenam: Produksi listrik memuncak di siang–sore (12.00 – 16.00),36.31,42.03,31.19,12,4.8,5.67
LRT-001,Stasiun LRT Rasuna Said,lrt,LRT,16,11.11,113.81,TG (135°),Tampil di Citra,Menangkap sinar pagi menjelang tengah hari,38.55,31.36,30.77,9,3.6,5.7
LRT-001,Stasiun LRT Rasuna Said,lrt,LRT,17,25.96,244.14,BD (225°),Tampil di Citra,Menangkap sinar siang menjelang sore,38.04,34.42,30.95,7,2.8,3.85
LRT-001,Stasiun LRT Rasuna Said,lrt,LRT,18,1.29,266.72,B (270°),Tampil di Citra,"Atap Datar (Puncak tengah hari 11.00–13.00, self-cleaning alami rendah)",39.15,131.71,131.68,50,20.0,31.29
LRT-001,Stasiun LRT Rasuna Said,lrt,LRT,19,1.4,202.83,BD (225°),Tampil di Citra,"Atap Datar (Puncak tengah hari 11.00–13.00, self-cleaning alami rendah)",39.24,165.31,165.26,63,25.2,37.68
LRT-001,Stasiun LRT Rasuna Said,lrt,LRT,20,2.84,221.69,BD (225°),Tampil di Citra,"Atap Datar (Puncak tengah hari 11.00–13.00, self-cleaning alami rendah)",39.78,308.05,307.67,120,48.0,73.56
LRT-001,Stasiun LRT Rasuna Said,lrt,LRT,21,5.2,112.53,TG (135°),Tampil di Citra,Menangkap sinar pagi menjelang tengah hari,29.39,82.41,82.07,29,11.6,17.78
LRT-002,Stasiun LRT Pancoran,lrt,LRT,0,22.68,16.03,U (0°),Tampil di Citra,Optimal saat matahari condong di utara (April – Agustus),35.44,780.78,720.4,345,138.0,212.55
LRT-002,Stasiun LRT Pancoran,lrt,LRT,1,25.59,26.16,TL (45°),Tampil di Citra,Menangkap sinar pagi menjelang siang,36.57,225.9,203.73,85,34.0,51.81
LRT-002,Stasiun LRT Pancoran,lrt,LRT,2,1.1,217.65,BD (225°),Tampil di Citra,"Atap Datar (Puncak tengah hari 11.00–13.00, self-cleaning alami rendah)",36.58,152.93,152.9,59,23.6,35.81
LRT-002,Stasiun LRT Pancoran,lrt,LRT,3,22.35,57.6,TL (45°),Tampil di Citra,Menangkap sinar pagi menjelang siang,39.45,77.89,72.04,18,7.2,10.79
LRT-002,Stasiun LRT Pancoran,lrt,LRT,4,18.77,153.94,TG (135°),Tampil di Citra,Menangkap sinar pagi menjelang tengah hari,38.27,54.48,51.58,18,7.2,11.07
LRT-002,Stasiun LRT Pancoran,lrt,LRT,5,27.87,22.49,U (0°),Tampil di Citra,Optimal saat matahari condong di utara (April – Agustus),33.12,40.2,35.54,14,5.6,8.75
LRT-003,Stasiun LRT Cikoko,lrt,LRT,0,7.45,182.2,S (180°),Tampil di Citra,Optimal saat matahari condong di selatan (Oktober – Februari),34.44,702.17,696.24,287,114.8,173.2
LRT-003,Stasiun LRT Cikoko,lrt,LRT,1,7.98,167.25,S (180°),Tampil di Citra,Optimal saat matahari condong di selatan (Oktober – Februari),33.98,41.3,40.9,11,4.4,6.73
LRT-003,Stasiun LRT Cikoko,lrt,LRT,2,22.43,181.89,S (180°),Tampil di Citra,Optimal saat matahari condong di selatan (Oktober – Februari),36.16,266.83,246.64,82,32.8,46.49
LRT-003,Stasiun LRT Cikoko,lrt,LRT,3,16.41,4.89,U (0°),Tampil di Citra,Optimal saat matahari condong di utara (April – Agustus),38.12,2753.11,2641.02,1281,512.4,770.5
LRT-003,Stasiun LRT Cikoko,lrt,LRT,4,13.69,182.95,S (180°),Tampil di Citra,Optimal saat matahari condong di selatan (Oktober – Februari),35.08,206.84,200.97,92,36.8,52.75
LRT-003,Stasiun LRT Cikoko,lrt,LRT,5,16.23,2.29,U (0°),Tampil di Citra,Optimal saat matahari condong di utara (April – Agustus),34.58,42.97,41.26,15,6.0,9.33
LRT-003,Stasiun LRT Cikoko,lrt,LRT,6,15.62,6.43,U (0°),Tampil di Citra,Optimal saat matahari condong di utara (April – Agustus),34.38,98.71,95.06,38,15.2,23.73
LRT-003,Stasiun LRT Cikoko,lrt,LRT,7,13.27,19.65,U (0°),Tampil di Citra,Optimal saat matahari condong di utara (April – Agustus),34.3,44.53,43.34,14,5.6,8.81
LRT-003,Stasiun LRT Cikoko,lrt,LRT,8,3.85,83.2,T (90°),Tampil di Citra,Matahari Terbit: Produksi listrik memuncak di pagi hari (07.00 – 11.00),31.61,29.43,29.36,8,3.2,4.78
LRT-003,Stasiun LRT Cikoko,lrt,LRT,9,7.09,34.78,TL (45°),Tampil di Citra,Menangkap sinar pagi menjelang siang,32.86,18.49,18.35,3,1.2,1.87
LRT-003,Stasiun LRT Cikoko,lrt,LRT,10,2.9,28.4,TL (45°),Tampil di Citra,"Atap Datar (Puncak tengah hari 11.00–13.00, self-cleaning alami rendah)",32.87,197.75,197.5,65,26.0,40.08
LRT-003,Stasiun LRT Cikoko,lrt,LRT,11,10.69,5.36,U (0°),Tampil di Citra,Optimal saat matahari condong di utara (April – Agustus),31.53,44.98,44.2,15,6.0,9.07
LRT-003,Stasiun LRT Cikoko,lrt,LRT,12,19.57,180.91,S (180°),Tampil di Citra,Optimal saat matahari condong di selatan (Oktober – Februari),33.25,83.66,78.83,34,13.6,19.25
LRT-003,Stasiun LRT Cikoko,lrt,LRT,13,21.08,177.13,S (180°),Tampil di Citra,Optimal saat matahari condong di selatan (Oktober – Februari),33.37,50.58,47.2,18,7.2,10.43
LRT-003,Stasiun LRT Cikoko,lrt,LRT,14,15.61,179.0,S (180°),Tampil di Citra,Optimal saat matahari condong di selatan (Oktober – Februari),35.34,435.89,419.82,185,74.0,108.68
LRT-003,Stasiun LRT Cikoko,lrt,LRT,15,18.82,178.72,S (180°),Tampil di Citra,Optimal saat matahari condong di selatan (Oktober – Februari),34.84,227.24,215.09,78,31.2,44.75
LRT-003,Stasiun LRT Cikoko,lrt,LRT,16,17.31,178.45,S (180°),Tampil di Citra,Optimal saat matahari condong di selatan (Oktober – Februari),34.84,99.82,95.3,41,16.4,24.18
LRT-003,Stasiun LRT Cikoko,lrt,LRT,17,14.77,5.98,U (0°),Tampil di Citra,Optimal saat matahari condong di utara (April – Agustus),35.22,947.56,916.26,409,163.6,255.68
LRT-003,Stasiun LRT Cikoko,lrt,LRT,18,12.24,10.68,U (0°),Tampil di Citra,Optimal saat matahari condong di utara (April – Agustus),34.42,17.7,17.3,5,2.0,3.18
LRT-004,Stasiun LRT Cawang,lrt,LRT,0,19.02,183.32,S (180°),Tampil di Citra,Optimal saat matahari condong di selatan (Oktober – Februari),42.71,134.67,127.32,55,22.0,33.05
LRT-004,Stasiun LRT Cawang,lrt,LRT,1,22.46,187.52,S (180°),Tampil di Citra,Optimal saat matahari condong di selatan (Oktober – Februari),43.02,68.3,63.12,24,9.6,13.92
LRT-004,Stasiun LRT Cawang,lrt,LRT,2,23.75,179.36,S (180°),Tampil di Citra,Optimal saat matahari condong di selatan (Oktober – Februari),42.32,47.58,43.55,16,6.4,9.21
LRT-004,Stasiun LRT Cawang,lrt,LRT,3,22.93,190.06,S (180°),Tampil di Citra,Optimal saat matahari condong di selatan (Oktober – Februari),42.59,106.84,98.4,42,16.8,24.08
LRT-004,Stasiun LRT Cawang,lrt,LRT,4,21.04,204.17,BD (225°),Tampil di Citra,Menangkap sinar siang menjelang sore,43.21,97.39,90.9,37,14.8,21.49
LRT-004,Stasiun LRT Cawang,lrt,LRT,5,10.51,213.0,BD (225°),Tampil di Citra,Menangkap sinar siang menjelang sore,45.17,131.99,129.78,49,19.6,30.32
LRT-004,Stasiun LRT Cawang,lrt,LRT,6,10.43,192.2,S (180°),Tampil di Citra,Optimal saat matahari condong di selatan (Oktober – Februari),44.76,192.0,188.83,80,32.0,49.34
LRT-004,Stasiun LRT Cawang,lrt,LRT,7,20.17,188.68,S (180°),Tampil di Citra,Optimal saat matahari condong di selatan (Oktober – Februari),42.91,67.55,63.41,25,10.0,14.54
LRT-004,Stasiun LRT Cawang,lrt,LRT,8,7.79,190.41,S (180°),Tampil di Citra,Optimal saat matahari condong di selatan (Oktober – Februari),45.27,107.77,106.77,41,16.4,25.56
LRT-004,Stasiun LRT Cawang,lrt,LRT,9,24.07,15.02,U (0°),Tampil di Citra,Optimal saat matahari condong di utara (April – Agustus),45.19,3474.17,3172.05,1626,650.4,1026.44
LRT-004,Stasiun LRT Cawang,lrt,LRT,10,29.79,197.93,S (180°),Tampil di Citra,Optimal saat matahari condong di selatan (Oktober – Februari),41.9,26.92,23.36,8,3.2,4.43
LRT-004,Stasiun LRT Cawang,lrt,LRT,11,24.38,184.1,S (180°),Tampil di Citra,Optimal saat matahari condong di selatan (Oktober – Februari),42.65,39.78,36.23,14,5.6,7.85
LRT-004,Stasiun LRT Cawang,lrt,LRT,12,18.92,188.69,S (180°),Tampil di Citra,Optimal saat matahari condong di selatan (Oktober – Februari),43.19,9.14,8.65,3,1.2,1.78
LRT-004,Stasiun LRT Cawang,lrt,LRT,13,12.57,187.3,S (180°),Tampil di Citra,Optimal saat matahari condong di selatan (Oktober – Februari),44.0,19.33,18.87,6,2.4,3.7
LRT-004,Stasiun LRT Cawang,lrt,LRT,14,6.06,164.53,S (180°),Tampil di Citra,Optimal saat matahari condong di selatan (Oktober – Februari),44.76,50.47,50.19,16,6.4,10.12
LRT-004,Stasiun LRT Cawang,lrt,LRT,15,5.79,234.17,BD (225°),Tampil di Citra,Menangkap sinar siang menjelang sore,45.63,28.12,27.98,8,3.2,5.03
LRT-004,Stasiun LRT Cawang,lrt,LRT,16,5.88,84.2,T (90°),Tampil di Citra,Matahari Terbit: Produksi listrik memuncak di pagi hari (07.00 – 11.00),45.55,40.31,40.1,12,4.8,7.78
LRT-004,Stasiun LRT Cawang,lrt,LRT,17,5.76,235.44,BD (225°),Tampil di Citra,Menangkap sinar siang menjelang sore,45.06,88.59,88.14,31,12.4,19.48
LRT-004,Stasiun LRT Cawang,lrt,LRT,18,16.54,22.32,U (0°),Tampil di Citra,Optimal saat matahari condong di utara (April – Agustus),39.9,98.4,94.33,39,15.6,24.99
LRT-004,Stasiun LRT Cawang,lrt,LRT,19,41.4,22.71,TL (45°),Tampil di Citra,Menangkap sinar pagi menjelang siang,37.59,13.64,10.23,4,1.6,2.37
LRT-005,Stasiun LRT Halim,lrt,LRT,0,18.75,59.71,TL (45°),Tampil di Citra,Menangkap sinar pagi menjelang siang,31.95,38.95,36.88,6,2.4,3.98
LRT-005,Stasiun LRT Halim,lrt,LRT,1,8.44,96.36,T (90°),Tampil di Citra,Matahari Terbit: Produksi listrik memuncak di pagi hari (07.00 – 11.00),30.77,85.79,84.86,31,12.4,20.35
LRT-005,Stasiun LRT Halim,lrt,LRT,2,4.19,110.08,T (90°),Tampil di Citra,Matahari Terbit: Produksi listrik memuncak di pagi hari (07.00 – 11.00),30.28,746.92,744.92,307,122.8,198.21
LRT-005,Stasiun LRT Halim,lrt,LRT,3,6.89,115.96,TG (135°),Tampil di Citra,Menangkap sinar pagi menjelang tengah hari,29.52,59.01,58.58,20,8.0,13.04
LRT-005,Stasiun LRT Halim,lrt,LRT,4,5.7,138.96,TG (135°),Tampil di Citra,Menangkap sinar pagi menjelang tengah hari,29.21,40.32,40.12,14,5.6,9.06
LRT-005,Stasiun LRT Halim,lrt,LRT,5,5.42,104.11,T (90°),Tampil di Citra,Matahari Terbit: Produksi listrik memuncak di pagi hari (07.00 – 11.00),29.98,20.86,20.77,4,1.6,2.62
LRT-005,Stasiun LRT Halim,lrt,LRT,6,6.03,169.73,S (180°),Tampil di Citra,Optimal saat matahari condong di selatan (Oktober – Februari),29.32,51.68,51.39,17,6.8,10.89
LRT-005,Stasiun LRT Halim,lrt,LRT,7,8.65,174.46,S (180°),Tampil di Citra,Optimal saat matahari condong di selatan (Oktober – Februari),29.67,32.49,32.12,9,3.6,5.72
LRT-005,Stasiun LRT Halim,lrt,LRT,8,8.03,179.39,S (180°),Tampil di Citra,Optimal saat matahari condong di selatan (Oktober – Februari),30.12,30.27,29.97,7,2.8,4.45
LRT-005,Stasiun LRT Halim,lrt,LRT,9,10.72,131.13,TG (135°),Tampil di Citra,Menangkap sinar pagi menjelang tengah hari,30.28,35.71,35.09,12,4.8,7.67
LRT-005,Stasiun LRT Halim,lrt,LRT,10,5.94,196.29,S (180°),Tampil di Citra,Optimal saat matahari condong di selatan (Oktober – Februari),30.46,28.09,27.94,6,2.4,3.82
LRT-005,Stasiun LRT Halim,lrt,LRT,11,8.77,161.14,S (180°),Tampil di Citra,Optimal saat matahari condong di selatan (Oktober – Februari),30.79,34.68,34.27,8,3.2,5.14
LRT-006,Stasiun LRT Velodrome Jakarta,lrt,LRT,0,6.94,278.83,B (270°),Tampil di Citra,Matahari Terbenam: Produksi listrik memuncak di siang–sore (12.00 – 16.00),31.58,316.14,313.82,131,52.4,85.09
LRT-006,Stasiun LRT Velodrome Jakarta,lrt,LRT,1,6.58,76.91,T (90°),Tampil di Citra,Matahari Terbit: Produksi listrik memuncak di pagi hari (07.00 – 11.00),32.2,115.01,114.25,45,18.0,30.08
LRT-006,Stasiun LRT Velodrome Jakarta,lrt,LRT,2,3.82,79.68,T (90°),Tampil di Citra,Matahari Terbit: Produksi listrik memuncak di pagi hari (07.00 – 11.00),17.13,144.63,144.31,57,22.8,30.18
LRT-006,Stasiun LRT Velodrome Jakarta,lrt,LRT,3,4.65,269.62,B (270°),Tampil di Citra,Matahari Terbenam: Produksi listrik memuncak di siang–sore (12.00 – 16.00),30.98,528.83,527.09,223,89.2,145.4
LRT-006,Stasiun LRT Velodrome Jakarta,lrt,LRT,4,2.37,26.17,TL (45°),Tampil di Citra,"Atap Datar (Puncak tengah hari 11.00–13.00, self-cleaning alami rendah)",30.31,399.33,398.99,150,60.0,99.62
LRT-006,Stasiun LRT Velodrome Jakarta,lrt,LRT,5,3.53,58.54,TL (45°),Tampil di Citra,Menangkap sinar pagi menjelang siang,31.29,112.45,112.24,42,16.8,28.0
LRT-006,Stasiun LRT Velodrome Jakarta,lrt,LRT,6,8.11,262.52,B (270°),Tampil di Citra,Matahari Terbenam: Produksi listrik memuncak di siang–sore (12.00 – 16.00),30.27,122.55,121.32,50,20.0,32.1
LRT-006,Stasiun LRT Velodrome Jakarta,lrt,LRT,7,5.01,273.29,B (270°),Tampil di Citra,Matahari Terbenam: Produksi listrik memuncak di siang–sore (12.00 – 16.00),28.08,697.1,694.44,309,123.6,198.26
LRT-006,Stasiun LRT Velodrome Jakarta,lrt,LRT,8,5.89,259.42,B (270°),Tampil di Citra,Matahari Terbenam: Produksi listrik memuncak di siang–sore (12.00 – 16.00),30.64,133.8,133.09,55,22.0,35.28
LRT-006,Stasiun LRT Velodrome Jakarta,lrt,LRT,9,13.25,76.62,T (90°),Tampil di Citra,Matahari Terbit: Produksi listrik memuncak di pagi hari (07.00 – 11.00),18.2,136.32,132.69,52,20.8,29.8
LRT-006,Stasiun LRT Velodrome Jakarta,lrt,LRT,10,14.68,178.75,S (180°),Tampil di Citra,Optimal saat matahari condong di selatan (Oktober – Februari),19.65,21.26,20.57,8,3.2,4.47
LRT-007,Stasiun LRT Pegangsaan Dua,lrt,LRT,0,12.16,185.08,S (180°),Tampil di Citra,Optimal saat matahari condong di selatan (Oktober – Februari),12.99,438.55,428.71,197,78.8,127.69
LRT-007,Stasiun LRT Pegangsaan Dua,lrt,LRT,1,10.56,182.92,S (180°),Tampil di Citra,Optimal saat matahari condong di selatan (Oktober – Februari),11.87,48.87,48.04,19,7.6,12.27
LRT-007,Stasiun LRT Pegangsaan Dua,lrt,LRT,2,13.56,188.22,S (180°),Tampil di Citra,Optimal saat matahari condong di selatan (Oktober – Februari),13.19,29.89,29.06,9,3.6,5.75
LRT-007,Stasiun LRT Pegangsaan Dua,lrt,LRT,3,11.35,357.76,U (0°),Tampil di Citra,Optimal saat matahari condong di utara (April – Agustus),13.05,503.1,493.25,225,90.0,151.66
TERM-001,Terminal Bus Tanjung Priok,terminal,Terminal Bus,0,13.43,225.75,BD (225°),Tampil di Citra,Menangkap sinar siang menjelang sore,8.27,11.07,10.77,2,0.8,1.09
TERM-001,Terminal Bus Tanjung Priok,terminal,Terminal Bus,1,9.8,122.78,TG (135°),Tampil di Citra,Menangkap sinar pagi menjelang tengah hari,19.66,34.99,34.48,9,3.6,5.98
TERM-001,Terminal Bus Tanjung Priok,terminal,Terminal Bus,2,0.97,0.0,U (0°),Tampil di Citra,"Atap Datar (Puncak tengah hari 11.00–13.00, self-cleaning alami rendah)",18.43,199.11,199.08,69,27.6,46.39
TERM-001,Terminal Bus Tanjung Priok,terminal,Terminal Bus,3,11.22,248.58,B (270°),Dieliminasi Google (0 Panel),Matahari Terbenam: Produksi listrik memuncak di siang–sore (12.00 – 16.00),8.28,25.0,24.52,0,0.0,0.0
TERM-001,Terminal Bus Tanjung Priok,terminal,Terminal Bus,4,4.86,202.24,S (180°),Tampil di Citra,Optimal saat matahari condong di selatan (Oktober – Februari),17.34,189.72,189.04,69,27.6,44.42
TERM-001,Terminal Bus Tanjung Priok,terminal,Terminal Bus,5,1.05,289.1,B (270°),Tampil di Citra,"Atap Datar (Puncak tengah hari 11.00–13.00, self-cleaning alami rendah)",20.78,45.91,45.9,15,6.0,10.03
TERM-001,Terminal Bus Tanjung Priok,terminal,Terminal Bus,6,4.25,209.24,BD (225°),Dieliminasi Google (0 Panel),Menangkap sinar siang menjelang sore,6.55,9.12,9.09,0,0.0,0.0
TERM-001,Terminal Bus Tanjung Priok,terminal,Terminal Bus,7,7.84,91.44,T (90°),Tampil di Citra,Matahari Terbit: Produksi listrik memuncak di pagi hari (07.00 – 11.00),7.75,18.48,18.31,3,1.2,1.72
TERM-001,Terminal Bus Tanjung Priok,terminal,Terminal Bus,8,4.73,101.16,T (90°),Tampil di Citra,Matahari Terbit: Produksi listrik memuncak di pagi hari (07.00 – 11.00),19.58,26.69,26.6,7,2.8,4.68
TERM-001,Terminal Bus Tanjung Priok,terminal,Terminal Bus,9,2.78,194.0,S (180°),Tampil di Citra,"Atap Datar (Puncak tengah hari 11.00–13.00, self-cleaning alami rendah)",20.58,115.81,115.67,41,16.4,27.63
TERM-001,Terminal Bus Tanjung Priok,terminal,Terminal Bus,10,1.43,115.34,TG (135°),Tampil di Citra,"Atap Datar (Puncak tengah hari 11.00–13.00, self-cleaning alami rendah)",19.15,194.09,194.03,71,28.4,47.83
TERM-001,Terminal Bus Tanjung Priok,terminal,Terminal Bus,11,1.26,190.71,S (180°),Tampil di Citra,"Atap Datar (Puncak tengah hari 11.00–13.00, self-cleaning alami rendah)",8.53,107.8,107.77,36,14.4,22.34
TERM-002,Terminal Terpadu Rawamangun,terminal,Terminal Bus,0,24.39,261.45,B (270°),Tampil di Citra,Matahari Terbenam: Produksi listrik memuncak di siang–sore (12.00 – 16.00),22.67,74.95,68.26,29,11.6,16.06
TERM-002,Terminal Terpadu Rawamangun,terminal,Terminal Bus,1,21.31,85.88,T (90°),Tampil di Citra,Matahari Terbit: Produksi listrik memuncak di pagi hari (07.00 – 11.00),24.16,575.28,535.96,259,103.6,170.55
TERM-002,Terminal Terpadu Rawamangun,terminal,Terminal Bus,2,49.24,207.59,BD (225°),Tampil di Citra,Menangkap sinar siang menjelang sore,29.44,21.35,13.94,6,2.4,2.85
TERM-002,Terminal Terpadu Rawamangun,terminal,Terminal Bus,3,46.62,13.76,U (0°),Tampil di Citra,Optimal saat matahari condong di utara (April – Agustus),30.11,19.51,13.4,5,2.0,2.97
TERM-002,Terminal Terpadu Rawamangun,terminal,Terminal Bus,4,27.61,269.09,B (270°),Tampil di Citra,Matahari Terbenam: Produksi listrik memuncak di siang–sore (12.00 – 16.00),23.71,347.8,308.2,148,59.2,86.55
TERM-002,Terminal Terpadu Rawamangun,terminal,Terminal Bus,5,24.42,267.81,B (270°),Tampil di Citra,Matahari Terbenam: Produksi listrik memuncak di siang–sore (12.00 – 16.00),24.15,99.08,90.22,39,15.6,23.08
TERM-002,Terminal Terpadu Rawamangun,terminal,Terminal Bus,6,3.32,106.68,T (90°),Tampil di Citra,Matahari Terbit: Produksi listrik memuncak di pagi hari (07.00 – 11.00),16.96,111.33,111.14,42,16.8,26.72
TERM-002,Terminal Terpadu Rawamangun,terminal,Terminal Bus,7,26.36,269.18,B (270°),Tampil di Citra,Matahari Terbenam: Produksi listrik memuncak di siang–sore (12.00 – 16.00),22.12,22.04,19.75,7,2.8,3.99
TERM-003,Terminal Kampung Rambutan,terminal,Terminal Bus,0,0.44,0.0,U (0°),Tampil di Citra,"Atap Datar (Puncak tengah hari 11.00–13.00, self-cleaning alami rendah)",56.63,1430.17,1430.13,579,231.6,311.74
TERM-003,Terminal Kampung Rambutan,terminal,Terminal Bus,1,5.57,70.47,T (90°),Tampil di Citra,Matahari Terbit: Produksi listrik memuncak di pagi hari (07.00 – 11.00),56.44,47.56,47.34,14,5.6,9.16
TERM-003,Terminal Kampung Rambutan,terminal,Terminal Bus,2,2.39,11.1,U (0°),Tampil di Citra,"Atap Datar (Puncak tengah hari 11.00–13.00, self-cleaning alami rendah)",56.35,25.83,25.81,5,2.0,3.25
TERM-003,Terminal Kampung Rambutan,terminal,Terminal Bus,3,11.79,79.24,T (90°),Tampil di Citra,Matahari Terbit: Produksi listrik memuncak di pagi hari (07.00 – 11.00),56.13,79.21,77.54,23,9.2,14.93
TERM-003,Terminal Kampung Rambutan,terminal,Terminal Bus,4,6.6,88.22,T (90°),Tampil di Citra,Matahari Terbit: Produksi listrik memuncak di pagi hari (07.00 – 11.00),56.58,20.21,20.08,6,2.4,3.95
TERM-003,Terminal Kampung Rambutan,terminal,Terminal Bus,5,6.25,83.56,T (90°),Tampil di Citra,Matahari Terbit: Produksi listrik memuncak di pagi hari (07.00 – 11.00),56.74,13.95,13.87,2,0.8,1.32
TERM-003,Terminal Kampung Rambutan,terminal,Terminal Bus,6,1.81,26.17,TL (45°),Tampil di Citra,"Atap Datar (Puncak tengah hari 11.00–13.00, self-cleaning alami rendah)",56.85,132.37,132.3,44,17.6,27.02
TERM-003,Terminal Kampung Rambutan,terminal,Terminal Bus,7,8.97,327.75,BL (315°),Tampil di Citra,Menangkap sinar sore,56.7,50.66,50.04,14,5.6,7.76
TERM-003,Terminal Kampung Rambutan,terminal,Terminal Bus,8,5.89,209.71,BD (225°),Tampil di Citra,Menangkap sinar siang menjelang sore,39.37,120.81,120.17,38,15.2,18.38
TERM-004,Terminal Kalideres,terminal,Terminal Bus,0,5.17,82.87,T (90°),Tampil di Citra,Matahari Terbit: Produksi listrik memuncak di pagi hari (07.00 – 11.00),10.25,14.23,14.17,4,1.6,2.7
TERM-004,Terminal Kalideres,terminal,Terminal Bus,1,3.28,183.78,S (180°),Tampil di Citra,Optimal saat matahari condong di selatan (Oktober – Februari),10.1,20.39,20.36,7,2.8,4.62
TERM-004,Terminal Kalideres,terminal,Terminal Bus,2,3.62,59.92,TL (45°),Tampil di Citra,Menangkap sinar pagi menjelang siang,10.08,65.22,65.09,21,8.4,14.26
TERM-004,Terminal Kalideres,terminal,Terminal Bus,3,1.54,1.72,U (0°),Tampil di Citra,"Atap Datar (Puncak tengah hari 11.00–13.00, self-cleaning alami rendah)",9.98,33.0,32.99,13,5.2,8.78
TERM-004,Terminal Kalideres,terminal,Terminal Bus,4,2.0,67.47,TL (45°),Tampil di Citra,"Atap Datar (Puncak tengah hari 11.00–13.00, self-cleaning alami rendah)",9.85,24.42,24.41,7,2.8,4.74
TERM-005,Terminal Baranangsiang Bogor,terminal,Terminal Bus,0,15.86,72.97,T (90°),Tampil di Citra,Matahari Terbit: Produksi listrik memuncak di pagi hari (07.00 – 11.00),278.65,52.04,50.06,15,6.0,8.8
TERM-005,Terminal Baranangsiang Bogor,terminal,Terminal Bus,1,3.51,33.86,TL (45°),Tampil di Citra,Menangkap sinar pagi menjelang siang,271.82,175.43,175.1,59,23.6,34.9
TERM-006,Terminal Jatijajar Depok,terminal,Terminal Bus,0,9.88,106.09,T (90°),Tampil di Citra,Matahari Terbit: Produksi listrik memuncak di pagi hari (07.00 – 11.00),106.38,106.59,105.01,42,16.8,27.67
TERM-006,Terminal Jatijajar Depok,terminal,Terminal Bus,1,9.62,271.95,B (270°),Tampil di Citra,Matahari Terbenam: Produksi listrik memuncak di siang–sore (12.00 – 16.00),106.53,535.12,527.6,224,89.6,137.92
TERM-006,Terminal Jatijajar Depok,terminal,Terminal Bus,2,13.21,253.99,B (270°),Tampil di Citra,Matahari Terbenam: Produksi listrik memuncak di siang–sore (12.00 – 16.00),104.27,35.56,34.62,10,4.0,5.68
TERM-006,Terminal Jatijajar Depok,terminal,Terminal Bus,3,12.51,89.96,T (90°),Tampil di Citra,Matahari Terbit: Produksi listrik memuncak di pagi hari (07.00 – 11.00),106.26,325.65,317.91,134,53.6,88.99
TERM-006,Terminal Jatijajar Depok,terminal,Terminal Bus,4,19.98,273.33,B (270°),Tampil di Citra,Matahari Terbenam: Produksi listrik memuncak di siang–sore (12.00 – 16.00),104.57,32.72,30.75,10,4.0,5.9
TERM-006,Terminal Jatijajar Depok,terminal,Terminal Bus,5,0.14,0.0,U (0°),Tampil di Citra,"Atap Datar (Puncak tengah hari 11.00–13.00, self-cleaning alami rendah)",104.48,459.03,459.03,185,74.0,119.85
TERM-006,Terminal Jatijajar Depok,terminal,Terminal Bus,6,13.01,274.45,B (270°),Tampil di Citra,Matahari Terbenam: Produksi listrik memuncak di siang–sore (12.00 – 16.00),104.29,97.42,94.92,33,13.2,18.83
TERM-006,Terminal Jatijajar Depok,terminal,Terminal Bus,7,4.51,100.24,T (90°),Tampil di Citra,Matahari Terbit: Produksi listrik memuncak di pagi hari (07.00 – 11.00),106.84,72.53,72.31,26,10.4,17.12
TERM-006,Terminal Jatijajar Depok,terminal,Terminal Bus,8,7.79,90.27,T (90°),Tampil di Citra,Matahari Terbit: Produksi listrik memuncak di pagi hari (07.00 – 11.00),106.44,50.01,49.55,20,8.0,13.09
TERM-006,Terminal Jatijajar Depok,terminal,Terminal Bus,9,39.82,359.1,U (0°),Tampil di Citra,Optimal saat matahari condong di utara (April – Agustus),106.47,12.51,9.61,4,1.6,2.3
TERM-007,Terminal Poris Plawad Tangerang,terminal,Terminal Bus,0,3.98,153.24,TG (135°),Tampil di Citra,Menangkap sinar pagi menjelang tengah hari,12.25,142.8,142.46,54,21.6,35.09
TERM-007,Terminal Poris Plawad Tangerang,terminal,Terminal Bus,1,13.14,168.53,S (180°),Tampil di Citra,Optimal saat matahari condong di selatan (Oktober – Februari),12.72,114.41,111.41,43,17.2,26.95
TERM-007,Terminal Poris Plawad Tangerang,terminal,Terminal Bus,2,14.39,190.76,S (180°),Dieliminasi Google (0 Panel),Optimal saat matahari condong di selatan (Oktober – Februari),12.58,9.93,9.62,0,0.0,0.0
TERM-007,Terminal Poris Plawad Tangerang,terminal,Terminal Bus,3,26.23,177.76,S (180°),Tampil di Citra,Optimal saat matahari condong di selatan (Oktober – Februari),17.28,141.41,126.85,57,22.8,32.67
TERM-007,Terminal Poris Plawad Tangerang,terminal,Terminal Bus,4,23.27,167.16,S (180°),Tampil di Citra,Optimal saat matahari condong di selatan (Oktober – Februari),16.97,36.7,33.71,12,4.8,7.13
TERM-007,Terminal Poris Plawad Tangerang,terminal,Terminal Bus,5,29.25,167.38,S (180°),Tampil di Citra,Optimal saat matahari condong di selatan (Oktober – Februari),17.79,98.27,85.74,36,14.4,19.95
TERM-007,Terminal Poris Plawad Tangerang,terminal,Terminal Bus,6,23.54,267.79,B (270°),Tampil di Citra,Matahari Terbenam: Produksi listrik memuncak di siang–sore (12.00 – 16.00),17.36,45.58,41.79,13,5.2,7.48
TERM-007,Terminal Poris Plawad Tangerang,terminal,Terminal Bus,7,27.38,3.42,U (0°),Tampil di Citra,Optimal saat matahari condong di utara (April – Agustus),17.4,14.84,13.18,4,1.6,2.44
TERM-007,Terminal Poris Plawad Tangerang,terminal,Terminal Bus,8,26.84,351.36,U (0°),Tampil di Citra,Optimal saat matahari condong di utara (April – Agustus),17.78,257.31,229.59,104,41.6,63.97
TERM-008,Terminal Induk Kota Bekasi,terminal,Terminal Bus,0,17.59,228.65,BD (225°),Tampil di Citra,Menangkap sinar siang menjelang sore,32.26,53.68,51.17,17,6.8,10.47
TERM-008,Terminal Induk Kota Bekasi,terminal,Terminal Bus,1,5.9,225.08,BD (225°),Tampil di Citra,Menangkap sinar siang menjelang sore,32.76,217.57,216.42,80,32.0,51.51
AIR-001,Bandara Soekarno-Hatta (Terminal 3),airport,Bandara,0,7.7,213.02,BD (225°),Tampil di Citra,Menangkap sinar siang menjelang sore,30.62,1113.02,1102.99,468,187.2,311.1
AIR-001,Bandara Soekarno-Hatta (Terminal 3),airport,Bandara,1,3.95,225.83,BD (225°),Tampil di Citra,Menangkap sinar siang menjelang sore,28.77,872.87,870.8,345,138.0,217.03
AIR-002,Bandara Soekarno-Hatta (Terminal 2),airport,Bandara,0,20.82,161.26,S (180°),Tampil di Citra,Optimal saat matahari condong di selatan (Oktober – Februari),29.16,104.72,97.88,39,15.6,24.64
AIR-002,Bandara Soekarno-Hatta (Terminal 2),airport,Bandara,1,10.93,161.09,S (180°),Tampil di Citra,Optimal saat matahari condong di selatan (Oktober – Februari),30.65,42.47,41.7,14,5.6,9.26
AIR-002,Bandara Soekarno-Hatta (Terminal 2),airport,Bandara,2,13.54,336.45,BL (315°),Tampil di Citra,Menangkap sinar sore,30.52,107.27,104.29,43,17.2,28.79
AIR-002,Bandara Soekarno-Hatta (Terminal 2),airport,Bandara,3,9.23,121.05,TG (135°),Tampil di Citra,Menangkap sinar pagi menjelang tengah hari,30.49,24.67,24.35,6,2.4,4.08
AIR-002,Bandara Soekarno-Hatta (Terminal 2),airport,Bandara,4,16.13,65.84,TL (45°),Tampil di Citra,Menangkap sinar pagi menjelang siang,28.63,17.64,16.95,3,1.2,2.07
AIR-002,Bandara Soekarno-Hatta (Terminal 2),airport,Bandara,5,14.42,158.63,S (180°),Tampil di Citra,Optimal saat matahari condong di selatan (Oktober – Februari),30.7,101.0,97.82,40,16.0,26.06
AIR-002,Bandara Soekarno-Hatta (Terminal 2),airport,Bandara,6,14.67,68.14,T (90°),Tampil di Citra,Matahari Terbit: Produksi listrik memuncak di pagi hari (07.00 – 11.00),28.74,40.64,39.32,15,6.0,10.22
AIR-002,Bandara Soekarno-Hatta (Terminal 2),airport,Bandara,7,11.87,328.94,BL (315°),Tampil di Citra,Menangkap sinar sore,30.91,114.8,112.35,42,16.8,27.99
AIR-002,Bandara Soekarno-Hatta (Terminal 2),airport,Bandara,8,19.07,164.72,S (180°),Tampil di Citra,Optimal saat matahari condong di selatan (Oktober – Februari),28.51,203.85,192.66,81,32.4,49.46
AIR-002,Bandara Soekarno-Hatta (Terminal 2),airport,Bandara,9,10.51,50.14,TL (45°),Tampil di Citra,Menangkap sinar pagi menjelang siang,28.77,42.54,41.83,13,5.2,8.84
AIR-002,Bandara Soekarno-Hatta (Terminal 2),airport,Bandara,10,21.93,336.02,BL (315°),Tampil di Citra,Menangkap sinar sore,28.63,28.56,26.49,9,3.6,5.73
AIR-002,Bandara Soekarno-Hatta (Terminal 2),airport,Bandara,11,13.85,351.42,U (0°),Tampil di Citra,Optimal saat matahari condong di utara (April – Agustus),28.19,59.41,57.68,21,8.4,13.91
AIR-002,Bandara Soekarno-Hatta (Terminal 2),airport,Bandara,12,10.71,108.35,T (90°),Tampil di Citra,Matahari Terbit: Produksi listrik memuncak di pagi hari (07.00 – 11.00),28.82,35.7,35.08,11,4.4,7.36
AIR-002,Bandara Soekarno-Hatta (Terminal 2),airport,Bandara,13,11.97,171.6,S (180°),Tampil di Citra,Optimal saat matahari condong di selatan (Oktober – Februari),33.0,195.84,191.58,82,32.8,53.5
AIR-002,Bandara Soekarno-Hatta (Terminal 2),airport,Bandara,14,24.34,156.95,TG (135°),Tampil di Citra,Menangkap sinar pagi menjelang tengah hari,28.78,68.29,62.22,27,10.8,16.74
AIR-002,Bandara Soekarno-Hatta (Terminal 2),airport,Bandara,15,12.92,22.13,U (0°),Tampil di Citra,Optimal saat matahari condong di utara (April – Agustus),28.91,40.89,39.85,12,4.8,8.0
AIR-002,Bandara Soekarno-Hatta (Terminal 2),airport,Bandara,16,8.75,81.75,T (90°),Tampil di Citra,Matahari Terbit: Produksi listrik memuncak di pagi hari (07.00 – 11.00),15.58,86.65,85.64,31,12.4,19.71
AIR-002,Bandara Soekarno-Hatta (Terminal 2),airport,Bandara,17,15.87,336.76,BL (315°),Tampil di Citra,Menangkap sinar sore,29.26,194.16,186.76,79,31.6,50.9
AIR-002,Bandara Soekarno-Hatta (Terminal 2),airport,Bandara,18,11.01,54.6,TL (45°),Tampil di Citra,Menangkap sinar pagi menjelang siang,28.35,75.77,74.37,27,10.8,17.94
AIR-002,Bandara Soekarno-Hatta (Terminal 2),airport,Bandara,19,12.95,348.66,U (0°),Tampil di Citra,Optimal saat matahari condong di utara (April – Agustus),32.5,222.38,216.73,91,36.4,61.24
AIR-002,Bandara Soekarno-Hatta (Terminal 2),airport,Bandara,20,11.08,64.74,TL (45°),Tampil di Citra,Menangkap sinar pagi menjelang siang,27.91,34.01,33.38,11,4.4,7.34
AIR-002,Bandara Soekarno-Hatta (Terminal 2),airport,Bandara,21,9.14,206.77,BD (225°),Tampil di Citra,Menangkap sinar siang menjelang sore,28.66,33.06,32.64,8,3.2,5.11
AIR-002,Bandara Soekarno-Hatta (Terminal 2),airport,Bandara,22,11.05,49.61,TL (45°),Tampil di Citra,Menangkap sinar pagi menjelang siang,27.5,84.49,82.92,30,12.0,20.23
AIR-002,Bandara Soekarno-Hatta (Terminal 2),airport,Bandara,23,4.69,336.68,BL (315°),Tampil di Citra,Menangkap sinar sore,29.25,92.61,92.3,35,14.0,23.54
AIR-002,Bandara Soekarno-Hatta (Terminal 2),airport,Bandara,24,9.87,39.11,TL (45°),Tampil di Citra,Menangkap sinar pagi menjelang siang,15.13,66.74,65.75,22,8.8,14.06
AIR-002,Bandara Soekarno-Hatta (Terminal 2),airport,Bandara,25,9.31,349.97,U (0°),Tampil di Citra,Optimal saat matahari condong di utara (April – Agustus),28.59,106.96,105.55,40,16.0,27.14
AIR-002,Bandara Soekarno-Hatta (Terminal 2),airport,Bandara,26,15.52,44.96,TL (45°),Tampil di Citra,Menangkap sinar pagi menjelang siang,26.9,45.62,43.96,14,5.6,9.55
AIR-002,Bandara Soekarno-Hatta (Terminal 2),airport,Bandara,27,2.34,49.3,TL (45°),Tampil di Citra,"Atap Datar (Puncak tengah hari 11.00–13.00, self-cleaning alami rendah)",28.0,94.78,94.7,31,12.4,21.11
AIR-002,Bandara Soekarno-Hatta (Terminal 2),airport,Bandara,28,13.15,77.89,T (90°),Tampil di Citra,Matahari Terbit: Produksi listrik memuncak di pagi hari (07.00 – 11.00),26.32,36.77,35.81,14,5.6,9.54
AIR-002,Bandara Soekarno-Hatta (Terminal 2),airport,Bandara,29,12.25,347.91,U (0°),Tampil di Citra,Optimal saat matahari condong di utara (April – Agustus),27.46,118.69,115.99,45,18.0,30.45
AIR-002,Bandara Soekarno-Hatta (Terminal 2),airport,Bandara,30,10.65,46.64,TL (45°),Tampil di Citra,Menangkap sinar pagi menjelang siang,25.92,41.46,40.75,12,4.8,8.21
AIR-002,Bandara Soekarno-Hatta (Terminal 2),airport,Bandara,31,8.8,73.17,T (90°),Tampil di Citra,Matahari Terbit: Produksi listrik memuncak di pagi hari (07.00 – 11.00),25.86,37.02,36.58,12,4.8,8.21
AIR-002,Bandara Soekarno-Hatta (Terminal 2),airport,Bandara,32,23.79,1.32,U (0°),Tampil di Citra,Optimal saat matahari condong di utara (April – Agustus),24.86,63.04,57.68,24,9.6,15.91
AIR-003,Bandara Soekarno-Hatta (Terminal 1),airport,Bandara,0,1.02,308.13,BL (315°),Tampil di Citra,"Atap Datar (Puncak tengah hari 11.00–13.00, self-cleaning alami rendah)",8.21,1225.22,1225.03,529,211.6,334.44
AIR-004,Bandara Halim Perdanakusuma,airport,Bandara,0,2.65,171.07,S (180°),Tampil di Citra,"Atap Datar (Puncak tengah hari 11.00–13.00, self-cleaning alami rendah)",36.41,4596.99,4592.07,2183,873.2,1304.75
PKG-001,Gedung Parkir Binus University,parking,Gedung Parkir,0,0.19,0.0,U (0°),Tampil di Citra,"Atap Datar (Puncak tengah hari 11.00–13.00, self-cleaning alami rendah)",34.84,727.48,727.48,310,124.0,194.25
PKG-001,Gedung Parkir Binus University,parking,Gedung Parkir,1,3.24,356.72,U (0°),Tampil di Citra,Optimal saat matahari condong di utara (April – Agustus),38.47,134.62,134.4,60,24.0,36.56
PKG-001,Gedung Parkir Binus University,parking,Gedung Parkir,2,6.02,357.41,U (0°),Tampil di Citra,Optimal saat matahari condong di utara (April – Agustus),34.32,266.34,264.87,105,42.0,66.71
PKG-001,Gedung Parkir Binus University,parking,Gedung Parkir,3,10.57,97.91,T (90°),Tampil di Citra,Matahari Terbit: Produksi listrik memuncak di pagi hari (07.00 – 11.00),33.78,28.84,28.35,8,3.2,4.95
PKG-001,Gedung Parkir Binus University,parking,Gedung Parkir,4,0.63,0.0,U (0°),Tampil di Citra,"Atap Datar (Puncak tengah hari 11.00–13.00, self-cleaning alami rendah)",33.72,149.29,149.28,60,24.0,37.1
PKG-001,Gedung Parkir Binus University,parking,Gedung Parkir,5,4.3,236.46,BD (225°),Tampil di Citra,Menangkap sinar siang menjelang sore,36.77,96.95,96.68,36,14.4,22.21
PKG-001,Gedung Parkir Binus University,parking,Gedung Parkir,6,8.71,24.33,TL (45°),Tampil di Citra,Menangkap sinar pagi menjelang siang,38.2,31.08,30.72,9,3.6,5.59
PKG-001,Gedung Parkir Binus University,parking,Gedung Parkir,7,6.14,79.03,T (90°),Tampil di Citra,Matahari Terbit: Produksi listrik memuncak di pagi hari (07.00 – 11.00),33.94,57.5,57.17,19,7.6,12.06
PKG-001,Gedung Parkir Binus University,parking,Gedung Parkir,8,2.89,113.22,TG (135°),Tampil di Citra,"Atap Datar (Puncak tengah hari 11.00–13.00, self-cleaning alami rendah)",33.82,166.08,165.87,60,24.0,37.76
PKG-001,Gedung Parkir Binus University,parking,Gedung Parkir,9,3.44,277.18,B (270°),Tampil di Citra,Matahari Terbenam: Produksi listrik memuncak di siang–sore (12.00 – 16.00),33.65,21.84,21.8,6,2.4,3.82
PKG-001,Gedung Parkir Binus University,parking,Gedung Parkir,10,5.57,123.98,TG (135°),Tampil di Citra,Menangkap sinar pagi menjelang tengah hari,38.38,125.54,124.95,47,18.8,29.88
MALL-001,Pondok Indah Mall 1,mall,Pusat Perbelanjaan / Mall,0,4.49,254.61,B (270°),Tampil di Citra,Matahari Terbenam: Produksi listrik memuncak di siang–sore (12.00 – 16.00),39.56,14.32,14.28,3,1.2,1.9
MALL-001,Pondok Indah Mall 1,mall,Pusat Perbelanjaan / Mall,1,4.21,309.17,BL (315°),Tampil di Citra,Menangkap sinar sore,38.85,306.88,306.05,123,49.2,78.76
MALL-001,Pondok Indah Mall 1,mall,Pusat Perbelanjaan / Mall,2,8.43,15.3,U (0°),Tampil di Citra,Optimal saat matahari condong di utara (April – Agustus),39.12,26.43,26.14,8,3.2,5.01
MALL-001,Pondok Indah Mall 1,mall,Pusat Perbelanjaan / Mall,3,5.91,193.31,S (180°),Tampil di Citra,Optimal saat matahari condong di selatan (Oktober – Februari),43.12,84.02,83.57,17,6.8,9.95
MALL-001,Pondok Indah Mall 1,mall,Pusat Perbelanjaan / Mall,4,10.27,324.54,BL (315°),Tampil di Citra,Menangkap sinar sore,43.52,79.56,78.29,19,7.6,11.82
MALL-001,Pondok Indah Mall 1,mall,Pusat Perbelanjaan / Mall,5,14.93,37.13,TL (45°),Dieliminasi Google (0 Panel),Menangkap sinar pagi menjelang siang,32.96,7.44,7.19,0,0.0,0.0
MALL-001,Pondok Indah Mall 1,mall,Pusat Perbelanjaan / Mall,6,1.42,296.59,BL (315°),Tampil di Citra,"Atap Datar (Puncak tengah hari 11.00–13.00, self-cleaning alami rendah)",44.61,93.02,92.99,31,12.4,19.66
MALL-001,Pondok Indah Mall 1,mall,Pusat Perbelanjaan / Mall,7,3.63,8.9,U (0°),Tampil di Citra,Optimal saat matahari condong di utara (April – Agustus),44.48,81.8,81.64,31,12.4,19.72
MALL-001,Pondok Indah Mall 1,mall,Pusat Perbelanjaan / Mall,8,3.51,120.68,TG (135°),Tampil di Citra,Menangkap sinar pagi menjelang tengah hari,42.72,78.39,78.24,25,10.0,14.97
MALL-001,Pondok Indah Mall 1,mall,Pusat Perbelanjaan / Mall,9,7.2,307.63,BL (315°),Tampil di Citra,Menangkap sinar sore,44.75,32.58,32.32,9,3.6,5.56
MALL-001,Pondok Indah Mall 1,mall,Pusat Perbelanjaan / Mall,10,1.58,214.86,BD (225°),Tampil di Citra,"Atap Datar (Puncak tengah hari 11.00–13.00, self-cleaning alami rendah)",48.34,63.95,63.93,22,8.8,13.97
MALL-001,Pondok Indah Mall 1,mall,Pusat Perbelanjaan / Mall,11,8.92,189.05,S (180°),Tampil di Citra,Optimal saat matahari condong di selatan (Oktober – Februari),46.9,179.23,177.06,67,26.8,41.96
MALL-001,Pondok Indah Mall 1,mall,Pusat Perbelanjaan / Mall,12,2.9,107.53,T (90°),Tampil di Citra,"Atap Datar (Puncak tengah hari 11.00–13.00, self-cleaning alami rendah)",43.94,20.88,20.85,6,2.4,3.82
MALL-001,Pondok Indah Mall 1,mall,Pusat Perbelanjaan / Mall,13,8.77,185.49,S (180°),Tampil di Citra,Optimal saat matahari condong di selatan (Oktober – Februari),46.81,195.77,193.48,69,27.6,44.32
MALL-001,Pondok Indah Mall 1,mall,Pusat Perbelanjaan / Mall,14,9.38,76.08,T (90°),Tampil di Citra,Matahari Terbit: Produksi listrik memuncak di pagi hari (07.00 – 11.00),52.33,153.91,151.85,42,16.8,27.29
MALL-001,Pondok Indah Mall 1,mall,Pusat Perbelanjaan / Mall,15,7.84,345.31,U (0°),Tampil di Citra,Optimal saat matahari condong di utara (April – Agustus),44.56,59.33,58.77,16,6.4,9.9
MALL-001,Pondok Indah Mall 1,mall,Pusat Perbelanjaan / Mall,16,2.82,155.39,TG (135°),Tampil di Citra,"Atap Datar (Puncak tengah hari 11.00–13.00, self-cleaning alami rendah)",47.31,53.21,53.15,10,4.0,6.09
MALL-001,Pondok Indah Mall 1,mall,Pusat Perbelanjaan / Mall,17,8.26,267.21,B (270°),Tampil di Citra,Matahari Terbenam: Produksi listrik memuncak di siang–sore (12.00 – 16.00),45.84,278.65,275.76,110,44.0,68.92
MALL-001,Pondok Indah Mall 1,mall,Pusat Perbelanjaan / Mall,18,5.27,105.91,T (90°),Tampil di Citra,Matahari Terbit: Produksi listrik memuncak di pagi hari (07.00 – 11.00),49.09,11.2,11.15,2,0.8,1.26
MALL-001,Pondok Indah Mall 1,mall,Pusat Perbelanjaan / Mall,19,8.11,346.82,U (0°),Tampil di Citra,Optimal saat matahari condong di utara (April – Agustus),49.56,38.77,38.38,10,4.0,6.2
MALL-001,Pondok Indah Mall 1,mall,Pusat Perbelanjaan / Mall,20,2.38,72.65,T (90°),Tampil di Citra,"Atap Datar (Puncak tengah hari 11.00–13.00, self-cleaning alami rendah)",45.53,31.84,31.81,9,3.6,5.74
MALL-001,Pondok Indah Mall 1,mall,Pusat Perbelanjaan / Mall,21,1.58,281.27,B (270°),Tampil di Citra,"Atap Datar (Puncak tengah hari 11.00–13.00, self-cleaning alami rendah)",51.43,697.39,697.13,298,119.2,187.93
MALL-001,Pondok Indah Mall 1,mall,Pusat Perbelanjaan / Mall,22,3.74,84.14,T (90°),Dieliminasi Google (0 Panel),Matahari Terbit: Produksi listrik memuncak di pagi hari (07.00 – 11.00),32.58,10.55,10.53,0,0.0,0.0
MALL-001,Pondok Indah Mall 1,mall,Pusat Perbelanjaan / Mall,23,3.76,86.56,T (90°),Tampil di Citra,Matahari Terbit: Produksi listrik memuncak di pagi hari (07.00 – 11.00),38.08,61.67,61.54,16,6.4,9.48
MALL-001,Pondok Indah Mall 1,mall,Pusat Perbelanjaan / Mall,24,74.68,278.57,B (270°),Dieliminasi Google (0 Panel),Matahari Terbenam: Produksi listrik memuncak di siang–sore (12.00 – 16.00),43.59,10.03,2.65,0,0.0,0.0
MALL-001,Pondok Indah Mall 1,mall,Pusat Perbelanjaan / Mall,25,8.95,7.81,U (0°),Tampil di Citra,Optimal saat matahari condong di utara (April – Agustus),46.34,177.28,175.12,70,28.0,45.16
MALL-001,Pondok Indah Mall 1,mall,Pusat Perbelanjaan / Mall,26,8.59,70.39,T (90°),Tampil di Citra,Matahari Terbit: Produksi listrik memuncak di pagi hari (07.00 – 11.00),46.55,54.7,54.09,19,7.6,11.9
MALL-001,Pondok Indah Mall 1,mall,Pusat Perbelanjaan / Mall,27,29.29,261.11,B (270°),Tampil di Citra,Matahari Terbenam: Produksi listrik memuncak di siang–sore (12.00 – 16.00),48.3,33.35,29.09,11,4.4,6.1
MALL-001,Pondok Indah Mall 1,mall,Pusat Perbelanjaan / Mall,28,5.91,247.64,B (270°),Tampil di Citra,Matahari Terbenam: Produksi listrik memuncak di siang–sore (12.00 – 16.00),52.23,12.31,12.24,3,1.2,1.9
MALL-001,Pondok Indah Mall 1,mall,Pusat Perbelanjaan / Mall,29,6.34,177.25,S (180°),Tampil di Citra,Optimal saat matahari condong di selatan (Oktober – Februari),47.71,60.68,60.31,20,8.0,12.41
MALL-001,Pondok Indah Mall 1,mall,Pusat Perbelanjaan / Mall,30,1.12,24.16,TL (45°),Tampil di Citra,"Atap Datar (Puncak tengah hari 11.00–13.00, self-cleaning alami rendah)",45.04,580.54,580.43,201,80.4,125.68
MALL-001,Pondok Indah Mall 1,mall,Pusat Perbelanjaan / Mall,31,1.65,153.38,TG (135°),Tampil di Citra,"Atap Datar (Puncak tengah hari 11.00–13.00, self-cleaning alami rendah)",38.53,529.22,529.0,216,86.4,138.95
MALL-001,Pondok Indah Mall 1,mall,Pusat Perbelanjaan / Mall,32,8.45,296.17,BL (315°),Tampil di Citra,Menangkap sinar sore,47.48,97.79,96.73,29,11.6,18.62
MALL-001,Pondok Indah Mall 1,mall,Pusat Perbelanjaan / Mall,33,14.81,353.32,U (0°),Tampil di Citra,Optimal saat matahari condong di utara (April – Agustus),47.78,73.81,71.36,28,11.2,18.02
MALL-001,Pondok Indah Mall 1,mall,Pusat Perbelanjaan / Mall,34,5.16,115.87,TG (135°),Tampil di Citra,Menangkap sinar pagi menjelang tengah hari,36.49,28.84,28.72,9,3.6,5.3
MALL-001,Pondok Indah Mall 1,mall,Pusat Perbelanjaan / Mall,35,11.07,338.91,U (0°),Tampil di Citra,Optimal saat matahari condong di utara (April – Agustus),49.77,32.16,31.56,10,4.0,6.43
MALL-001,Pondok Indah Mall 1,mall,Pusat Perbelanjaan / Mall,36,6.53,53.74,TL (45°),Tampil di Citra,Menangkap sinar pagi menjelang siang,45.51,62.83,62.42,20,8.0,12.83
MALL-001,Pondok Indah Mall 1,mall,Pusat Perbelanjaan / Mall,37,4.96,320.99,BL (315°),Tampil di Citra,Menangkap sinar sore,48.64,113.97,113.54,28,11.2,17.91
MALL-001,Pondok Indah Mall 1,mall,Pusat Perbelanjaan / Mall,38,7.28,99.21,T (90°),Tampil di Citra,Matahari Terbit: Produksi listrik memuncak di pagi hari (07.00 – 11.00),32.74,86.44,85.74,24,9.6,15.09
MALL-001,Pondok Indah Mall 1,mall,Pusat Perbelanjaan / Mall,39,13.31,182.68,S (180°),Tampil di Citra,Optimal saat matahari condong di selatan (Oktober – Februari),46.49,22.13,21.54,6,2.4,3.7
MALL-001,Pondok Indah Mall 1,mall,Pusat Perbelanjaan / Mall,40,12.68,357.37,U (0°),Tampil di Citra,Optimal saat matahari condong di utara (April – Agustus),46.46,30.19,29.45,10,4.0,6.46
MALL-001,Pondok Indah Mall 1,mall,Pusat Perbelanjaan / Mall,41,4.37,140.66,TG (135°),Tampil di Citra,Menangkap sinar pagi menjelang tengah hari,32.67,56.15,55.99,18,7.2,10.59
MALL-001,Pondok Indah Mall 1,mall,Pusat Perbelanjaan / Mall,42,3.92,348.16,U (0°),Tampil di Citra,Optimal saat matahari condong di utara (April – Agustus),45.83,20.26,20.21,6,2.4,3.76
MALL-001,Pondok Indah Mall 1,mall,Pusat Perbelanjaan / Mall,43,3.97,283.59,B (270°),Tampil di Citra,Matahari Terbenam: Produksi listrik memuncak di siang–sore (12.00 – 16.00),48.84,291.77,291.07,110,44.0,70.23
MALL-001,Pondok Indah Mall 1,mall,Pusat Perbelanjaan / Mall,44,3.12,282.1,B (270°),Tampil di Citra,Matahari Terbenam: Produksi listrik memuncak di siang–sore (12.00 – 16.00),49.69,32.07,32.02,9,3.6,5.84
MALL-001,Pondok Indah Mall 1,mall,Pusat Perbelanjaan / Mall,45,19.79,265.89,B (270°),Tampil di Citra,Matahari Terbenam: Produksi listrik memuncak di siang–sore (12.00 – 16.00),35.13,46.69,43.93,19,7.6,10.01
MALL-001,Pondok Indah Mall 1,mall,Pusat Perbelanjaan / Mall,46,0.49,0.0,U (0°),Tampil di Citra,"Atap Datar (Puncak tengah hari 11.00–13.00, self-cleaning alami rendah)",46.15,756.01,755.98,356,142.4,229.01
MALL-001,Pondok Indah Mall 1,mall,Pusat Perbelanjaan / Mall,47,18.64,268.02,B (270°),Tampil di Citra,Matahari Terbenam: Produksi listrik memuncak di siang–sore (12.00 – 16.00),33.01,17.57,16.65,6,2.4,3.27
MALL-001,Pondok Indah Mall 1,mall,Pusat Perbelanjaan / Mall,48,10.78,277.01,B (270°),Tampil di Citra,Matahari Terbenam: Produksi listrik memuncak di siang–sore (12.00 – 16.00),48.14,95.29,93.61,36,14.4,22.57
MALL-001,Pondok Indah Mall 1,mall,Pusat Perbelanjaan / Mall,49,4.8,322.29,BL (315°),Tampil di Citra,Menangkap sinar sore,47.0,189.88,189.21,60,24.0,37.9
MALL-001,Pondok Indah Mall 1,mall,Pusat Perbelanjaan / Mall,50,7.57,286.78,B (270°),Tampil di Citra,Matahari Terbenam: Produksi listrik memuncak di siang–sore (12.00 – 16.00),45.87,142.03,140.79,39,15.6,24.68
MALL-001,Pondok Indah Mall 1,mall,Pusat Perbelanjaan / Mall,51,4.05,120.05,TG (135°),Tampil di Citra,Menangkap sinar pagi menjelang tengah hari,45.39,65.35,65.19,18,7.2,11.83
MALL-001,Pondok Indah Mall 1,mall,Pusat Perbelanjaan / Mall,52,4.01,274.61,B (270°),Tampil di Citra,Matahari Terbenam: Produksi listrik memuncak di siang–sore (12.00 – 16.00),47.71,17.43,17.39,5,2.0,3.2
MALL-001,Pondok Indah Mall 1,mall,Pusat Perbelanjaan / Mall,53,4.3,337.63,U (0°),Tampil di Citra,Optimal saat matahari condong di utara (April – Agustus),49.59,51.73,51.58,15,6.0,9.69
MALL-001,Pondok Indah Mall 1,mall,Pusat Perbelanjaan / Mall,54,4.15,285.22,B (270°),Tampil di Citra,Matahari Terbenam: Produksi listrik memuncak di siang–sore (12.00 – 16.00),35.11,150.14,149.75,59,23.6,37.1
MALL-001,Pondok Indah Mall 1,mall,Pusat Perbelanjaan / Mall,55,15.4,348.87,U (0°),Tampil di Citra,Optimal saat matahari condong di utara (April – Agustus),46.99,87.01,83.89,32,12.8,20.35
MALL-001,Pondok Indah Mall 1,mall,Pusat Perbelanjaan / Mall,56,3.89,330.05,BL (315°),Tampil di Citra,Menangkap sinar sore,45.83,267.8,267.18,85,34.0,55.45
MALL-001,Pondok Indah Mall 1,mall,Pusat Perbelanjaan / Mall,57,6.71,286.41,B (270°),Tampil di Citra,Matahari Terbenam: Produksi listrik memuncak di siang–sore (12.00 – 16.00),46.69,240.14,238.49,84,33.6,53.06
MALL-001,Pondok Indah Mall 1,mall,Pusat Perbelanjaan / Mall,58,7.48,211.14,BD (225°),Dieliminasi Google (0 Panel),Menangkap sinar siang menjelang sore,46.18,4.83,4.79,0,0.0,0.0
MALL-001,Pondok Indah Mall 1,mall,Pusat Perbelanjaan / Mall,59,7.85,79.35,T (90°),Tampil di Citra,Matahari Terbit: Produksi listrik memuncak di pagi hari (07.00 – 11.00),42.38,175.62,173.97,43,17.2,27.16
MALL-001,Pondok Indah Mall 1,mall,Pusat Perbelanjaan / Mall,60,2.21,286.86,B (270°),Tampil di Citra,"Atap Datar (Puncak tengah hari 11.00–13.00, self-cleaning alami rendah)",47.23,161.81,161.69,58,23.2,37.12
MALL-001,Pondok Indah Mall 1,mall,Pusat Perbelanjaan / Mall,61,15.5,348.61,U (0°),Tampil di Citra,Optimal saat matahari condong di utara (April – Agustus),46.31,60.02,57.84,20,8.0,12.71
MALL-001,Pondok Indah Mall 1,mall,Pusat Perbelanjaan / Mall,62,3.77,174.23,S (180°),Dieliminasi Google (0 Panel),Optimal saat matahari condong di selatan (Oktober – Februari),45.86,3.06,3.05,0,0.0,0.0
MALL-001,Pondok Indah Mall 1,mall,Pusat Perbelanjaan / Mall,63,7.97,133.89,TG (135°),Tampil di Citra,Menangkap sinar pagi menjelang tengah hari,38.06,30.19,29.9,2,0.8,1.14
MALL-001,Pondok Indah Mall 1,mall,Pusat Perbelanjaan / Mall,64,3.2,169.32,S (180°),Tampil di Citra,Optimal saat matahari condong di selatan (Oktober – Februari),42.9,84.07,83.94,19,7.6,12.06
MALL-001,Pondok Indah Mall 1,mall,Pusat Perbelanjaan / Mall,65,5.9,256.89,B (270°),Tampil di Citra,Matahari Terbenam: Produksi listrik memuncak di siang–sore (12.00 – 16.00),30.38,31.71,31.54,11,4.4,6.56
MALL-001,Pondok Indah Mall 1,mall,Pusat Perbelanjaan / Mall,66,16.8,175.97,S (180°),Tampil di Citra,Optimal saat matahari condong di selatan (Oktober – Februari),45.81,132.65,126.99,51,20.4,31.17
MALL-001,Pondok Indah Mall 1,mall,Pusat Perbelanjaan / Mall,67,0.91,0.0,U (0°),Tampil di Citra,"Atap Datar (Puncak tengah hari 11.00–13.00, self-cleaning alami rendah)",32.32,375.17,375.12,143,57.2,89.53
MALL-001,Pondok Indah Mall 1,mall,Pusat Perbelanjaan / Mall,68,3.95,191.57,S (180°),Tampil di Citra,Optimal saat matahari condong di selatan (Oktober – Februari),45.71,75.85,75.67,21,8.4,12.54
MALL-001,Pondok Indah Mall 1,mall,Pusat Perbelanjaan / Mall,69,1.65,161.15,S (180°),Tampil di Citra,"Atap Datar (Puncak tengah hari 11.00–13.00, self-cleaning alami rendah)",42.68,85.04,85.0,25,10.0,16.02
MALL-001,Pondok Indah Mall 1,mall,Pusat Perbelanjaan / Mall,70,4.07,72.64,T (90°),Tampil di Citra,Matahari Terbit: Produksi listrik memuncak di pagi hari (07.00 – 11.00),46.02,228.1,227.52,59,23.6,37.3
MALL-001,Pondok Indah Mall 1,mall,Pusat Perbelanjaan / Mall,71,4.34,28.75,TL (45°),Tampil di Citra,Menangkap sinar pagi menjelang siang,42.71,151.25,150.82,44,17.6,27.49
MALL-001,Pondok Indah Mall 1,mall,Pusat Perbelanjaan / Mall,72,3.68,96.64,T (90°),Tampil di Citra,Matahari Terbit: Produksi listrik memuncak di pagi hari (07.00 – 11.00),45.29,303.89,303.26,107,42.8,69.85
MALL-001,Pondok Indah Mall 1,mall,Pusat Perbelanjaan / Mall,73,1.75,72.91,T (90°),Tampil di Citra,"Atap Datar (Puncak tengah hari 11.00–13.00, self-cleaning alami rendah)",45.69,75.21,75.17,14,5.6,9.03
MALL-001,Pondok Indah Mall 1,mall,Pusat Perbelanjaan / Mall,74,1.67,29.11,TL (45°),Tampil di Citra,"Atap Datar (Puncak tengah hari 11.00–13.00, self-cleaning alami rendah)",44.88,817.48,817.13,312,124.8,202.47
MALL-001,Pondok Indah Mall 1,mall,Pusat Perbelanjaan / Mall,75,4.81,268.02,B (270°),Tampil di Citra,Matahari Terbenam: Produksi listrik memuncak di siang–sore (12.00 – 16.00),44.6,79.01,78.73,27,10.8,16.76
MALL-001,Pondok Indah Mall 1,mall,Pusat Perbelanjaan / Mall,76,7.93,268.48,B (270°),Tampil di Citra,Matahari Terbenam: Produksi listrik memuncak di siang–sore (12.00 – 16.00),46.53,74.23,73.52,12,4.8,7.51
MALL-001,Pondok Indah Mall 1,mall,Pusat Perbelanjaan / Mall,77,2.4,291.92,B (270°),Tampil di Citra,"Atap Datar (Puncak tengah hari 11.00–13.00, self-cleaning alami rendah)",44.52,327.77,327.48,111,44.4,69.7
MALL-001,Pondok Indah Mall 1,mall,Pusat Perbelanjaan / Mall,78,6.04,177.0,S (180°),Tampil di Citra,Optimal saat matahari condong di selatan (Oktober – Februari),44.55,509.78,506.95,214,85.6,135.84
MALL-001,Pondok Indah Mall 1,mall,Pusat Perbelanjaan / Mall,79,1.05,167.08,S (180°),Tampil di Citra,"Atap Datar (Puncak tengah hari 11.00–13.00, self-cleaning alami rendah)",44.91,523.6,523.51,199,79.6,127.3
MALL-001,Pondok Indah Mall 1,mall,Pusat Perbelanjaan / Mall,80,1.81,294.33,BL (315°),Tampil di Citra,"Atap Datar (Puncak tengah hari 11.00–13.00, self-cleaning alami rendah)",45.21,536.54,536.27,199,79.6,126.88
MALL-001,Pondok Indah Mall 1,mall,Pusat Perbelanjaan / Mall,81,1.43,113.58,TG (135°),Tampil di Citra,"Atap Datar (Puncak tengah hari 11.00–13.00, self-cleaning alami rendah)",45.33,653.5,653.3,254,101.6,165.21
MALL-001,Pondok Indah Mall 1,mall,Pusat Perbelanjaan / Mall,82,2.87,281.26,B (270°),Tampil di Citra,"Atap Datar (Puncak tengah hari 11.00–13.00, self-cleaning alami rendah)",45.13,361.76,361.31,134,53.6,85.75
MALL-001,Pondok Indah Mall 1,mall,Pusat Perbelanjaan / Mall,83,2.28,16.65,U (0°),Tampil di Citra,"Atap Datar (Puncak tengah hari 11.00–13.00, self-cleaning alami rendah)",45.42,240.07,239.88,75,30.0,47.26
MALL-001,Pondok Indah Mall 1,mall,Pusat Perbelanjaan / Mall,84,8.95,258.2,B (270°),Dieliminasi Google (0 Panel),Matahari Terbenam: Produksi listrik memuncak di siang–sore (12.00 – 16.00),45.58,5.62,5.55,0,0.0,0.0
MALL-001,Pondok Indah Mall 1,mall,Pusat Perbelanjaan / Mall,85,1.69,218.56,BD (225°),Tampil di Citra,"Atap Datar (Puncak tengah hari 11.00–13.00, self-cleaning alami rendah)",45.59,612.99,612.72,241,96.4,155.28
MALL-001,Pondok Indah Mall 1,mall,Pusat Perbelanjaan / Mall,86,1.96,117.5,TG (135°),Tampil di Citra,"Atap Datar (Puncak tengah hari 11.00–13.00, self-cleaning alami rendah)",45.85,103.28,103.22,31,12.4,19.95
MALL-001,Pondok Indah Mall 1,mall,Pusat Perbelanjaan / Mall,87,4.39,122.05,TG (135°),Tampil di Citra,Menangkap sinar pagi menjelang tengah hari,44.79,29.56,29.47,8,3.2,5.18
MALL-001,Pondok Indah Mall 1,mall,Pusat Perbelanjaan / Mall,88,0.31,0.0,U (0°),Tampil di Citra,"Atap Datar (Puncak tengah hari 11.00–13.00, self-cleaning alami rendah)",44.68,27.05,27.05,8,3.2,5.16
MALL-001,Pondok Indah Mall 1,mall,Pusat Perbelanjaan / Mall,89,4.15,312.56,BL (315°),Tampil di Citra,Menangkap sinar sore,45.05,215.09,214.53,70,28.0,44.49
MALL-001,Pondok Indah Mall 1,mall,Pusat Perbelanjaan / Mall,90,7.58,315.36,BL (315°),Tampil di Citra,Menangkap sinar sore,46.56,186.74,185.11,37,14.8,23.31
MALL-001,Pondok Indah Mall 1,mall,Pusat Perbelanjaan / Mall,91,3.15,173.11,S (180°),Tampil di Citra,Optimal saat matahari condong di selatan (Oktober – Februari),44.78,44.92,44.85,14,5.6,9.01
MALL-001,Pondok Indah Mall 1,mall,Pusat Perbelanjaan / Mall,92,1.87,115.19,TG (135°),Tampil di Citra,"Atap Datar (Puncak tengah hari 11.00–13.00, self-cleaning alami rendah)",46.42,57.26,57.23,10,4.0,6.19
MALL-001,Pondok Indah Mall 1,mall,Pusat Perbelanjaan / Mall,93,5.04,199.34,S (180°),Tampil di Citra,Optimal saat matahari condong di selatan (Oktober – Februari),46.87,31.92,31.8,9,3.6,5.77
MALL-001,Pondok Indah Mall 1,mall,Pusat Perbelanjaan / Mall,94,0.58,0.0,U (0°),Tampil di Citra,"Atap Datar (Puncak tengah hari 11.00–13.00, self-cleaning alami rendah)",44.94,205.09,205.08,81,32.4,52.43
MALL-001,Pondok Indah Mall 1,mall,Pusat Perbelanjaan / Mall,95,7.35,101.29,T (90°),Tampil di Citra,Matahari Terbit: Produksi listrik memuncak di pagi hari (07.00 – 11.00),45.24,36.45,36.15,6,2.4,3.84
MALL-001,Pondok Indah Mall 1,mall,Pusat Perbelanjaan / Mall,96,1.11,169.99,S (180°),Tampil di Citra,"Atap Datar (Puncak tengah hari 11.00–13.00, self-cleaning alami rendah)",42.85,202.86,202.82,63,25.2,39.09
MALL-001,Pondok Indah Mall 1,mall,Pusat Perbelanjaan / Mall,97,2.81,324.58,BL (315°),Tampil di Citra,"Atap Datar (Puncak tengah hari 11.00–13.00, self-cleaning alami rendah)",45.53,104.58,104.45,28,11.2,17.92
MALL-001,Pondok Indah Mall 1,mall,Pusat Perbelanjaan / Mall,98,3.95,254.26,B (270°),Tampil di Citra,Matahari Terbenam: Produksi listrik memuncak di siang–sore (12.00 – 16.00),44.0,91.46,91.24,9,3.6,5.31
MALL-001,Pondok Indah Mall 1,mall,Pusat Perbelanjaan / Mall,99,0.51,0.0,U (0°),Tampil di Citra,"Atap Datar (Puncak tengah hari 11.00–13.00, self-cleaning alami rendah)",43.58,161.51,161.5,60,24.0,37.59
MALL-001,Pondok Indah Mall 1,mall,Pusat Perbelanjaan / Mall,100,50.77,262.52,B (270°),Dieliminasi Google (0 Panel),Matahari Terbenam: Produksi listrik memuncak di siang–sore (12.00 – 16.00),44.75,2.09,1.32,0,0.0,0.0
RS-007,RSUD Tarakan Jakarta,hospital,Rumah Sakit,0,7.8,141.49,TG (135°),Tampil di Citra,Menangkap sinar pagi menjelang tengah hari,37.52,480.2,475.76,191,76.4,118.24
RS-007,RSUD Tarakan Jakarta,hospital,Rumah Sakit,1,27.75,167.44,S (180°),Tampil di Citra,Optimal saat matahari condong di selatan (Oktober – Februari),35.06,15.3,13.54,4,1.6,2.25
RS-007,RSUD Tarakan Jakarta,hospital,Rumah Sakit,2,9.27,145.11,TG (135°),Tampil di Citra,Menangkap sinar pagi menjelang tengah hari,37.22,11.64,11.49,3,1.2,1.89
RS-007,RSUD Tarakan Jakarta,hospital,Rumah Sakit,3,21.94,165.04,S (180°),Tampil di Citra,Optimal saat matahari condong di selatan (Oktober – Februari),39.31,88.9,82.46,31,12.4,18.54
RS-007,RSUD Tarakan Jakarta,hospital,Rumah Sakit,4,23.74,188.21,S (180°),Dieliminasi Google (0 Panel),Optimal saat matahari condong di selatan (Oktober – Februari),37.49,10.23,9.36,0,0.0,0.0
RS-007,RSUD Tarakan Jakarta,hospital,Rumah Sakit,5,7.85,120.61,TG (135°),Tampil di Citra,Menangkap sinar pagi menjelang tengah hari,37.46,21.32,21.12,5,2.0,3.21
RS-007,RSUD Tarakan Jakarta,hospital,Rumah Sakit,6,5.29,108.96,T (90°),Tampil di Citra,Matahari Terbit: Produksi listrik memuncak di pagi hari (07.00 – 11.00),37.87,15.34,15.27,4,1.6,2.59
RS-007,RSUD Tarakan Jakarta,hospital,Rumah Sakit,7,16.96,175.67,S (180°),Tampil di Citra,Optimal saat matahari condong di selatan (Oktober – Februari),32.51,33.58,32.12,12,4.8,7.37
RS-007,RSUD Tarakan Jakarta,hospital,Rumah Sakit,8,3.42,168.17,S (180°),Tampil di Citra,Optimal saat matahari condong di selatan (Oktober – Februari),37.89,24.99,24.95,8,3.2,5.1
RS-007,RSUD Tarakan Jakarta,hospital,Rumah Sakit,9,6.88,186.42,S (180°),Tampil di Citra,Optimal saat matahari condong di selatan (Oktober – Februari),33.9,169.11,167.89,67,26.8,42.18
RS-007,RSUD Tarakan Jakarta,hospital,Rumah Sakit,10,6.64,187.19,S (180°),Tampil di Citra,Optimal saat matahari condong di selatan (Oktober – Februari),20.24,137.63,136.71,36,14.4,21.7
RS-007,RSUD Tarakan Jakarta,hospital,Rumah Sakit,11,12.17,222.13,BD (225°),Tampil di Citra,Menangkap sinar siang menjelang sore,23.31,71.77,70.16,24,9.6,14.99
RS-007,RSUD Tarakan Jakarta,hospital,Rumah Sakit,12,4.83,202.4,S (180°),Tampil di Citra,Optimal saat matahari condong di selatan (Oktober – Februari),21.29,24.58,24.49,7,2.8,4.41
RS-007,RSUD Tarakan Jakarta,hospital,Rumah Sakit,13,8.48,125.68,TG (135°),Tampil di Citra,Menangkap sinar pagi menjelang tengah hari,21.24,20.35,20.13,5,2.0,3.23
MKT-001,Pasar Mayestik Kebayoran Baru,market,Pasar Tradisional,0,24.32,192.27,S (180°),Tampil di Citra,Optimal saat matahari condong di selatan (Oktober – Februari),38.61,38.37,34.97,12,4.8,6.81
MKT-001,Pasar Mayestik Kebayoran Baru,market,Pasar Tradisional,1,11.7,102.54,T (90°),Tampil di Citra,Matahari Terbit: Produksi listrik memuncak di pagi hari (07.00 – 11.00),38.73,44.34,43.42,14,5.6,9.0
MKT-001,Pasar Mayestik Kebayoran Baru,market,Pasar Tradisional,2,7.35,276.02,B (270°),Tampil di Citra,Matahari Terbenam: Produksi listrik memuncak di siang–sore (12.00 – 16.00),38.21,48.61,48.21,19,7.6,11.34
MKT-001,Pasar Mayestik Kebayoran Baru,market,Pasar Tradisional,3,18.46,279.41,B (270°),Tampil di Citra,Matahari Terbenam: Produksi listrik memuncak di siang–sore (12.00 – 16.00),39.39,14.96,14.19,4,1.6,2.39
MKT-001,Pasar Mayestik Kebayoran Baru,market,Pasar Tradisional,4,15.95,13.53,U (0°),Tampil di Citra,Optimal saat matahari condong di utara (April – Agustus),39.18,13.53,13.01,3,1.2,1.95
MKT-001,Pasar Mayestik Kebayoran Baru,market,Pasar Tradisional,5,3.03,263.19,B (270°),Tampil di Citra,Matahari Terbenam: Produksi listrik memuncak di siang–sore (12.00 – 16.00),38.92,23.71,23.68,8,3.2,5.02
MKT-001,Pasar Mayestik Kebayoran Baru,market,Pasar Tradisional,6,8.32,158.13,S (180°),Tampil di Citra,Optimal saat matahari condong di selatan (Oktober – Februari),39.72,94.14,93.15,33,13.2,20.86
UNIV-001,Perpustakaan Pusat UI Depok,university,Universitas / Kampus,0,23.4,171.78,S (180°),Tampil di Citra,Optimal saat matahari condong di selatan (Oktober – Februari),90.81,362.47,332.67,148,59.2,81.54
UNIV-001,Perpustakaan Pusat UI Depok,university,Universitas / Kampus,1,26.24,177.8,S (180°),Tampil di Citra,Optimal saat matahari condong di selatan (Oktober – Februari),89.32,145.92,130.89,60,24.0,32.69
UNIV-001,Perpustakaan Pusat UI Depok,university,Universitas / Kampus,2,37.87,278.72,B (270°),Tampil di Citra,Matahari Terbenam: Produksi listrik memuncak di siang–sore (12.00 – 16.00),90.14,64.5,50.91,23,9.2,11.82
UNIV-001,Perpustakaan Pusat UI Depok,university,Universitas / Kampus,3,30.86,82.98,T (90°),Tampil di Citra,Matahari Terbit: Produksi listrik memuncak di pagi hari (07.00 – 11.00),88.51,55.53,47.67,20,8.0,11.79
UNIV-001,Perpustakaan Pusat UI Depok,university,Universitas / Kampus,4,29.66,2.95,U (0°),Tampil di Citra,Optimal saat matahari condong di utara (April – Agustus),91.41,152.01,132.09,60,24.0,37.07
UNIV-001,Perpustakaan Pusat UI Depok,university,Universitas / Kampus,5,30.82,4.81,U (0°),Tampil di Citra,Optimal saat matahari condong di utara (April – Agustus),89.8,169.5,145.56,68,27.2,42.06
UNIV-001,Perpustakaan Pusat UI Depok,university,Universitas / Kampus,6,18.49,271.09,B (270°),Tampil di Citra,Matahari Terbenam: Produksi listrik memuncak di siang–sore (12.00 – 16.00),82.78,25.41,24.1,9,3.6,4.99
UNIV-001,Perpustakaan Pusat UI Depok,university,Universitas / Kampus,7,30.6,95.94,T (90°),Tampil di Citra,Matahari Terbit: Produksi listrik memuncak di pagi hari (07.00 – 11.00),82.61,26.7,22.98,9,3.6,5.43
UNIV-001,Perpustakaan Pusat UI Depok,university,Universitas / Kampus,8,29.6,180.75,S (180°),Tampil di Citra,Optimal saat matahari condong di selatan (Oktober – Februari),83.13,77.17,67.1,29,11.6,15.93
UNIV-001,Perpustakaan Pusat UI Depok,university,Universitas / Kampus,9,30.1,269.77,B (270°),Tampil di Citra,Matahari Terbenam: Produksi listrik memuncak di siang–sore (12.00 – 16.00),83.05,156.93,135.77,66,26.4,35.47
UNIV-001,Perpustakaan Pusat UI Depok,university,Universitas / Kampus,10,29.26,182.58,S (180°),Tampil di Citra,Optimal saat matahari condong di selatan (Oktober – Februari),85.65,140.42,122.5,53,21.2,29.32
UNIV-001,Perpustakaan Pusat UI Depok,university,Universitas / Kampus,11,38.08,91.63,T (90°),Tampil di Citra,Matahari Terbit: Produksi listrik memuncak di pagi hari (07.00 – 11.00),83.16,163.43,128.64,63,25.2,37.85
UNIV-001,Perpustakaan Pusat UI Depok,university,Universitas / Kampus,12,31.9,90.47,T (90°),Tampil di Citra,Matahari Terbit: Produksi listrik memuncak di pagi hari (07.00 – 11.00),86.05,141.98,120.53,61,24.4,37.73
UNIV-001,Perpustakaan Pusat UI Depok,university,Universitas / Kampus,13,30.45,271.29,B (270°),Tampil di Citra,Matahari Terbenam: Produksi listrik memuncak di siang–sore (12.00 – 16.00),85.36,136.93,118.04,53,21.2,28.51
UNIV-001,Perpustakaan Pusat UI Depok,university,Universitas / Kampus,14,29.11,359.86,U (0°),Tampil di Citra,Optimal saat matahari condong di utara (April – Agustus),85.87,87.76,76.68,33,13.2,20.28
UNIV-001,Perpustakaan Pusat UI Depok,university,Universitas / Kampus,15,35.13,272.03,B (270°),Tampil di Citra,Matahari Terbenam: Produksi listrik memuncak di siang–sore (12.00 – 16.00),86.09,91.3,74.67,36,14.4,18.89
UNIV-001,Perpustakaan Pusat UI Depok,university,Universitas / Kampus,16,31.06,91.04,T (90°),Tampil di Citra,Matahari Terbit: Produksi listrik memuncak di pagi hari (07.00 – 11.00),85.78,86.67,74.25,32,12.8,20.02
UNIV-001,Perpustakaan Pusat UI Depok,university,Universitas / Kampus,17,31.01,0.67,U (0°),Tampil di Citra,Optimal saat matahari condong di utara (April – Agustus),83.36,39.05,33.47,13,5.2,7.76
UNIV-001,Perpustakaan Pusat UI Depok,university,Universitas / Kampus,18,32.65,274.14,B (270°),Tampil di Citra,Matahari Terbenam: Produksi listrik memuncak di siang–sore (12.00 – 16.00),83.36,44.0,37.05,15,6.0,8.07
UNIV-001,Perpustakaan Pusat UI Depok,university,Universitas / Kampus,19,29.82,91.0,T (90°),Tampil di Citra,Matahari Terbit: Produksi listrik memuncak di pagi hari (07.00 – 11.00),83.39,41.79,36.26,14,5.6,8.78
UNIV-001,Perpustakaan Pusat UI Depok,university,Universitas / Kampus,20,31.52,174.07,S (180°),Tampil di Citra,Optimal saat matahari condong di selatan (Oktober – Februari),83.24,41.81,35.64,13,5.2,7.01
UNIV-001,Perpustakaan Pusat UI Depok,university,Universitas / Kampus,21,26.86,182.03,S (180°),Tampil di Citra,Optimal saat matahari condong di selatan (Oktober – Februari),85.83,91.84,81.93,36,14.4,20.27
UNIV-001,Perpustakaan Pusat UI Depok,university,Universitas / Kampus,22,26.61,0.01,U (0°),Tampil di Citra,Optimal saat matahari condong di utara (April – Agustus),85.66,137.15,122.62,56,22.4,34.65
UNIV-001,Perpustakaan Pusat UI Depok,university,Universitas / Kampus,23,33.58,1.83,U (0°),Tampil di Citra,Optimal saat matahari condong di utara (April – Agustus),82.65,50.22,41.84,18,7.2,10.63
UNIV-001,Perpustakaan Pusat UI Depok,university,Universitas / Kampus,24,32.3,0.56,U (0°),Tampil di Citra,Optimal saat matahari condong di utara (April – Agustus),83.79,51.32,43.38,19,7.6,11.39
UNIV-001,Perpustakaan Pusat UI Depok,university,Universitas / Kampus,25,34.56,93.3,T (90°),Tampil di Citra,Matahari Terbit: Produksi listrik memuncak di pagi hari (07.00 – 11.00),82.98,32.82,27.03,11,4.4,5.87
UNIV-001,Perpustakaan Pusat UI Depok,university,Universitas / Kampus,26,27.44,265.88,B (270°),Tampil di Citra,Matahari Terbenam: Produksi listrik memuncak di siang–sore (12.00 – 16.00),83.99,28.38,25.19,10,4.0,5.39
UNIV-001,Perpustakaan Pusat UI Depok,university,Universitas / Kampus,27,25.62,262.21,B (270°),Tampil di Citra,Matahari Terbenam: Produksi listrik memuncak di siang–sore (12.00 – 16.00),83.79,26.24,23.66,9,3.6,4.88
UNIV-001,Perpustakaan Pusat UI Depok,university,Universitas / Kampus,28,28.22,87.16,T (90°),Tampil di Citra,Matahari Terbit: Produksi listrik memuncak di pagi hari (07.00 – 11.00),83.77,30.47,26.85,11,4.4,6.29
SCH-001,SMAN 70 Jakarta Bulungan,school,Sekolah Menengah,0,35.99,112.8,TG (135°),Tampil di Citra,Menangkap sinar pagi menjelang tengah hari,29.18,18.2,14.73,4,1.6,2.39
SCH-001,SMAN 70 Jakarta Bulungan,school,Sekolah Menengah,1,25.01,151.6,TG (135°),Tampil di Citra,Menangkap sinar pagi menjelang tengah hari,31.31,50.61,45.87,17,6.8,9.83
SCH-001,SMAN 70 Jakarta Bulungan,school,Sekolah Menengah,2,17.5,143.39,TG (135°),Tampil di Citra,Menangkap sinar pagi menjelang tengah hari,28.47,9.32,8.89,2,0.8,1.2
SCH-001,SMAN 70 Jakarta Bulungan,school,Sekolah Menengah,3,19.5,258.12,B (270°),Tampil di Citra,Matahari Terbenam: Produksi listrik memuncak di siang–sore (12.00 – 16.00),31.65,42.99,40.52,13,5.2,7.58
SCH-001,SMAN 70 Jakarta Bulungan,school,Sekolah Menengah,4,30.27,66.65,TL (45°),Tampil di Citra,Menangkap sinar pagi menjelang siang,31.06,61.47,53.09,20,8.0,12.55
SCH-001,SMAN 70 Jakarta Bulungan,school,Sekolah Menengah,5,27.21,335.56,BL (315°),Tampil di Citra,Menangkap sinar sore,31.35,33.91,30.16,11,4.4,6.29
SCH-001,SMAN 70 Jakarta Bulungan,school,Sekolah Menengah,6,12.64,336.23,BL (315°),Tampil di Citra,Menangkap sinar sore,26.61,15.98,15.59,5,2.0,3.13
STD-001,Istora Senayan GBK,stadium,Stadion & GOR,0,3.0,131.65,TG (135°),Tampil di Citra,Menangkap sinar pagi menjelang tengah hari,15.65,685.19,684.25,262,104.8,168.16
STD-001,Istora Senayan GBK,stadium,Stadion & GOR,1,5.81,184.2,S (180°),Tampil di Citra,Optimal saat matahari condong di selatan (Oktober – Februari),15.81,16.1,16.02,4,1.6,2.54
STD-001,Istora Senayan GBK,stadium,Stadion & GOR,2,4.2,162.82,S (180°),Tampil di Citra,Optimal saat matahari condong di selatan (Oktober – Februari),16.32,107.94,107.65,40,16.0,25.53
STD-001,Istora Senayan GBK,stadium,Stadion & GOR,3,8.97,234.74,BD (225°),Tampil di Citra,Menangkap sinar siang menjelang sore,16.67,166.8,164.76,63,25.2,39.3
STD-001,Istora Senayan GBK,stadium,Stadion & GOR,4,2.12,95.49,T (90°),Tampil di Citra,"Atap Datar (Puncak tengah hari 11.00–13.00, self-cleaning alami rendah)",16.83,70.25,70.2,25,10.0,16.09
STD-001,Istora Senayan GBK,stadium,Stadion & GOR,5,0.93,0.0,U (0°),Tampil di Citra,"Atap Datar (Puncak tengah hari 11.00–13.00, self-cleaning alami rendah)",17.14,104.26,104.25,38,15.2,23.97
STD-001,Istora Senayan GBK,stadium,Stadion & GOR,6,4.75,85.12,T (90°),Tampil di Citra,Matahari Terbit: Produksi listrik memuncak di pagi hari (07.00 – 11.00),17.02,24.6,24.52,6,2.4,3.83
