asset_id,asset_name,category,category_display,city_regency,postal_code,source_raw_file,raw_lat,raw_lon,google_building_id,google_maps_url,google_center_lat,google_center_lon,spatial_drift_meters,drift_status,imagery_date,quality_tier,whole_roof_area_m2,max_roof_area_m2,roof_suitability_ratio_pct,building_footprint_m2,roof_coverage_ratio_pct,gap_unsegmented_pct,gap_unsegmented_m2,gap_unpanelled_m2,total_gap_m2,total_segments_count,pitch_range,weighted_pitch_deg,max_panels_count,sunshine_hours_annual,panel_capacity_wp,installed_capacity_kwp,google_dc_mwh,annual_generation_kwh,annual_generation_mwh,carbon_offset_factor,ghg_reduction_tons_co2,path_dsm_geotiff,path_rgb_geotiff,path_mask_geotiff,path_flux_geotiff,preview_rgb_png,preview_panels_png,preview_segments_png,preview_dsm_png,preview_mask_png,preview_flux_png,gap_category
BRT-001,Halte CSW Integrasi,brt,Halte TransJakarta & Shelter,Jakarta Selatan,12160,data/raw/transjakarta/transjakarta_stations.csv,-6.23994,106.79843,buildings/GhIJn1JxqKH1GMAREbOc1hqzWkA,"https://www.google.com/maps/search/?api=1&query=-6.239901,106.798672",-6.239900899999999,106.7986716,27.06,VALID (< 30m),2025-08-16,BASE,1111.11,856.11,77.0,1276.93,87.0,13.0,165.82,255.0,420.83,8,1.8° – 21.8°,7.2,436,1626.39,400,174.4,263.14,226913.3,226.91,809.0,183.57,data/raw/solar/data_layers/dsm/brt/brt-001_dsm.tif,data/raw/solar/data_layers/rgb/brt/brt-001_rgb.tif,data/raw/solar/data_layers/mask/brt/brt-001_mask.tif,data/raw/solar/data_layers/annual_flux/brt/brt-001_annual_flux.tif,data/processed/previews/brt-001_rgb.png,data/processed/previews/brt-001_panels_overlay.png,data/processed/previews/brt-001_segments_overlay.png,data/processed/previews/brt-001_dsm_elevation.png,data/processed/previews/brt-001_roof_mask.png,data/processed/previews/brt-001_flux_heatmap.png,Gap Sedikit
BRT-002,Halte Tosari,brt,Halte TransJakarta & Shelter,Jakarta Pusat,10310,data/raw/transjakarta/transjakarta_stations.csv,-6.19709,106.82306,buildings/GhIJR4iIV9_JGMARL9PH6a20WkA,"https://www.google.com/maps/search/?api=1&query=-6.197089,106.823058",-6.197089399999999,106.8230583,0.2,VALID (< 30m),2025-08-16,BASE,323.85,215.99,66.7,356.98,90.7,9.3,33.13,107.86,140.99,2,11.2° – 42.4°,32.9,110,1511.26,400,44.0,57.79,53196.3,53.2,809.0,43.04,data/raw/solar/data_layers/dsm/brt/brt-002_dsm.tif,data/raw/solar/data_layers/rgb/brt/brt-002_rgb.tif,data/raw/solar/data_layers/mask/brt/brt-002_mask.tif,data/raw/solar/data_layers/annual_flux/brt/brt-002_annual_flux.tif,data/processed/previews/brt-002_rgb.png,data/processed/previews/brt-002_panels_overlay.png,data/processed/previews/brt-002_segments_overlay.png,data/processed/previews/brt-002_dsm_elevation.png,data/processed/previews/brt-002_roof_mask.png,data/processed/previews/brt-002_flux_heatmap.png,Gap Sedikit
BRT-003,Halte Bundaran Senayan,brt,Halte TransJakarta & Shelter,Jakarta Selatan,10270,data/raw/transjakarta/transjakarta_stations.csv,-6.22787,106.80094,buildings/ChIJSZk-Wk_xaS4R62r5YxG5ot0,"https://www.google.com/maps/search/?api=1&query=-6.227873,106.800941",-6.2278729,106.800941,0.34,VALID (< 30m),2025-08-16,BASE,227.93,178.68,78.4,246.99,92.3,7.7,19.06,49.24,68.31,1,13.0° – 13.0°,13.0,91,1620.6,400,36.4,56.92,47191.94,47.19,809.0,38.18,data/raw/solar/data_layers/dsm/brt/brt-003_dsm.tif,data/raw/solar/data_layers/rgb/brt/brt-003_rgb.tif,data/raw/solar/data_layers/mask/brt/brt-003_mask.tif,data/raw/solar/data_layers/annual_flux/brt/brt-003_annual_flux.tif,data/processed/previews/brt-003_rgb.png,data/processed/previews/brt-003_panels_overlay.png,data/processed/previews/brt-003_segments_overlay.png,data/processed/previews/brt-003_dsm_elevation.png,data/processed/previews/brt-003_roof_mask.png,data/processed/previews/brt-003_flux_heatmap.png,Gap Sedikit
BRT-004,Halte Monas,brt,Halte TransJakarta & Shelter,Jakarta Pusat,10110,data/raw/transjakarta/transjakarta_stations.csv,-6.17598,106.82329,buildings/GhIJxBKbVjW0GMARu8nfv7C0WkA,"https://www.google.com/maps/search/?api=1&query=-6.175984,106.823288",-6.1759843,106.8232877,0.54,VALID (< 30m),2025-07-26,BASE,164.79,143.34,87.0,164.79,100.0,0.0,0.0,21.45,21.45,1,0.3° – 0.3°,0.3,73,1626.18,400,29.2,46.98,37987.49,37.99,809.0,30.73,data/raw/solar/data_layers/dsm/brt/brt-004_dsm.tif,data/raw/solar/data_layers/rgb/brt/brt-004_rgb.tif,data/raw/solar/data_layers/mask/brt/brt-004_mask.tif,data/raw/solar/data_layers/annual_flux/brt/brt-004_annual_flux.tif,data/processed/previews/brt-004_rgb.png,data/processed/previews/brt-004_panels_overlay.png,data/processed/previews/brt-004_segments_overlay.png,data/processed/previews/brt-004_dsm_elevation.png,data/processed/previews/brt-004_roof_mask.png,data/processed/previews/brt-004_flux_heatmap.png,Gap Sedikit
BRT-005,Halte Harmoni,brt,Halte TransJakarta & Shelter,Jakarta Pusat,10130,data/raw/transjakarta/transjakarta_stations.csv,-6.16579,106.82042,buildings/ChIJZWR_Ltj1aS4RmbmULYoudXU,"https://www.google.com/maps/search/?api=1&query=-6.165787,106.820418",-6.165786799999999,106.8204179,0.42,VALID (< 30m),2025-07-26,BASE,323.18,235.63,72.9,367.94,87.8,12.2,44.75,87.56,132.31,3,8.0° – 21.2°,13.8,120,1620.02,400,48.0,71.1,62208.93,62.21,809.0,50.33,data/raw/solar/data_layers/dsm/brt/brt-005_dsm.tif,data/raw/solar/data_layers/rgb/brt/brt-005_rgb.tif,data/raw/solar/data_layers/mask/brt/brt-005_mask.tif,data/raw/solar/data_layers/annual_flux/brt/brt-005_annual_flux.tif,data/processed/previews/brt-005_rgb.png,data/processed/previews/brt-005_panels_overlay.png,data/processed/previews/brt-005_segments_overlay.png,data/processed/previews/brt-005_dsm_elevation.png,data/processed/previews/brt-005_roof_mask.png,data/processed/previews/brt-005_flux_heatmap.png,Gap Sedikit
BRT-006,Halte Ragunan,brt,Halte TransJakarta & Shelter,Jakarta Selatan,12550,data/raw/transjakarta/transjakarta_stations.csv,-6.30583,106.81965,buildings/ChIJrfnQvv3taS4RHp4TjnDb1Hk,"https://www.google.com/maps/search/?api=1&query=-6.305826,106.819651",-6.3058255,106.8196513,0.52,VALID (< 30m),2024-10-26,BASE,308.39,198.32,64.3,477.39,64.6,35.4,169.01,110.07,279.07,2,3.6° – 19.7°,9.6,101,1612.96,400,40.4,58.63,52130.99,52.13,809.0,42.17,data/raw/solar/data_layers/dsm/brt/brt-006_dsm.tif,data/raw/solar/data_layers/rgb/brt/brt-006_rgb.tif,data/raw/solar/data_layers/mask/brt/brt-006_mask.tif,data/raw/solar/data_layers/annual_flux/brt/brt-006_annual_flux.tif,data/processed/previews/brt-006_rgb.png,data/processed/previews/brt-006_panels_overlay.png,data/processed/previews/brt-006_segments_overlay.png,data/processed/previews/brt-006_dsm_elevation.png,data/processed/previews/brt-006_roof_mask.png,data/processed/previews/brt-006_flux_heatmap.png,Gap Besar
BRT-007,Halte Kampung Melayu,brt,Halte TransJakarta & Shelter,Jakarta Timur,13310,data/raw/transjakarta/transjakarta_stations.csv,-6.22431,106.86698,buildings/ChIJb2nrRHjzaS4Rvnbh-sX56J0,"https://www.google.com/maps/search/?api=1&query=-6.224311,106.866983",-6.224310699999999,106.8669829,0.33,VALID (< 30m),2024-10-26,BASE,120.71,78.54,65.1,193.74,62.3,37.7,73.03,42.17,115.2,3,1.3° – 11.3°,6.7,40,1581.41,400,16.0,23.98,20242.05,20.24,809.0,16.38,data/raw/solar/data_layers/dsm/brt/brt-007_dsm.tif,data/raw/solar/data_layers/rgb/brt/brt-007_rgb.tif,data/raw/solar/data_layers/mask/brt/brt-007_mask.tif,data/raw/solar/data_layers/annual_flux/brt/brt-007_annual_flux.tif,data/processed/previews/brt-007_rgb.png,data/processed/previews/brt-007_panels_overlay.png,data/processed/previews/brt-007_segments_overlay.png,data/processed/previews/brt-007_dsm_elevation.png,data/processed/previews/brt-007_roof_mask.png,data/processed/previews/brt-007_flux_heatmap.png,Gap Besar
BRT-008,Halte Pulo Gadung,brt,Halte TransJakarta & Shelter,Jakarta Timur,13260,data/raw/transjakarta/transjakarta_stations.csv,-6.1826,106.90904,buildings/ChIJxcoCXtL0aS4RGOVXc78a3ZQ,"https://www.google.com/maps/search/?api=1&query=-6.182595,106.909037",-6.1825946,106.9090373,0.67,VALID (< 30m),2024-10-26,BASE,559.06,390.75,69.9,771.61,72.5,27.5,212.56,168.31,380.87,10,19.2° – 30.5°,27.9,199,1687.85,400,79.6,121.65,107482.49,107.48,809.0,86.95,data/raw/solar/data_layers/dsm/brt/brt-008_dsm.tif,data/raw/solar/data_layers/rgb/brt/brt-008_rgb.tif,data/raw/solar/data_layers/mask/brt/brt-008_mask.tif,data/raw/solar/data_layers/annual_flux/brt/brt-008_annual_flux.tif,data/processed/previews/brt-008_rgb.png,data/processed/previews/brt-008_panels_overlay.png,data/processed/previews/brt-008_segments_overlay.png,data/processed/previews/brt-008_dsm_elevation.png,data/processed/previews/brt-008_roof_mask.png,data/processed/previews/brt-008_flux_heatmap.png,Gap Sedang
KRL-032,Stasiun KRL Manggarai Sentral,krl,Stasiun KRL Commuter Line,Jakarta Selatan,12850,data/raw/krl/krl_stations.csv,-6.21017,106.849935,buildings/ChIJx6Y3I3H0aS4RMX7C5Jw8YAI,"https://www.google.com/maps/search/?api=1&query=-6.210189,106.849856",-6.210189199999999,106.8498556,9.03,VALID (< 30m),2025-08-16,BASE,9871.97,8696.58,88.1,13129.91,75.2,24.8,3257.94,1175.39,4433.33,15,0.4° – 28.9°,5.9,4429,1652.85,400,1771.6,2863.0,2342546.71,2342.55,809.0,1895.12,data/raw/solar/data_layers/dsm/krl/krl-032_dsm.tif,data/raw/solar/data_layers/rgb/krl/krl-032_rgb.tif,data/raw/solar/data_layers/mask/krl/krl-032_mask.tif,data/raw/solar/data_layers/annual_flux/krl/krl-032_annual_flux.tif,data/processed/previews/krl-032_rgb.png,data/processed/previews/krl-032_panels_overlay.png,data/processed/previews/krl-032_segments_overlay.png,data/processed/previews/krl-032_dsm_elevation.png,data/processed/previews/krl-032_roof_mask.png,data/processed/previews/krl-032_flux_heatmap.png,Gap Sedang
KRL-001,Stasiun KRL Jakarta Kota,krl,Stasiun KRL Commuter Line,Jakarta Barat,11110,data/raw/krl/krl_stations.csv,-6.137583,106.81462,buildings/ChIJj3l0NgD2aS4Rdf2IvAf8tzk,"https://www.google.com/maps/search/?api=1&query=-6.137362,106.815217",-6.1373618,106.8152171,70.45,REVIEW (> 30m),2025-07-26,BASE,10407.02,9242.45,88.8,19764.63,52.7,47.3,9357.61,1164.57,10522.18,10,0.7° – 18.1°,5.8,4707,1660.78,400,1882.8,2838.87,2501530.86,2501.53,809.0,2023.74,data/raw/solar/data_layers/dsm/krl/krl-001_dsm.tif,data/raw/solar/data_layers/rgb/krl/krl-001_rgb.tif,data/raw/solar/data_layers/mask/krl/krl-001_mask.tif,data/raw/solar/data_layers/annual_flux/krl/krl-001_annual_flux.tif,data/processed/previews/krl-001_rgb.png,data/processed/previews/krl-001_panels_overlay.png,data/processed/previews/krl-001_segments_overlay.png,data/processed/previews/krl-001_dsm_elevation.png,data/processed/previews/krl-001_roof_mask.png,data/processed/previews/krl-001_flux_heatmap.png,Gap Besar
KRL-002,Stasiun KRL Tanah Abang,krl,Stasiun KRL Commuter Line,Jakarta Pusat,10250,data/raw/krl/krl_stations.csv,-6.185713,106.810894,buildings/ChIJ83wUloT2aS4RrCRDTmN5ahg,"https://www.google.com/maps/search/?api=1&query=-6.185491,106.810941",-6.1854914,106.8109411,25.18,VALID (< 30m),2025-08-16,BASE,2943.24,2534.95,86.1,4578.0,64.3,35.7,1634.75,408.29,2043.05,4,0.9° – 5.2°,1.5,1291,1651.4,400,516.4,811.36,682227.32,682.23,809.0,551.92,data/raw/solar/data_layers/dsm/krl/krl-002_dsm.tif,data/raw/solar/data_layers/rgb/krl/krl-002_rgb.tif,data/raw/solar/data_layers/mask/krl/krl-002_mask.tif,data/raw/solar/data_layers/annual_flux/krl/krl-002_annual_flux.tif,data/processed/previews/krl-002_rgb.png,data/processed/previews/krl-002_panels_overlay.png,data/processed/previews/krl-002_segments_overlay.png,data/processed/previews/krl-002_dsm_elevation.png,data/processed/previews/krl-002_roof_mask.png,data/processed/previews/krl-002_flux_heatmap.png,Gap Besar
KRL-003,Stasiun KRL Pasar Senen,krl,Stasiun KRL Commuter Line,Jakarta Pusat,10410,data/raw/krl/krl_stations.csv,-6.1755,106.84285,buildings/ChIJedPTNrX1aS4RVUQQZcDdvmQ,"https://www.google.com/maps/search/?api=1&query=-6.175399,106.842903",-6.1753986,106.8429027,12.69,VALID (< 30m),2025-07-26,BASE,870.14,757.93,87.1,1465.56,59.4,40.6,595.42,112.21,707.63,1,6.4° – 6.4°,6.4,386,1643.51,400,154.4,248.6,203005.89,203.01,809.0,164.23,data/raw/solar/data_layers/dsm/krl/krl-003_dsm.tif,data/raw/solar/data_layers/rgb/krl/krl-003_rgb.tif,data/raw/solar/data_layers/mask/krl/krl-003_mask.tif,data/raw/solar/data_layers/annual_flux/krl/krl-003_annual_flux.tif,data/processed/previews/krl-003_rgb.png,data/processed/previews/krl-003_panels_overlay.png,data/processed/previews/krl-003_segments_overlay.png,data/processed/previews/krl-003_dsm_elevation.png,data/processed/previews/krl-003_roof_mask.png,data/processed/previews/krl-003_flux_heatmap.png,Gap Besar
KRL-004,Stasiun KRL Jatinegara,krl,Stasiun KRL Commuter Line,Jakarta Timur,13110,data/raw/krl/krl_stations.csv,-6.214925,106.870339,buildings/ChIJ8ZSc8IH0aS4R4-Upw8xXxL0,"https://www.google.com/maps/search/?api=1&query=-6.214878,106.870573",-6.214878499999999,106.8705735,26.43,VALID (< 30m),2025-08-16,BASE,6413.09,5488.14,85.6,12255.58,52.3,47.7,5842.5,924.95,6767.45,14,0.2° – 8.1°,2.5,2795,1646.43,400,1118.0,1777.37,1472568.87,1472.57,809.0,1191.31,data/raw/solar/data_layers/dsm/krl/krl-004_dsm.tif,data/raw/solar/data_layers/rgb/krl/krl-004_rgb.tif,data/raw/solar/data_layers/mask/krl/krl-004_mask.tif,data/raw/solar/data_layers/annual_flux/krl/krl-004_annual_flux.tif,data/processed/previews/krl-004_rgb.png,data/processed/previews/krl-004_panels_overlay.png,data/processed/previews/krl-004_segments_overlay.png,data/processed/previews/krl-004_dsm_elevation.png,data/processed/previews/krl-004_roof_mask.png,data/processed/previews/krl-004_flux_heatmap.png,Gap Besar
KRL-005,Stasiun KRL Sudirman,krl,Stasiun KRL Commuter Line,Jakarta Pusat,10310,data/raw/krl/krl_stations.csv,-6.202408,106.823449,buildings/ChIJy66UBhz0aS4Rc0gvIpLJYa8,"https://www.google.com/maps/search/?api=1&query=-6.202400,106.823461",-6.202400000000001,106.8234605,1.55,VALID (< 30m),2025-08-16,BASE,516.48,359.33,69.6,631.86,81.7,18.3,115.39,157.15,272.53,7,4.7° – 25.4°,10.5,183,1653.49,400,73.2,117.22,96828.64,96.83,809.0,78.33,data/raw/solar/data_layers/dsm/krl/krl-005_dsm.tif,data/raw/solar/data_layers/rgb/krl/krl-005_rgb.tif,data/raw/solar/data_layers/mask/krl/krl-005_mask.tif,data/raw/solar/data_layers/annual_flux/krl/krl-005_annual_flux.tif,data/processed/previews/krl-005_rgb.png,data/processed/previews/krl-005_panels_overlay.png,data/processed/previews/krl-005_segments_overlay.png,data/processed/previews/krl-005_dsm_elevation.png,data/processed/previews/krl-005_roof_mask.png,data/processed/previews/krl-005_flux_heatmap.png,Gap Sedikit
KRL-006,Stasiun KRL Duren Kalibata,krl,Stasiun KRL Commuter Line,Jakarta Selatan,12750,data/raw/krl/krl_stations.csv,-6.25466,106.85534,buildings/ChIJJz_np63zaS4RmFcvoAS4UTk,"https://www.google.com/maps/search/?api=1&query=-6.254663,106.855337",-6.2546627,106.8553369,0.46,VALID (< 30m),2025-08-16,BASE,1100.68,901.27,81.9,1769.41,62.2,37.8,668.73,199.41,868.14,1,9.1° – 9.1°,9.1,459,1568.29,400,183.6,265.1,230350.51,230.35,809.0,186.35,data/raw/solar/data_layers/dsm/krl/krl-006_dsm.tif,data/raw/solar/data_layers/rgb/krl/krl-006_rgb.tif,data/raw/solar/data_layers/mask/krl/krl-006_mask.tif,data/raw/solar/data_layers/annual_flux/krl/krl-006_annual_flux.tif,data/processed/previews/krl-006_rgb.png,data/processed/previews/krl-006_panels_overlay.png,data/processed/previews/krl-006_segments_overlay.png,data/processed/previews/krl-006_dsm_elevation.png,data/processed/previews/krl-006_roof_mask.png,data/processed/previews/krl-006_flux_heatmap.png,Gap Besar
KRL-007,Stasiun KRL Tanjung Priuk,krl,Stasiun KRL Commuter Line,Jakarta Utara,14310,data/raw/krl/krl_stations.csv,-6.110941,106.881149,buildings/ChIJaf0RIbkfai4RevWi2Qn9F6o,"https://www.google.com/maps/search/?api=1&query=-6.110941,106.881149",-6.1109409,106.8811492,0.02,VALID (< 30m),2025-07-26,BASE,12109.95,9582.15,79.1,14508.43,83.5,16.5,2398.49,2527.8,4926.29,35,0.4° – 31.4°,9.2,4880,1705.5,400,1952.0,3212.68,2663311.3,2663.31,809.0,2154.62,data/raw/solar/data_layers/dsm/krl/krl-007_dsm.tif,data/raw/solar/data_layers/rgb/krl/krl-007_rgb.tif,data/raw/solar/data_layers/mask/krl/krl-007_mask.tif,data/raw/solar/data_layers/annual_flux/krl/krl-007_annual_flux.tif,data/processed/previews/krl-007_rgb.png,data/processed/previews/krl-007_panels_overlay.png,data/processed/previews/krl-007_segments_overlay.png,data/processed/previews/krl-007_dsm_elevation.png,data/processed/previews/krl-007_roof_mask.png,data/processed/previews/krl-007_flux_heatmap.png,Gap Sedikit
MRT-003,Stasiun MRT Cipete Raya,mrt_lrt,Stasiun MRT & LRT,Jakarta Selatan,12420,data/raw/mrt_lrt/mrt_stations.csv,-6.278342,106.797326,buildings/ChIJpeCp35TxaS4RDUmeARBfs3I,"https://www.google.com/maps/search/?api=1&query=-6.278361,106.797312",-6.2783606,106.7973123,2.56,VALID (< 30m),2025-08-16,BASE,3850.96,3224.16,83.7,4459.47,86.4,13.6,608.52,626.8,1235.32,12,2.0° – 23.9°,15.7,1642,1645.6,400,656.8,1026.12,864661.49,864.66,809.0,699.51,data/raw/solar/data_layers/dsm/mrt/mrt-003_dsm.tif,data/raw/solar/data_layers/rgb/mrt/mrt-003_rgb.tif,data/raw/solar/data_layers/mask/mrt/mrt-003_mask.tif,data/raw/solar/data_layers/annual_flux/mrt/mrt-003_annual_flux.tif,data/processed/previews/mrt-003_rgb.png,data/processed/previews/mrt-003_panels_overlay.png,data/processed/previews/mrt-003_segments_overlay.png,data/processed/previews/mrt-003_dsm_elevation.png,data/processed/previews/mrt-003_roof_mask.png,data/processed/previews/mrt-003_flux_heatmap.png,Gap Sedikit
MRT-001,Stasiun MRT Lebak Bulus,mrt_lrt,Stasiun MRT & LRT,Jakarta Selatan,12440,data/raw/osm/stations_jakarta.gpkg,-6.289354,106.774716,buildings/ChIJk8a7lc3xaS4RDsS1VBOckck,"https://www.google.com/maps/search/?api=1&query=-6.289411,106.774745",-6.2894109,106.7747454,7.11,VALID (< 30m),2024-10-26,BASE,5632.58,4910.85,87.2,9567.35,58.9,41.1,3934.77,721.73,4656.5,5,0.9° – 19.0°,4.3,2501,1624.37,400,1000.4,1493.22,1300019.0,1300.02,809.0,1051.71,data/raw/solar/data_layers/dsm/mrt/mrt-001_dsm.tif,data/raw/solar/data_layers/rgb/mrt/mrt-001_rgb.tif,data/raw/solar/data_layers/mask/mrt/mrt-001_mask.tif,data/raw/solar/data_layers/annual_flux/mrt/mrt-001_annual_flux.tif,data/processed/previews/mrt-001_rgb.png,data/processed/previews/mrt-001_panels_overlay.png,data/processed/previews/mrt-001_segments_overlay.png,data/processed/previews/mrt-001_dsm_elevation.png,data/processed/previews/mrt-001_roof_mask.png,data/processed/previews/mrt-001_flux_heatmap.png,Gap Besar
MRT-002,Stasiun MRT Fatmawati,mrt_lrt,Stasiun MRT & LRT,Jakarta Selatan,12430,data/raw/osm/stations_jakarta.gpkg,-6.292482,106.792404,buildings/ChIJ0Z7aCd3xaS4RwuuX-G4pHic,"https://www.google.com/maps/search/?api=1&query=-6.292451,106.792528",-6.2924507,106.7925279,14.13,VALID (< 30m),2025-08-16,BASE,3642.58,3210.41,88.1,4927.01,73.9,26.1,1284.43,432.17,1716.6,9,0.4° – 43.8°,3.4,1635,1638.33,400,654.0,1007.37,857172.01,857.17,809.0,693.45,data/raw/solar/data_layers/dsm/mrt/mrt-002_dsm.tif,data/raw/solar/data_layers/rgb/mrt/mrt-002_rgb.tif,data/raw/solar/data_layers/mask/mrt/mrt-002_mask.tif,data/raw/solar/data_layers/annual_flux/mrt/mrt-002_annual_flux.tif,data/processed/previews/mrt-002_rgb.png,data/processed/previews/mrt-002_panels_overlay.png,data/processed/previews/mrt-002_segments_overlay.png,data/processed/previews/mrt-002_dsm_elevation.png,data/processed/previews/mrt-002_roof_mask.png,data/processed/previews/mrt-002_flux_heatmap.png,Gap Sedang
MRT-004,Stasiun MRT Blok M BCA,mrt_lrt,Stasiun MRT & LRT,Jakarta Selatan,12130,data/raw/osm/stations_jakarta.gpkg,-6.244462,106.798132,buildings/ChIJDywBb2zxaS4Rn6JFcz_EnZ8,"https://www.google.com/maps/search/?api=1&query=-6.244463,106.798135",-6.244462599999999,106.7981351,0.35,VALID (< 30m),2025-08-16,BASE,3357.62,2375.9,70.8,3607.13,93.1,6.9,249.51,981.72,1231.23,49,5.1° – 20.3°,12.4,1210,1643.97,400,484.0,755.86,636544.02,636.54,809.0,514.96,data/raw/solar/data_layers/dsm/mrt/mrt-004_dsm.tif,data/raw/solar/data_layers/rgb/mrt/mrt-004_rgb.tif,data/raw/solar/data_layers/mask/mrt/mrt-004_mask.tif,data/raw/solar/data_layers/annual_flux/mrt/mrt-004_annual_flux.tif,data/processed/previews/mrt-004_rgb.png,data/processed/previews/mrt-004_panels_overlay.png,data/processed/previews/mrt-004_segments_overlay.png,data/processed/previews/mrt-004_dsm_elevation.png,data/processed/previews/mrt-004_roof_mask.png,data/processed/previews/mrt-004_flux_heatmap.png,Gap Sedikit
MRT-005,Stasiun MRT ASEAN,mrt_lrt,Stasiun MRT & LRT,Jakarta Selatan,12120,data/raw/osm/stations_jakarta.gpkg,-6.238814,106.798379,buildings/ChIJLyG3dWrxaS4RQta0OHx_MvE,"https://www.google.com/maps/search/?api=1&query=-6.238698,106.798420",-6.238698299999999,106.79842,13.64,VALID (< 30m),2025-08-16,BASE,3873.08,3322.33,85.8,4677.35,82.8,17.2,804.26,550.75,1355.01,9,2.9° – 13.4°,5.8,1692,1623.86,400,676.8,1035.73,879220.43,879.22,809.0,711.29,data/raw/solar/data_layers/dsm/mrt/mrt-005_dsm.tif,data/raw/solar/data_layers/rgb/mrt/mrt-005_rgb.tif,data/raw/solar/data_layers/mask/mrt/mrt-005_mask.tif,data/raw/solar/data_layers/annual_flux/mrt/mrt-005_annual_flux.tif,data/processed/previews/mrt-005_rgb.png,data/processed/previews/mrt-005_panels_overlay.png,data/processed/previews/mrt-005_segments_overlay.png,data/processed/previews/mrt-005_dsm_elevation.png,data/processed/previews/mrt-005_roof_mask.png,data/processed/previews/mrt-005_flux_heatmap.png,Gap Sedikit
MRT-006,Stasiun MRT Senayan,mrt_lrt,Stasiun MRT & LRT,Jakarta Pusat,12190,data/raw/osm/stations_jakarta.gpkg,-6.226,106.8035,buildings/GhIJ1zUbI_jnGMARQSptKWyzWkA,"https://www.google.com/maps/search/?api=1&query=-6.226408,106.803689",-6.2264078,106.8036891,49.93,REVIEW (> 30m),2023-10-28,BASE,131.51,72.65,55.2,177.22,74.2,25.8,45.71,58.85,104.57,3,2.4° – 13.7°,5.6,37,1443.04,400,14.8,20.62,17085.55,17.09,809.0,13.82,data/raw/solar/data_layers/dsm/mrt/mrt-006_dsm.tif,data/raw/solar/data_layers/rgb/mrt/mrt-006_rgb.tif,data/raw/solar/data_layers/mask/mrt/mrt-006_mask.tif,data/raw/solar/data_layers/annual_flux/mrt/mrt-006_annual_flux.tif,data/processed/previews/mrt-006_rgb.png,data/processed/previews/mrt-006_panels_overlay.png,data/processed/previews/mrt-006_segments_overlay.png,data/processed/previews/mrt-006_dsm_elevation.png,data/processed/previews/mrt-006_roof_mask.png,data/processed/previews/mrt-006_flux_heatmap.png,Gap Sedang
MRT-007,Stasiun MRT Dukuh Atas BNI,mrt_lrt,Stasiun MRT & LRT,Jakarta Pusat,10230,data/raw/osm/stations_jakarta.gpkg,-6.200796,106.822788,buildings/ChIJx4G6uR70aS4RQDdV4y1UoVI,"https://www.google.com/maps/search/?api=1&query=-6.200928,106.822854",-6.200928299999999,106.8228537,16.41,VALID (< 30m),2025-08-16,BASE,180.61,131.56,72.8,277.49,65.1,34.9,96.89,49.05,145.94,3,2.8° – 6.9°,4.3,67,1636.35,400,26.8,42.73,35083.29,35.08,809.0,28.38,data/raw/solar/data_layers/dsm/mrt/mrt-007_dsm.tif,data/raw/solar/data_layers/rgb/mrt/mrt-007_rgb.tif,data/raw/solar/data_layers/mask/mrt/mrt-007_mask.tif,data/raw/solar/data_layers/annual_flux/mrt/mrt-007_annual_flux.tif,data/processed/previews/mrt-007_rgb.png,data/processed/previews/mrt-007_panels_overlay.png,data/processed/previews/mrt-007_segments_overlay.png,data/processed/previews/mrt-007_dsm_elevation.png,data/processed/previews/mrt-007_roof_mask.png,data/processed/previews/mrt-007_flux_heatmap.png,Gap Besar
MRT-008,Stasiun MRT Bundaran HI,mrt_lrt,Stasiun MRT & LRT,Jakarta Pusat,10350,data/raw/osm/stations_jakarta.gpkg,-6.191864,106.823008,buildings/GhIJuFhmJWjEGMAR_0wkza60WkA,"https://www.google.com/maps/search/?api=1&query=-6.191821,106.823169",-6.1918213,106.8231694,18.46,VALID (< 30m),2024-10-26,BASE,19.69,9.82,49.9,19.69,100.0,0.0,0.0,9.88,9.88,1,19.5° – 19.5°,19.5,5,1338.68,400,2.0,2.22,2141.89,2.14,809.0,1.73,data/raw/solar/data_layers/dsm/mrt/mrt-008_dsm.tif,data/raw/solar/data_layers/rgb/mrt/mrt-008_rgb.tif,data/raw/solar/data_layers/mask/mrt/mrt-008_mask.tif,data/raw/solar/data_layers/annual_flux/mrt/mrt-008_annual_flux.tif,data/processed/previews/mrt-008_rgb.png,data/processed/previews/mrt-008_panels_overlay.png,data/processed/previews/mrt-008_segments_overlay.png,data/processed/previews/mrt-008_dsm_elevation.png,data/processed/previews/mrt-008_roof_mask.png,data/processed/previews/mrt-008_flux_heatmap.png,Gap Sedikit
LRT-014,Stasiun LRT Dukuh Atas,mrt_lrt,Stasiun MRT & LRT,Jakarta Pusat,12910,data/raw/mrt_lrt/lrt_jabodebek_stations.geojson,-6.204828,106.82553,buildings/ChIJlbC7BRv0aS4RB0sO1N-weGg,"https://www.google.com/maps/search/?api=1&query=-6.204863,106.825604",-6.204862899999999,106.8256039,9.04,VALID (< 30m),2025-08-16,BASE,1808.91,1525.68,84.3,2909.96,62.2,37.8,1101.05,283.22,1384.28,4,2.2° – 11.2°,3.4,777,1638.0,400,310.8,501.27,407271.77,407.27,809.0,329.48,data/raw/solar/data_layers/dsm/lrt/lrt-014_dsm.tif,data/raw/solar/data_layers/rgb/lrt/lrt-014_rgb.tif,data/raw/solar/data_layers/mask/lrt/lrt-014_mask.tif,data/raw/solar/data_layers/annual_flux/lrt/lrt-014_annual_flux.tif,data/processed/previews/lrt-014_rgb.png,data/processed/previews/lrt-014_panels_overlay.png,data/processed/previews/lrt-014_segments_overlay.png,data/processed/previews/lrt-014_dsm_elevation.png,data/processed/previews/lrt-014_roof_mask.png,data/processed/previews/lrt-014_flux_heatmap.png,Gap Besar
LRT-001,Stasiun LRT Rasuna Said,mrt_lrt,Stasiun MRT & LRT,Jakarta Selatan,12940,data/raw/osm/stations_jakarta.gpkg,-6.221588,106.832289,buildings/ChIJRUTOKPfzaS4R-u9swZIhrT0,"https://www.google.com/maps/search/?api=1&query=-6.221659,106.832263",-6.2216592,106.8322628,8.43,VALID (< 30m),2025-08-16,BASE,2451.69,1806.47,73.7,3009.53,81.5,18.5,557.85,645.22,1203.06,22,1.3° – 42.1°,7.2,920,1636.9,400,368.0,568.2,481904.1,481.9,809.0,389.86,data/raw/solar/data_layers/dsm/lrt/lrt-001_dsm.tif,data/raw/solar/data_layers/rgb/lrt/lrt-001_rgb.tif,data/raw/solar/data_layers/mask/lrt/lrt-001_mask.tif,data/raw/solar/data_layers/annual_flux/lrt/lrt-001_annual_flux.tif,data/processed/previews/lrt-001_rgb.png,data/processed/previews/lrt-001_panels_overlay.png,data/processed/previews/lrt-001_segments_overlay.png,data/processed/previews/lrt-001_dsm_elevation.png,data/processed/previews/lrt-001_roof_mask.png,data/processed/previews/lrt-001_flux_heatmap.png,Gap Sedikit
LRT-002,Stasiun LRT Pancoran,mrt_lrt,Stasiun MRT & LRT,Jakarta Selatan,12780,data/raw/osm/stations_jakarta.gpkg,-6.242099,106.838562,buildings/ChIJoeBk08DzaS4RRxIbKPxEZxY,"https://www.google.com/maps/search/?api=1&query=-6.242110,106.838459",-6.2421098,106.8384589,11.46,VALID (< 30m),2025-08-16,BASE,1332.18,1058.36,79.4,1426.07,93.4,6.6,93.89,273.82,367.72,6,1.1° – 27.9°,20.7,539,1623.98,400,215.6,330.78,280104.05,280.1,809.0,226.6,data/raw/solar/data_layers/dsm/lrt/lrt-002_dsm.tif,data/raw/solar/data_layers/rgb/lrt/lrt-002_rgb.tif,data/raw/solar/data_layers/mask/lrt/lrt-002_mask.tif,data/raw/solar/data_layers/annual_flux/lrt/lrt-002_annual_flux.tif,data/processed/previews/lrt-002_rgb.png,data/processed/previews/lrt-002_panels_overlay.png,data/processed/previews/lrt-002_segments_overlay.png,data/processed/previews/lrt-002_dsm_elevation.png,data/processed/previews/lrt-002_roof_mask.png,data/processed/previews/lrt-002_flux_heatmap.png,Gap Sedikit
LRT-003,Stasiun LRT Cikoko,mrt_lrt,Stasiun MRT & LRT,Jakarta Selatan,12770,data/raw/osm/stations_jakarta.gpkg,-6.244038,106.858026,buildings/ChIJz5DxM6TzaS4RwvdPbMyhRr0,"https://www.google.com/maps/search/?api=1&query=-6.244038,106.858026",-6.2440375,106.8580264,0.07,VALID (< 30m),2025-08-16,BASE,6309.57,5264.29,83.4,6968.47,90.5,9.5,658.9,1045.28,1704.18,19,2.9° – 22.4°,14.8,2681,1593.25,400,1072.4,1613.5,1366878.12,1366.88,809.0,1105.8,data/raw/solar/data_layers/dsm/lrt/lrt-003_dsm.tif,data/raw/solar/data_layers/rgb/lrt/lrt-003_rgb.tif,data/raw/solar/data_layers/mask/lrt/lrt-003_mask.tif,data/raw/solar/data_layers/annual_flux/lrt/lrt-003_annual_flux.tif,data/processed/previews/lrt-003_rgb.png,data/processed/previews/lrt-003_panels_overlay.png,data/processed/previews/lrt-003_segments_overlay.png,data/processed/previews/lrt-003_dsm_elevation.png,data/processed/previews/lrt-003_roof_mask.png,data/processed/previews/lrt-003_flux_heatmap.png,Gap Sedikit
LRT-004,Stasiun LRT Cawang,mrt_lrt,Stasiun MRT & LRT,Jakarta Timur,13630,data/raw/osm/stations_jakarta.gpkg,-6.245892,106.871254,buildings/GhIJISoRJqH7GMARwv4yVbi3WkA,"https://www.google.com/maps/search/?api=1&query=-6.245907,106.871260",-6.2459074,106.8712598,1.83,VALID (< 30m),2025-08-16,BASE,4842.98,4194.15,86.6,5690.31,85.1,14.9,847.32,648.83,1496.15,20,5.8° – 41.4°,21.6,2136,1626.39,400,854.4,1335.48,1111668.38,1111.67,809.0,899.34,data/raw/solar/data_layers/dsm/lrt/lrt-004_dsm.tif,data/raw/solar/data_layers/rgb/lrt/lrt-004_rgb.tif,data/raw/solar/data_layers/mask/lrt/lrt-004_mask.tif,data/raw/solar/data_layers/annual_flux/lrt/lrt-004_annual_flux.tif,data/processed/previews/lrt-004_rgb.png,data/processed/previews/lrt-004_panels_overlay.png,data/processed/previews/lrt-004_segments_overlay.png,data/processed/previews/lrt-004_dsm_elevation.png,data/processed/previews/lrt-004_roof_mask.png,data/processed/previews/lrt-004_flux_heatmap.png,Gap Sedikit
LRT-005,Stasiun LRT Halim,mrt_lrt,Stasiun MRT & LRT,Jakarta Timur,13610,data/raw/osm/stations_jakarta.gpkg,-6.245851,106.887328,buildings/ChIJoacFIBjzaS4RUkrLRysO1PM,"https://www.google.com/maps/search/?api=1&query=-6.245887,106.887327",-6.2458871,106.8873272,4.02,VALID (< 30m),2025-08-16,BASE,1204.75,865.93,71.9,1421.62,84.7,15.3,216.86,338.83,555.69,12,4.2° – 18.7°,5.8,441,1650.63,400,176.4,284.95,232937.23,232.94,809.0,188.45,data/raw/solar/data_layers/dsm/lrt/lrt-005_dsm.tif,data/raw/solar/data_layers/rgb/lrt/lrt-005_rgb.tif,data/raw/solar/data_layers/mask/lrt/lrt-005_mask.tif,data/raw/solar/data_layers/annual_flux/lrt/lrt-005_annual_flux.tif,data/processed/previews/lrt-005_rgb.png,data/processed/previews/lrt-005_panels_overlay.png,data/processed/previews/lrt-005_segments_overlay.png,data/processed/previews/lrt-005_dsm_elevation.png,data/processed/previews/lrt-005_roof_mask.png,data/processed/previews/lrt-005_flux_heatmap.png,Gap Sedikit
LRT-006,Stasiun LRT Velodrome Jakarta,mrt_lrt,Stasiun MRT & LRT,Jakarta Timur,13220,data/raw/mrt_lrt/lrt_jkt_stations.geojson,-6.191892,106.891147,buildings/GhIJUu-MRavEGMARETBtjgW5WkA,"https://www.google.com/maps/search/?api=1&query=-6.191892,106.891147",-6.191891699999999,106.8911467,0.05,VALID (< 30m),2025-08-16,BASE,2727.41,2203.11,80.8,3141.57,86.8,13.2,414.16,524.3,938.46,11,2.4° – 14.7°,5.4,1122,1680.25,400,448.8,718.29,603277.21,603.28,809.0,488.05,data/raw/solar/data_layers/dsm/lrt/lrt-006_dsm.tif,data/raw/solar/data_layers/rgb/lrt/lrt-006_rgb.tif,data/raw/solar/data_layers/mask/lrt/lrt-006_mask.tif,data/raw/solar/data_layers/annual_flux/lrt/lrt-006_annual_flux.tif,data/processed/previews/lrt-006_rgb.png,data/processed/previews/lrt-006_panels_overlay.png,data/processed/previews/lrt-006_segments_overlay.png,data/processed/previews/lrt-006_dsm_elevation.png,data/processed/previews/lrt-006_roof_mask.png,data/processed/previews/lrt-006_flux_heatmap.png,Gap Sedikit
LRT-007,Stasiun LRT Pegangsaan Dua,mrt_lrt,Stasiun MRT & LRT,Jakarta Utara,14250,data/raw/mrt_lrt/lrt_jkt_stations.geojson,-6.157856,106.915232,buildings/ChIJXen8gcuKaS4Rk1VHz-hynnU,"https://www.google.com/maps/search/?api=1&query=-6.157856,106.915232",-6.1578561,106.9152316,0.05,VALID (< 30m),2025-07-05,BASE,1020.4,883.6,86.6,1072.6,95.1,4.9,52.2,136.81,189.01,4,10.6° – 13.6°,11.7,450,1702.05,400,180.0,297.38,245095.57,245.1,809.0,198.28,data/raw/solar/data_layers/dsm/lrt/lrt-007_dsm.tif,data/raw/solar/data_layers/rgb/lrt/lrt-007_rgb.tif,data/raw/solar/data_layers/mask/lrt/lrt-007_mask.tif,data/raw/solar/data_layers/annual_flux/lrt/lrt-007_annual_flux.tif,data/processed/previews/lrt-007_rgb.png,data/processed/previews/lrt-007_panels_overlay.png,data/processed/previews/lrt-007_segments_overlay.png,data/processed/previews/lrt-007_dsm_elevation.png,data/processed/previews/lrt-007_roof_mask.png,data/processed/previews/lrt-007_flux_heatmap.png,Gap Sedikit
TERM-001,Terminal Bus Tanjung Priok,terminal,Terminal Bus & Simpul Antarmoda,Jakarta Utara,14310,data/raw/osm/terminals_jakarta.geojson,-6.112102,106.880937,buildings/ChIJO-tS67gfai4RO3TrPsNqK-0,"https://www.google.com/maps/search/?api=1&query=-6.112102,106.880936",-6.112101699999999,106.8809365,0.06,VALID (< 30m),2025-07-26,BASE,977.78,632.26,64.7,1449.41,67.5,32.5,471.63,345.52,817.15,12,1.0° – 13.4°,3.0,322,1706.98,400,128.8,212.11,175887.57,175.89,809.0,142.29,data/raw/solar/data_layers/dsm/terminal/term-001_dsm.tif,data/raw/solar/data_layers/rgb/terminal/term-001_rgb.tif,data/raw/solar/data_layers/mask/terminal/term-001_mask.tif,data/raw/solar/data_layers/annual_flux/terminal/term-001_annual_flux.tif,data/processed/previews/term-001_rgb.png,data/processed/previews/term-001_panels_overlay.png,data/processed/previews/term-001_segments_overlay.png,data/processed/previews/term-001_dsm_elevation.png,data/processed/previews/term-001_roof_mask.png,data/processed/previews/term-001_flux_heatmap.png,Gap Besar
TERM-002,Terminal Terpadu Rawamangun,terminal,Terminal Bus & Simpul Antarmoda,Jakarta Timur,13220,OSM Node / BPTJ / Dishub DKI,-6.1963,106.8856,buildings/ChIJE77RH5X0aS4RElvb1jYkWqE,"https://www.google.com/maps/search/?api=1&query=-6.196285,106.885737",-6.1962852,106.8857372,15.26,VALID (< 30m),2025-08-16,BASE,1271.35,1050.5,82.6,1457.66,87.2,12.8,186.31,220.85,407.16,8,3.3° – 49.2°,22.8,535,1668.57,400,214.0,332.77,285659.44,285.66,809.0,231.1,data/raw/solar/data_layers/dsm/terminal/term-002_dsm.tif,data/raw/solar/data_layers/rgb/terminal/term-002_rgb.tif,data/raw/solar/data_layers/mask/terminal/term-002_mask.tif,data/raw/solar/data_layers/annual_flux/terminal/term-002_annual_flux.tif,data/processed/previews/term-002_rgb.png,data/processed/previews/term-002_panels_overlay.png,data/processed/previews/term-002_segments_overlay.png,data/processed/previews/term-002_dsm_elevation.png,data/processed/previews/term-002_roof_mask.png,data/processed/previews/term-002_flux_heatmap.png,Gap Sedikit
TERM-003,Terminal Kampung Rambutan,terminal,Terminal Bus & Simpul Antarmoda,Jakarta Timur,13830,OSM Way / Dishub DKI,-6.312118,106.885193,buildings/ChIJ1yUHfWntaS4RdiRuzpKnBY8,"https://www.google.com/maps/search/?api=1&query=-6.312118,106.885193",-6.3121177,106.8851928,0.04,VALID (< 30m),2023-08-08,BASE,1920.78,1423.58,74.1,1961.23,97.9,2.1,40.45,497.2,537.65,9,0.4° – 11.8°,1.8,725,1654.37,400,290.0,397.5,383814.72,383.81,809.0,310.51,data/raw/solar/data_layers/dsm/terminal/term-003_dsm.tif,data/raw/solar/data_layers/rgb/terminal/term-003_rgb.tif,data/raw/solar/data_layers/mask/terminal/term-003_mask.tif,data/raw/solar/data_layers/annual_flux/terminal/term-003_annual_flux.tif,data/processed/previews/term-003_rgb.png,data/processed/previews/term-003_panels_overlay.png,data/processed/previews/term-003_segments_overlay.png,data/processed/previews/term-003_dsm_elevation.png,data/processed/previews/term-003_roof_mask.png,data/processed/previews/term-003_flux_heatmap.png,Gap Sedikit
TERM-004,Terminal Kalideres,terminal,Terminal Bus & Simpul Antarmoda,Jakarta Barat,11840,OSM Way / Dishub DKI,-6.154446,106.705697,buildings/ChIJhXoHVhH4aS4RiahCOdczmKs,"https://www.google.com/maps/search/?api=1&query=-6.154455,106.705815",-6.1544553,106.7058146,13.04,VALID (< 30m),2024-09-19,BASE,157.27,102.1,64.9,166.81,94.3,5.7,9.54,55.16,64.7,5,1.5° – 5.2°,3.0,52,1703.56,400,20.8,35.1,28347.26,28.35,809.0,22.93,data/raw/solar/data_layers/dsm/terminal/term-004_dsm.tif,data/raw/solar/data_layers/rgb/terminal/term-004_rgb.tif,data/raw/solar/data_layers/mask/terminal/term-004_mask.tif,data/raw/solar/data_layers/annual_flux/terminal/term-004_annual_flux.tif,data/processed/previews/term-004_rgb.png,data/processed/previews/term-004_panels_overlay.png,data/processed/previews/term-004_segments_overlay.png,data/processed/previews/term-004_dsm_elevation.png,data/processed/previews/term-004_roof_mask.png,data/processed/previews/term-004_flux_heatmap.png,Gap Sedikit
TERM-005,Terminal Baranangsiang Bogor,terminal,Terminal Bus & Simpul Antarmoda,Kota Bogor,16143,OSM Node / BPTJ,-6.604245,106.806041,buildings/ChIJXeKe09zFaS4RwZFux_UMpjw,"https://www.google.com/maps/search/?api=1&query=-6.604239,106.806063",-6.6042389,106.8060629,2.51,VALID (< 30m),2024-02-22,BASE,227.47,145.3,63.9,333.26,68.3,31.7,105.78,82.17,187.95,2,3.5° – 15.9°,6.3,74,1569.38,400,29.6,43.7,37162.89,37.16,809.0,30.06,data/raw/solar/data_layers/dsm/terminal/term-005_dsm.tif,data/raw/solar/data_layers/rgb/terminal/term-005_rgb.tif,data/raw/solar/data_layers/mask/terminal/term-005_mask.tif,data/raw/solar/data_layers/annual_flux/terminal/term-005_annual_flux.tif,data/processed/previews/term-005_rgb.png,data/processed/previews/term-005_panels_overlay.png,data/processed/previews/term-005_segments_overlay.png,data/processed/previews/term-005_dsm_elevation.png,data/processed/previews/term-005_roof_mask.png,data/processed/previews/term-005_flux_heatmap.png,Gap Besar
TERM-006,Terminal Jatijajar Depok,terminal,Terminal Bus & Simpul Antarmoda,Kota Depok,16451,OSM Node / BPTJ,-6.426272,106.858721,buildings/ChIJiWm2VlHqaS4R6EhBwPH1aVU,"https://www.google.com/maps/search/?api=1&query=-6.426231,106.858677",-6.4262312,106.8586765,6.69,VALID (< 30m),2024-03-19,BASE,1727.15,1350.93,78.2,1952.29,88.5,11.5,225.14,376.22,601.37,10,0.1° – 39.8°,8.1,688,1668.38,400,275.2,437.33,367309.81,367.31,809.0,297.15,data/raw/solar/data_layers/dsm/terminal/term-006_dsm.tif,data/raw/solar/data_layers/rgb/terminal/term-006_rgb.tif,data/raw/solar/data_layers/mask/terminal/term-006_mask.tif,data/raw/solar/data_layers/annual_flux/terminal/term-006_annual_flux.tif,data/processed/previews/term-006_rgb.png,data/processed/previews/term-006_panels_overlay.png,data/processed/previews/term-006_segments_overlay.png,data/processed/previews/term-006_dsm_elevation.png,data/processed/previews/term-006_roof_mask.png,data/processed/previews/term-006_flux_heatmap.png,Gap Sedikit
TERM-007,Terminal Poris Plawad Tangerang,terminal,Terminal Bus & Simpul Antarmoda,Kota Tangerang,15141,OSM Node / Dishub Kota Tangerang,-6.173007,106.664461,buildings/ChIJa1D2zPr4aS4RF9MiKka-Kl0,"https://www.google.com/maps/search/?api=1&query=-6.173151,106.664517",-6.1731509,106.66451680000002,17.15,VALID (< 30m),2025-07-26,BASE,861.25,634.23,73.6,985.73,87.4,12.6,124.48,227.03,351.5,9,4.0° – 29.2°,20.9,323,1646.22,400,129.2,195.67,170153.27,170.15,809.0,137.65,data/raw/solar/data_layers/dsm/terminal/term-007_dsm.tif,data/raw/solar/data_layers/rgb/terminal/term-007_rgb.tif,data/raw/solar/data_layers/mask/terminal/term-007_mask.tif,data/raw/solar/data_layers/annual_flux/terminal/term-007_annual_flux.tif,data/processed/previews/term-007_rgb.png,data/processed/previews/term-007_panels_overlay.png,data/processed/previews/term-007_segments_overlay.png,data/processed/previews/term-007_dsm_elevation.png,data/processed/previews/term-007_roof_mask.png,data/processed/previews/term-007_flux_heatmap.png,Gap Sedikit
TERM-008,Terminal Induk Kota Bekasi,terminal,Terminal Bus & Simpul Antarmoda,Kota Bekasi,17111,OSM Way / Dishub Kota Bekasi,-6.249067,107.014729,buildings/ChIJG8Vn44aOaS4RvzdlDe--ERU,"https://www.google.com/maps/search/?api=1&query=-6.249067,107.014729",-6.2490671,107.0147287,0.03,VALID (< 30m),2025-09-13,BASE,271.25,190.46,70.2,351.4,77.2,22.8,80.14,80.79,160.93,2,5.9° – 17.6°,8.2,97,1657.09,400,38.8,61.98,51436.0,51.44,809.0,41.61,data/raw/solar/data_layers/dsm/terminal/term-008_dsm.tif,data/raw/solar/data_layers/rgb/terminal/term-008_rgb.tif,data/raw/solar/data_layers/mask/terminal/term-008_mask.tif,data/raw/solar/data_layers/annual_flux/terminal/term-008_annual_flux.tif,data/processed/previews/term-008_rgb.png,data/processed/previews/term-008_panels_overlay.png,data/processed/previews/term-008_segments_overlay.png,data/processed/previews/term-008_dsm_elevation.png,data/processed/previews/term-008_roof_mask.png,data/processed/previews/term-008_flux_heatmap.png,Gap Sedang
AIR-001,Bandara Soekarno-Hatta (Terminal 3),airport,Fasilitas Penunjang Bandara,Kota Tangerang,15126,data/raw/osm/airports_jakarta.geojson,-6.11993,106.662502,buildings/ChIJ-U7OnkICai4RhMxzhhHDMaA,"https://www.google.com/maps/search/?api=1&query=-6.119930,106.662502",-6.1199302,106.662502,0.02,VALID (< 30m),2025-07-26,BASE,1985.89,1596.37,80.4,3053.39,65.0,35.0,1067.5,389.52,1457.02,2,3.9° – 7.7°,6.0,813,1705.36,400,325.2,528.14,443667.03,443.67,809.0,358.93,data/raw/solar/data_layers/dsm/airport/air-001_dsm.tif,data/raw/solar/data_layers/rgb/airport/air-001_rgb.tif,data/raw/solar/data_layers/mask/airport/air-001_mask.tif,data/raw/solar/data_layers/annual_flux/airport/air-001_annual_flux.tif,data/processed/previews/air-001_rgb.png,data/processed/previews/air-001_panels_overlay.png,data/processed/previews/air-001_segments_overlay.png,data/processed/previews/air-001_dsm_elevation.png,data/processed/previews/air-001_roof_mask.png,data/processed/previews/air-001_flux_heatmap.png,Gap Besar
AIR-002,Bandara Soekarno-Hatta (Terminal 2),airport,Fasilitas Penunjang Bandara,Kota Tangerang,15126,OSM Aeroway / PT Angkasa Pura II,-6.127129,106.652921,buildings/ChIJZdFMNBMCai4RacOSuHP5HJw,"https://www.google.com/maps/search/?api=1&query=-6.127129,106.652921",-6.1271287,106.6529208,0.04,VALID (< 30m),2025-07-26,BASE,2662.51,1932.14,72.6,2863.95,93.0,7.0,201.44,730.37,931.81,33,2.3° – 24.3°,13.2,984,1720.99,400,393.6,646.82,541905.84,541.91,809.0,438.4,data/raw/solar/data_layers/dsm/airport/air-002_dsm.tif,data/raw/solar/data_layers/rgb/airport/air-002_rgb.tif,data/raw/solar/data_layers/mask/airport/air-002_mask.tif,data/raw/solar/data_layers/annual_flux/airport/air-002_annual_flux.tif,data/processed/previews/air-002_rgb.png,data/processed/previews/air-002_panels_overlay.png,data/processed/previews/air-002_segments_overlay.png,data/processed/previews/air-002_dsm_elevation.png,data/processed/previews/air-002_roof_mask.png,data/processed/previews/air-002_flux_heatmap.png,Gap Sedikit
AIR-003,Bandara Soekarno-Hatta (Terminal 1),airport,Fasilitas Penunjang Bandara,Kota Tangerang,15126,OSM Aeroway / PT Angkasa Pura II,-6.130116,106.656915,buildings/GhIJBUExdz2FGMARdKj12QuqWkA,"https://www.google.com/maps/search/?api=1&query=-6.130116,106.656915",-6.1301158,106.6569151,0.02,VALID (< 30m),2025-07-26,BASE,1225.22,1038.72,84.8,1336.56,91.7,8.3,111.34,186.5,297.84,1,1.0° – 1.0°,1.0,529,1701.18,400,211.6,334.44,287976.19,287.98,809.0,232.97,data/raw/solar/data_layers/dsm/airport/air-003_dsm.tif,data/raw/solar/data_layers/rgb/airport/air-003_rgb.tif,data/raw/solar/data_layers/mask/airport/air-003_mask.tif,data/raw/solar/data_layers/annual_flux/airport/air-003_annual_flux.tif,data/processed/previews/air-003_rgb.png,data/processed/previews/air-003_panels_overlay.png,data/processed/previews/air-003_segments_overlay.png,data/processed/previews/air-003_dsm_elevation.png,data/processed/previews/air-003_roof_mask.png,data/processed/previews/air-003_flux_heatmap.png,Gap Sedikit
AIR-004,Bandara Halim Perdanakusuma,airport,Fasilitas Penunjang Bandara,Jakarta Timur,13610,OSM Aeroway / PT Angkasa Pura II,-6.26095,106.897272,buildings/ChIJs1lg0tvyaS4RoH7IAMwXVSc,"https://www.google.com/maps/search/?api=1&query=-6.260950,106.897272",-6.2609504,106.8972723,0.06,VALID (< 30m),2025-08-16,BASE,4596.99,4286.44,93.2,7859.17,58.5,41.5,3262.18,310.55,3572.73,1,2.7° – 2.7°,2.7,2183,1651.26,400,873.2,1304.75,1153501.88,1153.5,809.0,933.18,data/raw/solar/data_layers/dsm/airport/air-004_dsm.tif,data/raw/solar/data_layers/rgb/airport/air-004_rgb.tif,data/raw/solar/data_layers/mask/airport/air-004_mask.tif,data/raw/solar/data_layers/annual_flux/airport/air-004_annual_flux.tif,data/processed/previews/air-004_rgb.png,data/processed/previews/air-004_panels_overlay.png,data/processed/previews/air-004_segments_overlay.png,data/processed/previews/air-004_dsm_elevation.png,data/processed/previews/air-004_roof_mask.png,data/processed/previews/air-004_flux_heatmap.png,Gap Besar
PKG-001,Gedung Parkir Binus University,parking,Gedung & Area Parkir (MSCP),Jakarta Barat,11530,data/raw/osm/parking_jakarta.gpkg,-6.202025,106.780171,buildings/ChIJ-ZqV8tz2aS4R66vud36uOOg,"https://www.google.com/maps/search/?api=1&query=-6.202051,106.780141",-6.202051,106.7801414,4.37,VALID (< 30m),2024-10-26,BASE,1805.56,1413.76,78.3,2043.89,88.3,11.7,238.33,391.8,630.13,11,0.2° – 10.6°,2.7,720,1628.42,400,288.0,450.89,375187.25,375.19,809.0,303.53,data/raw/solar/data_layers/dsm/parking/pkg-001_dsm.tif,data/raw/solar/data_layers/rgb/parking/pkg-001_rgb.tif,data/raw/solar/data_layers/mask/parking/pkg-001_mask.tif,data/raw/solar/data_layers/annual_flux/parking/pkg-001_annual_flux.tif,data/processed/previews/pkg-001_rgb.png,data/processed/previews/pkg-001_panels_overlay.png,data/processed/previews/pkg-001_segments_overlay.png,data/processed/previews/pkg-001_dsm_elevation.png,data/processed/previews/pkg-001_roof_mask.png,data/processed/previews/pkg-001_flux_heatmap.png,Gap Sedikit
PKG-002,Lippo Mall Puri 1 Multilevel Parking,parking,Gedung & Area Parkir (MSCP),Jakarta Barat,11610,data/raw/osm/parking_jakarta.gpkg,-6.190303,106.739152,buildings/ChIJP5TI02_3aS4RMDetB10Lwo8,"https://www.google.com/maps/search/?api=1&query=-6.190303,106.739152",-6.190303,106.7391522,0.02,VALID (< 30m),2024-09-19,BASE,9061.94,7163.05,79.0,15749.14,57.5,42.5,6687.2,1898.89,8586.09,21,0.2° – 79.0°,18.3,3648,1677.98,400,1459.2,2101.57,1958804.16,1958.8,809.0,1584.67,data/raw/solar/data_layers/dsm/parking/pkg-002_dsm.tif,data/raw/solar/data_layers/rgb/parking/pkg-002_rgb.tif,data/raw/solar/data_layers/mask/parking/pkg-002_mask.tif,data/raw/solar/data_layers/annual_flux/parking/pkg-002_annual_flux.tif,data/processed/previews/pkg-002_rgb.png,data/processed/previews/pkg-002_panels_overlay.png,data/processed/previews/pkg-002_segments_overlay.png,data/processed/previews/pkg-002_dsm_elevation.png,data/processed/previews/pkg-002_roof_mask.png,data/processed/previews/pkg-002_flux_heatmap.png,Gap Besar
PKG-003,Gedung Parkir Sarinah,parking,Gedung & Area Parkir (MSCP),Jakarta Pusat,10350,data/raw/osm/parking_jakarta.gpkg,-6.188265,106.824655,buildings/GhIJWgZ8BOjAGMARADiSEca0WkA,"https://www.google.com/maps/search/?api=1&query=-6.188297,106.824649",-6.1882972,106.8246489,3.64,VALID (< 30m),2025-08-16,BASE,1050.01,816.84,77.8,1296.48,81.0,19.0,246.47,233.17,479.64,6,2.4° – 22.5°,9.2,416,1645.3,400,166.4,259.76,219022.2,219.02,809.0,177.19,data/raw/solar/data_layers/dsm/parking/pkg-003_dsm.tif,data/raw/solar/data_layers/rgb/parking/pkg-003_rgb.tif,data/raw/solar/data_layers/mask/parking/pkg-003_mask.tif,data/raw/solar/data_layers/annual_flux/parking/pkg-003_annual_flux.tif,data/processed/previews/pkg-003_rgb.png,data/processed/previews/pkg-003_panels_overlay.png,data/processed/previews/pkg-003_segments_overlay.png,data/processed/previews/pkg-003_dsm_elevation.png,data/processed/previews/pkg-003_roof_mask.png,data/processed/previews/pkg-003_flux_heatmap.png,Gap Sedikit
PKG-004,Gedung Parkir Central Park Mall,parking,Gedung & Area Parkir (MSCP),Jakarta Barat,11440,data/raw/osm/parking_jakarta.gpkg,-6.174033,106.791709,buildings/ChIJP2wEXF72aS4RqEaAIyG5Uc4,"https://www.google.com/maps/search/?api=1&query=-6.174033,106.791709",-6.1740327,106.7917094,0.06,VALID (< 30m),2025-07-26,BASE,605.16,473.22,78.2,605.16,100.0,0.0,0.0,131.94,131.94,3,29.3° – 35.6°,30.4,241,1624.45,400,96.4,137.31,125277.66,125.28,809.0,101.35,data/raw/solar/data_layers/dsm/parking/pkg-004_dsm.tif,data/raw/solar/data_layers/rgb/parking/pkg-004_rgb.tif,data/raw/solar/data_layers/mask/parking/pkg-004_mask.tif,data/raw/solar/data_layers/annual_flux/parking/pkg-004_annual_flux.tif,data/processed/previews/pkg-004_rgb.png,data/processed/previews/pkg-004_panels_overlay.png,data/processed/previews/pkg-004_segments_overlay.png,data/processed/previews/pkg-004_dsm_elevation.png,data/processed/previews/pkg-004_roof_mask.png,data/processed/previews/pkg-004_flux_heatmap.png,Gap Sedikit
PKG-005,Gedung Parkir Kejaksaan Agung,parking,Gedung & Area Parkir (MSCP),Jakarta Selatan,12130,data/raw/osm/parking_jakarta.gpkg,-6.240563,106.796498,buildings/ChIJUZfG72rxaS4Rf26MYMPY5FU,"https://www.google.com/maps/search/?api=1&query=-6.240582,106.796453",-6.2405821,106.796453,5.41,VALID (< 30m),2025-08-16,BASE,3169.9,2560.48,80.8,3448.48,91.9,8.1,278.59,609.42,888.01,9,6.5° – 77.4°,10.9,1304,1640.73,400,521.6,796.17,684642.69,684.64,809.0,553.88,data/raw/solar/data_layers/dsm/parking/pkg-005_dsm.tif,data/raw/solar/data_layers/rgb/parking/pkg-005_rgb.tif,data/raw/solar/data_layers/mask/parking/pkg-005_mask.tif,data/raw/solar/data_layers/annual_flux/parking/pkg-005_annual_flux.tif,data/processed/previews/pkg-005_rgb.png,data/processed/previews/pkg-005_panels_overlay.png,data/processed/previews/pkg-005_segments_overlay.png,data/processed/previews/pkg-005_dsm_elevation.png,data/processed/previews/pkg-005_roof_mask.png,data/processed/previews/pkg-005_flux_heatmap.png,Gap Sedikit
PKG-006,Gedung Parkir DIPO Tower,parking,Gedung & Area Parkir (MSCP),Jakarta Barat,10260,data/raw/osm/parking_jakarta.gpkg,-6.202536,106.800984,buildings/ChIJq4IT-Lv2aS4REVIInQ9KD9Y,"https://www.google.com/maps/search/?api=1&query=-6.202536,106.800984",-6.2025357,106.800984,0.03,VALID (< 30m),2025-08-16,BASE,2298.52,1584.59,68.9,2638.32,87.1,12.9,339.8,713.93,1053.73,26,1.6° – 42.8°,9.7,807,1608.05,400,322.8,464.13,415262.73,415.26,809.0,335.95,data/raw/solar/data_layers/dsm/parking/pkg-006_dsm.tif,data/raw/solar/data_layers/rgb/parking/pkg-006_rgb.tif,data/raw/solar/data_layers/mask/parking/pkg-006_mask.tif,data/raw/solar/data_layers/annual_flux/parking/pkg-006_annual_flux.tif,data/processed/previews/pkg-006_rgb.png,data/processed/previews/pkg-006_panels_overlay.png,data/processed/previews/pkg-006_segments_overlay.png,data/processed/previews/pkg-006_dsm_elevation.png,data/processed/previews/pkg-006_roof_mask.png,data/processed/previews/pkg-006_flux_heatmap.png,Gap Sedikit
PKG-007,Gedung Parkir Epicentrum Walk,parking,Gedung & Area Parkir (MSCP),Jakarta Selatan,12940,data/raw/osm/parking_jakarta.gpkg,-6.217873,106.835464,buildings/ChIJNWMYbfbzaS4RSCv5EAYlNJo,"https://www.google.com/maps/search/?api=1&query=-6.217850,106.835061",-6.2178502,106.8350613,44.59,REVIEW (> 30m),2025-08-16,BASE,373.64,282.75,75.7,515.35,72.5,27.5,141.71,90.89,232.6,3,3.9° – 22.0°,13.6,144,1546.54,400,57.6,83.66,71264.39,71.26,809.0,57.65,data/raw/solar/data_layers/dsm/parking/pkg-007_dsm.tif,data/raw/solar/data_layers/rgb/parking/pkg-007_rgb.tif,data/raw/solar/data_layers/mask/parking/pkg-007_mask.tif,data/raw/solar/data_layers/annual_flux/parking/pkg-007_annual_flux.tif,data/processed/previews/pkg-007_rgb.png,data/processed/previews/pkg-007_panels_overlay.png,data/processed/previews/pkg-007_segments_overlay.png,data/processed/previews/pkg-007_dsm_elevation.png,data/processed/previews/pkg-007_roof_mask.png,data/processed/previews/pkg-007_flux_heatmap.png,Gap Sedang
PKG-008,Gedung Parkir Mega Mall Pluit,parking,Gedung & Area Parkir (MSCP),Jakarta Utara,14450,data/raw/osm/parking_jakarta.gpkg,-6.11552,106.786193,buildings/ChIJmUmYkL0dai4RWrYOM7Yu7ys,"https://www.google.com/maps/search/?api=1&query=-6.115520,106.786193",-6.11552,106.7861929,0.01,VALID (< 30m),2025-07-26,BASE,656.59,479.11,73.0,712.78,92.1,7.9,56.19,177.48,233.67,8,2.4° – 12.4°,5.3,244,1699.19,400,97.6,158.15,132672.98,132.67,809.0,107.33,data/raw/solar/data_layers/dsm/parking/pkg-008_dsm.tif,data/raw/solar/data_layers/rgb/parking/pkg-008_rgb.tif,data/raw/solar/data_layers/mask/parking/pkg-008_mask.tif,data/raw/solar/data_layers/annual_flux/parking/pkg-008_annual_flux.tif,data/processed/previews/pkg-008_rgb.png,data/processed/previews/pkg-008_panels_overlay.png,data/processed/previews/pkg-008_segments_overlay.png,data/processed/previews/pkg-008_dsm_elevation.png,data/processed/previews/pkg-008_roof_mask.png,data/processed/previews/pkg-008_flux_heatmap.png,Gap Sedikit
MALL-001,Pondok Indah Mall 1,mall,Pusat Perbelanjaan / Mall,Jakarta Selatan,12310,data/raw/osm/commercial_jakarta.geojson,-6.265332,106.784584,buildings/ChIJnR66SqTxaS4Rb_d9QN6tw0Y,"https://www.google.com/maps/search/?api=1&query=-6.265363,106.784537",-6.2653632,106.7845368,6.27,VALID (< 30m),2025-08-16,BASE,15415.01,10667.99,69.2,20001.64,77.1,22.9,4586.63,4747.02,9333.65,101,0.3° – 74.7°,3.9,5433,1645.38,400,2173.2,3454.11,2860585.07,2860.59,809.0,2314.21,data/raw/solar/data_layers/dsm/mall/mall-001_dsm.tif,data/raw/solar/data_layers/rgb/mall/mall-001_rgb.tif,data/raw/solar/data_layers/mask/mall/mall-001_mask.tif,data/raw/solar/data_layers/annual_flux/mall/mall-001_annual_flux.tif,data/processed/previews/mall-001_rgb.png,data/processed/previews/mall-001_panels_overlay.png,data/processed/previews/mall-001_segments_overlay.png,data/processed/previews/mall-001_dsm_elevation.png,data/processed/previews/mall-001_roof_mask.png,data/processed/previews/mall-001_flux_heatmap.png,Gap Sedang
MALL-002,Grand Indonesia Shopping Town,mall,Pusat Perbelanjaan / Mall,Jakarta Pusat,10230,OSM Way / Djarum Group,-6.195288,106.820549,buildings/ChIJffUqtSH0aS4RBNnwMMXpGx8,"https://www.google.com/maps/search/?api=1&query=-6.195288,106.820549",-6.195287899999999,106.8205486,0.05,VALID (< 30m),2025-08-16,BASE,22581.19,18280.69,81.0,32060.58,70.4,29.6,9479.39,4300.49,13779.88,40,1.8° – 66.8°,13.7,9310,1643.51,400,3724.0,5458.78,4896349.16,4896.35,809.0,3961.14,data/raw/solar/data_layers/dsm/mall/mall-002_dsm.tif,data/raw/solar/data_layers/rgb/mall/mall-002_rgb.tif,data/raw/solar/data_layers/mask/mall/mall-002_mask.tif,data/raw/solar/data_layers/annual_flux/mall/mall-002_annual_flux.tif,data/processed/previews/mall-002_rgb.png,data/processed/previews/mall-002_panels_overlay.png,data/processed/previews/mall-002_segments_overlay.png,data/processed/previews/mall-002_dsm_elevation.png,data/processed/previews/mall-002_roof_mask.png,data/processed/previews/mall-002_flux_heatmap.png,Gap Sedang
MALL-003,Senayan City,mall,Pusat Perbelanjaan / Mall,Jakarta Pusat,10270,OSM Way / Agung Podomoro Land,-6.22734,106.797246,buildings/ChIJwft7XEjxaS4RLITSrHsUBiY,"https://www.google.com/maps/search/?api=1&query=-6.227428,106.796974",-6.2274281,106.7969739,31.63,REVIEW (> 30m),2025-08-16,BASE,9921.27,7730.52,77.9,13235.28,75.0,25.0,3314.01,2190.76,5504.77,39,0.7° – 73.9°,11.8,3937,1628.57,400,1574.8,2301.5,2051742.04,2051.74,809.0,1659.86,data/raw/solar/data_layers/dsm/mall/mall-003_dsm.tif,data/raw/solar/data_layers/rgb/mall/mall-003_rgb.tif,data/raw/solar/data_layers/mask/mall/mall-003_mask.tif,data/raw/solar/data_layers/annual_flux/mall/mall-003_annual_flux.tif,data/processed/previews/mall-003_rgb.png,data/processed/previews/mall-003_panels_overlay.png,data/processed/previews/mall-003_segments_overlay.png,data/processed/previews/mall-003_dsm_elevation.png,data/processed/previews/mall-003_roof_mask.png,data/processed/previews/mall-003_flux_heatmap.png,Gap Sedang
MALL-004,Summarecon Mall Kelapa Gading,mall,Pusat Perbelanjaan / Mall,Jakarta Utara,14240,OSM Way / Summarecon Agung,-6.157399,106.908366,buildings/ChIJ2cq63jP1aS4RXnDZ3SOS34s,"https://www.google.com/maps/search/?api=1&query=-6.157354,106.908668",-6.157353500000001,106.9086678,33.75,REVIEW (> 30m),2025-07-05,BASE,38420.69,28147.56,73.3,52286.64,73.5,26.5,13865.95,10273.13,24139.08,156,0.3° – 29.6°,4.4,14335,1712.95,400,5734.0,9500.16,7857638.28,7857.64,809.0,6356.82,data/raw/solar/data_layers/dsm/mall/mall-004_dsm.tif,data/raw/solar/data_layers/rgb/mall/mall-004_rgb.tif,data/raw/solar/data_layers/mask/mall/mall-004_mask.tif,data/raw/solar/data_layers/annual_flux/mall/mall-004_annual_flux.tif,data/processed/previews/mall-004_rgb.png,data/processed/previews/mall-004_panels_overlay.png,data/processed/previews/mall-004_segments_overlay.png,data/processed/previews/mall-004_dsm_elevation.png,data/processed/previews/mall-004_roof_mask.png,data/processed/previews/mall-004_flux_heatmap.png,Gap Sedang
MALL-005,Central Park Mall,mall,Pusat Perbelanjaan / Mall,Jakarta Barat,11470,OSM Way / Agung Podomoro Land,-6.17762,106.790668,buildings/ChIJheWvnV_2aS4RDKa1R0Kqyqs,"https://www.google.com/maps/search/?api=1&query=-6.177620,106.790668",-6.1776204,106.790668,0.04,VALID (< 30m),2025-07-26,BASE,18170.18,14438.02,79.5,31411.83,57.8,42.2,13241.65,3732.16,16973.81,29,0.3° – 78.9°,17.0,7353,1600.36,400,2941.2,4132.38,3765578.83,3765.58,809.0,3046.35,data/raw/solar/data_layers/dsm/mall/mall-005_dsm.tif,data/raw/solar/data_layers/rgb/mall/mall-005_rgb.tif,data/raw/solar/data_layers/mask/mall/mall-005_mask.tif,data/raw/solar/data_layers/annual_flux/mall/mall-005_annual_flux.tif,data/processed/previews/mall-005_rgb.png,data/processed/previews/mall-005_panels_overlay.png,data/processed/previews/mall-005_segments_overlay.png,data/processed/previews/mall-005_dsm_elevation.png,data/processed/previews/mall-005_roof_mask.png,data/processed/previews/mall-005_flux_heatmap.png,Gap Besar
MALL-006,Kota Kasablanka,mall,Pusat Perbelanjaan / Mall,Jakarta Selatan,12960,OSM Way / Pakuwon Jati,-6.223255,106.842697,buildings/ChIJfe9lx4zzaS4R_cvVw7vu0hw,"https://www.google.com/maps/search/?api=1&query=-6.223209,106.842496",-6.223209499999999,106.8424959,22.8,VALID (< 30m),2025-08-16,BASE,934.4,795.24,85.1,997.57,93.7,6.3,63.17,139.16,202.33,3,8.6° – 12.6°,8.9,405,1548.76,400,162.0,241.89,200718.84,200.72,809.0,162.38,data/raw/solar/data_layers/dsm/mall/mall-006_dsm.tif,data/raw/solar/data_layers/rgb/mall/mall-006_rgb.tif,data/raw/solar/data_layers/mask/mall/mall-006_mask.tif,data/raw/solar/data_layers/annual_flux/mall/mall-006_annual_flux.tif,data/processed/previews/mall-006_rgb.png,data/processed/previews/mall-006_panels_overlay.png,data/processed/previews/mall-006_segments_overlay.png,data/processed/previews/mall-006_dsm_elevation.png,data/processed/previews/mall-006_roof_mask.png,data/processed/previews/mall-006_flux_heatmap.png,Gap Sedikit
MALL-007,Summarecon Mall Serpong,mall,Pusat Perbelanjaan / Mall,Kab. Tangerang,15810,OSM Way / Summarecon Agung,-6.240672,106.628575,buildings/ChIJvf3hiQr8aS4RX-dJStWr8As,"https://www.google.com/maps/search/?api=1&query=-6.240579,106.628319",-6.2405791,106.6283194,30.08,REVIEW (> 30m),2025-07-26,BASE,28145.26,21129.81,75.1,39477.83,71.3,28.7,11332.57,7015.44,18348.02,94,1.0° – 24.0°,6.0,10761,1633.25,400,4304.4,6788.8,5624114.23,5624.11,809.0,4549.9,data/raw/solar/data_layers/dsm/mall/mall-007_dsm.tif,data/raw/solar/data_layers/rgb/mall/mall-007_rgb.tif,data/raw/solar/data_layers/mask/mall/mall-007_mask.tif,data/raw/solar/data_layers/annual_flux/mall/mall-007_annual_flux.tif,data/processed/previews/mall-007_rgb.png,data/processed/previews/mall-007_panels_overlay.png,data/processed/previews/mall-007_segments_overlay.png,data/processed/previews/mall-007_dsm_elevation.png,data/processed/previews/mall-007_roof_mask.png,data/processed/previews/mall-007_flux_heatmap.png,Gap Sedang
MALL-008,Gandaria City Mall,mall,Pusat Perbelanjaan / Mall,Jakarta Selatan,12240,OSM Way / Pakuwon Jati,-6.244332,106.783551,buildings/ChIJ7RT9SRfxaS4Rd-vaEgpxJ9c,"https://www.google.com/maps/search/?api=1&query=-6.244332,106.783551",-6.2443323,106.7835511,0.04,VALID (< 30m),2025-08-16,BASE,17218.87,14194.54,82.4,25382.19,67.8,32.2,8163.32,3024.33,11187.65,30,1.3° – 78.6°,9.9,7229,1632.76,400,2891.6,4238.21,3777034.99,3777.03,809.0,3055.62,data/raw/solar/data_layers/dsm/mall/mall-008_dsm.tif,data/raw/solar/data_layers/rgb/mall/mall-008_rgb.tif,data/raw/solar/data_layers/mask/mall/mall-008_mask.tif,data/raw/solar/data_layers/annual_flux/mall/mall-008_annual_flux.tif,data/processed/previews/mall-008_rgb.png,data/processed/previews/mall-008_panels_overlay.png,data/processed/previews/mall-008_segments_overlay.png,data/processed/previews/mall-008_dsm_elevation.png,data/processed/previews/mall-008_roof_mask.png,data/processed/previews/mall-008_flux_heatmap.png,Gap Besar
RS-007,RSUD Tarakan Jakarta,hospital,Rumah Sakit & Fasilitas Medis,Jakarta Pusat,10150,data/raw/osm/hospitals_jakarta.gpkg,-6.17155,106.81025,buildings/ChIJ2Xm5Cnz2aS4RbXwtb-MNEeM,"https://www.google.com/maps/search/?api=1&query=-6.171636,106.810223",-6.1716364,106.8102227,10.07,VALID (< 30m),2025-07-26,BASE,1124.94,779.53,69.3,1588.11,70.8,29.2,463.17,345.41,808.58,14,3.4° – 27.7°,9.4,397,1634.33,400,158.8,245.68,207625.09,207.63,809.0,167.97,data/raw/solar/data_layers/dsm/hospital/rs-007_dsm.tif,data/raw/solar/data_layers/rgb/hospital/rs-007_rgb.tif,data/raw/solar/data_layers/mask/hospital/rs-007_mask.tif,data/raw/solar/data_layers/annual_flux/hospital/rs-007_annual_flux.tif,data/processed/previews/rs-007_rgb.png,data/processed/previews/rs-007_panels_overlay.png,data/processed/previews/rs-007_segments_overlay.png,data/processed/previews/rs-007_dsm_elevation.png,data/processed/previews/rs-007_roof_mask.png,data/processed/previews/rs-007_flux_heatmap.png,Gap Sedang
RS-001,RSUPN Dr. Cipto Mangunkusumo,hospital,Rumah Sakit & Fasilitas Medis,Jakarta Pusat,10430,data/raw/osm/hospitals_jakarta.gpkg,-6.197071,106.847492,buildings/ChIJ6Rst9Gn0aS4RPeqEL93CrkQ,"https://www.google.com/maps/search/?api=1&query=-6.197071,106.847492",-6.1970708,106.8474924,0.05,VALID (< 30m),2025-08-16,BASE,4509.99,3365.53,74.6,6222.47,72.5,27.5,1712.48,1144.46,2856.94,44,2.5° – 48.8°,20.7,1714,1635.29,400,685.6,1042.95,896925.01,896.93,809.0,725.61,data/raw/solar/data_layers/dsm/hospital/rs-001_dsm.tif,data/raw/solar/data_layers/rgb/hospital/rs-001_rgb.tif,data/raw/solar/data_layers/mask/hospital/rs-001_mask.tif,data/raw/solar/data_layers/annual_flux/hospital/rs-001_annual_flux.tif,data/processed/previews/rs-001_rgb.png,data/processed/previews/rs-001_panels_overlay.png,data/processed/previews/rs-001_segments_overlay.png,data/processed/previews/rs-001_dsm_elevation.png,data/processed/previews/rs-001_roof_mask.png,data/processed/previews/rs-001_flux_heatmap.png,Gap Sedang
RS-002,RSAB Harapan Kita,hospital,Rumah Sakit & Fasilitas Medis,Jakarta Barat,11420,data/raw/osm/hospitals_jakarta.gpkg,-6.184767,106.798546,buildings/ChIJoSQhTIz2aS4RuRNcZzEL34s,"https://www.google.com/maps/search/?api=1&query=-6.184767,106.798546",-6.184766799999999,106.7985459,0.02,VALID (< 30m),2025-08-16,BASE,13245.14,9476.12,71.5,16751.03,79.1,20.9,3505.89,3769.02,7274.91,91,0.5° – 28.7°,12.5,4826,1646.43,400,1930.4,3004.6,2542621.11,2542.62,809.0,2056.98,data/raw/solar/data_layers/dsm/hospital/rs-002_dsm.tif,data/raw/solar/data_layers/rgb/hospital/rs-002_rgb.tif,data/raw/solar/data_layers/mask/hospital/rs-002_mask.tif,data/raw/solar/data_layers/annual_flux/hospital/rs-002_annual_flux.tif,data/processed/previews/rs-002_rgb.png,data/processed/previews/rs-002_panels_overlay.png,data/processed/previews/rs-002_segments_overlay.png,data/processed/previews/rs-002_dsm_elevation.png,data/processed/previews/rs-002_roof_mask.png,data/processed/previews/rs-002_flux_heatmap.png,Gap Sedang
RS-003,RSUP Fatmawati,hospital,Rumah Sakit & Fasilitas Medis,Jakarta Selatan,12430,data/raw/osm/hospitals_jakarta.gpkg,-6.295996,106.796709,buildings/ChIJVdWk3eDxaS4RmHCGhLRIvMg,"https://www.google.com/maps/search/?api=1&query=-6.295996,106.796709",-6.2959961,106.7967086,0.05,VALID (< 30m),2025-08-16,BASE,3868.47,2919.81,75.5,4717.86,82.0,18.0,849.39,948.66,1798.06,31,0.5° – 31.2°,7.5,1487,1642.12,400,594.8,925.83,781386.57,781.39,809.0,632.14,data/raw/solar/data_layers/dsm/hospital/rs-003_dsm.tif,data/raw/solar/data_layers/rgb/hospital/rs-003_rgb.tif,data/raw/solar/data_layers/mask/hospital/rs-003_mask.tif,data/raw/solar/data_layers/annual_flux/hospital/rs-003_annual_flux.tif,data/processed/previews/rs-003_rgb.png,data/processed/previews/rs-003_panels_overlay.png,data/processed/previews/rs-003_segments_overlay.png,data/processed/previews/rs-003_dsm_elevation.png,data/processed/previews/rs-003_roof_mask.png,data/processed/previews/rs-003_flux_heatmap.png,Gap Sedikit
RS-004,RSUD Pasar Minggu,hospital,Rumah Sakit & Fasilitas Medis,Jakarta Selatan,12550,data/raw/osm/hospitals_jakarta.gpkg,-6.294071,106.81988,buildings/ChIJbSfBhwHyaS4RNdVrLyuhXe8,"https://www.google.com/maps/search/?api=1&query=-6.294185,106.819975",-6.294184899999999,106.8199749,16.44,VALID (< 30m),2025-08-16,BASE,3455.47,2694.0,78.0,4686.59,73.7,26.3,1231.12,761.47,1992.6,18,0.7° – 22.1°,5.3,1372,1647.77,400,548.8,801.22,723437.69,723.44,809.0,585.26,data/raw/solar/data_layers/dsm/hospital/rs-004_dsm.tif,data/raw/solar/data_layers/rgb/hospital/rs-004_rgb.tif,data/raw/solar/data_layers/mask/hospital/rs-004_mask.tif,data/raw/solar/data_layers/annual_flux/hospital/rs-004_annual_flux.tif,data/processed/previews/rs-004_rgb.png,data/processed/previews/rs-004_panels_overlay.png,data/processed/previews/rs-004_segments_overlay.png,data/processed/previews/rs-004_dsm_elevation.png,data/processed/previews/rs-004_roof_mask.png,data/processed/previews/rs-004_flux_heatmap.png,Gap Sedang
RS-005,RSUD Koja,hospital,Rumah Sakit & Fasilitas Medis,Jakarta Utara,14220,data/raw/osm/hospitals_jakarta.gpkg,-6.108769,106.900075,buildings/ChIJiQKsDJIfai4RT5G7eL1GJ1k,"https://www.google.com/maps/search/?api=1&query=-6.108769,106.900075",-6.108769499999999,106.9000755,0.08,VALID (< 30m),2025-07-26,BASE,4175.19,2855.01,68.4,5127.84,81.4,18.6,952.66,1320.18,2272.83,28,1.2° – 77.3°,16.5,1454,1718.96,400,581.6,875.17,799799.06,799.8,809.0,647.04,data/raw/solar/data_layers/dsm/hospital/rs-005_dsm.tif,data/raw/solar/data_layers/rgb/hospital/rs-005_rgb.tif,data/raw/solar/data_layers/mask/hospital/rs-005_mask.tif,data/raw/solar/data_layers/annual_flux/hospital/rs-005_annual_flux.tif,data/processed/previews/rs-005_rgb.png,data/processed/previews/rs-005_panels_overlay.png,data/processed/previews/rs-005_segments_overlay.png,data/processed/previews/rs-005_dsm_elevation.png,data/processed/previews/rs-005_roof_mask.png,data/processed/previews/rs-005_flux_heatmap.png,Gap Sedikit
RS-006,RSUD Cengkareng,hospital,Rumah Sakit & Fasilitas Medis,Jakarta Barat,11730,data/raw/osm/hospitals_jakarta.gpkg,-6.142965,106.734887,buildings/ChIJLZ20r_z3aS4RxngxJRUkuIE,"https://www.google.com/maps/search/?api=1&query=-6.142912,106.734750",-6.142912,106.7347499,16.26,VALID (< 30m),2024-09-19,BASE,5723.0,4465.12,78.0,6931.77,82.6,17.4,1208.77,1257.88,2466.65,33,1.2° – 36.7°,8.2,2274,1702.36,400,909.6,1454.87,1238771.07,1238.77,809.0,1002.16,data/raw/solar/data_layers/dsm/hospital/rs-006_dsm.tif,data/raw/solar/data_layers/rgb/hospital/rs-006_rgb.tif,data/raw/solar/data_layers/mask/hospital/rs-006_mask.tif,data/raw/solar/data_layers/annual_flux/hospital/rs-006_annual_flux.tif,data/processed/previews/rs-006_rgb.png,data/processed/previews/rs-006_panels_overlay.png,data/processed/previews/rs-006_segments_overlay.png,data/processed/previews/rs-006_dsm_elevation.png,data/processed/previews/rs-006_roof_mask.png,data/processed/previews/rs-006_flux_heatmap.png,Gap Sedikit
RS-008,RS Pusat Pertamina,hospital,Rumah Sakit & Fasilitas Medis,Jakarta Selatan,12120,data/raw/osm/hospitals_jakarta.gpkg,-6.240166,106.792968,buildings/ChIJe_yPPBXxaS4RF9gjKKWR91Q,"https://www.google.com/maps/search/?api=1&query=-6.240051,106.792995",-6.2400514,106.7929951,13.09,VALID (< 30m),2025-08-16,BASE,10519.81,8030.94,76.3,12769.41,82.4,17.6,2249.59,2488.87,4738.47,72,0.7° – 34.4°,5.8,4090,1633.92,400,1636.0,2500.79,2138479.86,2138.48,809.0,1730.03,data/raw/solar/data_layers/dsm/hospital/rs-008_dsm.tif,data/raw/solar/data_layers/rgb/hospital/rs-008_rgb.tif,data/raw/solar/data_layers/mask/hospital/rs-008_mask.tif,data/raw/solar/data_layers/annual_flux/hospital/rs-008_annual_flux.tif,data/processed/previews/rs-008_rgb.png,data/processed/previews/rs-008_panels_overlay.png,data/processed/previews/rs-008_segments_overlay.png,data/processed/previews/rs-008_dsm_elevation.png,data/processed/previews/rs-008_roof_mask.png,data/processed/previews/rs-008_flux_heatmap.png,Gap Sedikit
MKT-001,Pasar Mayestik Kebayoran Baru,market,Pasar Tradisional (PD Pasar Jaya),Jakarta Selatan,12130,data/raw/osm/markets_jakarta.geojson,-6.24232,106.791039,buildings/ChIJv1nNXhTxaS4RTFcCeMRkSlM,"https://www.google.com/maps/search/?api=1&query=-6.242320,106.791039",-6.242320299999999,106.7910394,0.06,VALID (< 30m),2025-08-16,BASE,277.67,182.61,65.8,343.29,80.9,19.1,65.62,95.06,160.67,7,3.0° – 24.3°,11.4,93,1644.29,400,37.2,57.37,48934.05,48.93,809.0,39.59,data/raw/solar/data_layers/dsm/market/mkt-001_dsm.tif,data/raw/solar/data_layers/rgb/market/mkt-001_rgb.tif,data/raw/solar/data_layers/mask/market/mkt-001_mask.tif,data/raw/solar/data_layers/annual_flux/market/mkt-001_annual_flux.tif,data/processed/previews/mkt-001_rgb.png,data/processed/previews/mkt-001_panels_overlay.png,data/processed/previews/mkt-001_segments_overlay.png,data/processed/previews/mkt-001_dsm_elevation.png,data/processed/previews/mkt-001_roof_mask.png,data/processed/previews/mkt-001_flux_heatmap.png,Gap Sedikit
MKT-002,Pasar Tanah Abang (Blok A),market,Pasar Tradisional (PD Pasar Jaya),Jakarta Pusat,10240,OSM Way / Perumda Pasar Jaya,-6.188291,106.818495,buildings/ChIJURWyjSf0aS4RcJ-_rUn9t5Y,"https://www.google.com/maps/search/?api=1&query=-6.188332,106.818439",-6.188332,106.8184386,7.72,VALID (< 30m),2025-08-16,BASE,867.03,608.7,70.2,915.04,94.8,5.2,48.01,258.33,306.34,14,3.7° – 19.3°,7.9,310,1623.05,400,124.0,193.7,161007.02,161.01,809.0,130.25,data/raw/solar/data_layers/dsm/market/mkt-002_dsm.tif,data/raw/solar/data_layers/rgb/market/mkt-002_rgb.tif,data/raw/solar/data_layers/mask/market/mkt-002_mask.tif,data/raw/solar/data_layers/annual_flux/market/mkt-002_annual_flux.tif,data/processed/previews/mkt-002_rgb.png,data/processed/previews/mkt-002_panels_overlay.png,data/processed/previews/mkt-002_segments_overlay.png,data/processed/previews/mkt-002_dsm_elevation.png,data/processed/previews/mkt-002_roof_mask.png,data/processed/previews/mkt-002_flux_heatmap.png,Gap Sedikit
MKT-003,Pasar Induk Kramat Jati,market,Pasar Tradisional (PD Pasar Jaya),Jakarta Timur,13540,OSM Way / Perumda Pasar Jaya,-6.294296,106.871321,buildings/ChIJ26IE2oPyaS4Ru5XfCNcrnrY,"https://www.google.com/maps/search/?api=1&query=-6.294296,106.871321",-6.2942964,106.8713212,0.05,VALID (< 30m),2025-08-16,BASE,3078.43,1863.41,60.5,3437.38,89.6,10.4,358.95,1215.01,1573.97,48,3.3° – 21.4°,14.1,949,1629.32,400,379.6,597.29,494791.78,494.79,809.0,400.29,data/raw/solar/data_layers/dsm/market/mkt-003_dsm.tif,data/raw/solar/data_layers/rgb/market/mkt-003_rgb.tif,data/raw/solar/data_layers/mask/market/mkt-003_mask.tif,data/raw/solar/data_layers/annual_flux/market/mkt-003_annual_flux.tif,data/processed/previews/mkt-003_rgb.png,data/processed/previews/mkt-003_panels_overlay.png,data/processed/previews/mkt-003_segments_overlay.png,data/processed/previews/mkt-003_dsm_elevation.png,data/processed/previews/mkt-003_roof_mask.png,data/processed/previews/mkt-003_flux_heatmap.png,Gap Sedikit
MKT-004,Pasar Senen (Blok III),market,Pasar Tradisional (PD Pasar Jaya),Jakarta Pusat,10410,OSM Way / Perumda Pasar Jaya,-6.174303,106.844168,buildings/ChIJF8O0IbX1aS4RzGZ5KJfVw5M,"https://www.google.com/maps/search/?api=1&query=-6.174303,106.844168",-6.1743029,106.8441683,0.03,VALID (< 30m),2025-07-26,BASE,6383.6,4730.2,74.1,10979.9,58.1,41.9,4596.3,1653.39,6249.7,36,0.2° – 23.8°,7.3,2409,1670.37,400,963.6,1553.87,1287656.37,1287.66,809.0,1041.71,data/raw/solar/data_layers/dsm/market/mkt-004_dsm.tif,data/raw/solar/data_layers/rgb/market/mkt-004_rgb.tif,data/raw/solar/data_layers/mask/market/mkt-004_mask.tif,data/raw/solar/data_layers/annual_flux/market/mkt-004_annual_flux.tif,data/processed/previews/mkt-004_rgb.png,data/processed/previews/mkt-004_panels_overlay.png,data/processed/previews/mkt-004_segments_overlay.png,data/processed/previews/mkt-004_dsm_elevation.png,data/processed/previews/mkt-004_roof_mask.png,data/processed/previews/mkt-004_flux_heatmap.png,Gap Besar
MKT-005,Pasar Glodok,market,Pasar Tradisional (PD Pasar Jaya),Jakarta Barat,11120,OSM Way / Perumda Pasar Jaya,-6.142718,106.814121,buildings/ChIJbwgV7wb2aS4RGT_YaE8zD4w,"https://www.google.com/maps/search/?api=1&query=-6.142824,106.814235",-6.1428245,106.8142355,17.33,VALID (< 30m),2025-07-26,BASE,2304.37,1722.04,74.7,3042.04,75.8,24.2,737.67,582.33,1320.0,22,1.7° – 33.8°,5.8,877,1651.12,400,350.8,554.74,463370.6,463.37,809.0,374.87,data/raw/solar/data_layers/dsm/market/mkt-005_dsm.tif,data/raw/solar/data_layers/rgb/market/mkt-005_rgb.tif,data/raw/solar/data_layers/mask/market/mkt-005_mask.tif,data/raw/solar/data_layers/annual_flux/market/mkt-005_annual_flux.tif,data/processed/previews/mkt-005_rgb.png,data/processed/previews/mkt-005_panels_overlay.png,data/processed/previews/mkt-005_segments_overlay.png,data/processed/previews/mkt-005_dsm_elevation.png,data/processed/previews/mkt-005_roof_mask.png,data/processed/previews/mkt-005_flux_heatmap.png,Gap Sedang
MKT-006,Pasar Santa,market,Pasar Tradisional (PD Pasar Jaya),Jakarta Selatan,12170,OSM Way / Perumda Pasar Jaya,-6.2397,106.811324,buildings/ChIJG20pN2fxaS4RzBxUlCIddAM,"https://www.google.com/maps/search/?api=1&query=-6.239743,106.811365",-6.239743499999999,106.8113651,6.64,VALID (< 30m),2025-08-16,BASE,186.4,123.7,66.4,230.12,81.0,19.0,43.72,62.7,106.42,3,4.6° – 9.2°,6.6,63,1623.91,400,25.2,40.21,32738.03,32.74,809.0,26.49,data/raw/solar/data_layers/dsm/market/mkt-006_dsm.tif,data/raw/solar/data_layers/rgb/market/mkt-006_rgb.tif,data/raw/solar/data_layers/mask/market/mkt-006_mask.tif,data/raw/solar/data_layers/annual_flux/market/mkt-006_annual_flux.tif,data/processed/previews/mkt-006_rgb.png,data/processed/previews/mkt-006_panels_overlay.png,data/processed/previews/mkt-006_segments_overlay.png,data/processed/previews/mkt-006_dsm_elevation.png,data/processed/previews/mkt-006_roof_mask.png,data/processed/previews/mkt-006_flux_heatmap.png,Gap Sedikit
MKT-007,Pasar Jatinegara,market,Pasar Tradisional (PD Pasar Jaya),Jakarta Timur,13310,OSM Way / Perumda Pasar Jaya,-6.215726,106.866321,buildings/ChIJUyRXHoD0aS4RouW8BOELo9o,"https://www.google.com/maps/search/?api=1&query=-6.215730,106.866298",-6.21573,106.8662976,2.62,VALID (< 30m),2025-08-16,BASE,213.51,143.34,67.1,213.51,100.0,0.0,0.0,70.17,70.17,2,14.2° – 19.2°,18.9,73,1489.91,400,29.2,40.71,34804.24,34.8,809.0,28.16,data/raw/solar/data_layers/dsm/market/mkt-007_dsm.tif,data/raw/solar/data_layers/rgb/market/mkt-007_rgb.tif,data/raw/solar/data_layers/mask/market/mkt-007_mask.tif,data/raw/solar/data_layers/annual_flux/market/mkt-007_annual_flux.tif,data/processed/previews/mkt-007_rgb.png,data/processed/previews/mkt-007_panels_overlay.png,data/processed/previews/mkt-007_segments_overlay.png,data/processed/previews/mkt-007_dsm_elevation.png,data/processed/previews/mkt-007_roof_mask.png,data/processed/previews/mkt-007_flux_heatmap.png,Gap Sedikit
MKT-008,Pasar Baru,market,Pasar Tradisional (PD Pasar Jaya),Jakarta Pusat,10710,OSM Way / Perumda Pasar Jaya,-6.164901,106.833467,buildings/ChIJKR7KlsX1aS4RZqP25p0SMBc,"https://www.google.com/maps/search/?api=1&query=-6.164837,106.833580",-6.1648366,106.8335801,14.41,VALID (< 30m),2025-07-26,BASE,224.43,162.98,72.6,314.99,71.3,28.7,90.55,61.46,152.01,4,2.7° – 20.1°,11.9,83,1633.21,400,33.2,50.36,43377.97,43.38,809.0,35.09,data/raw/solar/data_layers/dsm/market/mkt-008_dsm.tif,data/raw/solar/data_layers/rgb/market/mkt-008_rgb.tif,data/raw/solar/data_layers/mask/market/mkt-008_mask.tif,data/raw/solar/data_layers/annual_flux/market/mkt-008_annual_flux.tif,data/processed/previews/mkt-008_rgb.png,data/processed/previews/mkt-008_panels_overlay.png,data/processed/previews/mkt-008_segments_overlay.png,data/processed/previews/mkt-008_dsm_elevation.png,data/processed/previews/mkt-008_roof_mask.png,data/processed/previews/mkt-008_flux_heatmap.png,Gap Sedang
UNIV-001,Perpustakaan Pusat UI Depok,university,Universitas & Kampus,Kota Depok,16424,data/raw/osm/education_jakarta.geojson,-6.364712,106.831379,buildings/ChIJaVTiNhfsaS4RQT6lXss0IFQ,"https://www.google.com/maps/search/?api=1&query=-6.364712,106.831379",-6.3647117,106.8313788,0.04,VALID (< 30m),2024-02-22,BASE,2699.74,2057.81,76.2,3209.25,84.1,15.9,509.51,641.94,1151.44,29,18.5° – 38.1°,29.7,1048,1612.27,400,419.2,602.35,540692.11,540.69,809.0,437.42,data/raw/solar/data_layers/dsm/university/univ-001_dsm.tif,data/raw/solar/data_layers/rgb/university/univ-001_rgb.tif,data/raw/solar/data_layers/mask/university/univ-001_mask.tif,data/raw/solar/data_layers/annual_flux/university/univ-001_annual_flux.tif,data/processed/previews/univ-001_rgb.png,data/processed/previews/univ-001_panels_overlay.png,data/processed/previews/univ-001_segments_overlay.png,data/processed/previews/univ-001_dsm_elevation.png,data/processed/previews/univ-001_roof_mask.png,data/processed/previews/univ-001_flux_heatmap.png,Gap Sedikit
UNIV-002,Institut Pertanian Bogor Dramaga,university,Universitas & Kampus,Kab. Bogor,16680,OSM Way / IPB University,-6.555272,106.725016,buildings/ChIJb7iDwazEaS4Rxi8GCYR8sVg,"https://www.google.com/maps/search/?api=1&query=-6.555232,106.724775",-6.5552322,106.7247747,27.02,VALID (< 30m),2025-03-08,BASE,281.71,161.01,57.2,335.66,83.9,16.1,53.95,120.69,174.64,9,2.4° – 25.4°,19.4,82,1563.81,400,32.8,46.62,41034.34,41.03,809.0,33.2,data/raw/solar/data_layers/dsm/university/univ-002_dsm.tif,data/raw/solar/data_layers/rgb/university/univ-002_rgb.tif,data/raw/solar/data_layers/mask/university/univ-002_mask.tif,data/raw/solar/data_layers/annual_flux/university/univ-002_annual_flux.tif,data/processed/previews/univ-002_rgb.png,data/processed/previews/univ-002_panels_overlay.png,data/processed/previews/univ-002_segments_overlay.png,data/processed/previews/univ-002_dsm_elevation.png,data/processed/previews/univ-002_roof_mask.png,data/processed/previews/univ-002_flux_heatmap.png,Gap Sedikit
UNIV-003,Universitas Trisakti Grogol,university,Universitas & Kampus,Jakarta Barat,11440,OSM Way / Universitas Trisakti,-6.168517,106.790388,buildings/ChIJYU5qwlz2aS4RZ2_8vvL_W3Y,"https://www.google.com/maps/search/?api=1&query=-6.168517,106.790388",-6.1685171,106.7903881,0.02,VALID (< 30m),2025-07-26,BASE,2559.93,2077.44,81.2,3429.63,74.6,25.4,869.7,482.49,1352.19,10,1.5° – 29.9°,6.1,1058,1642.61,400,423.2,672.14,556121.53,556.12,809.0,449.9,data/raw/solar/data_layers/dsm/university/univ-003_dsm.tif,data/raw/solar/data_layers/rgb/university/univ-003_rgb.tif,data/raw/solar/data_layers/mask/university/univ-003_mask.tif,data/raw/solar/data_layers/annual_flux/university/univ-003_annual_flux.tif,data/processed/previews/univ-003_rgb.png,data/processed/previews/univ-003_panels_overlay.png,data/processed/previews/univ-003_segments_overlay.png,data/processed/previews/univ-003_dsm_elevation.png,data/processed/previews/univ-003_roof_mask.png,data/processed/previews/univ-003_flux_heatmap.png,Gap Sedang
UNIV-004,Universitas Tarumanagara Kampus 1,university,Universitas & Kampus,Jakarta Barat,11440,OSM Way / UNTAR,-6.168867,106.790254,buildings/ChIJYU5qwlz2aS4RZ2_8vvL_W3Y,"https://www.google.com/maps/search/?api=1&query=-6.168517,106.790388",-6.1685171,106.7903881,41.64,REVIEW (> 30m),2025-07-26,BASE,2559.93,2077.44,81.2,3429.63,74.6,25.4,869.7,482.49,1352.19,10,1.5° – 29.9°,6.1,1058,1642.61,400,423.2,672.14,556121.53,556.12,809.0,449.9,data/raw/solar/data_layers/dsm/university/univ-004_dsm.tif,data/raw/solar/data_layers/rgb/university/univ-004_rgb.tif,data/raw/solar/data_layers/mask/university/univ-004_mask.tif,data/raw/solar/data_layers/annual_flux/university/univ-004_annual_flux.tif,data/processed/previews/univ-004_rgb.png,data/processed/previews/univ-004_panels_overlay.png,data/processed/previews/univ-004_segments_overlay.png,data/processed/previews/univ-004_dsm_elevation.png,data/processed/previews/univ-004_roof_mask.png,data/processed/previews/univ-004_flux_heatmap.png,Gap Sedang
UNIV-005,Universitas Bina Nusantara Anggrek,university,Universitas & Kampus,Jakarta Barat,11530,OSM Way / BINUS University,-6.201942,106.781169,buildings/ChIJf-Qex9z2aS4R2dps6dBhFf8,"https://www.google.com/maps/search/?api=1&query=-6.201941,106.781456",-6.2019408,106.7814565,31.78,REVIEW (> 30m),2024-10-26,BASE,4979.55,3980.13,79.9,5919.98,84.1,15.9,940.43,999.42,1939.86,22,0.5° – 14.5°,3.4,2027,1638.49,400,810.8,1261.01,1062787.69,1062.79,809.0,859.79,data/raw/solar/data_layers/dsm/university/univ-005_dsm.tif,data/raw/solar/data_layers/rgb/university/univ-005_rgb.tif,data/raw/solar/data_layers/mask/university/univ-005_mask.tif,data/raw/solar/data_layers/annual_flux/university/univ-005_annual_flux.tif,data/processed/previews/univ-005_rgb.png,data/processed/previews/univ-005_panels_overlay.png,data/processed/previews/univ-005_segments_overlay.png,data/processed/previews/univ-005_dsm_elevation.png,data/processed/previews/univ-005_roof_mask.png,data/processed/previews/univ-005_flux_heatmap.png,Gap Sedikit
UNIV-006,Universitas Negeri Jakarta Rawamangun,university,Universitas & Kampus,Jakarta Timur,13220,OSM Way / UNJ,-6.194784,106.87819,buildings/ChIJ43BHSO30aS4Rhby8FMyQA9Q,"https://www.google.com/maps/search/?api=1&query=-6.194592,106.878232",-6.1945921,106.8782318,21.83,VALID (< 30m),2024-10-26,BASE,417.59,296.5,71.0,609.22,68.5,31.5,191.64,121.09,312.72,6,5.1° – 18.3°,14.3,151,1611.03,400,60.4,92.35,77844.98,77.84,809.0,62.98,data/raw/solar/data_layers/dsm/university/univ-006_dsm.tif,data/raw/solar/data_layers/rgb/university/univ-006_rgb.tif,data/raw/solar/data_layers/mask/university/univ-006_mask.tif,data/raw/solar/data_layers/annual_flux/university/univ-006_annual_flux.tif,data/processed/previews/univ-006_rgb.png,data/processed/previews/univ-006_panels_overlay.png,data/processed/previews/univ-006_segments_overlay.png,data/processed/previews/univ-006_dsm_elevation.png,data/processed/previews/univ-006_roof_mask.png,data/processed/previews/univ-006_flux_heatmap.png,Gap Besar
UNIV-007,UIN Syarif Hidayatullah Jakarta,university,Universitas & Kampus,Kota Tangerang Selatan,15412,OSM Way / UIN Jakarta,-6.306743,106.754542,buildings/ChIJ3QXJ5tvvaS4RF0tIdlbVzoQ,"https://www.google.com/maps/search/?api=1&query=-6.306762,106.754274",-6.306762099999999,106.7542744,29.65,VALID (< 30m),2024-08-14,BASE,2174.04,1474.63,67.8,2835.07,76.7,23.3,661.03,699.41,1360.45,37,0.3° – 32.3°,20.1,751,1646.41,400,300.4,439.88,395664.27,395.66,809.0,320.09,data/raw/solar/data_layers/dsm/university/univ-007_dsm.tif,data/raw/solar/data_layers/rgb/university/univ-007_rgb.tif,data/raw/solar/data_layers/mask/university/univ-007_mask.tif,data/raw/solar/data_layers/annual_flux/university/univ-007_annual_flux.tif,data/processed/previews/univ-007_rgb.png,data/processed/previews/univ-007_panels_overlay.png,data/processed/previews/univ-007_segments_overlay.png,data/processed/previews/univ-007_dsm_elevation.png,data/processed/previews/univ-007_roof_mask.png,data/processed/previews/univ-007_flux_heatmap.png,Gap Sedang
UNIV-008,Universitas Multimedia Nusantara,university,Universitas & Kampus,Kab. Tangerang,15810,OSM Way / Kompas Gramedia,-6.25687,106.61831,buildings/ChIJk9552Xr8aS4RXDv5nUzI34s,"https://www.google.com/maps/search/?api=1&query=-6.256870,106.618310",-6.256869699999999,106.6183102,0.04,VALID (< 30m),2025-07-26,BASE,3177.72,2242.38,70.6,3598.68,88.3,11.7,420.96,935.34,1356.3,25,1.0° – 21.1°,7.4,1142,1628.63,400,456.8,712.77,595167.5,595.17,809.0,481.49,data/raw/solar/data_layers/dsm/university/univ-008_dsm.tif,data/raw/solar/data_layers/rgb/university/univ-008_rgb.tif,data/raw/solar/data_layers/mask/university/univ-008_mask.tif,data/raw/solar/data_layers/annual_flux/university/univ-008_annual_flux.tif,data/processed/previews/univ-008_rgb.png,data/processed/previews/univ-008_panels_overlay.png,data/processed/previews/univ-008_segments_overlay.png,data/processed/previews/univ-008_dsm_elevation.png,data/processed/previews/univ-008_roof_mask.png,data/processed/previews/univ-008_flux_heatmap.png,Gap Sedikit
SCH-001,SMAN 70 Jakarta Bulungan,school,Sekolah Menengah (SMA/SMK/SMP),Jakarta Selatan,12130,data/raw/osm/education_jakarta.geojson,-6.24169,106.79422,buildings/ChIJ7V7LLGvxaS4ReWmkrlWsBN8,"https://www.google.com/maps/search/?api=1&query=-6.241682,106.794237",-6.2416819,106.7942367,2.05,VALID (< 30m),2025-08-16,BASE,232.49,141.38,60.8,301.61,77.1,22.9,69.12,91.11,160.23,7,12.6° – 36.0°,25.4,72,1612.46,400,28.8,42.97,37151.07,37.15,809.0,30.06,data/raw/solar/data_layers/dsm/school/sch-001_dsm.tif,data/raw/solar/data_layers/rgb/school/sch-001_rgb.tif,data/raw/solar/data_layers/mask/school/sch-001_mask.tif,data/raw/solar/data_layers/annual_flux/school/sch-001_annual_flux.tif,data/processed/previews/sch-001_rgb.png,data/processed/previews/sch-001_panels_overlay.png,data/processed/previews/sch-001_segments_overlay.png,data/processed/previews/sch-001_dsm_elevation.png,data/processed/previews/sch-001_roof_mask.png,data/processed/previews/sch-001_flux_heatmap.png,Gap Sedang
SCH-002,SMAN 8 Jakarta Bukit Duri,school,Sekolah Menengah (SMA/SMK/SMP),Jakarta Selatan,12840,OSM Way / Disdik DKI,-6.217768,106.859227,buildings/ChIJS-arzIDzaS4Rlrt7mWJ1SkU,"https://www.google.com/maps/search/?api=1&query=-6.217777,106.859124",-6.217777,106.8591239,11.44,VALID (< 30m),2025-08-16,BASE,3589.89,2597.78,72.4,4468.85,80.3,19.7,878.96,992.1,1871.06,37,1.4° – 44.6°,23.1,1323,1629.96,400,529.2,805.96,690058.93,690.06,809.0,558.26,data/raw/solar/data_layers/dsm/school/sch-002_dsm.tif,data/raw/solar/data_layers/rgb/school/sch-002_rgb.tif,data/raw/solar/data_layers/mask/school/sch-002_mask.tif,data/raw/solar/data_layers/annual_flux/school/sch-002_annual_flux.tif,data/processed/previews/sch-002_rgb.png,data/processed/previews/sch-002_panels_overlay.png,data/processed/previews/sch-002_segments_overlay.png,data/processed/previews/sch-002_dsm_elevation.png,data/processed/previews/sch-002_roof_mask.png,data/processed/previews/sch-002_flux_heatmap.png,Gap Sedikit
SCH-003,SMAN 68 Jakarta Salemba,school,Sekolah Menengah (SMA/SMK/SMP),Jakarta Pusat,10430,OSM Way / Disdik DKI,-6.197655,106.850902,buildings/ChIJg4fPTmj0aS4RNJE1xmK1JS0,"https://www.google.com/maps/search/?api=1&query=-6.197718,106.850818",-6.197718399999999,106.8508176,11.69,VALID (< 30m),2025-08-16,BASE,568.83,384.86,67.7,693.58,82.0,18.0,124.75,183.97,308.73,10,11.3° – 34.6°,21.5,196,1606.02,400,78.4,116.39,100729.65,100.73,809.0,81.49,data/raw/solar/data_layers/dsm/school/sch-003_dsm.tif,data/raw/solar/data_layers/rgb/school/sch-003_rgb.tif,data/raw/solar/data_layers/mask/school/sch-003_mask.tif,data/raw/solar/data_layers/annual_flux/school/sch-003_annual_flux.tif,data/processed/previews/sch-003_rgb.png,data/processed/previews/sch-003_panels_overlay.png,data/processed/previews/sch-003_segments_overlay.png,data/processed/previews/sch-003_dsm_elevation.png,data/processed/previews/sch-003_roof_mask.png,data/processed/previews/sch-003_flux_heatmap.png,Gap Sedikit
SCH-004,SMAN 28 Jakarta Pasar Minggu,school,Sekolah Menengah (SMA/SMK/SMP),Jakarta Selatan,12540,OSM Way / Disdik DKI,-6.285829,106.833357,buildings/ChIJGb4VCRHyaS4Rb8jmCg0LQ4k,"https://www.google.com/maps/search/?api=1&query=-6.285763,106.833599",-6.2857629,106.8335993,27.77,VALID (< 30m),2025-08-16,BASE,956.3,759.9,79.5,1161.0,82.4,17.6,204.7,196.4,401.1,5,16.0° – 29.1°,25.3,387,1614.4,400,154.8,230.38,199926.95,199.93,809.0,161.74,data/raw/solar/data_layers/dsm/school/sch-004_dsm.tif,data/raw/solar/data_layers/rgb/school/sch-004_rgb.tif,data/raw/solar/data_layers/mask/school/sch-004_mask.tif,data/raw/solar/data_layers/annual_flux/school/sch-004_annual_flux.tif,data/processed/previews/sch-004_rgb.png,data/processed/previews/sch-004_panels_overlay.png,data/processed/previews/sch-004_segments_overlay.png,data/processed/previews/sch-004_dsm_elevation.png,data/processed/previews/sch-004_roof_mask.png,data/processed/previews/sch-004_flux_heatmap.png,Gap Sedikit
SCH-005,SMAN 3 Jakarta Setiabudi,school,Sekolah Menengah (SMA/SMK/SMP),Jakarta Selatan,12910,OSM Way / Disdik DKI,-6.209867,106.825664,buildings/ChIJP9NEWQT0aS4Rbg8Gc-JDTdo,"https://www.google.com/maps/search/?api=1&query=-6.209864,106.825627",-6.2098638,106.8256274,4.06,VALID (< 30m),2025-08-16,BASE,1557.25,1327.36,85.2,1654.63,94.1,5.9,97.38,229.89,327.27,8,0.2° – 22.3°,12.9,676,1637.54,400,270.4,423.34,354232.11,354.23,809.0,286.57,data/raw/solar/data_layers/dsm/school/sch-005_dsm.tif,data/raw/solar/data_layers/rgb/school/sch-005_rgb.tif,data/raw/solar/data_layers/mask/school/sch-005_mask.tif,data/raw/solar/data_layers/annual_flux/school/sch-005_annual_flux.tif,data/processed/previews/sch-005_rgb.png,data/processed/previews/sch-005_panels_overlay.png,data/processed/previews/sch-005_segments_overlay.png,data/processed/previews/sch-005_dsm_elevation.png,data/processed/previews/sch-005_roof_mask.png,data/processed/previews/sch-005_flux_heatmap.png,Gap Sedikit
SCH-006,SMKN 26 Jakarta Rawamangun,school,Sekolah Menengah (SMA/SMK/SMP),Jakarta Timur,13220,OSM Way / Disdik DKI,-6.194564,106.887387,buildings/ChIJTybIt-r0aS4RUrlZNw_qwUw,"https://www.google.com/maps/search/?api=1&query=-6.194311,106.887317",-6.1943112,106.8873175,29.14,VALID (< 30m),2025-08-16,BASE,3425.77,2584.04,75.4,3895.51,87.9,12.1,469.74,841.73,1311.47,35,8.1° – 29.5°,18.8,1316,1676.88,400,526.4,833.73,706165.64,706.17,809.0,571.29,data/raw/solar/data_layers/dsm/school/sch-006_dsm.tif,data/raw/solar/data_layers/rgb/school/sch-006_rgb.tif,data/raw/solar/data_layers/mask/school/sch-006_mask.tif,data/raw/solar/data_layers/annual_flux/school/sch-006_annual_flux.tif,data/processed/previews/sch-006_rgb.png,data/processed/previews/sch-006_panels_overlay.png,data/processed/previews/sch-006_segments_overlay.png,data/processed/previews/sch-006_dsm_elevation.png,data/processed/previews/sch-006_roof_mask.png,data/processed/previews/sch-006_flux_heatmap.png,Gap Sedikit
SCH-007,SMAN 1 Bogor Paledang,school,Sekolah Menengah (SMA/SMK/SMP),Kota Bogor,16122,OSM Way / Disdik Jabar,-6.597328,106.79335,buildings/ChIJbwUe9LfFaS4RSS1lUvE6lAw,"https://www.google.com/maps/search/?api=1&query=-6.597336,106.793208",-6.5973359,106.7932083,15.68,VALID (< 30m),2024-02-22,BASE,109.09,80.51,73.8,117.89,92.5,7.5,8.8,28.58,37.38,1,0.7° – 0.7°,0.7,41,1290.99,400,16.4,16.96,16937.78,16.94,809.0,13.7,data/raw/solar/data_layers/dsm/school/sch-007_dsm.tif,data/raw/solar/data_layers/rgb/school/sch-007_rgb.tif,data/raw/solar/data_layers/mask/school/sch-007_mask.tif,data/raw/solar/data_layers/annual_flux/school/sch-007_annual_flux.tif,data/processed/previews/sch-007_rgb.png,data/processed/previews/sch-007_panels_overlay.png,data/processed/previews/sch-007_segments_overlay.png,data/processed/previews/sch-007_dsm_elevation.png,data/processed/previews/sch-007_roof_mask.png,data/processed/previews/sch-007_flux_heatmap.png,Gap Sedikit
SCH-008,SMAN 1 Depok Nusantara,school,Sekolah Menengah (SMA/SMK/SMP),Kota Depok,16432,OSM Way / Disdik Jabar,-6.395384,106.814397,buildings/ChIJxS3vF1npaS4RZw8paWbipp4,"https://www.google.com/maps/search/?api=1&query=-6.395422,106.814115",-6.3954223,106.8141147,31.48,REVIEW (> 30m),2024-02-22,BASE,247.9,161.01,64.9,347.31,71.4,28.6,99.41,86.89,186.3,7,9.2° – 22.4°,13.5,82,1670.53,400,32.8,50.01,43834.82,43.83,809.0,35.46,data/raw/solar/data_layers/dsm/school/sch-008_dsm.tif,data/raw/solar/data_layers/rgb/school/sch-008_rgb.tif,data/raw/solar/data_layers/mask/school/sch-008_mask.tif,data/raw/solar/data_layers/annual_flux/school/sch-008_annual_flux.tif,data/processed/previews/sch-008_rgb.png,data/processed/previews/sch-008_panels_overlay.png,data/processed/previews/sch-008_segments_overlay.png,data/processed/previews/sch-008_dsm_elevation.png,data/processed/previews/sch-008_roof_mask.png,data/processed/previews/sch-008_flux_heatmap.png,Gap Sedang
STD-001,Istora Senayan GBK,stadium,"Stadion, GOR & Arena Olahraga",Jakarta Pusat,10270,data/raw/osm/sports_jakarta.geojson,-6.219799,106.804064,buildings/ChIJqdOsEU3xaS4RBzsj4T8eWaI,"https://www.google.com/maps/search/?api=1&query=-6.219818,106.804107",-6.2198185,106.8041066,5.18,VALID (< 30m),2025-08-16,BASE,1175.15,860.04,73.2,1230.9,95.5,4.5,55.75,315.11,370.86,7,0.9° – 9.0°,3.8,438,1628.35,400,175.2,279.41,228229.96,228.23,809.0,184.64,data/raw/solar/data_layers/dsm/stadium/std-001_dsm.tif,data/raw/solar/data_layers/rgb/stadium/std-001_rgb.tif,data/raw/solar/data_layers/mask/stadium/std-001_mask.tif,data/raw/solar/data_layers/annual_flux/stadium/std-001_annual_flux.tif,data/processed/previews/std-001_rgb.png,data/processed/previews/std-001_panels_overlay.png,data/processed/previews/std-001_segments_overlay.png,data/processed/previews/std-001_dsm_elevation.png,data/processed/previews/std-001_roof_mask.png,data/processed/previews/std-001_flux_heatmap.png,Gap Sedikit
STD-002,Stadion Utama Gelora Bung Karno,stadium,"Stadion, GOR & Arena Olahraga",Jakarta Pusat,10270,OSM Way / PPK GBK,-6.218596,106.802607,buildings/ChIJDRKS0EzxaS4RPyBt0n3P5go,"https://www.google.com/maps/search/?api=1&query=-6.218557,106.802635",-6.2185568,106.802635,5.35,VALID (< 30m),2025-08-16,BASE,33022.37,28328.21,85.8,51042.69,64.7,35.3,18020.32,4694.17,22714.49,56,0.3° – 41.9°,3.6,14427,1641.57,400,5770.8,9191.71,7578557.58,7578.56,809.0,6131.05,data/raw/solar/data_layers/dsm/stadium/std-002_dsm.tif,data/raw/solar/data_layers/rgb/stadium/std-002_rgb.tif,data/raw/solar/data_layers/mask/stadium/std-002_mask.tif,data/raw/solar/data_layers/annual_flux/stadium/std-002_annual_flux.tif,data/processed/previews/std-002_rgb.png,data/processed/previews/std-002_panels_overlay.png,data/processed/previews/std-002_segments_overlay.png,data/processed/previews/std-002_dsm_elevation.png,data/processed/previews/std-002_roof_mask.png,data/processed/previews/std-002_flux_heatmap.png,Gap Besar
STD-003,Jakarta International Stadium,stadium,"Stadion, GOR & Arena Olahraga",Jakarta Utara,14340,OSM Way / PT Jakpro,-6.125075,106.860201,buildings/ChIJ2zMk6i0eai4RcvVI0CTkrWg,"https://www.google.com/maps/search/?api=1&query=-6.124943,106.860993",-6.1249433,106.8609926,88.74,REVIEW (> 30m),2025-07-26,BASE,8779.15,7337.8,83.6,11796.38,74.4,25.6,3017.24,1441.34,4458.58,17,3.1° – 22.6°,8.8,3737,1706.42,400,1494.8,2389.9,2040610.08,2040.61,809.0,1650.85,data/raw/solar/data_layers/dsm/stadium/std-003_dsm.tif,data/raw/solar/data_layers/rgb/stadium/std-003_rgb.tif,data/raw/solar/data_layers/mask/stadium/std-003_mask.tif,data/raw/solar/data_layers/annual_flux/stadium/std-003_annual_flux.tif,data/processed/previews/std-003_rgb.png,data/processed/previews/std-003_panels_overlay.png,data/processed/previews/std-003_segments_overlay.png,data/processed/previews/std-003_dsm_elevation.png,data/processed/previews/std-003_roof_mask.png,data/processed/previews/std-003_flux_heatmap.png,Gap Sedang
STD-004,Stadion Madya GBK,stadium,"Stadion, GOR & Arena Olahraga",Jakarta Pusat,10270,OSM Way / PPK GBK,-6.217281,106.799508,buildings/ChIJ7fP6pLT2aS4RDAjjxwALY2Q,"https://www.google.com/maps/search/?api=1&query=-6.217372,106.799499",-6.2173721,106.7994994,10.17,VALID (< 30m),2025-08-16,BASE,7148.48,6098.8,85.3,11081.44,64.5,35.5,3932.96,1049.68,4982.64,21,0.7° – 22.8°,2.1,3106,1636.62,400,1242.4,1981.17,1626671.54,1626.67,809.0,1315.98,data/raw/solar/data_layers/dsm/stadium/std-004_dsm.tif,data/raw/solar/data_layers/rgb/stadium/std-004_rgb.tif,data/raw/solar/data_layers/mask/stadium/std-004_mask.tif,data/raw/solar/data_layers/annual_flux/stadium/std-004_annual_flux.tif,data/processed/previews/std-004_rgb.png,data/processed/previews/std-004_panels_overlay.png,data/processed/previews/std-004_segments_overlay.png,data/processed/previews/std-004_dsm_elevation.png,data/processed/previews/std-004_roof_mask.png,data/processed/previews/std-004_flux_heatmap.png,Gap Besar
STD-005,Jakarta International Velodrome,stadium,"Stadion, GOR & Arena Olahraga",Jakarta Timur,13220,OSM Way / PT Jakpro,-6.190896,106.890101,buildings/ChIJy3KCwMH0aS4RC6yOMI-7V8o,"https://www.google.com/maps/search/?api=1&query=-6.190989,106.890084",-6.1909886,106.8900838,10.47,VALID (< 30m),2025-08-16,BASE,7048.8,6222.51,88.3,10148.91,69.5,30.5,3100.11,826.3,3926.41,6,3.9° – 79.7°,7.5,3169,1682.34,400,1267.6,2064.0,1706029.27,1706.03,809.0,1380.18,data/raw/solar/data_layers/dsm/stadium/std-005_dsm.tif,data/raw/solar/data_layers/rgb/stadium/std-005_rgb.tif,data/raw/solar/data_layers/mask/stadium/std-005_mask.tif,data/raw/solar/data_layers/annual_flux/stadium/std-005_annual_flux.tif,data/processed/previews/std-005_rgb.png,data/processed/previews/std-005_panels_overlay.png,data/processed/previews/std-005_segments_overlay.png,data/processed/previews/std-005_dsm_elevation.png,data/processed/previews/std-005_roof_mask.png,data/processed/previews/std-005_flux_heatmap.png,Gap Besar
STD-006,Gelanggang Remaja Bulungan,stadium,"Stadion, GOR & Arena Olahraga",Jakarta Selatan,12130,OSM Way / Dispora DKI,-6.242763,106.797342,buildings/ChIJLzqAnmvxaS4Rwz0XdKYbd9w,"https://www.google.com/maps/search/?api=1&query=-6.242763,106.797342",-6.2427627,106.7973423,0.05,VALID (< 30m),2025-08-16,BASE,2882.21,2114.75,73.4,4227.5,68.2,31.8,1345.29,767.46,2112.75,24,2.0° – 32.8°,21.3,1077,1594.5,400,430.8,640.22,549527.55,549.53,809.0,444.57,data/raw/solar/data_layers/dsm/stadium/std-006_dsm.tif,data/raw/solar/data_layers/rgb/stadium/std-006_rgb.tif,data/raw/solar/data_layers/mask/stadium/std-006_mask.tif,data/raw/solar/data_layers/annual_flux/stadium/std-006_annual_flux.tif,data/processed/previews/std-006_rgb.png,data/processed/previews/std-006_panels_overlay.png,data/processed/previews/std-006_segments_overlay.png,data/processed/previews/std-006_dsm_elevation.png,data/processed/previews/std-006_roof_mask.png,data/processed/previews/std-006_flux_heatmap.png,Gap Besar
STD-007,Stadion Pakansari Cibinong,stadium,"Stadion, GOR & Arena Olahraga",Kab. Bogor,16915,OSM Way / Dispora Kab. Bogor,-6.495967,106.833084,buildings/ChIJv49IQ5rBaS4RwE4z1dI9WsI,"https://www.google.com/maps/search/?api=1&query=-6.495967,106.833084",-6.4959666,106.8330836,0.06,VALID (< 30m),2024-02-22,BASE,866.91,718.66,82.9,1178.63,73.6,26.4,311.73,148.25,459.97,2,9.2° – 17.4°,10.1,366,1654.03,400,146.4,222.11,193719.45,193.72,809.0,156.72,data/raw/solar/data_layers/dsm/stadium/std-007_dsm.tif,data/raw/solar/data_layers/rgb/stadium/std-007_rgb.tif,data/raw/solar/data_layers/mask/stadium/std-007_mask.tif,data/raw/solar/data_layers/annual_flux/stadium/std-007_annual_flux.tif,data/processed/previews/std-007_rgb.png,data/processed/previews/std-007_panels_overlay.png,data/processed/previews/std-007_segments_overlay.png,data/processed/previews/std-007_dsm_elevation.png,data/processed/previews/std-007_roof_mask.png,data/processed/previews/std-007_flux_heatmap.png,Gap Sedang
STD-008,Stadion Soemantri Brodjonegoro,stadium,"Stadion, GOR & Arena Olahraga",Jakarta Selatan,12940,OSM Way / Dispora DKI,-6.221108,106.833243,buildings/ChIJeSW4yfbzaS4RWcKPGzcxaL8,"https://www.google.com/maps/search/?api=1&query=-6.221108,106.833243",-6.2211079,106.833243,0.01,VALID (< 30m),2025-08-16,BASE,14210.41,10526.62,74.1,17035.9,83.4,16.6,2825.49,3683.79,6509.28,82,0.4° – 47.8°,14.2,5361,1632.17,400,2144.4,3307.5,2800025.94,2800.03,809.0,2265.22,data/raw/solar/data_layers/dsm/stadium/std-008_dsm.tif,data/raw/solar/data_layers/rgb/stadium/std-008_rgb.tif,data/raw/solar/data_layers/mask/stadium/std-008_mask.tif,data/raw/solar/data_layers/annual_flux/stadium/std-008_annual_flux.tif,data/processed/previews/std-008_rgb.png,data/processed/previews/std-008_panels_overlay.png,data/processed/previews/std-008_segments_overlay.png,data/processed/previews/std-008_dsm_elevation.png,data/processed/previews/std-008_roof_mask.png,data/processed/previews/std-008_flux_heatmap.png,Gap Sedikit
BRT-0001,Halte Plaza Senayan 2,brt,Halte TransJakarta & Shelter,Jakarta Selatan,10270,transjakarta_stations.csv,-6.227047,106.798379,buildings/ChIJie5Tv0jxaS4RuUlmEIzRbgw,"https://www.google.com/maps/search/?api=1&query=-6.227072,106.798942",-6.2270723,106.7989424,62.34,REVIEW (> 30m),2025-08-16,BASE,1933.7,1647.42,85.2,2328.44,83.0,17.0,394.74,286.28,681.02,4,3.5° – 47.3°,8.9,839,1640.56,400,335.6,489.24,440457.2,440.46,809.0,356.33,,,,,,,,,,,Gap Sedikit
BRT-0002,Halte Simpang Prepedan Benda Raya,brt,Halte TransJakarta & Shelter,Kota Tangerang,11810,transjakarta_stations.csv,-6.106575,106.70192,buildings/ChIJu-ClCd0Cai4ReZxHaX4ovKY,"https://www.google.com/maps/search/?api=1&query=-6.106500,106.701878",-6.1065,106.701878,9.55,VALID (< 30m),2024-09-19,BASE,138.59,108.0,77.9,174.44,79.5,20.5,35.84,30.6,66.44,1,1.9° – 1.9°,1.9,55,1724.64,400,22.0,37.39,30353.58,30.35,809.0,24.56,,,,,,,,,,,Gap Sedang
BRT-0003,Halte Simpang Pulo Asem Utara Timur,brt,Halte TransJakarta & Shelter,Jakarta Timur,13220,transjakarta_stations.csv,-6.188074,106.89668,buildings/ChIJV28BSMT0aS4RhKeWgXT-O90,"https://www.google.com/maps/search/?api=1&query=-6.188094,106.896776",-6.1880941,106.89677599999999,10.85,VALID (< 30m),2025-08-16,BASE,174.88,123.7,70.7,253.93,68.9,31.1,79.05,51.18,130.23,2,1.9° – 4.2°,3.3,63,1669.95,400,25.2,40.9,33666.26,33.67,809.0,27.24,,,,,,,,,,,Gap Besar
BRT-0004,Halte Simpang Pulo Mas Raya Timur,brt,Halte TransJakarta & Shelter,Jakarta Timur,13210,transjakarta_stations.csv,-6.178746,106.8856,buildings/ChIJE_izIeH0aS4RqSq623bzol8,"https://www.google.com/maps/search/?api=1&query=-6.178359,106.885496",-6.1783586999999995,106.8854957,44.58,REVIEW (> 30m),2025-07-26,BASE,313.64,247.41,78.9,436.34,71.9,28.1,122.7,66.23,188.93,1,3.3° – 3.3°,3.3,126,1666.85,400,50.4,82.99,67207.24,67.21,809.0,54.37,,,,,,,,,,,Gap Sedang
BRT-0005,Halte Simpang Puskesmas Penggilingan Baru,brt,Halte TransJakarta & Shelter,Jakarta Timur,13550,transjakarta_stations.csv,-6.301457,106.88133,buildings/ChIJTXXj7GPtaS4RA55RGLTVXCw,"https://www.google.com/maps/search/?api=1&query=-6.301445,106.881412",-6.3014453,106.8814123,9.19,VALID (< 30m),2025-08-16,BASE,33.77,19.64,58.1,41.85,80.7,19.3,8.08,14.14,22.22,1,11.9° – 11.9°,11.9,10,1502.74,400,4.0,5.73,4808.75,4.81,809.0,3.89,,,,,,,,,,,Gap Sedikit
BRT-0006,Halte Simpang Danau Sunter Utara Barat,brt,Halte TransJakarta & Shelter,Jakarta Utara,14350,transjakarta_stations.csv,-6.139853,106.85663,buildings/ChIJa7cKK4T1aS4R0NGDwSFMAzs,"https://www.google.com/maps/search/?api=1&query=-6.139865,106.856345",-6.1398654,106.8563451,31.53,REVIEW (> 30m),2025-07-26,BASE,8.13,3.93,48.3,8.13,100.0,0.0,0.0,4.2,4.2,1,10.1° – 10.1°,10.1,2,1579.68,400,0.8,0.0,1010.99,1.01,809.0,0.82,,,,,,,,,,,Gap Sedikit
BRT-0007,Halte Simpang Rajawali Cipinang Indah,brt,Halte TransJakarta & Shelter,Jakarta Timur,13430,transjakarta_stations.csv,-6.233049,106.89328,buildings/ChIJsaB6IEHzaS4Rh9wUuDqqnYM,"https://www.google.com/maps/search/?api=1&query=-6.232910,106.893202",-6.2329096999999996,106.8932023,17.71,VALID (< 30m),2025-08-16,BASE,268.47,143.34,53.4,341.27,78.7,21.3,72.8,125.13,197.93,11,11.8° – 28.5°,21.1,73,1654.14,400,29.2,45.54,38640.66,38.64,809.0,31.26,,,,,,,,,,,Gap Sedang
BRT-0008,Halte Simpang Rawa Barat,brt,Halte TransJakarta & Shelter,Jakarta Selatan,12180,transjakarta_stations.csv,-6.238408,106.81489,buildings/ChIJ55UpfmDxaS4R5zCgMJy9zDs,"https://www.google.com/maps/search/?api=1&query=-6.238234,106.814887",-6.2382341,106.81488739999999,19.34,VALID (< 30m),2024-10-26,BASE,69.53,49.09,70.6,83.21,83.6,16.4,13.68,20.45,34.12,1,3.4° – 3.4°,3.4,25,1482.13,400,10.0,14.03,11857.02,11.86,809.0,9.59,,,,,,,,,,,Gap Sedikit
BRT-0009,Halte Simpang Rawa Belong 2 KH Taisir,brt,Halte TransJakarta & Shelter,Jakarta Barat,11480,transjakarta_stations.csv,-6.200768,106.78765,buildings/ChIJJzmU0sP2aS4RfHl8bmVfX6M,"https://www.google.com/maps/search/?api=1&query=-6.200668,106.787686",-6.2006684,106.7876864,11.78,VALID (< 30m),2025-08-16,BASE,254.95,174.76,68.5,300.89,84.7,15.3,45.94,80.19,126.13,5,17.8° – 28.8°,24.6,89,1624.51,400,35.6,51.17,46266.05,46.27,809.0,37.43,,,,,,,,,,,Gap Sedikit
BRT-0010,Halte Flyover Kuningan,brt,Halte TransJakarta & Shelter,Jakarta Pusat,10310,transjakarta_stations.csv,-6.202761,106.82771,buildings/ChIJwaDQOxr0aS4RC5loBZjZiXg,"https://www.google.com/maps/search/?api=1&query=-6.202863,106.827631",-6.2028631,106.8276307,14.34,VALID (< 30m),2025-08-16,BASE,118.93,86.4,72.6,179.02,66.4,33.6,60.08,32.54,92.62,1,2.6° – 2.6°,2.6,44,1635.78,400,17.6,26.19,23031.76,23.03,809.0,18.63,,,,,,,,,,,Gap Besar
BRT-0011,Halte Simpang Rawa Belong Sulaiman,brt,Halte TransJakarta & Shelter,Jakarta Barat,11540,transjakarta_stations.csv,-6.20612,106.78276,buildings/ChIJxc4OLMX2aS4Rsro6i81CIik,"https://www.google.com/maps/search/?api=1&query=-6.206208,106.782747",-6.2062079,106.7827475,9.87,VALID (< 30m),2024-10-26,BASE,116.7,84.43,72.3,136.33,85.6,14.4,19.63,32.27,51.9,2,19.0° – 20.9°,19.9,43,1611.14,400,17.2,26.05,22169.22,22.17,809.0,17.93,,,,,,,,,,,Gap Sedikit
BRT-0012,Halte Simpang Rawa Buaya Bojong Raya,brt,Halte TransJakarta & Shelter,Kota Tangerang,11740,transjakarta_stations.csv,-6.159465,106.72952,buildings/ChIJEWI8qoz3aS4R7sQoDCqfto0,"https://www.google.com/maps/search/?api=1&query=-6.159381,106.729425",-6.1593805999999995,106.72942499999999,14.08,VALID (< 30m),2024-09-19,BASE,29.76,19.64,66.0,29.76,100.0,0.0,0.0,10.12,10.12,1,5.7° – 5.7°,5.7,10,1615.52,400,4.0,6.11,5169.66,5.17,809.0,4.18,,,,,,,,,,,Gap Sedikit
BRT-0013,Halte Simpang Rawa Kepa Utama,brt,Halte TransJakarta & Shelter,Jakarta Barat,11440,transjakarta_stations.csv,-6.169911,106.80177,buildings/ChIJ-5yASWT2aS4RhHirsMQiFpI,"https://www.google.com/maps/search/?api=1&query=-6.169829,106.801776",-6.1698286,106.8017758,9.18,VALID (< 30m),2025-07-26,BASE,52.06,31.42,60.3,60.15,86.6,13.4,8.09,20.64,28.73,1,8.3° – 8.3°,8.3,16,1509.75,400,6.4,8.87,7729.94,7.73,809.0,6.25,,,,,,,,,,,Gap Sedikit
BRT-0014,Halte Simpang Rawa Kompeni Raya Prancis,brt,Halte TransJakarta & Shelter,Kota Tangerang,15125,transjakarta_stations.csv,-6.109565,106.68406,buildings/ChIJ9ZwQdvoCai4Ryf3P0-cNaqc,"https://www.google.com/maps/search/?api=1&query=-6.109436,106.684095",-6.109436,106.6840951,14.86,VALID (< 30m),2024-09-19,BASE,153.76,113.89,74.1,179.29,85.8,14.2,25.53,39.87,65.41,3,1.5° – 10.2°,6.6,58,1734.91,400,23.2,39.55,32199.96,32.2,809.0,26.05,,,,,,,,,,,Gap Sedikit
BRT-0015,Halte Simpang Darmawangsa XI Prapanca,brt,Halte TransJakarta & Shelter,Jakarta Selatan,12160,transjakarta_stations.csv,-6.256381,106.80051,buildings/ChIJG2LugHbxaS4Ri_3qsP39fHI,"https://www.google.com/maps/search/?api=1&query=-6.256341,106.800396",-6.2563413,106.80039579999999,13.37,VALID (< 30m),2025-08-16,BASE,217.33,166.9,76.8,246.43,88.2,11.8,29.1,50.43,79.53,3,6.9° – 19.4°,12.3,85,1619.92,400,34.0,53.03,44061.83,44.06,809.0,35.65,,,,,,,,,,,Gap Sedikit
BRT-0016,Halte Simpang Rawasari Ahmad Yani,brt,Halte TransJakarta & Shelter,Jakarta Timur,10570,transjakarta_stations.csv,-6.187726,106.87473,buildings/ChIJmVcwTfD0aS4RqL8ombKPybs,"https://www.google.com/maps/search/?api=1&query=-6.187500,106.874740",-6.1874997,106.87474019999999,25.19,VALID (< 30m),2025-08-16,BASE,202.21,123.7,61.2,315.74,64.0,36.0,113.53,78.5,192.04,6,22.7° – 29.4°,26.8,63,1630.58,400,25.2,38.09,32872.55,32.87,809.0,26.59,,,,,,,,,,,Gap Besar
BRT-0017,Halte Simpang Raya Bogor Cililitan,brt,Halte TransJakarta & Shelter,Jakarta Timur,13510,transjakarta_stations.csv,-6.264191,106.86585,buildings/ChIJNzJdifjyaS4R4VL8OkN6ZNA,"https://www.google.com/maps/search/?api=1&query=-6.264224,106.866061",-6.2642241,106.86606080000001,23.59,VALID (< 30m),2025-08-16,BASE,242.93,155.12,63.9,295.62,82.2,17.8,52.69,87.81,140.5,5,4.1° – 34.4°,15.2,79,1612.6,400,31.6,48.08,40766.42,40.77,809.0,32.98,,,,,,,,,,,Gap Sedikit
BRT-0018,Halte Simpang Raya Bogor Suci,brt,Halte TransJakarta & Shelter,Jakarta Timur,13750,transjakarta_stations.csv,-6.318777,106.86512,buildings/ChIJO6p4qArtaS4RHkfB8EuwQSs,"https://www.google.com/maps/search/?api=1&query=-6.318820,106.865190",-6.318819899999999,106.8651902,9.11,VALID (< 30m),2024-02-22,BASE,19.15,9.82,51.3,22.01,87.0,13.0,2.86,9.33,12.19,1,8.6° – 8.6°,8.6,5,1554.36,400,2.0,2.99,2486.97,2.49,809.0,2.01,,,,,,,,,,,Gap Sedikit
BRT-0019,Halte Simpang Pinang I Pondok Labu,brt,Halte TransJakarta & Shelter,Jakarta Selatan,12450,transjakarta_stations.csv,-6.308702,106.795996,buildings/ChIJWZICQRjuaS4Rh997ikuXnBA,"https://www.google.com/maps/search/?api=1&query=-6.308758,106.795951",-6.3087577,106.79595099999999,7.94,VALID (< 30m),2024-10-26,BASE,35.63,21.6,60.6,55.22,64.5,35.5,19.59,14.03,33.62,1,4.7° – 4.7°,4.7,11,1603.11,400,4.4,6.8,5642.95,5.64,809.0,4.57,,,,,,,,,,,Gap Besar
BRT-0020,Halte Simpang Raya Ceger Bina Marga,brt,Halte TransJakarta & Shelter,Jakarta Timur,13820,transjakarta_stations.csv,-6.314974,106.89265,buildings/ChIJfwK25kDtaS4RWh1LqRhEGk0,"https://www.google.com/maps/search/?api=1&query=-6.315034,106.892767",-6.3150341,106.89276679999999,14.54,VALID (< 30m),2024-07-27,BASE,131.13,80.51,61.4,157.45,83.3,16.7,26.32,50.63,76.95,3,2.0° – 7.3°,3.9,41,1637.14,400,16.4,26.08,21479.34,21.48,809.0,17.38,,,,,,,,,,,Gap Sedikit
BRT-0021,Halte Simpang Pulo Asem Utara Bada,brt,Halte TransJakarta & Shelter,Jakarta Timur,13220,transjakarta_stations.csv,-6.188953,106.89146,buildings/ChIJr4IWLcL0aS4Roic_fC914R8,"https://www.google.com/maps/search/?api=1&query=-6.189025,106.891470",-6.1890253,106.89146989999999,8.11,VALID (< 30m),2025-08-16,BASE,61.34,39.27,64.0,80.37,76.3,23.7,19.03,22.07,41.1,2,12.5° – 15.7°,13.9,20,1680.03,400,8.0,12.39,10752.21,10.75,809.0,8.7,,,,,,,,,,,Gap Sedang
BRT-0022,Halte Simpang Jln. Pulo Lentut,brt,Halte TransJakarta & Shelter,Jakarta Timur,13920,transjakarta_stations.csv,-6.189456,106.910404,buildings/ChIJGwOoaMv0aS4RUKqRObhHUhE,"https://www.google.com/maps/search/?api=1&query=-6.189605,106.910455",-6.189604699999999,106.9104555,17.49,VALID (< 30m),2024-10-26,BASE,35.57,23.56,66.2,38.78,91.7,8.3,3.21,12.01,15.22,1,24.1° – 24.1°,24.1,12,1681.49,400,4.8,7.27,6456.94,6.46,809.0,5.22,,,,,,,,,,,Gap Sedikit
BRT-0023,Halte Simpang Mandala Dwikora,brt,Halte TransJakarta & Shelter,Jakarta Timur,13610,transjakarta_stations.csv,-6.245022,106.8922,buildings/ChIJ_SQD0DzzaS4R7ucwoMq63lw,"https://www.google.com/maps/search/?api=1&query=-6.245086,106.892292",-6.2450863,106.89229189999999,12.42,VALID (< 30m),2025-08-16,BASE,35.22,23.56,66.9,39.18,89.9,10.1,3.97,11.65,15.62,1,11.0° – 11.0°,11.0,12,1624.33,400,4.8,7.58,6237.41,6.24,809.0,5.05,,,,,,,,,,,Gap Sedikit
BRT-0024,Halte Simpang Pos Pengumben Panjang Arteri,brt,Halte TransJakarta & Shelter,Jakarta Barat,11540,transjakarta_stations.csv,-6.215786,106.77421,buildings/GhIJLSg5--vcGMARapyvMoqxWkA,"https://www.google.com/maps/search/?api=1&query=-6.215765,106.774059",-6.2157655,106.7740589,16.86,VALID (< 30m),2024-10-26,BASE,31.66,21.6,68.2,59.21,53.5,46.5,27.56,10.06,37.61,1,13.8° – 13.8°,13.8,11,1625.97,400,4.4,6.68,5723.42,5.72,809.0,4.63,,,,,,,,,,,Gap Besar
BRT-0025,Halte Sbr. Plaza Senayan,brt,Halte TransJakarta & Shelter,Jakarta Selatan,10270,transjakarta_stations.csv,-6.224597,106.798165,buildings/GhIJxijCsyzmGMARETrPFhKzWkA,"https://www.google.com/maps/search/?api=1&query=-6.224780,106.797975",-6.2247799,106.797975,29.24,VALID (< 30m),2025-08-16,BASE,57.73,37.31,64.6,57.73,100.0,0.0,0.0,20.42,20.42,1,13.4° – 13.4°,13.4,19,1569.81,400,7.6,11.54,9544.46,9.54,809.0,7.72,,,,,,,,,,,Gap Sedikit
BRT-0026,Halte Terminal 3,brt,Halte TransJakarta & Shelter,Kota Tangerang,15126,transjakarta_stations.csv,-6.11963,106.66687,buildings/ChIJsVdwZV0Cai4RNk3qH_5PJBA,"https://www.google.com/maps/search/?api=1&query=-6.119980,106.665713",-6.1199799,106.66571289999999,133.72,REVIEW (> 30m),2025-07-26,BASE,1276.36,1095.66,85.8,1591.95,80.2,19.8,315.59,180.69,496.29,2,20.2° – 35.8°,25.0,558,1699.54,400,223.2,347.75,303470.26,303.47,809.0,245.51,,,,,,,,,,,Gap Sedikit
BRT-0027,Halte Simpang Pisangan Lama III Selatan,brt,Halte TransJakarta & Shelter,Jakarta Timur,13230,transjakarta_stations.csv,-6.213529,106.87885,buildings/ChIJtZOMGp30aS4RAwQ6ulPmRmY,"https://www.google.com/maps/search/?api=1&query=-6.213526,106.878878",-6.2135263,106.87887789999999,3.1,VALID (< 30m),2025-08-16,BASE,40.63,25.53,62.8,50.72,80.1,19.9,10.09,15.11,25.19,1,2.3° – 2.3°,2.3,13,1577.45,400,5.2,7.84,6562.18,6.56,809.0,5.31,,,,,,,,,,,Gap Sedikit
BRT-0028,Halte Mall,brt,Halte TransJakarta & Shelter,Kota Tangerang,15143,transjakarta_stations.csv,-6.22232,106.65501,buildings/GhIJGkBCLxrjGMARV2QUm-epWkA,"https://www.google.com/maps/search/?api=1&query=-6.221803,106.654747",-6.2218031,106.654747,64.41,REVIEW (> 30m),2025-07-26,BASE,62.88,41.23,65.6,84.9,74.1,25.9,22.02,21.65,43.66,1,8.3° – 8.3°,8.3,21,1606.21,400,8.4,13.2,10793.75,10.79,809.0,8.73,,,,,,,,,,,Gap Sedang
BRT-0029,Halte Simpang Pisangan Lama Selatan III,brt,Halte TransJakarta & Shelter,Jakarta Timur,13230,transjakarta_stations.csv,-6.21387,106.87884,buildings/ChIJQzHiE530aS4RpPjF664khbg,"https://www.google.com/maps/search/?api=1&query=-6.213870,106.878699",-6.2138696,106.8786994,15.54,VALID (< 30m),2025-08-16,BASE,325.55,251.34,77.2,407.29,79.9,20.1,81.74,74.22,155.96,6,8.1° – 14.5°,10.8,128,1660.67,400,51.2,83.41,68021.15,68.02,809.0,55.03,,,,,,,,,,,Gap Sedang
BRT-0030,Halte Simpang Pisok Giring Giring,brt,Halte TransJakarta & Shelter,Jakarta Timur,14240,transjakarta_stations.csv,-6.16936,106.90739,buildings/ChIJKVE-7Cv1aS4RQscAL8pzQ0g,"https://www.google.com/maps/search/?api=1&query=-6.169494,106.907526",-6.169493699999999,106.9075259,21.14,VALID (< 30m),2025-07-05,BASE,175.05,119.78,68.4,224.11,78.1,21.9,49.06,55.27,104.33,3,11.6° – 21.2°,16.5,61,1704.87,400,24.4,39.89,33279.15,33.28,809.0,26.92,,,,,,,,,,,Gap Sedang
BRT-0031,Halte Simpang Pitungan,brt,Halte TransJakarta & Shelter,Kota Bekasi,14150,transjakarta_stations.csv,-6.100212,106.9606,buildings/ChIJ1wAAHPggai4Rtp_JWq4NGFc,"https://www.google.com/maps/search/?api=1&query=-6.100302,106.960607",-6.1003022,106.960607,10.06,VALID (< 30m),2025-07-05,BASE,50.08,33.38,66.6,56.86,88.1,11.9,6.78,16.7,23.48,1,7.4° – 7.4°,7.4,17,1728.58,400,6.8,11.56,9403.45,9.4,809.0,7.61,,,,,,,,,,,Gap Sedikit
BRT-0032,Halte Simpang PKP Raya KDW,brt,Halte TransJakarta & Shelter,Kota Depok,13730,transjakarta_stations.csv,-6.340963,106.8873,buildings/ChIJgUcv8-DsaS4RMxhVa8GDWUg,"https://www.google.com/maps/search/?api=1&query=-6.340959,106.887200",-6.3409588,106.88719959999999,11.11,VALID (< 30m),2024-02-22,BASE,15.82,7.85,49.6,19.98,79.2,20.8,4.15,7.97,12.12,1,24.8° – 24.8°,24.8,4,1600.35,400,1.6,2.47,2048.45,2.05,809.0,1.66,,,,,,,,,,,Gap Sedang
BRT-0033,Halte Simpang Pluit Raya,brt,Halte TransJakarta & Shelter,Jakarta Utara,14440,transjakarta_stations.csv,-6.127123,106.80441,buildings/ChIJd2RCP_Adai4RvVqmhpxk8G8,"https://www.google.com/maps/search/?api=1&query=-6.127266,106.804260",-6.127266499999999,106.80425950000001,23.05,VALID (< 30m),2025-07-26,BASE,377.21,253.3,67.2,471.99,79.9,20.1,94.77,123.91,218.69,5,7.0° – 30.2°,9.4,129,1622.48,400,51.6,80.89,66976.13,66.98,809.0,54.18,,,,,,,,,,,Gap Sedang
BRT-0034,Halte Simpang Poncol Raya Ciracas,brt,Halte TransJakarta & Shelter,Kota Depok,13750,transjakarta_stations.csv,-6.329862,106.86873,buildings/ChIJ5WRqRgbtaS4ReAdqifcFr6E,"https://www.google.com/maps/search/?api=1&query=-6.329817,106.868808",-6.329816699999999,106.86880819999999,10.0,VALID (< 30m),2024-02-22,BASE,161.06,115.85,71.9,196.58,81.9,18.1,35.51,45.22,80.73,5,0.8° – 24.8°,13.5,59,1618.77,400,23.6,35.51,30562.43,30.56,809.0,24.72,,,,,,,,,,,Gap Sedikit
BRT-0035,Halte Simpang Pondok Bambu Batas 1,brt,Halte TransJakarta & Shelter,Jakarta Timur,13430,transjakarta_stations.csv,-6.241476,106.90061,buildings/ChIJqzxpCjrzaS4RTiJttdJ_wi8,"https://www.google.com/maps/search/?api=1&query=-6.241412,106.900367",-6.2414117,106.9003669,27.81,VALID (< 30m),2025-08-16,BASE,101.22,78.54,77.6,163.57,61.9,38.1,62.35,22.67,85.03,2,25.3° – 27.8°,26.5,40,1606.22,400,16.0,23.62,20559.64,20.56,809.0,16.63,,,,,,,,,,,Gap Besar
BRT-0036,Halte Simpang Meruya Selatan Saaba,brt,Halte TransJakarta & Shelter,Kota Tangerang,11640,transjakarta_stations.csv,-6.21516,106.73771,buildings/ChIJ9zIu1E33aS4RkSbf1QOzl1A,"https://www.google.com/maps/search/?api=1&query=-6.215177,106.737878",-6.2151768,106.7378784,18.71,VALID (< 30m),2023-08-06,BASE,203.65,125.67,61.7,220.02,92.6,7.4,16.37,77.98,94.35,6,6.8° – 33.5°,23.1,64,1648.88,400,25.6,39.26,33769.09,33.77,809.0,27.32,,,,,,,,,,,Gap Sedikit
BRT-0037,Halte Simpang Palmerah Barat Rawa Belong,brt,Halte TransJakarta & Shelter,Jakarta Barat,12210,transjakarta_stations.csv,-6.206786,106.783898,buildings/ChIJpeaNFcX2aS4RD0QqoklutB8,"https://www.google.com/maps/search/?api=1&query=-6.206885,106.783956",-6.2068846,106.78395599999999,12.7,VALID (< 30m),2025-08-16,BASE,124.68,102.1,81.9,203.93,61.1,38.9,79.25,22.57,101.83,2,11.3° – 14.3°,12.7,52,1614.87,400,20.8,31.88,26871.38,26.87,809.0,21.74,,,,,,,,,,,Gap Besar
BRT-0038,Halte Simpang Ps. Warakas 2,brt,Halte TransJakarta & Shelter,Jakarta Utara,14370,transjakarta_stations.csv,-6.115576,106.880037,buildings/ChIJ_SiHBscfai4R5O0V2dLzd2k,"https://www.google.com/maps/search/?api=1&query=-6.115486,106.880117",-6.115486100000001,106.8801173,13.37,VALID (< 30m),2025-07-26,BASE,50.36,27.49,54.6,77.13,65.3,34.7,26.77,22.87,49.64,2,4.3° – 6.8°,5.2,14,1700.1,400,5.6,9.24,7616.44,7.62,809.0,6.16,,,,,,,,,,,Gap Besar
BRT-0039,Halte Simpang Patra Kepa,brt,Halte TransJakarta & Shelter,Jakarta Barat,11510,transjakarta_stations.csv,-6.183013,106.779963,buildings/ChIJPb8zKPr2aS4RbrOKBGIqhUA,"https://www.google.com/maps/search/?api=1&query=-6.183051,106.780024",-6.1830514999999995,106.7800245,8.03,VALID (< 30m),2024-10-26,BASE,52.9,33.38,63.1,74.0,71.5,28.5,21.1,19.52,40.62,1,4.7° – 4.7°,4.7,17,1629.09,400,6.8,10.89,8862.24,8.86,809.0,7.17,,,,,,,,,,,Gap Sedang
BRT-0040,Halte Simpang Pondok Bambu Batas 3,brt,Halte TransJakarta & Shelter,Jakarta Timur,13430,transjakarta_stations.csv,-6.241251,106.90098,buildings/ChIJDT0_pTDzaS4RpP7bk2QZ_1M,"https://www.google.com/maps/search/?api=1&query=-6.241055,106.901123",-6.2410546,106.9011227,26.94,VALID (< 30m),2025-08-16,BASE,343.15,245.44,71.5,404.77,84.8,15.2,61.62,97.7,159.32,5,3.1° – 13.3°,5.8,125,1660.58,400,50.0,78.99,66423.05,66.42,809.0,53.74,,,,,,,,,,,Gap Sedikit
BRT-0041,Halte Simpang Pondok Baru Gongseng Raya,brt,Halte TransJakarta & Shelter,Kota Depok,13770,transjakarta_stations.csv,-6.326243,106.85929,buildings/ChIJwVJefqbtaS4RfHPwg3hTXLU,"https://www.google.com/maps/search/?api=1&query=-6.326213,106.859416",-6.326213,106.859416,14.32,VALID (< 30m),2024-02-22,BASE,128.07,82.47,64.4,149.69,85.6,14.4,21.61,45.6,67.22,3,3.0° – 14.5°,9.6,42,1639.54,400,16.8,26.19,22035.45,22.04,809.0,17.83,,,,,,,,,,,Gap Sedikit
BRT-0042,Halte Simpang Raya Ceger Mabes Hankam,brt,Halte TransJakarta & Shelter,Jakarta Timur,13820,transjakarta_stations.csv,-6.306447,106.88835,buildings/ChIJnxhE92ftaS4RQc7noyL5hOQ,"https://www.google.com/maps/search/?api=1&query=-6.306511,106.888330",-6.306510599999999,106.8883298,7.42,VALID (< 30m),2024-10-26,BASE,20.53,9.82,47.8,28.87,71.1,28.9,8.34,10.71,19.05,1,7.6° – 7.6°,7.6,5,1630.75,400,2.0,3.17,2609.21,2.61,809.0,2.11,,,,,,,,,,,Gap Sedang
BRT-0043,Halte Simpang Raya Cilincing Sungai Landak,brt,Halte TransJakarta & Shelter,Jakarta Utara,14120,transjakarta_stations.csv,-6.101579,106.93808,buildings/ChIJ59Q22Ecgai4RzIJ2W26zv9w,"https://www.google.com/maps/search/?api=1&query=-6.101485,106.938009",-6.101485299999999,106.93800850000001,13.08,VALID (< 30m),2025-07-05,BASE,214.17,145.3,67.8,269.87,79.4,20.6,55.7,68.87,124.57,3,3.4° – 8.1°,6.1,74,1726.69,400,29.6,50.38,40887.99,40.89,809.0,33.08,,,,,,,,,,,Gap Sedang
BRT-0044,Halte Koja Trade Mall,brt,Halte TransJakarta & Shelter,Jakarta Utara,14260,transjakarta_stations.csv,-6.122508,106.91677,buildings/ChIJuWaiyhwgai4RVBTtrqkLR4A,"https://www.google.com/maps/search/?api=1&query=-6.122402,106.916703",-6.1224018,106.9167028,13.95,VALID (< 30m),2025-07-05,BASE,197.87,149.23,75.4,247.41,80.0,20.0,49.54,48.64,98.18,3,6.5° – 12.7°,8.8,76,1690.32,400,30.4,49.45,41108.48,41.11,809.0,33.26,,,,,,,,,,,Gap Sedikit
BRT-0045,Halte Simpang Raya Condet Batu Ampar,brt,Halte TransJakarta & Shelter,Jakarta Timur,13520,transjakarta_stations.csv,-6.28409,106.85556,buildings/ChIJTWDct2XyaS4Rt1EY1wSGy3s,"https://www.google.com/maps/search/?api=1&query=-6.284018,106.855539",-6.2840182,106.8555392,8.31,VALID (< 30m),2025-08-16,BASE,95.25,62.83,66.0,112.34,84.8,15.2,17.09,32.41,49.5,3,17.7° – 23.2°,20.9,32,1602.75,400,12.8,18.7,16412.19,16.41,809.0,13.28,,,,,,,,,,,Gap Sedikit
BRT-0046,Halte Terminal 2,brt,Halte TransJakarta & Shelter,Kota Tangerang,15126,transjakarta_stations.csv,-6.12259,106.65267,buildings/ChIJRfhP1GoCai4R9tnvSD4z6tg,"https://www.google.com/maps/search/?api=1&query=-6.122280,106.653171",-6.1222802,106.6531706,65.19,REVIEW (> 30m),2025-07-26,BASE,44838.66,30197.51,67.3,58540.7,76.6,23.4,13702.05,14641.15,28343.19,226,0.1° – 52.8°,7.8,15379,1728.67,400,6151.6,10235.37,8507269.1,8507.27,809.0,6882.37,,,,,,,,,,,Gap Sedang
BRT-0047,Halte Simpang DDN Pondok Labu,brt,Halte TransJakarta & Shelter,Jakarta Selatan,12450,transjakarta_stations.csv,-6.312668,106.79687,buildings/ChIJB7ulqxfuaS4RwhK_fav7Rmw,"https://www.google.com/maps/search/?api=1&query=-6.312605,106.796905",-6.3126052999999995,106.796905,7.97,VALID (< 30m),2024-10-26,BASE,258.17,190.46,73.8,286.35,90.2,9.8,28.18,67.71,95.88,4,6.4° – 24.6°,15.6,97,1612.72,400,38.8,60.48,50058.85,50.06,809.0,40.5,,,,,,,,,,,Gap Sedikit
BRT-0048,Halte Stasiun Kereta Bandara,brt,Halte TransJakarta & Shelter,Kota Tangerang,15126,transjakarta_stations.csv,-6.126999,106.653183,buildings/ChIJZdFMNBMCai4RacOSuHP5HJw,"https://www.google.com/maps/search/?api=1&query=-6.127129,106.652921",-6.1271287,106.65292079999999,32.38,REVIEW (> 30m),2025-07-26,BASE,2662.51,1932.14,72.6,2863.95,93.0,7.0,201.44,730.37,931.81,33,2.3° – 24.3°,13.2,984,1720.99,400,393.6,646.82,541905.84,541.91,809.0,438.4,,,,,,,,,,,Gap Sedikit
BRT-0049,Halte Simpang Demi Serong Jatibaru,brt,Halte TransJakarta & Shelter,Jakarta Pusat,10160,transjakarta_stations.csv,-6.181147,106.81714,buildings/ChIJnQ1374H2aS4RNMl6krEH79g,"https://www.google.com/maps/search/?api=1&query=-6.180974,106.817125",-6.180973799999999,106.81712519999999,19.33,VALID (< 30m),2025-08-16,BASE,70.09,41.23,58.8,70.99,98.7,1.3,0.9,28.86,29.76,2,19.3° – 27.1°,23.1,21,1492.79,400,8.4,11.28,10031.58,10.03,809.0,8.12,,,,,,,,,,,Gap Sedikit
BRT-0050,Halte Terminal 1A,brt,Halte TransJakarta & Shelter,Kota Tangerang,15126,transjakarta_stations.csv,-6.129437,106.656463,buildings/ChIJY-IEom0Cai4R64xJAgjby0w,"https://www.google.com/maps/search/?api=1&query=-6.129481,106.656057",-6.1294809,106.6560567,45.18,REVIEW (> 30m),2025-07-26,BASE,67.9,39.27,57.8,76.29,89.0,11.0,8.4,28.63,37.02,2,4.3° – 8.3°,7.0,20,1692.42,400,8.0,13.32,10831.49,10.83,809.0,8.76,,,,,,,,,,,Gap Sedikit
BRT-0051,Halte Simpang Semangka I,brt,Halte TransJakarta & Shelter,Jakarta Barat,11430,transjakarta_stations.csv,-6.179887,106.8059,buildings/ChIJk6DrgYj2aS4RgA-RiuahQ1s,"https://www.google.com/maps/search/?api=1&query=-6.179810,106.805920",-6.1798103,106.8059203,8.82,VALID (< 30m),2025-08-16,BASE,47.64,29.45,61.8,66.64,71.5,28.5,19.0,18.18,37.18,2,16.8° – 18.4°,17.1,15,1510.5,400,6.0,8.89,7250.41,7.25,809.0,5.87,,,,,,,,,,,Gap Sedang
BRT-0052,Halte Simpang Semangka III,brt,Halte TransJakarta & Shelter,Jakarta Barat,11430,transjakarta_stations.csv,-6.180659,106.80608,buildings/ChIJq-zDIIb2aS4RuQmqi5JSBDU,"https://www.google.com/maps/search/?api=1&query=-6.180623,106.806159",-6.1806233,106.80615879999999,9.57,VALID (< 30m),2025-08-16,BASE,213.35,113.89,53.4,251.93,84.7,15.3,38.58,99.46,138.05,6,2.3° – 17.9°,10.4,58,1639.61,400,23.2,36.7,30431.1,30.43,809.0,24.62,,,,,,,,,,,Gap Sedikit
BRT-0053,Halte Simpang Semangka Mahoni,brt,Halte TransJakarta & Shelter,Jakarta Utara,14270,transjakarta_stations.csv,-6.116007,106.91315,buildings/ChIJedRnPR4gai4RPlJL7KoipRA,"https://www.google.com/maps/search/?api=1&query=-6.116124,106.913049",-6.1161237999999996,106.91304919999999,17.11,VALID (< 30m),2025-07-05,BASE,399.0,270.97,67.9,430.33,92.7,7.3,31.33,128.03,159.35,9,1.0° – 23.7°,12.7,138,1714.36,400,55.2,90.51,75706.15,75.71,809.0,61.25,,,,,,,,,,,Gap Sedikit
BRT-0054,Halte Simpang Deplu Raya,brt,Halte TransJakarta & Shelter,Jakarta Selatan,12330,transjakarta_stations.csv,-6.27231,106.7649,buildings/ChIJh25CeE7waS4RcGzsRdqjb7A,"https://www.google.com/maps/search/?api=1&query=-6.272400,106.764714",-6.2723998,106.7647145,22.81,VALID (< 30m),2023-08-06,BASE,88.92,62.83,70.7,146.47,60.7,39.3,57.55,26.09,83.64,1,4.5° – 4.5°,4.5,32,1623.15,400,12.8,20.51,16621.04,16.62,809.0,13.45,,,,,,,,,,,Gap Besar
BRT-0055,Halte Simpang Betet Camar 2,brt,Halte TransJakarta & Shelter,Jakarta Utara,14130,transjakarta_stations.csv,-6.115382,106.92322,buildings/ChIJ_9-txRkgai4RRlhNC2fBHb8,"https://www.google.com/maps/search/?api=1&query=-6.115353,106.923092",-6.1153528999999995,106.92309189999999,14.53,VALID (< 30m),2025-07-05,BASE,112.73,74.62,66.2,148.69,75.8,24.2,35.95,38.12,74.07,2,5.1° – 17.9°,8.1,38,1703.27,400,15.2,24.75,20711.71,20.71,809.0,16.76,,,,,,,,,,,Gap Sedang
BRT-0056,Halte Simpang Seroja Cempaka,brt,Halte TransJakarta & Shelter,Jakarta Barat,11430,transjakarta_stations.csv,-6.181809,106.7991,buildings/ChIJu_P77Yv2aS4RXx6m5nMs3tA,"https://www.google.com/maps/search/?api=1&query=-6.181687,106.799002",-6.1816873999999995,106.79900160000001,17.35,VALID (< 30m),2025-08-16,BASE,289.83,200.28,69.1,369.28,78.5,21.5,79.45,89.55,169.0,8,0.9° – 26.6°,21.2,102,1631.34,400,40.8,60.68,53246.93,53.25,809.0,43.08,,,,,,,,,,,Gap Sedang
BRT-0057,Halte Simpang Rawa Belong Palmerah Barat,brt,Halte TransJakarta & Shelter,Jakarta Barat,11480,transjakarta_stations.csv,-6.206644,106.784036,buildings/ChIJPeCyF8X2aS4RKh0vN6FjkN0,"https://www.google.com/maps/search/?api=1&query=-6.206619,106.784058",-6.2066194,106.7840581,3.67,VALID (< 30m),2025-08-16,BASE,21.68,11.78,54.3,21.68,100.0,0.0,0.0,9.9,9.9,1,17.7° – 17.7°,17.7,6,1399.0,400,2.4,3.11,2686.08,2.69,809.0,2.17,,,,,,,,,,,Gap Sedikit
BRT-0058,Halte Simpang Seruling Musik Raya,brt,Halte TransJakarta & Shelter,Jakarta Timur,14240,transjakarta_stations.csv,-6.17436,106.9095,buildings/ChIJg0PidtX0aS4RBfHlLrjsXic,"https://www.google.com/maps/search/?api=1&query=-6.174481,106.909540",-6.1744809,106.90954029999999,14.16,VALID (< 30m),2025-07-05,BASE,391.95,284.72,72.6,544.75,72.0,28.0,152.8,107.24,260.03,6,4.4° – 24.1°,14.3,145,1701.16,400,58.0,92.99,78934.05,78.93,809.0,63.86,,,,,,,,,,,Gap Sedang
BRT-0059,Halte Simpang Sinar Lagoa,brt,Halte TransJakarta & Shelter,Jakarta Utara,14270,transjakarta_stations.csv,-6.108986,106.90781,buildings/ChIJHzv_vYsfai4Rl23r8KbYJFg,"https://www.google.com/maps/search/?api=1&query=-6.109001,106.907824",-6.109000699999999,106.9078237,2.23,VALID (< 30m),2025-07-05,BASE,85.63,62.83,73.4,113.69,75.3,24.7,28.06,22.79,50.85,2,5.1° – 16.8°,10.3,32,1708.08,400,12.8,21.53,17490.72,17.49,809.0,14.15,,,,,,,,,,,Gap Sedang
BRT-0060,Halte Simpang Jln. Fajar Baru Utara,brt,Halte TransJakarta & Shelter,Kota Tangerang,11730,transjakarta_stations.csv,-6.14669,106.73446,buildings/ChIJgTZ82vr3aS4R7aUQ2e0oDfo,"https://www.google.com/maps/search/?api=1&query=-6.146666,106.734507",-6.146666199999999,106.73450729999999,5.86,VALID (< 30m),2024-09-19,BASE,46.09,33.38,72.4,61.61,74.8,25.2,15.52,12.71,28.23,1,5.2° – 5.2°,5.2,17,1677.63,400,6.8,11.19,9126.29,9.13,809.0,7.38,,,,,,,,,,,Gap Sedang
BRT-0061,Halte Simpang SMKN 35,brt,Halte TransJakarta & Shelter,Jakarta Pusat,10140,transjakarta_stations.csv,-6.161102,106.81006,buildings/GhIJW5FJEx2lGMAR-bdgGdezWkA,"https://www.google.com/maps/search/?api=1&query=-6.161247,106.810007",-6.1612471,106.81000680000001,17.17,VALID (< 30m),2025-07-26,BASE,29.88,7.85,26.3,29.88,100.0,0.0,0.0,22.03,22.03,2,12.6° – 23.9°,16.2,4,1432.59,400,1.6,2.24,1833.71,1.83,809.0,1.48,,,,,,,,,,,Gap Sedikit
BRT-0062,Halte Simpang Squadron,brt,Halte TransJakarta & Shelter,Jakarta Timur,13570,transjakarta_stations.csv,-6.267009,106.87725,buildings/ChIJ54Pa--_yaS4RGTzQ10_ilRo,"https://www.google.com/maps/search/?api=1&query=-6.266970,106.877345",-6.266969500000001,106.87734530000002,11.41,VALID (< 30m),2025-08-16,BASE,104.34,74.62,71.5,131.74,79.2,20.8,27.4,29.73,57.13,2,4.5° – 10.4°,9.5,38,1593.17,400,15.2,23.5,19372.96,19.37,809.0,15.67,,,,,,,,,,,Gap Sedang
BRT-0063,Halte Simpang Sasak I Panjang Arteri,brt,Halte TransJakarta & Shelter,Jakarta Barat,11550,transjakarta_stations.csv,-6.206777,106.77019,buildings/ChIJz3GIiCf3aS4R9CGMENB_wg4,"https://www.google.com/maps/search/?api=1&query=-6.206936,106.770422",-6.2069364,106.7704225,31.22,REVIEW (> 30m),2023-08-06,BASE,134.4,76.58,57.0,158.06,85.0,15.0,23.66,57.82,81.48,4,18.3° – 27.8°,22.5,39,1626.11,400,15.6,24.24,20293.81,20.29,809.0,16.42,,,,,,,,,,,Gap Sedikit
BRT-0064,Halte Simpang Sagu Pepaya Raya,brt,Halte TransJakarta & Shelter,Jakarta Selatan,12620,transjakarta_stations.csv,-6.317811,106.81912,buildings/ChIJi66-N-DtaS4RGeF8zbs86Ms,"https://www.google.com/maps/search/?api=1&query=-6.317736,106.819179",-6.317736,106.8191787,10.57,VALID (< 30m),2024-02-22,BASE,67.86,43.2,63.7,71.09,95.5,4.5,3.23,24.66,27.89,1,15.9° – 15.9°,15.9,22,1624.8,400,8.8,13.43,11438.56,11.44,809.0,9.25,,,,,,,,,,,Gap Sedikit
BRT-0065,Halte Simpang Sadar H. Montong,brt,Halte TransJakarta & Shelter,Kota Depok,12630,transjakarta_stations.csv,-6.337924,106.81347,buildings/ChIJE-JVXn7uaS4RDs5FHGDfgCo,"https://www.google.com/maps/search/?api=1&query=-6.338003,106.813581",-6.3380027,106.8135806,15.03,VALID (< 30m),2024-02-22,BASE,57.16,43.2,75.6,68.11,83.9,16.1,10.96,13.96,24.92,2,18.2° – 29.1°,22.9,22,1630.56,400,8.8,13.32,11479.17,11.48,809.0,9.29,,,,,,,,,,,Gap Sedikit
BRT-0066,Halte Simpang Raya Tengah Waru,brt,Halte TransJakarta & Shelter,Jakarta Timur,13760,transjakarta_stations.csv,-6.29326,106.85985,buildings/ChIJUcOapX7yaS4RYoOz20vQpKE,"https://www.google.com/maps/search/?api=1&query=-6.293219,106.859940",-6.293219499999999,106.8599399,10.91,VALID (< 30m),2025-08-16,BASE,176.58,115.85,65.6,226.1,78.1,21.9,49.53,60.73,110.25,6,29.5° – 37.9°,31.4,59,1567.07,400,23.6,33.43,29586.27,29.59,809.0,23.94,,,,,,,,,,,Gap Sedang
BRT-0067,Halte Simpang Raya KDW PKP,brt,Halte TransJakarta & Shelter,Kota Depok,13730,transjakarta_stations.csv,-6.340686,106.88691,buildings/ChIJDwqH8-DsaS4RRrg2Crprk0U,"https://www.google.com/maps/search/?api=1&query=-6.340800,106.886968",-6.340800499999999,106.88696770000001,14.24,VALID (< 30m),2023-08-08,BASE,167.75,102.1,60.9,228.66,73.4,26.6,60.9,65.65,126.55,5,3.3° – 30.6°,9.9,52,1661.79,400,20.8,33.24,27652.23,27.65,809.0,22.37,,,,,,,,,,,Gap Sedang
BRT-0068,Halte Simpang Raya PKP Cibubur I,brt,Halte TransJakarta & Shelter,Kota Depok,13720,transjakarta_stations.csv,-6.34034,106.87371,buildings/ChIJZS9uqP3saS4RPEkJhKw59gY,"https://www.google.com/maps/search/?api=1&query=-6.340332,106.873771",-6.3403320999999995,106.8737712,6.82,VALID (< 30m),2024-02-22,BASE,18.59,3.93,21.1,22.13,84.0,16.0,3.54,14.67,18.2,1,2.8° – 2.8°,2.8,2,1633.21,400,0.8,0.0,1045.25,1.05,809.0,0.85,,,,,,,,,,,Gap Sedikit
BRT-0069,Halte Simpang Raya Pondok Gede 1,brt,Halte TransJakarta & Shelter,Jakarta Timur,17414,transjakarta_stations.csv,-6.284753,106.91028,buildings/ChIJI0P8krLyaS4R4-8JOp1ocq4,"https://www.google.com/maps/search/?api=1&query=-6.284836,106.910204",-6.2848358,106.910204,12.46,VALID (< 30m),2024-10-26,BASE,105.48,78.54,74.5,144.06,73.2,26.8,38.58,26.94,65.52,1,2.3° – 2.3°,2.3,40,1671.65,400,16.0,25.69,21397.06,21.4,809.0,17.31,,,,,,,,,,,Gap Sedang
BRT-0070,Halte Simpang Raya Pondok Gede 2,brt,Halte TransJakarta & Shelter,Jakarta Timur,17411,transjakarta_stations.csv,-6.283372,106.91042,buildings/ChIJm-Y_HLPyaS4RFcM2CoNYUY4,"https://www.google.com/maps/search/?api=1&query=-6.283202,106.910343",-6.2832023999999995,106.9103427,20.7,VALID (< 30m),2024-10-26,BASE,86.85,49.09,56.5,130.82,66.4,33.6,43.98,37.76,81.73,2,3.5° – 7.4°,6.2,25,1597.71,400,10.0,15.06,12781.7,12.78,809.0,10.34,,,,,,,,,,,Gap Besar
BRT-0071,Halte Simpang Pramuka 2,brt,Halte TransJakarta & Shelter,Jakarta Timur,13120,transjakarta_stations.csv,-6.192457,106.874554,buildings/ChIJ2TT6V_L0aS4Rkdekuk7Ub5Y,"https://www.google.com/maps/search/?api=1&query=-6.192643,106.874604",-6.1926429999999995,106.8746039,21.41,VALID (< 30m),2025-08-16,BASE,77.19,56.94,73.8,102.47,75.3,24.7,25.28,20.25,45.53,2,7.3° – 10.0°,8.7,29,1589.16,400,11.6,18.05,14747.44,14.75,809.0,11.93,,,,,,,,,,,Gap Sedang
BRT-0072,Halte Simpang Pramuka 1,brt,Halte TransJakarta & Shelter,Jakarta Timur,10570,transjakarta_stations.csv,-6.191823,106.873279,buildings/ChIJbSx8s_P0aS4R_XMEYDI-DI4,"https://www.google.com/maps/search/?api=1&query=-6.191753,106.873686",-6.1917529,106.87368560000002,45.62,REVIEW (> 30m),2024-10-26,BASE,11.83,5.89,49.8,11.83,100.0,0.0,0.0,5.94,5.94,1,14.5° – 14.5°,14.5,3,1646.28,400,1.2,0.0,1580.42,1.58,809.0,1.28,,,,,,,,,,,Gap Sedikit
BRT-0073,Halte Simpang Raya Tengah H. Ali,brt,Halte TransJakarta & Shelter,Jakarta Timur,13520,transjakarta_stations.csv,-6.292515,106.85951,buildings/ChIJeT8IBHzyaS4Rq5ec2lIgUb8,"https://www.google.com/maps/search/?api=1&query=-6.292464,106.859536",-6.2924641999999995,106.8595361,6.34,VALID (< 30m),2025-08-16,BASE,127.9,76.58,59.9,164.05,78.0,22.0,36.14,51.32,87.47,5,12.4° – 41.0°,24.6,39,1619.15,400,15.6,23.23,20206.99,20.21,809.0,16.35,,,,,,,,,,,Gap Sedang
BRT-0074,Halte Simpang Rel Kereta Bintaro 1,brt,Halte TransJakarta & Shelter,Jakarta Selatan,12320,transjakarta_stations.csv,-6.256533,106.76259,buildings/ChIJU02VEvnwaS4RQX1bf6-_x6g,"https://www.google.com/maps/search/?api=1&query=-6.256420,106.762628",-6.2564205,106.76262770000001,13.19,VALID (< 30m),2023-08-06,BASE,166.04,108.0,65.0,205.64,80.7,19.3,39.6,58.04,97.65,6,5.8° – 27.2°,19.7,55,1637.52,400,22.0,33.84,28820.27,28.82,809.0,23.32,,,,,,,,,,,Gap Sedikit
BRT-0075,Halte Simpang Sabar Raya Petukangan 1,brt,Halte TransJakarta & Shelter,Jakarta Selatan,12270,transjakarta_stations.csv,-6.236754,106.75243,buildings/ChIJ0Wk7e8HwaS4R1zjN3fpKjvw,"https://www.google.com/maps/search/?api=1&query=-6.236906,106.752335",-6.236905999999999,106.7523348,19.91,VALID (< 30m),2023-08-06,BASE,838.2,563.54,67.2,950.39,88.2,11.8,112.19,274.66,386.85,16,2.5° – 34.8°,10.8,287,1635.53,400,114.8,180.89,150207.36,150.21,809.0,121.52,,,,,,,,,,,Gap Sedikit
BRT-0076,Halte Simpang Rel Kereta Bintaro 2,brt,Halte TransJakarta & Shelter,Jakarta Selatan,12320,transjakarta_stations.csv,-6.256574,106.76224,buildings/ChIJUQAiDPnwaS4RowmFvT00Jvk,"https://www.google.com/maps/search/?api=1&query=-6.256641,106.762258",-6.2566415,106.7622579,7.76,VALID (< 30m),2023-08-06,BASE,46.11,25.53,55.4,60.77,75.9,24.1,14.66,20.58,35.25,2,3.4° – 25.3°,8.6,13,1635.88,400,5.2,7.84,6805.27,6.81,809.0,5.51,,,,,,,,,,,Gap Sedang
BRT-0077,Halte Simpang Rindang Warung Sila,brt,Halte TransJakarta & Shelter,Kota Depok,12630,transjakarta_stations.csv,-6.345832,106.81159,buildings/GhIJkd9_nBliGcARl6lQzu-zWkA,"https://www.google.com/maps/search/?api=1&query=-6.345807,106.811504",-6.3458067,106.811504,9.91,VALID (< 30m),2024-02-22,BASE,18.54,9.82,53.0,18.54,100.0,0.0,0.0,8.72,8.72,1,30.9° – 30.9°,30.9,5,1475.86,400,2.0,2.72,2361.37,2.36,809.0,1.91,,,,,,,,,,,Gap Sedikit
BRT-0078,Halte Simpang Roa Malaka Selatan,brt,Halte TransJakarta & Shelter,Jakarta Utara,11230,transjakarta_stations.csv,-6.134704,106.80998,buildings/ChIJa1Jb6_gdai4RYe41ZGS9R-g,"https://www.google.com/maps/search/?api=1&query=-6.134658,106.810128",-6.1346583,106.81012829999999,17.17,VALID (< 30m),2025-07-26,BASE,640.89,494.82,77.2,744.93,86.0,14.0,104.04,146.08,250.11,4,22.1° – 24.5°,23.1,252,1647.37,400,100.8,157.45,132843.58,132.84,809.0,107.47,,,,,,,,,,,Gap Sedikit
BRT-0079,Halte Simpang Rukun 1,brt,Halte TransJakarta & Shelter,Jakarta Timur,13880,transjakarta_stations.csv,-6.308156,106.91758,buildings/ChIJT1u5L7KSaS4RlXlj4Q0S0UE,"https://www.google.com/maps/search/?api=1&query=-6.308228,106.917541",-6.308228499999999,106.9175411,9.14,VALID (< 30m),2025-05-27,BASE,202.44,131.56,65.0,239.03,84.7,15.3,36.58,70.89,107.47,5,8.6° – 24.7°,18.6,67,1665.08,400,26.8,43.09,35699.29,35.7,809.0,28.88,,,,,,,,,,,Gap Sedikit
BRT-0080,Halte Simpang Saaba Meruya Selatan,brt,Halte TransJakarta & Shelter,Kota Tangerang,11640,transjakarta_stations.csv,-6.214861,106.73735,buildings/ChIJC6YeeE73aS4RH0ZJhnnoqyw,"https://www.google.com/maps/search/?api=1&query=-6.214920,106.737474",-6.2149204,106.7374737,15.19,VALID (< 30m),2023-08-06,BASE,153.37,119.78,78.1,209.6,73.2,26.8,56.23,33.59,89.83,3,8.0° – 20.5°,14.4,61,1663.81,400,24.4,38.32,32477.55,32.48,809.0,26.27,,,,,,,,,,,Gap Sedang
BRT-0081,Halte Simpang Sabar Raya 1,brt,Halte TransJakarta & Shelter,Jakarta Selatan,12270,transjakarta_stations.csv,-6.24116,106.75245,buildings/ChIJ-UjSGOrwaS4Rgh3_bgN8EUk,"https://www.google.com/maps/search/?api=1&query=-6.241213,106.752550",-6.2412129,106.75254969999999,12.49,VALID (< 30m),2023-08-06,BASE,225.68,153.16,67.9,270.85,83.3,16.7,45.17,72.52,117.69,7,5.9° – 28.5°,16.9,78,1625.13,400,31.2,46.15,40563.36,40.56,809.0,32.82,,,,,,,,,,,Gap Sedikit
BRT-0082,Halte Simpang Pertengahan Cijantung,brt,Halte TransJakarta & Shelter,Kota Depok,13770,transjakarta_stations.csv,-6.326543,106.85613,buildings/ChIJB9ykAKXtaS4RuCF_e8FhsTE,"https://www.google.com/maps/search/?api=1&query=-6.326419,106.856129",-6.3264192,106.8561292,13.77,VALID (< 30m),2023-08-08,BASE,246.75,166.9,67.6,275.12,89.7,10.3,28.37,79.85,108.22,9,1.3° – 26.4°,19.1,85,1646.39,400,34.0,51.99,44781.91,44.78,809.0,36.23,,,,,,,,,,,Gap Sedikit
BRT-0083,Halte Simpang Persahabatan Timur,brt,Halte TransJakarta & Shelter,Jakarta Timur,13240,transjakarta_stations.csv,-6.206614,106.88835,buildings/ChIJLzWcdJj0aS4RsGBCn58P8b4,"https://www.google.com/maps/search/?api=1&query=-6.206373,106.888277",-6.206372699999999,106.8882765,28.03,VALID (< 30m),2025-08-16,BASE,355.18,217.95,61.4,416.65,85.2,14.8,61.47,137.22,198.7,9,23.2° – 46.2°,28.7,111,1654.73,400,44.4,67.44,58776.01,58.78,809.0,47.55,,,,,,,,,,,Gap Sedikit
BRT-0084,Halte Simpang Persahabatan Raya,brt,Halte TransJakarta & Shelter,Jakarta Timur,13230,transjakarta_stations.csv,-6.206364,106.88575,buildings/ChIJ1Y9aypn0aS4RIScr8Od_f44,"https://www.google.com/maps/search/?api=1&query=-6.206264,106.885445",-6.206264399999999,106.8854447,35.52,REVIEW (> 30m),2025-08-16,BASE,1030.95,869.85,84.4,1155.15,89.2,10.8,124.2,161.09,285.29,3,16.5° – 20.3°,19.7,443,1649.13,400,177.2,276.79,233781.22,233.78,809.0,189.13,,,,,,,,,,,Gap Sedikit
BRT-0085,Halte Simpang Pahlawan Revolusi Kalimalang,brt,Halte TransJakarta & Shelter,Jakarta Timur,13430,transjakarta_stations.csv,-6.245592,106.90576,buildings/ChIJj1b9Ai7zaS4R29Eqhy-UvqI,"https://www.google.com/maps/search/?api=1&query=-6.245455,106.905734",-6.2454545999999995,106.9057339,15.55,VALID (< 30m),2024-10-26,BASE,79.74,53.02,66.5,95.53,83.5,16.5,15.79,26.72,42.51,2,5.7° – 10.5°,10.1,27,1642.16,400,10.8,17.03,14188.28,14.19,809.0,11.48,,,,,,,,,,,Gap Sedikit
BRT-0086,Halte Simpang Gotong Royong 2,brt,Halte TransJakarta & Shelter,Jakarta Utara,14320,transjakarta_stations.csv,-6.125482,106.89331,buildings/GhIJX2IE1wOAGMARZYeoVim5WkA,"https://www.google.com/maps/search/?api=1&query=-6.125006,106.893148",-6.125006099999999,106.8931484,55.85,REVIEW (> 30m),2025-07-26,BASE,46.18,31.42,68.0,46.18,100.0,0.0,0.0,14.76,14.76,1,32.2° – 32.2°,32.2,16,1591.26,400,6.4,8.95,8147.24,8.15,809.0,6.59,,,,,,,,,,,Gap Sedikit
BRT-0087,Halte Simpang Media Massa,brt,Halte TransJakarta & Shelter,Jakarta Timur,13420,transjakarta_stations.csv,-6.231679,106.88636,buildings/ChIJJ_SuN2rzaS4RVTBYVCN4WFA,"https://www.google.com/maps/search/?api=1&query=-6.231718,106.886302",-6.2317184,106.8863025,7.72,VALID (< 30m),2024-10-26,BASE,18.9,11.78,62.3,18.9,100.0,0.0,0.0,7.12,7.12,1,40.2° – 40.2°,40.2,6,1493.04,400,2.4,3.35,2866.63,2.87,809.0,2.32,,,,,,,,,,,Gap Sedikit
BRT-0088,Halte Simpang Melati Tugu V,brt,Halte TransJakarta & Shelter,Jakarta Utara,14260,transjakarta_stations.csv,-6.121302,106.90799,buildings/ChIJqVBYFPcfai4Ronb75BnOsKg,"https://www.google.com/maps/search/?api=1&query=-6.121255,106.908062",-6.1212545,106.9080623,9.58,VALID (< 30m),2025-07-05,BASE,123.51,92.29,74.7,199.68,61.9,38.1,76.17,31.22,107.39,3,5.0° – 14.5°,7.2,47,1716.94,400,18.8,31.34,25822.82,25.82,809.0,20.89,,,,,,,,,,,Gap Besar
BRT-0089,Halte Simpang Melur Tugu,brt,Halte TransJakarta & Shelter,Jakarta Utara,14260,transjakarta_stations.csv,-6.122641,106.90796,buildings/ChIJD9C1Yfcfai4RTzz2TEyjHWg,"https://www.google.com/maps/search/?api=1&query=-6.122613,106.908033",-6.1226126,106.9080328,8.65,VALID (< 30m),2025-07-05,BASE,60.93,43.2,70.9,97.95,62.2,37.8,37.02,17.73,54.75,1,4.0° – 4.0°,4.0,22,1696.66,400,8.8,14.59,11944.48,11.94,809.0,9.66,,,,,,,,,,,Gap Besar
BRT-0090,Halte Simpang Merak Cipinang Indah,brt,Halte TransJakarta & Shelter,Jakarta Timur,13430,transjakarta_stations.csv,-6.234815,106.894,buildings/ChIJjYOpukDzaS4RFlBcClDEzig,"https://www.google.com/maps/search/?api=1&query=-6.234791,106.893786",-6.2347909,106.8937863,23.77,VALID (< 30m),2025-08-16,BASE,117.55,78.54,66.8,174.5,67.4,32.6,56.95,39.01,95.96,4,22.2° – 45.7°,27.3,40,1629.37,400,16.0,24.06,20855.91,20.86,809.0,16.87,,,,,,,,,,,Gap Besar
BRT-0091,Halte Sbr. Plaza Kemang 88,brt,Halte TransJakarta & Shelter,Jakarta Selatan,12730,transjakarta_stations.csv,-6.270024,106.81553,buildings/GhIJjQiBTZIUGcARSvx2_jK0WkA,"https://www.google.com/maps/search/?api=1&query=-6.270092,106.815604",-6.270092099999999,106.81560359999999,11.11,VALID (< 30m),2025-08-16,BASE,66.87,53.02,79.3,96.15,69.6,30.4,29.28,13.85,43.13,1,3.1° – 3.1°,3.1,27,1641.2,400,10.8,17.02,14179.99,14.18,809.0,11.47,,,,,,,,,,,Gap Besar
BRT-0092,Halte Simpang Meruya Ilir 1,brt,Halte TransJakarta & Shelter,Jakarta Barat,11620,transjakarta_stations.csv,-6.196682,106.75517,buildings/ChIJicLFVxb3aS4R066SFJ30q_c,"https://www.google.com/maps/search/?api=1&query=-6.196606,106.755285",-6.1966065,106.7552851,15.24,VALID (< 30m),2023-08-06,BASE,137.09,86.4,63.0,171.96,79.7,20.3,34.88,50.69,85.57,3,3.2° – 9.0°,4.9,44,1635.6,400,17.6,28.25,23029.29,23.03,809.0,18.63,,,,,,,,,,,Gap Sedang
BRT-0093,Halte Simpang Meruya Ilir 2,brt,Halte TransJakarta & Shelter,Jakarta Barat,11630,transjakarta_stations.csv,-6.196802,106.75542,buildings/ChIJYWj5Uxb3aS4R5jF1QAoKU_M,"https://www.google.com/maps/search/?api=1&query=-6.196875,106.755549",-6.1968751,106.7555489,16.4,VALID (< 30m),2023-08-06,BASE,80.0,53.02,66.3,98.29,81.4,18.6,18.29,26.99,45.28,2,4.9° – 9.5°,8.3,27,1619.07,400,10.8,16.87,13988.77,13.99,809.0,11.32,,,,,,,,,,,Gap Sedikit
BRT-0094,Halte Simpang Meruya Ilir Srengseng,brt,Halte TransJakarta & Shelter,Jakarta Barat,11620,transjakarta_stations.csv,-6.196942,106.75667,buildings/ChIJZacYphf3aS4RMN_43mQkDZQ,"https://www.google.com/maps/search/?api=1&query=-6.196745,106.756666",-6.196744799999999,106.75666609999999,21.93,VALID (< 30m),2023-08-06,BASE,146.12,82.47,56.4,181.96,80.3,19.7,35.84,63.65,99.49,6,7.4° – 22.8°,15.6,42,1640.48,400,16.8,25.79,22048.1,22.05,809.0,17.84,,,,,,,,,,,Gap Sedikit
BRT-0095,Halte Simpang Meruya Ilir Utara,brt,Halte TransJakarta & Shelter,Kota Tangerang,11620,transjakarta_stations.csv,-6.198612,106.74196,buildings/ChIJCS0fGmr3aS4R04Eo-5r9Wcc,"https://www.google.com/maps/search/?api=1&query=-6.198550,106.741833",-6.198549700000001,106.7418328,15.68,VALID (< 30m),2023-08-06,BASE,461.22,318.1,69.0,582.47,79.2,20.8,121.26,143.12,264.38,8,0.5° – 20.5°,4.0,162,1655.76,400,64.8,104.7,85834.37,85.83,809.0,69.44,,,,,,,,,,,Gap Sedang
BRT-0096,Halte Simpang Meruya Panjang Arteri,brt,Halte TransJakarta & Shelter,Jakarta Barat,11530,transjakarta_stations.csv,-6.196626,106.76887,buildings/ChIJFbwfsR_3aS4R3LL8R1g1s5U,"https://www.google.com/maps/search/?api=1&query=-6.196546,106.768760",-6.1965464,106.76875969999999,15.07,VALID (< 30m),2023-08-06,BASE,29.28,15.71,53.7,51.92,56.4,43.6,22.64,13.57,36.21,1,2.9° – 2.9°,2.9,8,1600.67,400,3.2,4.55,4097.71,4.1,809.0,3.32,,,,,,,,,,,Gap Besar
BRT-0097,Halte Simpang Mulya Jaya Cipinang Lontar,brt,Halte TransJakarta & Shelter,Jakarta Timur,13420,transjakarta_stations.csv,-6.217632,106.89025,buildings/ChIJLVkLtV_zaS4RCINSd1WMViE,"https://www.google.com/maps/search/?api=1&query=-6.217558,106.890177",-6.217558299999999,106.8901767,11.52,VALID (< 30m),2025-08-16,BASE,239.45,133.52,55.8,290.41,82.5,17.5,50.96,105.93,156.89,8,1.1° – 22.2°,11.3,68,1654.54,400,27.2,42.39,36002.84,36.0,809.0,29.13,,,,,,,,,,,Gap Sedikit
BRT-0098,Halte Simpang Muwardi Raya,brt,Halte TransJakarta & Shelter,Jakarta Barat,11450,transjakarta_stations.csv,-6.162593,106.79232,buildings/ChIJp5qKJEL2aS4REQ2EJnQwCDE,"https://www.google.com/maps/search/?api=1&query=-6.162613,106.792295",-6.1626126,106.79229529999999,3.49,VALID (< 30m),2025-07-26,BASE,50.86,33.38,65.6,82.39,61.7,38.3,31.53,17.48,49.01,2,10.2° – 37.3°,22.0,17,1625.89,400,6.8,9.74,8844.85,8.84,809.0,7.16,,,,,,,,,,,Gap Besar
BRT-0099,Halte Simpang Nusa Cipinang Indah,brt,Halte TransJakarta & Shelter,Jakarta Timur,13420,transjakarta_stations.csv,-6.233496,106.89006,buildings/ChIJhYswSEDzaS4R4H4UbqsZD5Y,"https://www.google.com/maps/search/?api=1&query=-6.233524,106.890178",-6.2335245,106.89017770000001,13.39,VALID (< 30m),2025-08-16,BASE,257.11,162.98,63.4,328.26,78.3,21.7,71.15,94.13,165.29,5,10.9° – 29.3°,23.2,83,1651.59,400,33.2,51.63,43866.11,43.87,809.0,35.49,,,,,,,,,,,Gap Sedang
BRT-0100,Halte Simpang Rawa Belong Kemanggisan,brt,Halte TransJakarta & Shelter,Jakarta Barat,11530,transjakarta_stations.csv,-6.198872,106.78212,buildings/ChIJI0vUU932aS4RIGfnuZrZjBQ,"https://www.google.com/maps/search/?api=1&query=-6.198749,106.782104",-6.1987495,106.78210449999999,13.73,VALID (< 30m),2024-10-26,BASE,89.85,60.87,67.7,108.18,83.1,16.9,18.33,28.98,47.31,2,19.3° – 25.6°,22.4,31,1615.56,400,12.4,17.76,16026.39,16.03,809.0,12.97,,,,,,,,,,,Gap Sedikit
BRT-0101,Halte Taman Simpang Jatinegara,brt,Halte TransJakarta & Shelter,Jakarta Timur,13350,transjakarta_stations.csv,-6.217541,106.87352,buildings/GhIJHXEGTefeGMARhPAd5-e3WkA,"https://www.google.com/maps/search/?api=1&query=-6.217681,106.873520",-6.2176808999999995,106.87351969999999,15.56,VALID (< 30m),2025-08-16,BASE,49.32,35.34,71.7,85.28,57.8,42.2,35.96,13.97,49.93,1,1.9° – 1.9°,1.9,18,1629.66,400,7.2,11.56,9386.83,9.39,809.0,7.59,,,,,,,,,,,Gap Besar
BRT-0102,Halte Simpang Otista III Selatan,brt,Halte TransJakarta & Shelter,Jakarta Timur,13330,transjakarta_stations.csv,-6.231874,106.86803,buildings/ChIJl9yjM3TzaS4RiTMjeyep1K4,"https://www.google.com/maps/search/?api=1&query=-6.232022,106.868180",-6.232022499999999,106.8681802,23.42,VALID (< 30m),2025-08-16,BASE,248.29,155.12,62.5,344.31,72.1,27.9,96.02,93.17,189.19,6,12.1° – 34.0°,26.6,79,1630.38,400,31.6,46.5,41215.98,41.22,809.0,33.34,,,,,,,,,,,Gap Sedang
BRT-0103,Halte Simpang Otista III Utara,brt,Halte TransJakarta & Shelter,Jakarta Timur,13330,transjakarta_stations.csv,-6.231843,106.86776,buildings/GhIJL4X171ntGMARDoRR4oi3WkA,"https://www.google.com/maps/search/?api=1&query=-6.231789,106.867722",-6.231789,106.86772219999999,7.32,VALID (< 30m),2025-08-16,BASE,45.68,21.6,47.3,61.99,73.7,26.3,16.31,24.08,40.39,2,1.6° – 1.7°,1.7,11,1623.98,400,4.4,7.05,5716.42,5.72,809.0,4.62,,,,,,,,,,,Gap Sedang
BRT-0104,Halte Simpang Matraman 2,brt,Halte TransJakarta & Shelter,Jakarta Pusat,13150,transjakarta_stations.csv,-6.201601,106.85144,buildings/ChIJy0rcOW_0aS4RXPcwMppp0Dw,"https://www.google.com/maps/search/?api=1&query=-6.201746,106.851484",-6.2017459,106.851484,16.83,VALID (< 30m),2025-08-16,BASE,404.95,233.66,57.7,502.15,80.6,19.4,97.2,171.29,268.49,12,6.6° – 40.7°,22.6,119,1644.06,400,47.6,72.55,62605.82,62.61,809.0,50.65,,,,,,,,,,,Gap Sedikit
BRT-0105,Halte Simpang Masjid Darul Falah 2,brt,Halte TransJakarta & Shelter,Jakarta Selatan,12260,transjakarta_stations.csv,-6.236336,106.7513,buildings/ChIJW_lpFcHwaS4R6ky4SV5g11k,"https://www.google.com/maps/search/?api=1&query=-6.236368,106.751378",-6.2363675999999995,106.75137799999999,9.31,VALID (< 30m),2023-08-06,BASE,148.37,90.32,60.9,196.11,75.7,24.3,47.74,58.05,105.79,6,5.6° – 34.7°,21.9,46,1633.3,400,18.4,27.5,24042.23,24.04,809.0,19.45,,,,,,,,,,,Gap Sedang
BRT-0106,Halte Simpang Masjid Darul Falah 1,brt,Halte TransJakarta & Shelter,Jakarta Selatan,12260,transjakarta_stations.csv,-6.236147,106.75128,buildings/ChIJkcpEPsHwaS4RTqyU68p6y_c,"https://www.google.com/maps/search/?api=1&query=-6.236153,106.751222",-6.2361528999999996,106.7512218,6.47,VALID (< 30m),2023-08-06,BASE,24.78,15.71,63.4,26.64,93.0,7.0,1.86,9.07,10.93,1,11.9° – 11.9°,11.9,8,1616.2,400,3.2,4.92,4137.46,4.14,809.0,3.35,,,,,,,,,,,Gap Sedikit
BRT-0107,Halte Simpang Mangga Semangka,brt,Halte TransJakarta & Shelter,Jakarta Utara,14270,transjakarta_stations.csv,-6.115742,106.91088,buildings/ChIJca4wlvUfai4RRCVU8mAjImc,"https://www.google.com/maps/search/?api=1&query=-6.115790,106.910815",-6.1157900000000005,106.9108151,8.94,VALID (< 30m),2025-07-05,BASE,44.74,27.49,61.4,50.65,88.3,11.7,5.92,17.25,23.16,1,5.1° – 5.1°,5.1,14,1704.45,400,5.6,9.35,7635.94,7.64,809.0,6.18,,,,,,,,,,,Gap Sedikit
BRT-0108,Halte Simpang Mandala Raya Selatan,brt,Halte TransJakarta & Shelter,Jakarta Barat,11440,transjakarta_stations.csv,-6.175729,106.79887,buildings/ChIJvW7qlWH2aS4RriNcdC4WExg,"https://www.google.com/maps/search/?api=1&query=-6.175733,106.798771",-6.1757332,106.798771,10.95,VALID (< 30m),2025-07-26,BASE,97.0,70.69,72.9,122.79,79.0,21.0,25.8,26.31,52.11,1,5.4° – 5.4°,5.4,36,1571.76,400,14.4,21.84,18106.65,18.11,809.0,14.65,,,,,,,,,,,Gap Sedang
BRT-0109,Halte Ruko Mall Mangga Dua,brt,Halte TransJakarta & Shelter,Jakarta Utara,10730,transjakarta_stations.csv,-6.136684,106.82372,buildings/ChIJ3x8BpPj1aS4RlXeyRn5iGp8,"https://www.google.com/maps/search/?api=1&query=-6.137093,106.824038",-6.1370930999999995,106.82403760000001,57.47,REVIEW (> 30m),2025-07-26,BASE,10801.28,8629.82,79.9,12390.85,87.2,12.8,1589.57,2171.46,3761.03,51,0.9° – 42.5°,7.9,4395,1659.32,400,1758.0,2788.24,2333674.12,2333.67,809.0,1887.94,,,,,,,,,,,Gap Sedikit
BRT-0110,Halte Simpang Mandala Selatan Raya,brt,Halte TransJakarta & Shelter,Jakarta Barat,11440,transjakarta_stations.csv,-6.175717,106.79909,buildings/ChIJ1WzKk2H2aS4RQi6ckY4O3hI,"https://www.google.com/maps/search/?api=1&query=-6.175763,106.799199",-6.1757634,106.7991985,13.06,VALID (< 30m),2025-07-26,BASE,79.52,47.13,59.3,86.0,92.5,7.5,6.48,32.4,38.88,3,17.1° – 40.8°,22.6,24,1647.06,400,9.6,14.78,12649.38,12.65,809.0,10.23,,,,,,,,,,,Gap Sedikit
BRT-0111,Halte Simpang Mandala Selatan Timur,brt,Halte TransJakarta & Shelter,Jakarta Barat,11440,transjakarta_stations.csv,-6.17199,106.80098,buildings/ChIJpX7-92P2aS4R6DwCH_v1iGE,"https://www.google.com/maps/search/?api=1&query=-6.172086,106.800903",-6.172085699999999,106.8009026,13.65,VALID (< 30m),2025-07-26,BASE,166.55,117.81,70.7,217.83,76.5,23.5,51.28,48.74,100.02,3,0.5° – 8.0°,3.7,60,1653.33,400,24.0,38.57,31744.0,31.74,809.0,25.68,,,,,,,,,,,Gap Sedang
BRT-0112,Halte Simpang Mandara Permai 1,brt,Halte TransJakarta & Shelter,Jakarta Utara,14460,transjakarta_stations.csv,-6.116358,106.75672,buildings/ChIJSxWB3RIdai4R_2UBMg6AxA4,"https://www.google.com/maps/search/?api=1&query=-6.116120,106.756440",-6.11612,106.75644,40.73,REVIEW (> 30m),2024-09-19,BASE,396.93,353.44,89.0,565.44,70.2,29.8,168.51,43.49,212.0,2,11.9° – 12.3°,12.1,180,1708.68,400,72.0,118.84,98420.16,98.42,809.0,79.62,,,,,,,,,,,Gap Sedang
BRT-0113,Halte Simpang Mandara Permai 2,brt,Halte TransJakarta & Shelter,Jakarta Utara,14460,transjakarta_stations.csv,-6.116512,106.75622,buildings/ChIJRXad1xIdai4Rp4ai6kO53i0,"https://www.google.com/maps/search/?api=1&query=-6.116786,106.756121",-6.1167856,106.75612149999999,32.31,REVIEW (> 30m),2024-09-19,BASE,446.97,367.18,82.2,645.34,69.3,30.7,198.38,79.78,278.16,4,2.4° – 13.1°,10.1,187,1684.01,400,74.8,122.36,100771.03,100.77,809.0,81.52,,,,,,,,,,,Gap Besar
BRT-0114,Halte Simpang Mangga Besar VIII,brt,Halte TransJakarta & Shelter,Jakarta Utara,11150,transjakarta_stations.csv,-6.150015,106.82562,buildings/ChIJJ_AyPOT1aS4RN-2VKctWn4Y,"https://www.google.com/maps/search/?api=1&query=-6.149939,106.825436",-6.1499394,106.8254364,21.97,VALID (< 30m),2025-07-26,BASE,553.62,367.18,66.3,621.49,89.1,10.9,67.87,186.43,254.31,11,5.4° – 32.3°,19.3,187,1613.32,400,74.8,112.34,96541.04,96.54,809.0,78.1,,,,,,,,,,,Gap Sedikit
BRT-0115,Halte Simpang Mangga Besar XI,brt,Halte TransJakarta & Shelter,Jakarta Utara,11170,transjakarta_stations.csv,-6.148616,106.82554,buildings/ChIJU1wUX-T1aS4RrcF2hQrnr4o,"https://www.google.com/maps/search/?api=1&query=-6.148408,106.825459",-6.1484076000000005,106.8254592,24.84,VALID (< 30m),2025-07-26,BASE,171.65,106.03,61.8,243.97,70.4,29.6,72.33,65.61,137.94,4,2.7° – 28.9°,6.2,54,1645.76,400,21.6,35.03,28438.78,28.44,809.0,23.01,,,,,,,,,,,Gap Sedang
BRT-0116,Halte Simpang Mantang Terusan,brt,Halte TransJakarta & Shelter,Jakarta Utara,14270,transjakarta_stations.csv,-6.112776,106.90821,buildings/ChIJy9q1zvQfai4Rq8IZlK-GxxI,"https://www.google.com/maps/search/?api=1&query=-6.112884,106.908208",-6.1128843999999996,106.9082079,12.06,VALID (< 30m),2025-07-05,BASE,66.97,45.16,67.4,90.75,73.8,26.2,23.78,21.81,45.59,2,23.8° – 35.2°,28.8,23,1710.62,400,9.2,14.73,12590.17,12.59,809.0,10.19,,,,,,,,,,,Gap Sedang
BRT-0117,Halte Simpang Mabes Hankam,brt,Halte TransJakarta & Shelter,Jakarta Timur,13820,transjakarta_stations.csv,-6.30449,106.88585,buildings/ChIJcRmtA2ftaS4RW8nC5351800,"https://www.google.com/maps/search/?api=1&query=-6.304269,106.885866",-6.3042691,106.88586649999999,24.63,VALID (< 30m),2024-10-26,BASE,84.32,54.98,65.2,93.12,90.6,9.4,8.8,29.34,38.14,2,8.0° – 20.9°,12.2,28,1636.57,400,11.2,17.94,14663.63,14.66,809.0,11.86,,,,,,,,,,,Gap Sedikit
BRT-0118,Halte Simpang Manunggal Pintu 2,brt,Halte TransJakarta & Shelter,Jakarta Timur,13560,transjakarta_stations.csv,-6.297193,106.89291,buildings/ChIJkUukZ1_taS4RxT3-nf1xd9g,"https://www.google.com/maps/search/?api=1&query=-6.297286,106.892938",-6.2972862,106.8929383,10.83,VALID (< 30m),2025-08-16,BASE,214.35,149.23,69.6,290.56,73.8,26.2,76.21,65.12,141.33,6,2.0° – 17.7°,10.3,76,1640.6,400,30.4,46.25,39899.42,39.9,809.0,32.28,,,,,,,,,,,Gap Sedang
BRT-0119,Halte Simpang Margasatwa Bango,brt,Halte TransJakarta & Shelter,Jakarta Selatan,12450,transjakarta_stations.csv,-6.310201,106.80346,buildings/ChIJH69JfBDuaS4RGPTwmyFv51E,"https://www.google.com/maps/search/?api=1&query=-6.310326,106.803295",-6.3103264,106.8032952,22.94,VALID (< 30m),2024-10-26,BASE,14.27,9.82,68.8,14.27,100.0,0.0,0.0,4.46,4.46,1,14.3° – 14.3°,14.3,5,1321.86,400,2.0,2.56,2114.98,2.11,809.0,1.71,,,,,,,,,,,Gap Sedikit
BRT-0120,Halte Simpang Margasatwa Cilandak KKO,brt,Halte TransJakarta & Shelter,Jakarta Selatan,12560,transjakarta_stations.csv,-6.31022,106.81364,buildings/ChIJKypamAjuaS4RHscvhe-w_lk,"https://www.google.com/maps/search/?api=1&query=-6.310224,106.813526",-6.3102238999999996,106.8135262,12.58,VALID (< 30m),2024-10-26,BASE,82.78,58.91,71.2,114.73,72.2,27.8,31.95,23.88,55.83,1,9.5° – 9.5°,9.5,30,1611.48,400,12.0,18.54,15470.21,15.47,809.0,12.52,,,,,,,,,,,Gap Sedang
BRT-0121,Halte Simpang Masjid Condet Batu Ampar,brt,Halte TransJakarta & Shelter,Jakarta Timur,13520,transjakarta_stations.csv,-6.280831,106.86024,buildings/ChIJGw9ePGHyaS4R6Q3KznYYCH8,"https://www.google.com/maps/search/?api=1&query=-6.280802,106.860339",-6.2808022,106.8603395,11.45,VALID (< 30m),2025-08-16,BASE,68.2,45.16,66.2,102.51,66.5,33.5,34.3,23.04,57.34,2,4.9° – 15.8°,12.0,23,1581.02,400,9.2,12.79,11636.33,11.64,809.0,9.41,,,,,,,,,,,Gap Besar
BRT-0122,Halte Simpang Kepu Kesadaran,brt,Halte TransJakarta & Shelter,Jakarta Timur,14250,transjakarta_stations.csv,-6.181065,106.914372,buildings/ChIJBb2p4yyLaS4RKvvUWSOgZwQ,"https://www.google.com/maps/search/?api=1&query=-6.180975,106.914332",-6.1809753,106.91433169999999,10.92,VALID (< 30m),2025-07-05,BASE,135.83,80.51,59.3,187.19,72.6,27.4,51.35,55.33,106.68,5,3.3° – 29.3°,15.0,41,1675.53,400,16.4,25.05,21982.97,21.98,809.0,17.78,,,,,,,,,,,Gap Sedang
BRT-0123,Halte Simpang Blok A,brt,Halte TransJakarta & Shelter,Jakarta Pusat,10250,transjakarta_stations.csv,-6.187206,106.816219,buildings/ChIJ_wPcNJ32aS4Rav75W4_5zns,"https://www.google.com/maps/search/?api=1&query=-6.186974,106.816136",-6.186973699999999,106.8161365,27.39,VALID (< 30m),2025-08-16,BASE,202.66,151.19,74.6,296.55,68.3,31.7,93.88,51.47,145.35,2,2.9° – 8.0°,6.2,77,1569.04,400,30.8,43.8,38661.08,38.66,809.0,31.28,,,,,,,,,,,Gap Besar
BRT-0124,Halte Simpang Kemanggisan Ilir III,brt,Halte TransJakarta & Shelter,Jakarta Barat,11480,transjakarta_stations.csv,-6.193204,106.785334,buildings/ChIJJcJFKun2aS4RRKXWW5Qp5Pw,"https://www.google.com/maps/search/?api=1&query=-6.193198,106.785514",-6.193198,106.7855137,19.88,VALID (< 30m),2025-08-16,BASE,341.06,219.92,64.5,402.93,84.6,15.4,61.87,121.14,183.01,10,8.1° – 30.7°,21.7,112,1628.37,400,44.8,68.64,58360.62,58.36,809.0,47.21,,,,,,,,,,,Gap Sedikit
BRT-0125,Halte Simpang Pahlawan Revolusi 2,brt,Halte TransJakarta & Shelter,Jakarta Timur,13430,transjakarta_stations.csv,-6.238373,106.89937,buildings/GhIJEGpWzwT0GMARSrtfh4-5WkA,"https://www.google.com/maps/search/?api=1&query=-6.238300,106.899374",-6.238300499999999,106.89937359999999,8.07,VALID (< 30m),2025-08-16,BASE,36.74,0.0,0.0,36.74,100.0,0.0,0.0,36.74,36.74,1,66.7° – 66.7°,66.7,0,1300.0,400,0.0,0.0,0.0,0.0,809.0,0.0,,,,,,,,,,,Gap Sedikit
BRT-0126,Halte Simpang Pakin 2,brt,Halte TransJakarta & Shelter,Jakarta Utara,14440,transjakarta_stations.csv,-6.128288,106.80562,buildings/GhIJre_x7WmDGMARddhK4pOzWkA,"https://www.google.com/maps/search/?api=1&query=-6.128341,106.805905",-6.1283406,106.8059054,32.09,REVIEW (> 30m),2025-07-26,BASE,47.6,33.38,70.1,47.6,100.0,0.0,0.0,14.22,14.22,1,0.5° – 0.5°,0.5,17,1672.53,400,6.8,11.32,9098.54,9.1,809.0,7.36,,,,,,,,,,,Gap Sedikit
BRT-0127,Halte Simpang Perniagaan Tambora,brt,Halte TransJakarta & Shelter,Jakarta Utara,11220,transjakarta_stations.csv,-6.14163,106.80768,buildings/ChIJDesjmAT2aS4R8AS-f2W5mP0,"https://www.google.com/maps/search/?api=1&query=-6.141871,106.807620",-6.1418713,106.8076205,27.63,VALID (< 30m),2025-07-26,BASE,183.95,119.78,65.1,237.97,77.3,22.7,54.02,64.17,118.19,4,4.5° – 18.8°,13.6,61,1663.85,400,24.4,39.2,32478.26,32.48,809.0,26.27,,,,,,,,,,,Gap Sedang
BRT-0128,Halte Simpang Empat 1,brt,Halte TransJakarta & Shelter,Kota Tangerang,14460,transjakarta_stations.csv,-6.086658,106.732805,buildings/GhIJdaNbtaxYGMARkIgwC-SuWkA,"https://www.google.com/maps/search/?api=1&query=-6.086600,106.732670",-6.0866002,106.7326705,16.2,VALID (< 30m),2024-09-19,BASE,52.07,25.53,49.0,52.07,100.0,0.0,0.0,26.55,26.55,1,0.6° – 0.6°,0.6,13,1727.82,400,5.2,8.96,7187.71,7.19,809.0,5.81,,,,,,,,,,,Gap Sedikit
BRT-0129,Halte Simpang Terusan Bandengan,brt,Halte TransJakarta & Shelter,Jakarta Utara,14450,transjakarta_stations.csv,-6.13747,106.792031,buildings/ChIJw1wPZyD2aS4RfmayPnutn_0,"https://www.google.com/maps/search/?api=1&query=-6.137821,106.791769",-6.1378214,106.79176869999999,48.66,REVIEW (> 30m),2025-07-26,BASE,3681.25,2582.07,70.1,4066.31,90.5,9.5,385.07,1099.17,1484.24,54,0.6° – 32.9°,5.8,1315,1674.38,400,526.0,850.64,704578.18,704.58,809.0,570.0,,,,,,,,,,,Gap Sedikit
BRT-0130,Halte Simpang Ps. Rawamangun,brt,Halte TransJakarta & Shelter,Jakarta Timur,13220,transjakarta_stations.csv,-6.198321,106.89001,buildings/ChIJvUaMOL70aS4R4hIK_Ikf5Jg,"https://www.google.com/maps/search/?api=1&query=-6.198130,106.890018",-6.198129799999999,106.89001789999999,21.28,VALID (< 30m),2025-08-16,BASE,149.26,117.81,78.9,249.74,59.8,40.2,100.49,31.44,131.93,1,8.5° – 8.5°,8.5,60,1590.18,400,24.0,37.27,30531.54,30.53,809.0,24.7,,,,,,,,,,,Gap Besar
BRT-0131,Halte Simpang Patra Lontar Raya,brt,Halte TransJakarta & Shelter,Jakarta Barat,11470,transjakarta_stations.csv,-6.182359,106.78119,buildings/ChIJu4wF7vn2aS4R9iR1h4gkYRw,"https://www.google.com/maps/search/?api=1&query=-6.182267,106.781354",-6.1822667,106.78135449999999,20.88,VALID (< 30m),2024-10-26,BASE,184.22,108.0,58.6,198.37,92.9,7.1,14.15,76.23,90.38,5,18.4° – 22.1°,20.5,55,1645.09,400,22.0,33.33,28953.65,28.95,809.0,23.42,,,,,,,,,,,Gap Sedikit
BRT-0132,Halte Simpang Pedongkelan Cilincing Bakti,brt,Halte TransJakarta & Shelter,Jakarta Utara,14130,transjakarta_stations.csv,-6.108168,106.93406,buildings/ChIJ2TjfEz8gai4Rgk2X89DL2d8,"https://www.google.com/maps/search/?api=1&query=-6.108268,106.934047",-6.1082678,106.93404679999999,11.19,VALID (< 30m),2025-07-05,BASE,101.97,70.69,69.3,129.63,78.7,21.3,27.65,31.28,58.94,2,6.5° – 13.5°,10.0,36,1714.88,400,14.4,23.98,19755.46,19.76,809.0,15.98,,,,,,,,,,,Gap Sedang
BRT-0133,Halte Simpang Pegangsaan Dua Hybrida,brt,Halte TransJakarta & Shelter,Jakarta Utara,14250,transjakarta_stations.csv,-6.148745,106.91565,buildings/ChIJwdyLY7SKaS4RrASnQSd3ql0,"https://www.google.com/maps/search/?api=1&query=-6.148817,106.915534",-6.1488173999999995,106.9155344,15.1,VALID (< 30m),2025-07-05,BASE,20.54,11.78,57.4,35.71,57.5,42.5,15.17,8.76,23.93,1,4.7° – 4.7°,4.7,6,1701.87,400,2.4,3.81,3267.59,3.27,809.0,2.64,,,,,,,,,,,Gap Besar
BRT-0134,Halte Simpang Pejompongan Dalam,brt,Halte TransJakarta & Shelter,Jakarta Barat,10210,transjakarta_stations.csv,-6.204269,106.80537,buildings/ChIJg2vAOrv2aS4RXwQKtCb5XEE,"https://www.google.com/maps/search/?api=1&query=-6.204426,106.805209",-6.204425500000001,106.80520879999999,24.91,VALID (< 30m),2025-08-16,BASE,1041.45,720.62,69.2,1344.25,77.5,22.5,302.8,320.83,623.62,18,0.5° – 34.6°,7.7,367,1650.92,400,146.8,234.57,193884.01,193.88,809.0,156.85,,,,,,,,,,,Gap Sedang
BRT-0135,Halte Simpang Penggilingan Baru I,brt,Halte TransJakarta & Shelter,Jakarta Timur,13550,transjakarta_stations.csv,-6.302681,106.88123,buildings/ChIJhculDGTtaS4RJhgBOoRIxXU,"https://www.google.com/maps/search/?api=1&query=-6.302702,106.881298",-6.3027016,106.8812976,7.81,VALID (< 30m),2024-10-26,BASE,58.89,35.34,60.0,79.11,74.4,25.6,20.23,23.54,43.77,1,7.2° – 7.2°,7.2,18,1653.31,400,7.2,11.76,9523.06,9.52,809.0,7.7,,,,,,,,,,,Gap Sedang
BRT-0136,Halte Simpang Penggilingan Baru Puskesmas,brt,Halte TransJakarta & Shelter,Jakarta Timur,13550,transjakarta_stations.csv,-6.301174,106.88115,buildings/ChIJoQHllGPtaS4Rp2HeYq5dpb4,"https://www.google.com/maps/search/?api=1&query=-6.301246,106.881144",-6.3012464999999995,106.8811441,8.09,VALID (< 30m),2024-10-26,BASE,34.33,25.53,74.4,35.67,96.2,3.8,1.34,8.8,10.14,1,14.8° – 14.8°,14.8,13,1514.05,400,5.2,7.23,6298.44,6.3,809.0,5.1,,,,,,,,,,,Gap Sedikit
BRT-0137,Halte Simpang Penyelesaian Tomang 1,brt,Halte TransJakarta & Shelter,Kota Tangerang,11620,transjakarta_stations.csv,-6.196632,106.72951,buildings/ChIJPdnNzGb3aS4RO2B8SnvW0_k,"https://www.google.com/maps/search/?api=1&query=-6.196538,106.729386",-6.1965379,106.7293858,17.26,VALID (< 30m),2023-08-06,BASE,306.72,180.65,58.9,386.99,79.3,20.7,80.27,126.07,206.34,6,14.8° – 43.3°,25.0,92,1654.86,400,36.8,57.0,48718.94,48.72,809.0,39.41,,,,,,,,,,,Gap Sedang
BRT-0138,Halte Simpang Pepaya Sagu Raya,brt,Halte TransJakarta & Shelter,Jakarta Selatan,12620,transjakarta_stations.csv,-6.317485,106.81909,buildings/ChIJif-lNuDtaS4RDh86aHLNWmQ,"https://www.google.com/maps/search/?api=1&query=-6.317486,106.818981",-6.317486199999999,106.81898079999999,12.07,VALID (< 30m),2024-02-22,BASE,275.33,186.54,67.8,303.45,90.7,9.3,28.12,88.79,116.91,5,3.2° – 6.0°,3.9,95,1633.79,400,38.0,60.65,49667.24,49.67,809.0,40.18,,,,,,,,,,,Gap Sedikit
BRT-0139,Halte Simpang Cipendawa 2,brt,Halte TransJakarta & Shelter,Kab. Bekasi,17117,transjakarta_stations.csv,-6.298157,106.984224,buildings/GhIJTIxvvEkxGcARCbnhAf--WkA,"https://www.google.com/maps/search/?api=1&query=-6.298132,106.984314",-6.298132,106.9843138,10.31,VALID (< 30m),2025-05-27,BASE,20.27,11.78,58.1,20.27,100.0,0.0,0.0,8.49,8.49,1,10.8° – 10.8°,10.8,6,1654.11,400,2.4,3.67,3175.89,3.18,809.0,2.57,,,,,,,,,,,Gap Sedikit
BRT-0140,Halte Simpang Perintis 1,brt,Halte TransJakarta & Shelter,Jakarta Timur,13420,transjakarta_stations.csv,-6.229048,106.88882,buildings/ChIJ1-modkLzaS4Rr-AYHu8tzGw,"https://www.google.com/maps/search/?api=1&query=-6.228871,106.888946",-6.2288708,106.8889459,24.12,VALID (< 30m),2025-08-16,BASE,250.89,196.36,78.3,344.52,72.8,27.2,93.63,54.53,148.17,2,12.3° – 14.3°,13.3,100,1656.03,400,40.0,63.58,52992.96,52.99,809.0,42.87,,,,,,,,,,,Gap Sedang
BRT-0141,Halte Simpang Cipendawa 1,brt,Halte TransJakarta & Shelter,Kab. Bekasi,17117,transjakarta_stations.csv,-6.298414,106.984184,buildings/GhIJTIxvvEkxGcARCbnhAf--WkA,"https://www.google.com/maps/search/?api=1&query=-6.298132,106.984314",-6.298132,106.9843138,34.48,REVIEW (> 30m),2025-05-27,BASE,20.27,11.78,58.1,20.27,100.0,0.0,0.0,8.49,8.49,1,10.8° – 10.8°,10.8,6,1654.11,400,2.4,3.67,3175.89,3.18,809.0,2.57,,,,,,,,,,,Gap Sedikit
BRT-0142,Halte Simpang Bidara Raya,brt,Halte TransJakarta & Shelter,Jakarta Utara,14450,transjakarta_stations.csv,-6.137765,106.788171,buildings/ChIJg5gSSyf2aS4RDo2o5FLEniU,"https://www.google.com/maps/search/?api=1&query=-6.137827,106.788167",-6.137827199999999,106.7881669,6.93,VALID (< 30m),2025-07-26,BASE,16.71,9.82,58.7,17.76,94.1,5.9,1.05,6.9,7.94,1,10.8° – 10.8°,10.8,5,1631.92,400,2.0,3.2,2611.08,2.61,809.0,2.11,,,,,,,,,,,Gap Sedikit
BRT-0143,Halte Simpang Perintis Pulo Mas Timur,brt,Halte TransJakarta & Shelter,Jakarta Timur,13210,transjakarta_stations.csv,-6.172481,106.88914,buildings/GhIJNG9lYsSwGMARL2Pol-q4WkA,"https://www.google.com/maps/search/?api=1&query=-6.172606,106.889325",-6.1726065,106.88932469999999,24.73,VALID (< 30m),2025-07-26,BASE,50.39,33.38,66.2,50.39,100.0,0.0,0.0,17.01,17.01,1,14.9° – 14.9°,14.9,17,1628.29,400,6.8,10.63,8857.92,8.86,809.0,7.17,,,,,,,,,,,Gap Sedikit
BRT-0144,Halte Simpang Permata Meruya 1,brt,Halte TransJakarta & Shelter,Kota Tangerang,11620,transjakarta_stations.csv,-6.195196,106.73953,buildings/ChIJc5x6OWn3aS4RnL2mxU8HesY,"https://www.google.com/maps/search/?api=1&query=-6.195341,106.739374",-6.1953406,106.7393738,23.59,VALID (< 30m),2023-08-06,BASE,66.72,41.23,61.8,137.88,48.4,51.6,71.16,25.49,96.65,1,2.8° – 2.8°,2.8,21,1669.75,400,8.4,13.94,11220.7,11.22,809.0,9.08,,,,,,,,,,,Gap Besar
BRT-0145,Halte Simpang Permata Meruya 2,brt,Halte TransJakarta & Shelter,Kota Tangerang,11620,transjakarta_stations.csv,-6.195059,106.73972,buildings/ChIJTd3SR2n3aS4RkNIi9HdevHs,"https://www.google.com/maps/search/?api=1&query=-6.195156,106.739851",-6.1951564,106.7398511,18.09,VALID (< 30m),2023-08-06,BASE,347.21,214.03,61.6,402.82,86.2,13.8,55.62,133.18,188.8,12,6.4° – 28.9°,22.0,109,1637.42,400,43.6,66.76,57113.36,57.11,809.0,46.2,,,,,,,,,,,Gap Sedikit
BRT-0146,Halte Simpang Ps. Pagi Raya Cilincing,brt,Halte TransJakarta & Shelter,Jakarta Utara,14120,transjakarta_stations.csv,-6.102924,106.93596,buildings/ChIJYxLBi0cgai4RWbiTeyqR4u4,"https://www.google.com/maps/search/?api=1&query=-6.102893,106.936076",-6.1028927,106.93607600000001,13.29,VALID (< 30m),2025-07-05,BASE,22.14,11.78,53.2,42.43,52.2,47.8,20.29,10.36,30.65,1,27.0° – 27.0°,27.0,6,1657.61,400,2.4,3.68,3182.62,3.18,809.0,2.57,,,,,,,,,,,Gap Besar
BRT-0147,Halte Simpang Jln. Kemenyan Sadar 1,brt,Halte TransJakarta & Shelter,Kota Depok,12630,transjakarta_stations.csv,-6.340393,106.812552,buildings/ChIJSxdyAn7uaS4R51WFKr9yUz8,"https://www.google.com/maps/search/?api=1&query=-6.340386,106.812406",-6.3403857,106.81240590000002,16.17,VALID (< 30m),2024-02-22,BASE,122.95,82.47,67.1,162.92,75.5,24.5,39.97,40.48,80.45,3,19.2° – 29.8°,22.3,42,1612.1,400,16.8,25.17,21666.57,21.67,809.0,17.53,,,,,,,,,,,Gap Sedang
BRT-0148,Halte Simpang Sentul,brt,Halte TransJakarta & Shelter,Kab. Bogor,16810,transjakarta_stations.csv,-6.531293,106.85176,buildings/ChIJvcCO3zrBaS4R8Fh_K1_x54s,"https://www.google.com/maps/search/?api=1&query=-6.531361,106.851949",-6.5313614,106.8519493,22.25,VALID (< 30m),2024-03-19,BASE,94.21,58.91,62.5,130.45,72.2,27.8,36.24,35.3,71.54,2,1.9° – 4.2°,3.2,30,1659.41,400,12.0,19.27,15930.31,15.93,809.0,12.89,,,,,,,,,,,Gap Sedang
BRT-0149,Halte Simpang Pakin 3,brt,Halte TransJakarta & Shelter,Jakarta Utara,14440,transjakarta_stations.csv,-6.129076,106.80514,buildings/ChIJC64Qj_Adai4RmUB-pgn3ryg,"https://www.google.com/maps/search/?api=1&query=-6.128949,106.805174",-6.1289488,106.805174,14.63,VALID (< 30m),2025-07-26,BASE,34.73,23.56,67.8,34.73,100.0,0.0,0.0,11.17,11.17,1,12.2° – 12.2°,12.2,12,1684.39,400,4.8,8.04,6468.04,6.47,809.0,5.23,,,,,,,,,,,Gap Sedikit
BRT-0150,Halte Simpang Pangeran Komarudin 1,brt,Halte TransJakarta & Shelter,Jakarta Timur,13950,transjakarta_stations.csv,-6.184719,106.94319,buildings/GhIJNOBEUii9GMAR7b_oNWC8WkA,"https://www.google.com/maps/search/?api=1&query=-6.184723,106.943369",-6.1847232,106.9433686,19.75,VALID (< 30m),2025-07-05,BASE,60.07,37.31,62.1,75.49,79.6,20.4,15.42,22.76,38.18,2,7.0° – 16.7°,13.5,19,1687.17,400,7.6,12.45,10257.97,10.26,809.0,8.3,,,,,,,,,,,Gap Sedang
BRT-0151,Halte Simpang Pangeran Komarudin 3,brt,Halte TransJakarta & Shelter,Jakarta Timur,13950,transjakarta_stations.csv,-6.185774,106.9433,buildings/ChIJSXw94BCLaS4RUAILSguc0Iw,"https://www.google.com/maps/search/?api=1&query=-6.185201,106.943385",-6.1852013999999995,106.94338479999999,64.36,REVIEW (> 30m),2025-07-05,BASE,15.34,9.82,64.0,16.57,92.6,7.4,1.22,5.53,6.75,1,16.9° – 16.9°,16.9,5,1698.41,400,2.0,3.34,2717.46,2.72,809.0,2.2,,,,,,,,,,,Gap Sedikit
BRT-0152,Halte Simpang Empat 2,brt,Halte TransJakarta & Shelter,Kota Tangerang,14460,transjakarta_stations.csv,-6.08768,106.73211,buildings/GhIJUd9sz8pZGMAR2p4R0d-uWkA,"https://www.google.com/maps/search/?api=1&query=-6.087674,106.732499",-6.087674,106.7324987,42.98,REVIEW (> 30m),2024-09-19,BASE,2390.6,1857.52,77.7,3270.43,73.1,26.9,879.83,533.07,1412.9,18,0.7° – 23.3°,3.7,946,1745.25,400,378.4,647.71,528321.38,528.32,809.0,427.41,,,,,,,,,,,Gap Sedang
BRT-0153,Halte Simpang Panglima Polim IX Wijaya,brt,Halte TransJakarta & Shelter,Jakarta Selatan,12160,transjakarta_stations.csv,-6.249567,106.79993,buildings/ChIJ07KEHHLxaS4RE1MvMLJXcyM,"https://www.google.com/maps/search/?api=1&query=-6.249481,106.799764",-6.2494806999999994,106.7997642,20.69,VALID (< 30m),2025-08-16,BASE,275.07,208.14,75.7,392.42,70.1,29.9,117.35,66.94,184.29,2,1.3° – 1.8°,1.5,106,1635.18,400,42.4,68.19,55465.39,55.47,809.0,44.87,,,,,,,,,,,Gap Sedang
BRT-0154,Halte Simpang Panjang Duri Kepa,brt,Halte TransJakarta & Shelter,Jakarta Barat,11520,transjakarta_stations.csv,-6.184205,106.76833,buildings/ChIJ_XBqMAL3aS4RHdmMBAzbyAs,"https://www.google.com/maps/search/?api=1&query=-6.184100,106.768285",-6.184099799999999,106.7682846,12.73,VALID (< 30m),2024-09-19,BASE,41.08,25.53,62.1,80.99,50.7,49.3,39.91,15.56,55.47,1,1.4° – 1.4°,1.4,13,1627.93,400,5.2,8.2,6772.17,6.77,809.0,5.48,,,,,,,,,,,Gap Besar
BRT-0155,Halte Simpang Panjang Kb. Jeruk 1,brt,Halte TransJakarta & Shelter,Jakarta Barat,11530,transjakarta_stations.csv,-6.198159,106.76922,buildings/ChIJk5Zq8x_3aS4RYmU7NVeiWBA,"https://www.google.com/maps/search/?api=1&query=-6.198230,106.769267",-6.198230100000001,106.7692668,9.45,VALID (< 30m),2023-08-06,BASE,85.7,68.72,80.2,99.12,86.5,13.5,13.42,16.98,30.4,2,23.3° – 24.2°,23.7,35,1626.48,400,14.0,21.42,18216.6,18.22,809.0,14.74,,,,,,,,,,,Gap Sedikit
BRT-0156,Halte Simpang Ps. Pagi,brt,Halte TransJakarta & Shelter,Jakarta Utara,11230,transjakarta_stations.csv,-6.139106,106.811233,buildings/ChIJ2WbxzwP2aS4Rd3VU7_raVic,"https://www.google.com/maps/search/?api=1&query=-6.139141,106.811092",-6.1391407,106.811092,16.06,VALID (< 30m),2025-07-26,BASE,70.63,51.05,72.3,91.83,76.9,23.1,21.2,19.58,40.77,1,7.8° – 7.8°,7.8,26,1633.2,400,10.4,16.14,13588.24,13.59,809.0,10.99,,,,,,,,,,,Gap Sedang
BRT-0157,Halte Simpang Ps. Bebek 1,brt,Halte TransJakarta & Shelter,Jakarta Utara,14120,transjakarta_stations.csv,-6.11034,106.94875,buildings/ChIJN2XLQl0gai4RjG6qQpPoGdY,"https://www.google.com/maps/search/?api=1&query=-6.110544,106.949031",-6.1105445,106.9490311,38.51,REVIEW (> 30m),2025-07-05,BASE,21.09,13.74,65.2,21.09,100.0,0.0,0.0,7.34,7.34,1,3.3° – 3.3°,3.3,7,1698.69,400,2.8,4.53,3805.07,3.81,809.0,3.08,,,,,,,,,,,Gap Sedikit
BRT-0158,Halte Mall Bellanova Sentul,brt,Halte TransJakarta & Shelter,Kota Bogor,16810,transjakarta_stations.csv,-6.565897,106.844813,buildings/GhIJZgQBgHVDGsARWdYQdBG2WkA,"https://www.google.com/maps/search/?api=1&query=-6.565883,106.844808",-6.5658829,106.8448076,1.68,VALID (< 30m),2024-02-22,BASE,40.12,23.56,58.7,40.12,100.0,0.0,0.0,16.56,16.56,1,6.4° – 6.4°,6.4,12,1632.71,400,4.8,7.37,6269.59,6.27,809.0,5.07,,,,,,,,,,,Gap Sedikit
BRT-0159,Halte Simpang Ps. Bebek 2,brt,Halte TransJakarta & Shelter,Jakarta Utara,14120,transjakarta_stations.csv,-6.110133,106.94875,buildings/ChIJN2XLQl0gai4RjG6qQpPoGdY,"https://www.google.com/maps/search/?api=1&query=-6.110544,106.949031",-6.1105445,106.9490311,55.31,REVIEW (> 30m),2025-07-05,BASE,21.09,13.74,65.2,21.09,100.0,0.0,0.0,7.34,7.34,1,3.3° – 3.3°,3.3,7,1698.69,400,2.8,4.53,3805.07,3.81,809.0,3.08,,,,,,,,,,,Gap Sedikit
BRT-0160,Halte Simpang Parung Bingung 2,brt,Halte TransJakarta & Shelter,Kota Depok,16434,transjakarta_stations.csv,-6.394896,106.773218,buildings/ChIJiQ95rifpaS4RGb7E79B5-4U,"https://www.google.com/maps/search/?api=1&query=-6.395007,106.773217",-6.3950071,106.7732168,12.35,VALID (< 30m),2024-08-14,BASE,22.32,13.74,61.6,29.33,76.1,23.9,7.01,8.58,15.59,1,15.4° – 15.4°,15.4,7,1669.91,400,2.8,4.49,3740.6,3.74,809.0,3.03,,,,,,,,,,,Gap Sedang
BRT-0161,Halte Simpang Ps. Deprok 1,brt,Halte TransJakarta & Shelter,Kota Tangerang,11810,transjakarta_stations.csv,-6.104282,106.70798,buildings/ChIJVb2w2tsCai4RtjFsXGqJHaY,"https://www.google.com/maps/search/?api=1&query=-6.104227,106.707920",-6.1042266,106.7079198,9.07,VALID (< 30m),2024-09-19,BASE,121.05,74.62,61.6,127.63,94.8,5.2,6.57,46.44,53.01,4,6.5° – 15.1°,10.9,38,1733.39,400,15.2,25.39,21078.04,21.08,809.0,17.05,,,,,,,,,,,Gap Sedikit
BRT-0162,Halte Simpang Ps. Kb. Pisang,brt,Halte TransJakarta & Shelter,Jakarta Utara,11460,transjakarta_stations.csv,-6.152576,106.78156,buildings/ChIJCZqGTjf2aS4RW5cg_7ftDpU,"https://www.google.com/maps/search/?api=1&query=-6.152643,106.781499",-6.152642999999999,106.78149859999999,10.08,VALID (< 30m),2024-09-19,BASE,52.53,25.53,48.6,60.94,86.2,13.8,8.41,27.0,35.42,2,3.5° – 5.1°,4.0,13,1647.21,400,5.2,8.37,6852.4,6.85,809.0,5.54,,,,,,,,,,,Gap Sedikit
BRT-0163,Halte Simpang Srengseng Meruya Ilir 2,brt,Halte TransJakarta & Shelter,Jakarta Barat,11630,transjakarta_stations.csv,-6.197304,106.75623,buildings/ChIJBQ1rshf3aS4R7NsMnrPv0dU,"https://www.google.com/maps/search/?api=1&query=-6.197215,106.756189",-6.197214799999999,106.75618879999999,10.91,VALID (< 30m),2023-08-06,BASE,28.75,17.67,61.5,41.18,69.8,30.2,12.43,11.08,23.51,1,3.1° – 3.1°,3.1,9,1641.7,400,3.6,5.81,4728.11,4.73,809.0,3.83,,,,,,,,,,,Gap Besar
BRT-0164,Halte Simpang STIP,brt,Halte TransJakarta & Shelter,Jakarta Utara,14150,transjakarta_stations.csv,-6.10795,106.95998,buildings/ChIJ2zm9hPUgai4RPuT1cpoNeYY,"https://www.google.com/maps/search/?api=1&query=-6.107992,106.960152",-6.107991500000001,106.9601517,19.54,VALID (< 30m),2025-07-05,BASE,147.71,106.03,71.8,188.98,78.2,21.8,41.27,41.68,82.95,3,11.8° – 16.3°,14.4,54,1738.28,400,21.6,36.08,30037.4,30.04,809.0,24.3,,,,,,,,,,,Gap Sedang
BRT-0165,Halte Mall Kelapa Gading,brt,Halte TransJakarta & Shelter,Jakarta Utara,14240,transjakarta_stations.csv,-6.156338,106.90815,buildings/GhIJ6zkfC3qfGMAROUX-Oia6WkA,"https://www.google.com/maps/search/?api=1&query=-6.155906,106.908551",-6.1559064,106.9085506,65.3,REVIEW (> 30m),2025-07-05,BASE,338.81,227.77,67.2,338.99,99.9,0.1,0.18,111.04,111.22,3,2.8° – 6.6°,5.8,116,1664.01,400,46.4,65.08,61768.19,61.77,809.0,49.97,,,,,,,,,,,Gap Sedikit
BRT-0166,Halte Simpang Jln. Sunter Karya,brt,Halte TransJakarta & Shelter,Jakarta Utara,14350,transjakarta_stations.csv,-6.143679,106.8696,buildings/ChIJn8a86Xn1aS4ROpvVmlkaz7w,"https://www.google.com/maps/search/?api=1&query=-6.143488,106.869603",-6.1434883,106.8696027,21.21,VALID (< 30m),2025-07-26,BASE,142.82,104.07,72.9,181.9,78.5,21.5,39.07,38.76,77.83,1,3.8° – 3.8°,3.8,53,1633.13,400,21.2,33.67,27697.91,27.7,809.0,22.41,,,,,,,,,,,Gap Sedang
BRT-0167,Halte Sbr. Kb. Jeruk Plaza,brt,Halte TransJakarta & Shelter,Jakarta Barat,11530,transjakarta_stations.csv,-6.190588,106.76027,buildings/ChIJh0cGjBr3aS4ROP3OwEzrx5A,"https://www.google.com/maps/search/?api=1&query=-6.190895,106.760140",-6.1908948,106.7601397,37.03,REVIEW (> 30m),2024-09-19,BASE,137.82,104.07,75.5,149.86,92.0,8.0,12.04,33.75,45.79,1,7.7° – 7.7°,7.7,53,1623.68,400,21.2,33.58,27537.62,27.54,809.0,22.28,,,,,,,,,,,Gap Sedikit
BRT-0168,Halte Terminal Kargo 2,brt,Halte TransJakarta & Shelter,Kota Tangerang,15126,transjakarta_stations.csv,-6.124955,106.663437,buildings/ChIJ4beNTG8Cai4RL2MZN4hSyVA,"https://www.google.com/maps/search/?api=1&query=-6.125544,106.663458",-6.1255435,106.6634581,65.48,REVIEW (> 30m),2025-07-26,BASE,4450.96,3426.4,77.0,5021.27,88.6,11.4,570.31,1024.56,1594.86,32,3.4° – 13.1°,8.7,1745,1729.18,400,698.0,1173.85,965573.05,965.57,809.0,781.15,,,,,,,,,,,Gap Sedikit
BRT-0169,Halte Simpang Jln. Kramat Lontar,brt,Halte TransJakarta & Shelter,Jakarta Pusat,10440,transjakarta_stations.csv,-6.189686,106.847198,buildings/ChIJN1mOH0T0aS4RAVTinAH38l4,"https://www.google.com/maps/search/?api=1&query=-6.189728,106.847471",-6.1897282,106.84747139999999,30.59,REVIEW (> 30m),2025-08-16,BASE,264.79,186.54,70.4,303.1,87.4,12.6,38.31,78.25,116.56,3,10.2° – 30.1°,14.4,95,1640.77,400,38.0,56.23,49879.31,49.88,809.0,40.35,,,,,,,,,,,Gap Sedikit
BRT-0170,Halte Simpang Jln. Agung Permai Raya,brt,Halte TransJakarta & Shelter,Jakarta Utara,14350,transjakarta_stations.csv,-6.14433,106.86592,buildings/ChIJyeFPG3j1aS4RHDCF9imktTs,"https://www.google.com/maps/search/?api=1&query=-6.144105,106.865825",-6.1441054,106.86582519999999,27.08,VALID (< 30m),2025-07-26,BASE,286.77,190.46,66.4,348.53,82.3,17.7,61.76,96.3,158.07,6,2.1° – 22.3°,19.5,97,1697.69,400,38.8,62.38,52696.33,52.7,809.0,42.63,,,,,,,,,,,Gap Sedikit
BRT-0171,Halte Simpang Panjang Arteri Madrasah I,brt,Halte TransJakarta & Shelter,Jakarta Barat,11540,transjakarta_stations.csv,-6.21542,106.77446,buildings/ChIJRfQERtT2aS4RVhL7bW3foF4,"https://www.google.com/maps/search/?api=1&query=-6.215385,106.774314",-6.2153849,106.77431419999999,16.58,VALID (< 30m),2024-10-26,BASE,78.12,49.09,62.8,91.73,85.2,14.8,13.6,29.03,42.64,2,6.4° – 7.2°,6.7,25,1620.3,400,10.0,15.85,12962.37,12.96,809.0,10.49,,,,,,,,,,,Gap Sedikit
BRT-0172,Halte Simpang Jln. Agung Permai 1,brt,Halte TransJakarta & Shelter,Jakarta Utara,14350,transjakarta_stations.csv,-6.144773,106.863349,buildings/ChIJTfKSM531aS4R9nPIxB-xIx8,"https://www.google.com/maps/search/?api=1&query=-6.144748,106.863176",-6.1447476,106.86317609999999,19.32,VALID (< 30m),2025-07-26,BASE,126.56,98.18,77.6,195.04,64.9,35.1,68.48,28.38,96.86,1,9.5° – 9.5°,9.5,50,1672.81,400,20.0,32.37,26764.96,26.76,809.0,21.65,,,,,,,,,,,Gap Besar
BRT-0173,Halte Simpang Ps. Enjo,brt,Halte TransJakarta & Shelter,Jakarta Timur,13230,transjakarta_stations.csv,-6.211062,106.87438,buildings/ChIJ2bBUeoP0aS4R_IfzGPlxfHQ,"https://www.google.com/maps/search/?api=1&query=-6.211033,106.874416",-6.2110331,106.87441589999999,5.11,VALID (< 30m),2025-08-16,BASE,336.01,229.74,68.4,429.74,78.2,21.8,93.73,106.27,200.0,9,10.6° – 36.5°,16.2,117,1629.88,400,46.8,71.8,61022.7,61.02,809.0,49.37,,,,,,,,,,,Gap Sedang
BRT-0174,Halte Simpang Jln. Tridasawarsa,brt,Halte TransJakarta & Shelter,Jakarta Utara,14350,transjakarta_stations.csv,-6.126978,106.855884,buildings/ChIJf53wAC8eai4Rhu2lA8NH4LM,"https://www.google.com/maps/search/?api=1&query=-6.127063,106.855943",-6.127062899999999,106.85594309999999,11.48,VALID (< 30m),2025-07-26,BASE,96.68,62.83,65.0,156.07,61.9,38.1,59.39,33.84,93.24,2,1.3° – 10.0°,2.4,32,1684.11,400,12.8,21.03,17245.33,17.25,809.0,13.95,,,,,,,,,,,Gap Besar
BRT-0175,Halte Simpang Jln. Cemara,brt,Halte TransJakarta & Shelter,Jakarta Utara,14350,transjakarta_stations.csv,-6.12663,106.85721,buildings/ChIJCe3RZi4eai4RFp79Hi5Jjag,"https://www.google.com/maps/search/?api=1&query=-6.126981,106.857397",-6.1269811,106.8573972,44.19,REVIEW (> 30m),2025-07-26,BASE,1247.15,810.95,65.0,1415.16,88.1,11.9,168.02,436.2,604.22,30,1.3° – 35.0°,6.8,413,1707.98,400,165.2,275.41,225727.23,225.73,809.0,182.61,,,,,,,,,,,Gap Sedikit
BRT-0176,Halte Simpang Garden City 1,brt,Halte TransJakarta & Shelter,Kota Bekasi,13910,transjakarta_stations.csv,-6.172045,106.96297,buildings/ChIJ6WBVKauLaS4ReZqph2C7-6o,"https://www.google.com/maps/search/?api=1&query=-6.172232,106.962793",-6.1722320999999996,106.9627932,28.55,VALID (< 30m),2025-07-05,BASE,50.2,33.38,66.5,61.29,81.9,18.1,11.09,16.82,27.91,1,3.1° – 3.1°,3.1,17,1715.47,400,6.8,11.51,9332.18,9.33,809.0,7.55,,,,,,,,,,,Gap Sedikit
BRT-0177,Halte Mangga Dua Plaza,brt,Halte TransJakarta & Shelter,Jakarta Utara,10730,transjakarta_stations.csv,-6.135929,106.82836,buildings/GhIJeI1jrBiLGMARu-h1egW1WkA,"https://www.google.com/maps/search/?api=1&query=-6.135837,106.828458",-6.135836599999999,106.82845800000001,14.93,VALID (< 30m),2025-07-26,BASE,28.42,19.64,69.1,28.42,100.0,0.0,0.0,8.78,8.78,1,50.6° – 50.6°,50.6,10,1619.55,400,4.0,5.42,5182.55,5.18,809.0,4.19,,,,,,,,,,,Gap Sedikit
BRT-0178,Halte Simpang Rawa Bokor,brt,Halte TransJakarta & Shelter,Kota Tangerang,15125,transjakarta_stations.csv,-6.114804,106.689168,buildings/ChIJQ_2t5u0Cai4RUtBM59aj2gI,"https://www.google.com/maps/search/?api=1&query=-6.114767,106.689243",-6.1147666,106.68924299999999,9.28,VALID (< 30m),2024-09-19,BASE,109.44,92.29,84.3,143.21,76.4,23.6,33.77,17.16,50.92,2,24.7° – 25.2°,24.9,47,1725.6,400,18.8,29.73,25953.02,25.95,809.0,21.0,,,,,,,,,,,Gap Sedang
BRT-0179,Halte Flyover Raya Bogor,brt,Halte TransJakarta & Shelter,Jakarta Timur,13750,transjakarta_stations.csv,-6.3065,106.8657,buildings/GhIJBoWOlvY5GcAR3sma32a3WkA,"https://www.google.com/maps/search/?api=1&query=-6.306625,106.865647",-6.3066249,106.8656472,15.06,VALID (< 30m),2024-10-26,BASE,35.29,15.71,44.5,62.09,56.8,43.2,26.8,19.58,46.38,1,4.1° – 4.1°,4.1,8,1632.59,400,3.2,4.94,4179.42,4.18,809.0,3.38,,,,,,,,,,,Gap Besar
BRT-0180,Halte Simpang Kemang Utara,brt,Halte TransJakarta & Shelter,Jakarta Selatan,12730,transjakarta_stations.csv,-6.258059,106.823176,buildings/ChIJ7eUyrdTzaS4RGVv9Z0fewXQ,"https://www.google.com/maps/search/?api=1&query=-6.258240,106.823116",-6.2582403,106.8231157,21.23,VALID (< 30m),2024-10-26,BASE,69.28,41.23,59.5,86.95,79.7,20.3,17.67,28.04,45.71,3,18.4° – 33.8°,24.1,21,1607.53,400,8.4,12.14,10802.62,10.8,809.0,8.74,,,,,,,,,,,Gap Sedang
BRT-0181,Halte Mall Thamrin City,brt,Halte TransJakarta & Shelter,Jakarta Pusat,10230,transjakarta_stations.csv,-6.194341,106.81453,buildings/GhIJv0sN98zGGMAR-JAKPCS0WkA,"https://www.google.com/maps/search/?api=1&query=-6.194151,106.814704",-6.194151499999999,106.81470370000001,28.51,VALID (< 30m),2025-08-16,BASE,78.46,58.91,75.1,87.75,89.4,10.6,9.29,19.55,28.84,1,1.6° – 1.6°,1.6,30,1481.55,400,12.0,17.05,14222.87,14.22,809.0,11.51,,,,,,,,,,,Gap Sedikit
BRT-0182,Halte Mall Taman Palem 2,brt,Halte TransJakarta & Shelter,Kota Tangerang,11730,transjakarta_stations.csv,-6.139245,106.73032,buildings/ChIJO79-8_33aS4RufvNSBh4SSw,"https://www.google.com/maps/search/?api=1&query=-6.138910,106.730691",-6.138910399999999,106.7306914,55.41,REVIEW (> 30m),2024-09-19,BASE,210.0,129.59,61.7,286.28,73.4,26.6,76.28,80.4,156.68,4,1.5° – 35.4°,7.2,66,1705.98,400,26.4,43.28,36030.19,36.03,809.0,29.15,,,,,,,,,,,Gap Sedang
BRT-0183,Halte Simpang Raya Ciracas Pengantin Ali,brt,Halte TransJakarta & Shelter,Kota Depok,13740,transjakarta_stations.csv,-6.328009,106.88245,buildings/ChIJ3x-6ABrtaS4RpluqC2uv7ZI,"https://www.google.com/maps/search/?api=1&query=-6.327920,106.882411",-6.3279204,106.8824107,10.77,VALID (< 30m),2024-02-22,BASE,24.58,13.74,55.9,33.2,74.0,26.0,8.62,10.83,19.45,1,13.6° – 13.6°,13.6,7,1639.97,400,2.8,4.51,3673.54,3.67,809.0,2.97,,,,,,,,,,,Gap Sedang
BRT-0184,Halte Terminal Kargo 1,brt,Halte TransJakarta & Shelter,Kota Tangerang,15126,transjakarta_stations.csv,-6.125241,106.664939,buildings/ChIJ44g5_GUCai4R8bUvZ6Ih29w,"https://www.google.com/maps/search/?api=1&query=-6.125362,106.664687",-6.1253616,106.6646871,30.91,REVIEW (> 30m),2025-07-26,BASE,11.85,5.89,49.7,15.13,78.3,21.7,3.29,5.96,9.24,1,12.8° – 12.8°,12.8,3,1668.96,400,1.2,0.0,1602.21,1.6,809.0,1.3,,,,,,,,,,,Gap Sedang
BRT-0185,Halte Simpang Kramat Jaya Baru 1,brt,Halte TransJakarta & Shelter,Jakarta Pusat,10560,transjakarta_stations.csv,-6.184392,106.85245,buildings/ChIJ5UyL50_0aS4RQtxa8Vhw6S4,"https://www.google.com/maps/search/?api=1&query=-6.184435,106.852580",-6.1844345999999994,106.85257999999999,15.13,VALID (< 30m),2025-08-16,BASE,22.23,11.78,53.0,22.23,100.0,0.0,0.0,10.44,10.44,1,14.2° – 14.2°,14.2,6,1648.42,400,2.4,3.92,3164.97,3.16,809.0,2.56,,,,,,,,,,,Gap Sedikit
BRT-0186,Halte Simpang Jln. St. Angke,brt,Halte TransJakarta & Shelter,Jakarta Utara,11250,transjakarta_stations.csv,-6.14354,106.80095,buildings/ChIJrf_80Rv2aS4RlqRT-gyIM84,"https://www.google.com/maps/search/?api=1&query=-6.143637,106.800855",-6.1436365,106.8008555,14.98,VALID (< 30m),2025-07-26,BASE,54.63,33.38,61.1,79.87,68.4,31.6,25.24,21.25,46.49,1,3.6° – 3.6°,3.6,17,1637.3,400,6.8,10.77,8906.89,8.91,809.0,7.21,,,,,,,,,,,Gap Besar
BRT-0187,Halte Simpang Masjid Al Barkah 2,brt,Halte TransJakarta & Shelter,Jakarta Selatan,12560,transjakarta_stations.csv,-6.284557,106.811631,buildings/ChIJhR93U_HxaS4Rqr-vvF8nUT0,"https://www.google.com/maps/search/?api=1&query=-6.284522,106.811757",-6.2845216,106.81175719999999,14.49,VALID (< 30m),2025-08-16,BASE,62.39,41.23,66.1,86.85,71.8,28.2,24.46,21.16,45.61,1,4.6° – 4.6°,4.6,21,1541.44,400,8.4,12.47,10358.5,10.36,809.0,8.38,,,,,,,,,,,Gap Sedang
BRT-0188,Halte Akses Bawah Flyover Slipi,brt,Halte TransJakarta & Shelter,Jakarta Barat,11480,transjakarta_stations.csv,-6.201044,106.799406,buildings/ChIJC2d4lL72aS4R46UAaYTwZ9U,"https://www.google.com/maps/search/?api=1&query=-6.201220,106.798808",-6.2012203,106.79880849999999,68.9,REVIEW (> 30m),2025-08-16,BASE,308.21,188.5,61.2,345.97,89.1,10.9,37.76,119.71,157.47,7,2.6° – 14.0°,8.7,96,1551.9,400,38.4,55.39,47674.33,47.67,809.0,38.57,,,,,,,,,,,Gap Sedikit
BRT-0189,Halte Simpang Tebet Barat IX 1,brt,Halte TransJakarta & Shelter,Jakarta Timur,12810,transjakarta_stations.csv,-6.238417,106.85198,buildings/ChIJZTuWPb3zaS4Rc7YqRjj1ib0,"https://www.google.com/maps/search/?api=1&query=-6.238529,106.851839",-6.238529499999999,106.8518386,20.02,VALID (< 30m),2025-08-16,BASE,181.24,141.38,78.0,274.53,66.0,34.0,93.29,39.86,133.16,2,19.4° – 20.0°,19.7,72,1608.97,400,28.8,44.1,37070.71,37.07,809.0,29.99,,,,,,,,,,,Gap Besar
BRT-0190,Halte Flyover Raya Bogor 1,brt,Halte TransJakarta & Shelter,Jakarta Timur,13750,transjakarta_stations.csv,-6.30669,106.8655,buildings/GhIJBoWOlvY5GcAR3sma32a3WkA,"https://www.google.com/maps/search/?api=1&query=-6.306625,106.865647",-6.3066249,106.8656472,17.81,VALID (< 30m),2024-10-26,BASE,35.29,15.71,44.5,62.09,56.8,43.2,26.8,19.58,46.38,1,4.1° – 4.1°,4.1,8,1632.59,400,3.2,4.94,4179.42,4.18,809.0,3.38,,,,,,,,,,,Gap Besar
BRT-0191,Halte Lotte Mall Kuningan 1,brt,Halte TransJakarta & Shelter,Jakarta Selatan,12940,transjakarta_stations.csv,-6.223317,106.822903,buildings/ChIJ20AUA_zzaS4RIDofO6VpVHU,"https://www.google.com/maps/search/?api=1&query=-6.222650,106.823077",-6.2226504,106.8230775,76.59,REVIEW (> 30m),2025-08-16,BASE,677.07,471.25,69.6,875.12,77.4,22.6,198.05,205.82,403.87,10,1.4° – 26.6°,8.8,240,1635.31,400,96.0,144.25,125592.1,125.59,809.0,101.6,,,,,,,,,,,Gap Sedang
BRT-0192,Halte Simpang Jln. P. Komarudin,brt,Halte TransJakarta & Shelter,Jakarta Timur,13950,transjakarta_stations.csv,-6.185269,106.942624,buildings/ChIJu4jF2RCLaS4RcEcHBZswmT4,"https://www.google.com/maps/search/?api=1&query=-6.185116,106.942568",-6.1851158,106.9425679,18.13,VALID (< 30m),2025-07-05,BASE,138.72,88.36,63.7,166.39,83.4,16.6,27.67,50.36,78.03,3,3.6° – 21.9°,10.4,45,1686.6,400,18.0,29.12,24287.11,24.29,809.0,19.65,,,,,,,,,,,Gap Sedikit
BRT-0193,Halte Simpang Jln. Mundu,brt,Halte TransJakarta & Shelter,Jakarta Utara,14260,transjakarta_stations.csv,-6.118265,106.910752,buildings/ChIJr_1WbPYfai4R7gh10PfWENM,"https://www.google.com/maps/search/?api=1&query=-6.118354,106.910624",-6.1183539,106.91062370000002,17.29,VALID (< 30m),2025-07-05,BASE,132.69,92.29,69.5,156.4,84.8,15.2,23.71,40.41,64.11,2,3.2° – 5.1°,4.4,47,1704.66,400,18.8,31.68,25638.13,25.64,809.0,20.74,,,,,,,,,,,Gap Sedikit
BRT-0194,Halte Simpang Pemangalan Raya,brt,Halte TransJakarta & Shelter,Jakarta Utara,11240,transjakarta_stations.csv,-6.135199,106.806497,buildings/ChIJzTzKHvgdai4R4ZnDWQBOHPE,"https://www.google.com/maps/search/?api=1&query=-6.135155,106.806443",-6.1351553999999995,106.8064433,7.66,VALID (< 30m),2025-07-26,BASE,210.55,129.59,61.6,267.96,78.6,21.4,57.41,80.96,138.37,3,14.5° – 16.7°,16.3,66,1678.3,400,26.4,43.49,35445.59,35.45,809.0,28.68,,,,,,,,,,,Gap Sedang
BRT-0195,Halte Simpang Jln. Jemb. Besi Raya,brt,Halte TransJakarta & Shelter,Jakarta Utara,11320,transjakarta_stations.csv,-6.151807,106.800666,buildings/ChIJ9cCQ_BP2aS4R09oqwSsUst4,"https://www.google.com/maps/search/?api=1&query=-6.151903,106.800741",-6.151903,106.8007406,13.49,VALID (< 30m),2025-07-26,BASE,92.45,62.83,68.0,131.29,70.4,29.6,38.84,29.62,68.45,2,3.0° – 5.0°,3.7,32,1629.74,400,12.8,19.79,16688.51,16.69,809.0,13.5,,,,,,,,,,,Gap Sedang
BRT-0196,Halte Sbr. Simpang Terusan Bandengan,brt,Halte TransJakarta & Shelter,Jakarta Utara,14450,transjakarta_stations.csv,-6.137152,106.791888,buildings/ChIJj0z1eSD2aS4RTLjlgisP4ZE,"https://www.google.com/maps/search/?api=1&query=-6.136968,106.791948",-6.1369682,106.7919483,21.5,VALID (< 30m),2025-07-26,BASE,110.64,68.72,62.1,140.34,78.8,21.2,29.7,41.91,71.61,3,5.3° – 12.4°,8.9,35,1677.59,400,14.0,22.68,18789.01,18.79,809.0,15.2,,,,,,,,,,,Gap Sedang
BRT-0197,Halte Simpang Cempaka IV Raya 1,brt,Halte TransJakarta & Shelter,Jakarta Timur,10520,transjakarta_stations.csv,-6.178123,106.860618,buildings/ChIJ_WvEXVT0aS4RCsIQYfd2WUI,"https://www.google.com/maps/search/?api=1&query=-6.178163,106.860716",-6.178163,106.8607161,11.72,VALID (< 30m),2025-07-26,BASE,156.3,115.85,74.1,209.92,74.5,25.5,53.62,40.45,94.07,2,3.5° – 9.3°,4.6,59,1661.14,400,23.6,38.29,31362.26,31.36,809.0,25.37,,,,,,,,,,,Gap Sedang
BRT-0198,Halte Simpang Jln. Hanoman 6,brt,Halte TransJakarta & Shelter,Jakarta Utara,11460,transjakarta_stations.csv,-6.146648,106.784531,buildings/ChIJvRzSMSX2aS4RsLNs6TuhacU,"https://www.google.com/maps/search/?api=1&query=-6.146629,106.784586",-6.146628799999999,106.7845863,6.48,VALID (< 30m),2024-09-19,BASE,38.06,23.56,61.9,57.49,66.2,33.8,19.43,14.5,33.93,1,12.7° – 12.7°,12.7,12,1637.82,400,4.8,7.3,6289.23,6.29,809.0,5.09,,,,,,,,,,,Gap Besar
BRT-0199,Halte Simpang Balai Pustaka Barat Waru,brt,Halte TransJakarta & Shelter,Jakarta Timur,13220,transjakarta_stations.csv,-6.196587,106.885644,buildings/GhIJ44ySkW7JGMAR9utwUq-4WkA,"https://www.google.com/maps/search/?api=1&query=-6.196709,106.885697",-6.196708500000001,106.8856971,14.73,VALID (< 30m),2025-08-16,BASE,49.45,19.64,39.7,53.49,92.4,7.6,4.04,29.82,33.86,2,7.3° – 20.2°,10.7,10,1520.06,400,4.0,5.79,4864.19,4.86,809.0,3.94,,,,,,,,,,,Gap Sedikit
BRT-0200,Halte Mall Cipinang Indah 2,brt,Halte TransJakarta & Shelter,Jakarta Timur,13430,transjakarta_stations.csv,-6.240232,106.894691,buildings/GhIJj0p6A2r1GMARBnYV_kK5WkA,"https://www.google.com/maps/search/?api=1&query=-6.239659,106.894713",-6.239659100000001,106.8947127,63.75,REVIEW (> 30m),2025-08-16,BASE,67.92,47.13,69.4,67.96,99.9,0.1,0.04,20.8,20.84,1,4.5° – 4.5°,4.5,24,1616.99,400,9.6,15.36,12418.47,12.42,809.0,10.05,,,,,,,,,,,Gap Sedikit
BRT-0201,Halte Simpang Kapuk Kamal,brt,Halte TransJakarta & Shelter,Kota Tangerang,11820,transjakarta_stations.csv,-6.121389,106.731259,buildings/ChIJu1xqEkkdai4ReaTTwsbrzv4,"https://www.google.com/maps/search/?api=1&query=-6.121453,106.731071",-6.1214531,106.7310706,22.02,VALID (< 30m),2024-09-19,BASE,10.13,3.93,38.8,10.89,93.0,7.0,0.77,6.2,6.97,1,15.5° – 15.5°,15.5,2,1676.88,400,0.8,0.0,1073.2,1.07,809.0,0.87,,,,,,,,,,,Gap Sedikit
BRT-0202,Halte Simpang Jln. Kenanga Indah,brt,Halte TransJakarta & Shelter,Kota Bekasi,17131,transjakarta_stations.csv,-6.177644,106.9817,buildings/ChIJtbjRaraLaS4Rn3dmGqtGdzQ,"https://www.google.com/maps/search/?api=1&query=-6.177570,106.981596",-6.1775698,106.9815965,14.11,VALID (< 30m),2025-07-05,BASE,327.8,212.06,64.7,436.01,75.2,24.8,108.21,115.73,223.95,7,10.6° – 43.0°,21.0,108,1696.98,400,43.2,67.43,58647.59,58.65,809.0,47.45,,,,,,,,,,,Gap Sedang
BRT-0203,Halte Simpang Herman Susilo 2,brt,Halte TransJakarta & Shelter,Kota Depok,12620,transjakarta_stations.csv,-6.326266,106.810998,buildings/ChIJY3YaR3HuaS4RlwCO8SIPSgw,"https://www.google.com/maps/search/?api=1&query=-6.326267,106.810941",-6.3262667,106.8109415,6.24,VALID (< 30m),2024-02-22,BASE,76.13,53.02,69.6,94.75,80.4,19.6,18.62,23.11,41.73,2,19.7° – 26.6°,23.0,27,1619.78,400,10.8,16.51,13994.87,13.99,809.0,11.32,,,,,,,,,,,Gap Sedikit
BRT-0204,Halte Simpang Manggarai Utara,brt,Halte TransJakarta & Shelter,Jakarta Pusat,12850,transjakarta_stations.csv,-6.212697,106.85724,buildings/ChIJzXr3E3n0aS4R4El2cz4Bdak,"https://www.google.com/maps/search/?api=1&query=-6.212651,106.857271",-6.2126506,106.85727089999999,6.19,VALID (< 30m),2025-08-16,BASE,63.05,37.31,59.2,69.86,90.3,9.7,6.81,25.74,32.55,2,3.1° – 4.4°,3.3,19,1646.27,400,7.6,12.38,10009.31,10.01,809.0,8.1,,,,,,,,,,,Gap Sedikit
BRT-0205,Halte Simpang KH. Moh. Mansyur,brt,Halte TransJakarta & Shelter,Jakarta Barat,10140,transjakarta_stations.csv,-6.165745,106.807795,buildings/ChIJIfi2a3D2aS4RnZN18T5xKso,"https://www.google.com/maps/search/?api=1&query=-6.165622,106.807773",-6.1656219,106.807773,13.9,VALID (< 30m),2025-07-26,BASE,81.86,39.27,48.0,86.87,94.2,5.8,5.01,42.59,47.6,3,11.8° – 29.0°,19.0,20,1602.84,400,8.0,12.15,10258.15,10.26,809.0,8.3,,,,,,,,,,,Gap Sedikit
BRT-0206,Halte Simpang Tunda Bara TB Simatupang,brt,Halte TransJakarta & Shelter,Jakarta Selatan,12430,transjakarta_stations.csv,-6.292609,106.798193,buildings/ChIJcR2y-ubxaS4RYYWVqtKa8hk,"https://www.google.com/maps/search/?api=1&query=-6.292871,106.797896",-6.292870799999999,106.79789609999999,43.87,REVIEW (> 30m),2025-08-16,BASE,648.73,463.4,71.4,849.74,76.3,23.7,201.01,185.33,386.34,6,1.2° – 15.8°,2.6,236,1613.76,400,94.4,147.5,121871.15,121.87,809.0,98.59,,,,,,,,,,,Gap Sedang
BRT-0207,Halte Simpang Damai Raya H. Jian,brt,Halte TransJakarta & Shelter,Jakarta Selatan,12150,transjakarta_stations.csv,-6.260636,106.805769,buildings/ChIJm3uAMp3xaS4RNZJiM-ywLnI,"https://www.google.com/maps/search/?api=1&query=-6.260599,106.805845",-6.2605993,106.80584549999999,9.39,VALID (< 30m),2025-08-16,BASE,634.68,386.82,60.9,735.99,86.2,13.8,101.32,247.86,349.17,21,0.4° – 24.6°,12.7,197,1610.31,400,78.8,119.28,101513.94,101.51,809.0,82.12,,,,,,,,,,,Gap Sedikit
BRT-0208,Halte Terminal Bekasi,brt,Halte TransJakarta & Shelter,Kota Bekasi,17113,transjakarta_stations.csv,-6.249502,107.01339,buildings/ChIJgUDQHYeOaS4Rnej2MCDPxbQ,"https://www.google.com/maps/search/?api=1&query=-6.249447,107.014547",-6.2494475,107.0145467,128.0,REVIEW (> 30m),2025-09-13,BASE,27.69,17.67,63.8,45.6,60.7,39.3,17.91,10.02,27.93,1,14.7° – 14.7°,14.7,9,1677.24,400,3.6,5.85,4830.44,4.83,809.0,3.91,,,,,,,,,,,Gap Besar
BRT-0209,Halte Simpang Tj. Duren Raya,brt,Halte TransJakarta & Shelter,Jakarta Barat,11470,transjakarta_stations.csv,-6.173776,106.78377,buildings/ChIJ-zErwFn2aS4ROZQDaG3FrsM,"https://www.google.com/maps/search/?api=1&query=-6.173932,106.783775",-6.1739318999999995,106.7837749,17.34,VALID (< 30m),2025-07-26,BASE,193.34,135.49,70.1,211.22,91.5,8.5,17.88,57.85,75.74,4,4.1° – 17.9°,9.0,69,1625.24,400,27.6,43.29,35885.37,35.89,809.0,29.03,,,,,,,,,,,Gap Sedikit
BRT-0210,Halte Simpang Jln. Paso,brt,Halte TransJakarta & Shelter,Jakarta Selatan,12620,transjakarta_stations.csv,-6.316025,106.816128,buildings/ChIJQe5xPwruaS4ReQmbpCxMbOM,"https://www.google.com/maps/search/?api=1&query=-6.315935,106.816133",-6.3159347,106.81613329999999,10.06,VALID (< 30m),2024-02-22,BASE,55.06,27.49,49.9,81.99,67.2,32.8,26.93,27.57,54.5,2,2.9° – 10.9°,5.6,14,1636.8,400,5.6,8.84,7332.85,7.33,809.0,5.93,,,,,,,,,,,Gap Besar
BRT-0211,Halte Simpang St. Senen,brt,Halte TransJakarta & Shelter,Jakarta Pusat,10450,transjakarta_stations.csv,-6.176376,106.844109,buildings/ChIJP9RQJkv0aS4R5YlN380Gubw,"https://www.google.com/maps/search/?api=1&query=-6.176548,106.844606",-6.1765482,106.8446061,58.19,REVIEW (> 30m),2024-10-26,BASE,71.82,49.09,68.3,87.63,82.0,18.0,15.8,22.73,38.54,1,10.9° – 10.9°,10.9,25,1565.59,400,10.0,14.7,12524.69,12.52,809.0,10.13,,,,,,,,,,,Gap Sedikit
BRT-0212,Halte Stasiun Tebet,brt,Halte TransJakarta & Shelter,Jakarta Timur,12820,transjakarta_stations.csv,-6.225503,106.85814,buildings/ChIJ-6K9vITzaS4RHNCPvHfwXe4,"https://www.google.com/maps/search/?api=1&query=-6.225397,106.858300",-6.225397399999999,106.8582996,21.19,VALID (< 30m),2025-08-16,BASE,6.76,0.0,0.0,9.38,72.1,27.9,2.62,6.76,9.38,1,14.1° – 14.1°,14.1,0,1300.0,400,0.0,0.0,0.0,0.0,809.0,0.0,,,,,,,,,,,Gap Sedang
BRT-0213,Halte Maspion Plaza,brt,Halte TransJakarta & Shelter,Jakarta Utara,10730,transjakarta_stations.csv,-6.141539,106.83352,buildings/ChIJG00sGPH1aS4RUwvwqKexH1A,"https://www.google.com/maps/search/?api=1&query=-6.141798,106.833300",-6.1417984,106.8332997,37.75,REVIEW (> 30m),2025-07-26,BASE,20.74,11.78,56.8,20.74,100.0,0.0,0.0,8.95,8.95,1,3.3° – 3.3°,3.3,6,1597.69,400,2.4,3.78,3067.56,3.07,809.0,2.48,,,,,,,,,,,Gap Sedikit
BRT-0214,Halte Lotte Mall Kelapa Gading 2,brt,Halte TransJakarta & Shelter,Jakarta Utara,14240,transjakarta_stations.csv,-6.154794,106.89603,buildings/GhIJ8nNTWVWeGMARjyTxR1i5WkA,"https://www.google.com/maps/search/?api=1&query=-6.154612,106.896013",-6.154611999999999,106.8960128,20.33,VALID (< 30m),2025-07-26,BASE,25.19,15.71,62.4,41.24,61.1,38.9,16.04,9.48,25.53,1,2.9° – 2.9°,2.9,8,1665.16,400,3.2,5.17,4262.81,4.26,809.0,3.45,,,,,,,,,,,Gap Besar
BRT-0215,Halte Pondok Indah Mall 1,brt,Halte TransJakarta & Shelter,Jakarta Selatan,12310,transjakarta_stations.csv,-6.263197,106.78479,buildings/GhIJryM5pY0NGcAR7pqPIDeyWkA,"https://www.google.com/maps/search/?api=1&query=-6.263214,106.784638",-6.263213599999999,106.784638,16.9,VALID (< 30m),2024-10-26,BASE,13.13,3.93,29.9,13.13,100.0,0.0,0.0,9.2,9.2,1,0.8° – 0.8°,0.8,2,1476.3,400,0.8,0.0,944.83,0.94,809.0,0.76,,,,,,,,,,,Gap Sedikit
BRT-0216,Halte Mall Taman Palem 1,brt,Halte TransJakarta & Shelter,Kota Tangerang,11730,transjakarta_stations.csv,-6.139762,106.73287,buildings/ChIJXZEyE_33aS4Rf1x-2j97YY4,"https://www.google.com/maps/search/?api=1&query=-6.139832,106.733212",-6.139831699999999,106.7332122,38.62,REVIEW (> 30m),2024-09-19,BASE,18.79,11.78,62.7,24.09,78.0,22.0,5.3,7.01,12.31,1,23.0° – 23.0°,23.0,6,1645.76,400,2.4,3.61,3159.86,3.16,809.0,2.56,,,,,,,,,,,Gap Sedang
BRT-0217,Halte Sbr. Simpang Klp. 3 Jagakarsa,brt,Halte TransJakarta & Shelter,Kota Depok,12620,transjakarta_stations.csv,-6.330555,106.828708,buildings/ChIJXX-1FtDtaS4RjefIfSPQ2-c,"https://www.google.com/maps/search/?api=1&query=-6.330546,106.828688",-6.330546399999999,106.82868789999999,2.42,VALID (< 30m),2024-02-22,BASE,11.41,3.93,34.4,11.41,100.0,0.0,0.0,7.48,7.48,1,27.7° – 27.7°,27.7,2,1548.4,400,0.8,0.0,990.97,0.99,809.0,0.8,,,,,,,,,,,Gap Sedikit
BRT-0218,Halte Simpang Tebet Raya Timur,brt,Halte TransJakarta & Shelter,Jakarta Timur,12820,transjakarta_stations.csv,-6.22987,106.85278,buildings/ChIJHc1BnJDzaS4RN9Pbo2R7Ix4,"https://www.google.com/maps/search/?api=1&query=-6.229992,106.852962",-6.2299921,106.8529624,24.31,VALID (< 30m),2025-08-16,BASE,293.25,162.98,55.6,347.62,84.4,15.6,54.37,130.28,184.64,6,3.0° – 46.1°,12.5,83,1640.39,400,33.2,52.05,43568.81,43.57,809.0,35.25,,,,,,,,,,,Gap Sedikit
BRT-0219,Halte Lippo Mall Kramat Jati,brt,Halte TransJakarta & Shelter,Jakarta Timur,13520,transjakarta_stations.csv,-6.270835,106.86741,buildings/ChIJxb2wQvbyaS4R8cm_7KkFQNI,"https://www.google.com/maps/search/?api=1&query=-6.270763,106.867203",-6.2707634,106.86720269999999,24.26,VALID (< 30m),2025-08-16,BASE,233.48,184.57,79.1,297.5,78.5,21.5,64.02,48.9,112.92,4,4.3° – 16.9°,13.5,94,1614.07,400,37.6,59.13,48551.28,48.55,809.0,39.28,,,,,,,,,,,Gap Sedang
BRT-0220,Halte Simpang Duren Bangka Timur 2,brt,Halte TransJakarta & Shelter,Jakarta Selatan,12760,transjakarta_stations.csv,-6.259274,106.827766,buildings/ChIJW_yTPS3yaS4RThxE0FFy4aQ,"https://www.google.com/maps/search/?api=1&query=-6.259273,106.827685",-6.259273299999999,106.82768499999999,8.95,VALID (< 30m),2024-10-26,BASE,60.75,37.31,61.4,79.3,76.6,23.4,18.55,23.44,41.99,2,7.6° – 11.8°,9.9,19,1566.61,400,7.6,11.12,9524.99,9.52,809.0,7.71,,,,,,,,,,,Gap Sedang
BRT-0221,Halte Pondok Indah Mall 2,brt,Halte TransJakarta & Shelter,Jakarta Selatan,12310,transjakarta_stations.csv,-6.264403,106.782455,buildings/GhIJnnWW8p8OGcARB_Q2hxCyWkA,"https://www.google.com/maps/search/?api=1&query=-6.264287,106.782256",-6.2642868,106.7822561,25.5,VALID (< 30m),2024-10-26,BASE,18.02,9.82,54.5,22.55,79.9,20.1,4.53,8.2,12.73,1,21.2° – 21.2°,21.2,5,1155.5,400,2.0,2.2,1848.81,1.85,809.0,1.5,,,,,,,,,,,Gap Sedang
BRT-0222,Halte Mall Taman Palem 3,brt,Halte TransJakarta & Shelter,Kota Tangerang,11730,transjakarta_stations.csv,-6.140548,106.73011,buildings/GhIJicd19HWPGMARV74Jsq-uWkA,"https://www.google.com/maps/search/?api=1&query=-6.140104,106.729479",-6.1401042,106.7294793,85.42,REVIEW (> 30m),2024-09-19,BASE,42.82,27.49,64.2,42.82,100.0,0.0,0.0,15.33,15.33,1,6.8° – 6.8°,6.8,14,1684.44,400,5.6,9.22,7546.3,7.55,809.0,6.1,,,,,,,,,,,Gap Sedikit
BRT-0223,Halte Flyover Kampung Melayu,brt,Halte TransJakarta & Shelter,Jakarta Timur,13330,transjakarta_stations.csv,-6.22506,106.86483,buildings/ChIJBYTroILzaS4RaPr2XOJQVu0,"https://www.google.com/maps/search/?api=1&query=-6.225123,106.864935",-6.2251235,106.86493480000001,13.57,VALID (< 30m),2025-08-16,BASE,102.61,66.76,65.1,140.2,73.2,26.8,37.59,35.85,73.44,2,1.4° – 2.1°,2.1,34,1607.38,400,13.6,21.11,17488.33,17.49,809.0,14.15,,,,,,,,,,,Gap Sedang
BRT-0224,Halte Simpang Jln. Malibu Raya,brt,Halte TransJakarta & Shelter,Kota Tangerang,11730,transjakarta_stations.csv,-6.136621,106.735503,buildings/GhIJeQh4vCKMGMARfVSrVhevWkA,"https://www.google.com/maps/search/?api=1&query=-6.136860,106.735798",-6.1368602,106.7357981,42.09,REVIEW (> 30m),2024-09-19,BASE,78.57,56.94,72.5,126.83,61.9,38.1,48.26,21.63,69.89,1,3.8° – 3.8°,3.8,29,1699.39,400,11.6,19.3,15770.29,15.77,809.0,12.76,,,,,,,,,,,Gap Besar
BRT-0225,Halte Sbr. Bona Plaza Indah,brt,Halte TransJakarta & Shelter,Jakarta Selatan,12440,transjakarta_stations.csv,-6.30108,106.78042,buildings/ChIJ330_JSjuaS4RP4Zz_BX8Mns,"https://www.google.com/maps/search/?api=1&query=-6.301107,106.780303",-6.3011067999999995,106.78030299999999,13.27,VALID (< 30m),2024-10-26,BASE,118.08,88.36,74.8,118.08,100.0,0.0,0.0,29.72,29.72,1,2.7° – 2.7°,2.7,45,1594.0,400,18.0,27.22,22953.59,22.95,809.0,18.57,,,,,,,,,,,Gap Sedikit
BRT-0226,Halte Akses Bawah Flyover Raya Bogor 3,brt,Halte TransJakarta & Shelter,Jakarta Timur,13760,transjakarta_stations.csv,-6.305959,106.86511,buildings/GhIJYqDniZo5GcARnINb_1q3WkA,"https://www.google.com/maps/search/?api=1&query=-6.306252,106.864940",-6.306252199999999,106.8649401,37.62,REVIEW (> 30m),2023-08-08,BASE,25.36,17.67,69.7,25.36,100.0,0.0,0.0,7.69,7.69,1,30.1° – 30.1°,30.1,9,1443.62,400,3.6,4.75,4157.62,4.16,809.0,3.36,,,,,,,,,,,Gap Sedikit
BRT-0227,Halte Akses Bawah Flyover Raya Bogor 2,brt,Halte TransJakarta & Shelter,Jakarta Timur,13760,transjakarta_stations.csv,-6.306687,106.864709,buildings/ChIJYZNXmILtaS4R51NjwIdReeU,"https://www.google.com/maps/search/?api=1&query=-6.306592,106.864451",-6.3065921,106.86445069999999,30.44,REVIEW (> 30m),2024-10-26,BASE,84.16,58.91,70.0,104.87,80.3,19.7,20.71,25.25,45.97,1,20.1° – 20.1°,20.1,30,1506.7,400,12.0,17.5,14464.32,14.46,809.0,11.7,,,,,,,,,,,Gap Sedikit
BRT-0228,Halte Depan Flyover Raya Bogor,brt,Halte TransJakarta & Shelter,Jakarta Timur,13750,transjakarta_stations.csv,-6.30647,106.86609,buildings/GhIJQWRfUMk5GcAR3w_A-2y3WkA,"https://www.google.com/maps/search/?api=1&query=-6.306432,106.866008",-6.3064319,106.866008,10.0,VALID (< 30m),2024-10-26,BASE,171.86,123.7,72.0,262.42,65.5,34.5,90.56,48.16,138.71,1,5.5° – 5.5°,5.5,63,1642.32,400,25.2,39.05,33109.07,33.11,809.0,26.79,,,,,,,,,,,Gap Besar
BRT-0229,Halte Mall Artha Gading,brt,Halte TransJakarta & Shelter,Jakarta Utara,14240,transjakarta_stations.csv,-6.144601,106.89146,buildings/GhIJ-iolopaUGMARpOu7Ng-5WkA,"https://www.google.com/maps/search/?api=1&query=-6.145100,106.891558",-6.145099999999999,106.89155810000001,56.54,REVIEW (> 30m),2025-07-26,BASE,98.7,70.69,71.6,129.58,76.2,23.8,30.88,28.01,58.89,1,4.0° – 4.0°,4.0,36,1683.64,400,14.4,23.74,19395.5,19.4,809.0,15.69,,,,,,,,,,,Gap Sedang
BRT-0230,Halte Mall Cipinang Indah 1,brt,Halte TransJakarta & Shelter,Jakarta Timur,13430,transjakarta_stations.csv,-6.239676,106.89405,buildings/GhIJj0p6A2r1GMARBnYV_kK5WkA,"https://www.google.com/maps/search/?api=1&query=-6.239659,106.894713",-6.239659100000001,106.8947127,73.28,REVIEW (> 30m),2025-08-16,BASE,67.92,47.13,69.4,67.96,99.9,0.1,0.04,20.8,20.84,1,4.5° – 4.5°,4.5,24,1616.99,400,9.6,15.36,12418.47,12.42,809.0,10.05,,,,,,,,,,,Gap Sedikit
BRT-0231,Halte Mall Cijantung,brt,Halte TransJakarta & Shelter,Jakarta Timur,13770,transjakarta_stations.csv,-6.312041,106.86245,buildings/ChIJee1By53taS4RBLFngnuwn78,"https://www.google.com/maps/search/?api=1&query=-6.312135,106.862193",-6.3121354,106.8621933,30.25,REVIEW (> 30m),2024-02-22,BASE,124.17,102.1,82.2,134.44,92.4,7.6,10.27,22.07,32.34,1,5.7° – 5.7°,5.7,52,1624.22,400,20.8,33.41,27027.08,27.03,809.0,21.86,,,,,,,,,,,Gap Sedikit
BRT-0232,Halte Simpang Tridharma Bango Raya,brt,Halte TransJakarta & Shelter,Jakarta Selatan,12450,transjakarta_stations.csv,-6.303235,106.804553,buildings/ChIJi2L5wRzuaS4RcW791miQAoY,"https://www.google.com/maps/search/?api=1&query=-6.303277,106.804594",-6.3032774,106.8045938,6.52,VALID (< 30m),2024-10-26,BASE,142.23,111.92,78.7,168.55,84.4,15.6,26.32,30.31,56.63,2,7.7° – 11.9°,10.1,57,1646.13,400,22.8,35.58,30025.37,30.03,809.0,24.29,,,,,,,,,,,Gap Sedikit
BRT-0233,Halte Mall Basura 2,brt,Halte TransJakarta & Shelter,Jakarta Timur,13410,transjakarta_stations.csv,-6.225004,106.87763,buildings/ChIJ3VypWmXzaS4R17JU4jMO9qc,"https://www.google.com/maps/search/?api=1&query=-6.225108,106.877604",-6.225107500000001,106.8776036,11.87,VALID (< 30m),2025-08-16,BASE,253.48,180.65,71.3,344.92,73.5,26.5,91.44,72.83,164.27,4,4.3° – 24.8°,12.6,92,1652.72,400,36.8,58.09,48656.05,48.66,809.0,39.36,,,,,,,,,,,Gap Sedang
BRT-0234,Halte Mall Basura 1,brt,Halte TransJakarta & Shelter,Jakarta Timur,13410,transjakarta_stations.csv,-6.225218,106.87856,buildings/ChIJSZzVZWXzaS4RSkWmX3_3j-Y,"https://www.google.com/maps/search/?api=1&query=-6.225238,106.878718",-6.2252383,106.878718,17.61,VALID (< 30m),2025-08-16,BASE,70.5,49.09,69.6,122.07,57.8,42.2,51.57,21.41,72.98,1,12.8° – 12.8°,12.8,25,1655.25,400,10.0,15.99,13241.97,13.24,809.0,10.71,,,,,,,,,,,Gap Besar
BRT-0235,Halte Simpang Adiaksa,brt,Halte TransJakarta & Shelter,Jakarta Selatan,12440,transjakarta_stations.csv,-6.298081,106.774834,buildings/ChIJIf6IS9TxaS4RBx5C9kR3Lnc,"https://www.google.com/maps/search/?api=1&query=-6.297981,106.774698",-6.297981099999999,106.77469769999999,18.72,VALID (< 30m),2024-10-26,BASE,288.08,210.1,72.9,331.06,87.0,13.0,42.98,77.97,120.96,6,3.3° – 16.9°,13.2,107,1647.34,400,42.8,67.18,56404.79,56.4,809.0,45.63,,,,,,,,,,,Gap Sedikit
BRT-0236,Halte Mall Bale Kota,brt,Halte TransJakarta & Shelter,Kota Tangerang,15118,transjakarta_stations.csv,-6.181306,106.64346,buildings/ChIJ1XHBYdj4aS4RK6TN-lcP1i8,"https://www.google.com/maps/search/?api=1&query=-6.181189,106.643806",-6.181189,106.643806,40.4,REVIEW (> 30m),2025-07-26,BASE,165.32,96.21,58.2,210.44,78.6,21.4,45.12,69.1,114.23,6,2.4° – 12.9°,6.9,49,1652.15,400,19.6,31.67,25905.76,25.91,809.0,20.96,,,,,,,,,,,Gap Sedang
BRT-0237,Halte Simpang Kampung Kandang 2,brt,Halte TransJakarta & Shelter,Jakarta Selatan,12560,transjakarta_stations.csv,-6.310675,106.812998,buildings/ChIJNR6ivgjuaS4RmT2QStP0uUg,"https://www.google.com/maps/search/?api=1&query=-6.310648,106.813102",-6.3106477,106.8131021,11.9,VALID (< 30m),2024-10-26,BASE,136.87,100.14,73.2,154.85,88.4,11.6,17.98,36.73,54.7,3,1.7° – 7.1°,5.0,51,1629.21,400,20.4,31.4,26588.64,26.59,809.0,21.51,,,,,,,,,,,Gap Sedikit
BRT-0238,Halte Simpang Kramat II,brt,Halte TransJakarta & Shelter,Jakarta Selatan,12220,transjakarta_stations.csv,-6.235583,106.78529,buildings/ChIJZZJw9jzxaS4RUj5rEMVXcI8,"https://www.google.com/maps/search/?api=1&query=-6.235510,106.785272",-6.2355097,106.78527229999999,8.38,VALID (< 30m),2025-08-16,BASE,34.63,21.6,62.4,45.97,75.3,24.7,11.34,13.03,24.38,1,8.7° – 8.7°,8.7,11,1495.33,400,4.4,6.36,5263.56,5.26,809.0,4.26,,,,,,,,,,,Gap Sedang
BRT-0239,Halte Flyover Jatinegara,brt,Halte TransJakarta & Shelter,Jakarta Timur,13410,transjakarta_stations.csv,-6.215139,106.874152,buildings/GhIJgytE6HHcGMARyLHfSuy3WkA,"https://www.google.com/maps/search/?api=1&query=-6.215265,106.873736",-6.2152651,106.8737361,48.06,REVIEW (> 30m),2025-08-16,BASE,124.99,84.43,67.6,124.99,100.0,0.0,0.0,40.56,40.56,2,4.3° – 22.6°,11.0,43,1642.39,400,17.2,24.83,22599.35,22.6,809.0,18.28,,,,,,,,,,,Gap Sedikit
BRT-0240,Halte Simpang Jln. Pegangsaan Dua,brt,Halte TransJakarta & Shelter,Jakarta Timur,14250,transjakarta_stations.csv,-6.18223,106.9185,buildings/ChIJi_NadC6LaS4R647Bm1KDLao,"https://www.google.com/maps/search/?api=1&query=-6.182095,106.918448",-6.1820951,106.918448,16.06,VALID (< 30m),2025-07-05,BASE,12.34,3.93,31.8,18.02,68.5,31.5,5.68,8.41,14.09,1,1.0° – 1.0°,1.0,2,1566.25,400,0.8,0.0,1002.4,1.0,809.0,0.81,,,,,,,,,,,Gap Besar
BRT-0241,Halte Sbr. Mall Daan Mogot,brt,Halte TransJakarta & Shelter,Kota Tangerang,11840,transjakarta_stations.csv,-6.151116,106.715032,buildings/ChIJ040YBRv4aS4RaB-1c9EFghQ,"https://www.google.com/maps/search/?api=1&query=-6.151325,106.715222",-6.1513246,106.7152222,31.31,REVIEW (> 30m),2024-09-19,BASE,25.8,13.74,53.3,26.95,95.7,4.3,1.15,12.06,13.21,1,1.1° – 1.1°,1.1,7,1695.47,400,2.8,4.7,3797.85,3.8,809.0,3.07,,,,,,,,,,,Gap Sedikit
BRT-0242,Halte Simpang Danau Sunter Selatan,brt,Halte TransJakarta & Shelter,Jakarta Utara,14360,transjakarta_stations.csv,-6.14211,106.8869,buildings/GhIJfTC7VCeRGMARmdLgcce4WkA,"https://www.google.com/maps/search/?api=1&query=-6.141767,106.887163",-6.141767499999999,106.8871633,47.94,REVIEW (> 30m),2025-07-26,BASE,38.45,25.53,66.4,53.56,71.8,28.2,15.12,12.92,28.04,1,4.8° – 4.8°,4.8,13,1562.85,400,5.2,7.91,6501.47,6.5,809.0,5.26,,,,,,,,,,,Gap Sedang
BRT-0243,Halte Simpang Deplu Veteran Raya,brt,Halte TransJakarta & Shelter,Jakarta Selatan,12330,transjakarta_stations.csv,-6.271822,106.76451,buildings/ChIJIeuOdE7waS4RVOSs9ccxJs4,"https://www.google.com/maps/search/?api=1&query=-6.271769,106.764392",-6.2717689,106.7643915,14.37,VALID (< 30m),2023-08-06,BASE,36.39,27.49,75.5,41.08,88.6,11.4,4.69,8.9,13.59,1,4.2° – 4.2°,4.2,14,1576.37,400,5.6,8.65,7062.12,7.06,809.0,5.71,,,,,,,,,,,Gap Sedikit
BRT-0244,Halte Flyover Pramuka,brt,Halte TransJakarta & Shelter,Jakarta Pusat,13140,transjakarta_stations.csv,-6.19891,106.8545,buildings/ChIJ38ZsOGb0aS4RbUDNvlwHrN8,"https://www.google.com/maps/search/?api=1&query=-6.199157,106.854627",-6.1991571,106.8546271,30.86,REVIEW (> 30m),2025-08-16,BASE,462.95,290.61,62.8,518.33,89.3,10.7,55.38,172.35,227.72,9,10.3° – 25.3°,17.9,148,1649.55,400,59.2,91.4,78122.46,78.12,809.0,63.2,,,,,,,,,,,Gap Sedikit
BRT-0245,Halte Simpang Rawa Maja 2,brt,Halte TransJakarta & Shelter,Jakarta Selatan,12410,transjakarta_stations.csv,-6.265724,106.799495,buildings/ChIJv_2MZpnxaS4RKveZzg2YY6E,"https://www.google.com/maps/search/?api=1&query=-6.265619,106.799605",-6.265619099999999,106.7996053,16.87,VALID (< 30m),2025-08-16,BASE,139.87,80.51,57.6,154.8,90.4,9.6,14.93,59.37,74.29,4,7.9° – 24.2°,16.5,41,1614.95,400,16.4,25.73,21188.12,21.19,809.0,17.14,,,,,,,,,,,Gap Sedikit
BRT-0246,Halte Simpang Jln. RM Margono,brt,Halte TransJakarta & Shelter,Jakarta Pusat,10250,transjakarta_stations.csv,-6.202135,106.816041,buildings/ChIJy4oeyqD2aS4R0LUfHBzmAzM,"https://www.google.com/maps/search/?api=1&query=-6.201884,106.816380",-6.2018837,106.8163799,46.74,REVIEW (> 30m),2025-08-16,BASE,668.35,490.89,73.4,2474.14,27.0,73.0,1805.8,177.46,1983.26,6,4.5° – 39.4°,21.4,250,1552.34,400,100.0,118.13,124187.16,124.19,809.0,100.47,,,,,,,,,,,Gap Besar
BRT-0247,Halte Simpang Sumanggung 3,brt,Halte TransJakarta & Shelter,Jakarta Timur,14240,transjakarta_stations.csv,-6.170966,106.90279,buildings/ChIJfy-O-ij1aS4RH6QNCokYBbc,"https://www.google.com/maps/search/?api=1&query=-6.170831,106.902737",-6.1708308999999995,106.90273739999999,16.11,VALID (< 30m),2025-07-26,BASE,415.39,300.42,72.3,533.55,77.9,22.1,118.16,114.97,233.12,5,3.9° – 15.8°,6.3,153,1682.26,400,61.2,99.11,82363.42,82.36,809.0,66.63,,,,,,,,,,,Gap Sedang
BRT-0248,Halte Simpang Lebak Bulus Raya,brt,Halte TransJakarta & Shelter,Jakarta Selatan,12310,transjakarta_stations.csv,-6.289281,106.771557,buildings/ChIJyV9ROc3xaS4RVWJlXCFlMGk,"https://www.google.com/maps/search/?api=1&query=-6.288967,106.771653",-6.288966599999999,106.77165339999999,36.55,REVIEW (> 30m),2023-08-06,BASE,51.97,25.53,49.1,59.06,88.0,12.0,7.09,26.44,33.53,2,4.3° – 13.2°,9.0,13,1616.69,400,5.2,7.61,6725.44,6.73,809.0,5.44,,,,,,,,,,,Gap Sedikit
BRT-0249,Halte GP Mall 1,brt,Halte TransJakarta & Shelter,Kota Bekasi,17113,transjakarta_stations.csv,-6.259636,107.01988,buildings/ChIJwbOtJmWOaS4RsoHqbc5ppis,"https://www.google.com/maps/search/?api=1&query=-6.259679,107.019606",-6.2596794,107.0196057,30.7,REVIEW (> 30m),2025-09-13,BASE,117.28,84.43,72.0,129.22,90.8,9.2,11.94,32.85,44.79,1,21.9° – 21.9°,21.9,43,1613.77,400,17.2,22.4,22205.49,22.21,809.0,17.96,,,,,,,,,,,Gap Sedikit
BRT-0250,Halte Simpang Tebet Barat Raya,brt,Halte TransJakarta & Shelter,Jakarta Timur,12810,transjakarta_stations.csv,-6.23012,106.85121,buildings/ChIJM0Ou75DzaS4R4Y3TSBsJwuE,"https://www.google.com/maps/search/?api=1&query=-6.229902,106.851172",-6.2299016,106.8511722,24.64,VALID (< 30m),2025-08-16,BASE,657.57,463.4,70.5,869.8,75.6,24.4,212.23,194.18,406.41,10,3.3° – 20.6°,8.1,236,1631.54,400,94.4,148.04,123213.55,123.21,809.0,99.68,,,,,,,,,,,Gap Sedang
BRT-0251,Halte Simpang Tebet Raya Barat,brt,Halte TransJakarta & Shelter,Jakarta Timur,12810,transjakarta_stations.csv,-6.23023,106.85145,buildings/ChIJCQT_6ZDzaS4RRjowov06N4g,"https://www.google.com/maps/search/?api=1&query=-6.230457,106.851352",-6.2304571,106.8513522,27.47,VALID (< 30m),2025-08-16,BASE,716.15,459.47,64.2,904.59,79.2,20.8,188.44,256.68,445.12,18,3.1° – 33.0°,21.0,234,1623.94,400,93.6,142.47,121600.37,121.6,809.0,98.37,,,,,,,,,,,Gap Sedang
BRT-0252,Halte Plaza Festival,brt,Halte TransJakarta & Shelter,Jakarta Timur,12940,transjakarta_stations.csv,-6.220212,106.833047,buildings/ChIJZU8V_PbzaS4RKtaG-dcAmOI,"https://www.google.com/maps/search/?api=1&query=-6.219976,106.832823",-6.219976399999999,106.83282349999999,36.01,REVIEW (> 30m),2024-10-26,BASE,27.56,13.74,49.9,34.63,79.6,20.4,7.07,13.81,20.89,1,8.0° – 8.0°,8.0,7,1368.66,400,2.8,3.74,3065.81,3.07,809.0,2.48,,,,,,,,,,,Gap Sedang
BRT-0253,Halte Simpang Tebet Raya Utara,brt,Halte TransJakarta & Shelter,Jakarta Timur,12810,transjakarta_stations.csv,-6.229717,106.85244,buildings/ChIJMZLNj5DzaS4Rg4dpcF0MNWw,"https://www.google.com/maps/search/?api=1&query=-6.229735,106.852315",-6.2297348999999995,106.8523146,14.0,VALID (< 30m),2025-08-16,BASE,111.72,76.58,68.5,139.12,80.3,19.7,27.4,35.14,62.54,2,5.8° – 7.1°,6.0,39,1639.9,400,15.6,25.33,20465.98,20.47,809.0,16.56,,,,,,,,,,,Gap Sedikit
BRT-0254,Halte Simpang Tebet Timur Raya,brt,Halte TransJakarta & Shelter,Jakarta Timur,12820,transjakarta_stations.csv,-6.230297,106.8525,buildings/ChIJg-NUmJDzaS4R8jtp5SkAkHg,"https://www.google.com/maps/search/?api=1&query=-6.230278,106.852662",-6.230277999999999,106.85266159999999,17.99,VALID (< 30m),2024-10-26,BASE,89.52,58.91,65.8,98.63,90.8,9.2,9.11,30.61,39.72,2,2.5° – 10.3°,5.6,30,1586.34,400,12.0,17.67,15228.9,15.23,809.0,12.32,,,,,,,,,,,Gap Sedikit
BRT-0255,Halte Simpang Latumeten,brt,Halte TransJakarta & Shelter,Jakarta Barat,11450,transjakarta_stations.csv,-6.162982,106.79024,buildings/ChIJ7Zk0xEP2aS4RiT_aHSloOn4,"https://www.google.com/maps/search/?api=1&query=-6.163061,106.790390",-6.1630612,106.79038969999999,18.75,VALID (< 30m),2025-07-26,BASE,593.94,386.82,65.1,802.32,74.0,26.0,208.38,207.12,415.5,12,0.5° – 7.5°,2.5,197,1658.13,400,78.8,126.4,104528.73,104.53,809.0,84.56,,,,,,,,,,,Gap Sedang
BRT-0256,Halte Simpang RP Soeroso,brt,Halte TransJakarta & Shelter,Jakarta Pusat,10350,transjakarta_stations.csv,-6.191676,106.836118,buildings/ChIJiWNtrT70aS4RItLEpa-Mtew,"https://www.google.com/maps/search/?api=1&query=-6.191478,106.836174",-6.191478099999999,106.8361744,22.87,VALID (< 30m),2025-08-16,BASE,26.58,15.71,59.1,38.33,69.3,30.7,11.75,10.87,22.63,1,6.7° – 6.7°,6.7,8,1517.83,400,3.2,4.5,3885.66,3.89,809.0,3.14,,,,,,,,,,,Gap Besar
BRT-0257,Halte Arion Mall,brt,Halte TransJakarta & Shelter,Jakarta Timur,13220,transjakarta_stations.csv,-6.193631,106.89068,buildings/ChIJtYtxcsD0aS4RuAmHAC7k1as,"https://www.google.com/maps/search/?api=1&query=-6.194084,106.890462",-6.194084,106.8904616,55.86,REVIEW (> 30m),2025-08-16,BASE,4051.8,3180.96,78.5,4638.11,87.4,12.6,586.31,870.85,1457.16,26,0.8° – 21.4°,3.1,1620,1675.37,400,648.0,1054.86,868509.53,868.51,809.0,702.62,,,,,,,,,,,Gap Sedikit
BRT-0258,Halte Flyover Jatinegara 1,brt,Halte TransJakarta & Shelter,Jakarta Timur,13410,transjakarta_stations.csv,-6.215301,106.87356,buildings/ChIJeSSCfIL0aS4RLf9cf1p8OYg,"https://www.google.com/maps/search/?api=1&query=-6.215170,106.873542",-6.2151700000000005,106.8735415,14.71,VALID (< 30m),2025-08-16,BASE,365.64,235.63,64.4,557.14,65.6,34.4,191.51,130.01,321.52,6,2.3° – 42.5°,9.1,120,1654.1,400,48.0,74.38,63517.52,63.52,809.0,51.39,,,,,,,,,,,Gap Besar
BRT-0259,Halte Simpang Toko 3 Tambora,brt,Halte TransJakarta & Shelter,Jakarta Utara,11230,transjakarta_stations.csv,-6.141611,106.81047,buildings/ChIJAx_TdAT2aS4RrG4DbrKLxFA,"https://www.google.com/maps/search/?api=1&query=-6.141449,106.810455",-6.141448500000001,106.8104547,18.15,VALID (< 30m),2025-07-26,BASE,70.32,25.53,36.3,90.47,77.7,22.3,20.16,44.79,64.95,1,9.5° – 9.5°,9.5,13,1627.32,400,5.2,8.1,6769.67,6.77,809.0,5.48,,,,,,,,,,,Gap Sedang
BRT-0260,Halte Simpang Tomang Asli Buni,brt,Halte TransJakarta & Shelter,Jakarta Barat,11430,transjakarta_stations.csv,-6.1779,106.80489,buildings/ChIJv7xTEYj2aS4RUwn_QMrLuuw,"https://www.google.com/maps/search/?api=1&query=-6.177909,106.804946",-6.1779085,106.80494619999999,6.28,VALID (< 30m),2025-07-26,BASE,108.99,78.54,72.1,149.53,72.9,27.1,40.54,30.45,70.99,1,4.6° – 4.6°,4.6,40,1635.88,400,16.0,25.83,20939.26,20.94,809.0,16.94,,,,,,,,,,,Gap Sedang
BRT-0261,Halte Simpang Tebet Utara Dalam Raya,brt,Halte TransJakarta & Shelter,Jakarta Timur,12820,transjakarta_stations.csv,-6.228727,106.85482,buildings/ChIJuf719JrzaS4RsRvR5GecOeg,"https://www.google.com/maps/search/?api=1&query=-6.228804,106.854879",-6.2288036,106.85487909999999,10.73,VALID (< 30m),2025-08-16,BASE,15.92,9.82,61.7,20.43,77.9,22.1,4.51,6.1,10.61,1,14.4° – 14.4°,14.4,5,1638.3,400,2.0,3.05,2621.28,2.62,809.0,2.12,,,,,,,,,,,Gap Sedang
BRT-0262,Halte Simpang Tomang Asli Kamboja,brt,Halte TransJakarta & Shelter,Jakarta Barat,11430,transjakarta_stations.csv,-6.179197,106.80256,buildings/ChIJecmbron2aS4R5D9vJns0XDw,"https://www.google.com/maps/search/?api=1&query=-6.179253,106.802675",-6.1792535,106.802675,14.18,VALID (< 30m),2025-07-26,BASE,256.44,172.79,67.4,378.49,67.8,32.2,122.05,83.65,205.7,4,4.7° – 22.9°,13.5,88,1656.5,400,35.2,55.03,46647.05,46.65,809.0,37.74,,,,,,,,,,,Gap Besar
BRT-0263,Halte Simpang Tomang Asli Nusa Indah,brt,Halte TransJakarta & Shelter,Jakarta Barat,11430,transjakarta_stations.csv,-6.178936,106.80223,buildings/ChIJLaoxuon2aS4R15xRSWWh-Kw,"https://www.google.com/maps/search/?api=1&query=-6.178796,106.802156",-6.1787959,106.8021558,17.61,VALID (< 30m),2025-07-26,BASE,187.42,100.14,53.4,215.56,86.9,13.1,28.14,87.28,115.42,8,14.5° – 28.0°,19.8,51,1651.42,400,20.4,31.7,26951.1,26.95,809.0,21.8,,,,,,,,,,,Gap Sedikit
BRT-0264,Halte Simpang Tomang Tinggi Tawakal VI,brt,Halte TransJakarta & Shelter,Jakarta Barat,11440,transjakarta_stations.csv,-6.170244,106.79674,buildings/ChIJZ4FRA2f2aS4RdKSYa7dpV9E,"https://www.google.com/maps/search/?api=1&query=-6.170280,106.796817",-6.1702803,106.7968166,9.38,VALID (< 30m),2025-07-26,BASE,182.27,113.89,62.5,218.7,83.3,16.7,36.43,68.38,104.81,4,2.5° – 9.2°,5.7,58,1585.24,400,23.2,35.45,29422.13,29.42,809.0,23.8,,,,,,,,,,,Gap Sedikit
BRT-0265,Halte Simpang Tubagus Angke,brt,Halte TransJakarta & Shelter,Jakarta Utara,11460,transjakarta_stations.csv,-6.144122,106.78319,buildings/ChIJVyDgmiX2aS4RzIaMvi2RyLo,"https://www.google.com/maps/search/?api=1&query=-6.144076,106.783280",-6.1440760999999995,106.78328049999999,11.23,VALID (< 30m),2025-07-26,BASE,108.48,72.65,67.0,122.48,88.6,11.4,14.01,35.82,49.83,2,4.0° – 5.9°,4.7,37,1631.48,400,14.8,23.74,19316.72,19.32,809.0,15.63,,,,,,,,,,,Gap Sedikit
BRT-0266,Halte Mall Beach City,brt,Halte TransJakarta & Shelter,Jakarta Utara,14430,transjakarta_stations.csv,-6.117376,106.858241,buildings/ChIJ33ZEkTYeai4R890K6QleS_A,"https://www.google.com/maps/search/?api=1&query=-6.117682,106.858159",-6.1176818,106.85815910000001,35.19,REVIEW (> 30m),2025-07-26,BASE,4913.48,3809.3,77.5,7917.46,62.1,37.9,3003.97,1104.19,4108.16,20,1.3° – 69.5°,6.7,1940,1711.22,400,776.0,1268.5,1062327.55,1062.33,809.0,859.42,,,,,,,,,,,Gap Besar
BRT-0267,Halte Simpang Tb Simatupang Tunda Bara,brt,Halte TransJakarta & Shelter,Jakarta Selatan,12430,transjakarta_stations.csv,-6.292999,106.7987,buildings/ChIJXxKEkubxaS4Rx3Wse1RhNjg,"https://www.google.com/maps/search/?api=1&query=-6.292923,106.798850",-6.2929226,106.7988497,18.6,VALID (< 30m),2025-08-16,BASE,705.02,463.4,65.7,865.47,81.5,18.5,160.45,241.62,402.07,14,1.8° – 19.7°,11.7,236,1606.97,400,94.4,144.99,121358.74,121.36,809.0,98.18,,,,,,,,,,,Gap Sedikit
BRT-0268,Halte Simpang Tawakal VI Tomang Tinggi,brt,Halte TransJakarta & Shelter,Jakarta Barat,11440,transjakarta_stations.csv,-6.169966,106.79674,buildings/ChIJ8YOEA2f2aS4Raox355YbVIQ,"https://www.google.com/maps/search/?api=1&query=-6.170095,106.796850",-6.170094799999999,106.79685029999999,18.81,VALID (< 30m),2025-07-26,BASE,74.74,49.09,65.7,116.09,64.4,35.6,41.35,25.65,67.0,2,21.8° – 31.0°,26.5,25,1554.42,400,10.0,13.94,12435.34,12.44,809.0,10.06,,,,,,,,,,,Gap Besar
BRT-0269,Halte Simpang Tanjakan AURI,brt,Halte TransJakarta & Shelter,Jakarta Timur,13910,transjakarta_stations.csv,-6.185306,106.95831,buildings/ChIJ4_RsyQmLaS4RkR7z-cGbajk,"https://www.google.com/maps/search/?api=1&query=-6.185168,106.958264",-6.1851676,106.9582635,16.23,VALID (< 30m),2025-07-05,BASE,83.92,62.83,74.9,91.8,91.4,8.6,7.88,21.09,28.97,1,5.9° – 5.9°,5.9,32,1710.43,400,12.8,21.66,17514.79,17.51,809.0,14.17,,,,,,,,,,,Gap Sedikit
BRT-0270,Halte Simpang Sunter Indah Raya,brt,Halte TransJakarta & Shelter,Jakarta Utara,14360,transjakarta_stations.csv,-6.153695,106.87931,buildings/ChIJodfYLm31aS4RXfietsl_stY,"https://www.google.com/maps/search/?api=1&query=-6.153772,106.879278",-6.1537725,106.8792776,9.33,VALID (< 30m),2025-07-26,BASE,328.31,210.1,64.0,431.16,76.1,23.9,102.85,118.21,221.06,7,6.9° – 22.6°,14.7,107,1701.19,400,42.8,68.99,58248.86,58.25,809.0,47.12,,,,,,,,,,,Gap Sedang
BRT-0271,Halte Simpang Sunter Jaya V,brt,Halte TransJakarta & Shelter,Jakarta Utara,14360,transjakarta_stations.csv,-6.158799,106.87009,buildings/ChIJLXL27gv1aS4RAYhlgeD_1rQ,"https://www.google.com/maps/search/?api=1&query=-6.158758,106.870003",-6.158758,106.870003,10.64,VALID (< 30m),2025-07-26,BASE,166.34,127.63,76.7,205.01,81.1,18.9,38.67,38.71,77.38,1,5.7° – 5.7°,5.7,65,1671.72,400,26.0,42.32,34771.85,34.77,809.0,28.13,,,,,,,,,,,Gap Sedikit
BRT-0272,Halte Simpang Sunter Kemayoran Jaya,brt,Halte TransJakarta & Shelter,Jakarta Utara,14360,transjakarta_stations.csv,-6.153945,106.86067,buildings/ChIJs68lap_1aS4RFPRpgYlQZaE,"https://www.google.com/maps/search/?api=1&query=-6.153863,106.860771",-6.1538635,106.8607705,14.34,VALID (< 30m),2025-07-26,BASE,270.02,180.65,66.9,387.68,69.6,30.4,117.67,89.37,207.04,5,1.9° – 15.7°,5.7,92,1697.84,400,36.8,60.74,49984.46,49.98,809.0,40.44,,,,,,,,,,,Gap Besar
BRT-0273,Halte Simpang Daan Mogot I,brt,Halte TransJakarta & Shelter,Jakarta Barat,11470,transjakarta_stations.csv,-6.166507,106.7843,buildings/ChIJvT7yO0X2aS4RMROSiSIjQCY,"https://www.google.com/maps/search/?api=1&query=-6.166583,106.784359",-6.1665833,106.78435929999999,10.72,VALID (< 30m),2025-07-26,BASE,81.52,54.98,67.4,89.48,91.1,8.9,7.96,26.54,34.5,3,2.3° – 15.3°,9.8,28,1630.79,400,11.2,17.6,14611.84,14.61,809.0,11.82,,,,,,,,,,,Gap Sedikit
BRT-0274,Halte Simpang Tanah Abang II Cideng,brt,Halte TransJakarta & Shelter,Jakarta Pusat,10160,transjakarta_stations.csv,-6.175292,106.81209,buildings/ChIJG2sfdH72aS4RZHLXm4j54SE,"https://www.google.com/maps/search/?api=1&query=-6.175166,106.812173",-6.175166,106.8121726,16.72,VALID (< 30m),2025-07-26,BASE,163.36,98.18,60.1,214.2,76.3,23.7,50.84,65.18,116.02,5,5.6° – 27.7°,17.3,50,1652.84,400,20.0,30.19,26445.48,26.45,809.0,21.39,,,,,,,,,,,Gap Sedang
BRT-0275,Halte Simpang Tanah Tinggi Timur,brt,Halte TransJakarta & Shelter,Jakarta Pusat,10640,transjakarta_stations.csv,-6.174437,106.85231,buildings/ChIJtaA_vbL1aS4RrzhYhJ8fIB4,"https://www.google.com/maps/search/?api=1&query=-6.174302,106.852412",-6.1743023,106.852412,18.75,VALID (< 30m),2025-07-26,BASE,138.64,88.36,63.7,204.79,67.7,32.3,66.15,50.28,116.43,3,1.1° – 9.8°,2.3,45,1661.28,400,18.0,29.44,23922.47,23.92,809.0,19.35,,,,,,,,,,,Gap Besar
BRT-0276,Halte Simpang Tj. Duren Barat 1,brt,Halte TransJakarta & Shelter,Jakarta Barat,11510,transjakarta_stations.csv,-6.169914,106.7752,buildings/ChIJ6QvaNlL2aS4RJmY7dCiRDig,"https://www.google.com/maps/search/?api=1&query=-6.169899,106.775405",-6.169899099999999,106.77540549999999,22.78,VALID (< 30m),2024-09-19,BASE,315.7,214.03,67.8,446.91,70.6,29.4,131.21,101.67,232.88,2,3.9° – 22.8°,6.1,109,1656.26,400,43.6,66.73,57770.29,57.77,809.0,46.74,,,,,,,,,,,Gap Sedang
BRT-0277,Halte Simpang Tawakal Raya VI,brt,Halte TransJakarta & Shelter,Jakarta Barat,11440,transjakarta_stations.csv,-6.169204,106.795,buildings/ChIJ13PFhGf2aS4RGR-MOrkfOjs,"https://www.google.com/maps/search/?api=1&query=-6.169268,106.794940",-6.1692675999999995,106.7949403,9.67,VALID (< 30m),2025-07-26,BASE,253.96,164.94,64.9,314.04,80.9,19.1,60.08,89.02,149.1,5,18.4° – 24.4°,21.6,84,1616.84,400,33.6,50.61,43460.73,43.46,809.0,35.16,,,,,,,,,,,Gap Sedikit
BRT-0278,Halte Simpang Dharmawangsa Raya,brt,Halte TransJakarta & Shelter,Jakarta Selatan,12160,transjakarta_stations.csv,-6.248443,106.806309,buildings/ChIJlcSnrHrxaS4RDrWchN2s0_U,"https://www.google.com/maps/search/?api=1&query=-6.248588,106.806400",-6.2485881,106.8063997,19.0,VALID (< 30m),2025-08-16,BASE,54.67,43.2,79.0,65.45,83.5,16.5,10.78,11.48,22.26,1,3.2° – 3.2°,3.2,22,1551.66,400,8.8,13.23,10923.7,10.92,809.0,8.84,,,,,,,,,,,Gap Sedikit
BRT-0279,Halte Simpang Tj. Duren Barat 2,brt,Halte TransJakarta & Shelter,Jakarta Barat,11510,transjakarta_stations.csv,-6.170356,106.77528,buildings/ChIJNbGHylP2aS4RqGKmBXRqmjc,"https://www.google.com/maps/search/?api=1&query=-6.170561,106.775125",-6.170560999999999,106.7751249,28.52,VALID (< 30m),2024-09-19,BASE,266.18,202.25,76.0,302.79,87.9,12.1,36.61,63.94,100.54,3,2.2° – 10.5°,4.0,103,1651.61,400,41.2,66.26,54437.12,54.44,809.0,44.04,,,,,,,,,,,Gap Sedikit
BRT-0280,Halte Simpang Tj. Duren Barat 3,brt,Halte TransJakarta & Shelter,Jakarta Barat,11510,transjakarta_stations.csv,-6.16966,106.77489,buildings/ChIJpzjbRVL2aS4R5Nwy9a4KuPc,"https://www.google.com/maps/search/?api=1&query=-6.169644,106.774669",-6.1696439,106.77466919999999,24.48,VALID (< 30m),2024-09-19,BASE,816.36,632.26,77.4,933.99,87.4,12.6,117.62,184.1,301.72,7,11.6° – 17.9°,15.5,322,1659.94,400,128.8,202.98,171040.6,171.04,809.0,138.37,,,,,,,,,,,Gap Sedikit
BRT-0281,Halte Simpang Tj. Duren Barat 6,brt,Halte TransJakarta & Shelter,Jakarta Barat,11470,transjakarta_stations.csv,-6.18221,106.78338,buildings/ChIJv2Q-Rff2aS4R5pHS4fZoAp8,"https://www.google.com/maps/search/?api=1&query=-6.182145,106.783272",-6.1821446,106.78327209999999,13.97,VALID (< 30m),2024-10-26,BASE,27.22,9.82,36.1,35.38,76.9,23.1,8.16,17.4,25.56,2,9.6° – 29.8°,25.1,5,1340.76,400,2.0,2.35,2145.22,2.15,809.0,1.74,,,,,,,,,,,Gap Sedang
BRT-0282,Halte Simpang Tj. Duren Timur 5,brt,Halte TransJakarta & Shelter,Jakarta Barat,11470,transjakarta_stations.csv,-6.180482,106.78375,buildings/ChIJibBEc_f2aS4R1-N3I440YRQ,"https://www.google.com/maps/search/?api=1&query=-6.180598,106.783856",-6.1805981999999995,106.783856,17.44,VALID (< 30m),2025-08-16,BASE,460.34,288.64,62.7,529.42,87.0,13.0,69.07,171.7,240.77,11,1.9° – 23.1°,9.1,147,1635.76,400,58.8,90.48,76946.27,76.95,809.0,62.25,,,,,,,,,,,Gap Sedikit
BRT-0283,Halte Simpang Kemang Selatan 2,brt,Halte TransJakarta & Shelter,Jakarta Selatan,12730,transjakarta_stations.csv,-6.274106,106.82045,buildings/ChIJB5TH1iDyaS4RQhPCfwQbsw4,"https://www.google.com/maps/search/?api=1&query=-6.274007,106.820461",-6.2740075,106.8204614,11.02,VALID (< 30m),2025-08-16,BASE,20.74,11.78,56.8,20.74,100.0,0.0,0.0,8.95,8.95,1,10.0° – 10.0°,10.0,6,1624.92,400,2.4,3.8,3119.84,3.12,809.0,2.52,,,,,,,,,,,Gap Sedikit
BRT-0284,Halte Simpang Tarakan Cideng Barat,brt,Halte TransJakarta & Shelter,Jakarta Pusat,10150,transjakarta_stations.csv,-6.170569,106.81074,buildings/ChIJpQnb6nv2aS4R9YtiBt3RL4M,"https://www.google.com/maps/search/?api=1&query=-6.170622,106.810583",-6.1706224,106.8105834,18.3,VALID (< 30m),2025-07-26,BASE,275.05,200.28,72.8,333.02,82.6,17.4,57.98,74.77,132.74,2,2.8° – 4.4°,3.5,102,1638.43,400,40.8,65.85,53478.52,53.48,809.0,43.26,,,,,,,,,,,Gap Sedikit
BRT-0285,Halte Simpang Tawakal Kyai Tapa,brt,Halte TransJakarta & Shelter,Jakarta Barat,11440,transjakarta_stations.csv,-6.166588,106.79544,buildings/GhIJCArjvr2qGMAR77ZhP-myWkA,"https://www.google.com/maps/search/?api=1&query=-6.166730,106.795484",-6.1667304,106.7954838,16.56,VALID (< 30m),2025-07-26,BASE,28.83,15.71,54.5,28.83,100.0,0.0,0.0,13.12,13.12,1,29.6° – 29.6°,29.6,8,1499.02,400,3.2,4.26,3837.48,3.84,809.0,3.1,,,,,,,,,,,Gap Sedikit
BRT-0286,Halte Simpang Utama Sakti,brt,Halte TransJakarta & Shelter,Jakarta Utara,11460,transjakarta_stations.csv,-6.151962,106.78157,buildings/ChIJmxdosTD2aS4REzXndjdis18,"https://www.google.com/maps/search/?api=1&query=-6.151929,106.781432",-6.1519289,106.78143209999999,15.68,VALID (< 30m),2024-09-19,BASE,64.75,39.27,60.6,77.96,83.1,16.9,13.21,25.48,38.69,1,13.4° – 13.4°,13.4,20,1582.0,400,8.0,11.74,10124.77,10.12,809.0,8.19,,,,,,,,,,,Gap Sedikit
BRT-0287,Halte Simpang Warakas Gg 13,brt,Halte TransJakarta & Shelter,Jakarta Utara,14370,transjakarta_stations.csv,-6.123272,106.87627,buildings/ChIJIy00-s8fai4R36uvvKaqzBA,"https://www.google.com/maps/search/?api=1&query=-6.123220,106.876382",-6.123219700000001,106.876382,13.68,VALID (< 30m),2025-07-26,BASE,217.74,121.74,55.9,268.78,81.0,19.0,51.04,96.0,147.04,7,14.2° – 31.6°,21.8,62,1713.98,400,24.8,39.5,34005.41,34.01,809.0,27.51,,,,,,,,,,,Gap Sedikit
BRT-0288,Halte Simpang Pramuka,brt,Halte TransJakarta & Shelter,Jakarta Timur,13120,transjakarta_stations.csv,-6.192192,106.87401,buildings/ChIJzYLiVPL0aS4RLA0sp_iFZeg,"https://www.google.com/maps/search/?api=1&query=-6.192525,106.874014",-6.1925248,106.8740144,37.01,REVIEW (> 30m),2025-08-16,BASE,87.68,64.8,73.9,121.36,72.2,27.8,33.68,22.88,56.56,2,15.1° – 19.7°,16.5,33,1627.22,400,13.2,20.72,17183.49,17.18,809.0,13.9,,,,,,,,,,,Gap Sedang
BRT-0289,Halte Simpang Warakas III,brt,Halte TransJakarta & Shelter,Jakarta Utara,14370,transjakarta_stations.csv,-6.118043,106.88086,buildings/ChIJSfMQnMYfai4RWArwB76mqG0,"https://www.google.com/maps/search/?api=1&query=-6.118194,106.880850",-6.1181942000000005,106.88085029999999,16.85,VALID (< 30m),2025-07-26,BASE,89.64,68.72,76.7,108.85,82.4,17.6,19.2,20.92,40.12,1,25.0° – 25.0°,25.0,35,1705.91,400,14.0,22.84,19106.2,19.11,809.0,15.46,,,,,,,,,,,Gap Sedikit
BRT-0290,Halte Simpang Jln. BRI Radio Dalam 1,brt,Halte TransJakarta & Shelter,Jakarta Selatan,12140,transjakarta_stations.csv,-6.257276,106.790678,buildings/ChIJh1jWRArxaS4Rqep9xWeMfRU,"https://www.google.com/maps/search/?api=1&query=-6.257515,106.790474",-6.2575154,106.7904739,34.89,REVIEW (> 30m),2025-08-16,BASE,23.99,15.71,65.5,25.85,92.8,7.2,1.86,8.28,10.14,1,12.1° – 12.1°,12.1,8,1620.9,400,3.2,5.12,4149.5,4.15,809.0,3.36,,,,,,,,,,,Gap Sedikit
BRT-0291,Halte Simpang Jln. Pakubuwono VI,brt,Halte TransJakarta & Shelter,Jakarta Selatan,12120,transjakarta_stations.csv,-6.23314,106.797099,buildings/ChIJqU0TKkfxaS4RUA3U-CVR20w,"https://www.google.com/maps/search/?api=1&query=-6.233264,106.797126",-6.2332640999999995,106.7971256,14.11,VALID (< 30m),2025-08-16,BASE,377.92,280.79,74.3,559.3,67.6,32.4,181.39,97.13,278.52,4,20.4° – 25.6°,22.5,143,1594.86,400,57.2,84.82,72980.59,72.98,809.0,59.04,,,,,,,,,,,Gap Besar
BRT-0292,Halte Simpang Kemanggisan Ilir Raya,brt,Halte TransJakarta & Shelter,Jakarta Barat,11480,transjakarta_stations.csv,-6.193066,106.784647,buildings/ChIJYQCL0uj2aS4RaS552Xyk2eY,"https://www.google.com/maps/search/?api=1&query=-6.193178,106.784712",-6.1931781,106.7847122,14.4,VALID (< 30m),2025-08-16,BASE,336.21,188.5,56.1,377.88,89.0,11.0,41.67,147.7,189.37,11,4.8° – 29.3°,22.8,96,1640.15,400,38.4,58.42,50385.44,50.39,809.0,40.76,,,,,,,,,,,Gap Sedikit
BRT-0293,Halte Simpang Tebet Utara Dalam Raya 1,brt,Halte TransJakarta & Shelter,Jakarta Timur,12820,transjakarta_stations.csv,-6.228738,106.85462,buildings/ChIJg9sr85rzaS4RYFjLVr_i7ZQ,"https://www.google.com/maps/search/?api=1&query=-6.228603,106.854765",-6.2286033,106.8547655,21.98,VALID (< 30m),2024-10-26,BASE,145.17,90.32,62.2,149.66,97.0,3.0,4.49,54.85,59.34,3,7.3° – 30.6°,10.9,46,1584.02,400,18.4,27.11,23316.78,23.32,809.0,18.86,,,,,,,,,,,Gap Sedikit
BRT-0294,Halte Manggarai Temporer 2,brt,Halte TransJakarta & Shelter,Jakarta Pusat,12850,transjakarta_stations.csv,-6.209383,106.847603,buildings/ChIJvY56e3H0aS4RTBggvRDqfco,"https://www.google.com/maps/search/?api=1&query=-6.209359,106.847730",-6.2093594,106.84773039999999,14.33,VALID (< 30m),2025-08-16,BASE,127.82,84.43,66.1,168.94,75.7,24.3,41.12,43.38,84.51,3,2.5° – 8.1°,6.1,43,1620.38,400,17.2,26.9,22296.47,22.3,809.0,18.04,,,,,,,,,,,Gap Sedang
BRT-0295,Halte Simpang Tenggiri Tongkol Raya,brt,Halte TransJakarta & Shelter,Jakarta Utara,14310,transjakarta_stations.csv,-6.112055,106.882804,buildings/ChIJcdzDyrgfai4R-FqjyPINUx4,"https://www.google.com/maps/search/?api=1&query=-6.111900,106.882652",-6.1119004,106.8826521,24.03,VALID (< 30m),2025-07-26,BASE,327.5,243.48,74.3,369.53,88.6,11.4,42.03,84.02,126.05,3,0.1° – 1.1°,0.7,124,1707.31,400,49.6,83.7,67746.19,67.75,809.0,54.81,,,,,,,,,,,Gap Sedikit
BRT-0296,Halte Simpang Tenggiri Muka,brt,Halte TransJakarta & Shelter,Jakarta Utara,14310,transjakarta_stations.csv,-6.111317,106.882803,buildings/ChIJOa0CLb8fai4ROzs4_PSp1QE,"https://www.google.com/maps/search/?api=1&query=-6.111277,106.882839",-6.1112768,106.8828387,5.96,VALID (< 30m),2025-07-26,BASE,48.56,31.42,64.7,57.95,83.8,16.2,9.38,17.15,26.53,2,8.3° – 11.3°,10.4,16,1700.26,400,6.4,10.79,8705.34,8.71,809.0,7.04,,,,,,,,,,,Gap Sedikit
BRT-0297,Halte Simpang Jln. Surya Timur,brt,Halte TransJakarta & Shelter,Jakarta Barat,11520,transjakarta_stations.csv,-6.167913,106.76286,buildings/ChIJr0rO2LH3aS4R0N47PwOuc3w,"https://www.google.com/maps/search/?api=1&query=-6.168068,106.762899",-6.168068,106.7628993,17.77,VALID (< 30m),2024-09-19,BASE,158.77,108.0,68.0,236.99,67.0,33.0,78.21,50.78,128.99,2,10.0° – 15.8°,11.8,55,1617.39,400,22.0,32.76,28466.12,28.47,809.0,23.03,,,,,,,,,,,Gap Besar
BRT-0298,Halte Stasiun Klender,brt,Halte TransJakarta & Shelter,Jakarta Timur,13470,transjakarta_stations.csv,-6.213532,106.89866,buildings/ChIJsy_evaf0aS4RoRQNh_GejjQ,"https://www.google.com/maps/search/?api=1&query=-6.213542,106.898636",-6.2135416,106.8986359,2.87,VALID (< 30m),2025-08-16,BASE,125.75,96.21,76.5,271.25,46.4,53.6,145.5,29.54,175.03,1,4.3° – 4.3°,4.3,49,1666.73,400,19.6,29.74,26134.35,26.13,809.0,21.14,,,,,,,,,,,Gap Besar
BRT-0299,Halte Plaza St. Manggarai,brt,Halte TransJakarta & Shelter,Jakarta Pusat,12850,transjakarta_stations.csv,-6.210225,106.85099,buildings/ChIJ432_3HD0aS4Rob0HsojoEbQ,"https://www.google.com/maps/search/?api=1&query=-6.210280,106.850916",-6.210280399999999,106.8509157,10.27,VALID (< 30m),2025-08-16,BASE,149.97,117.81,78.6,213.36,70.3,29.7,63.39,32.15,95.54,2,6.2° – 7.0°,6.8,60,1622.1,400,24.0,37.65,31144.32,31.14,809.0,25.2,,,,,,,,,,,Gap Sedang
BRT-0300,Halte Simpang Jln. Bungur II,brt,Halte TransJakarta & Shelter,Jakarta Selatan,12240,transjakarta_stations.csv,-6.248612,106.7844,buildings/ChIJb0K2JBDxaS4RrknUtcbLg8E,"https://www.google.com/maps/search/?api=1&query=-6.248635,106.784355",-6.2486353,106.7843554,5.57,VALID (< 30m),2025-08-16,BASE,48.06,29.45,61.3,52.59,91.4,8.6,4.53,18.61,23.14,1,21.8° – 21.8°,21.8,15,1608.61,400,6.0,8.07,7721.34,7.72,809.0,6.25,,,,,,,,,,,Gap Sedikit
BRT-0301,Halte Stasiun Jatinegara,brt,Halte TransJakarta & Shelter,Jakarta Timur,13110,transjakarta_stations.csv,-6.215601,106.86805,buildings/ChIJsxU904H0aS4R6RrMvoVci8A,"https://www.google.com/maps/search/?api=1&query=-6.215433,106.868060",-6.2154326,106.8680601,18.76,VALID (< 30m),2025-08-16,BASE,118.02,76.58,64.9,150.16,78.6,21.4,32.14,41.44,73.58,2,18.6° – 23.0°,20.6,39,1622.35,400,15.6,24.23,20246.91,20.25,809.0,16.38,,,,,,,,,,,Gap Sedang
BRT-0302,Halte Simpang Kuningan,brt,Halte TransJakarta & Shelter,Jakarta Selatan,12950,transjakarta_stations.csv,-6.23725,106.82794,buildings/GhIJbXJb6bHyGMARzTQh9AK1WkA,"https://www.google.com/maps/search/?api=1&query=-6.237005,106.828300",-6.237005,106.8282998,48.21,REVIEW (> 30m),2025-08-16,BASE,39.23,27.49,70.1,52.92,74.1,25.9,13.69,11.74,25.43,1,6.4° – 6.4°,6.4,14,1448.77,400,5.6,7.61,6490.51,6.49,809.0,5.25,,,,,,,,,,,Gap Sedang
BRT-0303,Halte Simpang Jln. BRI Radio Dalam 2,brt,Halte TransJakarta & Shelter,Jakarta Selatan,12140,transjakarta_stations.csv,-6.257091,106.790758,buildings/ChIJM0NTTgrxaS4Rqeu6JQyTvRk,"https://www.google.com/maps/search/?api=1&query=-6.257118,106.790375",-6.2571179,106.79037500000001,42.44,REVIEW (> 30m),2025-08-16,BASE,320.97,214.03,66.7,381.19,84.2,15.8,60.22,106.94,167.16,6,3.5° – 19.6°,8.1,109,1641.53,400,43.6,69.97,57256.44,57.26,809.0,46.32,,,,,,,,,,,Gap Sedikit
BRT-0304,Halte Flyover Jatibaru,brt,Halte TransJakarta & Shelter,Jakarta Pusat,10250,transjakarta_stations.csv,-6.184188,106.811752,buildings/ChIJC3dAf4T2aS4R-J1JsSSVEEE,"https://www.google.com/maps/search/?api=1&query=-6.184226,106.811828",-6.1842261,106.8118276,9.37,VALID (< 30m),2025-08-16,BASE,156.49,98.18,62.7,170.65,91.7,8.3,14.16,58.31,72.47,4,4.1° – 8.6°,6.7,50,1628.65,400,20.0,32.16,26058.35,26.06,809.0,21.08,,,,,,,,,,,Gap Sedikit
BRT-0305,Halte Simpang Kapuk Cengkareng,brt,Halte TransJakarta & Shelter,Kota Tangerang,11730,transjakarta_stations.csv,-6.133709,106.730451,buildings/ChIJA5LXtFYdai4RS9qprJ-_6po,"https://www.google.com/maps/search/?api=1&query=-6.133543,106.730648",-6.1335429999999995,106.7306479,28.54,VALID (< 30m),2024-09-19,BASE,150.45,88.36,58.7,231.62,65.0,35.0,81.17,62.09,143.26,3,3.6° – 4.2°,3.7,45,1718.8,400,18.0,30.41,24750.77,24.75,809.0,20.02,,,,,,,,,,,Gap Besar
BRT-0306,Halte Pondok Indah Plaza,brt,Halte TransJakarta & Shelter,Jakarta Selatan,12310,transjakarta_stations.csv,-6.284041,106.780333,buildings/ChIJFy4WwsjxaS4RZqCADrhFqi4,"https://www.google.com/maps/search/?api=1&query=-6.283998,106.780531",-6.2839977,106.7805312,22.43,VALID (< 30m),2024-10-26,BASE,202.1,139.41,69.0,244.28,82.7,17.3,42.18,62.68,104.87,4,1.3° – 16.8°,9.8,71,1614.22,400,28.4,43.44,36675.01,36.68,809.0,29.67,,,,,,,,,,,Gap Sedikit
BRT-0307,Halte Simpang Kemang 1A,brt,Halte TransJakarta & Shelter,Jakarta Selatan,12730,transjakarta_stations.csv,-6.256692,106.812992,buildings/ChIJ00l7O3_xaS4RN5dR0oWPjWw,"https://www.google.com/maps/search/?api=1&query=-6.256733,106.813017",-6.2567328,106.8130166,5.29,VALID (< 30m),2025-08-16,BASE,26.13,15.71,60.1,40.04,65.2,34.8,13.92,10.42,24.33,1,15.2° – 15.2°,15.2,8,1607.47,400,3.2,5.03,4115.12,4.12,809.0,3.33,,,,,,,,,,,Gap Besar
BRT-0308,Halte Mall Daan Mogot Baru,brt,Halte TransJakarta & Shelter,Kota Tangerang,11840,transjakarta_stations.csv,-6.151181,106.714828,buildings/ChIJ040YBRv4aS4RaB-1c9EFghQ,"https://www.google.com/maps/search/?api=1&query=-6.151325,106.715222",-6.1513246,106.7152222,46.41,REVIEW (> 30m),2024-09-19,BASE,25.8,13.74,53.3,26.95,95.7,4.3,1.15,12.06,13.21,1,1.1° – 1.1°,1.1,7,1695.47,400,2.8,4.7,3797.85,3.8,809.0,3.07,,,,,,,,,,,Gap Sedikit
BRT-0309,Halte Simpang Cempaka,brt,Halte TransJakarta & Shelter,Jakarta Timur,14240,transjakarta_stations.csv,-6.165888,106.8792,buildings/ChIJP4Ao8xr1aS4R2ApnUQVG1PI,"https://www.google.com/maps/search/?api=1&query=-6.166109,106.879096",-6.1661093,106.8790961,27.16,VALID (< 30m),2025-07-26,BASE,2512.32,2008.72,80.0,3502.41,71.7,28.3,990.1,503.6,1493.7,9,0.8° – 4.8°,3.7,1023,1694.12,400,409.2,681.93,554588.33,554.59,809.0,448.66,,,,,,,,,,,Gap Sedang
BRT-0310,Halte Simpang Sabar Raya Petukangan 2,brt,Halte TransJakarta & Shelter,Jakarta Selatan,12270,transjakarta_stations.csv,-6.236966,106.7526,buildings/ChIJZ-AzfMHwaS4RbBl5-eXLBlg,"https://www.google.com/maps/search/?api=1&query=-6.237104,106.752736",-6.237103599999999,106.7527358,21.43,VALID (< 30m),2023-08-06,BASE,62.62,37.31,59.6,96.86,64.6,35.4,34.24,25.31,59.56,1,3.1° – 3.1°,3.1,19,1620.49,400,7.6,12.08,9852.57,9.85,809.0,7.97,,,,,,,,,,,Gap Besar
BRT-0311,Halte Sbr. Mall Artha Gading 2,brt,Halte TransJakarta & Shelter,Jakarta Utara,14240,transjakarta_stations.csv,-6.143827,106.89206,buildings/GhIJsBf93aKTGMARt434SxO5WkA,"https://www.google.com/maps/search/?api=1&query=-6.144171,106.891805",-6.1441706,106.89180499999999,47.48,REVIEW (> 30m),2025-07-26,BASE,47.24,27.49,58.2,73.89,63.9,36.1,26.65,19.75,46.4,1,1.3° – 1.3°,1.3,14,1706.05,400,5.6,9.45,7643.1,7.64,809.0,6.18,,,,,,,,,,,Gap Besar
BRT-0312,Halte Sbr. Mall Artha Gading,brt,Halte TransJakarta & Shelter,Jakarta Utara,14240,transjakarta_stations.csv,-6.144324,106.89301,buildings/GhIJZQCMFuyTGMAR7Crc4i65WkA,"https://www.google.com/maps/search/?api=1&query=-6.144451,106.893486",-6.1444512,106.89348620000001,54.51,REVIEW (> 30m),2025-07-26,BASE,18.57,7.85,42.3,18.88,98.4,1.6,0.31,10.72,11.03,1,9.1° – 9.1°,9.1,4,1670.73,400,1.6,2.66,2138.54,2.14,809.0,1.73,,,,,,,,,,,Gap Sedikit
BRT-0313,Halte Simpang Waru Cemara,brt,Halte TransJakarta & Shelter,Jakarta Utara,14260,transjakarta_stations.csv,-6.11862,106.91531,buildings/ChIJawCUShwgai4Rx0IJgey0-aQ,"https://www.google.com/maps/search/?api=1&query=-6.118726,106.915317",-6.118726,106.91531669999999,11.81,VALID (< 30m),2025-07-05,BASE,281.5,161.01,57.2,316.85,88.8,11.2,35.35,120.49,155.83,9,3.7° – 26.9°,16.8,82,1725.33,400,32.8,53.55,45272.66,45.27,809.0,36.63,,,,,,,,,,,Gap Sedikit
BRT-0314,Halte Simpang Waru Gedong,brt,Halte TransJakarta & Shelter,Jakarta Timur,13760,transjakarta_stations.csv,-6.29329,106.85793,buildings/ChIJeWEsXHnyaS4RIVVzX8I3pqU,"https://www.google.com/maps/search/?api=1&query=-6.293215,106.857855",-6.2932152,106.85785530000001,11.72,VALID (< 30m),2025-08-16,BASE,27.57,19.64,71.2,37.46,73.6,26.4,9.89,7.93,17.82,1,6.7° – 6.7°,6.7,10,1606.81,400,4.0,6.05,5141.79,5.14,809.0,4.16,,,,,,,,,,,Gap Sedang
BRT-0315,Halte Simpang Waru Kramat Jaya,brt,Halte TransJakarta & Shelter,Jakarta Utara,14260,transjakarta_stations.csv,-6.118678,106.91659,buildings/ChIJA3nBPxwgai4RftMJUUvprjw,"https://www.google.com/maps/search/?api=1&query=-6.118506,106.916620",-6.1185062,106.91662029999999,19.39,VALID (< 30m),2025-07-05,BASE,123.49,74.62,60.4,139.53,88.5,11.5,16.05,48.87,64.92,5,9.6° – 27.1°,23.9,38,1657.64,400,15.2,22.7,20156.94,20.16,809.0,16.31,,,,,,,,,,,Gap Sedikit
BRT-0316,Halte Simpang Waru Tengah,brt,Halte TransJakarta & Shelter,Jakarta Timur,13520,transjakarta_stations.csv,-6.293301,106.85862,buildings/ChIJU_hhUXnyaS4RUKz04EUPZjI,"https://www.google.com/maps/search/?api=1&query=-6.293241,106.858762",-6.2932409,106.85876169999999,17.03,VALID (< 30m),2025-08-16,BASE,58.66,33.38,56.9,76.31,76.9,23.1,17.64,25.28,42.93,3,2.0° – 7.1°,5.4,17,1622.9,400,6.8,10.42,8828.57,8.83,809.0,7.14,,,,,,,,,,,Gap Sedang
BRT-0317,Halte Simpang Warung Sila Rindang,brt,Halte TransJakarta & Shelter,Kota Depok,12630,transjakarta_stations.csv,-6.345472,106.81167,buildings/ChIJDcHUq4buaS4RoF3_i0PJtWU,"https://www.google.com/maps/search/?api=1&query=-6.345388,106.811588",-6.3453878,106.8115883,13.01,VALID (< 30m),2024-02-22,BASE,207.35,164.94,79.5,280.24,74.0,26.0,72.89,42.41,115.3,2,14.7° – 21.8°,18.8,84,1630.55,400,33.6,52.73,43829.28,43.83,809.0,35.46,,,,,,,,,,,Gap Sedang
BRT-0318,Halte Simpang Z Sukabumi Selatan 1,brt,Halte TransJakarta & Shelter,Jakarta Barat,11560,transjakarta_stations.csv,-6.218681,106.77024,buildings/ChIJTQPgrir3aS4RWR-rdOFwh84,"https://www.google.com/maps/search/?api=1&query=-6.218577,106.770188",-6.218577,106.7701876,12.93,VALID (< 30m),2023-08-06,BASE,166.46,111.92,67.2,205.92,80.8,19.2,39.46,54.54,94.0,6,4.2° – 20.1°,14.9,57,1622.79,400,22.8,34.81,29599.67,29.6,809.0,23.95,,,,,,,,,,,Gap Sedikit
BRT-0319,Halte Sbr. Pondok Indah Plaza,brt,Halte TransJakarta & Shelter,Jakarta Selatan,12310,transjakarta_stations.csv,-6.284056,106.780121,buildings/GhIJzEJkT9oiGcARa7bPyeyxWkA,"https://www.google.com/maps/search/?api=1&query=-6.284044,106.780073",-6.2840435999999995,106.78007319999999,5.46,VALID (< 30m),2024-10-26,BASE,16.18,5.89,36.4,16.18,100.0,0.0,0.0,10.29,10.29,1,5.2° – 5.2°,5.2,3,1619.02,400,1.2,0.0,1554.26,1.55,809.0,1.26,,,,,,,,,,,Gap Sedikit
KRL-0001,Stasiun Ancol,krl,Stasiun KRL Commuter Line,Jakarta Utara,14410,krl_stations.csv,-6.128115,106.845137,buildings/ChIJDZgUuSMeai4Rzx5PUE5J87g,"https://www.google.com/maps/search/?api=1&query=-6.128297,106.845381",-6.1282974,106.84538099999999,33.75,REVIEW (> 30m),2025-07-26,BASE,26.61,15.71,59.0,31.87,83.5,16.5,5.26,10.9,16.16,1,4.1° – 4.1°,4.1,8,1618.11,400,3.2,4.8,4142.36,4.14,809.0,3.35,,,,,,,,,,,Gap Sedikit
KRL-0002,Stasiun Angke,krl,Stasiun KRL Commuter Line,Jakarta Utara,11250,krl_stations.csv,-6.144737,106.800779,buildings/ChIJdw_NOhr2aS4Ra31hrMMjelE,"https://www.google.com/maps/search/?api=1&query=-6.144592,106.800815",-6.1445924,106.8008153,16.57,VALID (< 30m),2025-07-26,BASE,2687.75,2340.56,87.1,5092.42,52.8,47.2,2404.67,347.19,2751.86,6,1.0° – 23.5°,10.4,1192,1658.73,400,476.8,752.14,632707.46,632.71,809.0,511.86,,,,,,,,,,,Gap Besar
KRL-0003,Stasiun Bojong Indah,krl,Stasiun KRL Commuter Line,Kota Tangerang,11740,krl_stations.csv,-6.160125,106.73638,buildings/ChIJm0tGlpL3aS4RwpPtjQehoc0,"https://www.google.com/maps/search/?api=1&query=-6.160209,106.736325",-6.160209099999999,106.7363247,11.17,VALID (< 30m),2024-09-19,BASE,925.26,626.37,67.7,1051.16,88.0,12.0,125.9,298.89,424.79,4,0.5° – 6.3°,3.2,319,1678.14,400,127.6,200.83,171304.24,171.3,809.0,138.58,,,,,,,,,,,Gap Sedikit
KRL-0004,Stasiun KRL Dukuh Atas Bank Syariah Indonesia,krl,Stasiun KRL Commuter Line,Jakarta Pusat,12910,stations_jakarta.gpkg:8174072570,-6.204828,106.82553,buildings/ChIJlbC7BRv0aS4RB0sO1N-weGg,"https://www.google.com/maps/search/?api=1&query=-6.204863,106.825604",-6.204862899999999,106.82560389999999,9.04,VALID (< 30m),2025-08-16,BASE,1808.91,1525.68,84.3,2909.96,62.2,37.8,1101.05,283.22,1384.28,4,2.2° – 11.2°,3.4,777,1638.0,400,310.8,501.27,407271.77,407.27,809.0,329.48,,,,,,,,,,,Gap Besar
KRL-0005,Stasiun KRL Ciliwung,krl,Stasiun KRL Commuter Line,Jakarta Timur,13630,stations_jakarta.gpkg:8487603262,-6.243446,106.86397,buildings/ChIJFf7_bafzaS4RCp0nc35TCT0,"https://www.google.com/maps/search/?api=1&query=-6.243433,106.863897",-6.2434327,106.86389720000001,8.18,VALID (< 30m),2025-08-16,BASE,667.48,520.34,78.0,677.28,98.6,1.4,9.8,147.14,156.94,9,19.7° – 31.1°,27.0,265,1602.43,400,106.0,158.54,135886.08,135.89,809.0,109.93,,,,,,,,,,,Gap Sedikit
KRL-0006,Stasiun Cawang,krl,Stasiun KRL Commuter Line,Jakarta Timur,12820,krl_stations.csv,-6.242552,106.85869,buildings/ChIJ8_TzHKTzaS4Rat9n-RDUk0c,"https://www.google.com/maps/search/?api=1&query=-6.242468,106.858870",-6.2424675999999995,106.8588702,22.02,VALID (< 30m),2025-08-16,BASE,57.81,33.38,57.7,58.67,98.5,1.5,0.86,24.43,25.29,1,3.2° – 3.2°,3.2,17,1616.48,400,6.8,10.84,8793.63,8.79,809.0,7.11,,,,,,,,,,,Gap Sedikit
KRL-0007,Stasiun Cikini,krl,Stasiun KRL Commuter Line,Jakarta Pusat,10310,krl_stations.csv,-6.198505,106.84128,buildings/ChIJC519LBX0aS4RjO8Bptg6HPc,"https://www.google.com/maps/search/?api=1&query=-6.198662,106.841355",-6.1986618,106.84135529999999,19.32,VALID (< 30m),2025-08-16,BASE,4512.06,3646.32,80.8,5890.79,76.6,23.4,1378.74,865.74,2244.47,23,3.2° – 36.7°,13.3,1857,1648.64,400,742.8,1150.09,979690.33,979.69,809.0,792.57,,,,,,,,,,,Gap Sedang
KRL-0008,Stasiun Duren Kalibata,krl,Stasiun KRL Commuter Line,Jakarta Timur,12750,krl_stations.csv,-6.255201,106.855167,buildings/ChIJZTsYEq3zaS4ROVsgI7YOI4M,"https://www.google.com/maps/search/?api=1&query=-6.255315,106.855085",-6.255314599999999,106.8550853,15.53,VALID (< 30m),2025-08-16,BASE,32.24,13.74,42.6,32.24,100.0,0.0,0.0,18.5,18.5,2,9.7° – 45.4°,25.1,7,1472.55,400,2.8,3.71,3298.51,3.3,809.0,2.67,,,,,,,,,,,Gap Sedikit
KRL-0009,Stasiun Duri,krl,Stasiun KRL Commuter Line,Jakarta Utara,11310,krl_stations.csv,-6.155281,106.801325,buildings/ChIJfSU8RxP2aS4RgwDRQA5M2U0,"https://www.google.com/maps/search/?api=1&query=-6.155278,106.801324",-6.1552782,106.80132379999999,0.34,VALID (< 30m),2025-07-26,BASE,2270.27,1886.98,83.1,3029.68,74.9,25.1,759.4,383.3,1142.7,7,2.2° – 8.5°,4.8,961,1637.1,400,384.4,611.83,503440.9,503.44,809.0,407.28,,,,,,,,,,,Gap Sedang
KRL-0010,Stasiun Gambir,krl,Stasiun KRL Commuter Line,Jakarta Pusat,10110,krl_stations.csv,-6.176655,106.830647,buildings/ChIJx7jpsDL0aS4R7TaFg5SEGUM,"https://www.google.com/maps/search/?api=1&query=-6.176406,106.830482",-6.1764062,106.8304823,33.12,REVIEW (> 30m),2025-07-26,BASE,655.32,465.36,71.0,851.08,77.0,23.0,195.76,189.96,385.72,8,15.0° – 37.7°,24.1,237,1645.92,400,94.8,145.58,124826.57,124.83,809.0,100.98,,,,,,,,,,,Gap Sedang
KRL-0011,Stasiun Gang Sentiong,krl,Stasiun KRL Commuter Line,Jakarta Pusat,10450,krl_stations.csv,-6.186153,106.850871,buildings/ChIJK_O2fEX0aS4Rq3_05-4gF-g,"https://www.google.com/maps/search/?api=1&query=-6.186025,106.850965",-6.1860252,106.8509648,17.59,VALID (< 30m),2025-08-16,BASE,59.03,33.38,56.5,99.55,59.3,40.7,40.52,25.65,66.17,2,7.8° – 17.1°,11.7,17,1669.09,400,6.8,11.06,9079.85,9.08,809.0,7.35,,,,,,,,,,,Gap Besar
KRL-0012,Stasiun Gondangdia,krl,Stasiun KRL Commuter Line,Jakarta Pusat,10340,krl_stations.csv,-6.185911,106.832566,buildings/ChIJIab1YjD0aS4RIPpa3-sZRwA,"https://www.google.com/maps/search/?api=1&query=-6.186124,106.832680",-6.1861239,106.83268029999999,26.83,VALID (< 30m),2025-08-16,BASE,4554.77,3667.92,80.5,5398.63,84.4,15.6,843.87,886.85,1730.71,22,4.0° – 32.2°,15.1,1868,1662.83,400,747.2,1163.61,993976.13,993.98,809.0,804.13,,,,,,,,,,,Gap Sedikit
KRL-0013,Stasiun Grogol,krl,Stasiun KRL Commuter Line,Jakarta Barat,11460,krl_stations.csv,-6.162035,106.78961,buildings/ChIJNT03XkH2aS4R---3QZ9QsPg,"https://www.google.com/maps/search/?api=1&query=-6.162024,106.789722",-6.1620235999999995,106.7897222,12.47,VALID (< 30m),2025-07-26,BASE,31.8,23.56,74.1,50.63,62.8,37.2,18.83,8.24,27.07,1,15.1° – 15.1°,15.1,12,1631.95,400,4.8,7.59,6266.7,6.27,809.0,5.07,,,,,,,,,,,Gap Besar
KRL-0014,Stasiun Jakarta Gudang,krl,Stasiun KRL Commuter Line,Jakarta Utara,14430,krl_stations.csv,-6.133327,106.819373,buildings/ChIJNW54XwAeai4RMdFHYXHI3pk,"https://www.google.com/maps/search/?api=1&query=-6.133230,106.819489",-6.1332305,106.8194887,16.7,VALID (< 30m),2025-07-26,BASE,206.99,143.34,69.3,282.73,73.2,26.8,75.74,63.65,139.39,3,25.3° – 30.2°,27.9,73,1654.35,400,29.2,44.6,38645.51,38.65,809.0,31.26,,,,,,,,,,,Gap Sedang
KRL-0015,Stasiun Jakarta International Stadium,krl,Stasiun KRL Commuter Line,Jakarta Utara,14340,krl_stations.csv,-6.122963,106.860816,buildings/ChIJ37r_PzIeai4R3GG6WF8jtDU,"https://www.google.com/maps/search/?api=1&query=-6.122904,106.860771",-6.1229043,106.8607706,8.23,VALID (< 30m),2025-07-26,BASE,365.12,274.9,75.3,556.39,65.6,34.4,191.27,90.23,281.49,1,13.4° – 13.4°,13.4,140,1657.6,400,56.0,89.02,74260.41,74.26,809.0,60.08,,,,,,,,,,,Gap Besar
KRL-0016,Stasiun Jakarta Kota,krl,Stasiun KRL Commuter Line,Jakarta Utara,11110,krl_stations.csv,-6.137583,106.81462,buildings/ChIJj3l0NgD2aS4Rdf2IvAf8tzk,"https://www.google.com/maps/search/?api=1&query=-6.137362,106.815217",-6.1373618,106.8152171,70.45,REVIEW (> 30m),2025-07-26,BASE,10407.02,9242.45,88.8,19764.63,52.7,47.3,9357.61,1164.57,10522.18,10,0.7° – 18.1°,5.8,4707,1660.78,400,1882.8,2838.87,2501530.86,2501.53,809.0,2023.74,,,,,,,,,,,Gap Besar
KRL-0017,Stasiun Jatinegara,krl,Stasiun KRL Commuter Line,Jakarta Timur,13110,krl_stations.csv,-6.214925,106.870339,buildings/ChIJ8ZSc8IH0aS4R4-Upw8xXxL0,"https://www.google.com/maps/search/?api=1&query=-6.214878,106.870573",-6.214878499999999,106.87057349999999,26.43,VALID (< 30m),2025-08-16,BASE,6413.09,5488.14,85.6,12255.58,52.3,47.7,5842.5,924.95,6767.45,14,0.2° – 8.1°,2.5,2795,1646.43,400,1118.0,1777.37,1472568.87,1472.57,809.0,1191.31,,,,,,,,,,,Gap Besar
KRL-0018,Stasiun Jayakarta,krl,Stasiun KRL Commuter Line,Jakarta Utara,11110,krl_stations.csv,-6.1413,106.823132,buildings/ChIJSRHEBfz1aS4RU-lGHM74iUc,"https://www.google.com/maps/search/?api=1&query=-6.141268,106.823283",-6.1412683999999995,106.82328299999999,17.06,VALID (< 30m),2025-07-26,BASE,61.87,47.13,76.2,82.66,74.9,25.1,20.78,14.75,35.53,1,10.1° – 10.1°,10.1,24,1631.59,400,9.6,14.82,12530.64,12.53,809.0,10.14,,,,,,,,,,,Gap Sedang
KRL-0019,Stasiun Juanda,krl,Stasiun KRL Commuter Line,Jakarta Pusat,10120,krl_stations.csv,-6.166675,106.830461,buildings/ChIJuf_z-c_1aS4R3BSmPB1KYl8,"https://www.google.com/maps/search/?api=1&query=-6.166530,106.830431",-6.1665301,106.83043119999999,16.45,VALID (< 30m),2025-07-26,BASE,3890.18,3110.27,80.0,4992.04,77.9,22.1,1101.86,779.91,1881.77,15,8.8° – 28.9°,15.0,1584,1658.08,400,633.6,994.69,840448.91,840.45,809.0,679.92,,,,,,,,,,,Gap Sedang
KRL-0020,Stasiun Kalideres,krl,Stasiun KRL Commuter Line,Kota Tangerang,11850,krl_stations.csv,-6.165966,106.703728,buildings/ChIJGYlQPDn4aS4RrcGkSwbyaI8,"https://www.google.com/maps/search/?api=1&query=-6.166087,106.703792",-6.1660866,106.70379179999999,15.15,VALID (< 30m),2024-09-19,BASE,369.38,290.61,78.7,460.52,80.2,19.8,91.14,78.77,169.92,1,9.2° – 9.2°,9.2,148,1659.0,400,59.2,94.71,78570.16,78.57,809.0,63.56,,,,,,,,,,,Gap Sedikit
KRL-0021,Stasiun Karet,krl,Stasiun KRL Commuter Line,Jakarta Pusat,10230,krl_stations.csv,-6.200872,106.816002,buildings/ChIJhU7hv6D2aS4RRTI_oaySk_Y,"https://www.google.com/maps/search/?api=1&query=-6.200917,106.816209",-6.2009168,106.8162086,23.38,VALID (< 30m),2025-08-16,BASE,287.71,186.54,64.8,359.84,80.0,20.0,72.13,101.17,173.3,5,3.1° – 9.7°,4.9,95,1652.37,400,38.0,61.62,50232.02,50.23,809.0,40.64,,,,,,,,,,,Gap Sedikit
KRL-0022,Stasiun Kebayoran,krl,Stasiun KRL Commuter Line,Jakarta Selatan,12220,krl_stations.csv,-6.23723,106.782534,buildings/ChIJf-G7Mj3xaS4RB76hbVo4RUo,"https://www.google.com/maps/search/?api=1&query=-6.237123,106.782566",-6.2371229,106.78256619999999,12.43,VALID (< 30m),2024-10-26,BASE,4859.92,3720.94,76.6,6209.05,78.3,21.7,1349.13,1138.98,2488.11,33,1.0° – 32.3°,5.0,1895,1616.27,400,758.0,1196.92,980108.19,980.11,809.0,792.91,,,,,,,,,,,Gap Sedang
KRL-0023,Stasiun Kemayoran,krl,Stasiun KRL Commuter Line,Jakarta Pusat,10610,krl_stations.csv,-6.161703,106.841401,buildings/ChIJjezyX8f1aS4RyEGpJVKTl84,"https://www.google.com/maps/search/?api=1&query=-6.161761,106.841400",-6.1617608,106.84140029999999,6.43,VALID (< 30m),2025-07-26,BASE,617.75,471.25,76.3,772.33,80.0,20.0,154.58,146.5,301.08,5,1.4° – 27.2°,16.9,240,1658.77,400,96.0,152.16,127393.54,127.39,809.0,103.06,,,,,,,,,,,Gap Sedikit
KRL-0024,Stasiun Klender,krl,Stasiun KRL Commuter Line,Jakarta Timur,13250,krl_stations.csv,-6.213319,106.899413,buildings/ChIJj5mBw6f0aS4R1oe4sVWTHZU,"https://www.google.com/maps/search/?api=1&query=-6.213303,106.899534",-6.2133033,106.89953399999999,13.49,VALID (< 30m),2025-08-16,BASE,2753.66,2097.08,76.2,3786.54,72.7,27.3,1032.88,656.59,1689.47,21,1.0° – 17.5°,4.8,1068,1663.0,400,427.2,682.54,568346.3,568.35,809.0,459.79,,,,,,,,,,,Gap Sedang
KRL-0025,Stasiun KRL Pondok Cina,krl,Stasiun KRL Commuter Line,Kota Depok,16424,krl_stations.csv,-6.3686,106.8317,buildings/ChIJ4S5AUBDsaS4RmttFKkBC74o,"https://www.google.com/maps/search/?api=1&query=-6.368471,106.831954",-6.368470899999999,106.8319542,31.55,REVIEW (> 30m),2024-02-22,BASE,42.47,29.45,69.4,68.55,62.0,38.0,26.08,13.01,39.1,1,30.0° – 30.0°,30.0,15,1489.06,400,6.0,7.49,7147.48,7.15,809.0,5.78,,,,,,,,,,,Gap Besar
KRL-0026,Stasiun Kramat,krl,Stasiun KRL Commuter Line,Jakarta Pusat,10440,krl_stations.csv,-6.19362,106.856512,buildings/ChIJW0cmql30aS4RFuBKX3xmtIw,"https://www.google.com/maps/search/?api=1&query=-6.193570,106.856317",-6.1935698,106.8563169,22.28,VALID (< 30m),2025-08-16,BASE,283.22,225.81,79.7,410.06,69.1,30.9,126.84,57.41,184.25,1,1.2° – 1.2°,1.2,115,1659.38,400,46.0,75.37,61065.23,61.07,809.0,49.4,,,,,,,,,,,Gap Besar
KRL-0027,Stasiun Lenteng Agung,krl,Stasiun KRL Commuter Line,Kota Depok,12610,krl_stations.csv,-6.330308,106.834679,buildings/ChIJPylWT8_taS4RUTBox4sfaIQ,"https://www.google.com/maps/search/?api=1&query=-6.330332,106.834766",-6.330332299999999,106.83476639999999,10.03,VALID (< 30m),2024-02-22,BASE,263.15,223.85,85.1,411.07,64.0,36.0,147.93,39.3,187.23,1,14.8° – 14.8°,14.8,114,1632.24,400,45.6,72.16,59544.04,59.54,809.0,48.17,,,,,,,,,,,Gap Besar
KRL-0028,Stasiun Mangga Besar,krl,Stasiun KRL Commuter Line,Jakarta Utara,11150,krl_stations.csv,-6.149804,106.826983,buildings/ChIJ32yly-X1aS4Rvk7eG-0rCvY,"https://www.google.com/maps/search/?api=1&query=-6.149628,106.826963",-6.1496284999999995,106.82696299999999,19.64,VALID (< 30m),2025-07-26,BASE,4377.07,3385.17,77.3,5205.43,84.1,15.9,828.36,991.9,1820.26,24,0.3° – 29.4°,15.0,1724,1645.67,400,689.6,1087.99,907881.96,907.88,809.0,734.48,,,,,,,,,,,Gap Sedikit
KRL-0029,Stasiun Manggarai,krl,Stasiun KRL Commuter Line,Jakarta Pusat,12850,krl_stations.csv,-6.21017,106.849935,buildings/ChIJx6Y3I3H0aS4RMX7C5Jw8YAI,"https://www.google.com/maps/search/?api=1&query=-6.210189,106.849856",-6.210189199999999,106.8498556,9.03,VALID (< 30m),2025-08-16,BASE,9871.97,8696.58,88.1,13129.91,75.2,24.8,3257.94,1175.39,4433.33,15,0.4° – 28.9°,5.9,4429,1652.85,400,1771.6,2863.0,2342546.71,2342.55,809.0,1895.12,,,,,,,,,,,Gap Sedang
KRL-0030,Stasiun Matraman,krl,Stasiun KRL Commuter Line,Jakarta Pusat,13320,krl_stations.csv,-6.212567,106.859753,buildings/ChIJt4BIxn70aS4RmhFfjI9NNmI,"https://www.google.com/maps/search/?api=1&query=-6.212647,106.859616",-6.2126468,106.8596163,17.52,VALID (< 30m),2025-08-16,BASE,1417.02,1125.12,79.4,1520.6,93.2,6.8,103.58,291.9,395.49,3,2.0° – 4.0°,2.9,573,1642.79,400,229.2,357.59,301222.18,301.22,809.0,243.69,,,,,,,,,,,Gap Sedikit
KRL-0031,Stasiun Palmerah,krl,Stasiun KRL Commuter Line,Jakarta Barat,10270,krl_stations.csv,-6.20792,106.797232,buildings/ChIJCaqNfrf2aS4RZZgti9tc9ps,"https://www.google.com/maps/search/?api=1&query=-6.208122,106.797477",-6.2081219,106.7974775,35.22,REVIEW (> 30m),2025-08-16,BASE,106.32,60.87,57.3,153.31,69.3,30.7,47.0,45.45,92.44,4,17.9° – 32.8°,26.8,31,1587.98,400,12.4,18.61,15752.77,15.75,809.0,12.74,,,,,,,,,,,Gap Besar
KRL-0032,Stasiun Pasar Minggu,krl,Stasiun KRL Commuter Line,Jakarta Timur,12510,krl_stations.csv,-6.283332,106.844856,buildings/ChIJIXc1e2zyaS4RTcQRHotq6rg,"https://www.google.com/maps/search/?api=1&query=-6.283576,106.844855",-6.2835759,106.8448552,27.12,VALID (< 30m),2025-08-16,BASE,136.37,90.32,66.2,196.84,69.3,30.7,60.47,46.05,106.52,2,8.8° – 11.0°,9.8,46,1621.04,400,18.4,28.5,23861.69,23.86,809.0,19.3,,,,,,,,,,,Gap Besar
KRL-0033,Stasiun Pasar Minggu Baru,krl,Stasiun KRL Commuter Line,Jakarta Timur,12510,krl_stations.csv,-6.262759,106.851882,buildings/ChIJxbvqDE7yaS4RVRaoIk3HjCw,"https://www.google.com/maps/search/?api=1&query=-6.262803,106.851831",-6.2628026,106.8518309,7.44,VALID (< 30m),2025-08-16,BASE,57.11,31.42,55.0,64.6,88.4,11.6,7.5,25.69,33.19,2,18.4° – 34.2°,26.0,16,1598.17,400,6.4,9.6,8182.65,8.18,809.0,6.62,,,,,,,,,,,Gap Sedikit
KRL-0034,Stasiun Pasar Senen,krl,Stasiun KRL Commuter Line,Jakarta Pusat,10460,krl_stations.csv,-6.174423,106.844574,buildings/ChIJt-XP5bT1aS4RxEvZI--imjg,"https://www.google.com/maps/search/?api=1&query=-6.174138,106.844768",-6.174138,106.8447676,38.24,REVIEW (> 30m),2024-10-26,BASE,18.48,7.85,42.5,18.48,100.0,0.0,0.0,10.62,10.62,1,3.0° – 3.0°,3.0,4,1402.72,400,1.6,2.13,1795.48,1.8,809.0,1.45,,,,,,,,,,,Gap Sedikit
KRL-0035,Stasiun Pasoso,krl,Stasiun KRL Commuter Line,Jakarta Utara,14310,krl_stations.csv,-6.109419,106.885443,buildings/ChIJ_zmV9L4fai4RKlNcbUd9KP4,"https://www.google.com/maps/search/?api=1&query=-6.109530,106.885402",-6.1095299999999995,106.8854015,13.17,VALID (< 30m),2025-07-26,BASE,23.39,15.71,67.2,27.61,84.7,15.3,4.22,7.68,11.9,1,7.9° – 7.9°,7.9,8,1718.4,400,3.2,5.38,4399.12,4.4,809.0,3.56,,,,,,,,,,,Gap Sedikit
KRL-0036,Stasiun Pesing,krl,Stasiun KRL Commuter Line,Jakarta Barat,11460,krl_stations.csv,-6.161252,106.771908,buildings/ChIJ87dSPEv2aS4RrnZFQ1SgNpI,"https://www.google.com/maps/search/?api=1&query=-6.161098,106.771942",-6.1610983,106.7719422,17.5,VALID (< 30m),2024-09-19,BASE,113.6,72.65,64.0,124.67,91.1,8.9,11.08,40.94,52.02,3,13.4° – 25.8°,17.2,37,1616.95,400,14.8,22.51,19144.66,19.14,809.0,15.49,,,,,,,,,,,Gap Sedikit
KRL-0037,Stasiun Pondok Jati,krl,Stasiun KRL Commuter Line,Jakarta Timur,13140,krl_stations.csv,-6.209124,106.862342,buildings/ChIJHfMTrX30aS4R2Raw27dOoVI,"https://www.google.com/maps/search/?api=1&query=-6.209159,106.862249",-6.2091593,106.8622486,11.05,VALID (< 30m),2025-08-16,BASE,267.2,186.54,69.8,318.37,83.9,16.1,51.18,80.66,131.83,5,3.3° – 29.2°,9.3,95,1650.99,400,38.0,61.37,50190.21,50.19,809.0,40.6,,,,,,,,,,,Gap Sedikit
KRL-0038,Stasiun Rajawali,krl,Stasiun KRL Commuter Line,Jakarta Utara,10720,krl_stations.csv,-6.1451,106.836832,buildings/ChIJeZ6LDPL1aS4R9Sr62wqbO6Y,"https://www.google.com/maps/search/?api=1&query=-6.144990,106.836844",-6.1449897,106.83684369999999,12.33,VALID (< 30m),2025-07-26,BASE,107.5,58.91,54.8,210.48,51.1,48.9,102.98,48.59,151.58,2,5.4° – 6.0°,5.7,30,1638.84,400,12.0,18.98,15732.91,15.73,809.0,12.73,,,,,,,,,,,Gap Besar
KRL-0039,Stasiun Rawa Buaya,krl,Stasiun KRL Commuter Line,Kota Tangerang,11750,krl_stations.csv,-6.162744,106.722754,buildings/ChIJUeqTmyD4aS4RQ-U5FgEkEbQ,"https://www.google.com/maps/search/?api=1&query=-6.162733,106.722722",-6.1627335,106.72272230000002,3.69,VALID (< 30m),2024-09-19,BASE,949.81,632.26,66.6,1134.31,83.7,16.3,184.49,317.55,502.04,4,2.1° – 6.1°,4.9,322,1692.29,400,128.8,209.4,174373.97,174.37,809.0,141.07,,,,,,,,,,,Gap Sedikit
KRL-0040,Stasiun Sawah Besar,krl,Stasiun KRL Commuter Line,Jakarta Pusat,11160,krl_stations.csv,-6.160667,106.827655,buildings/ChIJ1X8znNz1aS4RW8aZ3TeC6zY,"https://www.google.com/maps/search/?api=1&query=-6.160821,106.827700",-6.1608206,106.82769959999999,17.78,VALID (< 30m),2025-07-26,BASE,4025.53,3222.19,80.0,5043.31,79.8,20.2,1017.78,803.34,1821.11,21,1.0° – 20.2°,13.0,1641,1653.68,400,656.4,1038.18,868382.96,868.38,809.0,702.52,,,,,,,,,,,Gap Sedang
KRL-0041,Stasiun Sudirman,krl,Stasiun KRL Commuter Line,Jakarta Pusat,10310,krl_stations.csv,-6.202516,106.823639,buildings/ChIJy66UBhz0aS4Rc0gvIpLJYa8,"https://www.google.com/maps/search/?api=1&query=-6.202400,106.823461",-6.202400000000001,106.82346050000001,23.57,VALID (< 30m),2025-08-16,BASE,516.48,359.33,69.6,631.86,81.7,18.3,115.39,157.15,272.53,7,4.7° – 25.4°,10.5,183,1653.49,400,73.2,117.22,96828.64,96.83,809.0,78.33,,,,,,,,,,,Gap Sedikit
KRL-0042,Stasiun Sungai Lagoa,krl,Stasiun KRL Commuter Line,Jakarta Utara,14310,krl_stations.csv,-6.111888,106.877825,buildings/ChIJAZLSPbgfai4R_yh9p2mxdQU,"https://www.google.com/maps/search/?api=1&query=-6.112039,106.877905",-6.1120391,106.8779048,18.98,VALID (< 30m),2025-07-26,BASE,99.22,66.76,67.3,123.34,80.4,19.6,24.12,32.46,56.58,2,16.9° – 20.4°,18.5,34,1708.4,400,13.6,21.98,18587.41,18.59,809.0,15.04,,,,,,,,,,,Gap Sedikit
KRL-0043,Stasiun Taman Kota,krl,Stasiun KRL Commuter Line,Jakarta Utara,11610,krl_stations.csv,-6.158627,106.756573,buildings/ChIJ-9_ierj3aS4RXjGp8FZENA0,"https://www.google.com/maps/search/?api=1&query=-6.158723,106.756443",-6.158722699999999,106.7564431,17.87,VALID (< 30m),2024-09-19,BASE,143.07,92.29,64.5,171.37,83.5,16.5,28.3,50.78,79.08,3,2.3° – 9.1°,5.8,47,1652.49,400,18.8,30.56,24853.4,24.85,809.0,20.11,,,,,,,,,,,Gap Sedikit
KRL-0044,Stasiun Tanah Abang,krl,Stasiun KRL Commuter Line,Jakarta Pusat,10250,krl_stations.csv,-6.185713,106.810894,buildings/ChIJ83wUloT2aS4RrCRDTmN5ahg,"https://www.google.com/maps/search/?api=1&query=-6.185491,106.810941",-6.1854914,106.81094110000001,25.18,VALID (< 30m),2025-08-16,BASE,2943.24,2534.95,86.1,4578.0,64.3,35.7,1634.75,408.29,2043.05,4,0.9° – 5.2°,1.5,1291,1651.4,400,516.4,811.36,682227.32,682.23,809.0,551.92,,,,,,,,,,,Gap Besar
KRL-0045,Stasiun Tanjung Barat,krl,Stasiun KRL Commuter Line,Jakarta Timur,12610,krl_stations.csv,-6.308041,106.838949,buildings/ChIJ6W73i_LtaS4RkVXxJM1rWOc,"https://www.google.com/maps/search/?api=1&query=-6.308081,106.838880",-6.3080808,106.83887999999999,8.82,VALID (< 30m),2024-10-26,BASE,1356.42,1028.9,75.9,1656.29,81.9,18.1,299.87,327.51,627.38,11,1.6° – 36.3°,5.4,524,1612.34,400,209.6,322.29,270357.88,270.36,809.0,218.72,,,,,,,,,,,Gap Sedikit
KRL-0046,Stasiun Tanjung Priok,krl,Stasiun KRL Commuter Line,Jakarta Utara,14310,krl_stations.csv,-6.110691,106.881498,buildings/ChIJG76f3rgfai4RyGGpBkjnpBM,"https://www.google.com/maps/search/?api=1&query=-6.111115,106.881531",-6.111115,106.88153100000001,47.29,REVIEW (> 30m),2025-07-26,BASE,62.55,37.31,59.6,83.48,74.9,25.1,20.93,25.25,46.18,2,4.9° – 7.0°,5.8,19,1699.5,400,7.6,12.8,10332.98,10.33,809.0,8.36,,,,,,,,,,,Gap Sedang
KRL-0047,Stasiun Tebet,krl,Stasiun KRL Commuter Line,Jakarta Timur,12820,krl_stations.csv,-6.226398,106.858439,buildings/GhIJlmfLR_HnGMARG46fTO62WkA,"https://www.google.com/maps/search/?api=1&query=-6.226480,106.858288",-6.2264797,106.858288,19.0,VALID (< 30m),2025-08-16,BASE,157.46,109.96,69.8,191.97,82.0,18.0,34.51,47.5,82.01,1,7.5° – 7.5°,7.5,56,1619.18,400,22.4,35.11,29015.74,29.02,809.0,23.47,,,,,,,,,,,Gap Sedikit
KRL-0048,Stasiun Universitas Pancasila,krl,Stasiun KRL Commuter Line,Kota Depok,12630,krl_stations.csv,-6.339345,106.834263,buildings/ChIJ7TFTtsztaS4R1KXvT5H_MsI,"https://www.google.com/maps/search/?api=1&query=-6.339171,106.834167",-6.3391709,106.83416679999999,22.09,VALID (< 30m),2024-02-22,BASE,30.52,17.67,57.9,33.47,91.2,8.8,2.95,12.85,15.8,1,6.7° – 6.7°,6.7,9,1598.44,400,3.6,5.52,4603.51,4.6,809.0,3.72,,,,,,,,,,,Gap Sedikit
KRL-0049,Stasiun KRL ASEAN Headquarters,krl,Stasiun KRL Commuter Line,Jakarta Selatan,12120,stations_jakarta.gpkg:4695686975,-6.238774,106.798446,buildings/ChIJLyG3dWrxaS4RQta0OHx_MvE,"https://www.google.com/maps/search/?api=1&query=-6.238698,106.798420",-6.238698299999999,106.79842,8.89,VALID (< 30m),2025-08-16,BASE,3873.08,3322.33,85.8,4677.35,82.8,17.2,804.26,550.75,1355.01,9,2.9° – 13.4°,5.8,1692,1623.86,400,676.8,1035.73,879220.43,879.22,809.0,711.29,,,,,,,,,,,Gap Sedikit
KRL-0050,Stasiun KRL Karet,krl,Stasiun KRL Commuter Line,Jakarta Pusat,10230,stations_jakarta.gpkg:4849205568,-6.200954,106.81677,buildings/ChIJcd_RlaD2aS4R82dANby25mA,"https://www.google.com/maps/search/?api=1&query=-6.200799,106.816698",-6.200799399999999,106.8166979,18.95,VALID (< 30m),2025-08-16,BASE,45.86,29.45,64.2,51.43,89.2,10.8,5.58,16.4,21.98,2,2.6° – 5.1°,4.3,15,1611.5,400,6.0,9.36,7735.18,7.74,809.0,6.26,,,,,,,,,,,Gap Sedikit
KRL-0051,Stasiun KRL Taman Mini,krl,Stasiun KRL Commuter Line,Jakarta Timur,13560,stations_jakarta.gpkg:4907843137,-6.292909,106.880558,buildings/ChIJew7Cb5zyaS4Rg7afjax5Tuc,"https://www.google.com/maps/search/?api=1&query=-6.292894,106.880761",-6.292893599999999,106.8807607,22.47,VALID (< 30m),2025-08-16,BASE,883.63,630.3,71.3,982.47,89.9,10.1,98.84,253.33,352.17,8,1.0° – 22.6°,11.0,321,1644.97,400,128.4,203.76,168971.27,168.97,809.0,136.7,,,,,,,,,,,Gap Sedikit
KRL-0052,Stasiun KRL BNI City,krl,Stasiun KRL Commuter Line,Jakarta Pusat,10230,stations_jakarta.gpkg:4908440160,-6.201594,106.819717,buildings/ChIJv-zucR70aS4R4HAMRyH0BaU,"https://www.google.com/maps/search/?api=1&query=-6.201606,106.819798",-6.201606099999999,106.81979779999999,9.03,VALID (< 30m),2025-08-16,BASE,5932.63,5297.67,89.3,6872.64,86.3,13.7,940.01,634.96,1574.97,7,1.2° – 8.1°,1.9,2698,1640.66,400,1079.2,1701.0,1416479.27,1416.48,809.0,1145.93,,,,,,,,,,,Gap Sedikit
KRL-0053,Stasiun KRL Kampung Bandan,krl,Stasiun KRL Commuter Line,Jakarta Utara,14430,stations_jakarta.gpkg:5579655834,-6.132702,106.828487,buildings/ChIJExZBIQMeai4R3uQQuqSUGkM,"https://www.google.com/maps/search/?api=1&query=-6.132685,106.828500",-6.1326854,106.8284997,2.32,VALID (< 30m),2025-07-26,BASE,366.1,249.37,68.1,492.37,74.4,25.6,126.27,116.73,243.0,6,5.8° – 21.6°,11.8,127,1652.92,400,50.8,79.99,67174.5,67.17,809.0,54.34,,,,,,,,,,,Gap Sedang
KRL-0054,Stasiun KRL Jakarta International Stadium,krl,Stasiun KRL Commuter Line,Jakarta Utara,14340,stations_jakarta.gpkg:5726702622,-6.122821,106.86136,buildings/GhIJ143Uqqp9GMARJ-E4gBy3WkA,"https://www.google.com/maps/search/?api=1&query=-6.122717,106.861114",-6.1227168,106.8611141,29.55,VALID (< 30m),2025-07-26,BASE,23.96,13.74,57.4,23.96,100.0,0.0,0.0,10.22,10.22,1,1.0° – 1.0°,1.0,7,1682.9,400,2.8,4.68,3769.71,3.77,809.0,3.05,,,,,,,,,,,Gap Sedikit
KRL-0055,Stasiun KRL Halim,krl,Stasiun KRL Commuter Line,Jakarta Timur,13610,stations_jakarta.gpkg:5851224882,-6.245635,106.884488,buildings/ChIJUcXkZRfzaS4R6kD5aGq9q78,"https://www.google.com/maps/search/?api=1&query=-6.245661,106.884422",-6.2456606,106.88442239999999,7.79,VALID (< 30m),2025-08-16,BASE,20729.51,19101.46,92.1,33008.11,62.8,37.2,12278.6,1628.05,13906.65,7,0.2° – 70.3°,6.7,9728,1640.21,400,3891.2,5984.61,5105912.79,5105.91,809.0,4130.68,,,,,,,,,,,Gap Besar
KRL-0056,Stasiun KRL Boulevard Utara,krl,Stasiun KRL Commuter Line,Jakarta Utara,14240,stations_jakarta.gpkg:5984702926,-6.159437,106.905981,buildings/ChIJF0CYXTH1aS4R95F9Eoolpds,"https://www.google.com/maps/search/?api=1&query=-6.159599,106.905912",-6.1595992,106.90591239999999,19.57,VALID (< 30m),2025-07-05,BASE,1133.33,830.58,73.3,1454.09,77.9,22.1,320.76,302.75,623.51,7,1.4° – 9.1°,3.0,423,1698.59,400,169.2,281.11,229921.77,229.92,809.0,186.01,,,,,,,,,,,Gap Sedang
KRL-0057,Stasiun KRL Boulevard Selatan,krl,Stasiun KRL Commuter Line,Jakarta Timur,14240,stations_jakarta.gpkg:5984702927,-6.168993,106.900014,buildings/ChIJVzbbBSb1aS4RYvsp46p2cis,"https://www.google.com/maps/search/?api=1&query=-6.169244,106.899863",-6.1692436,106.89986259999999,32.51,REVIEW (> 30m),2025-07-26,BASE,4278.8,3365.53,78.7,5786.46,73.9,26.1,1507.66,913.27,2420.93,13,1.5° – 14.1°,5.7,1714,1698.06,400,685.6,1137.95,931354.42,931.35,809.0,753.46,,,,,,,,,,,Gap Sedang
KRL-0058,Stasiun KRL Pulomas,krl,Stasiun KRL Commuter Line,Jakarta Timur,13210,stations_jakarta.gpkg:5984702928,-6.17731,106.893393,buildings/ChIJm1a82t70aS4RKu4BkaGFT0I,"https://www.google.com/maps/search/?api=1&query=-6.177205,106.893527",-6.1772054,106.8935274,18.87,VALID (< 30m),2025-07-26,BASE,4018.98,3112.23,77.4,4995.6,80.5,19.5,976.61,906.75,1883.36,25,0.8° – 44.7°,9.8,1585,1687.31,400,634.0,1033.13,855804.8,855.8,809.0,692.35,,,,,,,,,,,Gap Sedikit
KRL-0059,Stasiun KRL Equestrian,krl,Stasiun KRL Commuter Line,Jakarta Timur,13210,stations_jakarta.gpkg:5984702929,-6.184057,106.891279,buildings/ChIJUxI4Lt30aS4RezySeCpf_ZE,"https://www.google.com/maps/search/?api=1&query=-6.184050,106.890953",-6.1840499,106.89095259999999,36.09,REVIEW (> 30m),2025-08-16,BASE,972.45,781.49,80.4,1141.8,85.2,14.8,169.35,190.96,360.31,5,8.4° – 15.4°,13.0,398,1684.25,400,159.2,257.21,214506.05,214.51,809.0,173.54,,,,,,,,,,,Gap Sedikit
KRL-0060,Stasiun KRL Velodrome,krl,Stasiun KRL Commuter Line,Jakarta Timur,13220,stations_jakarta.gpkg:5984702930,-6.192132,106.891177,buildings/ChIJD4swq8H0aS4RGhM_02E-u1M,"https://www.google.com/maps/search/?api=1&query=-6.192079,106.891355",-6.192079,106.89135519999999,20.56,VALID (< 30m),2025-08-16,BASE,29.23,19.64,67.2,37.61,77.7,22.3,8.38,9.6,17.98,1,27.4° – 27.4°,27.4,10,1497.36,400,4.0,5.63,4791.55,4.79,809.0,3.88,,,,,,,,,,,Gap Sedang
KRL-0061,Stasiun KRL Pegangsaan Dua,krl,Stasiun KRL Commuter Line,Jakarta Utara,14250,stations_jakarta.gpkg:5984702931,-6.157214,106.914209,buildings/ChIJPzSzRsuKaS4RiDP6wWgFwjw,"https://www.google.com/maps/search/?api=1&query=-6.157230,106.913372",-6.1572299,106.913372,92.55,REVIEW (> 30m),2025-07-05,BASE,106.9,80.51,75.3,138.13,77.4,22.6,31.23,26.4,57.62,4,16.8° – 24.4°,20.7,41,1707.22,400,16.4,25.11,22398.67,22.4,809.0,18.12,,,,,,,,,,,Gap Sedang
KRL-0062,Stasiun KRL Bundaran HI Bank Jakarta,krl,Stasiun KRL Commuter Line,Jakarta Pusat,10350,stations_jakarta.gpkg:6196107719,-6.191864,106.823008,buildings/GhIJuFhmJWjEGMAR_0wkza60WkA,"https://www.google.com/maps/search/?api=1&query=-6.191821,106.823169",-6.1918213,106.8231694,18.46,VALID (< 30m),2024-10-26,BASE,19.69,9.82,49.9,19.69,100.0,0.0,0.0,9.88,9.88,1,19.5° – 19.5°,19.5,5,1338.68,400,2.0,2.22,2141.89,2.14,809.0,1.73,,,,,,,,,,,Gap Sedikit
KRL-0063,Stasiun KRL Dukuh Atas BNI,krl,Stasiun KRL Commuter Line,Jakarta Pusat,10230,stations_jakarta.gpkg:6196107720,-6.200796,106.822788,buildings/ChIJx4G6uR70aS4RQDdV4y1UoVI,"https://www.google.com/maps/search/?api=1&query=-6.200928,106.822854",-6.200928299999999,106.82285370000001,16.41,VALID (< 30m),2025-08-16,BASE,180.61,131.56,72.8,277.49,65.1,34.9,96.89,49.05,145.94,3,2.8° – 6.9°,4.3,67,1636.35,400,26.8,42.73,35083.29,35.08,809.0,28.38,,,,,,,,,,,Gap Besar
KRL-0064,Stasiun KRL Setiabudi Astra,krl,Stasiun KRL Commuter Line,Jakarta Pusat,10250,stations_jakarta.gpkg:6196107721,-6.209065,106.821695,buildings/ChIJH1xtGgP0aS4RWmnvutrlzaY,"https://www.google.com/maps/search/?api=1&query=-6.208837,106.821468",-6.208837399999999,106.8214678,35.65,REVIEW (> 30m),2025-08-16,BASE,94.72,62.83,66.3,132.41,71.5,28.5,37.69,31.89,69.58,1,2.2° – 2.2°,2.2,32,1433.38,400,12.8,17.88,14677.86,14.68,809.0,11.87,,,,,,,,,,,Gap Sedang
KRL-0065,Stasiun KRL Bendungan Hilir,krl,Stasiun KRL Commuter Line,Jakarta Pusat,12930,stations_jakarta.gpkg:6196107722,-6.215026,106.817948,buildings/ChIJzyqYKQD0aS4RUZ1UsK8qtzw,"https://www.google.com/maps/search/?api=1&query=-6.215294,106.818007",-6.215294300000001,106.818007,30.54,REVIEW (> 30m),2025-08-16,BASE,51.08,27.49,53.8,51.08,100.0,0.0,0.0,23.59,23.59,2,1.4° – 10.7°,6.6,14,1568.97,400,5.6,8.21,7029.0,7.03,809.0,5.69,,,,,,,,,,,Gap Sedikit
KRL-0066,Stasiun KRL Istora Mandiri,krl,Stasiun KRL Commuter Line,Jakarta Selatan,10270,stations_jakarta.gpkg:6196107723,-6.22239,106.808623,buildings/ChIJd_u2MVLxaS4RjctwcM0MYYs,"https://www.google.com/maps/search/?api=1&query=-6.222189,106.808470",-6.2221888000000005,106.8084697,28.07,VALID (< 30m),2024-10-26,BASE,70.92,41.23,58.1,92.14,77.0,23.0,21.22,29.68,50.9,1,6.2° – 6.2°,6.2,21,1606.31,400,8.4,12.67,10794.39,10.79,809.0,8.73,,,,,,,,,,,Gap Sedang
KRL-0067,Stasiun KRL Senayan Mastercard,krl,Stasiun KRL Commuter Line,Jakarta Selatan,10270,stations_jakarta.gpkg:6196107724,-6.226734,106.802493,buildings/ChIJibbwDU_xaS4R2tdFl4jXrvQ,"https://www.google.com/maps/search/?api=1&query=-6.226855,106.802410",-6.2268552,106.80241029999999,16.28,VALID (< 30m),2023-10-28,BASE,7.07,0.0,0.0,7.07,100.0,0.0,0.0,7.07,7.07,1,0.8° – 0.8°,0.8,0,1300.0,400,0.0,0.0,0.0,0.0,809.0,0.0,,,,,,,,,,,Gap Sedikit
KRL-0068,Stasiun KRL Blok M BCA,krl,Stasiun KRL Commuter Line,Jakarta Selatan,12130,stations_jakarta.gpkg:6196107726,-6.244464,106.798133,buildings/ChIJDywBb2zxaS4Rn6JFcz_EnZ8,"https://www.google.com/maps/search/?api=1&query=-6.244463,106.798135",-6.244462599999999,106.7981351,0.28,VALID (< 30m),2025-08-16,BASE,3357.62,2375.9,70.8,3607.13,93.1,6.9,249.51,981.72,1231.23,49,5.1° – 20.3°,12.4,1210,1643.97,400,484.0,755.86,636544.02,636.54,809.0,514.96,,,,,,,,,,,Gap Sedikit
KRL-0069,Stasiun KRL Blok A VISA,krl,Stasiun KRL Commuter Line,Jakarta Selatan,12160,stations_jakarta.gpkg:6196107727,-6.255779,106.79714,buildings/ChIJ2aX593TxaS4RpN9Z69-_PrU,"https://www.google.com/maps/search/?api=1&query=-6.255825,106.797104",-6.2558254,106.7971041,6.51,VALID (< 30m),2025-08-16,BASE,3465.15,2935.51,84.7,3926.57,88.2,11.8,461.41,529.64,991.05,10,2.4° – 17.4°,8.9,1495,1642.79,400,598.0,932.84,785912.94,785.91,809.0,635.8,,,,,,,,,,,Gap Sedikit
KRL-0070,Stasiun KRL Haji Nawi,krl,Stasiun KRL Commuter Line,Jakarta Selatan,12420,stations_jakarta.gpkg:6196107728,-6.266695,106.797326,buildings/ChIJyxjVrJnxaS4RkUj8PkaTE-I,"https://www.google.com/maps/search/?api=1&query=-6.266732,106.797299",-6.2667319,106.79729859999999,5.1,VALID (< 30m),2025-08-16,BASE,3137.92,2748.98,87.6,3385.41,92.7,7.3,247.49,388.94,636.43,10,6.6° – 21.5°,10.1,1400,1645.47,400,560.0,865.72,737169.57,737.17,809.0,596.37,,,,,,,,,,,Gap Sedikit
KRL-0071,Stasiun KRL Cipete Raya TUKU,krl,Stasiun KRL Commuter Line,Jakarta Selatan,12420,stations_jakarta.gpkg:6196107729,-6.27836,106.797316,buildings/ChIJpeCp35TxaS4RDUmeARBfs3I,"https://www.google.com/maps/search/?api=1&query=-6.278361,106.797312",-6.2783606,106.7973123,0.41,VALID (< 30m),2025-08-16,BASE,3850.96,3224.16,83.7,4459.47,86.4,13.6,608.52,626.8,1235.32,12,2.0° – 23.9°,15.7,1642,1645.6,400,656.8,1026.12,864661.49,864.66,809.0,699.51,,,,,,,,,,,Gap Sedikit
KRL-0072,Stasiun KRL Fatmawati Indomaret,krl,Stasiun KRL Commuter Line,Jakarta Selatan,12430,stations_jakarta.gpkg:6577753462,-6.292451,106.792464,buildings/ChIJ0Z7aCd3xaS4RwuuX-G4pHic,"https://www.google.com/maps/search/?api=1&query=-6.292451,106.792528",-6.2924507,106.7925279,7.06,VALID (< 30m),2025-08-16,BASE,3642.58,3210.41,88.1,4927.01,73.9,26.1,1284.43,432.17,1716.6,9,0.4° – 43.8°,3.4,1635,1638.33,400,654.0,1007.37,857172.01,857.17,809.0,693.45,,,,,,,,,,,Gap Sedang
KRL-0073,Stasiun KRL Lebak Bulus Bank Syariah Indonesia,krl,Stasiun KRL Commuter Line,Jakarta Selatan,12440,stations_jakarta.gpkg:6577753463,-6.289274,106.774935,buildings/ChIJk8a7lc3xaS4RDsS1VBOckck,"https://www.google.com/maps/search/?api=1&query=-6.289411,106.774745",-6.2894109,106.7747454,25.9,VALID (< 30m),2024-10-26,BASE,5632.58,4910.85,87.2,9567.35,58.9,41.1,3934.77,721.73,4656.5,5,0.9° – 19.0°,4.3,2501,1624.37,400,1000.4,1493.22,1300019.0,1300.02,809.0,1051.71,,,,,,,,,,,Gap Besar
KRL-0074,Stasiun KRL Cikoko,krl,Stasiun KRL Commuter Line,Jakarta Timur,12770,stations_jakarta.gpkg:6720467131,-6.243485,106.857072,buildings/ChIJtfOKWqTzaS4RHNLZzwgQoBs,"https://www.google.com/maps/search/?api=1&query=-6.243620,106.856736",-6.243619799999999,106.8567356,40.09,REVIEW (> 30m),2025-08-16,BASE,44.13,27.49,62.3,58.67,75.2,24.8,14.54,16.64,31.18,1,5.3° – 5.3°,5.3,14,1526.24,400,5.6,8.13,6837.57,6.84,809.0,5.53,,,,,,,,,,,Gap Sedang
KRL-0075,Stasiun KRL Pancoran,krl,Stasiun KRL Commuter Line,Jakarta Timur,12780,stations_jakarta.gpkg:6720467132,-6.242141,106.838515,buildings/ChIJoeBk08DzaS4RRxIbKPxEZxY,"https://www.google.com/maps/search/?api=1&query=-6.242110,106.838459",-6.2421098,106.83845889999999,7.11,VALID (< 30m),2025-08-16,BASE,1332.18,1058.36,79.4,1426.07,93.4,6.6,93.89,273.82,367.72,6,1.1° – 27.9°,20.7,539,1623.98,400,215.6,330.78,280104.05,280.1,809.0,226.6,,,,,,,,,,,Gap Sedikit
KRL-0076,Stasiun KRL Setiabudi,krl,Stasiun KRL Commuter Line,Jakarta Pusat,12910,stations_jakarta.gpkg:6720467135,-6.209322,106.830234,buildings/GhIJSD8jzj_WGMARdgVZHiK1WkA,"https://www.google.com/maps/search/?api=1&query=-6.209262,106.830186",-6.2092621,106.8301862,8.5,VALID (< 30m),2025-08-16,BASE,1907.93,1515.86,79.5,3164.24,60.3,39.7,1256.31,392.07,1648.38,6,11.8° – 29.8°,17.9,772,1649.0,400,308.8,468.59,407368.91,407.37,809.0,329.56,,,,,,,,,,,Gap Besar
KRL-0077,Stasiun KRL Rasuna Said,krl,Stasiun KRL Commuter Line,Jakarta Timur,12940,stations_jakarta.gpkg:6720467136,-6.221609,106.832237,buildings/ChIJRUTOKPfzaS4R-u9swZIhrT0,"https://www.google.com/maps/search/?api=1&query=-6.221659,106.832263",-6.2216591999999995,106.8322628,6.27,VALID (< 30m),2025-08-16,BASE,2451.69,1806.47,73.7,3009.53,81.5,18.5,557.85,645.22,1203.06,22,1.3° – 42.1°,7.2,920,1636.9,400,368.0,568.2,481904.1,481.9,809.0,389.86,,,,,,,,,,,Gap Sedikit
KRL-0078,Stasiun KRL Kampung Rambutan,krl,Stasiun KRL Commuter Line,Jakarta Timur,13830,stations_jakarta.gpkg:6720467137,-6.309549,106.88438,buildings/ChIJES2m3WjtaS4RCuQdXJhpkrM,"https://www.google.com/maps/search/?api=1&query=-6.309398,106.884071",-6.3093976,106.8840706,38.11,REVIEW (> 30m),2024-02-22,BASE,144.47,96.21,66.6,173.19,83.4,16.6,28.73,48.25,76.98,3,6.1° – 10.0°,7.4,49,1580.11,400,19.6,30.32,24776.17,24.78,809.0,20.04,,,,,,,,,,,Gap Sedikit
KRL-0079,Stasiun KRL Kuningan,krl,Stasiun KRL Commuter Line,Jakarta Timur,12950,stations_jakarta.gpkg:8174072567,-6.228773,106.833203,buildings/ChIJpXXPSO7zaS4Rm5z8cyYzM0Y,"https://www.google.com/maps/search/?api=1&query=-6.228752,106.833198",-6.2287519,106.8331982,2.41,VALID (< 30m),2025-08-16,BASE,2441.53,1804.51,73.9,2935.8,83.2,16.8,494.27,637.02,1131.29,25,2.1° – 25.7°,7.2,919,1624.04,400,367.6,562.57,477596.71,477.6,809.0,386.38,,,,,,,,,,,Gap Sedikit
KRL-0080,Stasiun KRL Ciracas,krl,Stasiun KRL Commuter Line,Kota Depok,13740,stations_jakarta.gpkg:8174072568,-6.323769,106.886643,buildings/ChIJvRqycRbtaS4Rwq-S4bSOh6c,"https://www.google.com/maps/search/?api=1&query=-6.323720,106.886691",-6.3237195999999996,106.8866915,7.67,VALID (< 30m),2024-02-22,BASE,2406.94,2036.21,84.6,2919.18,82.5,17.5,512.23,370.74,882.97,9,7.4° – 31.5°,12.2,1037,1658.59,400,414.8,651.71,550386.61,550.39,809.0,445.26,,,,,,,,,,,Gap Sedikit
MRT-0001,Stasiun MRT Cipete Raya,mrt_lrt,Stasiun MRT & LRT,Jakarta Selatan,12420,mrt_stations.csv,-6.278342,106.797326,buildings/ChIJpeCp35TxaS4RDUmeARBfs3I,"https://www.google.com/maps/search/?api=1&query=-6.278361,106.797312",-6.2783606,106.7973123,2.56,VALID (< 30m),2025-08-16,BASE,3850.96,3224.16,83.7,4459.47,86.4,13.6,608.52,626.8,1235.32,12,2.0° – 23.9°,15.7,1642,1645.6,400,656.8,1026.12,864661.49,864.66,809.0,699.51,,,,,,,,,,,Gap Sedikit
MRT-0002,Stasiun MRT ASEAN,mrt_lrt,Stasiun MRT & LRT,Jakarta Selatan,12120,mrt_stations.csv,-6.238921,106.798446,buildings/ChIJLyG3dWrxaS4RQta0OHx_MvE,"https://www.google.com/maps/search/?api=1&query=-6.238698,106.798420",-6.238698299999999,106.79842,24.93,VALID (< 30m),2025-08-16,BASE,3873.08,3322.33,85.8,4677.35,82.8,17.2,804.26,550.75,1355.01,9,2.9° – 13.4°,5.8,1692,1623.86,400,676.8,1035.73,879220.43,879.22,809.0,711.29,,,,,,,,,,,Gap Sedikit
MRT-0003,Stasiun LRT Jabodebek Taman Mini,mrt_lrt,Stasiun MRT & LRT,Jakarta Timur,13560,lrt_jabodebek_stations.geojson,-6.292909,106.880558,buildings/ChIJew7Cb5zyaS4Rg7afjax5Tuc,"https://www.google.com/maps/search/?api=1&query=-6.292894,106.880761",-6.292893599999999,106.8807607,22.47,VALID (< 30m),2025-08-16,BASE,883.63,630.3,71.3,982.47,89.9,10.1,98.84,253.33,352.17,8,1.0° – 22.6°,11.0,321,1644.97,400,128.4,203.76,168971.27,168.97,809.0,136.7,,,,,,,,,,,Gap Sedikit
MRT-0004,Stasiun LRT Jabodebek Cikoko,mrt_lrt,Stasiun MRT & LRT,Jakarta Timur,12770,lrt_jabodebek_stations.geojson,-6.243485,106.857072,buildings/ChIJtfOKWqTzaS4RHNLZzwgQoBs,"https://www.google.com/maps/search/?api=1&query=-6.243620,106.856736",-6.243619799999999,106.8567356,40.09,REVIEW (> 30m),2025-08-16,BASE,44.13,27.49,62.3,58.67,75.2,24.8,14.54,16.64,31.18,1,5.3° – 5.3°,5.3,14,1526.24,400,5.6,8.13,6837.57,6.84,809.0,5.53,,,,,,,,,,,Gap Sedang
MRT-0005,Stasiun LRT Jabodebek Pancoran,mrt_lrt,Stasiun MRT & LRT,Jakarta Timur,12780,lrt_jabodebek_stations.geojson,-6.242141,106.838515,buildings/ChIJoeBk08DzaS4RRxIbKPxEZxY,"https://www.google.com/maps/search/?api=1&query=-6.242110,106.838459",-6.2421098,106.83845889999999,7.11,VALID (< 30m),2025-08-16,BASE,1332.18,1058.36,79.4,1426.07,93.4,6.6,93.89,273.82,367.72,6,1.1° – 27.9°,20.7,539,1623.98,400,215.6,330.78,280104.05,280.1,809.0,226.6,,,,,,,,,,,Gap Sedikit
MRT-0006,Stasiun LRT Jabodebek Setiabudi,mrt_lrt,Stasiun MRT & LRT,Jakarta Pusat,12910,lrt_jabodebek_stations.geojson,-6.209322,106.830234,buildings/GhIJSD8jzj_WGMARdgVZHiK1WkA,"https://www.google.com/maps/search/?api=1&query=-6.209262,106.830186",-6.2092621,106.8301862,8.5,VALID (< 30m),2025-08-16,BASE,1907.93,1515.86,79.5,3164.24,60.3,39.7,1256.31,392.07,1648.38,6,11.8° – 29.8°,17.9,772,1649.0,400,308.8,468.59,407368.91,407.37,809.0,329.56,,,,,,,,,,,Gap Besar
MRT-0007,Stasiun LRT Jabodebek Rasuna Said,mrt_lrt,Stasiun MRT & LRT,Jakarta Timur,12940,lrt_jabodebek_stations.geojson,-6.221609,106.832237,buildings/ChIJRUTOKPfzaS4R-u9swZIhrT0,"https://www.google.com/maps/search/?api=1&query=-6.221659,106.832263",-6.2216591999999995,106.8322628,6.27,VALID (< 30m),2025-08-16,BASE,2451.69,1806.47,73.7,3009.53,81.5,18.5,557.85,645.22,1203.06,22,1.3° – 42.1°,7.2,920,1636.9,400,368.0,568.2,481904.1,481.9,809.0,389.86,,,,,,,,,,,Gap Sedikit
MRT-0008,Stasiun LRT Jabodebek Kampung Rambutan,mrt_lrt,Stasiun MRT & LRT,Jakarta Timur,13830,lrt_jabodebek_stations.geojson,-6.309549,106.88438,buildings/ChIJES2m3WjtaS4RCuQdXJhpkrM,"https://www.google.com/maps/search/?api=1&query=-6.309398,106.884071",-6.3093976,106.8840706,38.11,REVIEW (> 30m),2024-02-22,BASE,144.47,96.21,66.6,173.19,83.4,16.6,28.73,48.25,76.98,3,6.1° – 10.0°,7.4,49,1580.11,400,19.6,30.32,24776.17,24.78,809.0,20.04,,,,,,,,,,,Gap Sedikit
MRT-0009,Stasiun LRT Jabodebek Harjamukti,mrt_lrt,Stasiun MRT & LRT,Kota Depok,16454,lrt_jabodebek_stations.geojson,-6.373893,106.89567,buildings/ChIJCUhapKbsaS4RHgsz2CbOtNY,"https://www.google.com/maps/search/?api=1&query=-6.373923,106.895536",-6.373922899999999,106.8955357,15.21,VALID (< 30m),2024-07-27,BASE,145.71,92.29,63.3,204.02,71.4,28.6,58.31,53.42,111.73,1,8.4° – 8.4°,8.4,47,1504.7,400,18.8,26.27,22630.62,22.63,809.0,18.31,,,,,,,,,,,Gap Sedang
MRT-0010,Stasiun LRT Jabodebek Jatimulya,mrt_lrt,Stasiun MRT & LRT,Kab. Bekasi,17510,lrt_jabodebek_stations.geojson,-6.264108,107.02167,buildings/ChIJ-Uy0B2-OaS4RGUrP1h4aFhk,"https://www.google.com/maps/search/?api=1&query=-6.263914,107.021656",-6.2639143,107.0216557,21.6,VALID (< 30m),2025-09-13,BASE,89.76,53.02,59.1,99.29,90.4,9.6,9.53,36.74,46.28,2,10.6° – 10.8°,10.8,27,1675.25,400,10.8,17.23,14474.16,14.47,809.0,11.71,,,,,,,,,,,Gap Sedikit
MRT-0011,Stasiun MRT Setiabudi Astra,mrt_lrt,Stasiun MRT & LRT,Jakarta Selatan,12910,lrt_jabodebek_stations.geojson,-6.208889,106.822222,buildings/ChIJS-2pFAP0aS4RCWw_Lb3SEa0,"https://www.google.com/maps/search/?api=1&query=-6.208771,106.822230",-6.208770599999999,106.8222301,13.2,VALID (< 30m),2025-08-16,BASE,142.11,0.0,0.0,175.14,81.1,18.9,33.02,142.11,175.14,1,77.2° – 77.2°,77.2,0,1300.0,400,0.0,0.0,0.0,0.0,809.0,0.0,,,,,,,,,,,Gap Sedikit
MRT-0012,Stasiun MRT Bendungan Hilir,mrt_lrt,Stasiun MRT & LRT,Jakarta Pusat,12920,lrt_jabodebek_stations.geojson,-6.215556,106.818889,buildings/ChIJj_QjNAD0aS4RVsfuUcYRFFc,"https://www.google.com/maps/search/?api=1&query=-6.215218,106.819050",-6.2152183999999995,106.8190503,41.56,REVIEW (> 30m),2024-10-26,BASE,87.22,60.87,69.8,120.43,72.4,27.6,33.21,26.35,59.56,1,2.5° – 2.5°,2.5,31,1470.09,400,12.4,17.76,14583.3,14.58,809.0,11.8,,,,,,,,,,,Gap Sedang
MRT-0013,Stasiun MRT Istora Mandiri,mrt_lrt,Stasiun MRT & LRT,Jakarta Selatan,12190,lrt_jabodebek_stations.geojson,-6.224167,106.808611,buildings/ChIJNUaQClHxaS4R6LKffYflXnc,"https://www.google.com/maps/search/?api=1&query=-6.224516,106.808955",-6.2245162999999994,106.8089547,54.33,REVIEW (> 30m),2025-08-16,BASE,219.98,161.01,73.2,333.27,66.0,34.0,113.29,58.97,172.26,1,5.0° – 5.0°,5.0,82,1564.01,400,32.8,50.16,41039.74,41.04,809.0,33.2,,,,,,,,,,,Gap Besar
MRT-0014,Stasiun LRT Jabodebek Harjamukti,mrt_lrt,Stasiun MRT & LRT,Kota Depok,16454,lrt_jabodebek_stations.geojson,-6.373893,106.89567,buildings/ChIJCUhapKbsaS4RHgsz2CbOtNY,"https://www.google.com/maps/search/?api=1&query=-6.373923,106.895536",-6.373922899999999,106.8955357,15.21,VALID (< 30m),2024-07-27,BASE,145.71,92.29,63.3,204.02,71.4,28.6,58.31,53.42,111.73,1,8.4° – 8.4°,8.4,47,1504.7,400,18.8,26.27,22630.62,22.63,809.0,18.31,,,,,,,,,,,Gap Sedang
MRT-0015,Stasiun LRT Jabodebek Kuningan,mrt_lrt,Stasiun MRT & LRT,Jakarta Timur,12950,lrt_jabodebek_stations.geojson,-6.228773,106.833203,buildings/ChIJpXXPSO7zaS4Rm5z8cyYzM0Y,"https://www.google.com/maps/search/?api=1&query=-6.228752,106.833198",-6.2287519,106.8331982,2.41,VALID (< 30m),2025-08-16,BASE,2441.53,1804.51,73.9,2935.8,83.2,16.8,494.27,637.02,1131.29,25,2.1° – 25.7°,7.2,919,1624.04,400,367.6,562.57,477596.71,477.6,809.0,386.38,,,,,,,,,,,Gap Sedikit
MRT-0016,Stasiun LRT Jabodebek Ciracas,mrt_lrt,Stasiun MRT & LRT,Kota Depok,13740,lrt_jabodebek_stations.geojson,-6.323769,106.886643,buildings/ChIJvRqycRbtaS4Rwq-S4bSOh6c,"https://www.google.com/maps/search/?api=1&query=-6.323720,106.886691",-6.3237195999999996,106.8866915,7.67,VALID (< 30m),2024-02-22,BASE,2406.94,2036.21,84.6,2919.18,82.5,17.5,512.23,370.74,882.97,9,7.4° – 31.5°,12.2,1037,1658.59,400,414.8,651.71,550386.61,550.39,809.0,445.26,,,,,,,,,,,Gap Sedikit
MRT-0017,Stasiun LRT Jabodebek Dukuh Atas Bank Syariah Indonesia,mrt_lrt,Stasiun MRT & LRT,Jakarta Pusat,12910,lrt_jabodebek_stations.geojson,-6.204828,106.82553,buildings/ChIJlbC7BRv0aS4RB0sO1N-weGg,"https://www.google.com/maps/search/?api=1&query=-6.204863,106.825604",-6.204862899999999,106.82560389999999,9.04,VALID (< 30m),2025-08-16,BASE,1808.91,1525.68,84.3,2909.96,62.2,37.8,1101.05,283.22,1384.28,4,2.2° – 11.2°,3.4,777,1638.0,400,310.8,501.27,407271.77,407.27,809.0,329.48,,,,,,,,,,,Gap Besar
MRT-0018,Stasiun LRT Jabodebek Ciliwung,mrt_lrt,Stasiun MRT & LRT,Jakarta Timur,13630,lrt_jabodebek_stations.geojson,-6.243446,106.86397,buildings/ChIJFf7_bafzaS4RCp0nc35TCT0,"https://www.google.com/maps/search/?api=1&query=-6.243433,106.863897",-6.2434327,106.86389720000001,8.18,VALID (< 30m),2025-08-16,BASE,667.48,520.34,78.0,677.28,98.6,1.4,9.8,147.14,156.94,9,19.7° – 31.1°,27.0,265,1602.43,400,106.0,158.54,135886.08,135.89,809.0,109.93,,,,,,,,,,,Gap Sedikit
MRT-0019,Stasiun LRT Jabodebek Halim,mrt_lrt,Stasiun MRT & LRT,Jakarta Timur,13610,lrt_jabodebek_stations.geojson,-6.245866,106.887287,buildings/ChIJoacFIBjzaS4RUkrLRysO1PM,"https://www.google.com/maps/search/?api=1&query=-6.245887,106.887327",-6.2458871,106.8873272,5.02,VALID (< 30m),2025-08-16,BASE,1204.75,865.93,71.9,1421.62,84.7,15.3,216.86,338.83,555.69,12,4.2° – 18.7°,5.8,441,1650.63,400,176.4,284.95,232937.23,232.94,809.0,188.45,,,,,,,,,,,Gap Sedikit
MRT-0020,Stasiun LRT Jabodebek Cawang,mrt_lrt,Stasiun MRT & LRT,Jakarta Timur,13630,lrt_jabodebek_stations.geojson,-6.245907,106.87123,buildings/GhIJISoRJqH7GMARwv4yVbi3WkA,"https://www.google.com/maps/search/?api=1&query=-6.245907,106.871260",-6.2459074,106.87125979999999,3.29,VALID (< 30m),2025-08-16,BASE,4842.98,4194.15,86.6,5690.31,85.1,14.9,847.32,648.83,1496.15,20,5.8° – 41.4°,21.6,2136,1626.39,400,854.4,1335.48,1111668.38,1111.67,809.0,899.34,,,,,,,,,,,Gap Sedikit
MRT-0021,Stasiun LRT Jakarta Boulevard Utara,mrt_lrt,Stasiun MRT & LRT,Jakarta Utara,14240,lrt_jkt_stations.geojson,-6.159437,106.905981,buildings/ChIJF0CYXTH1aS4R95F9Eoolpds,"https://www.google.com/maps/search/?api=1&query=-6.159599,106.905912",-6.1595992,106.90591239999999,19.57,VALID (< 30m),2025-07-05,BASE,1133.33,830.58,73.3,1454.09,77.9,22.1,320.76,302.75,623.51,7,1.4° – 9.1°,3.0,423,1698.59,400,169.2,281.11,229921.77,229.92,809.0,186.01,,,,,,,,,,,Gap Sedang
MRT-0022,Stasiun LRT Jakarta Boulevard Selatan,mrt_lrt,Stasiun MRT & LRT,Jakarta Timur,14240,lrt_jkt_stations.geojson,-6.168993,106.900014,buildings/ChIJVzbbBSb1aS4RYvsp46p2cis,"https://www.google.com/maps/search/?api=1&query=-6.169244,106.899863",-6.1692436,106.89986259999999,32.51,REVIEW (> 30m),2025-07-26,BASE,4278.8,3365.53,78.7,5786.46,73.9,26.1,1507.66,913.27,2420.93,13,1.5° – 14.1°,5.7,1714,1698.06,400,685.6,1137.95,931354.42,931.35,809.0,753.46,,,,,,,,,,,Gap Sedang
MRT-0023,Stasiun LRT Jakarta Pulomas,mrt_lrt,Stasiun MRT & LRT,Jakarta Timur,13210,lrt_jkt_stations.geojson,-6.17731,106.893393,buildings/ChIJm1a82t70aS4RKu4BkaGFT0I,"https://www.google.com/maps/search/?api=1&query=-6.177205,106.893527",-6.1772054,106.8935274,18.87,VALID (< 30m),2025-07-26,BASE,4018.98,3112.23,77.4,4995.6,80.5,19.5,976.61,906.75,1883.36,25,0.8° – 44.7°,9.8,1585,1687.31,400,634.0,1033.13,855804.8,855.8,809.0,692.35,,,,,,,,,,,Gap Sedikit
MRT-0024,Stasiun LRT Jakarta Equestrian,mrt_lrt,Stasiun MRT & LRT,Jakarta Timur,13210,lrt_jkt_stations.geojson,-6.184057,106.891279,buildings/ChIJUxI4Lt30aS4RezySeCpf_ZE,"https://www.google.com/maps/search/?api=1&query=-6.184050,106.890953",-6.1840499,106.89095259999999,36.09,REVIEW (> 30m),2025-08-16,BASE,972.45,781.49,80.4,1141.8,85.2,14.8,169.35,190.96,360.31,5,8.4° – 15.4°,13.0,398,1684.25,400,159.2,257.21,214506.05,214.51,809.0,173.54,,,,,,,,,,,Gap Sedikit
MRT-0025,Stasiun LRT Jakarta Velodrome,mrt_lrt,Stasiun MRT & LRT,Jakarta Timur,13220,lrt_jkt_stations.geojson,-6.192132,106.891177,buildings/ChIJD4swq8H0aS4RGhM_02E-u1M,"https://www.google.com/maps/search/?api=1&query=-6.192079,106.891355",-6.192079,106.89135519999999,20.56,VALID (< 30m),2025-08-16,BASE,29.23,19.64,67.2,37.61,77.7,22.3,8.38,9.6,17.98,1,27.4° – 27.4°,27.4,10,1497.36,400,4.0,5.63,4791.55,4.79,809.0,3.88,,,,,,,,,,,Gap Sedang
MRT-0026,Stasiun LRT Jakarta Pegangsaan Dua,mrt_lrt,Stasiun MRT & LRT,Jakarta Utara,14250,lrt_jkt_stations.geojson,-6.157214,106.914209,buildings/ChIJPzSzRsuKaS4RiDP6wWgFwjw,"https://www.google.com/maps/search/?api=1&query=-6.157230,106.913372",-6.1572299,106.913372,92.55,REVIEW (> 30m),2025-07-05,BASE,106.9,80.51,75.3,138.13,77.4,22.6,31.23,26.4,57.62,4,16.8° – 24.4°,20.7,41,1707.22,400,16.4,25.11,22398.67,22.4,809.0,18.12,,,,,,,,,,,Gap Sedang
MRT-0027,Stasiun LRT Jakarta Manggarai,mrt_lrt,Stasiun MRT & LRT,Jakarta Pusat,12970,lrt_jkt_stations.geojson,-6.208244,106.844446,buildings/ChIJf12G-HL0aS4RbYITr3LMpUs,"https://www.google.com/maps/search/?api=1&query=-6.208509,106.844343",-6.2085095,106.844343,31.64,REVIEW (> 30m),2025-08-16,BASE,372.35,235.63,63.3,446.79,83.3,16.7,74.44,136.72,211.16,9,4.5° – 24.3°,20.9,120,1622.91,400,48.0,67.73,62319.81,62.32,809.0,50.42,,,,,,,,,,,Gap Sedikit
MRT-0028,Stasiun LRT Jakarta Matraman,mrt_lrt,Stasiun MRT & LRT,Jakarta Pusat,10320,lrt_jkt_stations.geojson,-6.202167,106.850121,buildings/GhIJNT7r4PHOGMARUQGPgGq2WkA,"https://www.google.com/maps/search/?api=1&query=-6.202186,106.850103",-6.2021865,106.85010319999999,2.93,VALID (< 30m),2025-08-16,BASE,549.38,375.04,68.3,974.29,56.4,43.6,424.9,174.35,599.25,3,5.5° – 8.7°,6.0,191,1648.37,400,76.4,121.2,100748.23,100.75,809.0,81.51,,,,,,,,,,,Gap Besar
MRT-0029,Stasiun LRT Jakarta Pasar Pramuka,mrt_lrt,Stasiun MRT & LRT,Jakarta Pusat,10570,lrt_jkt_stations.geojson,-6.195812,106.85888,buildings/GhIJx4cDuKXIGMARlwBYJPS2WkA,"https://www.google.com/maps/search/?api=1&query=-6.195887,106.858732",-6.1958869,106.8587318,18.38,VALID (< 30m),2025-08-16,BASE,954.99,724.55,75.9,1460.4,65.4,34.6,505.41,230.44,735.85,7,4.5° – 26.8°,7.5,369,1659.67,400,147.6,235.69,195974.34,195.97,809.0,158.54,,,,,,,,,,,Gap Besar
MRT-0030,Stasiun LRT Jakarta Pramuka BPKP,mrt_lrt,Stasiun MRT & LRT,Jakarta Timur,13120,lrt_jkt_stations.geojson,-6.192021,106.870737,buildings/GhIJM_aG4ZnEGMARnUniwsC3WkA,"https://www.google.com/maps/search/?api=1&query=-6.191989,106.871113",-6.1919889,106.8711134,41.76,REVIEW (> 30m),2025-08-16,BASE,2318.88,1855.56,80.0,3753.92,61.8,38.2,1435.04,463.32,1898.36,4,4.4° – 6.6°,4.8,945,1668.73,400,378.0,607.38,504624.56,504.62,809.0,408.24,,,,,,,,,,,Gap Besar
MRT-0031,Stasiun LRT Jakarta Rawamangun,mrt_lrt,Stasiun MRT & LRT,Jakarta Timur,13220,lrt_jkt_stations.geojson,-6.193143,106.882572,buildings/GhIJLFJ_Q7nFGMARNriZh3y4WkA,"https://www.google.com/maps/search/?api=1&query=-6.193140,106.882604",-6.1931400000000005,106.8826038,3.53,VALID (< 30m),2025-08-16,BASE,3535.9,3239.87,91.6,3873.67,91.3,8.7,337.78,296.03,633.81,3,6.2° – 37.4°,30.1,1650,1667.88,400,660.0,1004.75,880639.21,880.64,809.0,712.44,,,,,,,,,,,Gap Sedikit
TERM-0001,Terminal Baranangsiang,terminal,Terminal Bus & Simpul Antarmoda,Kota Bogor,16143,osm_overpass:node/473365748,-6.604072,106.805998,buildings/ChIJXeKe09zFaS4RwZFux_UMpjw,"https://www.google.com/maps/search/?api=1&query=-6.604239,106.806063",-6.6042388999999995,106.8060629,19.89,VALID (< 30m),2024-02-22,BASE,227.47,145.3,63.9,333.26,68.3,31.7,105.78,82.17,187.95,2,3.5° – 15.9°,6.3,74,1569.38,400,29.6,43.7,37162.89,37.16,809.0,30.06,,,,,,,,,,,Gap Besar
TERM-0002,Terminal Laladon,terminal,Terminal Bus & Simpul Antarmoda,Kota Bogor,16610,osm_overpass:node/1014211025,-6.576704,106.752814,buildings/ChIJ93jwzOjEaS4Rxa_64Tb42TY,"https://www.google.com/maps/search/?api=1&query=-6.576690,106.752809",-6.5766902,106.7528085,1.65,VALID (< 30m),2025-03-08,BASE,302.59,223.85,74.0,344.51,87.8,12.2,41.92,78.74,120.67,10,26.7° – 32.1°,30.2,114,1597.09,400,45.6,65.58,58261.71,58.26,809.0,47.13,,,,,,,,,,,Gap Sedikit
TERM-0003,Lorena Bus,terminal,Terminal Bus & Simpul Antarmoda,Kota Bogor,16141,osm_overpass:node/1339172235,-6.631328,106.825278,buildings/ChIJ6wb4P6nIaS4RAs9ymkskJUY,"https://www.google.com/maps/search/?api=1&query=-6.631216,106.825245",-6.6312161,106.825245,12.97,VALID (< 30m),2023-09-29,BASE,88.42,60.87,68.8,97.91,90.3,9.7,9.49,27.55,37.04,2,18.5° – 20.6°,19.8,31,1594.33,400,12.4,18.58,15815.72,15.82,809.0,12.79,,,,,,,,,,,Gap Sedikit
TERM-0004,Terminal Damri,terminal,Terminal Bus & Simpul Antarmoda,Kota Bogor,16129,osm_overpass:node/1716012719,-6.60215,106.805852,buildings/ChIJSyy7q8TFaS4RlJsdEODKfFY,"https://www.google.com/maps/search/?api=1&query=-6.602090,106.805816",-6.6020897,106.8058164,7.77,VALID (< 30m),2023-09-29,BASE,42.48,21.6,50.8,54.24,78.3,21.7,11.76,20.88,32.64,1,19.6° – 19.6°,19.6,11,1550.34,400,4.4,6.5,5457.21,5.46,809.0,4.41,,,,,,,,,,,Gap Sedang
TERM-0005,Citra Indah Shuttle Bus Main Station,terminal,Terminal Bus & Simpul Antarmoda,Kota Depok,16830,osm_overpass:node/1783241413,-6.443689,107.042001,buildings/ChIJ7edtnDqWaS4R6pzJSbLEeTc,"https://www.google.com/maps/search/?api=1&query=-6.443665,107.041846",-6.4436646,107.0418461,17.33,VALID (< 30m),2024-03-19,BASE,73.9,25.53,34.5,94.21,78.4,21.6,20.3,48.38,68.68,3,6.5° – 60.4°,28.7,13,1704.0,400,5.2,8.45,7088.62,7.09,809.0,5.73,,,,,,,,,,,Gap Sedang
TERM-0006,Damri Airport-Cikarang,terminal,Terminal Bus & Simpul Antarmoda,Kab. Bekasi,17530,osm_overpass:node/1994715627,-6.297612,107.149749,buildings/GhIJR3aLipkwGcARCUB6IJTJWkA,"https://www.google.com/maps/search/?api=1&query=-6.297459,107.149666",-6.2974589000000005,107.14966640000002,19.32,VALID (< 30m),2025-05-27,BASE,15.46,9.82,63.5,15.46,100.0,0.0,0.0,5.64,5.64,1,0.5° – 0.5°,0.5,5,1666.76,400,2.0,3.3,2666.82,2.67,809.0,2.16,,,,,,,,,,,Gap Sedikit
TERM-0007,Pool BUS AKAP GMS,terminal,Terminal Bus & Simpul Antarmoda,Kab. Bekasi,17530,osm_overpass:node/1997186269,-6.29364,107.148628,buildings/ChIJhUcR_ymbaS4RYTppT9wHnLY,"https://www.google.com/maps/search/?api=1&query=-6.293481,107.148685",-6.293480799999999,107.1486851,18.79,VALID (< 30m),2025-05-27,BASE,332.8,221.88,66.7,388.22,85.7,14.3,55.43,110.92,166.34,5,1.6° – 27.0°,6.8,113,1713.58,400,45.2,75.59,61962.97,61.96,809.0,50.13,,,,,,,,,,,Gap Sedikit
TERM-0008,Pramuka Sari,terminal,Terminal Bus & Simpul Antarmoda,Jakarta Timur,13120,osm_overpass:node/4275299246,-6.192235,106.868567,buildings/GhIJBID7ghrFGMARf5ubYpi3WkA,"https://www.google.com/maps/search/?api=1&query=-6.192480,106.868679",-6.1924803,106.8686795,29.98,VALID (< 30m),2025-08-16,BASE,12.5,5.89,47.1,15.01,83.3,16.7,2.51,6.61,9.12,1,8.4° – 8.4°,8.4,3,1594.25,400,1.2,0.0,1530.48,1.53,809.0,1.24,,,,,,,,,,,Gap Sedikit
TERM-0009,Terminal 1A,terminal,Terminal Bus & Simpul Antarmoda,Kota Tangerang,15126,osm_overpass:node/2500443128,-6.128799,106.658084,buildings/ChIJ2R_iz20Cai4RrYAxms-c7Oc,"https://www.google.com/maps/search/?api=1&query=-6.128865,106.657894",-6.1288649,106.6578942,22.23,VALID (< 30m),2025-07-26,BASE,616.85,481.07,78.0,649.59,95.0,5.0,32.74,135.77,168.52,3,3.8° – 17.8°,8.4,245,1716.83,400,98.0,162.1,134599.16,134.6,809.0,108.89,,,,,,,,,,,Gap Sedikit
TERM-0010,Terminal 1B,terminal,Terminal Bus & Simpul Antarmoda,Kota Tangerang,15126,osm_overpass:node/2500443129,-6.13121,106.656196,buildings/ChIJTcNMeXICai4RCZ1uRJWwcDg,"https://www.google.com/maps/search/?api=1&query=-6.131041,106.656025",-6.1310408999999995,106.6560253,26.64,VALID (< 30m),2024-09-19,BASE,972.76,712.77,73.3,1021.76,95.2,4.8,49.0,259.99,308.99,8,13.5° – 39.6°,24.7,363,1679.73,400,145.2,228.99,195117.66,195.12,809.0,157.85,,,,,,,,,,,Gap Sedikit
TERM-0011,Terminal 1C,terminal,Terminal Bus & Simpul Antarmoda,Kota Tangerang,15126,osm_overpass:node/2500443130,-6.130762,106.653085,buildings/ChIJ-5Q-X20Cai4R4I9C6BcvVx4,"https://www.google.com/maps/search/?api=1&query=-6.130521,106.653500",-6.1305206,106.6535004,53.2,REVIEW (> 30m),2025-07-26,BASE,948.69,714.73,75.3,2028.91,46.8,53.2,1080.22,233.95,1314.17,1,0.4° – 0.4°,0.4,364,1708.98,400,145.6,242.7,199062.27,199.06,809.0,161.04,,,,,,,,,,,Gap Besar
TERM-0012,Terminal 2D,terminal,Terminal Bus & Simpul Antarmoda,Kota Tangerang,15126,osm_overpass:node/3316132149,-6.123763,106.651391,buildings/ChIJaS1_4hQCai4Rc3Fo69smtiM,"https://www.google.com/maps/search/?api=1&query=-6.123255,106.650734",-6.123255299999999,106.65073439999999,91.96,REVIEW (> 30m),2024-06-23,BASE,64.8,43.2,66.7,75.57,85.7,14.3,10.77,21.6,32.37,2,2.8° – 4.2°,2.9,22,1698.07,400,8.8,14.75,11954.43,11.95,809.0,9.67,,,,,,,,,,,Gap Sedikit
TERM-0013,Terminal 2E,terminal,Terminal Bus & Simpul Antarmoda,Kota Tangerang,15126,osm_overpass:node/3316132150,-6.122339,106.652598,buildings/ChIJRfhP1GoCai4R9tnvSD4z6tg,"https://www.google.com/maps/search/?api=1&query=-6.122280,106.653171",-6.1222802,106.6531706,63.64,REVIEW (> 30m),2025-07-26,BASE,44838.66,30197.51,67.3,58540.7,76.6,23.4,13702.05,14641.15,28343.19,226,0.1° – 52.8°,7.8,15379,1728.67,400,6151.6,10235.37,8507269.1,8507.27,809.0,6882.37,,,,,,,,,,,Gap Sedang
TERM-0014,Tugu Ikan Parung,terminal,Terminal Bus & Simpul Antarmoda,Kota Depok,16330,osm_overpass:node/3396881708,-6.421516,106.732647,buildings/ChIJWe5MRYboaS4RVevvsw9BDIg,"https://www.google.com/maps/search/?api=1&query=-6.421779,106.732850",-6.4217793,106.73285,36.88,REVIEW (> 30m),2024-05-18,BASE,55.64,33.38,60.0,59.57,93.4,6.6,3.93,22.26,26.19,1,6.8° – 6.8°,6.8,17,1558.41,400,6.8,10.19,8477.75,8.48,809.0,6.86,,,,,,,,,,,Gap Sedikit
TERM-0015,Grogol Reformasi,terminal,Terminal Bus & Simpul Antarmoda,Jakarta Barat,11440,osm_overpass:node/3415431045,-6.167332,106.788264,buildings/ChIJ35gjq1z2aS4R6f7USQs0uR4,"https://www.google.com/maps/search/?api=1&query=-6.167576,106.788526",-6.1675756999999996,106.7885256,39.63,REVIEW (> 30m),2024-09-19,BASE,74.58,53.02,71.1,75.6,98.7,1.3,1.02,21.56,22.58,1,18.5° – 18.5°,18.5,27,1599.86,400,10.8,15.86,13822.83,13.82,809.0,11.18,,,,,,,,,,,Gap Sedikit
TERM-0016,Galur,terminal,Terminal Bus & Simpul Antarmoda,Jakarta Pusat,10530,osm_overpass:node/3415431046,-6.174417,106.854718,buildings/ChIJ9XvDQK31aS4R3WP66Tpx_IM,"https://www.google.com/maps/search/?api=1&query=-6.174424,106.854698",-6.174423600000001,106.8546981,2.32,VALID (< 30m),2024-10-26,BASE,179.66,111.92,62.3,275.85,65.1,34.9,96.19,67.74,163.93,4,1.2° – 7.0°,5.2,57,1657.95,400,22.8,36.39,30241.02,30.24,809.0,24.46,,,,,,,,,,,Gap Besar
TERM-0017,Taman Sari,terminal,Terminal Bus & Simpul Antarmoda,Jakarta Utara,11130,osm_overpass:node/3415431306,-6.149303,106.816703,buildings/ChIJy_F6yQn2aS4R8p4WfUv9dCs,"https://www.google.com/maps/search/?api=1&query=-6.149040,106.816604",-6.149039999999999,106.8166036,31.24,REVIEW (> 30m),2025-07-26,BASE,194.44,141.38,72.7,350.99,55.4,44.6,156.56,53.06,209.62,2,1.0° – 15.8°,5.3,72,1589.93,400,28.8,39.6,36632.01,36.63,809.0,29.64,,,,,,,,,,,Gap Besar
TERM-0018,PGC,terminal,Terminal Bus & Simpul Antarmoda,Jakarta Timur,13640,osm_overpass:node/3415431310,-6.262028,106.865426,buildings/ChIJ-wPLqPjyaS4RkNhaDiYJ7jI,"https://www.google.com/maps/search/?api=1&query=-6.262238,106.865470",-6.262238,106.86547,23.85,VALID (< 30m),2025-08-16,BASE,6880.22,5360.51,77.9,9177.24,75.0,25.0,2297.01,1519.72,3816.73,45,2.5° – 52.4°,13.2,2730,1628.43,400,1092.0,1657.01,1422599.16,1422.6,809.0,1150.88,,,,,,,,,,,Gap Sedang
TERM-0019,Pancoran Arah Barat,terminal,Terminal Bus & Simpul Antarmoda,Jakarta Timur,12780,osm_overpass:node/3415431318,-6.241672,106.837282,buildings/ChIJdWgoSMHzaS4R0jmCQdLKxq8,"https://www.google.com/maps/search/?api=1&query=-6.241890,106.837021",-6.2418897,106.83702059999999,37.69,REVIEW (> 30m),2025-08-16,BASE,117.8,76.58,65.0,139.61,84.4,15.6,21.81,41.22,63.03,3,8.8° – 11.0°,10.2,39,1531.22,400,15.6,23.37,19109.63,19.11,809.0,15.46,,,,,,,,,,,Gap Sedikit
TERM-0020,Ragunan,terminal,Terminal Bus & Simpul Antarmoda,Jakarta Selatan,12550,osm_overpass:node/3415431355,-6.305763,106.819018,buildings/ChIJz2yelP3taS4RmLil2fpD3FI,"https://www.google.com/maps/search/?api=1&query=-6.305780,106.818920",-6.3057801,106.8189201,10.99,VALID (< 30m),2024-10-26,BASE,560.3,394.67,70.4,727.24,77.0,23.0,166.94,165.62,332.57,4,2.8° – 34.6°,4.7,201,1622.89,400,80.4,124.83,104384.27,104.38,809.0,84.45,,,,,,,,,,,Gap Sedang
TERM-0021,Kayu Jati,terminal,Terminal Bus & Simpul Antarmoda,Jakarta Timur,13220,osm_overpass:node/3415431384,-6.193262,106.883695,buildings/ChIJJV_fbuv0aS4RJX-OzvBz56Y,"https://www.google.com/maps/search/?api=1&query=-6.193242,106.883529",-6.1932415,106.8835292,18.47,VALID (< 30m),2025-08-16,BASE,449.52,341.66,76.0,726.78,61.9,38.1,277.25,107.87,385.12,1,1.0° – 1.0°,1.0,174,1657.01,400,69.6,113.77,92262.33,92.26,809.0,74.64,,,,,,,,,,,Gap Besar
TERM-0022,Rawamangun,terminal,Terminal Bus & Simpul Antarmoda,Jakarta Timur,13220,osm_overpass:node/3415431398,-6.192912,106.880315,buildings/ChIJ23M_5ez0aS4RAMulVbpomfQ,"https://www.google.com/maps/search/?api=1&query=-6.193179,106.880428",-6.1931793,106.8804284,32.26,REVIEW (> 30m),2025-08-16,BASE,43.39,25.53,58.8,43.39,100.0,0.0,0.0,17.87,17.87,1,14.1° – 14.1°,14.1,13,1510.88,400,5.2,6.37,6285.26,6.29,809.0,5.08,,,,,,,,,,,Gap Sedikit
TERM-0023,Velodrome,terminal,Terminal Bus & Simpul Antarmoda,Jakarta Timur,13220,osm_overpass:node/3415431401,-6.193464,106.888301,buildings/ChIJozLao-r0aS4R8s2bMv76ABc,"https://www.google.com/maps/search/?api=1&query=-6.193709,106.888243",-6.1937085000000005,106.88824319999999,27.93,VALID (< 30m),2025-08-16,BASE,13.32,7.85,59.0,13.32,100.0,0.0,0.0,5.47,5.47,1,6.3° – 6.3°,6.3,4,1601.01,400,1.6,2.52,2049.29,2.05,809.0,1.66,,,,,,,,,,,Gap Sedikit
TERM-0024,Pulo Gadung,terminal,Terminal Bus & Simpul Antarmoda,Jakarta Timur,13260,osm_overpass:node/3415431879,-6.183181,106.908893,buildings/ChIJNUgpY9L0aS4RS-nyiY7Kvxw,"https://www.google.com/maps/search/?api=1&query=-6.183271,106.908908",-6.1832714,106.9089078,10.18,VALID (< 30m),2024-10-26,BASE,854.39,577.29,67.6,1048.93,81.5,18.5,194.53,277.11,471.64,12,0.4° – 19.9°,5.2,294,1682.62,400,117.6,192.41,158300.63,158.3,809.0,128.07,,,,,,,,,,,Gap Sedikit
TERM-0025,Bandara Soekarno-Hatta Airport Terminal 2,terminal,Terminal Bus & Simpul Antarmoda,Kota Tangerang,15126,osm_overpass:node/4149561896,-6.124185,106.653367,buildings/ChIJb5bLSWsCai4R-fqXcg_sk7Y,"https://www.google.com/maps/search/?api=1&query=-6.124537,106.653239",-6.124537,106.653239,41.62,REVIEW (> 30m),2023-10-28,BASE,55.84,31.42,56.3,71.96,77.6,22.4,16.12,24.42,40.55,3,7.1° – 20.1°,15.4,16,1713.41,400,6.4,10.66,8772.65,8.77,809.0,7.1,,,,,,,,,,,Gap Sedang
TERM-0026,Halte Bulak Kapal,terminal,Terminal Bus & Simpul Antarmoda,Kota Bekasi,17113,osm_overpass:node/4235138356,-6.249824,107.024971,buildings/ChIJDw6FI4qOaS4RXHpqat-9-wc,"https://www.google.com/maps/search/?api=1&query=-6.250003,107.024940",-6.2500034,107.0249396,20.25,VALID (< 30m),2025-09-13,BASE,60.84,35.34,58.1,60.84,100.0,0.0,0.0,25.5,25.5,2,1.7° – 37.3°,18.9,18,1660.57,400,7.2,10.55,9564.88,9.56,809.0,7.74,,,,,,,,,,,Gap Sedikit
TERM-0027,Semanggi,terminal,Terminal Bus & Simpul Antarmoda,Jakarta Selatan,12190,osm_overpass:node/4235200076,-6.220537,106.813168,buildings/GhIJjbb90dThGMARw0TjnQe0WkA,"https://www.google.com/maps/search/?api=1&query=-6.220535,106.812951",-6.220535099999999,106.81295089999999,24.0,VALID (< 30m),2025-08-16,BASE,129.76,84.43,65.1,160.94,80.6,19.4,31.18,45.33,76.51,1,3.6° – 3.6°,3.6,43,1589.28,400,17.2,26.54,21868.43,21.87,809.0,17.69,,,,,,,,,,,Gap Sedikit
TERM-0028,Pool Damri Kemayoran,terminal,Terminal Bus & Simpul Antarmoda,Jakarta Utara,10610,osm_overpass:node/4243825205,-6.159739,106.848079,buildings/ChIJM6reD7z1aS4R-VvqO4rCEvo,"https://www.google.com/maps/search/?api=1&query=-6.159720,106.848187",-6.1597200999999995,106.8481868,12.1,VALID (< 30m),2025-07-26,BASE,36.34,17.67,48.6,36.34,100.0,0.0,0.0,18.67,18.67,1,3.9° – 3.9°,3.9,9,1661.81,400,3.6,5.91,4786.01,4.79,809.0,3.87,,,,,,,,,,,Gap Sedikit
TERM-0029,Terminal 2F Bandara Soeta,terminal,Terminal Bus & Simpul Antarmoda,Kota Tangerang,15126,osm_overpass:node/4260199001,-6.122496,106.654477,buildings/ChIJow214moCai4RdiC7r5ZJOjs,"https://www.google.com/maps/search/?api=1&query=-6.123099,106.654907",-6.1230994999999995,106.6549068,82.23,REVIEW (> 30m),2025-07-26,BASE,405.93,306.31,75.5,452.47,89.7,10.3,46.54,99.62,146.16,4,7.8° – 12.8°,10.4,156,1704.49,400,62.4,104.34,85088.34,85.09,809.0,68.84,,,,,,,,,,,Gap Sedikit
TERM-0030,Flyover Pramuka,terminal,Terminal Bus & Simpul Antarmoda,Jakarta Pusat,13140,osm_overpass:node/4275299209,-6.198901,106.854486,buildings/ChIJ38ZsOGb0aS4RbUDNvlwHrN8,"https://www.google.com/maps/search/?api=1&query=-6.199157,106.854627",-6.1991571,106.8546271,32.47,REVIEW (> 30m),2025-08-16,BASE,462.95,290.61,62.8,518.33,89.3,10.7,55.38,172.35,227.72,9,10.3° – 25.3°,17.9,148,1649.55,400,59.2,91.4,78122.46,78.12,809.0,63.2,,,,,,,,,,,Gap Sedikit
JPO-0001,JPO Bundaran Hotel Indonesia,jpo,Jembatan Penyeberangan Orang (JPO),Jakarta Pusat,10310,jpo_jakarta.csv,-6.194978,106.823062,buildings/GhIJz78udqnHGMARw6efRK20WkA,"https://www.google.com/maps/search/?api=1&query=-6.194961,106.823189",-6.1949613999999995,106.8231892,14.18,VALID (< 30m),2025-08-16,BASE,804.47,514.45,63.9,809.24,99.4,0.6,4.77,290.02,294.79,9,0.2° – 1.2°,0.8,262,1601.55,400,104.8,166.07,134274.2,134.27,809.0,108.63,,,,,,,,,,,Gap Sedikit
JPO-0002,JPO Jalan Kuningan Flyover,jpo,Jembatan Penyeberangan Orang (JPO),Jakarta Pusat,12910,jpo_jakarta.csv,-6.20405,106.828095,buildings/ChIJhd6p9xr0aS4RyCvLjAsFZO0,"https://www.google.com/maps/search/?api=1&query=-6.204557,106.827586",-6.2045566999999995,106.827586,79.63,REVIEW (> 30m),2025-08-16,BASE,44.05,27.49,62.4,44.05,100.0,0.0,0.0,16.56,16.56,1,6.3° – 6.3°,6.3,14,1624.92,400,5.6,8.89,7279.62,7.28,809.0,5.89,,,,,,,,,,,Gap Sedikit
JPO-0003,JPO Jalan Veteran III,jpo,Jembatan Penyeberangan Orang (JPO),Jakarta Pusat,10120,jpo_jakarta.csv,-6.167193,106.825392,buildings/ChIJ-yLJmdD1aS4RrmbIH_SaXCc,"https://www.google.com/maps/search/?api=1&query=-6.166743,106.825418",-6.1667435,106.825418,50.06,REVIEW (> 30m),2025-07-26,BASE,630.78,430.02,68.2,681.14,92.6,7.4,50.36,200.77,251.13,6,1.2° – 19.0°,11.0,219,1636.61,400,87.6,138.11,114693.39,114.69,809.0,92.79,,,,,,,,,,,Gap Sedikit
JPO-0004,JPO Jalan Aipda Karel Satsuit Tubun,jpo,Jembatan Penyeberangan Orang (JPO),Jakarta Pusat,10240,jpo_jakarta.csv,-6.189004,106.810704,buildings/ChIJT17IcJv2aS4RUODORjN7u4Q,"https://www.google.com/maps/search/?api=1&query=-6.189262,106.811106",-6.189262200000001,106.8111057,52.88,REVIEW (> 30m),2025-08-16,BASE,84.18,58.91,70.0,84.43,99.7,0.3,0.25,25.28,25.52,2,11.9° – 30.3°,14.5,30,1631.46,400,12.0,16.99,15662.04,15.66,809.0,12.67,,,,,,,,,,,Gap Sedikit
JPO-0005,JPO Jalan Prapanca V,jpo,Jembatan Penyeberangan Orang (JPO),Jakarta Selatan,12720,jpo_jakarta.csv,-6.250712,106.810407,buildings/ChIJjb72CnvxaS4RJA4YAQnNljE,"https://www.google.com/maps/search/?api=1&query=-6.250862,106.810336",-6.2508621,106.8103362,18.43,VALID (< 30m),2025-08-16,BASE,354.2,221.88,62.6,488.36,72.5,27.5,134.16,132.32,266.48,12,23.6° – 29.8°,26.7,113,1616.97,400,45.2,67.37,58469.72,58.47,809.0,47.3,,,,,,,,,,,Gap Sedang
JPO-0006,JPO Jalan Kemang Utara IX,jpo,Jembatan Penyeberangan Orang (JPO),Jakarta Selatan,12730,jpo_jakarta.csv,-6.254798,106.825344,buildings/ChIJM8u6vdPzaS4RpFVoMPfQxl0,"https://www.google.com/maps/search/?api=1&query=-6.254725,106.825327",-6.2547254,106.82532719999999,8.28,VALID (< 30m),2025-08-16,BASE,26.27,15.71,59.8,28.01,93.8,6.2,1.75,10.56,12.31,1,14.2° – 14.2°,14.2,8,1611.62,400,3.2,4.76,4125.75,4.13,809.0,3.34,,,,,,,,,,,Gap Sedikit
JPO-0007,JPO Jalan Letnan Jenderal MT Haryono,jpo,Jembatan Penyeberangan Orang (JPO),Jakarta Timur,13330,jpo_jakarta.csv,-6.244244,106.868617,buildings/ChIJ1z_Y5AjzaS4RBFu7pmN0-Lw,"https://www.google.com/maps/search/?api=1&query=-6.244406,106.868735",-6.244406499999999,106.8687345,22.25,VALID (< 30m),2025-08-16,BASE,29.03,15.71,54.1,45.98,63.1,36.9,16.95,13.32,30.27,1,9.3° – 9.3°,9.3,8,1548.08,400,3.2,4.85,3963.08,3.96,809.0,3.21,,,,,,,,,,,Gap Besar
JPO-0008,JPO Jalan Trikora,jpo,Jembatan Penyeberangan Orang (JPO),Jakarta Timur,13610,jpo_jakarta.csv,-6.247578,106.88257,buildings/ChIJCbHXMRrzaS4R24zkChx3-Ko,"https://www.google.com/maps/search/?api=1&query=-6.248155,106.881996",-6.2481548,106.8819963,90.19,REVIEW (> 30m),2025-08-16,BASE,521.18,384.86,73.8,586.0,88.9,11.1,64.82,136.32,201.14,5,7.7° – 20.3°,12.4,196,1651.63,400,78.4,125.07,103590.22,103.59,809.0,83.8,,,,,,,,,,,Gap Sedikit
JPO-0009,JPO Jalan Tol Lingkar Luar Jakarta,jpo,Jembatan Penyeberangan Orang (JPO),Jakarta Timur,13550,jpo_jakarta.csv,-6.305786,106.88428,buildings/ChIJFT9-h2btaS4R-R1xUR0ZEYc,"https://www.google.com/maps/search/?api=1&query=-6.304817,106.883279",-6.3048174,106.88327869999999,154.42,REVIEW (> 30m),2024-10-26,BASE,44.96,31.42,69.9,76.31,58.9,41.1,31.35,13.54,44.89,1,3.2° – 3.2°,3.2,16,1605.4,400,6.4,9.85,8219.65,8.22,809.0,6.65,,,,,,,,,,,Gap Besar
JPO-0010,JPO Jalan Haji Bokir Bin Dji'un,jpo,Jembatan Penyeberangan Orang (JPO),Jakarta Timur,13560,jpo_jakarta.csv,-6.289106,106.878538,buildings/ChIJb18AjZryaS4Ru2_pmXknubg,"https://www.google.com/maps/search/?api=1&query=-6.288139,106.879199",-6.288138900000001,106.8791985,129.97,REVIEW (> 30m),2025-08-16,BASE,148.76,108.0,72.6,192.43,77.3,22.7,43.67,40.76,84.43,1,4.2° – 4.2°,4.2,55,1602.45,400,22.0,34.12,28203.14,28.2,809.0,22.82,,,,,,,,,,,Gap Sedang
JPO-0011,JPO Jalan Kerja Bakti,jpo,Jembatan Penyeberangan Orang (JPO),Jakarta Timur,13570,jpo_jakarta.csv,-6.276733,106.873619,buildings/ChIJMXmz1fLyaS4RAjUUqLmBMNE,"https://www.google.com/maps/search/?api=1&query=-6.276778,106.874048",-6.2767778,106.874048,47.68,REVIEW (> 30m),2025-08-16,BASE,30.84,17.67,57.3,30.84,100.0,0.0,0.0,13.16,13.16,1,6.1° – 6.1°,6.1,9,1589.26,400,3.6,4.85,4577.06,4.58,809.0,3.7,,,,,,,,,,,Gap Sedikit
JPO-0012,JPO Jalan Cililitan Besar,jpo,Jembatan Penyeberangan Orang (JPO),Jakarta Timur,13650,jpo_jakarta.csv,-6.264773,106.872966,buildings/ChIJuypqUfryaS4RDq00Or-vzw0,"https://www.google.com/maps/search/?api=1&query=-6.264602,106.873413",-6.264602099999999,106.8734126,52.89,REVIEW (> 30m),2025-08-16,BASE,363.15,269.01,74.1,475.56,76.4,23.6,112.41,94.14,206.56,2,1.4° – 6.7°,2.3,137,1579.33,400,54.8,83.04,69237.75,69.24,809.0,56.01,,,,,,,,,,,Gap Sedang
JPO-0013,JPO Jalan Mabes Hankam,jpo,Jembatan Penyeberangan Orang (JPO),Jakarta Timur,13890,jpo_jakarta.csv,-6.311516,106.903379,buildings/ChIJMXf6LEntaS4RE5Eze288Ibw,"https://www.google.com/maps/search/?api=1&query=-6.311912,106.903850",-6.3119124,106.9038503,68.24,REVIEW (> 30m),2025-05-27,BASE,265.79,172.79,65.0,313.4,84.8,15.2,47.61,93.0,140.61,5,0.6° – 7.0°,3.6,88,1623.99,400,35.2,56.27,45731.47,45.73,809.0,37.0,,,,,,,,,,,Gap Sedikit
JPO-0014,JPO Jalan Tol Lingkar Luar Jakarta,jpo,Jembatan Penyeberangan Orang (JPO),Jakarta Timur,12530,jpo_jakarta.csv,-6.305544,106.858407,buildings/ChIJY4iTY4TtaS4RKWiyWSzLK50,"https://www.google.com/maps/search/?api=1&query=-6.305362,106.858153",-6.3053623,106.8581533,34.56,REVIEW (> 30m),2024-02-22,BASE,57.51,37.31,64.9,57.51,100.0,0.0,0.0,20.2,20.2,1,5.5° – 5.5°,5.5,19,1577.74,400,7.6,11.54,9592.66,9.59,809.0,7.76,,,,,,,,,,,Gap Sedikit
JPO-0015,JPO Jalan Tol Cawang–Pluit,jpo,Jembatan Penyeberangan Orang (JPO),Jakarta Selatan,12710,jpo_jakarta.csv,-6.237204,106.827777,buildings/ChIJyc9biOfzaS4RVsyS7bXqrEc,"https://www.google.com/maps/search/?api=1&query=-6.237462,106.827530",-6.2374616,106.8275298,39.59,REVIEW (> 30m),2025-08-16,BASE,18.88,7.85,41.6,40.04,47.1,52.9,21.16,11.02,32.18,1,24.0° – 24.0°,24.0,4,1238.97,400,1.6,1.88,1585.88,1.59,809.0,1.28,,,,,,,,,,,Gap Besar
JPO-0016,JPO Jalan Kapten Tendean,jpo,Jembatan Penyeberangan Orang (JPO),Jakarta Selatan,12790,jpo_jakarta.csv,-6.240143,106.825279,buildings/ChIJX35gNdzzaS4RjaHKD_tvp9Y,"https://www.google.com/maps/search/?api=1&query=-6.240334,106.825182",-6.2403341,106.82518239999999,23.78,VALID (< 30m),2025-08-16,BASE,144.03,100.14,69.5,183.17,78.6,21.4,39.14,43.88,83.03,3,9.5° – 11.6°,10.8,51,1598.92,400,20.4,32.15,26094.34,26.09,809.0,21.11,,,,,,,,,,,Gap Sedang
JPO-0017,JPO Jalan Robert Wolter Monginsidi,jpo,Jembatan Penyeberangan Orang (JPO),Jakarta Selatan,12170,jpo_jakarta.csv,-6.238983,106.817725,buildings/ChIJf7iKH2DxaS4Rt-cz93UhwS0,"https://www.google.com/maps/search/?api=1&query=-6.239156,106.817729",-6.2391565,106.8177295,19.3,VALID (< 30m),2025-08-16,BASE,47.38,33.38,70.5,66.56,71.2,28.8,19.18,14.0,33.18,1,5.9° – 5.9°,5.9,17,1607.24,400,6.8,10.72,8743.36,8.74,809.0,7.07,,,,,,,,,,,Gap Sedang
JPO-0018,JPO Jalan Tol Cawang–Pluit,jpo,Jembatan Penyeberangan Orang (JPO),Jakarta Pusat,12190,jpo_jakarta.csv,-6.21939,106.812442,buildings/GhIJYCKptKThGMARYNccfgu0WkA,"https://www.google.com/maps/search/?api=1&query=-6.220241,106.813105",-6.2202407,106.81310529999999,119.68,REVIEW (> 30m),2025-08-16,BASE,11.77,3.93,33.4,18.38,64.1,35.9,6.61,7.84,14.45,1,11.1° – 11.1°,11.1,2,1599.02,400,0.8,0.0,1023.37,1.02,809.0,0.83,,,,,,,,,,,Gap Besar
JPO-0019,JPO Jalan Jenderal Gatot Subroto,jpo,Jembatan Penyeberangan Orang (JPO),Jakarta Pusat,10270,jpo_jakarta.csv,-6.219556,106.812218,buildings/ChIJ-707XFPxaS4RDxx5IeaECuA,"https://www.google.com/maps/search/?api=1&query=-6.218749,106.811517",-6.218748799999999,106.8115172,118.56,REVIEW (> 30m),2025-08-16,BASE,80.37,37.31,46.4,80.37,100.0,0.0,0.0,43.07,43.07,2,21.5° – 26.1°,24.7,19,1611.57,400,7.6,11.52,9798.32,9.8,809.0,7.93,,,,,,,,,,,Gap Sedikit
JPO-0020,JPO Jalan Gerbang Pemuda,jpo,Jembatan Penyeberangan Orang (JPO),Jakarta Barat,10270,jpo_jakarta.csv,-6.21238,106.807037,buildings/GhIJnoK7Z9TZGMARxeTqA6azWkA,"https://www.google.com/maps/search/?api=1&query=-6.212720,106.807000",-6.2127197999999995,106.8069998,38.01,REVIEW (> 30m),2025-08-16,BASE,59.6,39.27,65.9,59.6,100.0,0.0,0.0,20.33,20.33,1,5.6° – 5.6°,5.6,20,1613.11,400,8.0,12.27,10323.89,10.32,809.0,8.35,,,,,,,,,,,Gap Sedikit
JPO-0021,JPO Jalan Profesor Doktor Satrio,jpo,Jembatan Penyeberangan Orang (JPO),Jakarta Pusat,12930,jpo_jakarta.csv,-6.215444,106.818548,buildings/GhIJ8D6fj4rcGMARhj73MF60WkA,"https://www.google.com/maps/search/?api=1&query=-6.215372,106.818248",-6.2153721,106.81824759999999,34.16,REVIEW (> 30m),2025-08-16,BASE,34.17,21.6,63.2,34.17,100.0,0.0,0.0,12.57,12.57,1,15.7° – 15.7°,15.7,11,1545.93,400,4.4,6.65,5441.68,5.44,809.0,4.4,,,,,,,,,,,Gap Sedikit
JPO-0022,JPO Jalan Teluk Betung,jpo,Jembatan Penyeberangan Orang (JPO),Jakarta Pusat,10240,jpo_jakarta.csv,-6.194085,106.818317,buildings/ChIJQX5PhSD0aS4RnvpW_eRb84I,"https://www.google.com/maps/search/?api=1&query=-6.193910,106.818534",-6.1939096,106.8185345,30.96,REVIEW (> 30m),2025-08-16,BASE,117.47,84.43,71.9,144.88,81.1,18.9,27.41,33.04,60.45,3,3.0° – 15.8°,11.1,43,1590.94,400,17.2,23.32,21891.39,21.89,809.0,17.71,,,,,,,,,,,Gap Sedikit
JPO-0023,JPO Jalan Teluk Betung,jpo,Jembatan Penyeberangan Orang (JPO),Jakarta Pusat,10230,jpo_jakarta.csv,-6.195352,106.817996,buildings/GhIJFunWXBfIGMAR_F2Fz2K0WkA,"https://www.google.com/maps/search/?api=1&query=-6.195261,106.818435",-6.1952608,106.8184353,49.61,REVIEW (> 30m),2025-08-16,BASE,890.06,779.53,87.6,1419.51,62.7,37.3,529.45,110.53,639.98,1,32.5° – 32.5°,32.5,397,1651.54,400,158.8,229.18,209812.12,209.81,809.0,169.74,,,,,,,,,,,Gap Besar
JPO-0024,JPO Jalan Kyai Haji Mas Mansyur,jpo,Jembatan Penyeberangan Orang (JPO),Jakarta Pusat,10230,jpo_jakarta.csv,-6.200963,106.815336,buildings/GhIJxIH4AZPNGMAR9VApOSm0WkA,"https://www.google.com/maps/search/?api=1&query=-6.200751,106.814998",-6.2007509999999995,106.81499819999999,44.16,REVIEW (> 30m),2025-08-16,BASE,36.96,23.56,63.8,53.18,69.5,30.5,16.22,13.4,29.62,1,6.0° – 6.0°,6.0,12,1582.16,400,4.8,7.38,6075.51,6.08,809.0,4.92,,,,,,,,,,,Gap Besar
JPO-0025,JPO Jalan Kyai Haji Mas Mansyur,jpo,Jembatan Penyeberangan Orang (JPO),Jakarta Pusat,10230,jpo_jakarta.csv,-6.201072,106.815666,buildings/ChIJPcXX7qD2aS4RcTsgMPWXjcQ,"https://www.google.com/maps/search/?api=1&query=-6.200547,106.815791",-6.2005466,106.8157908,60.03,REVIEW (> 30m),2025-08-16,BASE,164.72,98.18,59.6,206.26,79.9,20.1,41.53,66.54,108.08,6,5.6° – 29.8°,13.9,50,1646.17,400,20.0,31.34,26338.7,26.34,809.0,21.31,,,,,,,,,,,Gap Sedang
JPO-0026,JPO Jalan Tomang Raya,jpo,Jembatan Penyeberangan Orang (JPO),Jakarta Barat,10150,jpo_jakarta.csv,-6.173417,106.805685,buildings/ChIJ4SnUNGP2aS4RGAK32j_78AY,"https://www.google.com/maps/search/?api=1&query=-6.173371,106.806019",-6.1733712999999995,106.80601949999999,37.33,REVIEW (> 30m),2025-07-26,BASE,107.86,80.51,74.6,133.46,80.8,19.2,25.6,27.36,52.95,1,1.4° – 1.4°,1.4,41,1630.18,400,16.4,26.47,21387.9,21.39,809.0,17.3,,,,,,,,,,,Gap Sedikit
JPO-0027,JPO Jalan Tegal Parang Utara VI,jpo,Jembatan Penyeberangan Orang (JPO),Jakarta Timur,12790,jpo_jakarta.csv,-6.243407,106.835302,buildings/ChIJpdFSHMTzaS4RcHI0zUV5pmY,"https://www.google.com/maps/search/?api=1&query=-6.243316,106.835316",-6.2433160999999995,106.8353161,10.23,VALID (< 30m),2025-08-16,BASE,131.56,76.58,58.2,164.33,80.1,19.9,32.76,54.99,87.75,5,6.1° – 26.9°,13.9,39,1620.64,400,15.6,23.59,20225.56,20.23,809.0,16.36,,,,,,,,,,,Gap Sedikit
JPO-0028,JPO Jalan Hang Lekir IV,jpo,Jembatan Penyeberangan Orang (JPO),Jakarta Selatan,12120,jpo_jakarta.csv,-6.230401,106.796181,buildings/ChIJJfxgvEfxaS4Rj-AUIoZgjXs,"https://www.google.com/maps/search/?api=1&query=-6.230160,106.795976",-6.2301603000000005,106.7959757,35.09,REVIEW (> 30m),2025-08-16,BASE,225.28,166.9,74.1,358.24,62.9,37.1,132.96,58.38,191.34,2,7.4° – 10.4°,8.7,85,1626.88,400,34.0,53.1,44251.23,44.25,809.0,35.8,,,,,,,,,,,Gap Besar
JPO-0029,JPO Jalan Suryopranoto,jpo,Jembatan Penyeberangan Orang (JPO),Jakarta Pusat,10160,jpo_jakarta.csv,-6.16915,106.819591,buildings/ChIJMwtNTNb1aS4RoFfiGW_vOU4,"https://www.google.com/maps/search/?api=1&query=-6.169144,106.819837",-6.1691442,106.8198367,27.17,VALID (< 30m),2025-07-26,BASE,75.56,51.05,67.6,135.74,55.7,44.3,60.19,24.5,84.69,2,3.4° – 6.4°,5.0,26,1636.08,400,10.4,16.47,13612.17,13.61,809.0,11.01,,,,,,,,,,,Gap Besar
JPO-0030,JPO Jalan Fakhrudin,jpo,Jembatan Penyeberangan Orang (JPO),Jakarta Pusat,10250,jpo_jakarta.csv,-6.182822,106.813903,buildings/GhIJV52UPmq7GMARdMETvRu0WkA,"https://www.google.com/maps/search/?api=1&query=-6.183025,106.814180",-6.183025499999999,106.8141797,38.05,REVIEW (> 30m),2025-08-16,BASE,30.89,17.67,57.2,30.89,100.0,0.0,0.0,13.22,13.22,1,38.2° – 38.2°,38.2,9,1480.37,400,3.6,4.46,4263.46,4.26,809.0,3.45,,,,,,,,,,,Gap Sedikit
AIR-0001,Bandar Udara Halim Perdanakusuma,airport,Fasilitas Penunjang Bandara,Jakarta Timur,13610,osm_overpass:way/155963037,-6.263019,106.891082,buildings/ChIJgcHIuN3yaS4RgYzTOsSyIco,"https://www.google.com/maps/search/?api=1&query=-6.262485,106.890549",-6.2624846,106.8905491,83.67,REVIEW (> 30m),2025-08-16,BASE,317.27,247.41,78.0,407.37,77.9,22.1,90.11,69.86,159.97,2,4.3° – 7.3°,5.7,126,1651.47,400,50.4,81.31,66587.44,66.59,809.0,53.87,,,,,,,,,,,Gap Sedang
AIR-0002,Pangkalan Udara Atang Senjaya,airport,Fasilitas Penunjang Bandara,Kota Bogor,16310,osm_overpass:way/163628058,-6.540765,106.757723,buildings/GhIJoIrKQt0pGsARoXa7bHmwWkA,"https://www.google.com/maps/search/?api=1&query=-6.540861,106.757386",-6.5408608,106.7573864,38.68,REVIEW (> 30m),2025-03-08,BASE,60.03,37.31,62.1,60.03,100.0,0.0,0.0,22.73,22.73,1,32.8° – 32.8°,32.8,19,1375.93,400,7.6,9.37,8365.64,8.37,809.0,6.77,,,,,,,,,,,Gap Sedikit
AIR-0003,Bandar Udara Khusus Wiladatika,airport,Fasilitas Penunjang Bandara,Kota Depok,13850,osm_overpass:way/222617082,-6.356027,106.900796,buildings/GhIJroL3WXJsGcAR6ZZgcqm5WkA,"https://www.google.com/maps/search/?api=1&query=-6.355911,106.900967",-6.3559107,106.9009669,22.89,VALID (< 30m),2025-05-27,BASE,22.48,11.78,52.4,22.48,100.0,0.0,0.0,10.7,10.7,1,2.0° – 2.0°,2.0,6,1649.6,400,2.4,3.92,3167.23,3.17,809.0,2.56,,,,,,,,,,,Gap Sedikit
AIR-0004,Bandar Udara Pondok Cabe,airport,Fasilitas Penunjang Bandara,Kota Depok,15418,osm_overpass:way/402381306,-6.336322,106.76312,buildings/ChIJ91nz1q7vaS4Rzhie1tcMPmw,"https://www.google.com/maps/search/?api=1&query=-6.336607,106.762051",-6.336607099999999,106.7620505,122.37,REVIEW (> 30m),2024-08-14,BASE,7744.05,7104.14,91.7,10511.98,73.7,26.3,2767.93,639.91,3407.84,7,5.1° – 34.2°,12.0,3618,1649.91,400,1447.2,2274.74,1910198.88,1910.2,809.0,1545.35,,,,,,,,,,,Gap Sedang
AIR-0005,Pangkalan Udara Rumpin,airport,Fasilitas Penunjang Bandara,Kota Tangerang Selatan,16350,osm_overpass:way/402790191,-6.372802,106.625019,buildings/ChIJcYX6ofbjaS4R6HFUKGvscbQ,"https://www.google.com/maps/search/?api=1&query=-6.372495,106.624674",-6.372495499999999,106.62467369999999,51.16,REVIEW (> 30m),2025-07-26,BASE,161.86,96.21,59.4,181.86,89.0,11.0,20.0,65.65,85.64,2,3.1° – 3.1°,3.1,49,1662.82,400,19.6,32.16,26073.0,26.07,809.0,21.09,,,,,,,,,,,Gap Sedikit
AIR-0006,Bandar Udara Budiarto,airport,Fasilitas Penunjang Bandara,Kota Tangerang Selatan,15820,osm_overpass:way/566739206,-6.288686,106.568582,buildings/ChIJkzmQPT39aS4Ra9BXp-DJ3dY,"https://www.google.com/maps/search/?api=1&query=-6.288669,106.568789",-6.2886691,106.5687887,22.92,VALID (< 30m),2025-07-26,BASE,185.69,115.85,62.4,214.41,86.6,13.4,28.71,69.84,98.56,6,0.4° – 32.1°,24.4,59,1670.47,400,23.6,36.01,31538.52,31.54,809.0,25.51,,,,,,,,,,,Gap Sedikit
AIR-0007,Departure Hall,airport,Fasilitas Penunjang Bandara,Kota Tangerang,15126,osm_overpass:way/1087975090,-6.139486,106.658542,buildings/ChIJTyaL33UCai4RKZqyZOSLcgo,"https://www.google.com/maps/search/?api=1&query=-6.139551,106.658595",-6.139551,106.65859479999999,9.29,VALID (< 30m),2024-09-19,BASE,156.68,121.74,77.7,253.84,61.7,38.3,97.16,34.94,132.09,1,1.7° – 1.7°,1.7,62,1689.21,400,24.8,41.59,33513.85,33.51,809.0,27.11,,,,,,,,,,,Gap Besar
AIR-0008,Lapangan Terbang Sentul,airport,Fasilitas Penunjang Bandara,Kab. Bogor,16810,osm_overpass:way/1323032410,-6.508037,106.878617,buildings/ChIJSyhU7vDAaS4RikEqnr04zwA,"https://www.google.com/maps/search/?api=1&query=-6.509099,106.878853",-6.5090986,106.87885279999999,120.88,REVIEW (> 30m),2024-03-19,BASE,29.14,15.71,53.9,29.14,100.0,0.0,0.0,13.43,13.43,1,0.5° – 0.5°,0.5,8,1621.35,400,3.2,5.16,4150.65,4.15,809.0,3.36,,,,,,,,,,,Gap Sedikit
AIR-0009,Pangkalan Udara Halim Perdanakusuma,airport,Fasilitas Penunjang Bandara,Jakarta Timur,13610,osm_overpass:relation/12381950,-6.265629,106.894506,buildings/ChIJsfj1d9vyaS4Rmr-8Mj4b99Q,"https://www.google.com/maps/search/?api=1&query=-6.263564,106.895282",-6.263564199999999,106.8952822,245.1,REVIEW (> 30m),2025-08-16,BASE,16.03,9.82,61.2,22.15,72.4,27.6,6.12,6.21,12.33,1,7.1° – 7.1°,7.1,5,1666.4,400,2.0,3.03,2666.25,2.67,809.0,2.16,,,,,,,,,,,Gap Sedang
AIR-0010,Bandar Udara Internasional Soekarno-Hatta,airport,Fasilitas Penunjang Bandara,Kota Tangerang,15126,osm_overpass:relation/19104217,-6.123882,106.657602,buildings/ChIJaRISw2sCai4RfgSFrctrAUk,"https://www.google.com/maps/search/?api=1&query=-6.124113,106.657823",-6.124113200000001,106.65782349999999,35.51,REVIEW (> 30m),2025-07-26,BASE,2021.21,1694.55,83.8,2427.11,83.3,16.7,405.89,326.66,732.56,8,1.5° – 27.3°,3.2,863,1718.89,400,345.2,580.06,474687.75,474.69,809.0,384.02,,,,,,,,,,,Gap Sedikit
