Nama_JPO,Latitude,Longitude
Bundaran Hotel Indonesia,-6.194978192238424,106.82306187848924
JPO Tanpa Nama,-6.170309380818175,106.83496861503994
JPO Tanpa Nama,-6.125169705239106,106.86046647098136
JPO Tanpa Nama,-6.129477112981213,106.65549347664115
JPO Tanpa Nama,-6.1754061201155075,106.82719661901831
JPO Tanpa Nama,-6.171963639644059,106.82725905704949
JPO Tanpa Nama,-6.174422682349311,106.82907311824532
JPO Tanpa Nama,-6.178699044507257,106.82711741111484
JPO Tanpa Nama,-6.3022124289616555,106.90410249562684
JPO Tanpa Nama,-6.070452283352011,106.6470319645582
JPO Tanpa Nama,-6.169546168722374,106.83225333508612
JPO Tanpa Nama,-6.2491652847094965,106.98298743928966
Jalan Kuningan Flyover,-6.204049983744963,106.8280948737046
Jalan Veteran III,-6.1671934,106.82539220000002
JPO Tanpa Nama,-6.213245719033068,106.90086105009892
Jalan Aipda Karel Satsuit Tubun,-6.189004150000001,106.8107037
JPO Tanpa Nama,-6.1191732748792305,106.8476027288205
Jalan Prapanca V,-6.250712350000001,106.8104072
Jalan Kemang Utara IX,-6.2547979,106.82534434999998
Jalan Letnan Jenderal MT Haryono,-6.24424425,106.86861724999999
JPO Tanpa Nama,-6.245912705176882,106.87606401783486
Jalan Trikora,-6.247577593029897,106.88256992344387
JPO Tanpa Nama,-6.307404833201229,106.8846783099688
Jalan Tol Lingkar Luar Jakarta,-6.305786,106.8842804
Jalan Tol Lingkar Luar Jakarta,-6.30595075,106.88428775000001
JPO Tanpa Nama,-6.30575026525747,106.88356572455301
JPO Tanpa Nama,-6.303698841608717,106.88370582750865
JPO Tanpa Nama,-6.306056,106.88427605
JPO Tanpa Nama,-6.305183263619766,106.88673116029989
Jalan Haji Bokir Bin Dji'un,-6.289106398837751,106.878538399526
Jalan Kerja Bakti,-6.276732600000001,106.87361930000002
Jalan Cililitan Besar,-6.264772775366465,106.87296552681886
JPO Tanpa Nama,-6.308966549999999,106.89889565
Jalan Mabes Hankam,-6.311516,106.90337885
Jalan Tol Lingkar Luar Jakarta,-6.30554405,106.85840705000001
Jalan Tol Cawang–Pluit,-6.23720425,106.82777695
Jalan Kapten Tendean,-6.24014330437512,106.82527878837362
Jalan Robert Wolter Monginsidi,-6.2389828000000005,106.817725
Jalan Tol Cawang–Pluit,-6.219389578814407,106.81244188083892
Jalan Tol Cawang–Pluit,-6.2194523,106.81235960000001
Jalan Jenderal Gatot Subroto,-6.2195559,106.8122178
Jalan Jenderal Gatot Subroto,-6.21928705,106.8125556
JPO Tanpa Nama,-6.219674832418222,106.81157467436223
Jalan Gerbang Pemuda,-6.212380300784238,106.8070365159023
JPO Tanpa Nama,-6.216306146823945,106.80266125777969
Jalan Profesor Doktor Satrio,-6.215444173818767,106.81854827909069
Jalan Teluk Betung,-6.1940848,106.81831745
Jalan Teluk Betung,-6.1953522,106.81799570000001
Jalan Kyai Haji Mas Mansyur,-6.200962657635612,106.81533602648949
Jalan Kyai Haji Mas Mansyur,-6.2010715,106.81566620000001
Jalan Tomang Raya,-6.173416611766164,106.80568521931747
Jalan Tomang Raya,-6.173328922766775,106.80562103691156
Jalan Tol Cawang–Pluit,-6.2370874722383025,106.82785166757569
Jalan Tegal Parang Utara VI,-6.24340675,106.83530195
Jalan Hang Lekir IV,-6.230401499999999,106.79618105000002
Jalan Suryopranoto,-6.16914985,106.8195911
Jalan Suryopranoto,-6.16900525,106.81948825
Jalan Fakhrudin,-6.182821521442637,106.8139028102259
Jalan Kiai Haji Zainul Arifin,-6.160774849999998,106.8107505
Flyover Pramuka Salemba,-6.198662248346222,106.85383936841912
Flyover Pramuka Matraman,-6.199440792861997,106.85393373047033
Jalan Kramat Raya,-6.180090902462402,106.84238662858645
JPO Tanpa Nama,-6.116080590626496,106.73324991681807
Jalur Kereta Api Jakarta Kota–Bogor,-6.192234586490791,106.8365707201027
JPO Tanpa Nama,-6.22210915,106.63752905
JPO Tanpa Nama,-6.2132524,106.6836888
Jalan Kyai Haji Hasyim Ashari,-6.2118953999999995,106.68847045000001
JPO Tanpa Nama,-6.202112100000001,106.7059916
Jalan Raden Saleh Raya,-6.190644600000001,106.72397465
JPO Tanpa Nama,-6.1913536472333295,106.73338806132355
Jalur KA Manggarai-Jatinegara,-6.213169549999999,106.85810434999998
Jalan Jenderal Ahmad Yani,-6.1671587391112155,106.87873354235825
JPO Tanpa Nama,-6.189162179570221,106.8396138522184
JPO Tanpa Nama,-6.1369481543994695,106.89138078220633
Jalan Letnan Jenderal MT Haryono,-6.247175686158251,106.87483927892055
Jalan Letnan Jenderal MT Haryono,-6.247244744253911,106.87476804677677
JPO Tanpa Nama,-6.247680571749529,106.88050709453589
Jalan Ketumbar,-6.134814155116058,106.81441703644624
Pasar Pagi Flyover,-6.1416547999999995,106.80671799999999
Jalan Kali Besar Timur 5,-6.135341982313126,106.81240849502613
Jalan Kali Besar Timur 4,-6.13456875,106.81221255
JPO Tanpa Nama,-6.126352563002008,106.85067428254408
Jalan Kota Bambu,-6.185020748836271,106.81029484540866
Jalan Fakhrudin,-6.182563769757373,106.81372548426835
Jalan Jenderal Gatot Subroto,-6.203221713484398,106.80070068989265
Jalan Jenderal Gatot Subroto,-6.2034426499999995,106.80034780000001
JPO Tanpa Nama,-6.13163055032152,106.8228044705338
Jalan Pasar Pagi,-6.1386775,106.8076734
Jalan D. I. Panjaitan,-6.215043919802793,106.87441952451991
Jalan D. I. Panjaitan,-6.21502435,106.87398139999999
Jalan Bintara Raya,-6.228020665591997,106.95214924099598
JPO Tanpa Nama,-6.232412350000001,106.95129409999998
JPO Tanpa Nama,-6.224486170213788,106.95278930660518
Jalan Caman Raya,-6.256855099999998,106.95097295000001
Jalan Jatibening 2,-6.2573834999999995,106.9406951
JPO Tanpa Nama,-6.256328174249435,106.95853684645547
JPO Tanpa Nama,-6.256332212763382,106.95768323092881
Simpang Susun Cakung,-6.188871349999999,106.94314484999998
Jalan Kebayoran Baru,-6.238960724002242,106.7831238489784
JPO Tanpa Nama,-6.235409304771466,106.99214973289875
JPO Tanpa Nama,-6.235004708375671,106.99262599758143
Jalan Profesor Dokter Latumeten,-6.1658830273784835,106.78849343447865
JPO Tanpa Nama,-6.17503245,106.82529735
JPO Tanpa Nama,-6.175705972551574,106.824350599755
JPO Tanpa Nama,-6.173289913316924,106.82409330211857
JPO Tanpa Nama,-6.17428873228532,106.82398334525458
JPO Tanpa Nama,-6.177547826845897,106.82714825053549
JPO Tanpa Nama,-6.176493969807299,106.82937026983704
JPO Tanpa Nama,-6.1732881741614545,106.8261188416862
JPO Tanpa Nama,-6.1726839001319584,106.8269089043997
JPO Tanpa Nama,-6.1764634936649125,106.82510781499167
JPO Tanpa Nama,-6.175056721001487,106.82634607962815
JPO Tanpa Nama,-6.175749148209472,106.82797818272167
JPO Tanpa Nama,-6.17621171582023,106.8274758840151
JPO Tanpa Nama,-6.17619777782671,106.8268309418182
JPO Tanpa Nama,-6.174063898678213,106.82691416191761
JPO Tanpa Nama,-6.17462596684251,106.82751086619557
Jalan Jati Waringin,-6.2567112499999995,106.9098528
Jalan Profesor Doktor Satrio,-6.223551531257678,106.84727267813568
Jalan Jenderal Basuki Rahmat,-6.224625712130651,106.86800855882286
Jalan Jenderal Basuki Rahmat,-6.224700209483961,106.86800039574216
Jalan K. Haji Abdul Syafi'ie,-6.2253970639074305,106.85870393473854
Jalan K. Haji Abdul Syafi'ie,-6.225468954796912,106.85873444564987
Flyover,-6.229688161908865,106.89830176509759
Tol Dalam Kota Jakarta,-6.181628135373375,106.79669935135398
Jalan Brigadir Jenderal Katamso Darmokusumo,-6.18959995,106.7969035
Jalan Kyai Haji Hasyim Ashari,-6.1653860499999995,106.81581425
Jalan Cideng Timur,-6.181341199999999,106.81353515
JPO Tanpa Nama,-6.305555115564165,106.88651998166038
Landas Pacu Barat,-6.153412009002666,106.84551177609629
JPO Tanpa Nama,-6.2852958999999995,106.73153720000002
Jembatan Penyeberangan Multiguna Dukuh Atas,-6.204641823825146,106.82255845841209
Jalan Kebalen V,-6.23446095,106.81779415
Jalan Poncol,-6.2373638499999995,106.8203445
Jalan Pondok Karya V,-6.2445019,106.82268500000002
Jalan Pulo Raya IV,-6.24623525,106.8118315
Jalan Pulo Raya III,-6.245868000000001,106.81147254999999
JPO Tanpa Nama,-6.235723650000001,106.83786305000001
JPO Tanpa Nama,-6.236225554828376,106.83789439163324
Jalan Tebet Utara II A,-6.225738964087326,106.85769449621804
Jalan Jambore Raya,-6.37168325,106.8963061
Jalan Haji Cokong,-6.21305695,106.83463875
JPO Tanpa Nama,-6.123461440217834,106.77578623450546
JPO Tanpa Nama,-6.132569089483242,106.78438703056402
Jalan Jembatan Dua Timur,-6.1372230000000005,106.7932191
Jalan Jembatan Dua Flyover,-6.143813298257034,106.79350056908304
Jalan Jembatan Dua,-6.1401566,106.79321655
Jalan Jembatan Dua Flyover,-6.143133914384982,106.79358380084606
Jalan Jembatan Dua,-6.1370913499999995,106.79307944999998
Jalan Jembatan Dua,-6.13778225,106.79300839999999
Jalan Taman Widya Chandra,-6.23010675,106.8172338
Jalan Kapten Tendean,-6.240067865300523,106.83233246580303
JPO Tanpa Nama,-6.17968095,106.8956751
JPO Tanpa Nama,-6.1922753436874665,106.87521663404557
JPO Tanpa Nama,-6.1931357962472084,106.87447196965523
Pondok Kopi Flyover,-6.217134825365608,106.9379080929573
JPO Tanpa Nama,-6.165890025097938,106.8799335189634
JPO Tanpa Nama,-6.2027039373921715,106.84633702905685
Jalan Lagoa Kanal 1,-6.113352450000001,106.88612175
JPO Tanpa Nama,-6.131178894143485,106.80749117957448
Jalan Pos Kota,-6.13361015,106.81346545
JPO Tanpa Nama,-6.134408133028331,106.81393838333015
JPO Tanpa Nama,-6.134062326631303,106.81302402453157
Jalan Aladin Baru,-6.143214995654858,106.78756434824152
Jalan Kali Sekretaris,-6.1696241999999994,106.77968795
Jalan Tanjung Duren Raya,-6.18536105,106.78323530000002
Jalan Taman Kota Raya,-6.1574285,106.75753825000001
Jalan Komplek BTN,-6.1666430000000005,106.7480024
Jalan Kembangan Baru,-6.17559805,106.74952035000003
JPO Tanpa Nama,-6.21529295,106.74196425
JPO Tanpa Nama,-6.2143842,106.74368895000002
JPO Tanpa Nama,-6.131767816147523,106.80301082387724
Jalan Pekojan,-6.14130585,106.80783124999999
JPO Tanpa Nama,-6.141385897578757,106.80644985895314
JPO Tanpa Nama,-6.130552316521281,106.80883452666222
JPO Tanpa Nama,-6.148965116602484,106.8341675485817
Jalan Jatinegara Timur IV,-6.222053750000001,106.86943249999999
Jalan Haji Cokong,-6.2153597510936835,106.83234318708736
Jalan Pondok Karya VII,-6.24537425,106.82269955000002
Jalan Duren Bangka,-6.2580556000000005,106.8248123
Jalan Kemang Timur V,-6.2618498,106.82592700000001
Jalan Prapanca Dalam VI,-6.252455749999999,106.8089271
Jalan Prapanca VII,-6.252739699999999,106.8091457
Jalan Pelita Abdul Majid,-6.2670426500000005,106.81294525000001
Jalan Kemang Selatan XII,-6.27305185,106.81392969999999
Jalan Tahi Bonar Simatupang,-6.292058737991183,106.80521626020199
Jalan Dharmawangsa IV,-6.254799540899429,106.80118254911906
Jalan Layang Bintaro Permai,-6.256641784924667,106.76263165700891
Jalan Kebayoran Baru,-6.238942296405295,106.78245622548434
JPO Tanpa Nama,-6.238107820038911,106.78313398526609
Jalan Husein Sastranegara,-6.1124443500000005,106.6884705
Jalan Teuku Nyak Arief,-6.226690614685931,106.78925202523565
Jalan Panjang Raya,-6.1900419,106.768794
Jalan Komp Gabus,-6.2986729,106.83619379999999
Jalan Katamaran Permai 7,-6.1125152499999995,106.7581832
Jalan Katamaran Permai 8,-6.111822399999999,106.75786215000001
Jalan Bahtera Raya,-6.117402482971554,106.76883939340458
Jalan Bahtera Raya,-6.1194667352042735,106.76819546802575
Jalan Bahtera Elok,-6.118716839681306,106.77123989991479
Jalan Jampea,-6.107876007045989,106.89847439710279
Jalan Benyamin Sueb,-6.12798702546305,106.84566667310729
Jalan Pelepah Raya,-6.159691782982189,106.90255098526752
JPO Tanpa Nama,-6.1255374499999995,106.82978879999999
Jalan Pademangan I,-6.1443881000000005,106.8431588
Jalan Pademangan II,-6.143799795762146,106.84208954056528
Jalur Kereta Api Jakarta Kota–Tanjung Priuk,-6.131942000000001,106.83102515
Jalan Tol Lingkar Luar Jakarta,-6.302875744752772,106.83992989554623
JPO Tanpa Nama,-6.144322799999999,106.89276484999999
JPO Tanpa Nama,-6.1337357910284345,106.8934474613132
Jalan Sengon,-6.137997844789364,106.89243810160022
Jalan Tol Lingkar Luar Jakarta,-6.170863,106.94269689999999
Jalan Tol Lingkar Luar Jakarta,-6.170899,106.94257959999999
Jalan Tol Lingkar Luar Jakarta,-6.145979711045348,106.94009916525988
Jalan Tol Lingkar Luar Jakarta,-6.1843395,106.94302740000002
Jalan Tol Lingkar Luar Jakarta,-6.1843368,106.9428913
Jalan Dharma Karya,-6.16386765,106.71886610000001
JPO Tanpa Nama,-6.1536607,106.7482267
JPO Tanpa Nama,-6.1488689999999995,106.767219
Jalan Daan Mogot,-6.159007908199546,106.76646864531678
Jalan Daan Mogot,-6.1590530279539255,106.76644965282401
JPO Tanpa Nama,-6.16629341291522,106.78902743025306
Jalan Kiai Haji Zainul Arifin,-6.160860049999999,106.81074770000001
Jalan Kapten Tendean,-6.240086442095457,106.82528038201335
Jalan Kuningan Flyover,-6.204105910377961,106.82795831314905
Jalan Cendrawasih Raya,-6.2881972,106.7281464
Jalan Pondok Betung Raya,-6.275445250000001,106.7453905
Jalan Haji Bagindo Rajo Motik,-6.152709248281939,106.85038684972793
Jalan Haji Bagindo Rajo Motik,-6.151583775595744,106.8565779853324
Jalan Cendrawasih Raya,-6.2888281,106.7288
Jalan Jakarta Garden City Boulevard,-6.1709351288828405,106.94977890027296
Jalan Jakarta Garden City Boulevard,-6.17076453000095,106.94976564986226
Jalan Tol Lingkar Luar Jakarta,-6.2563569,106.95796855
Jalan Tol Lingkar Luar Jakarta,-6.254003199999999,106.9579976
Jalan Tol Lingkar Luar Jakarta,-6.2564012,106.9581039
Simpang Susun Cakung,-6.1889377,106.94311804999998
JPO Tanpa Nama,-6.2245171274037725,106.95271277911229
JPO Tanpa Nama,-6.14582019386431,106.89060875160769
Jalan Tol Lingkar Luar Jakarta,-6.254016,106.95787155
Jalan Tol Lingkar Luar Jakarta,-6.259252457280497,106.95792825611655
Jalan Tol Lingkar Luar Jakarta,-6.259263204382603,106.9580650648566
JPO Tanpa Nama,-6.2516845,106.9870241
JPO Tanpa Nama,-6.2516415,106.9869421
Jalan Ahmad Yani,-6.253398250000001,106.9911224
Jalan Ahmad Yani,-6.253414709567346,106.99121666895182
Simpang Susun Cawang,-6.246800713531679,106.87703093013103
Simpang Susun Cawang,-6.247479456672527,106.87699600069512
Simpang Susun Cawang,-6.246516556812583,106.87595803773102
JPO Tanpa Nama,-6.248233110934067,106.87615505124829
Simpang Susun Cawang,-6.24647874698673,106.87525838132159
Simpang Susun Cawang,-6.246377892610093,106.87528614154365
Jembatan Teknik-Sastra UI,-6.36279905,106.82621910000002
Jalan TMP Kalibata,-6.255893680495434,106.85465912363827
Jalan Tol Jakarta–Cikampek,-6.2543752,106.99371794999999
Jalan Tol Jakarta–Cikampek,-6.2546517,106.99367455
Ciputat Flyover,-6.312472767218407,106.74835479862998
Jalan Transyogi,-6.3913007,106.95152345
Jalan Transyogi,-6.391400600000001,106.95147779999999
Jalan Pahlawan Seribu,-6.312641949999999,106.67604554999998
Jalan Pahlawan Seribu,-6.31435618965738,106.67697348484592
Jalan Pahlawan Seribu,-6.3142748,106.6771126
Jalan Raya Cisauk,-6.310979449999999,106.65826590000002
JPO Tanpa Nama,-6.259074750000001,106.64767624999999
Trase Lama Jalur Kereta Api Tanah Abang–Merak,-6.3211533499999994,106.6583889
Jalan Letnan Sutopo,-6.308799948185539,106.68824531251299
Jalan Tekno Widya,-6.3282667,106.68198534999999
Jalan Tol Jakarta–Merak,-6.223119,106.62993275
Jalan Tol Jakarta–Merak,-6.22327545,106.62993125
Jalan Muhammad Thoha,-6.170849344268069,106.6034794881945
Jalan Merdeka,-6.1756022999999995,106.62877025
Jalan Teuku Umar,-6.196057,106.62617764999999
Jalan Jenderal Sudirman,-6.195945,106.63065165
Jalan Jenderal Sudirman,-6.1958576999999995,106.6306474
Jalan Baru,-6.2016107,106.62411445000001
JPO Tanpa Nama,-6.0991395,106.79114345
JPO Tanpa Nama,-6.102088,106.79107625
JPO Tanpa Nama,-6.12191707326276,106.77332862150467
Jalan Tol Profesor Doktor Sedyatmo,-6.122729700000001,106.75270615
Jalan Tol Profesor Doktor Sedyatmo,-6.12262765,106.7527034
Jalan Marina Indah,-6.1126229499999996,106.75168185000001
Jalan Pluit Indah Raya,-6.1177474,106.78408245
Jalan Marina Indah,-6.112530550000001,106.7516776
JPO Tanpa Nama,-6.1877565604468225,106.82342698220897
Jalan Tol Lingkar Luar Jakarta,-6.1860597305522145,106.7304205812776
Gang Haji Muhammad Zein,-6.2553409,106.8650076
Jalan SMA 14,-6.25593165,106.8649892
Jalan Waru,-6.24804015,106.86799345
Jalan Mayor Jenderal Sutoyo,-6.255597206742268,106.8722450570411
Jalan Permata,-6.25498465,106.87602645
Jalan Pondok Pucung Raya,-6.273903750000001,106.7173145
Jalur Kereta Api Tanah Abang–Merak,-6.2718583500000005,106.75036439999998
Jalan Musi,-6.172264624012693,106.80871423733117
Jalur Kereta Api Tanah Abang–Merak,-6.28717345,106.73119325000002
Jalan Tol Ulujami–Serpong,-6.3111350999999996,106.6810009
Jalur Kereta Api Tanah Abang–Merak,-6.3177512562520635,106.671667207742
Jalur Kereta Api Tanah Abang–Merak,-6.311559900000001,106.68114765
Jalan Tol Ulujami–Serpong,-6.3111215000000005,106.68063765
Jalan Tumba Bagan,-6.295225349999999,106.74138725
JPO Tanpa Nama,-6.29707355,106.74389005
Jalan Menjangan,-6.2931668,106.73594195000003
Jalan Bukit Duri Utara Raya,-6.216172,106.86293755
Jalan Sukabumi,-6.2067277999999995,106.84106460000001
Jalan Guntur,-6.205883349364241,106.83868969659231
Jalur Kereta Api Jakarta Kota–Cikampek,-6.141594989775596,106.83304075376577
Jalan Tiang Bendera Raya,-6.1310798,106.81053435000001
Jalan Kakap,-6.1278413,106.80864945
Jalur Kereta Api Kampung Bandan–Angke–Duri,-6.132005850000001,106.80608035
Jalan RS. Ancol,-6.1279725,106.85193885
Jalur Kereta Api Kampung Bandan–Angke–Duri,-6.130247499999999,106.8150565
Jalan Bahari Raya,-6.1305297,106.8487744
Jalan Gedong Panjang,-6.12847575,106.80480295
Jalan Petak Asem Utara,-6.1279126999999995,106.80821145
Jalur Kereta Api Kampung Bandan–Angke–Duri,-6.13086395,106.81049870000001
Jalur Kereta Api Jakarta Kota–Tanjung Priuk,-6.13273485,106.82898825
Jalan Pluit Raya,-6.126926250000001,106.8025051
Jalur Kereta Api Kampung Bandan–Angke–Duri,-6.148420599999999,106.80097695
Jalur Kereta Api Tanjung Priuk–Kemayoran,-6.1417917,106.83838945
Jalan Kopi,-6.13520515,106.80724955
Jalur Kereta Api Jakarta Kota–Tanjung Priuk,-6.1221794,106.86382619999999
Jalan Mangga Dua,-6.1376642,106.81690825
Jalan Manggis,-6.139943701254622,106.82024637193355
Jalur Kereta Api Jakarta Kota–Tanjung Priuk,-6.1369688,106.81676015
Jalan Mangga Besar IX,-6.142666099999999,106.8226656
JPO Tanpa Nama,-6.1371002,106.8167454
JPO Tanpa Nama,-6.1369132,106.8167535
Jalan Mangga Dua,-6.1378011,106.81692455
Jalur Kereta Api Jakarta Kota–Bogor,-6.1371364,106.81675505000001
Jalan Kunir,-6.1328098,106.81575825
Jembatan Antilope,-6.25818278756497,106.92613330637144
Jalan Kapin Raya,-6.257926349611048,106.92979026151608
Jalan RA. Kartini,-6.2557594000000005,106.9971958
Jalan Setiadarma 2,-6.271766689428438,107.04723827655937
Jalan Cut Mutia,-6.258109376416061,107.00415691557819
JPO Tanpa Nama,-6.245754455632518,106.87175922168274
Jalan Cut Mutia,-6.25644845,107.00547470000001
Jalan Ahmad Yani,-6.258093147791766,106.99309535436947
Jalan Setiadarma 2,-6.27322505,107.04606014999999
Jalan Ahmad Yani,-6.258155199999999,106.9930439
Jalan Komjen Polisi Mohammad Jasin,-6.3544516,106.83607515
Jalan Insinyur Haji Juanda,-6.379655,106.83893979999999
JPO Tanpa Nama,-6.24853115,106.80996909999999
Jalan Pulo Raya,-6.24533495,106.8098118
JPO Tanpa Nama,-6.191090777929455,106.87501950738599
Flyover,-6.229609528266075,106.8983163048625
Jalan Jembatan Pendidikan Raya,-6.2289158050612965,106.9169481403983
Pondok Kopi Flyover,-6.217080296352216,106.93785478105521
Jalan Dokter KRT Radjiman Widyodiningrat,-6.215897511551001,106.9238581681339
Jalan Radin Inten I,-6.2282417,106.92291530000001
Harapan Baru Regensi Raya,-6.218451849999999,106.95812000000001
Jalan Jati Waringin,-6.256719150065214,106.90998489957845
JPO Tanpa Nama,-6.302079346357107,106.88986343796587
Jalan Sultan Agung,-6.222092237844552,106.97571524445848
Jalan Tol Lingkar Luar Jakarta,-6.219175543711624,106.95297789508001
Jalan Tol Lingkar Luar Jakarta,-6.219161342486653,106.95284910110453
Jalan I Gusti Ngurah Rai,-6.2214236,106.9705611
Jalan I Gusti Ngurah Rai,-6.22153745,106.97049165
Jalur KA Manggarai-Jatinegara,-6.2120075,106.8607418
Jalan Cipinang Besar,-6.228976185375568,106.87866750863913
JPO Tanpa Nama,-6.2132130001855215,106.90075935082731
Jalan I Gusti Ngurah Rai,-6.21905962208568,106.94872947689755
JPO Tanpa Nama,-6.217005929096332,106.81543890138991
Jalan Gerbang Pemuda,-6.21231156250273,106.80700459319573
JPO Tanpa Nama,-6.212753903501483,106.83048361851846
JPO Tanpa Nama,-6.21419545,106.83033520000001
JPO Tanpa Nama,-6.220840600000001,106.83182805
JPO Tanpa Nama,-6.208196365454487,106.82990566605513
Jalan Jakasampurna,-6.2521539,106.96864984999999
JPO Tanpa Nama,-6.225588408599927,106.82691127596215
Jalan Jatibening,-6.2498638500000006,106.94377665
Jalan Jatibening,-6.2498945500000005,106.9438834
JPO Tanpa Nama,-6.24840505,106.9876626
JPO Tanpa Nama,-6.24801195,106.98934735
JPO Tanpa Nama,-6.224196807144825,106.85162257641258
Jalan Tebet Dalam II,-6.22704165,106.8502282
JPO Tanpa Nama,-6.250614949999999,106.873636
Jalan Kelurahan Raya,-6.229529563095875,106.9145042728492
Jalan Gading Raya 4,-6.168792950000001,106.88884284999999
JPO Tanpa Nama,-6.360954359908492,106.83153776236114
JPO Tanpa Nama,-6.3920886,106.8295881
JPO Tanpa Nama,-6.296696900000001,106.87125574999999
Jalan Ketel,-6.12133285,106.8628137
JPO Tanpa Nama,-6.398258050000001,106.81045615
JPO Tanpa Nama,-6.39676155,106.80742584999999
JPO Tanpa Nama,-6.3934089499999995,106.80631665
JPO Tanpa Nama,-6.3934929,106.80621744999999
JPO Tanpa Nama,-6.39957285,106.81447214999999
JPO Tanpa Nama,-6.3934579,106.8062576
JPO Tanpa Nama,-6.3996502500000005,106.81444329999998
JPO Tanpa Nama,-6.399467700000001,106.8145014
JPO Tanpa Nama,-6.3554785,106.832986
JPO Tanpa Nama,-6.3556455,106.83171899999999
Jalan Bungur Raya,-6.36909605,106.8104147
JPO Tanpa Nama,-6.361338099999999,106.79159035
JPO Tanpa Nama,-6.36189275,106.79152175
Jalan Curug Agung,-6.36225615,106.7914596
JPO Tanpa Nama,-6.393961750000001,106.8021843
JPO Tanpa Nama,-6.39551185,106.79538235
JPO Tanpa Nama,-6.3771058,106.80993135
Jalan Arif Rahman Hakim,-6.389885915068278,106.82185896560405
Jalan Arif Rahman Hakim,-6.389960204404658,106.8218682854636
JPO Tanpa Nama,-6.3838928491359,106.81092135046758
Jalan Insinyur Haji Juanda,-6.37953405,106.8389746
Jalan Lotus Indah,-6.117407200000001,106.76490485
Claster C,-6.098638276701639,106.96175764142507
Jalan Haji Hadidji,-6.30099495,106.87459755
Jalan Toga Asri IV,-6.2915712500000005,106.8732763
Jalan SD Inpress,-6.3026940499999995,106.8746014
Jalan Delima Raya,-6.3036443,106.8747565
Jalan Olahraga I,-6.26703205,106.8639699
Jalan Jambul Lama,-6.258750799999999,106.86496455
Jalan R. E. Martadinata,-6.130431171165558,106.8313713601921
JPO Tanpa Nama,-6.221340003303645,106.78309460622212
JPO Tanpa Nama,-6.118487288149069,106.85464753727165
JPO Tanpa Nama,-6.117551959362924,106.85538992027203
JPO Tanpa Nama,-6.117870650415374,106.85515753275061
JPO Tanpa Nama,-6.117962201711677,106.85509932851734
JPO Tanpa Nama,-6.118195006318632,106.85492524294223
JPO Tanpa Nama,-6.23929405,106.62920905
JPO Tanpa Nama,-6.395498850000001,106.8027158
Jalan Srengseng Sawah,-6.3568487000000005,106.8093961
Jalan Buana Biru Besar,-6.172931650000001,106.73934215
Jalan KH. Hasyim Ashari,-6.2224491,106.69592115
Jalan KH. Hasyim Ashari,-6.22231445,106.6959236
Gang Blue Bird I,-6.265084698018148,106.73493811302112
JPO Tanpa Nama,-6.2734178499999995,106.73926445000001
JPO Tanpa Nama,-6.263684392806136,106.7292411930468
JPO Tanpa Nama,-6.2679401,106.72908924999999
JPO Tanpa Nama,-6.27002665,106.73237680000001
JPO Tanpa Nama,-6.267563686143083,106.77744577404381
JPO Tanpa Nama,-6.13383946152864,106.93356255531187
JPO Tanpa Nama,-6.135556626425048,106.934821066361
JPO Tanpa Nama,-6.334297348908204,106.7691707013893
Jalan Raya Inpres,-6.2902613,106.87120955000002
Jalan Gading Utara,-6.2309835499999995,106.6393163
JPO Tanpa Nama,-6.22212305,106.63746230000001
JPO Tanpa Nama,-6.205677735167985,106.76952594087487
Jalan Panjang Raya,-6.1900378,106.76890660000001
JPO Tanpa Nama,-6.185442240563197,106.76845734283697
JPO Tanpa Nama,-6.17468156244919,106.76590480701957
JPO Tanpa Nama,-6.233983646905087,106.78637815440773
JPO Tanpa Nama,-6.252855856617734,106.78164940434364
JPO Tanpa Nama,-6.25710663039352,106.78169030506729
JPO Tanpa Nama,-6.309718707886363,106.68625674343521
JPO Tanpa Nama,-6.309344199999999,106.68633829999999
Jalan Bekasi Raya,-6.1909779,106.96932065
Jalan Bekasi Raya,-6.191055630676171,106.9693006156558
Jalan Tol Profesor Doktor Sedyatmo,-6.12283295,106.75270915
Jalan Tol Profesor Doktor Sedyatmo,-6.1225345,106.75270035
JPO Tanpa Nama,-6.117906828553233,106.73531896822898
Jalan Tol Profesor Doktor Sedyatmo,-6.110650832769164,106.72818681836634
Jalan Tol Lingkar Luar Jakarta,-6.121988562873581,106.73137588907998
Jalan Tol Lingkar Luar Jakarta,-6.1217153500000006,106.73131875
JPO Tanpa Nama,-6.1232381809398,106.77428228705001
JPO Tanpa Nama,-6.1310962110305045,106.7839147925347
Jalan Tol Pelabuhan,-6.128720522345872,106.8377716685991
JPO Tanpa Nama,-6.132374930363382,106.78990288555569
Jalan Tol Pelabuhan,-6.128774527550561,106.8878183733898
JPO Tanpa Nama,-6.126707166749102,106.84592239847873
JPO Tanpa Nama,-6.12795930983637,106.84421458161026
Jalan Benyamin Sueb,-6.128371817283278,106.84578120295285
JPO Tanpa Nama,-6.126991043056197,106.84574296115115
JPO Tanpa Nama,-6.132191683406257,106.79621687337252
JPO Tanpa Nama,-6.13125621192753,106.82287926396842
Jalan Tol Insinyur Wiyoto Wiyono,-6.1930811798768275,106.87468121169748
JPO Tanpa Nama,-6.178733393976509,106.79473220568207
JPO Tanpa Nama,-6.181860570543404,106.79662984457671
JPO Tanpa Nama,-6.1330269495645,106.78602625559527
JPO Tanpa Nama,-6.182718400000001,106.79308954999999
Simpang Susun Tomang,-6.1826839499999995,106.79304225
JPO Tanpa Nama,-6.159064726558772,106.79126851695729
JPO Tanpa Nama,-6.159428559722042,106.79164120521526
JPO Tanpa Nama,-6.1825365,106.79293295
Simpang Susun Tomang,-6.18258245,106.79298095
JPO Tanpa Nama,-6.133856944690452,106.78530537274501
JPO Tanpa Nama,-6.145871068795748,106.79017408436336
JPO Tanpa Nama,-6.157734607904447,106.79238206002621
JPO Tanpa Nama,-6.1563973892713335,106.79254856778503
JPO Tanpa Nama,-6.1325193529073205,106.78548774300167
JPO Tanpa Nama,-6.140877494679631,106.78785789691236
JPO Tanpa Nama,-6.146036849816268,106.79059635849029
JPO Tanpa Nama,-6.140687246457009,106.78741422819051
Jalan Boulevard Gading Serpong,-6.2539653,106.6223585
Jalan Banten Lama - Mauk,-6.06182315,106.63323785
Jalan Banten Lama - Mauk,-6.0588205,106.623764
Jalan Banten Lama - Mauk,-6.05031605,106.60600135
Jalan Banten Lama - Mauk,-6.05891555,106.62374195000001
Jalan Tahi Bonar Simatupang,-6.302632166199701,106.83974731598433
Jalan Tahi Bonar Simatupang,-6.303102733674495,106.83953116146697
Jalan Tol Lingkar Luar Jakarta,-6.292183700000001,106.95787355
Jalan Tol Lingkar Luar Jakarta,-6.2921391,106.95775689999999
Jalan Tol Lingkar Luar Jakarta,-6.3121416,106.9134254
Jalan Tol Lingkar Luar Jakarta,-6.3120159000000005,106.9134705
JPO Tanpa Nama,-6.30894035,106.89884994999998
Jalan Tol Lingkar Luar Jakarta,-6.311229,106.920784
Jalan Tol Lingkar Luar Jakarta,-6.3113737,106.92076865
JPO Tanpa Nama,-6.3115131,106.92072535
JPO Tanpa Nama,-6.3110799,106.92079684999999
Jalan Pahlawan Seribu,-6.3126339,106.67620175
JPO Tanpa Nama,-6.28278245,106.7293613
JPO Tanpa Nama,-6.28284715,106.72930675000002
Jalan Layang Pancoran,-6.243179590571716,106.84509849500581
JPO Tanpa Nama,-6.219037307128557,106.80533594615747
JPO Tanpa Nama,-6.2185694013972475,106.80800749343777
JPO Tanpa Nama,-6.1861269,106.8225752
JPO Tanpa Nama,-6.185912999999999,106.82258295
Jalan Galunggung,-6.203975650000001,106.82750619999999
Jalan Galunggung,-6.204086549999999,106.8274797
Jalan Madiun,-6.2049243,106.8339984
JPO Tanpa Nama,-6.17117662531627,106.83177455236795
JPO Tanpa Nama,-6.169758020330697,106.83162732922165
Jalan Kyai Haji Hasyim Asyari,-6.171665156302953,106.83117824978521
JPO Tanpa Nama,-6.17110315,106.83208825
JPO Tanpa Nama,-6.169874500000001,106.83196010000002
Jalan Kyai Haji Hasyim Asyari,-6.171233306143978,106.83031506136156
Jalan TMP Kalibata,-6.258196233191321,106.86168065217554
Jalan TMP Kalibata,-6.2581941592535335,106.86041307638283
Jalan RC. Veteran,-6.2544524,106.76925529999998
Jalan Lodan Raya,-6.130378011980267,106.82974213859278
Jalan Gembira,-6.20610715,106.8292119
Jalan Penjernihan 1,-6.2014164,106.81130815000002
Jalan Penjernihan 1,-6.2013199,106.8113131
Jalan Radin Inten I,-6.228254143173249,106.9230266774029
JPO Tanpa Nama,-6.03658806967191,106.74830552967143
Jalan Baru Suradita,-6.3482531,106.65176305
Jalan Simprug Golf VIII,-6.2257115,106.79237055
JPO Tanpa Nama,-6.37228995241795,106.8327869138585
Jalan Teratai Raya,-6.38888505,106.8167353
Jalan Teratai Raya,-6.3888001,106.8167248
JPO Tanpa Nama,-6.38798545,106.82475844999999
Jalan Arif Rahman Hakim,-6.3902285,106.82353714999999
Jalan Pesona Khayangan,-6.3828504499999985,106.83157145
Jalan Pesona Khayangan,-6.382762299999999,106.83160124999999
Jalan Haji Bagindo Rajo Motik,-6.1528264091216185,106.8503913082695
Jalan Pesanggrahan,-6.190832918651538,106.75572636004888
Jalan Pesanggrahan,-6.190651925329019,106.75581825106953
Jalan Kembangan Barat,-6.191554849999999,106.74234575
Jalan Kembangan Barat,-6.1915432,106.74245155
JPO Tanpa Nama,-6.1690176999999995,106.8682632
JPO Tanpa Nama,-6.17259446416421,106.86576952872402
JPO Tanpa Nama,-6.222456192210779,106.63486722591526
JPO Tanpa Nama,-6.222547018035647,106.63483856406411
Jalan Gading Serpong,-6.2277141,106.63478485
JPO Tanpa Nama,-6.22039805,106.6331355
JPO Tanpa Nama,-6.22034335,106.63310734999999
Jalur Kereta Api Jakarta Kota–Cikampek,-6.218758179445237,106.94897175326965
Jalan Pulo Gebang,-6.21322525,106.95574154999998
Jalan Tol Lingkar Luar Jakarta,-6.2150639000000005,106.95241100000001
JPO Tanpa Nama,-6.21526395,106.95206499999999
Jalan Tol Lingkar Luar Jakarta,-6.2151385999999995,106.9522915
Jalan Pangeran Komarudin,-6.2149024,106.9525258
Taman Sangeh,-6.400853587651718,106.75376830340755
Jalan Kedoya Pintu Air,-6.18010975,106.75057605
JPO Tanpa Nama,-6.243046,106.85168845000003
JPO Tanpa Nama,-6.243342300000001,106.85169794999999
JPO Tanpa Nama,-6.242837014857497,106.85934794436291
JPO Tanpa Nama,-6.243122950000001,106.85875680000001
JPO Tanpa Nama,-6.2431828,106.8471562
JPO Tanpa Nama,-6.243188650464015,106.85160947993656
JPO Tanpa Nama,-6.243468226537287,106.85864874023689
JPO Tanpa Nama,-6.243464210028642,106.8580691791111
Jalan Raya Cisauk,-6.3111707,106.65822474999999
Jalan Merdeka,-6.175481834078132,106.62879060036519
Jalan Kembang Harum Utama,-6.18404615,106.74643850000001
Jalan Kembang Indah,-6.18864205,106.74657185000001
Jalan Jenderal Sudirman,-6.1854469451152,106.64282929760388
Jalan Jenderal Sudirman,-6.185283717174957,106.64279179312827
JPO Tanpa Nama,-6.171212300360514,106.67340638597182
JPO Tanpa Nama,-6.171894593965105,106.66901967843468
JPO Tanpa Nama,-6.15448025,106.6748779
JPO Tanpa Nama,-6.161802549999999,106.68222305
Jalan Maulana Hasanudin,-6.16232605,106.6808982
JPO Tanpa Nama,-6.167397266234666,106.63743528629696
Jalan Karel S. Tubun,-6.1684708,106.63301915
Jalan Dua Warohmah,-6.233424149999999,106.61768255
JPO Tanpa Nama,-6.227840094457789,106.61271501644364
Jalan Imam Bonjol,-6.2250811,106.6161221
Jalan Imam Bonjol,-6.22508845,106.61622935
Jalan Warung Pojok,-6.15988079640227,106.69191927683828
JPO Tanpa Nama,-6.14669245,106.75031685
JPO Tanpa Nama,-6.134040499999999,106.7331885
JPO Tanpa Nama,-6.13413815,106.73314175
Jalan Kamal Cengkareng,-6.13678405,106.73563649999998
JPO Tanpa Nama,-6.13306545,106.7344005
Jalan Budi Indah,-6.160006331948917,106.6900087677469
Jembatan Leuwiranji,-6.38247785,106.64837825
JPO Tanpa Nama,-6.388467777553014,106.75009650954611
JPO Tanpa Nama,-6.3897793499999995,106.7668192
Jalan Raya Basmol,-6.17319045,106.74956829999999
Jalan Graha Bintaro Raya,-6.24997955,106.67745185
JPO Tanpa Nama,-6.38949015,106.7672637
Jalan Putri Tunggal,-6.3845365,106.88519135
Jalan Jelupang Utama,-6.2606686499999995,106.6723159
JPO Tanpa Nama,-6.218261890942632,106.66480967322579
JPO Tanpa Nama,-6.262523,106.6707361
Jalan Boulevard Bintaro Jaya,-6.275224481505237,106.70633324460168
Jalan Boulevard Bintaro Jaya,-6.275141787188568,106.70633897955487
JPO Tanpa Nama,-6.1776590915683265,106.82715685021361
JPO Tanpa Nama,-6.175900131226896,106.82765515088026
JPO Tanpa Nama,-6.173151711850588,106.82485884661646
JPO Tanpa Nama,-6.177835855809553,106.82517637411775
JPO Tanpa Nama,-6.173177372763614,106.82608421950442
JPO Tanpa Nama,-6.177603233864385,106.82938642288555
JPO Tanpa Nama,-6.17173955,106.82709255
JPO Tanpa Nama,-6.1687747,106.82233194999999
JPO Tanpa Nama,-6.172067999999999,106.82743675
JPO Tanpa Nama,-6.17174495,106.82744220000001
JPO Tanpa Nama,-6.168760989514361,106.82251279955824
JPO Tanpa Nama,-6.16876854369872,106.82243070045975
JPO Tanpa Nama,-6.171897161173125,106.82727139126594
JPO Tanpa Nama,-6.1720585,106.82709195000001
JPO Tanpa Nama,-6.174475991822127,106.82425304999758
Jalan Mayjen TNI Profesor Dokter Moestopo,-6.25532925871469,106.80821920260519
Jalan Mayjen TNI Profesor Dokter Moestopo,-6.255990134158896,106.8083122292031
JPO Tanpa Nama,-6.171095317423254,106.83558045407275
JPO Tanpa Nama,-6.170804282941427,106.83518999274942
JPO Tanpa Nama,-6.170328915814022,106.83623909346207
JPO Tanpa Nama,-6.124028872217778,106.65503545923714
JPO Tanpa Nama,-6.1218167236490135,106.84176267145598
JPO Tanpa Nama,-6.191449182103123,106.82318438910671
JPO Tanpa Nama,-6.2960326,106.9576662
JPO Tanpa Nama,-6.0787606,106.64025000000001
JPO Tanpa Nama,-6.103017515264576,106.7409000483092
JPO Tanpa Nama,-6.104541064714367,106.73439290870945
Jalan Asgo II,-6.3057299,106.87570389999999
JPO Tanpa Nama,-6.3889141,106.81361075
JPO Tanpa Nama,-6.388799370478477,106.81358240749972
Dermaga 20,-6.119373804303537,106.82899755051575
Dermaga 19,-6.119728295713645,106.82904589944809
Dermaga 17,-6.120427100000001,106.82921884999999
Dermaga 18,-6.120090963082203,106.829095851908
Dermaga 21,-6.119014213859898,106.8289534360341
Dermaga 22,-6.11865232050369,106.82895979569777
JPO Tanpa Nama,-6.1256375,106.83752755
JPO Tanpa Nama,-6.12570615,106.8378017
JPO Tanpa Nama,-6.12514806024384,106.83683436591632
JPO Tanpa Nama,-6.117155697401169,106.79013128778607
JPO Tanpa Nama,-6.30635565,106.8760882
JPO Tanpa Nama,-6.2603536,106.93739095000001
JPO Tanpa Nama,-6.2603250500000005,106.9371216
Jembatan Al Fajar,-6.3049329499999995,106.97047094999999
Jalan Bintang Raya,-6.25657165,106.96448575
Jalan BSD Boulevard Utara,-6.285624864576027,106.654419793865
Jalan BSD Boulevard Utara,-6.285598787817294,106.65428378222694
JPO Tanpa Nama,-6.385826915894038,106.89573098143133
JPO Tanpa Nama,-6.388833446364175,106.89560656046385
JPO Tanpa Nama,-6.257342859885249,106.8469508924674
JPO Tanpa Nama,-6.21195145,106.84438685
Jalur KA Manggarai-Jatinegara,-6.214197820900463,106.85415893567252
Jalan Pancoran,-6.14102915,106.8122755
JPO Tanpa Nama,-6.3947042,106.97787274999999
JPO Tanpa Nama,-6.3367328999999994,106.83224245
Jalan Pemuda,-6.397788081871507,106.7712770664042
Jalan Muchtar Raya,-6.396240649999999,106.772045
Jalur KA Manggarai-Jatinegara,-6.2142250382204445,106.85413909622173
Jalur Kereta Api Jakarta Kota–Bogor,-6.20797965,106.8482596
Jalur Kereta Api Tanah Abang–Manggarai,-6.20802365,106.84819675
Jalur Kereta Api Jakarta Kota–Bogor,-6.2048352127143485,106.84581490031566
Jalur Kereta Api Jakarta Kota–Bogor,-6.204920864198883,106.8458257488589
JPO Tanpa Nama,-6.309355099999999,106.7113259
Jalan Nusa Indah,-6.309563301375429,106.71355837241516
JPO Tanpa Nama,-6.309512100000001,106.71298429999999
JPO Tanpa Nama,-6.30931265,106.71086245000001
Jalan Kecapi,-6.308315954571206,106.7112410281706
Kasuari HB 2,-6.2763598,106.7069046
Jalan Bintaro Utama 9,-6.2805756,106.7120578
Jalan Ceger Raya,-6.2620514499999995,106.72086855
JPO Tanpa Nama,-6.24160485,106.78278325
JPO Tanpa Nama,-6.175457284688469,106.8294386090277
JPO Tanpa Nama,-6.175475750086956,106.82932945700702
JPO Tanpa Nama,-6.174260593056912,106.82943365386195
JPO Tanpa Nama,-6.176445281320082,106.8292706750532
JPO Tanpa Nama,-6.1742129745635275,106.82928987801905
JPO Tanpa Nama,-6.148053806484623,106.89969898513448
JPO Tanpa Nama,-6.207432919835496,106.84917541663755
Jalan Tambak,-6.207603000000001,106.84888620000002
Jalan Profesor Doktor Hamka,-6.210421621451017,106.8178579229745
Jalan Tol Akses Tanjung Priok,-6.107298754292233,106.89597470686043
Jalan Tol Lingkar Luar Jakarta,-6.19091893135638,106.73168463776581
JPO Tanpa Nama,-6.191387484437994,106.72997448967175
JPO Tanpa Nama,-6.116844031806285,106.73437907361205
JPO Tanpa Nama,-6.117287264868522,106.73427193276866
JPO Tanpa Nama,-6.1303049482559695,106.89140684816198
Jalan Yos Sudarso,-6.164992283416737,106.87954712648974
Jalan Tol Akses Tanjung Priok,-6.138311624773641,106.89188695768233
JPO Tanpa Nama,-6.136686330810628,106.89176077967844
JPO Tanpa Nama,-6.152237802560349,106.88745167541255
Jalan Tol Lingkar Dalam Jakarta,-6.2444109660322376,106.86841104398003
Gang Aryanti W,-6.218223863694229,106.84998288514802
JPO Tanpa Nama,-6.20342975,106.84627735
JPO Tanpa Nama,-6.202825717092649,106.84665636247983
JPO Tanpa Nama,-6.229606128719985,106.60784647882159
JPO Tanpa Nama,-6.1209592,106.6186037
JPO Tanpa Nama,-6.3230713000000005,106.8351949
Jalan Dokter KRT Radjiman Widyodiningrat,-6.216028709547791,106.92377804096769
JPO Tanpa Nama,-6.361618244771751,106.82442001003862
JPO Tanpa Nama,-6.361787136225127,106.82414442238075
JPO Tanpa Nama,-6.229560807440748,106.83872500670329
JPO Tanpa Nama,-6.22538685,106.8384571
JPO Tanpa Nama,-6.22830011761343,106.83704345915275
JPO Tanpa Nama,-6.2251131,106.83823499999998
JPO Tanpa Nama,-6.158187114648143,106.72751025581384
JPO Tanpa Nama,-6.190675825406249,106.73453481509372
Jalan Tol Lingkar Luar Jakarta,-6.21813755,106.74513809999999
Jalan Tol Lingkar Luar Jakarta,-6.2180465,106.7452654
JPO Tanpa Nama,-6.201287600000001,106.7362118
JPO Tanpa Nama,-6.390254130166178,106.82198935500915
JPO Tanpa Nama,-6.3901494,106.82326804999998
JPO Tanpa Nama,-6.383746155809631,106.82893178391247
JPO Tanpa Nama,-6.17279304411816,106.82470834774813
JPO Tanpa Nama,-6.1729983402786175,106.82449317800601
JPO Tanpa Nama,-6.1735784,106.82529755000002
JPO Tanpa Nama,-6.173601243769761,106.82885399345997
JPO Tanpa Nama,-6.173367367009899,106.82866512148254
JPO Tanpa Nama,-6.177582236768699,106.82956222875032
JPO Tanpa Nama,-6.17781131663618,106.8293938839105
JPO Tanpa Nama,-6.177685661562334,106.82511192064078
JPO Tanpa Nama,-6.174859118015352,106.82739891735868
Jalur Kereta Api Jakarta Kota–Bogor,-6.171051742417577,106.83003545283199
JPO Tanpa Nama,-6.137733710811632,106.81428051901595
JPO Tanpa Nama,-6.21926035,106.65753015
JPO Tanpa Nama,-6.23610765,106.83737550000001
Jalan Raya Bandara,-6.12273145,106.65984785
JPO Tanpa Nama,-6.122530449999999,106.6597199
JPO Tanpa Nama,-6.259373849999999,106.95859835
JPO Tanpa Nama,-6.259270198426611,106.95753785517684
Jalan Jembatan Kenari II,-6.19329525,106.84386065
Aipda KS Tubun,-6.1607455,106.62754805
Aipda KS Tubun,-6.1597504999999995,106.61372804999998
Jalan Surya Darma,-6.15947085,106.63152215
JPO Tanpa Nama,-6.1592544,106.6312356
Jalan Cengklong,-6.1072435,106.636909
Jalan Raya Serpong,-6.31041875,106.66139855
Jalan BSD Grand Boulevard,-6.298992291990791,106.65337690290622
JPO Tanpa Nama,-6.065305250000001,106.64520704999998
JPO Tanpa Nama,-6.15748545,106.6325205
JPO Tanpa Nama,-6.23102745,106.81893099999999
JPO Tanpa Nama,-6.232469484287064,106.8180402683419
Jalan Pangkalan 1,-6.322268499999999,106.97729285
JPO Tanpa Nama,-6.380968600000001,106.96153565
Jalan Raya Parpostel,-6.318076100000001,106.96240125
JPO Tanpa Nama,-6.38087765,106.96154465000001
JPO Tanpa Nama,-6.176677,106.79301770000001
Jalan Taman Aries,-6.1916971,106.74576264999999
Jalan Tol Jakarta–Bogor–Ciawi,-6.2799712,106.87500605
Jalan Tol Jakarta–Bogor–Ciawi,-6.2800496500000005,106.87480185000001
Jalan Bulevar Ahmad Yani,-6.231910500000001,106.9940021
Jalan Boulevard Bintaro Jaya,-6.2781880414693205,106.72292429633869
JPO Tanpa Nama,-6.371662612817329,106.83137019560507
Jalan Gelatik 12,-6.3888523,106.81003755
Jalan Jembatan Baru,-6.161437628878858,106.62921308428747
Jalan Merpati Raya,-6.389860799999999,106.80998309999998
JPO Tanpa Nama,-6.3870877,106.8071578
JPO Tanpa Nama,-6.3807995,106.81043265
JPO Tanpa Nama,-6.369782369171607,106.82586433121837
JPO Tanpa Nama,-6.36483858947899,106.83217845010348
JPO Tanpa Nama,-6.3648381,106.83213065000001
JPO Tanpa Nama,-6.3682106,106.83164179999999
JPO Tanpa Nama,-6.3648374603122315,106.83206719990295
JPO Tanpa Nama,-6.3694954,106.82630585
JPO Tanpa Nama,-6.3694692927164125,106.82638792688797
JPO Tanpa Nama,-6.369614392607176,106.82636955261474
JPO Tanpa Nama,-6.369568956248213,106.82629013332664
JPO Tanpa Nama,-6.368773611124057,106.8263519146795
JPO Tanpa Nama,-6.36883277205584,106.82678340993068
JPO Tanpa Nama,-6.369778,106.8267838
JPO Tanpa Nama,-6.369123549999999,106.8263228
JPO Tanpa Nama,-6.368404549999999,106.82632724999998
JPO Tanpa Nama,-6.368938813065874,106.82639985620955
JPO Tanpa Nama,-6.36875335,106.82632440000002
JPO Tanpa Nama,-6.369694756934905,106.82681671588298
JPO Tanpa Nama,-6.369457075720242,106.82675953493084
JPO Tanpa Nama,-6.369625082651131,106.82713028388174
JPO Tanpa Nama,-6.36970376143168,106.82613090435711
JPO Tanpa Nama,-6.369420802416369,106.82731289996359
JPO Tanpa Nama,-6.3671619068739,106.82852280828862
JPO Tanpa Nama,-6.3677925591196995,106.82937413608717
JPO Tanpa Nama,-6.367292877208742,106.83136557242211
JPO Tanpa Nama,-6.36589665,106.831252
JPO Tanpa Nama,-6.36595605,106.83156239999998
Jalan Surya Darma,-6.159326462333927,106.6314464229736
JPO Tanpa Nama,-6.36598476565474,106.83145427962533
Jalan Tol Lingkar Luar Jakarta,-6.303003811661166,106.8398156008477
Jalan Kyai Tapa,-6.16690475,106.78795995
JPO Tanpa Nama,-6.112527302122601,106.73971082530758
JPO Tanpa Nama,-6.112671852605264,106.74107139957945
JPO Tanpa Nama,-6.11138345,106.73891325
JPO Tanpa Nama,-6.38452335,106.93677690000001
JPO Tanpa Nama,-6.138619685896228,106.87072724477103
JPO Tanpa Nama,-6.371354911916677,106.83083694369992
Jalan Irian Jaya,-6.393566750000001,106.80859834999998
Raya Pondok Duta,-6.3725874,106.85897685
Jalan TMP Kalibata,-6.255984936189754,106.85462753827377
Jalan TMP Kalibata,-6.2581625692865614,106.86041486130101
Jalan TMP Kalibata,-6.258164628174636,106.86168174375956
JPO Tanpa Nama,-6.2658081001726815,106.72920590233794
JPO Tanpa Nama,-6.2667399,106.72802665
JPO Tanpa Nama,-6.34722395,106.68431924999999
Jalan Puspiptek,-6.3466183,106.71096305
Jalan Tol Ulujami–Serpong,-6.263269119866985,106.75688653982104
Jalan Tol Ulujami–Serpong,-6.2630943,106.75703295
Jalan Panjang Raya,-6.15880255,106.76316695000001
Jalan Kembangan Baru,-6.16578015,106.7486432
Jalan Panjang Raya,-6.1587939,106.76304099999999
JPO Tanpa Nama,-6.15888375,106.76371125
Jalan Daan Mogot II,-6.1664895,106.7792618
JPO Tanpa Nama,-6.155025000000001,106.74035835000001
JPO Tanpa Nama,-6.15497175,106.738575
Jalan Pegadungan Baru,-6.136498250000001,106.69230650000002
Jalan Raya Bogor,-6.3063432992688035,106.86510231467413
Jalan Teuku Nyak Arief,-6.22674605,106.78909285
Jalan Bintara Raya,-6.233402249999999,106.96649085
Jalan Singosari,-6.23038475,106.9672571
JPO Tanpa Nama,-6.2513419,106.9744169
JPO Tanpa Nama,-6.306414882636733,106.82563659316745
JPO Tanpa Nama,-6.26311115,106.78472475000001
JPO Tanpa Nama,-6.255979649883813,106.7921669349116
JPO Tanpa Nama,-6.25790575,106.79641455000002
Gang Madrasah SDN,-6.265427231317614,106.7916745844321
Gang Seruni II,-6.259426606303032,106.79073804910176
JPO Tanpa Nama,-6.25887925,106.79136669999998
Jalan Gunung Merapi Raya,-6.230666349999999,106.95506015
Jalan Peternakan Raya,-6.1488823,106.76851135
JPO Tanpa Nama,-6.1227729963088215,106.65401289202889
JPO Tanpa Nama,-6.125182324908601,106.65205027294898
JPO Tanpa Nama,-6.1241439,106.6603701
JPO Tanpa Nama,-6.1242126,106.66021185
Jalan Raya Bandara,-6.12550525,106.66095145
JPO Tanpa Nama,-6.121777700000001,106.66130395000002
JPO Tanpa Nama,-6.122088500000001,106.6599517
Jalan Puri Indah,-6.1864992,106.74651505
Jalan Puri Kencana,-6.19096505,106.74597404999999
Jalan Puri Indah,-6.18664145,106.74652255000001
Jalan Aries Utama I,-6.19534285,106.74608465
Jalan Aries Permai 1,-6.19694845,106.74618315000001
JPO Tanpa Nama,-6.247074850000001,106.69241645
JPO Tanpa Nama,-6.2465076,106.69105935
jalan Jembatan sasak Vila mutiara gading 2,-6.2128745,107.03354755000001
Jalan Bulak Kapal,-6.261172803700301,107.01876895598956
Jalan Ps. Bojong Lama Taruma,-6.1145559,107.0070132
Jalan Bulak Kapal,-6.2629345,107.01779925
Jalan Letnan Arsyad,-6.238688099999999,106.98512259999998
Kemakmuran,-6.249779,106.9969995
Jalan Akses Bintaro Xchange,-6.28378665,106.7300904
Jalan Jambore Raya,-6.37140395,106.89572885
Jalan Tol Lingkar Luar Jakarta,-6.261996897168773,106.76706015623945
Jalan Tol Lingkar Luar Jakarta,-6.261942045410357,106.76716646014606
Jalan Tol Lingkar Luar Jakarta,-6.256533206356637,106.76513288067953
JPO Tanpa Nama,-6.181232901141639,106.79693494817573
JPO Tanpa Nama,-6.180568432726534,106.7956606250773
Tol Dalam Kota Jakarta,-6.18050816099917,106.79660146282666
Jalan Tol Cawang–Pluit,-6.17919522860068,106.79591794729342
Jalan Tol Cawang–Pluit,-6.179151469410809,106.79602468415631
JPO Tanpa Nama,-6.179383041447237,106.79458890267335
JPO Tanpa Nama,-6.180149811966482,106.79566978866957
JPO Tanpa Nama,-6.224453705075806,106.8373529152504
Jalan Kemang Pratama Raya,-6.266394600000001,106.98537805000001
Jalan Haji Nipan,-6.283938900000001,106.95919584999999
JPO Tanpa Nama,-6.249085900000001,106.9809017
Jalan Boulevard Raya Barat,-6.27333975,106.97392020000001
Jalan Boulevard Raya Barat,-6.273334500000001,106.97384894999999
Jalan Bulevar Ahmad Yani,-6.234080766172598,106.99333768850438
Jalan Bulevar Ahmad Yani,-6.2341331940875735,106.99339577503669
Jalan Ciater Raya,-6.31571295,106.7054934
JPO Tanpa Nama,-6.310864349999999,106.71445545
JPO Tanpa Nama,-6.31157875,106.7047143
Jalan Joprapol,-6.29306985,106.87376755000001
JPO Tanpa Nama,-6.247389699999999,106.9920628
Rawa Malang,-6.120740648952064,106.93189695167209
Jalan Tol Lingkar Luar Jakarta,-6.2498866,106.9564963
Jalan Tol Lingkar Luar Jakarta,-6.24986605,106.95664214999998
JPO Tanpa Nama,-6.18057595,106.9735105
JPO Tanpa Nama,-6.1841267,106.9752077
JPO Tanpa Nama,-6.18298515,106.9744063
JPO Tanpa Nama,-6.126274488781218,106.83594694087203
JPO Tanpa Nama,-6.1254479078766755,106.83625241891225
JPO Tanpa Nama,-6.12714625,106.83657400000001
JPO Tanpa Nama,-6.127656241975604,106.836818072474
JPO Tanpa Nama,-6.123626851579629,106.840990463779
JPO Tanpa Nama,-6.176858379165369,106.7908041071045
JPO Tanpa Nama,-6.176986142098146,106.7906304325883
JPO Tanpa Nama,-6.1774537635030615,106.7901889782572
JPO Tanpa Nama,-6.177293889080334,106.79072079879114
JPO Tanpa Nama,-6.177248479302784,106.79031179705062
JPO Tanpa Nama,-6.177087556827868,106.79086941966
Jalan Ebony Golf Raya,-6.1094155,106.74554660000001
JPO Tanpa Nama,-6.1198301,106.74405154999998
JPO Tanpa Nama,-6.1138124000000005,106.74384765
JPO Tanpa Nama,-6.11781885,106.74422195
Rawa Bebek Bulak,-6.2167688000000005,106.98309275
Jalan Tol Profesor Doktor Sedyatmo,-6.10295227880968,106.72171510377588
Jalan Puspita Raya,-6.2623938,106.75659
JPO Tanpa Nama,-6.1349197,106.8163591
JPO Tanpa Nama,-6.37296975,106.72042755000001
Jalan Bulak Kapal,-6.261257560338558,107.01897837991828
Jalan Bulak Kapal,-6.26306225,107.01785675
JPO Tanpa Nama,-6.26474755,107.02302784999999
Jembatan Penyembrangan Tanjung Barat,-6.299408174892398,106.83346393558168
Gang A,-6.250503563317451,106.8597934895881
Jalan Setiadarma 2,-6.271741094758185,107.04715753725537
Jalan Setiadarma 2,-6.27318185,107.04602255
Jalur Kereta Api Jakarta Kota–Cikampek,-6.238443800000001,107.00243214999999
Jalur Kereta Api Jakarta Kota–Cikampek,-6.238390299999999,107.00246045
Jalan Mayor Madmuin Hasibuan,-6.249462449999999,106.99779400000001
Jalan Mayor Madmuin Hasibuan,-6.249554699999999,106.9977174
JPO Tanpa Nama,-6.105203550000001,106.68281495
Jalan Sahabat,-6.1030787975974095,106.70070706812261
JPO Tanpa Nama,-6.095961,106.69104605000001
Jalan Haji Syarip,-6.092520499999999,106.7038928
Teratai,-6.09137175,106.69912529999999
Jalan Anoa Raya,-6.279262299999998,107.0244118
JPO Tanpa Nama,-6.13292985,106.73111440000001
Jalan Lingkar Barat,-6.154895034501458,106.7272006586189
JPO Tanpa Nama,-6.089771450000001,106.69801415
Jalan Bukit Duri Barat,-6.2190228,106.852682
Jalan Tol Lingkar Luar Jakarta,-6.1335213500000005,106.73016150000002
Jalan Tol Lingkar Luar Jakarta,-6.13348955,106.7302684
Jalan Tol Lingkar Luar Jakarta,-6.156006059079485,106.72737357407398
Jalan Tol Lingkar Luar Jakarta,-6.156083861292922,106.72749035698017
JPO Tanpa Nama,-6.158561642912619,106.72716365402296
Jalan Tol Lingkar Luar Jakarta,-6.161888614877971,106.72726649173023
JPO Tanpa Nama,-6.185918630615822,106.7301805395149
Jalan Tol Lingkar Luar Jakarta,-6.186087700664093,106.73029749872326
Jalan Tol Lingkar Luar Jakarta,-6.180570360113375,106.72904529182472
JPO Tanpa Nama,-6.185842889878387,106.73043877173595
JPO Tanpa Nama,-6.117989150020853,106.73340064399493
JPO Tanpa Nama,-6.186913135878562,106.81560001678992
JPO Tanpa Nama,-6.188183662797235,106.81546884480889
Jalan Pantai Indah Kapuk,-6.0995105853087805,106.74106314070956
Jalan Pantai Indah Kapuk,-6.099838142108704,106.74152738452372
Jalan Tol Lingkar Luar Jakarta,-6.168414439212688,106.72761805999488
Jalan Tol Lingkar Luar Jakarta,-6.1735473,106.7281096
Jalan Tol Lingkar Luar Jakarta,-6.168410213780295,106.72775469513965
Jalan Tol Lingkar Luar Jakarta,-6.173531950000001,106.7282587
Jalan Haji Fachrudin,-6.188305633392003,106.81544041260905
JPO Tanpa Nama,-6.188401076064973,106.81537754167503
JPO Tanpa Nama,-6.298722934509838,106.85027513271818
JPO Tanpa Nama,-6.059715150000001,106.68114145
JPO Tanpa Nama,-6.03349345,106.6951253
JPO Tanpa Nama,-6.133689713463158,106.73942221470409
JPO Tanpa Nama,-6.133555592692992,106.73959193009286
JPO Tanpa Nama,-6.133787240372526,106.73928187421637
JPO Tanpa Nama,-6.377290325770057,106.73653162800012
Jalan Bambu Suling II,-6.2932875500000005,106.8402918
Jalan Perigi Raya,-6.2674520000000005,106.68983035
Jalan Haji Entong Jum,-6.29770845,106.8708901
Jalan Tol Lingkar Luar Jakarta,-6.288454938837051,106.77820093061011
Jalan Tol Lingkar Luar Jakarta,-6.288541717556043,106.77812233262608
JPO Tanpa Nama,-6.257002757717645,106.7654908535352
Jalan HR Rauna Said,-6.2207509000000005,106.64733585
Jalan Lingkar Barat,-6.161997729695148,106.72744470320899
Jalan Lingkar Barat,-6.162342713138466,106.72703006347652
Jalan Lingkar Barat,-6.154602066693607,106.72776851045354
JPO Tanpa Nama,-6.1795823990830705,106.72891542671243
JPO Tanpa Nama,-6.1812039041600535,106.7289576536866
Jalan Bintaro Melati VI,-6.263956549999999,106.7541255
Jalan Kebon Kopi,-6.263295449999999,106.75175200000001
Jalan Rasuna Said,-6.2168636,106.670942
Jalan Camat Pondok Aren,-6.2730055,106.71183675
JPO Tanpa Nama,-6.273546570711476,106.69965526779146
Jalan Wijaya Timur IV,-6.24067705,106.81659830000002
Jalan BSD Boulevard Utara,-6.2820295,106.65711635
Jalan BSD Boulevard Utara,-6.2821378,106.65716865
JPO Tanpa Nama,-6.123932049795866,106.86486793036605
JPO Tanpa Nama,-6.124010473002819,106.86452583803278
JPO Tanpa Nama,-6.123862700103011,106.86470635091662
JPO Tanpa Nama,-6.123616865564854,106.86441826502231
JPO Tanpa Nama,-6.123817259287102,106.86433299976363
JPO Tanpa Nama,-6.2571007022787875,106.76518004974255
Jalan Deplu Raya,-6.27312475,106.77113134999999
Jalan BSD Grand Boulevard,-6.2988967209393305,106.65335941659586
JPO Tanpa Nama,-6.3037078,106.77342490000001
JPO Tanpa Nama,-6.2974097,106.77077135
Jalan BSD Raya Utama,-6.27411975,106.6333373
Jalan BSD Raya Utama,-6.27412405,106.63346375
JPO Tanpa Nama,-6.289635696370355,106.64865868103855
Jalan Springs Boulevard,-6.26549525,106.64080105000001
Jalan Springs Boulevard,-6.2655762,106.6409163
JPO Tanpa Nama,-6.290042161200169,106.93635455319412
Jalan Celepuk II,-6.293678099999999,106.93536234999999
Jalan Pondok Kelapa Raya,-6.227844711519002,106.93595652187246
JPO Tanpa Nama,-6.1749301,106.99180129999999
JPO Tanpa Nama,-6.181141721750207,106.97220154924662
JPO Tanpa Nama,-6.17491405,106.97447205
Jalan Rawa Bebek,-6.20796205096597,106.96188339993049
Jalan Royal Grand,-6.196137523963505,106.96089157517714
Jalan Haji Muhi Raya,-6.2666076,106.7694214
Jalan Kencana Raya,-6.317593850000001,106.6898063
Jalan Kencana Raya,-6.317653399999999,106.68982765000001
Jalan Boulevard Bintaro Jaya,-6.27824083484536,106.72286988916323
JPO Tanpa Nama,-6.175169253286372,106.82798306554326
JPO Tanpa Nama,-6.175619227396458,106.8266213592887
JPO Tanpa Nama,-6.232502706288851,106.81342701240169
JPO Tanpa Nama,-6.2484719,106.9837684
JPO Tanpa Nama,-6.00538175,106.78121615
JPO Tanpa Nama,-6.00526045,106.78086780000001
JPO Tanpa Nama,-6.005102632213056,106.78060489021388
JPO Tanpa Nama,-6.247798700000001,106.97771505
JPO Tanpa Nama,-6.374133938868266,106.95997206050637
JPO Tanpa Nama,-6.368012218048236,106.95582265280545
Simpang Susun Cawang,-6.246636511201257,106.8760215441737
Jalan Tol Lingkar Wiyoto Wiyono,-6.151886742753613,106.88775536061873
Jalan Tol Profesor Doktor Sedyatmo,-6.131540783931358,106.78528712973332
Jalan Tol Pelabuhan,-6.131238158623971,106.78468707037057
Jalan Tol Lingkar Wiyoto Wiyono,-6.168311055734903,106.8784211317866
Jalan Tol Pelabuhan,-6.124636474807507,106.87004286530984
Jalan Tol Akses Tanjung Priok,-6.143514680246963,106.89059905080983
Pergudangan Semanan Megah,-6.159908104855922,106.69110066881194
JPO Tanpa Nama,-6.291246546310154,106.95013064490446
Jalan Pahlawan Revolusi,-6.23021235,106.8979314
Jalan Pahlawan Revolusi,-6.230207294299558,106.89806838045845
JPO Tanpa Nama,-6.2368583509941695,106.60339137878937
Jalan Menpor,-6.3570928,106.85276615000001
JPO Tanpa Nama,-6.1439458788632,106.72910941237518
JPO Tanpa Nama,-6.30834585,106.6809164
JPO Tanpa Nama,-6.31457375,106.66966034999999
JPO Tanpa Nama,-6.317032,106.6704015
Jalan Raya De Latinos,-6.3231523,106.67527095
JPO Tanpa Nama,-6.3213275,106.67386715
Jalan Michelia Raya,-6.24949425,106.61408755
JPO Tanpa Nama,-6.3086910508942795,106.6969875242304
Teluk Amboina 13,-6.36542435,106.94859205
JPO Tanpa Nama,-6.2359453,106.664287
Jalan Masjid Nurul Amal,-6.14925345,106.73206794999999
Jalan SD III,-6.2798144,106.77060735
JPO Tanpa Nama,-6.2524122,106.95013855
JPO Tanpa Nama,-6.1485391499999995,106.84630374999999
JPO Tanpa Nama,-6.134994661460855,106.893160269293
JPO Tanpa Nama,-6.1387281,106.9001359
Jalan Epicentrum Tengah,-6.2161713,106.8360561
Jalan Sungai Landak,-6.105813171899593,106.94087736719278
Jalan Mutiara,-6.2095306,106.8127147
JPO Tanpa Nama,-6.21069495,106.8050502
JPO Tanpa Nama,-6.210906005066413,106.79952528778742
Jalan Raya Bandara,-6.115970150000001,106.68054125
Jalan Raya Bandara,-6.1162365,106.6806169
JPO Tanpa Nama,-6.18032295,106.7932092
JPO Tanpa Nama,-6.1767759,106.79325005
JPO Tanpa Nama,-6.210082645885247,106.87416961432166
JPO Tanpa Nama,-6.234621992166185,106.87726262876987
JPO Tanpa Nama,-6.208149095233633,106.8737714608162
JPO Tanpa Nama,-6.224672588389927,106.87469648114659
JPO Tanpa Nama,-6.203563118940128,106.8735473577522
JPO Tanpa Nama,-6.175516590739033,106.87603569363327
JPO Tanpa Nama,-6.1830129352959835,106.8757910506473
JPO Tanpa Nama,-6.1603028043672055,106.88295141254248
JPO Tanpa Nama,-6.20225356279746,106.87313550280422
Jalan Tol Akses Tanjung Priok,-6.111604882578875,106.92067078702911
Jalan Tol Akses Tanjung Priok,-6.130772537816626,106.93214220152208
JPO Tanpa Nama,-6.120416366839984,106.92589149622845
Jalur Kereta Api Tanah Abang–Manggarai,-6.2078739,106.84812034999999
Taman Fatahillah,-6.134682108668246,106.8132425448533
Jalan Kali Besar Timur,-6.13680625,106.81208975
JPO Tanpa Nama,-6.1367721,106.81674620000001
JPO Tanpa Nama,-6.13675065,106.81674435
Jalur Kereta Api Jakarta Kota–Tanjung Priuk,-6.137015849999999,106.81673570000001
JPO Tanpa Nama,-6.13687305,106.81676060000001
Jalur Kereta Api Jakarta Kota–Cikampek,-6.13683745,106.8167482
Jalur Kereta Api Jakarta Kota–Cikampek,-6.1368045,106.81674290000001
Jalan Kali Besar Timur 3,-6.13419665,106.81138290000001
Jalan Kali Besar Timur,-6.1366931000000005,106.81204835
Jalan Kali Besar Timur,-6.1354095397202775,106.81190054321796
Jalan Kali Besar Timur 3,-6.13403855,106.81134945
JPO Tanpa Nama,-6.137666652267875,106.81407389598917
JPO Tanpa Nama,-6.247199358246874,106.87812799267509
JPO Tanpa Nama,-6.2469573999999986,106.8754477
JPO Tanpa Nama,-6.247235587255296,106.87864101758244
JPO Tanpa Nama,-6.246720677020505,106.87506767752038
JPO Tanpa Nama,-6.2474415523367055,106.87585085721538
JPO Tanpa Nama,-6.245845432186744,106.87608816832434
JPO Tanpa Nama,-6.25790115,106.84796875
JPO Tanpa Nama,-6.257891249999999,106.8483267
JPO Tanpa Nama,-6.248430661207553,106.8771370317039
JPO Tanpa Nama,-6.359792774787536,106.83223462953531
JPO Tanpa Nama,-6.35962165,106.83218355000001
JPO Tanpa Nama,-6.358155723116842,106.83215019005708
JPO Tanpa Nama,-6.358636838080315,106.83228521803507
JPO Tanpa Nama,-6.358842650000001,106.83252289999999
Jalan Damai,-6.36435625,106.8333363
JPO Tanpa Nama,-6.1920099986693655,106.73172460975258
Jalan Tol Lingkar Luar Jakarta,-6.257035105809806,106.76540742757624
Jalan Tol Lingkar Luar Jakarta,-6.1748496,106.7282037
Jalan Tol Lingkar Luar Jakarta,-6.1907586000000006,106.7314658
JPO Tanpa Nama,-6.13926770384107,106.93782881874712
JPO Tanpa Nama,-6.132439380701514,106.93335779203554
JPO Tanpa Nama,-6.25047026453683,106.76266003774272
JPO Tanpa Nama,-6.138192332549757,106.93752031949671
JPO Tanpa Nama,-6.1462514120089855,106.94026990840564
JPO Tanpa Nama,-6.1481082772267035,106.93999940333067
Jalan Tol Profesor Doktor Sedyatmo,-6.0972272,106.71641615
Jalan Tol Profesor Doktor Sedyatmo,-6.09731005,106.71630395
JPO Tanpa Nama,-6.36839330871867,106.83288270744691
JPO Tanpa Nama,-6.22418895,106.6032034
Jalan Syech Nawawi Al Bantani,-6.15093205,106.94013530000001
Jalan Syech Nawawi Al Bantani,-6.1508667500000005,106.94052744999999
Jalan Tol Lingkar Luar Jakarta,-6.145462547105284,106.93993734237775
Jalan Tol Lingkar Luar Jakarta,-6.1508959,106.940397
Jalan Tol Lingkar Luar Jakarta,-6.150909,106.94025694999999
JPO Tanpa Nama,-6.364930010240782,106.83468627523193
JPO Tanpa Nama,-6.2027312000000006,107.00570485
JPO Tanpa Nama,-6.3703372,106.83316769999998
JPO Tanpa Nama,-6.371366862472789,106.83246217403043
JPO Tanpa Nama,-6.3709340194390816,106.83208165341384
JPO Tanpa Nama,-6.371099945361825,106.83221410402047
JPO Tanpa Nama,-6.15395234707252,106.72669683757609
JPO Tanpa Nama,-6.370931565182509,106.83059097045091
JPO Tanpa Nama,-6.243319008666753,106.79868130683755
JPO Tanpa Nama,-6.2428445074185985,106.79865567618712
JPO Tanpa Nama,-6.3373475,106.75852445000001
JPO Tanpa Nama,-6.33766915,106.7593679
JPO Tanpa Nama,-6.18210895,106.81988005
JPO Tanpa Nama,-6.18207445,106.81970615
JPO Tanpa Nama,-6.1820035,106.81953949999999
JPO Tanpa Nama,-6.181815950000001,106.81948625
JPO Tanpa Nama,-6.181632025456679,106.81959378492336
JPO Tanpa Nama,-6.18090185,106.8200437
JPO Tanpa Nama,-6.18173135,106.82008535
JPO Tanpa Nama,-6.181971600000001,106.82003850000001
Jalan Marunda Makmur,-6.105200099999999,106.96934854999999
Jalan Marunda Makmur,-6.105302647947553,106.96935373344198
Jembatan Pitung,-6.0979531,106.95980975
JPO Tanpa Nama,-6.304616650000001,106.8902711
JPO Tanpa Nama,-6.3044699664778685,106.89029295149346
JPO Tanpa Nama,-6.304351261178229,106.8899029431234
JPO Tanpa Nama,-6.09146525,106.97001805
JPO Tanpa Nama,-6.091287253057725,106.96999920120409
Jembatan Kayu,-6.0984196,106.95775795
JPO Tanpa Nama,-6.185219855939933,106.82251118897398
Jalan Lapangan Tembak,-6.3513442499999995,106.8915559
JPO Tanpa Nama,-6.2925243986792525,106.6998680714937
MRT Jakarta Jalur Utara-Selatan,-6.2783982392848925,106.79729225050372
Jalur KA Manggarai-Jatinegara,-6.212036803056682,106.86075373400865
Jalur Kereta Api Jakarta Kota–Cikampek,-6.2187228999999995,106.94898760000001
Jalur Kereta Api Tanah Abang–Merak,-6.27183365,106.75033755000001
Jalan Panda Raya,-6.28458235,106.73259974999999
Jalur Kereta Api Tanah Abang–Merak,-6.3046936,106.69882014999999
Jalur Kereta Api Tanah Abang–Merak,-6.3046231,106.69877975
Jalur Kereta Api Tanah Abang–Merak,-6.287139099999999,106.73116055
Jalur Kereta Api Tanah Abang–Merak,-6.3211897,106.65856310000001
Jalur Kereta Api Tanah Abang–Merak,-6.317662711763315,106.67164616394655
Jalur Kereta Api Tanah Abang–Merak,-6.3115087,106.68112500000001
Jalur Kereta Api Tanah Abang–Merak,-6.29018295,106.72684244999999
Jalur Kereta Api Tanah Abang–Merak,-6.29022035,106.72687425
Jalur Kereta Api Tanah Abang–Merak,-6.254306,106.76765109999998
Jalur Kereta Api Tanah Abang–Merak,-6.254243600000001,106.76762055
Jalur Kereta Api Tanah Abang–Merak,-6.321159700000001,106.6585464
Jalur Kereta Api Jakarta Kota–Bogor,-6.2079015,106.84825200000002
Jalan Tol Ulujami–Serpong,-6.272005549999999,106.7490573
Jalan Tol Ulujami–Serpong,-6.271976580845857,106.74893093358328
Jalan Ahmad Yani,-6.2472636999999995,106.9924938
Jalan Ahmad Yani,-6.2472773,106.99236224999999
JPO Tanpa Nama,-6.1673212,106.7854041
JPO Tanpa Nama,-6.391518118965207,106.8248238904605
JPO Tanpa Nama,-6.148786170952462,106.7672628440587
JPO Tanpa Nama,-6.2285292,106.928609
JPO Tanpa Nama,-6.229736821214968,106.90141473717786
JPO Tanpa Nama,-6.285881849999999,107.01859114999998
Pesona Khayangan Juanda,-6.37903575,106.8409469
Pesona Khayangan Juanda,-6.379043800000001,106.84099755
JPO Tanpa Nama,-6.28076465,107.0286767
JPO Tanpa Nama,-6.2807381499999995,107.02856285
JPO Tanpa Nama,-6.28078685,107.02876674999999
Jalan Raya Bandara,-6.12860695,106.6492376
JPO Tanpa Nama,-6.12870135,106.6490073
Jalan Raya Bandara,-6.119047282825979,106.67082140126136
Jalan Raya De Latinos,-6.3216303,106.6735601
Jalan Tol Ulujami–Serpong,-6.306365002102951,106.69404275099173
Jalan Tol Ulujami–Serpong,-6.306257338856137,106.69397204487443
Jalur Kereta Api Tanah Abang–Merak,-6.3067776,106.69418454999999
Jalur Kereta Api Tanah Abang–Merak,-6.30672795,106.6941606
JPO Tanpa Nama,-6.20465075,106.81036449999999
Jalan Tol Akses Tanjung Priok,-6.108806030044877,106.90844324304409
Jalan Tol Akses Tanjung Priok,-6.111782172375917,106.92088529581662
Jalan Tol Akses Tanjung Priok,-6.108838016110207,106.8935945343444
Jalan Tol Akses Tanjung Priok,-6.116319532214871,106.89321376609595
JPO Tanpa Nama,-6.107310758083448,106.90136834920595
JPO Tanpa Nama,-6.1071483210509765,106.9007059983317
JPO Tanpa Nama,-6.08992825,106.9232606
JPO Tanpa Nama,-6.101101667759,106.91855061117175
JPO Tanpa Nama,-6.101118290247057,106.91870684338133
JPO Tanpa Nama,-6.108134634242603,106.90012573850505
Jalan Tol Ulujami–Serpong,-6.304172250000001,106.69870325
Jalan Tol Ulujami–Serpong,-6.304039100000001,106.6986464
JPO Tanpa Nama,-6.36320133759683,106.70334047381898
JPO Tanpa Nama,-6.363094843744244,106.70372721657587
JPO Tanpa Nama,-6.3627084493618575,106.70366816939165
JPO Tanpa Nama,-6.363605693803886,106.70464062148686
JPO Tanpa Nama,-6.363444833252976,106.70428831977688
JPO Tanpa Nama,-6.363434347499691,106.70385651786269
JPO Tanpa Nama,-6.363835491581611,106.70471335640579
JPO Tanpa Nama,-6.3631029771276655,106.70414794364498
JPO Tanpa Nama,-6.3632059916971295,106.70387994922501
JPO Tanpa Nama,-6.3629982359816335,106.70356505698665
JPO Tanpa Nama,-6.3629529,106.70349615
JPO Tanpa Nama,-6.36366775,106.70463665
JPO Tanpa Nama,-6.363926231267734,106.70505965716745
JPO Tanpa Nama,-6.362825702466572,106.70331966830352
JPO Tanpa Nama,-6.363235209504454,106.70345144422016
JPO Tanpa Nama,-6.363617117274493,106.70387284725426
JPO Tanpa Nama,-6.362809834510908,106.70373345044759
JPO Tanpa Nama,-6.362958610609385,106.70426146346013
JPO Tanpa Nama,-6.3638046514668565,106.70420421848281
JPO Tanpa Nama,-6.363493135087393,106.70438052149687
JPO Tanpa Nama,-6.363184801024196,106.70456213386421
JPO Tanpa Nama,-6.363383824360481,106.70490061274316
JPO Tanpa Nama,-6.363930356724533,106.70448147989289
JPO Tanpa Nama,-6.354417985269719,106.67083863803622
JPO Tanpa Nama,-6.354277899999999,106.67084335
JPO Tanpa Nama,-6.3544894,106.670956
JPO Tanpa Nama,-6.3544671500000005,106.6707121
Jalan Plaza Selatan,-6.221999078791364,106.80517525210578
Jalan Plaza Selatan,-6.220770749624897,106.80426115275446
JPO Tanpa Nama,-6.21862224856663,106.80751959881157
JPO Tanpa Nama,-6.2189884499999994,106.80731614999999
Jalan Plaza Selatan,-6.222759258832787,106.80573694535514
JPO Tanpa Nama,-6.2164961000000005,106.79613545000001
JPO Tanpa Nama,-6.308763300000001,106.89237500000002
Jalan Bantar Jati,-6.317885499999999,106.92166295
JPO Tanpa Nama,-6.30560525,106.8983206
JPO Tanpa Nama,-6.233312850000001,106.83346485
JPO Tanpa Nama,-6.23361415,106.83327034999999
JPO Tanpa Nama,-6.23296915,106.8336908
JPO Tanpa Nama,-6.233179599783514,106.83316514226917
Jembatan Kota Intan,-6.13124595,106.8105591
Kali Besar Timur,-6.13129535,106.8103871
JPO Tanpa Nama,-6.131020945965043,106.80683933038678
JPO Tanpa Nama,-6.12653675,106.85417935
Jalan Tol Lingkar Luar Jakarta,-6.29216319943434,106.79543227522989
Jalan Tol Lingkar Luar Jakarta,-6.29232848229747,106.79543310758689
Jalan Kesehatan,-6.30560645,106.85915585000001
Jalan Haji Bokir Bin Dji'un,-6.2890309,106.87851635
Jalan Tol Jakarta–Merak,-6.1837350087714675,106.79188841173738
Jalan Tol Jakarta–Merak,-6.18384223475151,106.79196388850032
Jalan Cenderawasih Nandjar,-6.290402093356046,106.72425467892911
Jalan Letnan Jenderal MT Haryono,-6.24468085,106.8684581
JPO Tanpa Nama,-6.1963099472721295,106.82941250322781
JPO Tanpa Nama,-6.196314644469285,106.82935788241956
Jalan Tol Cawang–Pluit,-6.165787778566548,106.7887287786733
Jalan Tol Cawang–Pluit,-6.168514041085569,106.78822941595728
Jalan Letnan Jenderal Siswondo Parman,-6.174085758171743,106.7903118817633
Jalan Tol Cawang–Pluit,-6.156155989659374,106.79241980587824
Jalan Tol Cawang–Pluit,-6.150011382770288,106.79060499696705
Jalan Profesor Dokter Latumeten,-6.1530959,106.7947671
Jalan Profesor Dokter Latumeten,-6.15324105,106.7948285
JPO Tanpa Nama,-6.2583664,106.91901325
Jalan Tol Cawang–Pluit,-6.243217095857192,106.84343755423583
Jalan Tol Cawang–Pluit,-6.243357048311727,106.84377807745
Jalan Letnan Jenderal MT Haryono,-6.24292045,106.85861875
Jalan Tol Cawang–Pluit,-6.243104150000001,106.85863515
Jalan Tol Cawang–Pluit,-6.24321895,106.85865315000001
Jalan Letnan Jenderal MT Haryono,-6.243438593507191,106.85864839624834
Jalan Letnan Jenderal MT Haryono,-6.2433142,106.86253185000001
Jalan Tol Lingkar Dalam Jakarta,-6.2431664,106.86257625
Jalan Tol Lingkar Dalam Jakarta,-6.2430531,106.86257395000001
Jalan Letnan Jenderal MT Haryono,-6.24292555,106.86257705
Jalan Rawa Kuning,-6.211948803327219,106.95795231589913
Jalan Rorotan IX,-6.1543004,106.97064275
Jalan Tol Akses Tanjung Priok,-6.128967692692662,106.8936551930078
Jalan Tol Akses Tanjung Priok,-6.129307793208437,106.89377381885589
Jalan Tol Akses Tanjung Priok,-6.127872918087358,106.89361187590457
Jalan Yos Sudarso,-6.165343652974249,106.87972910451693
JPO Tanpa Nama,-6.1667446472342,106.87957840045325
Jalan Jenderal Basuki Rahmat,-6.22471505,106.8772675
Jalan Jenderal Basuki Rahmat,-6.224627699999999,106.87731045
JPO Tanpa Nama,-6.2245637,106.87732460000001
JPO Tanpa Nama,-6.23330834137725,106.87664296981671
Jalan Tol Lingkar Luar Jakarta,-6.19753905,106.73429935
Jalan Tol Lingkar Luar Jakarta,-6.197655949999999,106.73421255
Jalan Tol Lingkar Luar Jakarta,-6.205155529660882,106.73812970540538
JPO Tanpa Nama,-6.120433523064329,106.73201500085872
JPO Tanpa Nama,-6.117005539712334,106.73384501104957
Jalan Bukit Cengkeh II,-6.36310675,106.8548364
Transjakarta Busway Koridor 8,-6.226713284999916,106.7892158557901
Jalan Perintis Kemerdekaan,-6.178054299999999,106.8973211
Transjakarta Busway Koridor 2,-6.1781709,106.89734454999999
Jalan Perintis Kemerdekaan,-6.1782348,106.897354
Jalan Kebon Nanas,-6.2319354,106.87737045
Transjakarta Busway Koridor 10,-6.21501967405082,106.87403148636571
Jalan Rusunawa Pesakih,-6.15513025,106.71571449999999
Transjakarta Busway Koridor 3,-6.16684335,106.78798415
"Transjakarta Busway Koridor 1,12",-6.134159456274296,106.81137610181534
Jalan Pluit Utara Raya,-6.1123404,106.78497315
Jalan Pluit Utara Raya,-6.1122964,106.78501804999999
Jalan Pluit Karang Utara,-6.11237605,106.78500009999999
Jalan Pluit Selatan Raya,-6.1251738499999995,106.80205810000001
"Transjakarta Busway Koridor 4, 6",-6.2040536500000005,106.82748754999999
Jalan Sultan Agung,-6.2078983999999995,106.84835275
Jalan Tambak,-6.207602,106.84881829999999
Jalan Matraman,-6.201661700000001,106.85116395
Jalan Matraman,-6.2015348999999995,106.8510971
Jalan Tol Jakarta–Merak,-6.2095956,106.69544429999999
Jalan Tol Jakarta–Merak,-6.2097485500000005,106.69548574999997
JPO Tanpa Nama,-6.194412668640638,106.7014602694374
JPO Tanpa Nama,-6.194417184675309,106.70153622735603
JPO Tanpa Nama,-6.1969006,106.70780740000001
JPO Tanpa Nama,-6.196857149999999,106.7077515
Jalan Green Lake City Boulevard,-6.19575718453337,106.70200095540272
JPO Tanpa Nama,-6.203525717818572,106.70434459810747
JPO Tanpa Nama,-6.185138179936559,106.7059229886688
JPO Tanpa Nama,-6.203584975280237,106.70426397438693
JPO Tanpa Nama,-6.186571686134854,106.70488497548087
JPO Tanpa Nama,-6.15583794644229,106.64742755905705
JPO Tanpa Nama,-6.155839001026431,106.64698956432927
JPO Tanpa Nama,-6.1577833,106.64741
JPO Tanpa Nama,-6.35684235,106.8271631
JPO Tanpa Nama,-6.13757255,106.70720779999999
JPO Tanpa Nama,-6.1358888,106.70492014999998
JPO Tanpa Nama,-6.1379538,106.70772495
JPO Tanpa Nama,-6.14053065,106.71357215
JPO Tanpa Nama,-6.1400532000000005,106.7115565
JPO Tanpa Nama,-6.136404049999999,106.70566265
JPO Tanpa Nama,-6.14176355,106.70996045
Jalan Asalea Mas I,-6.330415157539766,106.72393524988887
JPO Tanpa Nama,-6.3162221,106.7288473
JPO Tanpa Nama,-6.3833577,106.69371199999999
JPO Tanpa Nama,-6.1867050416755704,106.82821497290544
JPO Tanpa Nama,-6.1172597500000006,106.67667065
Jalan Raya Bandara,-6.11961895,106.66735775000001
JPO Tanpa Nama,-6.1199163500000004,106.66840365
JPO Tanpa Nama,-6.1178176,106.67495969999999
JPO Tanpa Nama,-6.118778373149368,106.6727043871913
Jalan Raya Bandara,-6.12169836001637,106.66145467000946
JPO Tanpa Nama,-6.121361413077102,106.6622683269339
Jalan Pos Kota,-6.134586702966611,106.81375183976178
Jalan Pintu Besar Utara,-6.13416587196767,106.8125396698562
Jalan Pintu Besar Utara,-6.135499119590398,106.81292455617964
JPO Tanpa Nama,-6.1186700300158225,106.67128372391598
JPO Tanpa Nama,-6.175785550587059,106.79246178437337
JPO Tanpa Nama,-6.176342757946012,106.79214119224643
JPO Tanpa Nama,-6.175913550000001,106.79237605
JPO Tanpa Nama,-6.1755252,106.7927368
JPO Tanpa Nama,-6.1902930000000005,106.79737785
JPO Tanpa Nama,-6.190170500885342,106.79711549404698
JPO Tanpa Nama,-6.1901683,106.79698425000001
JPO Tanpa Nama,-6.17540315,106.79280375
JPO Tanpa Nama,-6.166495899999999,106.78714405
JPO Tanpa Nama,-6.166626003509116,106.78686441295665
Jembatan Penyeberangan Orang Semanggi,-6.219192996642589,106.81409432613037
JPO Tanpa Nama,-6.22118315,106.8137722
JPO Tanpa Nama,-6.2218575000000005,106.81439435
Jalan BB,-6.217163750000001,106.8901736
Jalan Cipinang Muara Ilir,-6.21502695,106.8925265
Jalan Mulya Jaya,-6.21784975,106.88772925
JPO Tanpa Nama,-6.1853015,106.82255965
JPO Tanpa Nama,-6.2429478,106.85131795
JPO Tanpa Nama,-6.113968849999999,106.8929179
JPO Tanpa Nama,-6.1180520000000005,106.89300854999999
JPO Tanpa Nama,-6.11805635,106.89348319999999
JPO Tanpa Nama,-6.233022424350163,106.82178099153617
Jalan Raya Bandara,-6.1248476,106.6625177
JPO Tanpa Nama,-6.28066585,106.98327589999998
JPO Tanpa Nama,-6.210770500692122,106.950925153974
JPO Tanpa Nama,-6.2329562,106.8220841
JPO Tanpa Nama,-6.233359800000001,106.8217598
JPO Tanpa Nama,-6.209167864065744,106.84752485314333
JPO Tanpa Nama,-6.307617775353994,106.83907900507698
JPO Tanpa Nama,-6.3536736000000005,106.83206129999999
JPO Tanpa Nama,-6.208230007922072,106.79714100082828
Jalan Bantar Jati,-6.3116949,106.91852415
JPO Tanpa Nama,-6.160427494379361,106.79095601809762
JPO Tanpa Nama,-6.213521182797131,106.89813127205821
JPO Tanpa Nama,-6.215675355484482,106.86656592460947
JPO Tanpa Nama,-6.215551131291114,106.86629175519155
JPO Tanpa Nama,-6.216166150000001,106.92438365
JPO Tanpa Nama,-6.1750086500000005,106.82498865
JPO Tanpa Nama,-6.148878856218797,106.81658359741179
JPO Tanpa Nama,-6.178163200967478,106.89827657655525
JPO Tanpa Nama,-6.174852784247956,106.89287253208784
JPO Tanpa Nama,-6.167901399313818,106.88240947156906
JPO Tanpa Nama,-6.30809835,106.87411635000001
JPO Tanpa Nama,-6.1663117717077505,106.8778065349966
JPO Tanpa Nama,-6.168549273062528,106.87062418874393
Jalan Blok H,-6.312827650000001,107.0224638
Jalan Tol Lingkar Luar Jakarta,-6.246413716515732,106.75967263250634
Jalan Tol Lingkar Luar Jakarta,-6.246363842915517,106.75978524227082
Jalan Tol Lingkar Luar Jakarta,-6.236241031488698,106.75673592047933
Jalan Tol Lingkar Luar Jakarta,-6.2361803265082125,106.75684293297343
Jalan Tol Lingkar Dalam Jakarta,-6.244528232156766,106.86837530662856
Jalan Otista V,-6.240385099999999,106.87026054999998
Jalan Cawang Baru,-6.2424420000000005,106.8702197
Jalan Lembang II Dalam,-6.2364573,106.7056766
Jalan Mawar,-6.2876403,106.76687425
JPO Tanpa Nama,-6.318185286753991,106.72011561119862
JPO Tanpa Nama,-6.379472612872628,106.8485228014163
JPO Tanpa Nama,-6.20551845,106.8578706
Jalan Kyai Haji Hasyim Ashari,-6.165738356850753,106.81052275058278
Jalan Yos Sudarso,-6.1521444,106.88741139999999
Jalan Yos Sudarso,-6.149217498522456,106.88945501595822
JPO Tanpa Nama,-6.2271471787690915,106.80977725401335
JPO Tanpa Nama,-6.165892350000001,106.87635915
Jalan Profesor Doktor Hamka,-6.22521575,106.8298091
Jalan Profesor Doktor Hamka,-6.225617924141995,106.83423963995081
JPO Tanpa Nama,-6.239825461524347,106.62935815346421
JPO Tanpa Nama,-6.218689952091076,106.81313616409336
JPO Tanpa Nama,-6.224113277984546,106.80561537784446
JPO Tanpa Nama,-6.2271748,106.80146279999998
JPO Tanpa Nama,-6.228181590026763,106.8001120514863
Jalan I Gusti Ngurah Rai,-6.218872357444911,106.94885178580509
Jalan I Gusti Ngurah Rai,-6.21349075,106.8957571
Jalan I Gusti Ngurah Rai,-6.213356350000001,106.89576285000001
Jalur Kereta Api Jakarta Kota–Cikampek,-6.21319685,106.8957595
Jalur Kereta Api Jakarta Kota–Cikampek,-6.21323765,106.89575735
Jalan Industri Raya,-6.1508246,106.84131705
Jalan Industri Raya,-6.1506885912094775,106.84135030611363
Jalan Industri Raya,-6.1506431500000005,106.8413944
JPO Tanpa Nama,-6.15984695,106.73756165
Jalur Kereta Api Duri–Tangerang,-6.159665199999999,106.73750895
JPO Tanpa Nama,-6.15986905,106.737334
Jalur Kereta Api Duri–Tangerang,-6.1583092,106.74773434999999
Jalan Dharma Kencana,-6.164402399999999,106.71898010000001
JPO Tanpa Nama,-6.188374878207221,106.82354896506192
JPO Tanpa Nama,-6.1873977109939435,106.82355718145602
Transjakarta Busway Koridor 2,-6.1781004,106.8973307
Jalan Letnan Jenderal Suprapto,-6.174498019359319,106.85326683887868
Jalan Letnan Jenderal Suprapto,-6.1746665501011915,106.85085681216302
Transjakarta Busway Koridor 2,-6.1719862,106.83167660000001
Jalan Perwira,-6.1720256,106.83169555
Jalan Al Amin II,-6.2951606,106.9349508
JPO Tanpa Nama,-6.3958467500000005,106.88476935
JPO Tanpa Nama,-6.39241685,106.8847998
JPO Tanpa Nama,-6.3935637000000005,106.88477134999998
JPO Tanpa Nama,-6.16600335,106.78835905
Jalan Gading Serpong,-6.227653800000001,106.63458125
Jalan R. E. Martadinata,-6.1274142000000005,106.847786
JPO Tanpa Nama,-6.12516940064946,106.85288157873073
Jalan R. E. Martadinata,-6.125303349999999,106.85404865000001
Jalan Tol Pelabuhan II,-6.118842461792776,106.86767455445231
Jalan R. E. Martadinata,-6.127631699999999,106.8445243
Jalan R. E. Martadinata,-6.1319547123460145,106.8194330554935
JPO Tanpa Nama,-6.174303765440006,106.82496977836944
JPO Tanpa Nama,-6.174977395486915,106.8242798000759
Jalan Ekonomi Raya,-6.2283443,106.91953885
Jalan Tol Lingkar Luar Jakarta,-6.2315112,106.75361505000001
Jalan Tol Lingkar Luar Jakarta,-6.230869750000001,106.75336115000002
Jalan Profesor Doktor Hamka,-6.2113176159804935,106.8178360238286
JPO Tanpa Nama,-6.17019945,106.7490942
Jalan Utan Panjang Raya,-6.1635800106458625,106.85314325336813
JPO Tanpa Nama,-6.169220485429167,106.83751977663461
Jalan Tanjung Duren Timur II,-6.17734785,106.79378985
Jalan Perjuangan,-6.22613415,107.00696665000001
JPO Tanpa Nama,-6.37147515,106.82994085
JPO Tanpa Nama,-6.12701082327134,106.78897874699585
Jalan Bumi Harapan Raya,-6.29673895,106.87423770000001
JPO Tanpa Nama,-6.250398000000001,106.87330254999999
JPO Tanpa Nama,-6.244051649999999,106.86654715
JPO Tanpa Nama,-6.244051,106.86654519999999
Jalan Raya Pagelarang,-6.30525615,106.92163604999999
Ciputat Flyover,-6.312534783083586,106.74840760215272
Jalan Babek TNI,-6.15797545,106.94885565
JPO Tanpa Nama,-6.129558733921761,106.8919151239061
JPO Tanpa Nama,-6.130173919172556,106.89278965176437
JPO Tanpa Nama,-6.253231949999999,106.87640345
Jalan Asemka,-6.139360863037041,106.80973998940924
Jalan Asemka,-6.139376980069749,106.80994377910726
Jalan Cipinang Muara III,-6.2199959499999995,106.8961238
Jalan Palan Palan,-6.275624499999999,106.9382033
Jalan Dupa Raya,-6.277953099999999,106.9379621
Jembatan H.Safril,-6.27952945,106.93750080000001
Jalan Guntur,-6.2817120499999985,106.9336135
Jalan Jy. Wijaya,-6.2819191,106.93384180000002
JPO Tanpa Nama,-6.26870657023467,106.77707112212316
Jalan Cordia Boulevard,-6.20806875,106.7437725
JPO Tanpa Nama,-6.170481638755917,106.83272160934119
JPO Tanpa Nama,-6.169948937855118,106.83251630707541
JPO Tanpa Nama,-6.170477990263096,106.83287215713653
Jalan Raya Bandara,-6.135009093564401,106.63435816706503
Transjakarta Busway Koridor 13,-6.239952500916196,106.82196128733527
Transjakarta Busway Koridor 13,-6.2389354642486055,106.81606692472486
Transjakarta Busway Koridor 13,-6.238950743455564,106.81183281331661
Transjakarta Busway Koridor 13,-6.2392386844919505,106.8075472141162
Transjakarta Busway Koridor 13,-6.239878710316345,106.80102895239443
Transjakarta Busway Koridor 13,-6.239843517280718,106.79841131999278
Transjakarta Busway Koridor 13,-6.240566119862679,106.7943924241365
Transjakarta Busway Koridor 13,-6.24193205196039,106.79076622073522
Transjakarta Busway Koridor 13,-6.240641762097997,106.78807575627522
Transjakarta Busway Koridor 13,-6.2386746108108415,106.78150219663252
Transjakarta Busway Koridor 13,-6.238348508463071,106.7776059585863
Transjakarta Busway Koridor 13,-6.237869691493476,106.77458537372362
Transjakarta Busway Koridor 13,-6.237988607840279,106.77125636919736
Transjakarta Busway Koridor 13,-6.23793032329836,106.76835274243865
Transjakarta Busway Koridor 13,-6.237770658507638,106.7654371405341
Transjakarta Busway Koridor 13,-6.237796441785166,106.76303856752101
Transjakarta Busway Koridor 13,-6.23749478743246,106.76064877400036
Transjakarta Busway Koridor 13,-6.236570336444859,106.7577312262618
Transjakarta Busway Koridor 13,-6.236111303777775,106.75489713055092
Transjakarta Busway Koridor 13,-6.236556790294073,106.75388170063384
Transjakarta Busway Koridor 13,-6.236725026528552,106.75274786751446
Transjakarta Busway Koridor 13,-6.236635729759606,106.75142250715498
JPO Tanpa Nama,-6.267527149999999,106.92266434999998
JPO Tanpa Nama,-6.259139,106.95374380000001
JPO Tanpa Nama,-6.359114886347638,106.84971872813001
JPO Tanpa Nama,-6.0821908,107.00007315
JPO Tanpa Nama,-6.2397948,106.64276070000001
Jalan Tol Serpong–Balaraja,-6.304135947511722,106.65650864283347
Jalan Tol Serpong–Balaraja,-6.304019081630328,106.65651123279608
JPO Tanpa Nama,-6.2598382,106.62891205
JPO Tanpa Nama,-6.241262,106.6257463
Jalan Setapak,-6.307402942553362,106.74008811750934
Jalan Karet Pasar Baru Barat I,-6.20578025,106.81035455
Jalan Kyai Haji Wahid Hasyim,-6.1869379,106.82253445
Jalur Kereta Api Jakarta Kota–Bogor,-6.171048287947352,106.83007712433685
Jalan Cipinang Indah 2,-6.229857008430783,106.89072806818429
JPO Tanpa Nama,-6.23019115,106.89005399999999
JPO Tanpa Nama,-6.210038122940435,106.85083172104412
Jalan Tebet Barat IX,-6.23844605,106.85261545
Jalan Slamet Riyadi,-6.2126595,106.8577799
JPO Tanpa Nama,-6.200386488090316,106.8229043481828
Jalan Cikoko Barat IV,-6.244195250000001,106.85399724999999
Jalan Kemuning,-6.2146103,106.86583730000001
Jalur KA Manggarai-Jatinegara,-6.211531,106.86248094999999
Jalur KA Manggarai-Jatinegara,-6.21149405,106.86247155000002
JPO Tanpa Nama,-6.1245548,106.99603135
Marunda Makmur,-6.12017065,106.996697
Jalan Pedati Raya,-6.22682305,106.87050820000002
Galur Sari 9,-6.197833834330192,106.86885588004814
JPO Tanpa Nama,-6.17372495,106.9565046
JPO Tanpa Nama,-6.1823982,106.9526309
JPO Tanpa Nama,-6.181991399999999,106.95303899999999
JPO Tanpa Nama,-6.18152735,106.95320814999998
JPO Tanpa Nama,-6.181038587508976,106.95340246448474
JPO Tanpa Nama,-6.180593728689026,106.9535550961515
JPO Tanpa Nama,-6.180136749970155,106.95373622393775
JPO Tanpa Nama,-6.1800479568750655,106.95491195709931
JPO Tanpa Nama,-6.17920317928897,106.95412429462223
JPO Tanpa Nama,-6.121275612688971,106.65221983134471
JPO Tanpa Nama,-6.122395892346788,106.65275805779314
JPO Tanpa Nama,-6.121532710876719,106.655195194147
JPO Tanpa Nama,-6.123498067776475,106.65025683043312
JPO Tanpa Nama,-6.122232604127024,106.65261515714056
Jalan Pramuka,-6.1967205,106.85778055
Jalan Pramuka,-6.196656196362771,106.85770214750976
Jalan Kelapa Tinggi,-6.20662735,106.87118905
Jalan Kelapa Puan,-6.201864799999999,106.8689298
Jalan Kramat Asem Raya,-6.2034059500000005,106.8691442
Jalan Cipinang Jaya,-6.22129945,106.88100465
Jalan Pengadegan Utara V,-6.24858045,106.8554048
Gang Kecil,-6.249539049999999,106.85573459999999
Jalan Pengadegan Utara III,-6.2473081,106.85497415
Jalan Cipinang Jaya,-6.21932455,106.885661
JPO Tanpa Nama,-6.21825085,106.89505175
Jalan Pasangan Baru Tengah Raya,-6.20912875,106.8663905
JPO Tanpa Nama,-6.13827795,106.93690695
Jalan Green Sedayu Boulevard,-6.166304,106.94404209999999
Boulevard Timur,-6.1657933,106.91386829999999
Jalan Tol Bekasi–Cawang–Kampung Melayu,-6.250145938859755,106.94967514555829
Jalan Tol Bekasi–Cawang–Kampung Melayu,-6.246824532608883,106.90904379898781
JPO Tanpa Nama,-6.211047624255492,106.9511287950491
JPO Tanpa Nama,-6.0446487,107.03420249999999
Jalan Otista IV,-6.2396309,106.87002014999999
Jalan DPR 2,-6.2520609,106.85217799999998
Jalan Pengadegan Barat,-6.250431750000001,106.85452495000001
Jalan Widya Chandra,-6.228377800000001,106.81675385
Jalan Rengas I,-6.2367782,106.81825115000001
Jalan Robert Wolter Monginsidi,-6.2388954021497,106.81775499907769
Jalan Pramuka,-6.1965541,106.8575544
Jalan Pramuka,-6.196600549999999,106.857631
Jalan Kebalen VII,-6.23364965,106.8175846
Jalan K. Haji Abdul Syafi'ie,-6.225152928538726,106.86372703761042
Jalan K. Haji Abdul Syafi'ie,-6.2249557,106.86368275000001
Jalan Masjid Bendungan,-6.254022349999999,106.86530425000002
JPO Tanpa Nama,-6.26605535,106.86574935
Jalan Cipinang Cempedak,-6.2371666,106.86993525
Jalan Tebet Raya,-6.230134399999999,106.85221275000002
Jalan Tol Cawang–Pluit,-6.2432475,106.85391535
Jalan Tol Cawang–Pluit,-6.24313285,106.85391425
Transjakarta Busway Koridor 9,-6.243379600000001,106.85865415
Transjakarta Busway Koridor 9,-6.24333565,106.8539189
Jalan Letnan Jenderal MT Haryono,-6.24297375,106.8539022
Jalan K. Haji Abdul Syafi'ie,-6.22418405,106.8519454
Jalan K. Haji Abdul Syafi'ie,-6.224373,106.85186010000001
Jalan Teuku Umar,-6.195913,106.83303570000002
Jalan Menteng Sukabumi,-6.205526185737056,106.84282888205705
Jalan Anyer IV,-6.203294215079171,106.84411234710565
Manggarai-Depo Bukitduri,-6.214453649999999,106.85313925
Jalan Matraman,-6.21181035,106.8607703
Jalan Matraman,-6.2119288,106.8605927
Jalan Manggarai Utara I,-6.2137673,106.85350755
Jalan Bougenville,-6.22414495,106.92463910000001
Jalan Cawang 1,-6.24134925,106.87036
Jalan Pemuda I,-6.1923452999999995,106.87743085
Jalan Pramuka Sari,-6.186956047020849,106.87010094937024
Jalan Pramuka,-6.192227600000001,106.87005795
Jalan Pramuka,-6.19215465,106.8700808
Transjakarta Busway Koridor 4,-6.1921025,106.8701944
Jalan Pramuka,-6.19200265,106.8701552
Jalan Pramuka,-6.191940330637151,106.8701553149484
Jalan Percetakan Negara,-6.186061825648531,106.86999732078458
Jalan Haji Ten,-6.188329700000001,106.8756901
JPO Tanpa Nama,-6.18758100015119,106.87018266540885
JPO Tanpa Nama,-6.189636907047085,106.87044748083721
Jalan The Green Pramuka Apartment,-6.18858745,106.87033349999999
Jalan Komplek Polri,-6.2252095,106.81789764999999
JPO Tanpa Nama,-6.20763805,106.8117904
JPO Tanpa Nama,-6.20825915,106.81203500000001
JPO Tanpa Nama,-6.20879075,106.81251065000001
Jalan Tegalan,-6.20177405,106.8589865
Jalan Palmeriam,-6.205147500000001,106.86020529999999
Jalan Tegalan I E,-6.20374855,106.85980915
Jalan Haji Mohammad Saleh Ishak,-6.194150999999999,106.81818584999998
JPO Tanpa Nama,-6.12290645,106.6956883
Jalan Pisangan Baru Utara,-6.2085835,106.86740315
Gang Haji Rohmani,-6.243463447694825,106.82731116468807
Gang Haji Kisin,-6.37954945,106.80182165
Jalan Kali Pasir,-6.187261400000001,106.84077385
Jalan SMA 14 Barat II,-6.257068950000001,106.86485425000001
Gang At Taqwa,-6.259710099999999,106.87276374999999
Jalan Cililitan Besar,-6.26498515,106.87483135
JPO Tanpa Nama,-6.2268397773402,106.9377521606538
Jalan Jembatan RSCM 2,-6.196026801838471,106.84584189585522
Jembatan RSCM,-6.197192899999999,106.8456108
Jalan Jenderal Basuki Rahmat,-6.224796899999999,106.8702354
Jalan Jenderal Basuki Rahmat,-6.22471385,106.8702392
Jalan Jenderal Basuki Rahmat,-6.2246334,106.8701987
Transjakarta Busway Koridor 11,-6.21565205,106.8669434
Jalan Jatinegara Timur I,-6.21752985,106.86778845
Jalan Bekasi Barat Raya,-6.21574265,106.86700705
JPO Tanpa Nama,-6.215603036319241,106.8679145240274
JPO Tanpa Nama,-6.2156797,106.866947
Jalan Bekasi Barat Raya,-6.21562125,106.86694025000001
Jalan Lontar,-6.218089349999999,106.84449755
JPO Tanpa Nama,-6.360087900000001,106.71891735000001
Jalan Haji Yahya,-6.22920025,106.86993989999999
Jalan Otto Iskandar Dinata III,-6.2317204,106.86968239999999
Jalan Pangeran Diponegoro,-6.19934225,106.84568180000001
JPO Tanpa Nama,-6.208995466293579,106.84777494812602
JPO Tanpa Nama,-6.208818579307603,106.84810788308977
Jalan Persada Raya,-6.228887780300328,106.84712936639234
Jalan Menteng Pulo,-6.22102825,106.84601375
Jalan Profesor Doktor Satrio,-6.223233196932168,106.84733115292995
Jalan Profesor Doktor Satrio,-6.2237877243600614,106.8473970682884
JPO Tanpa Nama,-6.229696499999999,106.84707975
JPO Tanpa Nama,-6.2296815,106.84700505
JPO Tanpa Nama,-6.227518700000001,106.84033819999999
Jalan Pal Batu III,-6.228396,106.84064275
Jalan Profesor Doktor Satrio,-6.2236160640645855,106.84711617391791
Jalan Kuningan Madya Raya,-6.21069685,106.8307757
Jalan Kuningan Madya Raya,-6.21057815,106.8307681
Gang Ampiun,-6.19669145,106.84281795
Gang Keamanan IV,-6.2275787000000005,106.85233355
Jalan Masjid An Nur,-6.23436385,106.84367175
Jalan Kyai Haji Ramli,-6.2322527999999995,106.8447934
Jalan Catur,-6.2413118,106.84448090000002
Jalan Karomah Ramli Utara I,-6.23102675,106.84115255
Jalan Tol Cimanggis–Cibitung,-6.381975739227097,106.92799229544201
Jalan Tol Cinere–Jagorawi,-6.387828638821727,106.8961390029366
Jalan Proklamasi,-6.39289865,106.8430112
Jalan Proklamasi,-6.39277935,106.8429596
Jalan Merdeka,-6.3973487,106.84155150000001
Jalan Merdeka,-6.39725975,106.8415699
Jalan Batu Wadas,-6.28106125,106.85952675
Jalan Masjid Condet,-6.27922875,106.8572715
Jalan Widya Chandra,-6.22826055,106.81669959999999
Jalan Flamboyan I,-6.230012399999999,106.8410305
Jalan Pancoran Barat XI G,-6.245376449999999,106.8354334
Jalan Batu Ampar I,-6.27238175,106.86515455
Jalan Madrasah,-6.27046725,106.86594635
Jalan Kali Baru,-6.2762194000000004,106.86636295
Jalan Inerbang,-6.2824532,106.86788325
Jalan Batu Ampar III,-6.276282,106.86070004999999
Jalan Batu Ampar I,-6.27235005,106.86690784999999
Jalan Pengadegan Utara Raya,-6.24666515,106.8546485
Jalan Rapih,-6.26678565,106.8750931
Jalan Bentengan 2,-6.2675283,106.8748808
Jalan Olahraga I,-6.26703905,106.86582709999999
Jalan Pondok Karya IV,-6.243794050000001,106.82351055000001
Jalan Cipinang Cempedak I,-6.237565,106.87146519999999
JPO Tanpa Nama,-6.235677191982945,106.87209885642764
Jalan KH. Ahmad Dahlan,-6.20871745,106.860902
Jalan Tebet Dalam III A,-6.225225699999999,106.85053869999999
Jalan Tebet Raya,-6.22956035,106.84927615000001
Jalan Tebet Barat Dalam IX A,-6.2423988999999995,106.84742685
Jalan Tebet Barat Dalam,-6.2415386,106.84747335
Jalan Tebet Barat Dalam VIII,-6.24109035,106.84761365
Jalan Tebet Barat IX,-6.23919195,106.84778804999999
Jalan Komplek Biru,-6.2403818,106.84501525
Jalan Tebet Dalam IV,-6.226063550000001,106.85044905000001
Jalan Sederhana I,-6.223775900000001,106.8520534
Jalan K. Haji Abdul Syafi'ie,-6.2238159,106.850833
Jalan Merpati,-6.29070205,106.86691110000001
JPO Tanpa Nama,-6.2932723500000005,106.86794655
Jalan Jenderal Basuki Rahmat,-6.224909975287027,106.86500609492927
Jalan Jenderal Basuki Rahmat,-6.224839119148737,106.86496117845304
Jalan Letnan Jenderal Suprapto,-6.17082165,106.8652683
Jalan Letnan Jenderal Suprapto,-6.170880549999999,106.86529534999998
Transjakarta Busway Koridor 2,-6.171011249999999,106.865358
Jalan Letnan Jenderal Suprapto,-6.171065559529096,106.86536475458671
Jalan Sumur Batu,-6.1678188,106.87093185
JPO Tanpa Nama,-6.36738885,106.7670978
Jalan Bandung,-6.334259899999999,106.77597929999997
Jalan Pisangan Baru Utara,-6.2089995,106.87086439999999
JPO Tanpa Nama,-6.210614250000001,106.86979705
Jalan Kebon Kelapa V,-6.2068502500000005,106.86911655000002
Kelapa Sawit 2,-6.2063298499999995,106.8693197
JPO Tanpa Nama,-6.379918099999999,106.9853309
Jalan MT Haryono,-6.38988495,106.98162815
Jalan Canadian Brodway,-6.36522605,106.9639056
JPO Tanpa Nama,-6.383303250000001,106.9854768
JPO Tanpa Nama,-6.3993897,106.97284264999999
JPO Tanpa Nama,-6.400053,106.9719952
JPO Tanpa Nama,-6.2641798,106.8432104
JPO Tanpa Nama,-6.2643702999999995,106.84324175
Jalan Komplek Garuda,-6.265238399999999,106.84368705
Jalan Kalibata Selatan,-6.2628894,106.8431228
Jalan Kalibata Tengah,-6.2615,106.84305
Gang Ampiun,-6.19716455,106.84300015
Jalan Mampang Prapatan XVI,-6.25312825,106.82369974999999
Jalan Tegal Parang Selatan 3,-6.24845885,106.83522250000001
Jalan Mampang Prapatan VII,-6.2485079500000005,106.82336235
Jalan Sekolahan,-6.2880899,106.86629199999999
Jalan Bulak Rantai,-6.285009049999999,106.87107304999999
Jalan Inpres Raya,-6.28635225,106.86596165
JPO Tanpa Nama,-6.28937002088906,106.86653890158571
Jalan Damai,-6.2898435500000005,106.8666642
JPO Tanpa Nama,-6.29280145,106.867727
Jalan Mampang Prapatan XV,-6.2517946,106.8357413
JPO Tanpa Nama,-6.25203835,106.8424281
Jalan Duren Tiga Raya,-6.253543199999999,106.84191295
Jalan Cikoko Barat IV,-6.2455761,106.85472985
JPO Tanpa Nama,-6.1565243,106.79726035000002
Jalan Bekasi Raya,-6.1904229,106.90619995
Jalan Bekasi Raya,-6.1904208999999994,106.90611840000001
Gang Al Ikhlas,-6.218974779494279,106.84997953389353
Jalan Profesor Dokter Latumeten,-6.1494158,106.79416850000001
Jalan Profesor Dokter Latumeten,-6.14941785,106.7941995
Transjakarta Busway Koridor 9,-6.149382699999999,106.7943904
Jalan Profesor Dokter Latumeten,-6.1493433,106.7944414
JPO Tanpa Nama,-6.174758099999999,106.8885746
JPO Tanpa Nama,-6.17512095,106.88837905000001
JPO Tanpa Nama,-6.1754833,106.88819385
Jalan Pulo Mas Residence,-6.17593625,106.88797894999999
Jalan Damai IV,-6.289089949999999,106.8665188
Jalan Damai V,-6.288880199999999,106.86646799999998
Gang Sudil Hasim,-6.2838071,106.86714814999999
Jalan Damai VI,-6.2884112,106.86635655
Jalan Puspa II,-6.205470211245075,106.87037388992582
Pulomas Jaya,-6.17628675,106.87635535
Pulomas Jaya,-6.17612875,106.87636035000001
Jalan Pulo Mas Jaya,-6.1789376,106.88582410000001
JPO Tanpa Nama,-6.17884555,106.88588305
Jalan Kodam Raya,-6.16699835,106.8728747
Jalan Harapan Jaya,-6.1700248,106.86602564999998
Jalan Cempaka Mas Utara,-6.163014349999998,106.88010245000001
Jalan Cempaka Mas Utama,-6.1659531634183855,106.87613090103684
Jalan Cempaka Mas Utama,-6.166055200000001,106.87588740000001
Jalan Cempaka Mas Barat,-6.1666903,106.87383090000002
JPO Tanpa Nama,-6.17117905,106.86547905
JPO Tanpa Nama,-6.170908864501703,106.8660568067816
Jalan Pulo Mas Utara,-6.170834271282832,106.87767464545935
Jalan Lumba-Lumba,-6.16797215,106.8645651
JPO Tanpa Nama,-6.1703326999999994,106.86500244999999
Jalan Serdang Cempaka VI,-6.16505455,106.8627075
Jalan Remaja,-6.16536735,106.86253705
Jalan Cempaka Putih Tengah XXX,-6.17209115,106.87389659999998
Jalan Cempaka Putih Raya,-6.1764051,106.87309694999999
Jalan Serdang Cempaka V,-6.1646102,106.8629394
Jalan Cempaka Baru Tengah,-6.166267700000001,106.86210085
Jalan Bidara Raya,-6.14279155,106.7922374
Jalan Jembatan Gambang I,-6.14214865,106.79835505
Jalan Rukan Permata Kota,-6.142026299999999,106.7995458
JPO Tanpa Nama,-6.210960050000001,106.84890285
JPO Tanpa Nama,-6.212421147259065,106.84825556764099
JPO Tanpa Nama,-6.212339954002427,106.84808032523661
JPO Tanpa Nama,-6.212144513527205,106.84801658887196
JPO Tanpa Nama,-6.211703998903121,106.84793680034355
JPO Tanpa Nama,-6.211414930414814,106.84791930768088
Jalan Dokter KRT Radjiman Widyodiningrat,-6.18625825,106.92333115
Jalan Dokter KRT Radjiman Widyodiningrat,-6.18626365,106.9234457
Jalan Amil,-6.27373675,106.83239945
Jalan Haji Tabri,-6.2825964,106.85756475
Jalan Pulo Lentut,-6.1892991,106.91065895000001
Jalan Pengadegan Selatan Raya,-6.2515754999999995,106.85223239999999
Jalan Sawo Kecik I,-6.22263505,106.8570093
Jalan Sawo Kecik,-6.22188155,106.85539879999999
Jalan Lapangan Ros III,-6.22156375,106.8539523
Jalan Bukit Duri Utara,-6.2146474000000005,106.85289405
Gang Sederhana I,-6.22236575,106.85221265
Gang Ros Barat IV,-6.22117045,106.85259395
Jalan Ros Barat,-6.22130105,106.85294895
JPO Tanpa Nama,-6.223868599999999,106.8572509
JPO Tanpa Nama,-6.2234452000000005,106.8572573
Jalan Ismail Buntu,-6.2242681,106.8573006
JPO Tanpa Nama,-6.223711421820479,106.85633241361485
Gang Haji Said,-6.22212051762477,106.85861704745012
JPO Tanpa Nama,-6.151671106866214,106.79945532557441
Jalan Angke Indah,-6.1485179,106.7999343
Jalan Tol Lingkar Luar Jakarta,-6.305677606560069,106.85840507752012
Jalan Jembatan III,-6.2854385503985375,106.8474304394489
Jalan Pangeran Tubagus Angke,-6.1420897554609555,106.80058634559012
JPO Tanpa Nama,-6.2043333920675705,106.86890156241755
Jalan Jenderal Basuki Rahmat,-6.227847000000001,106.88349805
Jalan Cipinang Pulo Maja,-6.21678565,106.88165415
Jalan Cipinang Jaya Raya,-6.21763335,106.88714505
JPO Tanpa Nama,-6.2171037,106.88082275
JPO Tanpa Nama,-6.21707245,106.88044289999999
JPO Tanpa Nama,-6.216935599999999,106.8796533
Jalan Cipinang Elok II,-6.2221677,106.88587069999998
Jalan Cipinang Elok II,-6.2220682499999995,106.88589635
Jalan Bekasi Timur IV,-6.21919995,106.8766486
JPO Tanpa Nama,-6.218381049999999,106.8766186
JPO Tanpa Nama,-6.21760295,106.87740665
Jalan Bekasi Timur VI,-6.21678885,106.87836955
Jalan Cipinang Besar,-6.226199400000001,106.87631365
Jalan Cipinang Elok I,-6.2203542,106.88664415000001
Jalan Cipinang Elok I,-6.2204751,106.88661135
Jalan Cipinang Elok Pertama,-6.218257550000001,106.88755665
Gang Lestari,-6.2082511,106.87139475000001
Jalur Kereta Api Jakarta Kota–Cikampek,-6.21400315,106.91011779999998
Jalur Kereta Api Jakarta Kota–Cikampek,-6.21396935,106.910125
Jalan Haji Darip,-6.211797499999999,106.89649435000001
Jalan Haji Darip,-6.2117287,106.8965632
Jatinegara Kaum,-6.2025048,106.8978664
Transjakarta Busway Koridor 4,-6.19357055,106.90168865
Jalan Pemuda,-6.1936164,106.90168860000001
Jalan I Gusti Ngurah Rai,-6.214124399999999,106.91012979999999
Transjakarta Busway Koridor 11,-6.2141649999999995,106.91011825
Jalan I Gusti Ngurah Rai,-6.214228849999999,106.91008899999999
Jalan Cut Mutia,-6.2564145,107.0053765
Jalan Cut Mutia,-6.258057001601671,107.00408943031374
JPO Tanpa Nama,-6.215988794585826,106.92440595077818
Jalur Kereta Api Jakarta Kota–Cikampek,-6.21580485,106.92473849999999
Jalur Kereta Api Jakarta Kota–Cikampek,-6.21576915,106.92474825
Jalan I Gusti Ngurah Rai,-6.2159429,106.92474784999999
Transjakarta Busway Koridor 11,-6.2159953,106.9247652
Jalan I Gusti Ngurah Rai,-6.2160695,106.9247836
JPO Tanpa Nama,-6.2020752,106.9174302
Gang O,-6.239132682340887,106.8595460915545
Jalan Raya Pulo Gebang,-6.19511445,106.95673579999999
Jalan Bekasi Raya,-6.183488892934049,106.92884011435396
Jalan Bekasi Raya,-6.18326315,106.92877845000001
Jalan Pulo Gadung,-6.19287175,106.91727115
Jalan Pulo Gadung,-6.19287295,106.91716455
Jalan Rawa Kepiting,-6.192805999999999,106.91943660000001
JPO Tanpa Nama,-6.20934725,106.93220225
Jalan Krama Yudha Kampung Petukangan,-6.181492499999999,106.92198055000001
Jalan Inspeksi Cakung,-6.174587,106.9281364
Jalan Pulau Bira,-6.17060595,106.74742159999998
Jalan Karet Sawah,-6.21961135,106.8175068
Jalan Karet Sawah II,-6.221913,106.81703435
Jalan Garnisun 1,-6.2184456,106.81753035
JPO Tanpa Nama,-6.1778905,106.72656825
Jalan Rawa Sawah,-6.1812177,106.8517305
Jalan Kramat Sentiong,-6.1861745,106.85162894999999
Jalan Percetakan Negara I,-6.1871517,106.85174380000001
Jalur Kereta Api Jakarta Kota–Cikampek,-6.1872415,106.85165764999999
JPO Tanpa Nama,-6.196565284397038,106.86323774135158
Jalan Cipinang Indah Raya,-6.232392649999999,106.89140215000002
JPO Tanpa Nama,-6.2304718,106.88304295
Jalan Flamboyan,-6.2306244500000005,106.88306975
Jalan Fakhrudin,-6.183414816743195,106.81404923977693
Jalan Tanah Rendah III,-6.18497945,106.8127039
Jalan Jatibaru II,-6.184465837179386,106.81199002387481
Jalan Pekojan III,-6.141856299999999,106.8006483
Jalan Cipinang Muara I,-6.2286442,106.89125365000001
Jalan Masjid Al Barokah,-6.28091375,106.8710757
JPO Tanpa Nama,-6.2817298,106.8718144
Jalan Rawa Terate II,-6.1928183,106.91239175000001
Jalan Torompio,-6.17344245,106.9083533
Jalan Arteri Kelapa Gading,-6.1760747,106.91294529999999
Jalan Menara Air,-6.21861925,106.85195995000001
Jalan Swadaya I,-6.216561150000001,106.8486328
Jalan Rusa Raya,-6.21821855,106.8496358
Jalan Muchtar Raya,-6.39724745,106.7717415
Jalan Masjid At Taqwa,-6.17647875,106.738159
JPO Tanpa Nama,-6.17343285,106.73882605
Jalan Bhakti IX,-6.20974535,106.84864895
JPO Tanpa Nama,-6.21037285,106.84892785
JPO Tanpa Nama,-6.210673800000001,106.84895140000002
JPO Tanpa Nama,-6.2231578,106.89358705
Jalan Pusdiklat Depnaker,-6.2769241000000005,106.87741355
Jalan Laksamana Malahayati,-6.239842703043995,106.87879545164164
Gang Pancawarga 19,-6.236242410006976,106.8803151943059
JPO Tanpa Nama,-6.179378694434373,106.72532943694995
Jalan Pisangan Baru Tengah III,-6.21015075,106.86662405000001
Jalan Pisangan Baru III,-6.211888549999999,106.86774795
JPO Tanpa Nama,-6.2114644000000006,106.86715505
Jalan Pisangan Baru Tengah IV,-6.21076695,106.86677535
Jalan Pisangan Baru Tengah IV,-6.211153400000001,106.8668706
Gang Lopis,-6.2182602,106.89021715
JPO Tanpa Nama,-6.21189495,106.86867415
Jalan Kyai Haji Wahid Hasyim,-6.18701875,106.82253235
Jalan Kemenangan III,-6.1418126,106.8110453
Jalan Stasiun Angke Gudang Gandung,-6.14832685,106.8012542
JPO Tanpa Nama,-6.1481771,106.8023845
Jalan Sawah Lio III,-6.148061800000001,106.80330705
Jalan Sawah Lio Gang 8,-6.147924550000001,106.80454885
Jalan Sawah Lio Gang 5,-6.1478201,106.80538235
Jalan Jakarta Garden City,-6.1835942,106.95149280000001
Jalan Jakarta Garden City,-6.18357495,106.9513962
Jalan Kayu Tinggi,-6.183464,106.94531375
JPO Tanpa Nama,-6.142511279527241,106.7937450470265
JPO Tanpa Nama,-6.17814755,106.81031499999999
JPO Tanpa Nama,-6.112990513130538,106.79533592384398
JPO Tanpa Nama,-6.113069106258776,106.79521550170351
JPO Tanpa Nama,-6.11326825,106.7951332
Jalan Jembatan Besi Raya,-6.151781300000001,106.80136295
Jalan Tambun Rengas,-6.165852,106.96246800000002
JPO Tanpa Nama,-5.986751099999999,107.04084275
Jalan Cakung Cilincing Barat,-6.18029115,106.94275855000001
Jalan Cakung Cilincing Timur,-6.1808295,106.94326620000001
Jalan Haji Mahi,-6.16937275,106.96248385
Jalan Jati Bunder VII,-6.193086784252287,106.81134810499896
Jalan Aipda Karel Satsuit Tubun,-6.18890225,106.81078185
Jalan Lontar Raya,-6.19131945,106.81308545
Jalan Martapura IV,-6.199535187743852,106.81974379095814
JPO Tanpa Nama,-6.199822999601,106.81921892267151
JPO Tanpa Nama,-6.192753199573751,106.81157219581026
Jalan Pulo Mas Barat,-6.1769458,106.87897484999999
Pulomas Jaya,-6.1768342999999994,106.87890835
Pulomas Jaya,-6.1767524,106.87891625
Jalan Pulo Mas Utara,-6.1714433999999985,106.88050425
Jalan Letnan Jenderal Suprapto,-6.1711448,106.86540609999999
Jalan Raya Tipar Cakung,-6.1631216,106.9332847
Jalan Raya Penggilingan,-6.188294700000001,106.93399035
JPO Tanpa Nama,-6.184938750000001,106.73732995
Jalan Fakhrudin,-6.1817684346238115,106.8135202072444
Jalan Fakhrudin,-6.181116668476561,106.81341021477868
Jalan Cideng Barat,-6.171818168248352,106.81091685176695
Jalan Kalimalang,-6.2398869,106.88068690000001
Jalan Griya Wartawan,-6.23343325,106.8831951
Jalan Pancawarga II,-6.23773565,106.878772
Jalan Kalimalang,-6.240410799999999,106.87888889999999
JPO Tanpa Nama,-6.1648233,106.74842155
Transjakarta Busway Koridor 8,-6.1733901653270715,106.8056684086816
JPO Kalibaru,-6.1826433000000005,106.81040169999999
Jalan Pulau Panggang,-6.170742000000001,106.73928624999999
Jalan Pulau Panggang,-6.170866650000001,106.73929565
JPO Tanpa Nama,-6.17048745,106.75097054999999
Jalan Pulau Pantara,-6.172810999999999,106.73938935
Jalan Pulau Bintang,-6.17910575,106.7375745
Jalan Buana Biru Besar I,-6.18155295,106.7376745
Jalan Joprapol,-6.2930744,106.8738315
JPO Tanpa Nama,-6.294612718593613,106.8777425529761
Jalan Jenderal Basuki Rahmat,-6.22792474567492,106.88347214227498
Jalan Cipinang Muara Raya,-6.22703265,106.88384980000001
Jalan Banjir Kanal Timur,-6.22872765,106.8831787
Jalan A2 Cipinang Muara,-6.2264054,106.8841281
Jalan A1 Cipinang Muara,-6.22599155,106.8843138
Jalan Pembina I,-6.2293377,106.88287869999999
Jalan Jenderal Basuki Rahmat,-6.229305776590674,106.89016699501134
Jalan Laksamana Malahayati,-6.2393094,106.8920941
JPO Tanpa Nama,-6.22957693070195,106.88850386399426
Jalan Kyai Haji Hasyim Ashari,-6.16524465,106.81571085
Jalan Tipar Cakung,-6.174735799999999,106.9363173
Jalan Pulau Sebaru Raya,-6.17412685,106.74580245
Jalan Pam,-6.167222950000001,106.8633462
Gang Asoka 2,-6.210732195714733,106.87908651845119
JPO Tanpa Nama,-6.22886098685423,106.88504777395963
Jalan Puri Kembangan,-6.182701136105496,106.75746561284001
Transjakarta Busway Koridor 11,-6.2134055,106.89576414999999
Jalur Kereta Api Jakarta Kota–Cikampek,-6.213126,106.8924104
Jalur Kereta Api Jakarta Kota–Cikampek,-6.213163,106.89240889999999
Transjakarta Busway Koridor 11,-6.213343050000001,106.89234819999999
Jalan I Gusti Ngurah Rai,-6.21339795,106.89233974999999
Jalan I Gusti Ngurah Rai,-6.21328915,106.8923624
Jalan Mandara Permai,-6.116557199999999,106.77355839999998
Jalan Mandara Permai,-6.116626549999999,106.77364180000002
Jalan Muara Angke Raya,-6.11013075,106.77442864999999
Jalan Kemanggisan Ilir Raya,-6.1881132,106.7944653
Jalan Pulau Sangiyang,-6.1937983,106.9458299
Jalan Squadron,-6.2704329,106.87770645
Jalan Gelanggang Olahraga Remaja,-6.2790984000000005,106.87609395
Jalan Kerja Bakti IV,-6.27574115,106.87775454999999
JPO Tanpa Nama,-6.154070445091356,106.80202552540682
Gang Haji Taat,-6.1964460500000005,106.74797720000001
JPO Tanpa Nama,-6.206325609146274,106.81253418493125
JPO Tanpa Nama,-6.206469591849456,106.81125222133436
JPO Tanpa Nama,-6.206329460514842,106.81228859108677
JPO Tanpa Nama,-6.205878891295254,106.81166615181311
JPO Tanpa Nama,-6.203518876914145,106.89455633333769
JPO Tanpa Nama,-6.276304626643636,106.88117723796388
Jalan Akses Maju,-6.27653575,106.87963965000002
Jalan PLK,-6.2661514,106.87510465
JPO Tanpa Nama,-6.2674456,106.87504734999999
Jalan PLK,-6.267123399999999,106.8750613
Jalan PLK,-6.2670113,106.87506970000001
Jalan PLK,-6.26649005,106.87510499999999
Jalan Raya Ragunan,-6.2856463,106.8351544
Jalan Aries Utama IV,-6.19244065,106.74577874999999
Jalan Kembangan Raya,-6.176338400000001,106.74596890000001
JPO Tanpa Nama,-6.2124307000000005,106.89525565
JPO Tanpa Nama,-6.2125866,106.8928228
JPO Tanpa Nama,-6.2079287999999995,106.87153204999998
Jalan Kebon Kelapa I,-6.2053578,106.86940595
JPO Tanpa Nama,-6.20463725,106.86933175
Jalan Profesor Doktor Hamka,-6.2254596499999995,106.83688445
JPO Tanpa Nama,-6.2104605,106.86671064999999
Jalan Pisangan Baru Tengah Raya,-6.211414700000001,106.8693036
JPO Tanpa Nama,-6.260960450000001,106.880325
Jalan Kamboja VII,-6.262170449999999,106.87972845
JPO Tanpa Nama,-6.259567,106.88105630000001
Jalan Kyai Haji Hasyim Ashari,-6.1659092,106.8003057
Jalur Kereta Api Duri–Tangerang,-6.1614392,106.7982063
Jalan Kyai Haji Hasyim Ashari,-6.165933950586469,106.80218820108047
Jalan Kyai Haji Hasyim Ashari,-6.1661108,106.80045805
Jalan Subur Baru,-6.1601449,106.80179824999999
Gang Subur I,-6.16542502935865,106.80262860889958
JPO Tanpa Nama,-6.161793195178108,106.80299205540656
JPO Tanpa Nama,-6.3811542,106.86598140000001
Jalan Tol Cinere–Jagorawi,-6.3802818,106.85803965
Jalan Tol Cinere–Jagorawi,-6.380105650000001,106.85791485
Jalan Sakub,-6.378697750000001,106.8475167
Jalan Tol Cinere–Jagorawi,-6.3787354228036115,106.83918258279954
Jalan Tol Cinere–Jagorawi,-6.3788773583135985,106.83911948482861
JPO Tanpa Nama,-6.379010388823952,106.83907143200223
Jalan Tol Depok–Antasari,-6.3090584745676175,106.80351169456337
Jalan Tol Depok–Antasari,-6.308805936027587,106.80368454756432
Jalan Pancoran Barat,-6.25001125,106.84262024999998
Jalan Warga Raya,-6.27233315,106.8462017
Jalan Siaga I,-6.274914850000001,106.84606465
Jalan Kompleks Polri,-6.27114005,106.8463204
Jalan Haji Samali,-6.26600805,106.84405749999999
Jalan Pertanian,-6.2568801,106.8431434
Jalan Duren Tiga Buntu,-6.2563837,106.8430601
Jalan Simpang Tiga Kalibata,-6.25573385,106.8429252
Jalan Potlot III,-6.254848524130729,106.84245491690942
Jalan Haji Noor,-6.268675999999999,106.8456558
Jalan Triloka,-6.24610675,106.84271915
Jalan Pancoran Timur Raya,-6.249405149999999,106.84544135000002
Jalan DPR 1,-6.25351255,106.851215
Jalan Kalibata Selatan II,-6.264947,106.8435534
Jalan Royal Grand,-6.1944699,106.9626624
Jalan Taman Jeruk Utama,-6.20534505,106.74383854999998
Jalan Tol Lingkar Luar Jakarta,-6.214231486468507,106.74299064902699
Jalan Tol Lingkar Luar Jakarta,-6.21333435,106.74249040000001
Jalan Tol Lingkar Luar Jakarta,-6.2133042,106.74264414999999
Riverside Rasuna Epicentrum,-6.2171706,106.8357922
Riverside Rasuna Epicentrum,-6.217189649999999,106.83585149999999
Jalan Salemba Tengah,-6.1935093,106.8512228
Jalan Salemba Bluntas,-6.1952941500000005,106.8540512
JPO Tanpa Nama,-6.1908302583053825,106.88627864850694
Gang Mush. Hayul Azim,-6.2747630999999995,106.8816381
Jalan Jatinegara Kaum,-6.202788162602971,106.89767415797911
Jalan Tenaga Listrik,-6.19808815,106.81021390000001
JPO Tanpa Nama,-6.197440680184693,106.80554888022316
Jalan Jenderal Sudirman,-6.216074750000001,106.81680485
Jalan Pos Kota,-6.134180349999999,106.81363415
Jalan Perindustrian II,-6.2496787000000005,106.87736975
Jalur Kereta Api Tanah Abang–Merak,-6.1980964499999995,106.80988419999998
Jalur Kereta Api Tanah Abang–Merak,-6.19813045,106.80992275
Jalan Kebon Jati,-6.18856235,106.81367134999999
Jalan Kebon Jati,-6.18848635,106.81365799999999
JPO Tanpa Nama,-6.181995493048227,106.81666963543893
JPO Tanpa Nama,-6.162317493263806,106.84949538205274
Jalan K. H. Zainul Arifin,-6.16069505,106.81284024999998
Jalan Kiai Haji Zainul Arifin,-6.160635449999999,106.81283615000001
Jalur Kereta Api Kampung Bandan–Angke–Duri,-6.130937250000001,106.8102093
Jalur Kereta Api Kampung Bandan–Angke–Duri,-6.1310943,106.8096007
Transjakarta Busway,-6.165339299999999,106.8157826
"Transjakarta Busway Koridor 2, 8",-6.168234049776107,106.8301892449801
Jalan Cordia Boulevard,-6.20815525,106.74376489999999
Jalan Joglo Raya,-6.21755065,106.74791944999998
JPO Tanpa Nama,-6.210756399999999,106.8052062
LRT Jabodebek,-6.242741898590256,106.84881943495701
LRT Jabodebek,-6.32504212977552,106.88647078241742
Jalan Kabel,-6.3714668,106.81903439999999
JPO Tanpa Nama,-6.181901242990537,106.81978516579137
Jalan Rawa Kuning,-6.1921209500000005,106.96619745000001
Jalan Mutiara Indah,-6.2018438,106.94881620000001
JPO Tanpa Nama,-6.240649802450448,106.79929012288918
JPO Tanpa Nama,-6.2405058076609174,106.79904184305937
Jalan Tentara Pelajar,-6.21422725,106.79568385
Jalan Patal Senayan,-6.218664649999999,106.79692225
Jalan Patal Senayan,-6.21861775,106.7969217
Jalur Kereta Api Tanah Abang–Merak,-6.21413765,106.7956213
Jalur Kereta Api Tanah Abang–Merak,-6.2140886,106.79560285
JPO Tanpa Nama,-6.213993605011762,106.80869871480596
JPO Tanpa Nama,-6.212026600294927,106.80544861625293
JPO Tanpa Nama,-6.21194285,106.80516224999998
Jalan Terusan Hang Lekir V,-6.228183,106.79572544999999
Jalan Lontar Atas,-6.1924437,106.8122331
Jalan Lontar Bawah,-6.1915044,106.8122755
Jalan Bungur Besar 18,-6.15998375,106.8407816
Jalan Kayu Mas Tengah,-6.1794932,106.90225459999999
Gang Ceri IV,-6.189061564788293,106.90510310887834
JPO Tanpa Nama,-6.1908791,106.90438215
Jalur Kereta Api Tanah Abang–Manggarai,-6.1956289,106.81073875000001
Jalur Kereta Api Tanah Abang–Manggarai,-6.1956147999999995,106.81077235
Jalan Talang Betutu Ujung,-6.200729849999999,106.81787465
Jalan Kenanga I,-6.343953737459323,106.82743759492814
Jalan P. Komarudin II,-6.209529922521876,106.94038064656364
Jalan Penggilingan Elok,-6.195859349999998,106.9390617
Jalan Karet Pasar Baru Barat V,-6.211411549999999,106.81257035
Jalan Karet Pasar Baru Barat V,-6.21026745,106.8127782
Jalan Pulo Mas Barat VI,-6.177866248025876,106.88235694397038
Jalan Pemuda II,-6.1924636999856055,106.87810624942524
Jalan Kayu Jati Raya,-6.189878748357511,106.88415635959005
Jalan Haji Ten I,-6.190297949999999,106.8757033
JPO Tanpa Nama,-6.18880765,106.89107784999997
JPO Tanpa Nama,-6.188785449999999,106.89121299999998
Jalan Haji Mardah,-6.3543857500000005,106.87227279999999
Jalan Dharma Pratama,-6.165234584285943,106.71669129696707
LRT Jabodebek,-6.253943790914985,106.94732774584371
Jalan Tambora IV,-6.1432822,106.81045265
Jalan Kesederhanaan,-6.1499405,106.81207475
Jalan K. P. Jawa Keb. Sayur,-6.154329300000001,106.8109849
Jalan Keamanan,-6.1513934500000005,106.81202954999999
Jalan Talib II,-6.1580429,106.81138440000001
Jalan Hanura Raya,-6.15791225,106.8108823
JPO Tanpa Nama,-6.147440969737131,106.80916308828702
Jalan Pekapuran VIII,-6.147197,106.81145000000001
Jalan Perniagaan Raya,-6.14167455,106.8078601
Jalan Perniagaan Raya,-6.14161325,106.80784655
Jalan Balai Pustaka Timur,-6.2019892500000005,106.88590725
Jalan Balai Pustaka Timur,-6.2019760999999995,106.88602879999999
JPO Tanpa Nama,-6.1548285499999995,106.86106699999999
Jalan Semanan Raya,-6.174105450000001,106.70682500000001
Jalan Palmerah Utara III,-6.2041445,106.79279185
Jalan Kenari,-6.2010480999999995,106.79323305000001
Jalan Palmerah Barat,-6.20781895,106.79238035
Jalan Palmerah Barat,-6.20776055,106.79240545
Jalan Anggrek Rosliana VII,-6.19424245,106.79225685
Jalan Asemka,-6.13894685,106.81157015
Jalur Kereta Api Kampung Bandan–Angke–Duri,-6.13174675,106.80708725
Kali Besar Timur,-6.131194709504144,106.8107868352695
Jalan Meruya Ilir,-6.197555449999999,106.74622015
Jalan Meruya Ilir,-6.19748365,106.7462163
Jalan Meruya Ilir,-6.197376,106.7479936
Jalan Meruya Ilir,-6.1972992,106.74800175
Jalan Taman Jeruk Boulevard,-6.20490665,106.75279234999999
JPO Tanpa Nama,-6.1991736,106.74407105
Jalan Taman Jeruk Utama,-6.20545555,106.74384405
Jalan Padang,-6.224012350000001,106.7661067
Jalan Pos Pengumben,-6.216932,106.76424605
Jalan Pos Pengumben,-6.216681602654986,106.76748235028522
Jalan AA,-6.22244695,106.76959755
Jalan Pahlawan,-6.2239462,106.76928425
JPO Tanpa Nama,-6.22283282268722,106.770626463176
JPO Tanpa Nama,-6.220489087017829,106.76637176473157
JPO Tanpa Nama,-6.225926578080102,106.76944272011774
Jalan Pahlawan,-6.2207784,106.76868354999999
Jalan Taman AA,-6.22035755,106.7683059
Jalan FF,-6.218798100000001,106.76728084999999
Jalan Pos Pengumben Lama,-6.21775985,106.76474575
Jalan Haji Saili,-6.1916852,106.79238864999999
JPO Tanpa Nama,-6.275316039149592,106.62451087952347
JPO Tanpa Nama,-6.2748713586058535,106.6230733232891
JPO Tanpa Nama,-6.275036729952605,106.62455564768885
Jalan Patal Senayan I,-6.223081066803154,106.79009506793183
Jalan Cipedak I,-6.3581652,106.8085142
Jalan ISTN,-6.354207236965512,106.8126974583129
JPO Tanpa Nama,-6.1595594,106.80185105000001
Jalan Pinggir Dermaga,-6.1091180000000005,106.96949975000001
Jalan Raya Pertamina,-6.144557700000001,107.02854909999999
JPO Tanpa Nama,-6.1535986000000005,107.02453415000001
Jalan Sawah Balong,-6.210091,106.75599969999999
Jalan Seroja,-6.192149998796025,106.8976363518233
Jalan Anggrek Neli Murni VI,-6.184630950000001,106.7929743
JPO Tanpa Nama,-6.1738177499999995,106.88514065000003
JPO Tanpa Nama,-6.1743485499999995,106.8848806
JPO Tanpa Nama,-6.2229455,106.75314664999999
JPO Tanpa Nama,-6.22286555,106.7531467
Jalan Taman Bibit Jeruk,-6.2118526,106.7570911
Jalan Taman Bibit Jeruk,-6.211744099999999,106.75701815
Jalan Halim Perdanakusuma,-6.25331645,106.8813136
Jalan Halim Perdanakusuma,-6.2532556,106.88138325
JPO Tanpa Nama,-6.25871965,106.88182019999999
JPO Tanpa Nama,-6.18788665,106.9702456
Jalan Duri Bulan,-6.278452000000001,106.85766720000001
Gang Lapangan,-6.28028775,106.85783264999999
Jalan Malaka IV,-6.22685775,106.93184540000001
Jalan Perumnas Raya,-6.22036895,106.92415595
Jalan Taman Malaka Selatan,-6.2307056,106.9261545
Jalan Bojong Indah I,-6.231300150000001,106.927012
JPO Tanpa Nama,-6.166799795841638,106.80248806275411
JPO Tanpa Nama,-6.332327068196033,106.88251953301358
JPO Tanpa Nama,-6.155517658081612,106.70470825102787
JPO Tanpa Nama,-6.155850040273432,106.70450519018289
JPO Tanpa Nama,-6.155810306549073,106.70472005737196
JPO Tanpa Nama,-6.155915657720608,106.70474735082202
JPO Tanpa Nama,-6.151991349999999,106.7185164
JPO Tanpa Nama,-6.333948541338746,106.87818814854288
Jalan Ciracas,-6.327894362972098,106.88024834360056
JPO Tanpa Nama,-6.3869141,106.7268166
Jalan Teluk Mandar,-6.3008869999999995,106.8364139
Jalan B II,-6.29777,106.8360993
JPO Tanpa Nama,-6.29626265,106.83660255000001
Jalan Bendungan Jati Luhur IV,-6.2152636999999995,106.8134109
Jalan Peta Barat,-6.12861625,106.68712155
JPO Tanpa Nama,-6.1541155000000005,106.687435
Jalan Perintis,-6.133634300000001,106.6884215
Jalan Va'aris,-6.13547315,106.68734209999998
Gang Haji Asnawi,-6.15509485,106.69044675
Jalan A,-6.15900755,106.86604635
Jalan Raya Ragunan,-6.28515765,106.84357075
Jalan Raya Ragunan,-6.285226925074849,106.84355244675147
Jalan Palapa XI,-6.29094875,106.841927
JPO Tanpa Nama,-6.2830490999999995,106.8442541
JPO Tanpa Nama,-6.2812286,106.8445886
Jalan Rajawali,-6.282893949999999,106.84426849999998
JPO Tanpa Nama,-6.283191767717502,106.84422780967472
JPO Tanpa Nama,-6.28014375,106.84476039999998
Jalan Pejaten Raya,-6.278632,106.84523705
Jalan Citra Bagus,-6.2950884,106.8375897
Jalan Haji Umaidi II,-6.2953992,106.83732370000001
Jalur Kereta Api Kampung Bandan–Angke–Duri,-6.130216399999999,106.81506325000001
Jalur Kereta Api Kampung Bandan–Angke–Duri,-6.13195715,106.8060674
Jalur Kereta Api Kampung Bandan–Angke–Duri,-6.131695050000001,106.80707465
Jalur Kereta Api Kampung Bandan–Angke–Duri,-6.1310457,106.8095905
Jalur Kereta Api Kampung Bandan–Angke–Duri,-6.130888349999999,106.81019545000001
Jalur Kereta Api Kampung Bandan–Angke–Duri,-6.1308136,106.8104847
Jalur Kereta Api Kampung Bandan–Angke–Duri,-6.1484202,106.80094215
Jalur Kereta Api Jakarta Kota–Cikampek,-6.187219150000001,106.8516887
LRT Jakarta,-6.171233256321517,106.89930049350308
Simpang Susun Burangkeng,-6.347024515571005,107.02305022100674
Jalan Bukit Pala,-6.36501865,106.85498485
LRT Jabodebek,-6.242779151758722,106.84879898409513
JPO Tanpa Nama,-6.2709796,106.8670834
JPO Tanpa Nama,-6.2705143,106.86723065000001
Jalan Batu Sari III,-6.2749815,106.8640118
Jalan Batu Kinyang IV,-6.2769964,106.85821655
Gang Haji Aseh,-6.2734827,106.86548065
JPO Tanpa Nama,-6.402919679804574,106.75418277018498
Gang Mandiri,-6.206934789579666,106.7784548144174
Jalan Haji Sihun,-6.2029134554767,106.7751221533149
Jalan Musa,-6.206940749999999,106.7752633
Jalur Kereta Api Jakarta Kota–Cikampek,-6.2182675,106.9454247
Jalur Kereta Api Jakarta Kota–Cikampek,-6.21822915,106.94543185
Jalan I Gusti Ngurah Rai,-6.218600650000001,106.94525835
Jalan I Gusti Ngurah Rai,-6.218394050000001,106.945423
Jalan Nakula,-6.21586445,106.94540200000002
JPO Tanpa Nama,-6.169038,106.99457185
JPO Tanpa Nama,-6.16999705,106.99380845
JPO Tanpa Nama,-6.3989358,106.7565599
Bulevard TGS,-6.39903105,106.7566777
Bulevard TGS,-6.39896285,106.7566065
Jalur Kereta Api Jakarta Kota–Bogor,-6.192252511719129,106.83653716509086
Jalan Raya Ragunan,-6.2860856,106.82798025
Jalan Buncit Raya,-6.27903865,106.82922909999999
Jalan Buncit Raya,-6.2791264,106.8293468
Gang Haji Betong,-6.2919906,106.82550949999998
Jalan Komplek Jatipadang Baru,-6.2872571,106.83459145
JPO Tanpa Nama,-6.2901495,106.82658409999999
Gang Semat,-6.2807775,106.83396210000001
JPO Tanpa Nama,-6.2816071,106.8297268
Jalan Pejaten Raya,-6.27970595,106.83432175
Jalan Pondok Gede,-6.2843482,106.9087767
Jalan Raya Kayu Putih,-6.18358405,106.8912798
Jalan Raya Kayu Putih,-6.17838925,106.89267129999999
Jalan Raya Kayu Putih,-6.178417550000001,106.8927539
Jalan Pemuda,-6.19345455,106.90169654999998
JPO Tanpa Nama,-6.268515399999999,106.879897
Jalan Asri,-6.268402099999999,106.87960999999999
Jalan Benda Raya,-6.0969567,106.71609945
JPO Tanpa Nama,-6.1040454879107395,106.69918108498726
Jalan Kapuk Kamal Raya,-6.0988793,106.71422465
Jalan Kampoeng Pandawa,-6.103997485172247,106.70514233474829
JPO Tanpa Nama,-6.1008487,106.70420565
Jalan Pegambiran,-6.202086850000001,106.89034495
Jalan Pegambiran,-6.2020699,106.89021410000001
Gang Bidan,-6.327370317824514,106.85106950852149
JPO Tanpa Nama,-6.2511612,106.91928345
Jalan Tol Jakarta–Cikampek,-6.25369435,106.9032784
Jalan Tol Jakarta–Cikampek,-6.2535277819986845,106.90339101418701
Jalan Kartika Eka Paksi,-6.248158849999999,106.91718800000002
Jalan Manunggal Raya,-6.2522934,106.91768235000002
Jalan Tol Jakarta–Cikampek,-6.25835645,106.92214255
Jalan Tol Jakarta–Cikampek,-6.258176349999999,106.92216155
JPO Tanpa Nama,-6.25048195,106.9196427
Jalan Gedong Panjang,-6.1359007000000005,106.80687524999999
Jalur Kereta Api Kampung Bandan–Angke–Duri,-6.1365818,106.80025090000001
Jalur Kereta Api Kampung Bandan–Angke–Duri,-6.136577,106.80028435
Jalan Bandengan Utara,-6.13653605,106.7998656
Jalan Bandengan Selatan,-6.136677999999999,106.79986935
Jalan Benyamin Sueb,-6.13203685,106.84633790000001
Jalan Benyamin Sueb,-6.1319289999999995,106.8464998
Jalan Benyamin Sueb,-6.1318862,106.84657405
Jalan Pesanggrahan Raya,-6.131838650000001,106.84669065
Jalan Bukit Cinere,-6.3372607,106.7917951
Jalan Perhubungan Raya,-6.25257605,106.9162909
Jalan Qrisdoren II,-6.2102008,106.7714845
JPO Tanpa Nama,-6.206530450000001,106.77243555
JPO Tanpa Nama,-6.22844595,106.77023735
JPO Tanpa Nama,-6.1621154,106.7571287
Jalan Tahi Bonar Simatupang,-6.3026599,106.85448115
Jalan Tahi Bonar Simatupang,-6.30256785,106.85445075000001
Jalan Poltangan Raya,-6.29535115,106.84109215000001
Jalan G I,-6.1928766500000005,106.79972295
JPO Tanpa Nama,-6.247900845947978,106.92282959274456
Gang Barokah,-6.3272496,106.84710025000001
Jalan Haji Hasan,-6.3228860000000005,106.84859245
Jalan Haji Moong,-6.32588155,106.8475589
Jalan Sawo Indah,-6.328293099999999,106.84648455
JPO Tanpa Nama,-6.2238130706553605,106.80588907373445
Jalan Pacuankuda Raya,-6.17898415,106.8856124
Jalan Pulo Mas Jaya,-6.184026249449046,106.88690917757114
Jalan Taman Alfa Indah,-6.22021365,106.75203335
Jalan Sawangan Raya,-6.394513,106.7939007
Jalan Kartini,-6.399170250000001,106.7949143
JPO Tanpa Nama,-6.3964394,106.7928382
JPO Tanpa Nama,-6.396724999999999,106.79311014999999
JPO Tanpa Nama,-6.3975203,106.79691249999999
Jalan Pulo Mas Residence,-6.175369952965825,106.88752184818851
Jalan Pulo Mas Residence,-6.175455097739928,106.88747685123359
JPO Tanpa Nama,-6.170418179005202,106.88795213924038
JPO Tanpa Nama,-6.168332749999999,106.889014
Jalan Pacuan Kuda,-6.1744470499999995,106.88793935000001
Jalan Pulo Mas Timur,-6.1743936,106.887837
Jalan Bukit Gading Raya Boulevard,-6.170494156366653,106.88766806015057
JPO Tanpa Nama,-6.208226822650551,106.86580669681479
JPO Tanpa Nama,-6.193476595414934,106.80321728484682
JPO Tanpa Nama,-6.38656015,106.72659855000002
Jalan Jembatan Gambang IV,-6.1424122,106.79601600000001
JPO Tanpa Nama,-6.3794499,106.77257065
Jalan Tamansari III,-6.159724649999999,106.82466345
Jalan Tamansari I C,-6.16029,106.8254958
JPO Tanpa Nama,-6.3915252,106.82270299999999
Jalan Menpor,-6.358500950000001,106.85896055
Jalan Komjen Pol. M. Jasin,-6.35765195,106.8591136
JPO Tanpa Nama,-6.377135749999999,106.81033245
JPO Tanpa Nama,-6.3575908000000005,106.76074894999999
Jalan Jembatan Dua Timur,-6.14265915,106.79363695
Jalan Jembatan Dua Timur,-6.1427023,106.7933221
Jalan Karya Bakti,-6.2214409538573205,106.94544281186248
Jalan Karya Bakti A,-6.22167365,106.94568035
JPO Tanpa Nama,-6.2190991,106.9453268
JPO Tanpa Nama,-6.21960015,106.94526280000001
JPO Tanpa Nama,-6.219895149999999,106.94520625
JPO Tanpa Nama,-6.38399225,106.78715435000002
JPO Tanpa Nama,-6.38405365,106.7867011
JPO Tanpa Nama,-6.37079375,106.74931119999998
JPO Tanpa Nama,-6.220851645792688,106.81155591024535
JPO Tanpa Nama,-6.217985623048404,106.81301325968752
Jalur Kereta Api Jakarta Kota–Cikampek,-6.141513549999999,106.83304344999999
Jalan Pademangan IV,-6.142032950000001,106.83887709999999
Jalan Merpati 2,-6.1528792,106.842507
Jalan Mangga Besar Raya,-6.148294644707716,106.83206841293712
Jalan Selaparang,-6.156120850000001,106.8426703
Jalan Merpati,-6.1536744500000005,106.84351849999999
JPO Tanpa Nama,-6.21902485,106.79688135
Jalan Tentara Pelajar,-6.2139784,106.79553615
Jalan Jatayu,-6.2465807,106.78850320000001
Jalan Asia Afrika,-6.216155649999999,106.79616955
JPO Tanpa Nama,-6.32397586870332,106.87627008936693
Gang Anggrek,-6.31941694205516,106.87518324604017
Gang Bersama 2,-6.3319127,106.84703755
Jalan Dolang I,-6.338924350000001,106.8507721
Jalan Griya Manunggal,-6.33672085,106.85106395
Jalan Kalisari Asri,-6.33414625,106.84852555
Jalan Kalisari Asri,-6.333527000000001,106.8479935
Jalan Kenanga,-6.342043699999999,106.85170285
Jalan Manunggal Bhakti,-6.33670605,106.8503616
Gang Mekar,-6.333085649999999,106.84766765
JPO Tanpa Nama,-6.3340349,106.84887714999999
Gang MaJalan s Ta'lim,-6.27675505,106.83339205
JPO Tanpa Nama,-6.27283535,106.82891354999998
JPO Tanpa Nama,-6.2740673000000005,106.82897650000001
Jalan Dermaga Baru,-6.22096255,106.90658365
Jalan Pangeran Tubagus Angke,-6.1430975,106.79053905
Jalan Pangeran Tubagus Angke,-6.14323495,106.79055129999999
Jalan Pangeran Tubagus Angke,-6.143466650000001,106.78827390000001
Jalan Pangeran Tubagus Angke,-6.14333745,106.78824575
Jalan Pangeran Tubagus Angke,-6.14331395,106.78966835
Jalan Pangeran Tubagus Angke,-6.14318795,106.78961855
Jalan Jembatan Gambang II,-6.142298500000001,106.79738180000001
Jalan Peta Barat,-6.13770855,106.69141085000003
Jalan Duren Sawit Raya,-6.2212726,106.90643019999999
Jalan Sahid,-6.26738715,106.8448815
Jalan Kompleks Bangdes,-6.2707203,106.84634185
Jalan Terusan Hang Lekir I,-6.229259900000001,106.79584404999999
Gang Bendungan,-6.2737513499999995,106.84616135
JPO Tanpa Nama,-6.313925299999999,106.67013929999999
JPO Tanpa Nama,-6.311427699999999,106.6663624
JPO Tanpa Nama,-6.368780636173635,106.83212298533671
JPO Tanpa Nama,-6.3725384627096,106.83389746971628
Jalan Siaga II,-6.276116699999999,106.84578959999999
JPO Tanpa Nama,-6.277167700000001,106.84565409999999
Gang Darussalam IV,-6.333656107255419,106.87562415658157
Gang Darussalam V,-6.33365125,106.87548375
JPO Tanpa Nama,-6.2390773500000005,107.05086625
Jalan Gili Sampeng,-6.1933368,106.7800662
Jalan Taman Mutiara Prima,-6.1963614499999995,106.7786099
Jalan Taman Mutiara Prima,-6.19587615,106.77889255
JPO Tanpa Nama,-6.19545455,106.7791455
Jalan Kesayangan Selatan,-6.1383586,106.70417194999999
Jalan Kesayangan Utara,-6.13914575,106.7058513
Jalan Raya Citra Garden 2,-6.14086535,106.70816975
Jalan Kesayangan Selatan,-6.143683599999999,106.71461055
JPO Tanpa Nama,-6.1421335500000005,106.71164685
Jalan Bulak Timur I,-6.216810511593011,106.90855249158548
JPO Tanpa Nama,-6.093299849999999,107.02288535
Jalan Musyawarah,-6.2011947,106.77594825
JPO Tanpa Nama,-6.3689213405764855,106.83215082437525
JPO Tanpa Nama,-6.30494274646676,106.92032950123554
Jalan 20 Desember,-6.13560385,106.71268555
JPO Tanpa Nama,-6.169620299999999,106.83801505
JPO Tanpa Nama,-6.165093000000001,106.83862865
JPO Tanpa Nama,-6.16540405,106.83871794999999
Transjakarta Busway Koridor 8,-6.167823839440579,106.83154234350893
Jalan Insinyur Haji Juanda,-6.167799099999999,106.83147925
"Transjakarta Busway Koridor 2, 8",-6.168003099999999,106.83149155
Jalan Budi Utomo,-6.1665562000000005,106.83898450000001
Jalan Budi Utomo,-6.1664746,106.83896284999999
Jalan Kyai Haji Samanhudi,-6.15921145,106.83708254999999
JPO Tanpa Nama,-6.169733850000001,106.83186810000002
JPO Tanpa Nama,-6.16988005,106.83173665
Jalan Kyai Haji Mas Mansyur,-6.201127021161908,106.81545285721849
Jalan Bungur Besar VI,-6.1716687,106.84595279999999
JPO Tanpa Nama,-6.286633331895422,106.82529526083366
Jalan Haji Yusuf,-6.24338868404167,106.70786709761036
JPO Tanpa Nama,-6.243337049999999,106.70768409999998
Jalan Tamansari I B,-6.1606029,106.82580139999999
Jalan Raya Kiwi,-6.339593649999999,106.87285625000001
Jalan Harmed,-6.35180965,106.86978284999999
Jalan Mandor Haji Samin,-6.349435649999999,106.86924779999998
Jalan Joe,-6.318391399999999,106.83527369999999
Gang Ikhlas Raya,-6.3162799,106.8358974
Gang Waru,-6.313431850000001,106.83629379999999
Gang Langgar,-6.309968250000001,106.83671050000001
JPO Tanpa Nama,-6.3115025000000005,106.8337761
Jalan Baung,-6.30623705,106.83722015000001
Jalan Pintu Air III,-6.1763881000000005,106.7543306
Jalan Pintu Air II,-6.177025050000001,106.7544248
Jalan Pintu Air I,-6.1779181,106.75470000000001
JPO Tanpa Nama,-6.17926085,106.75429199999998
Jalan Tegal Amba,-6.2229066500000005,106.90542415000002
Gang Simin,-6.325782008016982,106.89961337292533
JPO Tanpa Nama,-6.332278165844814,106.89097653177856
Jalan Mangga Besar 13,-6.14136985,106.82695435
Jalan Mangga Besar XIII,-6.142587551150728,106.82398134799273
JPO Tanpa Nama,-6.14574265,106.82764109999998
LRT Jabodebek,-6.253660172669839,106.94550976408905
Transjakarta Busway Koridor 10,-6.162546600000001,106.88132214999999
Jalan Tantangan,-6.159871727716097,106.88355553391735
JPO Tanpa Nama,-6.3142254,106.92281385000003
Jalan Mabes 2,-6.324557600000001,106.92093475
JPO Tanpa Nama,-6.31885795,106.9130703
JPO Tanpa Nama,-6.3188542000000005,106.9128897
JPO Tanpa Nama,-6.3186229,106.91371054999999
Jalan Setu Indah IV,-6.31682815,106.91463964999998
Jalan Terusan Mabes Hankam,-6.315334399999999,106.9146727
Jalan Tiara Bangsa,-6.312245949999999,106.91597075000001
Jalan Tol Lingkar Luar Jakarta,-6.31203935,106.91596805
Jalan Tol Lingkar Luar Jakarta,-6.3119139,106.91595445
Jalan Rukun,-6.308064950000001,106.91683699999999
JPO Tanpa Nama,-6.31805095,106.91846989999999
Gang Kramat III,-6.3199452333009525,106.91955907303368
JPO Tanpa Nama,-6.318162193451603,106.91765359276224
Jalan Lingkungan III,-6.1169749,106.71317615000001
Jalan Palapa,-6.12413965,106.72099285
Jalan Mirinda,-6.1229758499999996,106.72015735
Jalan Kamal Raya,-6.109522187589402,106.71260797661796
Jalan Bhakti Mulya,-6.1162766,106.71420665
Jalan Perkutut 3,-6.112378200000001,106.71301855
Jalan Sumbawa,-6.12532415,106.7217476
Jalan Bandung,-6.12234095,106.7197012
Jalan Mushola,-6.12057045,106.7185734
JPO Tanpa Nama,-6.104465067946124,106.71698405673256
Gang Jenggot,-6.10573055,106.71208060000002
Jalan Pagelarang,-6.3022746000000005,106.914863
Jalan Haji Karim,-6.3115106999999995,106.90689455
Jalan Tol Lingkar Luar Jakarta,-6.3118313,106.90679675000001
Jalan Tol Lingkar Luar Jakarta,-6.311722,106.9068217
Jalan Bambu Wulung,-6.318495611981758,106.90610382932213
JPO Tanpa Nama,-6.3074249,106.910061
JPO Tanpa Nama,-6.341061522618987,106.91818879277986
JPO Tanpa Nama,-6.34021207241274,106.91878364273886
JPO Tanpa Nama,-6.340133718832026,106.91884030440762
Jalan Swadaya,-6.3518898,106.86244495
JPO Tanpa Nama,-6.35221385,106.86170245
JPO Tanpa Nama,-6.334454100000001,106.86756035
JPO Tanpa Nama,-6.33789995,106.86825555000001
Jalan Bely,-6.3327070999999995,106.8673713
Jalan Delima Emas Raya,-6.207313928783906,107.0067949554604
JPO Tanpa Nama,-6.209748821475095,107.00565618968864
Jalan Sukamto,-6.3393463500000005,106.86866330000001
Jalan Gandaria,-6.34518045,106.86747675000001
JPO Tanpa Nama,-6.230233540841268,106.9100382448451
Jalan Haji Kelik,-6.2086273,106.7648646
JPO Tanpa Nama,-6.1881159,106.78294365
Jalan Kebon Jeruk Raya,-6.1989049,106.7777109
Jalan Tol Jakarta–Merak,-6.185453150000001,106.78273035000001
Jalan Tol Jakarta–Merak,-6.18534985,106.7826429
Jalan Arjuna Utara,-6.18525375,106.78261215
Jalan Arjuna Selatan,-6.18554005,106.78275385
Jalan Aries Utama I,-6.195184449999999,106.74769005
Jalan Pinggir Dermaga,-6.188697550000001,106.97101375
JPO Tanpa Nama,-6.35051455,106.86457459999998
JPO Tanpa Nama,-6.3910536,106.82150175000001
JPO Tanpa Nama,-6.391221090571708,106.82190999415506
JPO Tanpa Nama,-6.3911236,106.8216725
Jalan Bendungan Jago,-6.1601173,106.855208
JPO Tanpa Nama,-6.134778750000001,106.71999794999999
JPO Tanpa Nama,-6.13103015,106.7165832
Jalan Taman Surya Prasetya,-6.1311245,106.7167636
Kelapa Gading Barat,-6.1210704499999995,106.70415880000002
JPO Tanpa Nama,-6.121176500000001,106.7042351
Jalan Sunter Bendungan Jago,-6.1549462,106.8622111
Jalan Sunter Kemayoran,-6.15377805,106.86035145
Taman Surya Boulevard 1,-6.13247485,106.71791605000001
Taman Surya Boulevard 1,-6.132394349999999,106.71783495000001
Jalan Satu Maret,-6.1229367,106.70593765
Jalan Palem Raja Utama,-6.124794,106.70762605
Jalan Palem Raja Utama,-6.12470255,106.7075454
Jalan Kelapa Gading Permai,-6.1194966,106.7026917
Jalan Taman Malaka Selatan,-6.2306237,106.9233303
Jalan Raya Pondok Kelapa,-6.2401581,106.93438455000002
JPO Tanpa Nama,-6.2286287,106.92350245
Transjakarta Busway Koridor 12,-6.134774248514405,106.83158704963824
Jalan Raya Bogor,-6.3064082867353015,106.86497913991647
Gang Sejahtera I C,-6.309158873421254,106.86462045224454
JPO Tanpa Nama,-6.30080705224419,106.80589370418565
Jalan Wira Kencana VI,-6.337308999999999,106.9024378
Gang Bambu Tamiang,-6.338533719590028,106.89645952703923
Jalan Hankam Cilangkap,-6.33072855,106.9085833
Jalan Basuki,-6.333784100000001,106.90574480000002
Jalan Hankam Cilangkap,-6.330714500000001,106.90653795
Jalan Wira Kencana IV,-6.337800799999999,106.9022826
Jalan Wira Kencana VIII,-6.33679235,106.90267065
Jalan Wira Kencana II,-6.3384207,106.9021255
JPO Tanpa Nama,-6.3392184,106.90193205
Jalan Cilangkap Raya,-6.33992815,106.90168365
JPO Tanpa Nama,-6.3358633,106.90305525
Jalan Wira Kencana,-6.3354534000000005,106.90321065
Jalan Kebon Jeruk XIX,-6.1502852,106.82056720000001
Jalan Lapangan Tembak,-6.29748665,106.8054301
Jalan Bhakti,-6.30717085,106.8082553
Jalan Margasatwa,-6.311033800000001,106.80800235
JPO Tanpa Nama,-6.1834793,106.78161225
JPO Tanpa Nama,-6.1370554,106.84982355
JPO Tanpa Nama,-6.137057697759624,106.84978545888576
JPO Tanpa Nama,-6.207746,106.8217114
JPO Tanpa Nama,-6.3296011,106.9087811
Jalan Bulevar Utara Kelapa Gading,-6.175962,106.89491779999999
Jalan Bulevar Utara Kelapa Gading,-6.175792700000001,106.89481455
Jalan Kirana Avenue,-6.174832350000001,106.89347710000001
Pantai Indah,-6.120534142111869,106.84771433642224
Jalan Logistik,-6.1374122,106.91449549999999
JPO Tanpa Nama,-6.178568245017023,106.83174024187775
JPO Tanpa Nama,-6.1794860499999995,106.82302535000001
JPO Tanpa Nama,-6.17436575,106.83056055
Jalan Buah,-6.3295645,106.8656473
Jalan Gongseng Raya,-6.3261485,106.8636151
Jalan Lebak Para,-6.31869325,106.85511395
Jalan Lebak Sawah,-6.320131350000001,106.8520468
Jalan Jati,-6.31143695,106.86227255
Jalan Lebak Sawah,-6.3191939,106.85320195
JPO Tanpa Nama,-6.3214458,106.85195845000003
JPO Tanpa Nama,-6.329917650000001,106.86612295000002
Jalan Bengrah,-6.32395015,106.8641835
JPO Tanpa Nama,-6.213080070124593,106.81963300714301
JPO Tanpa Nama,-6.18688146988615,106.82308455339677
JPO Tanpa Nama,-6.147102392138603,106.81610134412429
JPO Tanpa Nama,-6.137679180394464,106.81741409890928
JPO Tanpa Nama,-6.13607695,106.8264661
JPO Tanpa Nama,-6.1356494999999995,106.8296291
JPO Tanpa Nama,-6.151763450000001,106.8356345
JPO Tanpa Nama,-6.156655949999998,106.836859
JPO Tanpa Nama,-6.1742890500000005,106.84120270000001
JPO Tanpa Nama,-6.18293395,106.84329075
JPO Tanpa Nama,-6.1844479690133864,106.843949055782
JPO Tanpa Nama,-6.188178863194203,106.84609762327855
JPO Tanpa Nama,-6.1914096914798975,106.8478934900929
JPO Tanpa Nama,-6.199109394558563,106.85432028355063
JPO Tanpa Nama,-6.214888710395455,106.87783933063263
JPO Tanpa Nama,-6.214651194866395,106.88185424189221
JPO Tanpa Nama,-6.213615955571056,106.88999022733518
JPO Tanpa Nama,-6.213605549823596,106.90251259523876
JPO Tanpa Nama,-6.214223,106.91115170000002
JPO Tanpa Nama,-6.215186850472859,106.9182189037921
JPO Tanpa Nama,-6.216000852537079,106.9243552751375
JPO Tanpa Nama,-6.216795708665772,106.93102895878194
Jalan Gunung Raya Cirendeu,-6.3005526,106.76401485
Jalan Insinyur Haji Juanda,-6.290622249999999,106.76670435
Jalan Insinyur Haji Juanda,-6.290698657455108,106.76675413070382
JPO Tanpa Nama,-6.3121429,106.77473615
Jalan KH. Ahmad Dahlan,-6.2968804,106.7676993
JPO Tanpa Nama,-6.2875643055892345,106.78549456905634
JPO Tanpa Nama,-6.29030645,106.78515320000001
JPO Tanpa Nama,-6.314286429197562,106.8725400465122
JPO Tanpa Nama,-6.2407550999999994,106.9930213
JPO Tanpa Nama,-6.2458643,106.99262375
Jalan Eka Darma,-6.32037285,106.86494619999999
JPO Tanpa Nama,-6.226970733758215,106.81753808913676
JPO Tanpa Nama,-6.241677094734495,106.83763942403638
JPO Tanpa Nama,-6.24319669576033,106.85472861197331
JPO Tanpa Nama,-6.243098100311319,106.8630970076307
JPO Tanpa Nama,-6.24597635,106.8721621
JPO Tanpa Nama,-6.239228426088229,106.8781191836722
JPO Tanpa Nama,-6.142752450154625,106.89077234996725
JPO Tanpa Nama,-6.128230749999999,106.89339955
JPO Tanpa Nama,-6.2653593191207655,106.95831416631094
JPO Tanpa Nama,-6.255934370664345,106.90796097018143
JPO Tanpa Nama,-6.245798944896664,106.88827488768807
JPO Tanpa Nama,-6.1921338977074285,106.87383983527859
JPO Tanpa Nama,-6.192763839388719,106.86441581826789
JPO Tanpa Nama,-6.194503755448548,106.86079154189268
Jembatan Penyeberangan Orang Pasar Pramuka,-6.196897448510083,106.85726482327645
JPO Tanpa Nama,-6.196976137309304,106.85119371918596
JPO Tanpa Nama,-6.153762257331611,106.79418026250477
JPO Tanpa Nama,-6.196965200000001,106.79805525
JPO Tanpa Nama,-6.184856618832048,106.79692387385255
JPO Tanpa Nama,-6.294288399999999,106.9567564
JPO Tanpa Nama,-6.299551,106.9519747
JPO Tanpa Nama,-6.306403599999999,106.93874665
JPO Tanpa Nama,-6.31002815,106.9284145
JPO Tanpa Nama,-6.31189075,106.90902055000001
JPO Tanpa Nama,-6.308472849999999,106.8691984
JPO Tanpa Nama,-6.3056469832476365,106.85696784107539
JPO Tanpa Nama,-6.305025499999999,106.8545823
JPO Tanpa Nama,-6.3041817,106.8483517
JPO Tanpa Nama,-6.3013528,106.83596235
JPO Tanpa Nama,-6.2910582999999995,107.02696755
Jalan Haji Niming,-6.183059549999999,106.7793224
Jalan Damai,-6.1656708,106.77477714999999
Jalan Macan,-6.1646076999999995,106.77259169999999
Jalan Kali Sekretaris,-6.1667024999999995,106.7795546
JPO Tanpa Nama,-6.29213305,106.81239719999999
JPO Tanpa Nama,-6.292332974053231,106.80897349511456
JPO Tanpa Nama,-6.292319000132152,106.8024211625146
JPO Tanpa Nama,-6.292185249999999,106.7896789
JPO Tanpa Nama,-6.2902061044513395,106.7798648056956
JPO Tanpa Nama,-6.2851478499999995,106.77532285000001
JPO Tanpa Nama,-6.2420227,106.75873645
JPO Tanpa Nama,-6.2287646,106.75144965000001
JPO Tanpa Nama,-6.211369452186855,106.74138959957797
JPO Tanpa Nama,-6.16812085,106.72770990000001
JPO Tanpa Nama,-6.105626,106.74069985
JPO Tanpa Nama,-6.191378234121539,106.74452797119285
JPO Tanpa Nama,-6.190202104630735,106.76197164408799
JPO Tanpa Nama,-6.26125015,106.87315805
JPO Tanpa Nama,-6.2695836,106.87262985000001
JPO Tanpa Nama,-6.272937790378944,106.87275503848855
JPO Tanpa Nama,-6.287021449999999,106.87778935
Jalan Patra Kuningan 7,-6.23561985,106.83636680000002
JPO Tanpa Nama,-6.183578713240117,106.92517152545555
JPO Tanpa Nama,-6.182661314245254,106.91613935939387
JPO Tanpa Nama,-6.167569147859248,106.87282385586231
JPO Tanpa Nama,-6.170319838496701,106.8667447749806
JPO Tanpa Nama,-6.172414740081195,106.86230117330533
Jalan Pendidikan III,-6.3156201,106.86327504999998
JPO Tanpa Nama,-6.173949928738849,106.857854907935
JPO Tanpa Nama,-6.174390948685085,106.85491831501805
JPO Tanpa Nama,-6.178031719420776,106.84232182151939
JPO Tanpa Nama,-6.143929,106.82452244999998
Gang Laosupan 2,-6.145546849999999,106.8254697
Gang Buntu,-6.14757435,106.82056895
JPO Tanpa Nama,-6.167076069853601,106.78780730947179
JPO Tanpa Nama,-6.1654295,106.783631
JPO Tanpa Nama,-6.16348776267311,106.77555135225185
JPO Tanpa Nama,-6.15796635,106.75927415000001
JPO Tanpa Nama,-6.155443913162793,106.74894746181906
JPO Tanpa Nama,-6.154949437776257,106.74314799760458
JPO Tanpa Nama,-6.154751687288118,106.7382312596159
JPO Tanpa Nama,-6.1546213097526365,106.73306203902894
JPO Tanpa Nama,-6.239891399999999,106.79673145000002
JPO Tanpa Nama,-6.242182556233552,106.82570899537978
JPO Tanpa Nama,-6.310095693083092,106.89739051959495
Gang Aba 1,-6.309382920749602,106.90542373764283
JPO Tanpa Nama,-6.251952310872506,106.8269272262299
JPO Tanpa Nama,-6.262444869133798,106.82988393411472
JPO Tanpa Nama,-6.285678995424048,106.82614921319721
JPO Tanpa Nama,-6.291255908992502,106.82350489026905
Jalan Mars Raya,-6.31656185,106.7798547
Jalan Haji Saikin,-6.28466945,106.76626974999999
JPO Tanpa Nama,-6.2783209499999995,106.76929425
Jalan Tol Lingkar Luar Jakarta,-6.27828065,106.76937305000001
Jalan Tol Lingkar Luar Jakarta,-6.278194900000001,106.76948164999999
JPO Tanpa Nama,-6.2781139,106.7695474
JPO Tanpa Nama,-6.334679001625978,106.74953597437153
JPO Tanpa Nama,-6.28465235,106.84423785
JPO Tanpa Nama,-6.286664249999999,106.84380325
JPO Tanpa Nama,-6.1668702,106.78887074999999
JPO Tanpa Nama,-6.1667753698367855,106.79046319578157
JPO Tanpa Nama,-6.166527599999999,106.7934349
JPO Tanpa Nama,-6.16602815,106.8045755
Jalan Bambu Wulung,-6.31617745,106.90048454999999
JPO Tanpa Nama,-6.3187306,106.89857964999999
Jalan Damai,-6.3175133500000005,106.8997311
JPO Tanpa Nama,-6.3165391,106.90611154999999
JPO Tanpa Nama,-6.1923024396831305,106.90508497147358
JPO Tanpa Nama,-6.2096152,106.90165440000001
JPO Tanpa Nama,-6.1976993,106.90506105
JPO Tanpa Nama,-6.239860602935116,106.80061356761448
JPO Tanpa Nama,-6.2388533,106.81580055
JPO Tanpa Nama,-6.15009665,106.7726169
JPO Tanpa Nama,-6.164596496111271,106.76303299988355
JPO Tanpa Nama,-6.2008674,106.7691309
JPO Tanpa Nama,-6.302060285728413,106.86795484864928
JPO Tanpa Nama,-6.268918079875656,106.8667472378717
JPO Tanpa Nama,-6.262597493981866,106.86628267010883
JPO Tanpa Nama,-6.257940029182048,106.86985447688008
JPO Tanpa Nama,-6.197427594056123,106.87407309415356
JPO Tanpa Nama,-6.177306595536995,106.87606754646899
JPO Tanpa Nama,-6.174078283854103,106.87618709585884
JPO Tanpa Nama,-6.13146555,106.8466535
JPO Tanpa Nama,-6.1935426455785265,106.8988236268274
JPO Tanpa Nama,-6.18430195,106.9428457
JPO Tanpa Nama,-6.1842044000000005,106.9427795
Transjakarta Busway Koridor 13,-6.2400594,106.8286234
Jalan Lebak Bulus I,-6.29706575,106.78530205
JPO Tanpa Nama,-6.1307879000000005,106.83067679999999
JPO Tanpa Nama,-6.13081685,106.83068510000001
JPO Tanpa Nama,-6.233207727417558,106.83134931104475
JPO Tanpa Nama,-6.207170998465125,106.84125134526492
JPO Tanpa Nama,-6.26147655,106.78212024999999
JPO Tanpa Nama,-6.26489235,106.78364945000001
JPO Tanpa Nama,-6.26618835,106.78360430000001
JPO Tanpa Nama,-6.224992089647679,106.85490125398374
JPO Tanpa Nama,-6.22497255,106.8630893
JPO Tanpa Nama,-6.2265988725485215,106.88073978857405
JPO Tanpa Nama,-6.224546500000001,106.8724473
JPO Tanpa Nama,-6.204954150000001,106.81662734999999
JPO Tanpa Nama,-6.18472935,106.815021
JPO Tanpa Nama,-6.13449315,106.75254539999999
JPO Tanpa Nama,-6.1466592,106.7499417
JPO Tanpa Nama,-6.1604018499999995,106.81430810000002
JPO Tanpa Nama,-6.15730525,106.8431944
JPO Tanpa Nama,-6.152089263069916,106.8546984629705
JPO Tanpa Nama,-6.155862649999999,106.8637555
JPO Tanpa Nama,-6.15646995,106.86483574999998
JPO Tanpa Nama,-6.15969185,106.87063069999999
JPO Tanpa Nama,-6.1603353,106.8719342
JPO Tanpa Nama,-6.2886367,106.8067629
JPO Tanpa Nama,-6.23878755,106.8023862
JPO Tanpa Nama,-6.313474188192707,106.86347755760984
JPO Tanpa Nama,-6.310399318759509,106.86524583187608
JPO Tanpa Nama,-6.154745950000001,106.91112039999999
JPO Tanpa Nama,-6.243904991466707,106.86865466872806
JPO Tanpa Nama,-6.225581999999999,106.86675329999998
JPO Tanpa Nama,-6.186544148888391,106.80821107000635
JPO Tanpa Nama,-6.16742425,106.82295314999999
JPO Tanpa Nama,-6.16764795,106.82783745
JPO Tanpa Nama,-6.16645045,106.83304045
JPO Tanpa Nama,-6.16563805,106.83519365000001
JPO Tanpa Nama,-6.13322173956656,106.79267224920127
JPO Tanpa Nama,-6.152420327018056,106.795129446261
JPO Tanpa Nama,-6.202997549999999,106.8902057
JPO Tanpa Nama,-6.2037184,106.89019214999999
JPO Tanpa Nama,-6.20463515,106.8901624
JPO Tanpa Nama,-6.2070223,106.89017845000001
JPO Tanpa Nama,-6.2079085,106.8902624
JPO Tanpa Nama,-6.2084819499999995,106.89047310000001
JPO Tanpa Nama,-6.2095458,106.89095355
JPO Tanpa Nama,-6.20989265,106.8911073
JPO Tanpa Nama,-6.211098190060824,106.89063153527609
JPO Tanpa Nama,-6.2103396,106.89195895
JPO Tanpa Nama,-6.2102135999999994,106.8923021
JPO Tanpa Nama,-6.210101549999999,106.8925682
JPO Tanpa Nama,-6.210008650000001,106.8933915
JPO Tanpa Nama,-6.210077549999999,106.89389315
JPO Tanpa Nama,-6.21014075,106.8942596
JPO Tanpa Nama,-6.210283450000001,106.89456350000002
JPO Tanpa Nama,-6.210769131579727,106.89525032261979
JPO Tanpa Nama,-6.2128818500000005,106.89853729999999
JPO Tanpa Nama,-6.21279395,106.8981541
JPO Tanpa Nama,-6.212778500000001,106.9001848
JPO Tanpa Nama,-6.229091175097409,106.88877627401494
JPO Tanpa Nama,-6.1873338978778305,106.97159545222169
JPO Tanpa Nama,-6.2018621,106.8885171
JPO Tanpa Nama,-6.25570785,106.85160540000001
JPO Tanpa Nama,-6.245434500000001,106.90223879999999
JPO Tanpa Nama,-6.249976300000001,106.94204059999998
JPO Tanpa Nama,-6.249484002938245,106.96545905462636
JPO Tanpa Nama,-6.200235610644252,106.85286807561177
JPO Tanpa Nama,-6.1617675,106.85407695
JPO Tanpa Nama,-6.1607024500000005,106.85473255
JPO Tanpa Nama,-6.159468576139709,106.85574133854931
JPO Tanpa Nama,-6.1571321,106.8569017
JPO Tanpa Nama,-6.15635685,106.85778765
JPO Tanpa Nama,-6.154504100000001,106.8594501
JPO Tanpa Nama,-6.214401843285341,106.93958180188483
JPO Tanpa Nama,-6.2124296892883395,106.94212070884338
JPO Tanpa Nama,-6.212543771342144,106.9452192089687
JPO Tanpa Nama,-6.13946985,106.86002815
JPO Tanpa Nama,-6.139571299999999,106.85984699999999
JPO Tanpa Nama,-6.13774350347004,106.87009337918525
JPO Tanpa Nama,-6.204079931822354,106.70354355848256
JPO Tanpa Nama,-6.1941906499999995,106.71610094999998
JPO Tanpa Nama,-6.36557805,106.89461949999999
JPO Tanpa Nama,-6.3076358500000005,106.8643381
Jalan Bojong Sari,-6.2320603000000006,106.92876765
JPO Tanpa Nama,-6.1529044,106.7220781
JPO Tanpa Nama,-6.1531192068660605,106.71879942349449
JPO Tanpa Nama,-6.154863106042529,106.71488013403307
Jembatan Penyeberangan,-6.1585073999999995,106.69980115
JPO Tanpa Nama,-6.161621,106.68163705
JPO Tanpa Nama,-6.16621845,106.6472953
JPO Tanpa Nama,-6.175577891630544,106.62980880356511
JPO Tanpa Nama,-6.175569,106.62994355000001
JPO Tanpa Nama,-6.200259600000001,106.62824115
JPO Tanpa Nama,-6.2077089999999995,106.62815094999999
JPO Tanpa Nama,-6.212999747563264,106.62944265995958
JPO Tanpa Nama,-6.2160022,106.6305311
JPO Tanpa Nama,-6.220868100000001,106.63341689999999
JPO Tanpa Nama,-6.225793599999999,106.63780030000002
JPO Tanpa Nama,-6.229054112993754,106.64041501170668
JPO Tanpa Nama,-6.23054555,106.64139915000001
JPO Tanpa Nama,-6.236864499999999,106.64554625
JPO Tanpa Nama,-6.2440065,106.6489751
JPO Tanpa Nama,-6.262450427920801,106.65387585019546
JPO Tanpa Nama,-6.271288,106.65551464999999
JPO Tanpa Nama,-6.27792535,106.66105440000001
JPO Tanpa Nama,-6.2810029499999995,106.66301010000002
JPO Tanpa Nama,-6.29110275,106.66588905
JPO Tanpa Nama,-6.295326637054586,106.66630758830553
JPO Tanpa Nama,-6.299180922468629,106.66778899090365
JPO Tanpa Nama,-6.3045998,106.6691669
JPO Tanpa Nama,-6.300714065015523,106.70447308347438
JPO Tanpa Nama,-6.289614650000001,106.726467
JPO Tanpa Nama,-6.26616945,106.75012240000001
JPO Tanpa Nama,-6.2541835,106.7610959
Jalan Raya Pondok Kelapa Selatan,-6.249202099999999,106.93563555
Jalan Raya Pondok Kelapa Selatan,-6.248993984571484,106.93566975055941
JPO Tanpa Nama,-6.264533200000002,106.7852455
Jalan Margaguna Raya,-6.26286715,106.7852867
Jalan Margaguna Raya,-6.262996449999999,106.7852895
Jalan Pondok Kelapa I,-6.2431456999999995,106.9367209
JPO Tanpa Nama,-6.24082095,106.93624075
JPO Tanpa Nama,-6.2485764,106.93245490000001
Jalan Tipar Kavling DKI,-6.23931495,106.9340377
Jalan Tipar Kavling DKI,-6.2394713,106.93178685000002
JPO Tanpa Nama,-6.299502049999999,106.8731468
JPO Tanpa Nama,-6.2902525247138055,106.90192092838812
MRT Jakarta Jalur Utara-Selatan,-6.278411689222071,106.79733201281503
MRT Jakarta Jalur Utara-Selatan,-6.2445870759401085,106.79811716711833
MRT Jakarta Jalur Utara-Selatan,-6.2430537455128405,106.7982107594772
MRT Jakarta Jalur Utara-Selatan,-6.2460764,106.79800155000001
Jalan Kedoya Pesing,-6.1618678,106.76659855
Jalan Daan Mogot,-6.157830097642435,106.76769190153821
JPO Tanpa Nama,-6.16777165,106.75345584999998
JPO Tanpa Nama,-6.33538575,106.86583225
JPO Tanpa Nama,-6.33414915,106.86488335
Jalan Bely,-6.33316095,106.86380045
Jalan Melati,-6.32911225,106.86121075
Jalan Bendera Raya,-6.3296209,106.8601984
Jalan Mawar,-6.3273414500000005,106.86077990000001
Jalan Bendera VII,-6.3278496,106.86088185
Jalan Buah,-6.3312339,106.8622972
JPO Tanpa Nama,-6.259824350000001,106.785373
JPO Tanpa Nama,-6.260876793269106,106.78557261924861
JPO Tanpa Nama,-6.2609046500000005,106.7855041
Jalan Poncol Raya,-6.273899,106.7931
JPO Tanpa Nama,-6.27510565,106.7931561
Jalan Poncol II,-6.27545575,106.79323529999998
JPO Tanpa Nama,-6.276375999999999,106.7938356
JPO Tanpa Nama,-6.277096600000001,106.79412840000002
Jalan Shofamarwa 3,-6.358544950000001,106.8721586
Gang Garuda 3,-6.3555420499999995,106.87323885
JPO Tanpa Nama,-6.35915132922785,106.8807372240558
Jalan Safamarwah,-6.35935615,106.87183405
Jalan Lapangan Tembak,-6.34542605,106.8720422
Gang Jambu,-6.321092,106.83584139999999
Jalan Baret Biru III,-6.3314742,106.84690405
Jalan Lebak Bulus III,-6.30195775,106.7896926
Jalan Dharma Wanita III,-6.1554939,106.73019005000002
Jalan Dharma Wanita I,-6.1569147,106.72995069999999
Jalan Flamboyan,-6.16442515,106.7472105
Gang 69,-6.159288818553081,106.74670309929998
Gang Nurul Amal 1,-6.16198425,106.74613645
Jalan Cempaka V,-6.161391699999999,106.74605145
Jalan Klingkit IV,-6.162409167958492,106.74612941021854
Jalan Nusa Indah,-6.163243899999999,106.74697565000001
Jalan Guru Ma'mun,-6.1553176,106.73097725
JPO Tanpa Nama,-6.1549554,106.7354581
JPO Tanpa Nama,-6.15515895,106.74311965000001
Jalan Pulo Nangka,-6.1552466,106.73788595
Jalan Yos Sudarso,-6.111455810219928,106.89296192905525
Jalan Cibanteng,-6.1141669,106.89660455000002
Jalan Deli,-6.112056684973185,106.89936406358744
Jalan Profesor Doktor Hamka,-6.2253737127713595,106.8369360709215
Jalur Sependa Kanal Banjir Tim.,-6.222814850000001,106.94608704999997
Jalan Tol Dalam Kota Jakarta,-6.203221880362489,106.8005108219146
Jalan Warakas Raya,-6.1146951000000005,106.87967554999999
Jalan Enim,-6.11115295,106.88416815
Jalan Pinangsia Timur,-6.140680097284076,106.81737140788917
Jalan Amil Sa'alih,-6.2937144,106.89588625
JPO Tanpa Nama,-6.2953671500000015,106.8945567
Jalan Cipeucang II,-6.11286235,106.90306964999999
Jalan Cipeucang III,-6.1133974,106.90306995
Jalan Cipeucang IV,-6.1139043,106.90310339999999
Jalan Cipeucang V,-6.114409,106.90312879999999
Jalan F Rawa Badak,-6.1151339,106.90315215000001
"Transjakarta Busway Koridor 8, 9",-6.173832900000001,106.79013044999999
JPO Tanpa Nama,-6.1815084,106.7936964
Jalan Kebon Jeruk XV,-6.1533501500000005,106.82135805
Jalan Tamansari X,-6.15383475,106.82156864999999
Jalan Tamansari VIII,-6.1567555,106.82267980000002
Jalan Mangga Besar IV R,-6.15571695,106.8223912
Jalan Mangga Besar IV P,-6.15508545,106.82223909999998
Jalan Mangga Besar Raya,-6.1493573999999995,106.8204537
Jalan Mangga Besar Raya,-6.14947305,106.8204326
Jalan Kebon Jeruk XVII,-6.15135265,106.82083065
Jalan Kebon Jeruk XVIII,-6.151002299999999,106.8207583
Jalan Kebon Jeruk XIII,-6.1543198,106.82185005
Jalan Kebon Jeruk III,-6.157927850000001,106.82320844999998
Jalan Kebon Jeruk II,-6.1582802999999995,106.82344144999999
Jalan Puskesmas,-6.33517335,106.84911435000001
Jalan Blustru,-6.1451387,106.81802210000001
Jalan Bhinneka,-6.29832165,106.8947648
Jalan Manunggal XVII,-6.2972196,106.89425375000002
JPO Tanpa Nama,-6.291153850000001,106.89870690000001
Jalan Gorda,-6.2919944999999995,106.89734204999999
JPO Tanpa Nama,-6.290859599999999,106.89885875
Gang Haji Nian,-6.28946155,106.90161570000001
Jalan Masjid Al Umar 2,-6.284791800000001,106.90882049999999
JPO Tanpa Nama,-6.28742445,106.91002185
JPO Tanpa Nama,-6.28626775,106.90527660000001
JPO Tanpa Nama,-6.286307750000001,106.9052055
Jalan Lubang Buaya Raya,-6.286304599999999,106.9050282
Jalan Masjid Al Umar,-6.28477555,106.9080074
Jalan Tol Dalam Kota Jakarta,-6.200206904621015,106.79893263214257
Jalan Tol Dalam Kota Jakarta,-6.200164230577089,106.79904058457805
JPO Tanpa Nama,-6.31153125,106.88190335
Gang Djaimun,-6.31513915,106.8792127
JPO Tanpa Nama,-6.315098728999728,106.88195308420778
Jalan Kemanggisan Utama,-6.18973295,106.7939279
Jalan Kemanggisan Utama,-6.18981155,106.7939192
Jalan Bugis 1,-6.1156727,106.88456755
JPO Tanpa Nama,-6.293165548195395,106.80490440099541
Jalan Paradiso Eksekutif,-6.28665395,106.80899149999999
Jalan Paradiso Eksekutif,-6.2858785,106.80933285
Jalan Jembatan Gantung,-6.155731906377634,106.74835152269979
Transjakarta Busway Koridor 3,-6.1553678,106.748006
Jalan Daan Mogot,-6.15542235,106.74794705
JPO Tanpa Nama,-6.34930325,106.8655991
Jalan SMA 99,-6.35103785,106.86852804999998
JPO Tanpa Nama,-6.3429845,106.86869365
Jalan Kalisari,-6.34059245,106.86904935
Jalan Asrama Polri,-6.336521749999999,106.86787584999999
JPO Tanpa Nama,-6.3380632603430636,106.86664226684337
JPO Tanpa Nama,-6.338846950000001,106.866243
Jalan Podomoro Avenue,-6.1749913,106.7911386
JPO Tanpa Nama,-6.1743146,106.7101538
Jalan Kosambi Baru,-6.1684406,106.71905204999999
Jalan Masjid Nurul Iman,-6.1838082,106.7242958
Jalan Swadaya,-6.3267842000000005,106.8602805
Jalan Gongseng Raya,-6.3258387,106.8601993
JPO Tanpa Nama,-6.3228542,106.8596794
Jalan Haji Muin,-6.3216064,106.85978985000001
Gang Salam 6,-6.32014165,106.8594178
Gang Kesehatan,-6.3195673,106.85956855
Gang Restu IV,-6.318874700000001,106.85932030000001
Jalan Pertengahan,-6.31791515,106.85903379999999
Jalan RA. Fadillah,-6.3156008,106.8585688
Jalan RA. Fadillah,-6.3154809499999995,106.85846975000001
Jalan Jati,-6.3113726,106.862288
Jalan Timbul Jaya,-6.15323955,106.72201394999999
JPO Tanpa Nama,-6.1547737,106.72069925
Gang M. Zaman,-6.153632,106.72073515
Jalan Timbul Jaya,-6.158101099999999,106.72193845
Jalan Rawa Badak Barat,-6.118827,106.90332879999998
Gang Kali,-6.31650475,106.8819726
Jalan Penganten Ali,-6.317455799999999,106.88100310000002
Jalan Jampea,-6.1088507,106.9067489
Jalan Jampea,-6.1085438,106.9068343
JPO Tanpa Nama,-6.119585186570239,106.90338192770876
Jalan Rawa Binangun III,-6.1173766,106.89821679999999
Jalan Beringin,-6.306559200000001,106.86463140000001
Jalan Anyelir,-6.30834705,106.86363075
JPO Tanpa Nama,-6.3063308,106.8647626
Jalan Tahi Bonar Simatupang,-6.30600425,106.86498399999999
Gang 16,-6.1253525,106.8756347
Gang 20,-6.12490125,106.87338725000001
Gang 8,-6.126068249999999,106.87959474999998
Jalan Gang 21,-6.1248225000000005,106.87290445
Jalan Warakas X Gang 21,-6.122295,106.8720528
Jalan Warakas VI,-6.12575685,106.8777616
JPO Tanpa Nama,-6.11746135,106.8760111
Jalan Warakas Gang 15,-6.124536,106.875149
JPO Tanpa Nama,-6.35873045,106.88029374999999
Jalan Terate,-6.16663365,106.7519355
Jalan Raya Basmol,-6.1663387499999995,106.7490938
Jalan Rawa Binong,-6.29801045,106.9048905
Jalan Delima Empang,-6.297054,106.90571265
Jalan Kramat III,-6.2934585499999995,106.90929919999998
JPO Tanpa Nama,-6.292009058742663,106.90827135488247
Jalan Kembangan Utara,-6.1721343,106.73308485
Jalan Lingkar Luar Barat,-6.17631745,106.7281728
Jalan Lingkar Luar Barat,-6.17606185,106.7286192
JPO Tanpa Nama,-6.308111650000001,106.885841
Gang Haji Sirun,-6.3066631287393395,106.88790502198641
JPO Tanpa Nama,-6.2345127,106.75430739999999
Jalan Palem VIII,-6.22521475,106.7600121
Jalan Palem I,-6.2285107,106.75438145000001
JPO Tanpa Nama,-6.227338106202974,106.75903368892159
Jalan Entong Rinen,-6.32014775,106.88862119999999
Jalan Pulau Biru Besar,-6.1693412,106.7392054
Jalan Tol Lingkar Luar Jakarta,-6.174815000000001,106.72833800000001
Jalan Tol Lingkar Luar Jakarta,-6.18006431160844,106.7288189950405
Jalan Tol Lingkar Luar Jakarta,-6.17628835,106.72831099999999
Jalan Tol Lingkar Luar Jakarta,-6.176258000000001,106.72842905
Jalan Plumpang Semper,-6.130731124454669,106.89418161664045
Jalan Alur Laut,-6.119604799999999,106.89905965000001
Jalan Pembangunan I,-6.12345775,106.8972246
JPO Tanpa Nama,-6.1185981,106.89839914999999
Jalan Haji Aom,-6.248613799999999,106.78884024999999
Jalan STM Walang,-6.13349095,106.90394085
Transjakarta Busway Koridor 6,-6.2790608500000005,106.82925904999999
Jalan Anggrek,-6.23113745,106.75292189999999
Jalan Haji Misan,-6.2326615499999996,106.7529566
Jalan Palem V,-6.2261503000000005,106.75455219999999
JPO Tanpa Nama,-6.2246070499999995,106.75313875000002
Jalan Ciledug Raya,-6.237457,106.76053505
Jalan Ciledug Raya,-6.236367400000001,106.74685654999999
Jalan Ciledug Raya,-6.2375793999999996,106.76055785
Jalan Bendungan Melayu Utara,-6.132149300000001,106.90384220000001
JPO Tanpa Nama,-6.254981600000001,106.78593425
JPO Tanpa Nama,-6.24967462056159,106.78533806546967
Jalan Bulevar Raya,-6.142825050000001,106.9098228
Jalan Bulevar Raya,-6.14194195,106.91176365
Jalan Meruya Ilir,-6.1983854,106.76290215
Jalan Meruya Ilir,-6.198295249999999,106.7628597
Jalan Swasembada Timur XIII,-6.1217856,106.8887924
JPO Tanpa Nama,-6.1135585500000005,106.88971624999999
JPO Tanpa Nama,-6.13755454632468,106.8170225329875
JPO Tanpa Nama,-6.13756175,106.81683025000001
Jalan Tanjung,-6.3332603,106.87734495000001
JPO Tanpa Nama,-6.3315088500000005,106.8782679
Jalan Cipinang,-6.3342683,106.87591925000001
Jalan Malaka Raya,-6.344821550000002,106.88986045000001
Jalan Ciledug Raya,-6.2378184,106.7644836
Jalan Ciledug Raya,-6.2377194,106.76447945000001
Jalan Kampung Sumur,-6.2194719,106.90756655
Jalan Bugis 1,-6.11561995,106.88863235
Jalan Bugis 1,-6.11578065,106.88858975
Jalan Kebon Bawang IX,-6.11443955,106.88929275000001
Jalan Kebon Bawang VIII,-6.1140319000000005,106.8894832
Jalan Kebon Bawang XI,-6.11520455,106.88886305
Jalan Kebon Bawang X,-6.1148086500000005,106.88905865
Jalan Lagoa Kanal,-6.111560100000001,106.88464415
Jalan Swasembada Timur XVIII,-6.11973665,106.88813110000001
Jalan Swasembada Timur XVI,-6.1205569,106.8884002
Jalan Swasembada Timur 25,-6.1169179,106.88816355
JPO Tanpa Nama,-6.25935615,106.92204059999999
Jalan Rawa Kepa Utama,-6.171434857209315,106.80281734789986
Jalan Sinabung,-6.2315801,106.7912838
Jalan Jamblang,-6.235887800000001,106.7860933
Jalan Hang Jebat,-6.236711999999999,106.79362735000001
Jalan Hang Lekiu I,-6.23555505,106.79358095
Jalan Pakubuwono VI,-6.2337013500000005,106.79353595
Jalan Lingkar Barat,-6.133972699999999,106.73044555
Jalan Kamal Cengkareng,-6.13123005,106.7368201
Jalan Boulevard,-6.131957258802398,106.73925020736232
JPO Tanpa Nama,-6.1402484,106.7329829
Jalan City Resort Boulevard,-6.136850092957475,106.7386294729949
JPO Tanpa Nama,-6.1369428,106.7430415
JPO Tanpa Nama,-6.125206761951208,106.73477677718691
Jalan Gerbang Timur Villa Gading Harapan,-6.1800011,107.03881695
Jalan Pisangan Raya,-6.1714143052660395,107.04667950128895
Jalan Raya Boulevard,-6.20041725,107.03514885
Jalan Raya Boulevard,-6.2004545,107.0350587
Jalan Kyai Haji Noer Alie,-6.19859115,107.03671735
Jalan Raya Ujung Harapan,-6.1895568,107.0106451
Jalan Pondok Ungu Permai,-6.1800519000000005,107.01102255000002
Jalan Ruko Candra Baga,-6.183279799999999,107.0110754
JPO Tanpa Nama,-6.1912894000000005,107.01140635
JPO Tanpa Nama,-6.1962171,107.01558115
JPO Tanpa Nama,-6.199559299999999,107.01785795
Jalan Gang Minin,-6.1836291,107.03825315
Jalan Ciputat Raya,-6.260608996080023,106.77642788311331
Jalan Ciputat Raya,-6.2605425922507685,106.77633704476871
Gang Haji Rambdani,-6.1347039500000005,106.90397
Jalan Kyai Haji Mas Mansyur,-6.201075526102907,106.8155320000109
Jalan Tol Dalam Kota Jakarta,-6.203274346136949,106.80041629956168
Jalan Bintaro Utama I,-6.2724028,106.75135595
Jalan Bintaro Tengah,-6.26904765,106.75509885
Jalan Taman Bintaro Barat,-6.2732457,106.75685815
Jalan Taman Bintaro Barat,-6.273287399999999,106.75681415
Jalan Haji Toran,-6.27454175,106.75148935
Jalan Bintaro Puspita Raya,-6.2677242500000006,106.75411205
JPO Tanpa Nama,-6.29145105,106.84450665
Gang Goa Monyet,-6.2888086,106.84909375000001
JPO Tanpa Nama,-6.365516299999999,106.9142885
JPO Tanpa Nama,-6.34781325,106.91724815
Jalan Pondok Ranggon,-6.3454201999999995,106.91211355
Jalan Ganceng,-6.3451241,106.91717505
Gang Pesanggrahan 1,-6.1290562,106.84739429999999
Jalan Swadaya III,-6.35094035,106.90831829999999
JPO Tanpa Nama,-6.3389042999999985,106.91501410000002
Jalan Gading Kirana Timur,-6.14816295,106.89998015000002
Jalan Raya Kelapa Nias,-6.1480418,106.89979375
Jalan Boulevard Barat,-6.1509289,106.88884855
Jalan Pelepah Asri III,-6.14600870613548,106.90594269692785
Jalan Raya Kelapa Nias,-6.148586650000001,106.89996625
Jalan Artha Gading Boulevard,-6.143706642238792,106.89108809928234
Jalan Bukit Gading Raya Boulevard,-6.1558959,106.8958224
Jalan Gading Kirana V,-6.1440082,106.89819889999998
Jalan Gading Kirana V,-6.14394365,106.8981053
JPO Tanpa Nama,-6.148193850000001,106.90510185
JPO Tanpa Nama,-6.14711955,106.90341575
JPO Tanpa Nama,-6.158588,106.89438295
Jalan Tamiang V,-6.160704450000001,106.89338025
Jalan Pulau Jaga Utara,-6.1565893,106.89212739999999
Jalan Pulau Siau,-6.1554769,106.89278385
JPO Tanpa Nama,-6.1395292999999995,106.90336435
JPO Tanpa Nama,-6.15559895,106.88607505
Jalan Warakas II,-6.122105149999999,106.8716325
Jalan Tenis I,-6.1434389,106.7503368
Jalan Pertenakan Raya,-6.14913725,106.7653797
Jalan Kapuk Pulo,-6.1414209500000005,106.7508771
Jalan Kapuk Pulo,-6.1417242000000005,106.75122440000001
Gang Mushola,-6.14576315,106.75656685
Jalan Peternakan Raya,-6.150216870862723,106.77191869784261
JPO Tanpa Nama,-6.3977435499999995,106.88477365
Gang Warakas C,-6.123673999999999,106.87476925
Jalan Danau Bisma,-6.1281327999999995,106.86721139999999
Jalan Danau Bisma,-6.128368399999999,106.8704367
Jalan Danau Sunter Utara,-6.137621149999999,106.87540315000001
Jalan Papanggo 4,-6.128478250000001,106.87558035
Jalan Papanggo I,-6.1266865,106.88241265
Jalan R. E. Martadinata,-6.11993865,106.86619490000001
JPO Tanpa Nama,-6.127932899999999,106.87493065
JPO Tanpa Nama,-6.12144285,106.8698564
JPO Tanpa Nama,-6.12811535,106.87417435
Jalan Warakas Gang 24,-6.121770850000001,106.8706814
Jalur Kereta Api Tanjung Priuk–Kemayoran,-6.1222274500000005,106.8638409
Jalan KH. Muhammad Syafi'i Hadzami,-6.245616549999999,106.7879525
Jalan KH. Muhammad Syafi'i Hadzami,-6.2455409500000005,106.78792715000002
JPO Tanpa Nama,-6.13153192718594,106.8463494949701
JPO Tanpa Nama,-6.157167567819432,106.75280715160547
JPO Tanpa Nama,-6.1565061,106.75464660000002
JPO Tanpa Nama,-6.130695276401865,106.84700727744438
Jalan Gereja Tugu,-6.124688499999999,106.9235625
Pahlawan,-6.1292799,106.9183855
Jalan Cilincing Raya,-6.12227715,106.92637315
Jalan Tol Akses Tanjung Priok,-6.132281589066902,106.9330180206844
Jalan Cakung Cilincing Timur,-6.1223091499999995,106.92687985
Jalur Kereta Api Duri–Tangerang,-6.1621549,106.79004535
JPO Tanpa Nama,-6.1623373,106.7901071
Jalan Profesor Dokter Latumeten,-6.1576749,106.79233675
JPO Tanpa Nama,-6.2283494,106.8828596
Jalan Cipinang Indah 2,-6.229865950000001,106.89079895
Jalan Sawah Barat Dalam I,-6.23009755,106.9049129
JPO Tanpa Nama,-6.22777785,106.92398700000003
JPO Tanpa Nama,-6.227965458113768,106.92635498408376
JPO Tanpa Nama,-6.22833455,106.92991169999999
JPO Tanpa Nama,-6.227822557622706,106.93212970071865
JPO Tanpa Nama,-6.227944034465083,106.93029506325509
JPO Tanpa Nama,-6.22725415,106.93950480000001
JPO Tanpa Nama,-6.228104229960285,106.8807208178305
JPO Tanpa Nama,-6.22947465,106.89010045
Jalan Melati Bakti,-6.2301395500000005,106.9019217
JPO Tanpa Nama,-6.243635740079633,106.79865624206941
JPO Tanpa Nama,-6.30817535,106.88086150000001
JPO Tanpa Nama,-6.1417376,106.91144854999999
Jalan Raya Tipar Cakung,-6.1317985,106.92009759999999
Jalan Raya Tipar Cakung,-6.13670355,106.92163830000001
Gading Griya Lestari,-6.141246499999999,106.91624905000002
Gang Haji Asir,-6.2600306,106.77253145
Jalan Kyai Maja,-6.241848,106.7925343
JPO Tanpa Nama,-6.299733824640217,106.78866671365247
JPO Tanpa Nama,-6.300099484407105,106.79001958068548
JPO Tanpa Nama,-6.29999459692475,106.78931610128791
JPO Tanpa Nama,-6.3009424074829345,106.78912826880232
JPO Tanpa Nama,-6.300310629860861,106.78889367883636
Jalan Tol Lingkar Luar Jakarta,-6.2727089,106.76794715
Jalan Tol Lingkar Luar Jakarta,-6.27269,106.76781324999999
Jalan Tekukur,-6.2813225500000005,106.7518713
Jalan Renggas Raya,-6.2741115352101575,106.75704883482149
Jalan Manyar II,-6.2727112,106.75138910000001
Jalan Bintaro Melati Raya,-6.2660146,106.75301200000001
Jalan Gelatik,-6.2783769,106.75180465
Jalan R. E. Martadinata,-6.11997295,106.86622935000001
Gang Masjid,-6.25319575,106.79365385
Gang III,-6.251723650000001,106.79357125
Jalan Petogogan I Gang II,-6.250935350000001,106.7935813
Gang I B,-6.2507481,106.79361395000001
Jalan Jenderal Gatot Subroto,-6.23731710043033,106.82840637324006
JPO Tanpa Nama,-6.230132668697673,106.78582475440177
JPO Tanpa Nama,-6.229291020982446,106.78553281672627
Jalan Enim II,-6.1266023999999994,106.88391935
Jalan Ganggeng X,-6.12030445,106.8816735
Jalan Gembira II,-6.1191253,106.88127234999999
Jalan Jembatan Trio,-6.11805925,106.88094335
JPO Tanpa Nama,-6.11975925,106.88149044999999
Jalan Sungai Bambu Raya,-6.128971750000001,106.88866175000001
Jalan Dharma Karya,-6.1642536,106.71651485000001
Gang Pahala,-6.317854198031165,106.81950562845593
Jalur Kereta Api Tanjung Priuk–Kemayoran,-6.12603425,106.85393485
Jalur Kereta Api Jakarta Kota–Tanjung Priuk,-6.126001799999999,106.85392305
Jalan Agung Perkasa 8,-6.13884675,106.87904655
Jalan Yos Sudarso,-6.14254445,106.891092
Jalan Yos Sudarso,-6.14242475,106.89063395
Jalan Yos Sudarso,-6.1114643,106.89330145
Jalan Sungai Bambu Raya,-6.12905875,106.88779779999999
Jalan Danau Sunter Utara,-6.14146405,106.88721895
Jalan Danau Sunter Utara,-6.138961119772617,106.87910899389954
Jalan Danau Sunter Utara,-6.140001200000001,106.88248905
Jalan Danau Sunter Utara,-6.1409833,106.88568075
Jalan Danau Sunter Utara,-6.14008135,106.858172
Jalan Danau Sunter Utara,-6.13750045,106.87225010000002
Jalan Danau Sunter Utara,-6.1398367,106.8581369
Jalan Agung Indah 3,-6.142421649999999,106.87707225
Jalan Agung Perkasa Raya,-6.14059095,106.87237915
Jalan Indo Karya,-6.1337072,106.87582405
Jalan Sungai Bambu VIII,-6.1279425,106.8858765
Jalan Jati IX,-6.130806250000001,106.8885837
Jalan Sungai Bambu I,-6.13124455,106.8884773
Jalan Jati VIII,-6.1303812,106.88867289999999
Jalan Jati VI,-6.13015415,106.88871805000001
Jalan Kapuk Pulo,-6.13939345,106.75088235
JPO Tanpa Nama,-6.1258592499999995,106.7222056
Jalan Syekh Junaid Al Batawi,-6.14124025,106.72935045
Jalan Lingkar Barat,-6.154666649999999,106.72795959999998
Jalan Lingkar Barat,-6.15451655,106.72715435
Jalan Kemuning Raya,-6.144788,106.7180639
Jalan Kemuning Raya,-6.1400754499999985,106.71702105
Jalan Cendrawasih VIII,-6.14175135,106.72282375
Jalan Cendrawasih V,-6.1463278,106.7248096
Jalan Anggrek,-6.14528115,106.7208966
JPO Tanpa Nama,-6.14783875,106.74131715
JPO Tanpa Nama,-6.1396601,106.7289279
JPO Tanpa Nama,-6.1394201,106.72617550000001
JPO Tanpa Nama,-6.1371328499999995,106.72223845
JPO Tanpa Nama,-6.13720495,106.7223033
Jalan Masjid Al Munawaroh,-6.130529,106.74372585
Jalan Kapuk Pulo,-6.141020950000001,106.75034690000001
Jalan Pintu Seng,-6.145679400000001,106.74491695
Jalan Ukir 2,-6.1472368500000005,106.74310215
Jalan Palem Raja Barat,-6.17547015,106.71129834999999
Jalan Bintaro Permai,-6.256088849999999,106.75972775
JPO Tanpa Nama,-6.1043316999999995,106.91957395
JPO Tanpa Nama,-6.104479033271814,106.9196938149271
Jalan Kampung Gusti,-6.14396705,106.77799934999999
Jalan Setia Karya,-6.1398051,106.7447721
Jalan Inpres,-6.2437132,106.7470223
Jalan Brigadir Jenderal Katamso Darmokusumo,-6.189538193067141,106.79689840669913
Jalan Gang 20,-6.122489,106.87258625000001
Jalan Gang 19,-6.12267865,106.87314455
Jalan Gang 17,-6.12311965,106.87425354999999
Jalan Warakas IV Gang XVIII,-6.122887884648025,106.87368843534149
Jalan Papanggo Raya,-6.1265161500000005,106.8815545
JPO Tanpa Nama,-6.1097643999999995,106.89629725
Jalan Swasembada Timur XXIII,-6.117531850000001,106.8879512
Jalan Swasembada Timur XXII,-6.11811535,106.88775304999999
Jalan Swasembada Timur XIV,-6.12139185,106.88866739999999
Jalan Swasembada Timur XXIV,-6.1172153,106.8880562
Jalan Pedongkelan Pasar Timbul,-6.142743201099211,106.74686085090555
JPO Tanpa Nama,-6.14027915,106.7486173
Jalan Sungai Brantas,-6.13190885,106.92110185
Jalan Griya Utama,-6.1421913,106.85694795
JPO Tanpa Nama,-6.1367784,106.74323119999998
Gang Pelita II,-6.131497899999999,106.74509675
JPO Tanpa Nama,-6.1275715,106.73813385
Jalan Manunggal I,-6.12793475,106.7376826
Gang Pelita IV,-6.1320353999999995,106.74589710000002
Jalan Kebon Jahe,-6.1328308499999995,106.7469936
JPO Tanpa Nama,-6.1386985,106.74942644999999
JPO Tanpa Nama,-6.138522,106.7484137
JPO Tanpa Nama,-6.138146,106.747424
JPO Tanpa Nama,-6.1387885870820895,106.74650055799509
Jalan Karya Bakti Timur,-6.1377438,106.7453704
JPO Tanpa Nama,-6.139329609928173,106.74600313109949
JPO Tanpa Nama,-6.139324914064952,106.74644435411778
JPO Tanpa Nama,-6.1414298,106.74770545
JPO Tanpa Nama,-6.14016745,106.74409374999999
JPO Tanpa Nama,-6.1411454,106.74192485
JPO Tanpa Nama,-6.1409503999999995,106.74216659999998
JPO Tanpa Nama,-6.255898,106.7858861
JPO Tanpa Nama,-6.26085035,106.78554265
Jalan Rorotan IX,-6.1573288,106.95873585
Jalan Malaka Jaya I A,-6.1441218,106.95252155
Jalan Ciledug Raya,-6.238379843347459,106.77981979550286
Jalan Ciledug Raya,-6.238432013320282,106.77979606249998
Jalan R. E. Martadinata,-6.125811710628217,106.85380920452431
Jalan Tol Pelabuhan II,-6.129566022089697,106.83041677438372
JPO Tanpa Nama,-6.14682405,106.9726297
Jalan Kemandoran I,-6.2105411,106.78954925
Jalan Semanan Raya,-6.15667275,106.70556984999999
Green Puri Boulevard,-6.17433905,106.70767910000001
Jalan Penghulu,-6.240973,106.77737155
JPO Tanpa Nama,-6.24266935,106.77836495000001
Jalan Cipulir VI,-6.234690499999999,106.77541719999999
Jalan Profesor Doktor Hamka,-6.2228167496816225,106.82457779987276
Jalan Profesor Doktor Hamka,-6.222081043634652,106.82316427321759
Jalan Profesor Doktor Satrio,-6.215479187647372,106.81849274977807
JPO Tanpa Nama,-6.1232657726518145,106.86451594032086
JPO Tanpa Nama,-6.12215935,106.86764505
Jalan Kali Baru Barat VII,-6.1048316499999995,106.92579599999999
Jalan Akses Marunda,-6.1108396,106.9358627
Jalan Akses Marunda,-6.11094345,106.9358759
Jalan Pedongkelan,-6.11162775,106.93636845
Jalan Cilincing Kelapa,-6.1016815,106.93147375000002
Jalan Cilincing Baru,-6.103593500000001,106.92662575000001
Jalan Kapuk Muara Raya,-6.1298195,106.77525765
Jembatan Hijau,-6.14171445,106.8382239
Jalan Satria III,-6.141081402853029,106.83660468593615
JPO Tanpa Nama,-6.1419324500000005,106.83582344999999
Jalan Raya Pelabuhan,-6.10738635,106.89629055
Jalan Raya Pelabuhan,-6.10768985,106.89630715
Jalan Desa Putra,-6.337514799999999,106.82936674999999
Jalan Kelapa Lilin Timur,-6.161500301079189,106.91373200139516
Jalan Arteri Kelapa Gading,-6.167816,106.91623359999998
JPO Tanpa Nama,-6.16823096252937,106.91922465644839
JPO Tanpa Nama,-6.168304385955865,106.91921232479602
Jalan Bekasi Raya,-6.182438149999999,106.91122465000001
Jalan Bekasi Raya,-6.18234215,106.9112706
Jalan Gang Masjid,-6.149744699999999,106.91781815
JPO Tanpa Nama,-6.1445194,106.91224975
Jalan Riviera Garden Raya,-6.14484235,106.91227634999998
Jalan Pegangsaan Dua,-6.168332700000001,106.917543
JPO Tanpa Nama,-6.15453445,106.91921229999998
Jalan Kampung Batik,-6.13763695,106.91685755
Jalan Tol Akses Tanjung Priok,-6.108637544337248,106.9074291631922
Jalan Pesing Poglar,-6.150247950000001,106.771715
JPO Tanpa Nama,-6.1354928,106.94043995
JPO Tanpa Nama,-6.13507715,106.9404105
Gang Swadaya II,-6.13334135,106.94044299999999
JPO Tanpa Nama,-6.13292265,106.94043485
JPO Tanpa Nama,-6.13224485,106.940392
Gang Swadaya I,-6.1317747,106.9403984
JPO Tanpa Nama,-6.130886300000001,106.9403892
JPO Tanpa Nama,-6.1300296,106.94040305
JPO Tanpa Nama,-6.1296282500000006,106.9404199
JPO Tanpa Nama,-6.1261335500000005,106.9404297
JPO Tanpa Nama,-6.125542550000001,106.940412
JPO Tanpa Nama,-6.1254389,106.94040705000002
JPO Tanpa Nama,-6.12521305,106.94043035
JPO Tanpa Nama,-6.1247798,106.9404141
JPO Tanpa Nama,-6.12447,106.94040420000002
JPO Tanpa Nama,-6.124221,106.9404089
JPO Tanpa Nama,-6.12369675,106.94040955
JPO Tanpa Nama,-6.123454000000001,106.9404111
JPO Tanpa Nama,-6.123089399999999,106.94041235
JPO Tanpa Nama,-6.1193549,106.94040755
Jalan Inspeksi Teluk Intan,-6.1363317,106.78548294999999
Taman Permata Indah 1,-6.143743349999999,106.7814014
Jalan Inspeksi Pesanggrahan,-6.251284150000001,106.76685235
Jalan Pantai Indah Selatan 1,-6.12453605,106.7528241
Jalan Pantai Indah Selatan 1,-6.12444975,106.75290075000001
JPO Tanpa Nama,-6.22055658296274,106.81329468417567
Jalan Kramat Pela,-6.24986615,106.7937737
Jalan Cikatomas I,-6.2373344500000005,106.80903805
Jalan Semarang,-6.0999685,106.95003835
Jalan Muara Bahari,-6.1283821,106.85005455000001
Jalan Kenanga,-6.130408702806424,106.85483957393721
JPO Tanpa Nama,-6.112235849999999,106.7705486
Jalan Pademangan Timur VIII,-6.129197350000001,106.84665815
JPO Tanpa Nama,-6.12911405,106.8471449
JPO Tanpa Nama,-6.129125050000001,106.84574674999998
JPO Tanpa Nama,-6.129359749999999,106.8454753
Gang A,-6.1293984,106.84529055
Gang B,-6.1294346,106.84510215
Gang C,-6.1294623999999995,106.84495690000001
JPO Tanpa Nama,-6.12950605,106.8446603
JPO Tanpa Nama,-6.129569200000001,106.84437785
Gang Mawar V A,-6.13080705,106.84428795
Jalur Kereta Api Tanjung Priuk–Kemayoran,-6.127650303379151,106.84786551323496
Jalur Kereta Api Jakarta Kota–Tanjung Priuk,-6.1275953,106.84785985
JPO Tanpa Nama,-6.1327774999999995,106.9286534
JPO Tanpa Nama,-6.13676985,106.94043534999999
JPO Tanpa Nama,-6.1363912,106.94041095
Jalan Teluk Gong Raya,-6.13767645,106.78746205000002
Jalan Fajar,-6.14357535,106.78353815
Jalan Pluit Selatan Raya,-6.125371449999999,106.78395599999999
Jalan Pluit Selatan Raya,-6.1254469,106.78392205
Jalan Pluit Karang Selatan,-6.1252466,106.78395845
Jalan Kepanduan II,-6.1360775499999995,106.78589505
JPO Tanpa Nama,-6.1920566,106.86854885
Jalan Pakin,-6.127612450000001,106.80952435
JPO Tanpa Nama,-6.1099250000000005,106.9675752
Jalan R. E. Martadinata,-6.13044715,106.83064919999998
Transjakarta Busway Koridor 5,-6.13005885,106.83090515
JPO Tanpa Nama,-6.2566950499999985,106.80864615
JPO Tanpa Nama,-6.256617029186317,106.80881699650423
Gang Amal,-6.2437882,106.81464220000001
Gang Langgar II,-6.256225150000001,106.792045
JPO Tanpa Nama,-6.2557347,106.79231720000001
JPO Tanpa Nama,-6.25571555,106.79232805000001
JPO Tanpa Nama,-6.25574955,106.79241145
Jalan Cilincing Baru II,-6.10282915,106.92874875
Jalan Cilincing Krematorium,-6.0990651499999995,106.93761029999999
Jalan Cilincing Bakti VI,-6.108257849999999,106.93871684999999
Jalan Jayapura,-6.100720549498107,106.94035127868952
JPO Tanpa Nama,-6.111274699999999,106.9603556
Jalan Bintaro Utama I,-6.271327250000001,106.75608629999999
Jalan Marunda Bidara,-6.108605835247862,106.95792033589758
Jalan Marunda Bidara,-6.108740812637168,106.95794014527512
Jalan Gresik,-6.109670350000001,106.95371209999999
JPO Tanpa Nama,-6.10572935,106.92575375000001
JPO Tanpa Nama,-6.1053516000000005,106.9258044
Jalan Jayapura,-6.09998405,106.95467099999999
JPO Tanpa Nama,-6.1106732,106.94041525
JPO Tanpa Nama,-6.1128436,106.94040609999999
JPO Tanpa Nama,-6.10927165,106.93690255
JPO Tanpa Nama,-6.0984106,106.93962404999999
Jalan Drain Kampung Sawah,-6.106707200000001,106.94056259999999
Jalan Pluit Timur Raya,-6.1157275,106.79435095
Jalan Muara Baru Pompa,-6.10900165,106.7967922
Jalan Inspeksi Waduk Pluit Utara,-6.111072849999999,106.79747375
Jalan Inspeksi Waduk Pluit,-6.12363335,106.80259565
Jalan Semarang,-6.0999728,106.95014284999999
JPO Tanpa Nama,-6.0974922,106.93738115
Jalan Danau Sunter Selatan,-6.1453476,106.8775629
Jalan Danau Sunter Selatan,-6.14542765,106.8775784
Jalan Sunter Kemayoran,-6.16207,106.87474195
Jalan Danau Sunter Utara,-6.13881235,106.8650672
Jalan Danau Agung 2,-6.1443061000000005,106.8661206
Jalan Danau Agung 2,-6.14443515,106.866147
Jalan Agung Indah 3,-6.1433041,106.8727461
JPO Tanpa Nama,-6.15338735,106.91881774999999
Jalan Bakti,-6.1270371,106.80231885
Jalan Pluit Dalam,-6.1270456499999995,106.79412905
JPO Tanpa Nama,-6.131270600000001,106.78517155
JPO Tanpa Nama,-6.129927598620522,106.77377502296325
Jalan Puri Marina Raya,-6.1221261,106.82732945000001
Jalan Puri Marina Raya,-6.12210305,106.82746254999999
Jalan Puri Marina Raya,-6.1175739,106.82318935
Jalan Puri Marina Raya,-6.117528149999999,106.82319150000001
Jalan Mangga Dua Raya,-6.13468744373183,106.83156779869255
JPO Tanpa Nama,-6.1156657,106.7947992
Jalan Marunda Empang,-6.100341050000001,106.9618954
Jalan Inspeksi BKT,-6.11055425,106.96992355
"Transjakarta Busway Koridor 8, 9",-6.167347033376464,106.78774429399128
Jalan Letnan Jenderal Siswondo Parman,-6.167239443059012,106.78769980163392
JPO Tanpa Nama,-6.167248003018534,106.78765578824336
Jalan Daan Mogot,-6.15798455,106.76761855000001
JPO Tanpa Nama,-6.306072750759077,106.67935966073625
Jalan Raya Bogor,-6.287505,106.8708796
Jalan Raya Bogor,-6.287474550000001,106.8708038
JPO Tanpa Nama,-6.290094992837049,106.81462997671267
JPO Tanpa Nama,-6.2810969,106.81100475
JPO Tanpa Nama,-6.093539,106.68440665
JPO Tanpa Nama,-6.0936468999999995,106.6843428
JPO Tanpa Nama,-6.09495385,106.6881946
JPO Tanpa Nama,-6.095337450000001,106.68828669999999
JPO Tanpa Nama,-6.094497349999999,106.6862898
JPO Tanpa Nama,-6.09440555,106.68629975
JPO Tanpa Nama,-6.2246100289602175,106.84142339153969
Jalan Kali Ji'un,-6.26821525,106.70535075000001
Jalan Jawa,-6.26397075,106.70325145000001
Jalan Jawa,-6.263904149999999,106.70320179999999
Jalan Kyai Haji Hasyim Ashari,-6.166124508036666,106.80218345004263
JPO Tanpa Nama,-6.2823364,106.80936319999999
JPO Tanpa Nama,-6.281640400000001,106.8096927
Jalan Taman Surya Boulevard,-6.1334048,106.71341205
Jalan Setapak PT United Can,-6.158706399999999,106.69973775
JPO Tanpa Nama,-6.32354225,106.80634195
JPO Tanpa Nama,-6.13653485,106.80062935000001
JPO Tanpa Nama,-6.136605449999999,106.79997080000001
JPO Tanpa Nama,-6.3011486,106.77311094999999
Jalan Gandaria Tengah III,-6.246090049999999,106.7937598
Jalan Profesor Dokter Latumeten,-6.153728854707882,106.79390471836041
JPO Tanpa Nama,-6.2541480499999995,106.7861833
JPO Tanpa Nama,-6.16188585,106.79018065
JPO Tanpa Nama,-6.23380145,106.81961584999999
Jalan Haji Cokong,-6.217237348354832,106.83215930838232
JPO Tanpa Nama,-6.2450386,106.99466095
JPO Tanpa Nama,-6.2455316,106.99501115000001
JPO Tanpa Nama,-6.2458936000000005,106.99589755
JPO Tanpa Nama,-6.19166598652756,106.82279167711475
Jalan Raya Perancis,-6.1052389,106.68258835
JPO Tanpa Nama,-6.219928311540019,106.83551685768995
Jogging Track GOR Soemantri,-6.221457454264592,106.83475524028435
Riverside Rasuna Epicentrum,-6.217801021129942,106.83584027079723
Riverside Rasuna Epicentrum,-6.217140349999999,106.8355763
Riverside Rasuna Epicentrum,-6.217856727397036,106.83558534216725
Epiwalk South Gate,-6.218795400956682,106.83486140670303
Lobby Epicentrum,-6.217443788453131,106.83481817077843
Jalan Dalam Masjid Al Muqarabin,-6.252031360071036,106.91133741078889
JPO Tanpa Nama,-6.2394781054570805,106.8862495027316
JPO Tanpa Nama,-6.249721419343661,106.94808888408237
JPO Tanpa Nama,-6.2493156685185705,106.93951384295656
JPO Tanpa Nama,-6.248282072750149,106.92963795837791
Jalan Tol Bekasi–Cawang–Kampung Melayu,-6.23489273395502,106.87756058269692
Jalan Tol Bekasi–Cawang–Kampung Melayu,-6.239818685161947,106.88430519054124
JPO Tanpa Nama,-6.247795852676653,106.91200624817914
JPO Tanpa Nama,-6.248344661684237,106.91203914181986
Jalan Layang Sheikh Mohammed bin Zayed,-6.2827242591890755,107.06579571354372
JPO Tanpa Nama,-6.128292063157235,106.79090657732185
Jalan Ketapang Raya,-6.18266515,106.70049345
JPO Tanpa Nama,-6.187071749999999,106.7372659
Duta Bandara Permai,-6.09477485,106.68815765
Pasar Duta Bandara Permai,-6.0964071,106.68779989999999
Jalan Raya Perancis,-6.09636275,106.68854055
JPO Tanpa Nama,-6.092962100000001,106.68308914999999
JPO Tanpa Nama,-6.320342800000001,106.77039485
JPO Tanpa Nama,-6.291540296290993,106.80611465128025
JPO Tanpa Nama,-6.289414731630788,106.77069568819356
JPO Tanpa Nama,-6.32773635,106.75769
JPO Tanpa Nama,-6.3278212,106.7585028
JPO Tanpa Nama,-6.14818435,106.68198344999999
JPO Tanpa Nama,-6.118376996547712,106.66842893330022
JPO Tanpa Nama,-6.118570399999999,106.6685195
JPO Tanpa Nama,-6.118227578629712,106.66862089969072
JPO Tanpa Nama,-6.118390315304184,106.66871116846306
JPO Tanpa Nama,-6.118356756002295,106.6688315956136
JPO Tanpa Nama,-6.118388094880574,106.6686569591397
JPO Tanpa Nama,-6.118601505890216,106.66830049525151
JPO Tanpa Nama,-6.118717284421235,106.66858196452813
JPO Tanpa Nama,-6.11872775,106.66824595
JPO Tanpa Nama,-6.118622619674415,106.66813760399212
Jalan Husein Sastranegara,-6.112392399999999,106.688553
JPO Tanpa Nama,-6.244918709868157,106.79468389769787
JPO Tanpa Nama,-6.245337354590096,106.79492746685126
JPO Tanpa Nama,-6.245493177091297,106.794488502908
JPO Tanpa Nama,-6.24542168164191,106.79422193813703
Pelataran Merah,-6.245131860078052,106.7947996330151
JPO Tanpa Nama,-6.26381555,106.7852511
JPO Tanpa Nama,-6.26023615,106.90529365
Jalan Raya Kalimalang,-6.25002485,106.94665309999999
JPO Tanpa Nama,-6.244365197613493,106.79311430265876
JPO Tanpa Nama,-6.244811381604212,106.79334765339323
JPO Tanpa Nama,-6.243078117925527,106.79282950821943
JPO Tanpa Nama,-6.24200995,106.79255175
JPO Tanpa Nama,-6.245453909333154,106.79410316430176
JPO Tanpa Nama,-6.245388101130312,106.79431979754952
JPO Tanpa Nama,-6.245377173989872,106.79472231882671
JPO Tanpa Nama,-6.245075757151239,106.79493814748358
JPO Tanpa Nama,-6.24483130284417,106.7947916466513
JPO Tanpa Nama,-6.245429752631387,106.79480986131139
JPO Tanpa Nama,-6.24417155,106.79292255
JPO Tanpa Nama,-6.245156562149693,106.79449282282003
Jalan Kendal,-6.202159566951151,106.82290429371321
JPO Tanpa Nama,-6.2691436143333,106.71115361245778
JPO Tanpa Nama,-6.26936405,106.7115101
JPO Tanpa Nama,-6.269629939707746,106.71170973641917
JPO Tanpa Nama,-6.1274858778387165,106.789270133322
JPO Tanpa Nama,-6.127576799708548,106.78906506682542
JPO Tanpa Nama,-6.1282691499999995,106.78873905
JPO Tanpa Nama,-6.128708910147899,106.78907437913023
JPO Tanpa Nama,-6.1283575500000005,106.78914785
JPO Tanpa Nama,-6.12843205,106.7895426
JPO Tanpa Nama,-6.32258715,107.0152688
Jalan Zamrud Selatan 3,-6.3158521499999996,107.021304
Jalan Setu - Bantar Gebang,-6.3212736,107.0173722
Taman Mini Tram Mover,-6.30222522102551,106.8983100303415
JPO Tanpa Nama,-6.21795735,106.8120365
JPO Tanpa Nama,-6.22088795615004,106.81268501190678
JPO Tanpa Nama,-6.184945960913339,106.81495732562081
Jalan Bumi Sani Permai,-6.245112949999999,107.05300305000002
Jalan Cendrawasih,-6.25809995,106.96327085
JPO Tanpa Nama,-6.1799715,107.00279775
Jalan Komjen Pol. M. Jasin,-6.35547395,106.853017
JPO Tanpa Nama,-6.3553797,106.85935595000001
Kembang Beji,-6.38610905,106.81856335
Jalan Raya Pd. Ungu Permai,-6.17629005,107.00242915
Jalan Raya Pd. Ungu Permai,-6.1763484,107.00242085
Jalan Layang Pancoran,-6.242885015039723,106.84149399289585
JPO Tanpa Nama,-6.27147935,106.9590015
JPO Tanpa Nama,-6.247573099999999,106.951274
Jembatan Buyut Baserin,-6.23919195,106.95232605
Jalan Tol Cimanggis–Cibitung,-6.382118951847519,106.92798320003784
JPO Tanpa Nama,-6.281179099999999,106.9592779
JPO Tanpa Nama,-6.1564912,106.8017316
JPO Tanpa Nama,-6.2666954,106.94206209999999
Jalan Raya Jatibening,-6.26803315,106.942171
Jalan Jati Utama Raya,-6.263894649999999,106.9442349
JPO Tanpa Nama,-6.259084850000001,106.93676310000002
JPO Tanpa Nama,-6.26501795,106.9436197
Jalan Industri Raya,-6.150883950000001,106.8412744
JPO Tanpa Nama,-6.2573419,106.92239219999999
JPO Tanpa Nama,-6.2807695500000005,106.93858985
JPO Tanpa Nama,-6.2741219,106.9389387
JPO Tanpa Nama,-6.27491865,106.9384531
JPO Tanpa Nama,-6.2733986,106.93965130000001
JPO Tanpa Nama,-6.269480100000001,106.94265995
JPO Tanpa Nama,-6.26274965,106.92151779999999
Jalan Transformator Raya,-6.26236775,106.92167455
JPO Tanpa Nama,-6.2522116,106.9343241
JPO Tanpa Nama,-6.253733150000001,106.93405520000002
JPO Tanpa Nama,-6.282330249999999,106.92600644999999
Suluki Cempaka,-6.25924765,106.95637815
Jalan Nirmala I,-6.36105585,106.8784113
JPO Tanpa Nama,-6.34467625,106.88295740000002
Jalan Nusantara Selatan,-6.131277700000001,106.87134165000002
JPO Tanpa Nama,-6.216239444771757,106.8026576988414
Jalan Plaza Timur,-6.218608175588985,106.80629430009695
JPO Tanpa Nama,-6.218584705475053,106.80000960027789
JPO Tanpa Nama,-6.215615699999999,106.8024576
JPO Tanpa Nama,-6.2156164499453,106.80281710687017
JPO Tanpa Nama,-6.216062407731512,106.80353851354187
JPO Tanpa Nama,-6.213861063193835,106.80345636100976
JPO Tanpa Nama,-6.214266524965452,106.80021135586686
Jalan Agung Indah 3,-6.14316575,106.87272025
JPO Tanpa Nama,-6.333252974703734,106.89498941013143
Jalan Mangga Besar Raya,-6.1487958,106.83410885
JPO Tanpa Nama,-6.23470725,106.9923249
JPO Tanpa Nama,-6.168168051648133,106.7986433334936
JPO Tanpa Nama,-6.167570637927314,106.7982737578014
JPO Tanpa Nama,-6.157682299999999,106.82304545
Jalan Tamansari II,-6.160087949999999,106.82480154999999
Jalan Tanjung Duren Timur II,-6.177418245805024,106.79389324398068
Jalan Podomoro Avenue,-6.1751886,106.79134575
Jalan Tanjung Selor,-6.173449837983745,106.80682891747942
Jalan Pembangunan II,-6.163207501595131,106.8145992003437
Jalan Alaydrus,-6.1643805,106.81507239999999
JPO Tanpa Nama,-6.17132307831846,106.84021912276599
Jalan Perguruan Buddhi,-6.18930955,106.634188
JPO Tanpa Nama,-6.174119769783903,106.83246925329544
Jalan Pluit Permai,-6.115736477779178,106.79423038109819
JPO Tanpa Nama,-6.115778799999999,106.79164995
Jalan Pluit Timur Raya,-6.1157252,106.79427455
JPO Tanpa Nama,-6.1811127500000005,106.7937548
JPO Tanpa Nama,-6.18122915,106.79379915
Jalan Teuku Umar,-6.195920949999999,106.83314010000001
Jalan Kemanggisan Pulo,-6.199660500000001,106.7941322
JPO Tanpa Nama,-6.12703685,106.797513
JPO Tanpa Nama,-6.1270425,106.79715329999999
JPO Tanpa Nama,-6.127045600000001,106.79684245
JPO Tanpa Nama,-6.127065050000001,106.79645185000001
JPO Tanpa Nama,-6.12706385,106.79288299999999
JPO Tanpa Nama,-6.1266141,106.78994415
JPO Tanpa Nama,-6.1265070999999995,106.7894527
JPO Tanpa Nama,-6.126426499999999,106.78905685
JPO Tanpa Nama,-6.22444665,106.79827685000001
JPO Tanpa Nama,-6.22363935,106.79609245
JPO Tanpa Nama,-6.22475695,106.7963147
JPO Tanpa Nama,-6.2254132,106.7963459
JPO Tanpa Nama,-6.22212255,106.796314
JPO Tanpa Nama,-6.13209865,106.78980630000001
JPO Tanpa Nama,-6.201647148309716,106.81365050344878
JPO Tanpa Nama,-6.231349355499486,106.84590613028237
JPO Tanpa Nama,-6.23378325,106.8437959
Jembatan Penyebrangan Jembatan Besi,-6.1502934499999995,106.79441944999998
JPO Tanpa Nama,-6.1270027,106.80165775
JPO Tanpa Nama,-6.1269942,106.80131705000001
Jalan Pluit Dalam I,-6.12701725,106.7989355
JPO Tanpa Nama,-6.12705125,106.79780745
Jalan Pluit Selatan Raya,-6.1252619,106.8020595
JPO Tanpa Nama,-6.2275523999999995,106.80978315
Jalan Patal Senayan I,-6.22213803062546,106.78828164341459
Jalan Patal Senayan I,-6.223443050000001,106.79188295
Jalan Setiabudi Tengah,-6.2053317,106.8280174
JPO Tanpa Nama,-6.130392620900867,106.82946582618003
JPO Tanpa Nama,-6.1828334,106.87594985
Jalan Talang,-6.1997957,106.8497656
JPO Tanpa Nama,-6.226503699999999,106.84726695000002
Gang Rusa 5,-6.2175746,106.8486075
Jalan Subur Raya,-6.2186888499999995,106.8450836
Gang Sepak Bola,-6.2209874,106.85257304999999
Gang Keamanan II,-6.228754250000001,106.85230895000001
JPO Tanpa Nama,-6.2198425,106.86885705
JPO Tanpa Nama,-6.171912182211913,106.88892873578965
Jalan Menteng Pulo Ujung,-6.221534,106.83811449999999
JPO Tanpa Nama,-6.2277933,106.8357063
JPO Tanpa Nama,-6.2268234,106.8354835
JPO Tanpa Nama,-6.2304539000000005,106.7898402
JPO Tanpa Nama,-6.2273606197865305,106.87546799800822
JPO Tanpa Nama,-6.225784170420544,106.87518029153568
JPO Tanpa Nama,-6.22581986407203,106.8748961133504
JPO Tanpa Nama,-6.235385961011837,106.86779152299071
JPO Tanpa Nama,-6.235296296277361,106.86787753834801
JPO Tanpa Nama,-6.23956535,106.869115
JPO Tanpa Nama,-6.205538161697676,106.87381023700394
JPO Tanpa Nama,-6.217331253148504,106.83067812972442
JPO Tanpa Nama,-6.213150113315706,106.8198937565924
JPO Tanpa Nama,-6.212862762668108,106.81944783141056
Jalan Cemara I,-6.2003759,106.69746895
Jalan K. Haji Abdul Syafi'ie,-6.223566938951233,106.84855021548331
Jalan Profesor Doktor Satrio,-6.223622338283152,106.8461476315283
Jalan K. Haji Abdul Syafi'ie,-6.223649294512961,106.84851402037239
Jalan Kyai Haji Noer Alie,-6.20668235,107.03134184999998
Jalan Kh Tajudin,-6.186748850000001,107.03768905
Soekarno Hatta Perimeter Utara,-6.105755106340139,106.68007902945185
JPO Tanpa Nama,-6.214201508094987,106.8307485239521
JPO Tanpa Nama,-6.215264254146606,106.87398219119062
JPO Tanpa Nama,-6.2158948,106.86642185000001
JPO Tanpa Nama,-6.2154935,106.86951345
JPO Tanpa Nama,-6.21395985,106.80885045
JPO Tanpa Nama,-6.210505891067153,106.8047909895951
JPO Tanpa Nama,-6.13854175,107.0489415
JPO Tanpa Nama,-6.2089204129143996,106.84756909381508
JPO Tanpa Nama,-6.2072382,106.85857165
JPO Tanpa Nama,-6.208693074189085,106.85936453988303
JPO Tanpa Nama,-6.18448975,106.81285654999999
JPO Tanpa Nama,-6.18576195,106.81290365
JPO Tanpa Nama,-6.213795,106.86296490000001
JPO Tanpa Nama,-6.24065425,106.83513740000001
JPO Tanpa Nama,-6.238908929237154,106.83062376667174
JPO Tanpa Nama,-6.238625898548201,106.83075336630255
JPO Tanpa Nama,-6.23348305,106.8316446
JPO Tanpa Nama,-6.236022781212531,106.82780474121245
JPO Tanpa Nama,-6.236545250000001,107.0164841
JPO Tanpa Nama,-6.27122765,106.93974555
JPO Tanpa Nama,-6.2251394499999995,107.0361861
JPO Tanpa Nama,-6.227004,107.03231299999999
Jalan Kampung Rawa Kalong,-6.2257736999999995,107.04122674999999
JPO Tanpa Nama,-6.226264919701838,107.0388570909351
JPO Tanpa Nama,-6.2258616,107.0383059
Jalan Arteri Kelapa Gading,-6.167760499999999,106.91610455000001
JPO Tanpa Nama,-6.389149749999999,106.7897155
Jalan Yos Sudarso,-6.1515883,106.88825005000001
Jalan Yos Sudarso,-6.150729999999999,106.88875790000002
Jalan Yos Sudarso,-6.1502436,106.8884604
Jalan Yos Sudarso,-6.150517600000001,106.88833315
JPO Tanpa Nama,-6.062856999999999,106.6447565
JPO Tanpa Nama,-6.0239726000000005,107.02269585
JPO Tanpa Nama,-6.19848535,106.97559134999999
Jalan Kaliabang,-6.195804049999999,106.97466915000003
JPO Tanpa Nama,-6.352397287086697,106.6754687864218
JPO Tanpa Nama,-6.3517213876222955,106.67436642096061
JPO Tanpa Nama,-6.352192988282023,106.67443022776362
JPO Tanpa Nama,-6.352267545811472,106.67429024633576
JPO Tanpa Nama,-6.34822304684348,106.67587911321513
JPO Tanpa Nama,-6.351609326335255,106.67721292098732
JPO Tanpa Nama,-6.351395256116969,106.67543212094738
JPO Tanpa Nama,-6.3576857150560695,106.66976637101043
JPO Tanpa Nama,-6.355229283247408,106.6674609165873
JPO Tanpa Nama,-6.353893514771854,106.67293516411476
JPO Tanpa Nama,-6.351456600000001,106.67580795
Jalan Letnan Jenderal Siswondo Parman,-6.179559414905031,106.79591553438571
Jalan Caman Raya,-6.249857349999999,106.95303154999999
JPO Tanpa Nama,-6.2495591,106.9420521
JPO Tanpa Nama,-6.249761091265272,106.94204748996277
JPO Tanpa Nama,-6.2496708000000005,106.94063825
Jalan Kapin Raya,-6.248469149380179,106.92972397718277
Jalan Kramat Raya,-6.17886789634613,106.84222834808638
Jalan Mandara Permai VII,-6.121635049999999,106.75257319999999
Jalan Mandara Permai VII,-6.12174355,106.75259059999999
JPO Tanpa Nama,-6.1205992,106.77175245000001
JPO Tanpa Nama,-6.1170248116163535,106.78770604720037
JPO Tanpa Nama,-6.11726195,106.78628075
JPO Tanpa Nama,-6.11584585,106.786808
JPO Tanpa Nama,-6.3353693,106.95947215000001
JPO Tanpa Nama,-6.33084655,106.96154345
JPO Tanpa Nama,-6.357521450000001,106.94743860000001
Jalan Kapuk Utara II,-6.1374986,106.76886625
Jalan Kapuk Utara II,-6.1372453,106.7678381
Jalan Kapuk Utara I,-6.1369595,106.76659774999997
JPO Tanpa Nama,-6.329507250000001,106.94122335
JPO Tanpa Nama,-6.139535000467475,106.74593888047407
Gang Haji Atan,-6.373851500000001,106.8322256
JPO Tanpa Nama,-6.14961355,106.770268
Jalan Al Ihsan,-6.295949500000001,106.9335962
JPO Tanpa Nama,-6.38737315,106.72169445
Jalan Permata,-6.387453300000001,106.7184301
Jalan Wibawa Mukti,-6.294699356442462,106.96509945101346
Jalan Kresna Raya,-6.2902989,106.966039
JPO Tanpa Nama,-6.293025549999999,106.96513164999999
Jalan Topas Raya,-6.29034425,106.98999979999999
JPO Tanpa Nama,-6.29248105,106.98867419999999
Jalan Itik 12,-6.2876505,107.01739054999999
JPO Tanpa Nama,-6.143675549999999,106.78224615
JPO Tanpa Nama,-6.28807735,107.02785234999999
JPO Tanpa Nama,-6.2969951,107.02622840000001
JPO Tanpa Nama,-6.3759125999999995,106.77373995
The Town Avenue,-6.2884455500000005,107.0453889
The Town Avenue,-6.2885007,107.04540705
JPO Tanpa Nama,-6.28899765,107.04545025
Celebration Boulevard,-6.29069605,107.04481425
Celebration Boulevard,-6.29079765,107.0447168
JPO Tanpa Nama,-6.2926257,107.04421400000001
JPO Tanpa Nama,-6.2925545,107.04418475
Grand Lake Boulevard,-6.2945701,107.04479075
Grand Lake Boulevard,-6.2944849000000005,107.0447286
Jalan Grogol Raya,-6.379348900000001,106.79011475
Jalan Grogol Raya,-6.37972845,106.79024749999999
Jalan Mujair,-6.3852697,106.8068465
Jalan Kemiri Jaya,-6.3854193,106.80799805000001
JPO Tanpa Nama,-6.3857249,106.8093571
Gang Melati,-6.374982,106.80974225
JPO Tanpa Nama,-6.38575305,106.81682885000001
JPO Tanpa Nama,-6.32334615,106.6710794
Jalan Niban Rimin,-6.3394753,106.68238489999999
Jalan Blok E,-6.352202350000001,106.68554750000001
JPO Tanpa Nama,-6.35279205,106.68552645
Jalan Naman Iskandar,-6.36038445,106.7790951
Jalan Garuda Ujung,-6.35572105,106.77913484999999
Jalan Cipedak III,-6.35985375,106.80768144999999
Jalan Cipedak II,-6.3589016,106.807925
Jalan Jamblang,-6.35596055,106.8099484
Jalan Mohamad Kafi II,-6.3606891,106.8074273
JPO Tanpa Nama,-6.30370295,107.02639145
JPO Tanpa Nama,-6.304028099999999,107.026366
Jalan Zamrud Utara,-6.30883095,107.0254044
Jalan Zamrud Utara,-6.308739399999999,107.02538985000001
JPO Tanpa Nama,-6.0981573000000004,106.71495864999999
JPO Tanpa Nama,-6.3101403,106.65290694999999
JPO Tanpa Nama,-6.309741617112744,106.65332628016998
JPO Tanpa Nama,-6.309738404371495,106.65311092557424
JPO Tanpa Nama,-6.309951067096852,106.65315593768938
JPO Tanpa Nama,-6.309805950000001,106.65291435
JPO Tanpa Nama,-6.3098092,106.6527711
JPO Tanpa Nama,-6.309845899159286,106.65294729750556
JPO Tanpa Nama,-6.310124761620079,106.6528014649607
JPO Tanpa Nama,-6.310040902487683,106.65293017316647
JPO Tanpa Nama,-6.309777968361254,106.65294816999004
JPO Tanpa Nama,-6.309805672763443,106.6527259746337
JPO Tanpa Nama,-6.309984596790101,106.65290500225052
JPO Tanpa Nama,-6.30935705,106.6533402
JPO Tanpa Nama,-6.309727684631656,106.65232830548177
JPO Tanpa Nama,-6.305719954133016,106.64995988616296
JPO Tanpa Nama,-6.305402794397955,106.65069526500993
JPO Tanpa Nama,-6.305483260553241,106.649082748432
JPO Tanpa Nama,-6.305415266609705,106.65172036186917
Jalan Damai Foresta,-6.304161252874708,106.65094809774907
Jalan Damai Foresta,-6.304166675613662,106.65114038102185
JPO Tanpa Nama,-6.314148100000001,106.6767674
Jalan Babakan Asem,-6.0860868,106.63906285
Jalan Babakan Asem Kebon Elo,-6.081184750000001,106.65678515
Jalan Kebon Cau,-6.0849115,106.65388229999999
Jalan Salim Wongso,-6.127006649999999,106.8005436
Jalan Agung Timur 7,-6.1428989000000005,106.8839165
Jalan Agung Timur 7,-6.142342749999999,106.88518945
Jalan Pemuda,-6.39783805,106.7700535
Jalan Eco Culture,-6.1272626,106.68741205
Jalan Eco Culture,-6.127174250000001,106.68741874999999
Lengkong Raya,-6.2802907999999995,106.67457884999999
Jalan Sadewa,-6.2173875,106.945445
Jalan Arjuna,-6.216612036760948,106.94543214929287
Jalan Letnan Sutopo,-6.28625425,106.6749647
Jalan Letnan Sutopo,-6.28613765,106.6750552
Jalan Mahameru,-6.28604375,106.67513095
Jalan Lengkong Raya,-6.28127615,106.68661965000001
JPO Tanpa Nama,-6.21993715,106.97081424999999
Jalan Raya Salembaran,-6.07304945,106.6573828
JPO Tanpa Nama,-6.3940420499999995,106.8219096
JPO Tanpa Nama,-6.2135263,107.00467644999999
JPO Tanpa Nama,-6.22190805,107.00380335
Jalan Bintang Raya,-6.21450905,107.00421449999999
Jalan Daan Mogot I,-6.16708575,106.78413544999998
JPO Tanpa Nama,-6.2867566,106.69838055
Jalan Trulek,-6.286292550000001,106.69658324999999
Jalan Taman Makam Bahagia ABRI,-6.280771700000001,106.69775035000002
Jalan Taman Wisma Asri Raya,-6.22004825,107.02436825000001
Jalan Duta Bulevar Barat,-6.2200917,107.02030585
Jalan Duta Bulevar Barat,-6.22008545,107.02017910000001
Jalan Prima Harapan Regensi,-6.221405100000001,107.01472785000001
Jalan Prima Harapan Regensi,-6.22143235,107.01463070000001
JPO Tanpa Nama,-6.379163650000001,106.83069725
JPO Tanpa Nama,-6.388630200000001,106.84431925
Jalan Cemara Raya,-6.20736465,106.61241065
Jalan Ciujung Raya,-6.2056608,106.6119168
Jalan Karet Raya,-6.2103814,106.61416505
JPO Tanpa Nama,-6.20940485,106.61406385000001
JPO Tanpa Nama,-6.39989435,106.86027734999999
Jalan Teuku Umar,-6.27847475,106.72894634999999
Jalan Akses Bintaro Xchange,-6.2817034,106.7301134
Jalan Akses Bintaro Xchange,-6.2816377,106.73017145
JPO Tanpa Nama,-6.283572650000001,106.73027830000001
JPO Tanpa Nama,-6.28362935,106.73020345000002
Jalan Akses Bintaro Xchange,-6.2837438,106.7300357
Jalan Tol Ulujami–Serpong,-6.2859964999999995,106.73031639999999
Jalan Tol Ulujami–Serpong,-6.2860831,106.7304063
Jalan Terogong Raya,-6.2846575,106.78783425000002
JPO Tanpa Nama,-6.125143850000001,106.6119306
JPO Tanpa Nama,-6.27751705,106.84557509999999
JPO Tanpa Nama,-6.28933815,106.73294055
Jalan Taruma Jaya,-6.1702406000000005,106.99290764999999
Jalan Duta Darma II,-6.3176809,106.74977280000002
JPO Tanpa Nama,-6.1662696,107.00858205
JPO Tanpa Nama,-6.31993155,106.80752695000001
Jalan Lengkong Gudang Timur Raya,-6.29292275,106.6926511
JPO Tanpa Nama,-6.32293675,106.835177
JPO Tanpa Nama,-6.11866315,106.6752602
JPO Tanpa Nama,-6.11869615,106.67515664999999
Jalan Insinyur Haji Juanda,-6.3794836,106.8422932
Jalan Insinyur Haji Juanda,-6.379573649999999,106.8422999
JPO Tanpa Nama,-6.3861735,106.8443487
JPO Tanpa Nama,-6.1204598,106.6823889
Jalan Raya Jati Makmur,-6.28592755,106.93593125
Jalan Sumatera,-6.2964199999999995,106.70321784999999
Jalan Srikaya IV,-6.2792551,106.9550684
Jalan Malati Raya,-6.28485085,106.9525265
Jalan Raya Jatimekar,-6.28688965,106.95155995
Jalan Raya Mabes Hankkam,-6.313523849999999,106.9053336
Jalan Vila Mas Garden,-6.2116620000000005,107.00517154999999
JPO Tanpa Nama,-6.21023605,107.0053812
JPO Tanpa Nama,-6.38614455,106.92629245
Jalan Transyogi,-6.3833842999999995,106.93343254999999
Jalan Transyogi,-6.38329965,106.93360055
Jalan Lingkar Utara,-6.210780158963981,107.0303360967649
JPO Tanpa Nama,-6.20951955,107.0251905
JPO Tanpa Nama,-6.3845185,106.98528035000001
JPO Tanpa Nama,-6.1547058,106.68214345000001
Jalan Pahlawan,-6.36658655,106.75253035
Jalan Griya Loka Raya,-6.3057233,106.6757927
Jalan Griya Loka Raya,-6.3056505000000005,106.67576855
Jalan Angsana Rayana Raya,-6.3075971,106.6760916
Jalan Angsana Rayana Raya,-6.3076882,106.67610494999998
Jalan Pare,-6.309095449999999,106.6782405
Jalan Melinjo,-6.3106396,106.67914495
JPO Tanpa Nama,-6.37197905,106.7772597
JPO Tanpa Nama,-6.373321499999999,106.77810554999999
JPO Tanpa Nama,-6.36787145,106.77975945
Gang Rakyat,-6.139250911950796,106.78835791830646
Jalan Insinyur Haji Juanda,-6.312014550000001,106.7499152
Jalan Insinyur Haji Juanda,-6.31218515,106.7498802
Jalan B Raya,-6.12010695,106.9003467
JPO Tanpa Nama,-6.1193938,107.0253608
Jalan Talas IV,-6.3333159,106.7584161
Jalan Cabe Raya,-6.3448696,106.7592191
Jembatan 10,-6.284089409676992,106.99790805978711
Jalan Pungut,-6.286647,106.9921099
Jalan Dalang,-6.280907250000001,106.99806850000002
Jembatan Empat Rawalumbu,-6.27706545,106.9994312
Jalan Aselih,-6.347444599999999,106.79341135
Jembatan 11,-6.285407295970818,107.00002269335103
Jalan Lumbu Utara,-6.28685725,107.00323685000001
Jalan Ps. Bojong Lama Taruma,-6.110671779296336,107.02204269009628
JPO Tanpa Nama,-6.3333166,106.92032025
JPO Tanpa Nama,-6.3333719,106.91915754999998
JPO Tanpa Nama,-6.335437300000001,106.9159875
JPO Tanpa Nama,-6.33724405,106.91598214999999
JPO Tanpa Nama,-6.2841152000000005,107.01980284999998
Jalan Alicante Raya,-6.2656541,106.62526445
Jalan Raya Pulo Timaha,-6.16026125,107.01279054999999
Jalan KH Muhammad Hasan,-6.09879695,106.63870245
Jalan Boulevard Bintaro Jaya,-6.2733758,106.69976270000002
Jalan Discovery Bintaro,-6.266735150773259,106.69555876916307
Jalan Discovery Bintaro,-6.2635112134430955,106.69554053531168
Jalan Haji Terin,-6.332155800000001,106.80159805
Jalan Pulau Pelangi,-6.15461355,106.8934271
Jalan Pulau Putri,-6.15450605,106.8932447
Jalan Boulevard Barat,-6.1508213000000005,106.88891845
JPO Tanpa Nama,-6.27162825,106.70531445
JPO Tanpa Nama,-6.09292005,106.72393485
Wahid Hasyim,-6.2724842,106.72477929999998
Jalan Yos Sudarso,-6.1624671499999994,106.8815487
JPO Tanpa Nama,-6.26311995,106.7427794
Jalan Tol Ulujami–Serpong,-6.263522350000001,106.75469735
Jalan Tol Ulujami–Serpong,-6.26354656414202,106.75565809000992
Jalan Tol Ulujami–Serpong,-6.263406834737247,106.75588918467612
Jalan Tol Ulujami–Serpong,-6.263432421070245,106.75477477180152
Jalan Tol Jakarta–Merak,-6.1905599,106.75713590000001
Jalan Tol Jakarta–Merak,-6.19067875,106.7571342
Jalan Kedoya Raya,-6.190335900000001,106.75713795000001
Jalan Pejuangan Raya,-6.19090715,106.75710995
Jalan Pintu Air,-6.167663734821036,106.63456178057686
Jalan Jatibaru,-6.1817584,106.8144592
Jalan Kramat Sawah Baru,-6.187272900000001,106.85156125
Jalan Bekasi Raya,-6.183015849999999,106.92249029999999
Jalan Bekasi Raya,-6.18328,106.92247185
JPO Tanpa Nama,-6.175709178363053,106.92123467030582
Jalan Satria,-6.1868504,106.96806029999999
Jalan Satria III,-6.186410850000001,106.96703140000001
Jalan Metland Ujung Menteng,-6.1858168,106.96571925
Jalan Metland Ujung Menteng,-6.1857709,106.96562689999999
Jalan Kelurahan,-6.18488505,106.96361525
Jalan Sangkuriang,-6.18319245,106.9595779
JPO Tanpa Nama,-6.26575845,106.9564986
Jalan Tol Lingkar Luar Jakarta,-6.1805743500000005,106.94293325
JPO Tanpa Nama,-6.271717799999999,106.95663329999998
Jalan Tol Lingkar Luar Jakarta,-6.18057835,106.94305595
JPO Tanpa Nama,-6.271655600000001,106.9566283
Jembatan Satu Rawalumbu,-6.27196505,107.00151615
Jalan Tol Jakarta–Cikampek,-6.2690167500000005,107.0355065
JPO Tanpa Nama,-6.268934,107.035691
JPO Tanpa Nama,-6.2332842500000005,106.69051455
Jalan Raden Fattah,-6.2314343,106.7021697
Jalan Raden Fattah,-6.2314178,106.70210639999998
Jalan Jenderal Gatot Subroto,-6.226133,106.81726695
Jalan Tol Cawang–Pluit,-6.2262393,106.81714005
Jalan Tol Cawang–Pluit,-6.2263107,106.817022
Transjakarta Busway Koridor 9,-6.2263575,106.81693075
Jalan Jenderal Gatot Subroto,-6.2264026,106.8168882
Jalan Utama Puri Bintaro Hijau,-6.248771250000001,106.70698375
Jalan Utama Puri Bintaro Hijau,-6.2497904,106.70708315
Jalan Haji Sapri,-6.2523031,106.70826215
JPO Tanpa Nama,-6.2286262,106.8471304
JPO Tanpa Nama,-6.2281188499999995,106.84716395000001
JPO Tanpa Nama,-6.2282933,106.88424625
JPO Tanpa Nama,-6.229054980057018,106.8875495901393
Jalan AMD Raya,-6.2611232,106.67727255
Jalan Pangeran Jayakarta,-6.23288975,106.9995758
Jalan Kalibaru Timur,-6.2237635000000004,106.98182214999999
Jalan Pondok Kacang Raya,-6.2441868,106.69283310000002
Jalan Haji Sarmah,-6.25964525,106.69378689999998
Jalan Dokter Setiabudi,-6.252621350000001,106.69354625
Teluk Pucung,-6.234294346500041,107.00621287535614
JPO Tanpa Nama,-6.25760335,106.71701635000001
Jalan Parangtritis,-6.259683149999999,107.00720745000001
Jalur Kereta Api Jakarta Kota–Cikampek,-6.257433900000001,107.0517614
Jalur Kereta Api Jakarta Kota–Cikampek,-6.257461650000001,107.0517553
Jalan Hasanuddin,-6.259130600000001,107.05124760000001
JPO Tanpa Nama,-6.292749600000001,106.63807215
Jalan Raya Pagedangan,-6.29336125,106.63132
JPO Tanpa Nama,-6.296487588609644,106.6162233163968
JPO Tanpa Nama,-6.24015775,106.68535295000001
Jalan Dokter Cipto Mangunkusumo,-6.24260345,106.70783645
Jalan Raya Kalimalang,-6.25004635,106.9573494
JPO Tanpa Nama,-6.25558595,106.95657215
Jalan Kyai Maja,-6.2417901,106.7925235
Jalan Kapten Tendean,-6.24057845,106.82126915
Jalan Kapten Tendean,-6.240484,106.8211802
Jalan Rawa Tembaga,-6.2452164,106.9946257
JPO Tanpa Nama,-6.240551150000001,106.98887735
JPO Tanpa Nama,-6.24382545,106.9905883
JPO Tanpa Nama,-6.2437628499999995,106.99053129999999
Jalan Ahmad Yani,-6.2449629,106.99264155
Jalan Ahmad Yani,-6.2449811,106.99281049999999
JPO Tanpa Nama,-6.2437314,106.99432260000002
JPO Tanpa Nama,-6.304349436157573,106.6429755348748
JPO Tanpa Nama,-6.304256192310485,106.64310657111156
JPO Tanpa Nama,-6.30360855,106.642725
JPO Tanpa Nama,-6.303570574956211,106.64271748843048
JPO Tanpa Nama,-6.303612966023198,106.64250219748462
JPO Tanpa Nama,-6.303533531438513,106.64248461523103
JPO Tanpa Nama,-6.303515399999999,106.64270965
JPO Tanpa Nama,-6.30354495,106.64286369999999
JPO Tanpa Nama,-6.30359045,106.64261144999999
JPO Tanpa Nama,-6.303633699999999,106.6423886
JPO Tanpa Nama,-6.303683688006187,106.64213064161956
JPO Tanpa Nama,-6.3035831526121155,106.64264241845322
JPO Tanpa Nama,-6.304142966186475,106.64354822153099
JPO Tanpa Nama,-6.304158945993501,106.64261368505471
JPO Tanpa Nama,-6.2525873999999995,107.05269095
JPO Tanpa Nama,-6.0969945,106.8806487
JPO Tanpa Nama,-6.132119265869737,106.80249184354246
Jalan Jambore Raya,-6.3706551121304855,106.89433428006487
Jalan Mualim Aminudin,-6.3670757,106.88383175
Jalan Radar Auri,-6.37019315,106.88354939999998
Jalan Mission Drive,-6.24084855,106.61565055
JPO Tanpa Nama,-6.107325899999999,106.97100965000001
JPO Tanpa Nama,-6.1003025,106.9607192
JPO Tanpa Nama,-6.319266101995187,106.6426948374313
JPO Tanpa Nama,-6.3818155999999995,106.9751649
Jalan Karya Bhakti,-6.3680366,106.89514849999999
JPO Tanpa Nama,-6.181667959339853,106.87554703957034
JPO Tanpa Nama,-6.378977600000001,107.0002097
JPO Tanpa Nama,-6.118331660703282,106.89337370703839
JPO Tanpa Nama,-6.23719625,107.05083204999998
JPO Tanpa Nama,-6.16747265,106.6064554
Jalan Tekno Widya,-6.32840925,106.6820107
JPO Tanpa Nama,-6.35193332599681,106.84342526297165
JPO Tanpa Nama,-6.118565500000001,106.89313105000001
JPO Tanpa Nama,-6.241646,107.0524217
JPO Tanpa Nama,-6.11760685,106.935493
JPO Tanpa Nama,-6.375572,107.0092466
JPO Tanpa Nama,-6.3933385000000005,107.04520425000001
JPO Tanpa Nama,-6.38854285,107.04378365
JPO Tanpa Nama,-6.39154365,107.02147439999999
JPO Tanpa Nama,-6.12217225,106.89343895
Jalan Surya Darma,-6.1499666,106.63269134999999
JPO Tanpa Nama,-6.10748955,106.96980030000002
JPO Tanpa Nama,-6.3677331,106.85969465
Jalan Tunas Bakti Raya,-6.3635988,106.85650785
JPO Tanpa Nama,-6.3647959499999995,106.85905235
JPO Tanpa Nama,-6.38895125,107.0007103
JPO Tanpa Nama,-6.3931407,106.99424575
JPO Tanpa Nama,-6.3929124999999996,106.9944095
JPO Tanpa Nama,-6.392950600000001,106.99723560000001
JPO Tanpa Nama,-6.214151960022884,106.64713228778564
Jalan Hasanuddin,-6.25904985,107.05126540000002
JPO Tanpa Nama,-6.3916362,106.98132645
JPO Tanpa Nama,-6.39396785,106.9787152
JPO Tanpa Nama,-6.39309795,106.97972895000001
JPO Tanpa Nama,-6.391867550000001,106.9811553
JPO Tanpa Nama,-6.115657649999999,106.98945714999999
JPO Tanpa Nama,-6.11504475,106.98824659999998
JPO Tanpa Nama,-6.111508799999999,107.00623114999999
JPO Tanpa Nama,-6.10759085,107.0057701
JPO Tanpa Nama,-6.177471326124882,106.7903499320485
JPO Tanpa Nama,-6.1772937,106.79009780000001
JPO Tanpa Nama,-6.17702575,106.7909918
JPO Tanpa Nama,-6.17750755,106.79048230000001
JPO Tanpa Nama,-6.177324239676621,106.79043388109969
JPO Tanpa Nama,-6.177521640614955,106.79073705918954
JPO Tanpa Nama,-6.177379186363735,106.79106926031214
JPO Tanpa Nama,-6.176962,106.79112384999999
JPO Tanpa Nama,-6.176881399999999,106.79113695
JPO Tanpa Nama,-6.177710624592642,106.79073110369511
JPO Tanpa Nama,-6.17745912806304,106.7909299256364
JPO Tanpa Nama,-6.177038501678202,106.79020140188067
JPO Tanpa Nama,-6.17641755,106.79097709999999
JPO Tanpa Nama,-6.17634915,106.79093955
JPO Tanpa Nama,-6.24631325,106.93791805
Jalan Tol Jakarta–Cikampek,-6.2576189,106.93685625
Jalan Tol Jakarta–Cikampek,-6.2574533500000005,106.9368427
JPO Tanpa Nama,-6.239467440212687,106.65402091441364
JPO Tanpa Nama,-6.31089985,106.68051325
JPO Tanpa Nama,-6.3142521,106.68329829999998
JPO Tanpa Nama,-6.1214045583336905,106.77312542612408
Jalan Tol Profesor Doktor Sedyatmo,-6.121516874444837,106.77325808642532
Jalan Tol Profesor Doktor Sedyatmo,-6.121682360516744,106.77350019537775
Jalan Tol Profesor Doktor Sedyatmo,-6.1218064488109665,106.77357527864801
Jalan Tol Akses Tanjung Priok,-6.1114043,106.89319845
Jalan Tol Akses Tanjung Priok,-6.1117825,106.893093
JPO Tanpa Nama,-6.13701795,106.8932665
JPO Tanpa Nama,-6.192603909602955,106.61084715695883
JPO Tanpa Nama,-6.352813329054007,106.67404019264664
JPO Tanpa Nama,-6.2888665,106.95190095000001
Jalan KH Abu Bakar,-6.273463902584847,107.05161890603506
Jalan Al Amin I,-6.295550949999999,106.93493395
Jalan Green Garden 3,-6.147384799999999,106.9492137
JPO Tanpa Nama,-6.137149282484249,106.93612188399663
Jalan Bukit Cinere,-6.33532195,106.788311
Jalan Tembus,-6.3296337000000005,106.79036835000001
Gang Johar,-6.3367062,106.833639
JPO Tanpa Nama,-6.1461321,106.9586303
JPO Tanpa Nama,-6.1379813,106.9550707
JPO Tanpa Nama,-6.1343397500000005,106.95544145
JPO Tanpa Nama,-6.11840833156863,106.89324747936257
JPO Tanpa Nama,-6.1157235,107.01236080000001
JPO Tanpa Nama,-6.1153767,107.0124863
Jalan Cipeucang I,-6.112349099999999,106.90305455000001
JPO Tanpa Nama,-6.314065299999999,106.68262435
JPO Tanpa Nama,-6.32191385,106.67697739999998
Jalan Utama Puri Bintaro Hijau F5 F7,-6.250660249999999,106.70729084999999
Jalan Boulevard Bintaro Jaya,-6.2732576,106.6998875
JPO Tanpa Nama,-6.2746735000000005,106.7023997
JPO Tanpa Nama,-6.30060585,106.95028980000001
JPO Tanpa Nama,-6.2488757,106.71887054999999
Jalan Inpres 19,-6.246468,106.71826354999999
JPO Tanpa Nama,-6.2433197,106.71913845
Jalan Mahkota Simprug Timur,-6.24008,106.7189494
Jalan Aria Kemuning,-6.161277549999999,106.61275140000001
Jalan Karet Kota Bumi,-6.1601582,106.61356275
JPO Tanpa Nama,-6.1573008,106.63006070000002
JPO Tanpa Nama,-6.1607029,106.62762725
JPO Tanpa Nama,-6.1607864,106.6295121
JPO Tanpa Nama,-6.15992305,106.6279233
JPO Tanpa Nama,-6.111356000000001,107.04599655
JPO Tanpa Nama,-6.1230652,107.0350579
JPO Tanpa Nama,-6.1207116,107.0252322
JPO Tanpa Nama,-6.123888750000001,107.0212991
JPO Tanpa Nama,-6.12358855,107.02222474999999
JPO Tanpa Nama,-6.1484582,107.028423
JPO Tanpa Nama,-6.15104225,107.04489720000001
JPO Tanpa Nama,-6.14557295,107.04386435
JPO Tanpa Nama,-6.249748104439303,106.72893992250494
JPO Tanpa Nama,-6.2492048,106.72527195
JPO Tanpa Nama,-6.059395799999999,106.6471125
JPO Tanpa Nama,-6.056842100000001,106.6454686
JPO Tanpa Nama,-6.0666633,106.64452905
JPO Tanpa Nama,-6.066299600000001,106.64483855
JPO Tanpa Nama,-6.06691975,106.64423
JPO Tanpa Nama,-6.0671935999999995,106.64392055
JPO Tanpa Nama,-6.06814495,106.64323765
JPO Tanpa Nama,-6.067648800000001,106.64355690000001
JPO Tanpa Nama,-6.05592785,106.6321052
JPO Tanpa Nama,-6.0617754,106.6237223
JPO Tanpa Nama,-6.069594,106.6236716
JPO Tanpa Nama,-6.0651537,106.62267915
JPO Tanpa Nama,-6.0350054,106.61663365000001
JPO Tanpa Nama,-6.0490905,106.60683350000001
JPO Tanpa Nama,-6.049470149999999,106.60655879999999
JPO Tanpa Nama,-6.04973615,106.60638615
JPO Tanpa Nama,-6.04410005,106.610991
JPO Tanpa Nama,-6.14236705,106.99649620000001
JPO Tanpa Nama,-6.129484,106.9948934
Jalan Manunggal 5,-6.150555949999999,106.9777736
JPO Tanpa Nama,-6.155574550000001,106.6382474
Jalan Pembangunan,-6.1535822499999995,106.6414279
Jalan Pembangunan,-6.1535557,106.6414707
JPO Tanpa Nama,-6.157369200000001,106.63530395000002
JPO Tanpa Nama,-6.28116565,106.7259603
GSSJ Samratulangi,-6.2739837000000005,106.7258146
JPO Tanpa Nama,-6.1568198587361,106.64840107198269
JPO Tanpa Nama,-6.156814330911678,106.6471934105811
JPO Tanpa Nama,-6.1558002650373185,106.64630964993738
JPO Tanpa Nama,-6.155042,106.648421
JPO Tanpa Nama,-6.2963030500000015,106.95538454999999
JPO Tanpa Nama,-6.028572608541348,106.6571755356524
JPO Tanpa Nama,-6.05560625,106.65111709999998
JPO Tanpa Nama,-6.051256,106.65666305
JPO Tanpa Nama,-6.04543915,106.66538205
JPO Tanpa Nama,-6.051857999999999,106.6603075
JPO Tanpa Nama,-6.04857735,106.66378005000001
JPO Tanpa Nama,-6.0597924,106.65083175
JPO Tanpa Nama,-6.054015599999999,106.65311865000001
Jalan RHM Noeradji,-6.174639000000001,106.61766954999999
JPO Tanpa Nama,-6.153689244067338,106.98265484251654
Gang Toyo,-6.167377699999999,106.9623625
JPO Tanpa Nama,-6.174667749999999,106.6231006
Jalan Sasmita,-6.174618536387663,106.62318891244864
JPO Tanpa Nama,-6.2556372,106.70167765
JPO Tanpa Nama,-6.2602701,106.70087004999999
Kutilang,-6.256567049999999,106.70288675
JPO Tanpa Nama,-6.32521275,106.9566481
JPO Tanpa Nama,-6.34194485,106.8191286
Jalan Kebantenan,-6.25201725,106.71121274999999
JPO Tanpa Nama,-6.0994036000000005,106.60136915
JPO Tanpa Nama,-6.1700367,106.64133444999999
JPO Tanpa Nama,-6.17234765,106.6414353
JPO Tanpa Nama,-6.1706293500000005,106.63591794999999
Jalan Haji Abdulah,-6.172925050000001,106.63550605
Jalan Satria,-6.1709423,106.63586279999998
Jalan Windu Karya,-6.171155499999999,106.6357878
Siswa,-6.17217785,106.63563115
Jalan Daan Mogot,-6.1668695,106.64303895
Jalan Daan Mogot,-6.1669465,106.6430226
JPO Tanpa Nama,-6.16748955,106.64299315
JPO Tanpa Nama,-6.167887870683,106.63149455722092
JPO Tanpa Nama,-6.2784789902394875,106.74206891071537
JPO Tanpa Nama,-6.276632730094726,106.74107569963897
JPO Tanpa Nama,-6.1677728,107.00337775
JPO Tanpa Nama,-6.17003645,107.0289287
JPO Tanpa Nama,-6.16118075,107.02589875
JPO Tanpa Nama,-6.160231749999999,107.0119198
JPO Tanpa Nama,-6.156789,107.00636955000002
JPO Tanpa Nama,-6.1539354,107.0063156
Jalan ISTN,-6.355080489270309,106.81179340800335
JPO Tanpa Nama,-6.25285475,106.72305225
JPO Tanpa Nama,-6.269955700000001,106.7008978
JPO Tanpa Nama,-6.077738350000001,106.60896485
JPO Tanpa Nama,-6.0905555499999995,106.60770835
Jalan Walet Raya,-6.25541275,106.72676005
JPO Tanpa Nama,-6.2533669,106.7242514
JPO Tanpa Nama,-6.2794913,106.74074379999999
Jalan Ceger Raya,-6.2592817,106.7426025
JPO Tanpa Nama,-6.2608874,106.74303549999999
JPO Tanpa Nama,-6.2574326000000005,106.74175290000001
JPO Tanpa Nama,-6.3578370500000005,106.79112135
Jalan Haji Mohammed Nur,-6.367219,106.7913013
JPO Tanpa Nama,-6.3586349,106.79122455000001
JPO Tanpa Nama,-6.26547665,106.72537030000001
JPO Tanpa Nama,-6.2653886,106.72581149999999
JPO Tanpa Nama,-6.26827155,106.7210129
JPO Tanpa Nama,-6.0779752,106.67216665000001
Jalan Raya Salembaran,-6.074577799999999,106.67402315000002
JPO Tanpa Nama,-6.090861950000001,106.66327745000001
JPO Tanpa Nama,-6.088547050000001,106.66370624999999
Jalan Blimbing,-6.08751465,106.66468510000001
JPO Tanpa Nama,-6.089252350000001,106.67213724999998
JPO Tanpa Nama,-6.0842806,106.6920599
JPO Tanpa Nama,-6.086749899999999,106.6803335
JPO Tanpa Nama,-6.08587855,106.68658410000002
JPO Tanpa Nama,-6.0865708,106.68382390000001
JPO Tanpa Nama,-6.0868044999999995,106.681454
JPO Tanpa Nama,-6.08738265,106.67618630000001
JPO Tanpa Nama,-6.08765195,106.67558930000001
JPO Tanpa Nama,-6.0867281,106.67766575
JPO Tanpa Nama,-6.17919365589641,106.62983606579387
JPO Tanpa Nama,-6.1710562499999995,107.04263755
Jalan Raya Babelan,-6.1678901,107.04254885
JPO Tanpa Nama,-6.16389055,107.04303975
Jalan Gang Merzy,-6.170476799999999,107.04248750000001
JPO Tanpa Nama,-6.201644459066431,106.82046293031156
JPO Tanpa Nama,-6.176803478688457,106.79062954879645
JPO Tanpa Nama,-6.1771426,106.79066150000001
JPO Tanpa Nama,-6.177523613102018,106.78995703651874
JPO Tanpa Nama,-6.09118435,106.6229052
JPO Tanpa Nama,-6.073472000000001,106.6452926
JPO Tanpa Nama,-6.086974500000001,106.623152
Jalan Babussalam,-6.0876836999999995,106.63850079999999
JPO Tanpa Nama,-6.0801859,106.63920645
JPO Tanpa Nama,-6.093619650000001,106.63774699999999
JPO Tanpa Nama,-6.09667605,106.63833819999999
JPO Tanpa Nama,-6.1027462,106.63865584999999
JPO Tanpa Nama,-6.1088917,106.6495381
JPO Tanpa Nama,-6.10867725,106.64656915
Gang Haji Umar,-6.1079628,106.643112
JPO Tanpa Nama,-6.1064886,106.64187365000001
Jalan L Abdul Hamid,-6.1056409,106.64073945000001
JPO Tanpa Nama,-6.0958092,106.63815739999998
JPO Tanpa Nama,-6.0954221,106.6380964
JPO Tanpa Nama,-6.0935884,106.61634785000001
JPO Tanpa Nama,-6.26200695,106.74291235000001
JPO Tanpa Nama,-6.17788895,106.642138
Jalan HS Abdul Azis,-6.17568535,106.64225454999999
JPO Tanpa Nama,-6.1757914,106.64132295
JPO Tanpa Nama,-6.17570145,106.64197625
JPO Tanpa Nama,-6.17571545,106.64182575000001
JPO Tanpa Nama,-6.17577435,106.6414255
Jalan LP Pemuda,-6.177757599999999,106.64213395
JPO Tanpa Nama,-6.1763623,106.64218025000001
JPO Margocity,-6.37226175,106.83296845
JPO Tanpa Nama,-6.264623950000002,106.71969515000002
JPO Tanpa Nama,-6.10275065,106.66532845
JPO Tanpa Nama,-6.0934987,106.66944475
JPO Tanpa Nama,-6.09416055,106.6694077
JPO Tanpa Nama,-6.09290925,106.66947605
JPO Tanpa Nama,-6.09180385,106.66952175
JPO Tanpa Nama,-6.09721525,106.65563859999999
JPO Tanpa Nama,-6.09246995,106.66229609999999
JPO Tanpa Nama,-6.09262595,106.65607059999998
JPO Tanpa Nama,-6.09548665,106.65606025
JPO Tanpa Nama,-6.0936623,106.65912035
JPO Tanpa Nama,-6.10905145,106.6518868
JPO Tanpa Nama,-6.264688250000001,106.74247645
JPO Tanpa Nama,-6.139844350000001,106.602792
Jalan Puskesmas,-6.25306,106.71110359999999
JPO Tanpa Nama,-6.1778752,106.6548273
Jalan Saminten VII,-6.37971855,106.84775454999998
JPO Tanpa Nama,-6.378897099999999,106.8663315
Jalan Abadi,-6.2692548,106.7377559
Jalan Raya Bandara,-6.119344114678948,106.6668239221979
JPO Tanpa Nama,-6.122293890323319,106.66120024454712
Jalan Raya Bandara,-6.122350633450123,106.66124228786394
JPO Tanpa Nama,-6.1098117,106.67809600000001
JPO Tanpa Nama,-6.10779135,106.63511519999999
Soekarno Hatta Perimeter Utara,-6.1221698999999985,106.63405990000001
JPO Tanpa Nama,-6.12291445,106.6347703
JPO Tanpa Nama,-6.113277050000001,106.63499795
JPO Tanpa Nama,-6.112050050000001,106.63180745
JPO Tanpa Nama,-6.116235100000001,106.6296323
JPO Tanpa Nama,-6.137885649999999,106.60451455
JPO Tanpa Nama,-6.193056950000001,106.63390774999999
JPO Tanpa Nama,-6.1298673500000005,106.61015899999998
JPO Tanpa Nama,-6.39724745,106.85460315
Jalan Kerinci VI,-6.39697625,106.8547131
JPO Tanpa Nama,-6.19123455,107.01097275000001
JPO Tanpa Nama,-6.188950510353321,107.01038214435708
JPO Tanpa Nama,-6.40000455,106.87320795
Gang Haji Melih,-6.393210099999999,106.872398
JPO Tanpa Nama,-6.172834299999999,107.01827685
Jalan Bulevar Harapan Indah,-6.160149499999999,106.98815065
Jalan Tol Ulujami–Serpong,-6.256052685362381,106.76074886877495
Jalan Tol Ulujami–Serpong,-6.256048035973922,106.76062685160448
JPO Tanpa Nama,-6.15366465,106.63263185
JPO Tanpa Nama,-6.2622998,106.72365930000001
JPO Tanpa Nama,-6.23866295,107.03944315000001
Jalan Pulau Halmahera 11,-6.23945675,107.03958080000001
JPO Tanpa Nama,-6.221867791168787,107.0278080535255
JPO Tanpa Nama,-6.204602995690655,107.01823760980076
JPO Tanpa Nama,-6.150755940849101,106.65842280078947
Jalan Halim Perdana Kusuma,-6.15447395,106.67478514999999
JPO Tanpa Nama,-6.1508068,106.663398
JPO Tanpa Nama,-6.150254650000001,106.66261259999999
JPO Tanpa Nama,-6.1476726,106.65884589999999
JPO Tanpa Nama,-6.147407299999999,106.658478
JPO Tanpa Nama,-6.1473401,106.6583752
JPO Tanpa Nama,-6.1211236499999995,106.74882734999998
Jalan Taman Golf Timur,-6.11999055,106.74751175000002
Jalan Taman Golf Timur,-6.1200039,106.74756585
Transjakarta Busway Koridor 13,-6.239359523492987,106.78538605879208
Transjakarta Busway Koridor 13,-6.239420899495554,106.78537521380503
JPO Tanpa Nama,-6.19971049558267,107.03004011842555
JPO Tanpa Nama,-6.197825,107.0371058
JPO Tanpa Nama,-6.19739815,107.03711415
Transjakarta Busway Koridor 8,-6.26107935,106.781994
Jalan Sultan Iskandar Muda,-6.2611177,106.78192079999998
Jalan Sultan Iskandar Muda,-6.26113395,106.7820652
Gang Ampera Rt. 005 Rw. 008,-6.1615929,107.02489925
Jalan Raya Pulo Timaha,-6.1613973,107.02376805
Jalan Bangka VII Dalam,-6.24676185,106.8122682
JPO Tanpa Nama,-6.11190705,106.7729004
JPO Tanpa Nama,-6.120097237238047,106.77276525943186
JPO Tanpa Nama,-6.1188356,106.7724558
JPO Tanpa Nama,-6.14340455,106.67824525
JPO Tanpa Nama,-6.1548060499999995,106.69141214999999
Jalan Faliman Jaya,-6.147590149999999,106.68722485
Jalan Anggrek,-6.2031599,106.7742146
JPO Tanpa Nama,-6.13833,106.69091075
JPO Tanpa Nama,-6.200398800000001,107.00579925000001
Jalan Kaliabang,-6.20522515,107.00705690000001
JPO Tanpa Nama,-6.1690471,107.00703855
JPO Tanpa Nama,-6.165427299999999,107.0087216
JPO Tanpa Nama,-6.244189250000001,107.01348674999998
JPO Tanpa Nama,-6.2439941307463664,107.01318083417273
JPO Tanpa Nama,-6.286845700000001,106.7017356
JPO Tanpa Nama,-6.286720578839922,106.7010611900095
Jalan Raya Bandara,-6.12404553751854,106.66269562035747
Jalan Haji Darip,-6.213985062403791,106.88755812895039
JPO Tanpa Nama,-6.164773013164921,106.6554926047164
JPO Tanpa Nama,-6.286663446879329,106.72859050607458
JPO Tanpa Nama,-6.157308608625462,106.92583322675839
JPO Tanpa Nama,-6.157291387634556,106.92742119448144
Jalan Daan Mogot,-6.164269499999999,106.67701675
JPO Tanpa Nama,-6.16362905,106.6669733
JPO Tanpa Nama,-6.1617089,106.6815879
JPO Tanpa Nama,-6.18452025,107.03808635
JPO Tanpa Nama,-6.187189699999999,107.03765495
JPO Tanpa Nama,-6.183314149999999,107.03830395
JPO Tanpa Nama,-6.108133776290615,106.91570535612571
JPO Tanpa Nama,-6.27503405,107.03944759999999
JPO Tanpa Nama,-6.291983999999999,106.72617055
JPO Tanpa Nama,-6.29409525,106.7161579
JPO Tanpa Nama,-6.34514175,106.99293365
JPO Tanpa Nama,-6.3464983,106.97035255
Jalan Warung Gantung,-6.153853,106.6889101
JPO Tanpa Nama,-6.15496025,106.69350229999999
JPO Tanpa Nama,-6.15956205,106.68844425
JPO Tanpa Nama,-6.159442649999999,106.6885584
JPO Tanpa Nama,-6.1597877,106.69442835000001
JPO Tanpa Nama,-6.15977,106.69497555000001
JPO Tanpa Nama,-6.1593644,106.69201025000001
Jalan Tol Lingkar Luar Jakarta,-6.157837699999999,106.940641
Jalan Tol Lingkar Luar Jakarta,-6.15783945,106.94078859999999
JPO Tanpa Nama,-6.223388910800849,107.0130471395783
JPO Tanpa Nama,-6.2237203893956545,107.01228908924591
JPO Tanpa Nama,-6.223426784093944,107.0146352599974
Jalan Taman Wisma Asri Raya,-6.2200658,107.02430104999999
JPO Tanpa Nama,-6.1615716,106.9491324
Jalan Panglima Polim,-6.17228,106.6664088
Jalan Blok Malang,-6.17789535,106.66496255000001
JPO Tanpa Nama,-6.1754753000000004,106.66747244999999
Jalan Panglima Polim,-6.1764528499999996,106.6661451
JPO Tanpa Nama,-6.28818765,106.73895404999999
JPO Tanpa Nama,-6.280170727118083,107.01875697164368
JPO Tanpa Nama,-6.273951599999999,107.008535
JPO Tanpa Nama,-6.2746607,107.0085057
Jalan Jati Raya Timur,-6.319867600000001,106.788482
Jalan Jati Raya Utara,-6.31321795,106.78758395
Jalan Cilobak VI,-6.3188542000000005,106.80025954999999
JPO Tanpa Nama,-6.3193319,106.8004187
JPO Tanpa Nama,-6.31914015,106.800344
Jalan Komplek DDN II,-6.3142289,106.79567225
JPO Tanpa Nama,-6.32389935,106.79565535
Jalan Rorotan IX Gang 4,-6.16014955,106.95946105
Jalan Pembangunan 2,-6.1741007,106.66938735
JPO Tanpa Nama,-6.17122186910824,106.67332082941687
Jalan Haji Ipin,-6.31123215,106.7884117
Gang Swadaya,-6.30861775,106.7882781
Jalan Lingkar RSUP Fatmawati,-6.296850559642031,106.79567799416066
Jalan Komplek Timah,-6.29937465,106.7927141
Simpang Susun Burangkeng,-6.3483880088486355,107.02489780951676
JPO Tanpa Nama,-6.3356759500000015,107.00290104999999
JPO Tanpa Nama,-6.346193100000001,107.0005924
JPO Tanpa Nama,-6.3314205,107.00739920000001
JPO Tanpa Nama,-6.348145800000001,107.0005334
Jalan Mustikajaya,-6.34245405,107.0025441
JPO Tanpa Nama,-6.330492357057694,107.0053918486049
JPO Tanpa Nama,-6.32960075,107.00608940000001
JPO Tanpa Nama,-6.33093775,107.00770890000001
Jalan Tumaritis,-6.28503345,106.79752125
JPO Tanpa Nama,-6.3107554,106.71350530000001
JPO Tanpa Nama,-6.309944798824876,106.71360998520217
JPO Tanpa Nama,-6.305688100000001,106.7083423
JPO Tanpa Nama,-6.269137,107.04016699999998
JPO Tanpa Nama,-6.272914239940769,107.04373821493998
JPO Tanpa Nama,-6.328702500691655,106.60597447354532
Jalan Tol Jakarta–Bogor–Ciawi,-6.396926099999999,106.8968542
Jalan Tol Jakarta–Bogor–Ciawi,-6.396952500000001,106.89666919999999
JPO Tanpa Nama,-6.29575455,106.8068729
JPO Tanpa Nama,-6.294641,106.8063733
JPO Tanpa Nama,-6.294104441246478,106.80641530031554
JPO Tanpa Nama,-6.2952524194366255,106.80613216314187
Simpang Susun Burangkeng,-6.348729966990737,107.02786293203862
JPO Tanpa Nama,-6.271780041120212,107.03305004392108
JPO Tanpa Nama,-6.271905812725278,107.03253158809339
JPO Tanpa Nama,-6.269360155847645,107.03100252967334
JPO Tanpa Nama,-6.267010600000001,107.02932805
Jalan Toyogiri Selatan,-6.266742600000001,107.03359275
JPO Tanpa Nama,-6.303352339531485,106.73735126117458
JPO Tanpa Nama,-6.300403149999999,106.7446405
Gang Haji Saji,-6.3102971550313995,106.73950103679915
JPO Tanpa Nama,-6.304258023182818,106.73625671689207
JPO Tanpa Nama,-6.302506086168136,106.8205390700454
Jalan Margasatwa,-6.311843499999999,106.80811510000001
Jalan K. Haji Dewantara,-6.19854975,106.6941565
Jalan Ciater Raya,-6.3156284,106.7055007
JPO Tanpa Nama,-6.270137473893349,107.0228654852226
JPO Tanpa Nama,-6.27061855,107.02358714999998
JPO Tanpa Nama,-6.26506935,107.02918575000001
JPO Tanpa Nama,-6.288607622419656,106.8463279114055
JPO Tanpa Nama,-6.20314145,106.61175845
JPO Tanpa Nama,-6.203649649999999,106.61175390000001
Jalan Gede Raya,-6.20564435,106.60962485
JPO Tanpa Nama,-6.200888900000001,106.61098485
JPO Tanpa Nama,-6.205228399999998,106.6108873
Gang Joni,-6.19857995,106.6101171
JPO Tanpa Nama,-6.322038829099315,106.79309872680435
JPO Tanpa Nama,-6.31964315,106.72298125
JPO Tanpa Nama,-6.2140747,106.6105017
JPO Tanpa Nama,-6.19550895,106.6085158
Jalan Delta Raya,-6.1957591,106.609411
Jalan Prambanan Raya,-6.2077707,106.6072715
Jalan Mangga Raya,-6.2118024,106.60899459999999
Jalan Perapatan Palem Raya,-6.211482650000001,106.60769579999999
JPO Tanpa Nama,-6.222473150000002,106.60504
JPO Tanpa Nama,-6.165292290321447,106.941301949331
Jalan Imperial Golf,-6.23313775,106.60532785000001
Jalan Pulau Golf,-6.2328044,106.60179445
JPO Tanpa Nama,-6.23709655,106.60255255000001
JPO Tanpa Nama,-6.237649048034972,106.7119224990962
JPO Tanpa Nama,-6.23821445,106.7062014
JPO Tanpa Nama,-6.327899343960324,106.83430252486627
JPO Tanpa Nama,-6.3201505000000004,106.7428395
JPO Tanpa Nama,-6.318138642678086,106.7377535621833
JPO Tanpa Nama,-6.3223125499999995,106.74293134999999
JPO Tanpa Nama,-6.323465549999999,106.74290525000002
JPO Tanpa Nama,-6.3124932000000005,106.73801689999999
JPO Tanpa Nama,-6.199941127125544,106.6085327565163
JPO Tanpa Nama,-6.154854219703317,106.73071711906955
JPO Tanpa Nama,-6.1547804,106.73308950000002
JPO Tanpa Nama,-6.154586500027534,106.73826635297715
JPO Tanpa Nama,-6.1544522050505766,106.73811256751084
JPO Tanpa Nama,-6.15475815,106.74192124999999
Ketua Rowag,-6.285573200000001,106.8249607
Jalan Mangga Sari,-6.29371665,106.82502615
Gang Jati III,-6.289059099999999,106.83322005
Gang Jati III,-6.28847681722164,106.83328155326059
Jalan Bambu Suling III,-6.29312805,106.84039345
Jalan Haji Umaidi Rawa Bambu II,-6.2945055,106.83811415
Jalan Rawa Bambu I,-6.2925175499999995,106.8412745
JPO Tanpa Nama,-6.2874798,106.82746589999999
Gang Saiman,-6.288922149999999,106.82769150000001
JPO Tanpa Nama,-6.291852749999999,106.83178925
Gang Yusuf,-6.293216149999998,106.83093195000001
Gang Poncol XI,-6.2932868,106.82989409999999
Jalan Manara,-6.2949038999999996,106.8297064
JPO Tanpa Nama,-6.285804099999999,106.8262268
Jalan Hankam,-6.2876151,106.82343890000001
Jalan Siyarridin,-6.28597175,106.82475149999999
JPO Tanpa Nama,-6.28685555,106.82419494999999
Gang Subur,-6.2864979000000005,106.82455345
JPO Tanpa Nama,-6.344537822746209,106.69078091509091
JPO Tanpa Nama,-6.343650451755661,106.69056693477677
JPO Tanpa Nama,-6.344526188400263,106.69083539407634
JPO Tanpa Nama,-6.1866373,106.7385726
JPO Tanpa Nama,-6.18603665,106.73859045000002
JPO Tanpa Nama,-6.187101950000001,106.7379571
JPO Tanpa Nama,-6.186581,106.73667655
JPO Tanpa Nama,-6.1859963,106.7366863
JPO Tanpa Nama,-6.152377995862227,106.69930765346955
JPO Tanpa Nama,-6.16306125,106.9619233
Jalan Nurul Hasanah,-6.178980091052065,106.7002025924264
JPO Tanpa Nama,-6.1805169,106.70042525
JPO Tanpa Nama,-6.177225849999999,106.927444
JPO Tanpa Nama,-6.25489885,107.024532
JPO Tanpa Nama,-6.2524688,107.0211092
JPO Tanpa Nama,-6.156522670505493,106.71499293892087
JPO Tanpa Nama,-6.15619145,106.70933685
JPO Tanpa Nama,-6.1559814500000005,106.7112866
JPO Tanpa Nama,-6.171664,106.94237240000001
JPO Tanpa Nama,-6.17617795,106.9388261
JPO Tanpa Nama,-6.1772875,106.9398867
JPO Tanpa Nama,-6.1744143000000005,106.92954004999999
JPO Tanpa Nama,-6.164922750000001,106.7109251
Jalan Duri Semanan,-6.16433265,106.71428165
JPO Tanpa Nama,-6.17507025,106.94256885
JPO Tanpa Nama,-6.170173,106.94210755
Jalan Sepat I,-6.3054267,106.83232604999999
JPO Tanpa Nama,-6.2080497,106.77215135
JPO Tanpa Nama,-6.207709449999999,106.77219825
JPO Tanpa Nama,-6.255503580471876,107.01608071628397
JPO Tanpa Nama,-6.15682155,106.72071405
JPO Tanpa Nama,-6.154346799999999,106.72089364999998
JPO Tanpa Nama,-6.157441674267727,106.72502132295476
JPO Tanpa Nama,-6.1539522,106.71773495000001
JPO Tanpa Nama,-6.15430525,106.71708855
JPO Tanpa Nama,-6.15372945,106.72385335
JPO Tanpa Nama,-6.176497599999999,106.95514575
JPO Tanpa Nama,-6.2148348,106.78696220000002
Jalan Joglo Raya,-6.21741225,106.7478971
Jalan Pos Pengumben,-6.2170024999999995,106.76427705
Jalan Pos Pengumben,-6.2167555,106.7674868
JPO Tanpa Nama,-6.222285690814817,106.76831944449945
Jalan Pahlawan 3,-6.22008465,106.7679064
Jalan Rawa Udang,-6.18653275,106.92087945
Jalan Bekasi Raya,-6.1832981,106.92879365
JPO Tanpa Nama,-6.184815871731453,106.92342443508146
JPO Tanpa Nama,-6.1914588684297085,106.73193826515522
Jalan Haji Soleh II Dalam,-6.22131005,106.77463069999997
Jalan Haji Soleh II,-6.2208561,106.77454655
Jalan Haji Muhajar,-6.2223395,106.77476175
Jalan Al Falah II,-6.2179292,106.7740843
Jalan Pos Pengumben,-6.21633935,106.77369995000001
Jalan Pos Pengumben,-6.2164163,106.77370590000001
Jalan Logam,-6.21786635,106.78731930000001
Jalan SMU 63,-6.229441850000001,106.7493111
JPO Tanpa Nama,-6.183152455344289,106.93042081112405
JPO Tanpa Nama,-6.183279099999999,106.93060645000001
JPO Tanpa Nama,-6.186417874587436,106.93618041876898
JPO Tanpa Nama,-6.185164029134121,106.93888592364463
JPO Tanpa Nama,-6.3830231,106.79051360000001
JPO Tanpa Nama,-6.38735665,106.79196085
JPO Tanpa Nama,-6.38263345,106.79049
Jalan Reformasi,-6.2357786,106.76066885
Gang Kenanga III,-6.22791165,106.75834869999998
Gang Kenanga II,-6.22804195,106.75832790000001
Gang Nusa Indah I,-6.22747925,106.75858840000001
JPO Tanpa Nama,-6.228685150000001,106.7584701
JPO Tanpa Nama,-6.222934329973106,106.70699126251132
JPO Tanpa Nama,-6.2206008,106.70185695
JPO Tanpa Nama,-6.3838992999999995,106.8096101
JPO Tanpa Nama,-6.38380235,106.80903855
JPO Tanpa Nama,-6.3870365,106.80540855000001
JPO Tanpa Nama,-6.3778915,106.80527425
JPO Tanpa Nama,-6.37704165,106.80511460000001
JPO Tanpa Nama,-6.183326075059133,106.94926523215688
JPO Tanpa Nama,-6.1784042,106.94095895
JPO Tanpa Nama,-6.179360249999999,106.94184870000001
JPO Tanpa Nama,-6.1796158000000005,106.942087
JPO Tanpa Nama,-6.17897715,106.941479
JPO Tanpa Nama,-6.2310975,106.77453175
Jalan Assirot,-6.225643,106.77448539999999
Jalan Cidodol,-6.22954955,106.77410165000002
JPO Tanpa Nama,-6.2281426,106.77378350000001
JPO Tanpa Nama,-6.2485742,106.61436800000001
Jalan Kedondong,-6.38283,106.82839665
JPO Tanpa Nama,-6.38287288045757,106.81815997139917
JPO Tanpa Nama,-6.1834586,106.9251254
JPO Tanpa Nama,-6.1836564,106.9282239
JPO Tanpa Nama,-6.228644517309535,106.77956995389661
JPO Tanpa Nama,-6.182423,106.93548895
JPO Tanpa Nama,-6.240655081097697,106.79928537024426
Jalan Engsek,-6.3971292,106.7968743
JPO Tanpa Nama,-6.396490800000001,106.79645924999998
Jalan Haji Jumin II,-6.3887563499999995,106.79317789999999
JPO Tanpa Nama,-6.38905395,106.79350389999999
JPO Tanpa Nama,-6.2424283,107.03948634999999
Jalan Pulau Maluku 1,-6.24371285,107.03900079999998
Jalan Nusantara,-6.244134900000001,107.03883165
JPO Tanpa Nama,-6.179118762931051,106.95538290740471
JPO Tanpa Nama,-6.178739847352259,106.95426541542977
JPO Tanpa Nama,-6.184575299999999,106.96286835
JPO Tanpa Nama,-6.177891600000001,106.95401960000001
Jalan Jakarta Garden City,-6.17944525,106.953116
JPO Tanpa Nama,-6.1841407,106.95930004999998
JPO Tanpa Nama,-6.1839470500000004,106.9593805
Jalan Tol Bekasi–Cawang–Kampung Melayu,-6.248733302339276,106.97492146246958
JPO Tanpa Nama,-6.24831905,106.97443589999999
JPO Tanpa Nama,-6.244988800000001,106.8457565
JPO Tanpa Nama,-6.2444212,106.84593025000001
JPO Tanpa Nama,-6.24457845,106.84591524999999
Jalan Pancoran Buntu I,-6.2477394,106.84542195
JPO Tanpa Nama,-6.24511025,106.8427789
JPO Tanpa Nama,-6.244839450000001,106.8427532
JPO Tanpa Nama,-6.24743025,106.84265235
JPO Tanpa Nama,-6.246916349999999,106.84268845
Gang Anggas,-6.2492345,106.8353791
Jalan Pancoran Barat VII B,-6.24973765,106.83558455
Jalan Pancoran Barat XI J,-6.24637895,106.83550115
JPO Tanpa Nama,-6.24403795,106.83525904999999
Jalan Pancoran Barat XI E,-6.24453495,106.83534805
JPO Tanpa Nama,-6.260184021253569,106.79131059088765
JPO Tanpa Nama,-6.259413701137517,106.8001966295364
Jalan Pete VI,-6.2552179500000005,106.79268139999999
JPO Tanpa Nama,-6.195464495687191,106.92891105832305
JPO Tanpa Nama,-6.19136475,106.92112995
JPO Tanpa Nama,-6.1926619,106.92101274999999
JPO Tanpa Nama,-6.195145043125528,106.92126275148341
JPO Tanpa Nama,-6.186837049999999,106.9291605
JPO Tanpa Nama,-6.3732754,106.77399775
JPO Tanpa Nama,-6.28013735,106.79020395
JPO Tanpa Nama,-6.283797829929836,106.78926740166722
JPO Tanpa Nama,-6.27445675,106.79312335
JPO Tanpa Nama,-6.3262874,106.7564913
JPO Tanpa Nama,-6.340365,106.7598367
JPO Tanpa Nama,-6.3392734,106.75938740000001
Jalan Pengadegan Barat XIII,-6.250643241841178,106.8523477539705
JPO Tanpa Nama,-6.245188300000001,106.8548345
Jalan Letnan Jenderal MT Haryono,-6.243384600000001,106.8539193
Jalan Swadaya VIII,-6.3901304,106.80240875000001
JPO Tanpa Nama,-6.1863221,106.9225413
Jalan Haji Abdul Hamid,-6.2498131,106.86736545
JPO Tanpa Nama,-6.2449545,106.99200595
JPO Tanpa Nama,-6.1840924,106.95724985000003
JPO Tanpa Nama,-6.18398895,106.9574997
JPO Tanpa Nama,-6.1842506,106.9568775
JPO Tanpa Nama,-6.385538,106.77559855000001
Jalan Haji Muhajir,-6.3387194000000004,106.78525185
JPO Tanpa Nama,-6.24906929572293,106.99545825642032
JPO Tanpa Nama,-6.2425865,107.0011858
JPO Tanpa Nama,-6.19332055,106.9404898
JPO Tanpa Nama,-6.19223105,106.93868230000001
JPO Tanpa Nama,-6.19237795,106.93841850000001
JPO Tanpa Nama,-6.192110460945989,106.93864498975971
JPO Tanpa Nama,-6.191962191970164,106.93677934141066
JPO Tanpa Nama,-6.189857055035702,106.93689895077912
Jalan Kalibata Utara I,-6.259070915866291,106.84325847742198
Jalan Duren Tiga Selatan,-6.258631749999999,106.84327450000002
JPO Tanpa Nama,-6.267799500000001,106.8451403
JPO Tanpa Nama,-6.39328935,106.8221961
JPO Tanpa Nama,-6.39152995,106.8247114
JPO Tanpa Nama,-6.39410185,106.822852
JPO Tanpa Nama,-6.3950335,106.8225142
Jalan Haji Muyan,-6.25953005,106.96373525
JPO Tanpa Nama,-6.258822314710949,106.80854342848248
JPO Tanpa Nama,-6.25935535,106.8063386
JPO Tanpa Nama,-6.260129909481565,106.8031438447136
JPO Tanpa Nama,-6.26012555,106.80180135
Jalan Jakasampurna,-6.249474099986361,106.96871634742975
JPO Tanpa Nama,-6.3500466,106.74689240000001
JPO Tanpa Nama,-6.34600115,106.7445241
JPO Tanpa Nama,-6.34657275,106.7448327
JPO Tanpa Nama,-6.34621015,106.74466849999999
JPO Tanpa Nama,-6.20386807440828,106.88419746261813
JPO Tanpa Nama,-6.20385630091455,106.88374579333566
JPO Tanpa Nama,-6.203769177239162,106.88434219468333
JPO Tanpa Nama,-6.25932110379932,106.85192315396473
JPO Tanpa Nama,-6.26455405,106.85214334999999
JPO Tanpa Nama,-6.2643908,106.85176980000001
JPO Tanpa Nama,-6.39011285,106.76697584999998
JPO Tanpa Nama,-6.39292525,106.7673557
JPO Tanpa Nama,-6.396912,106.76804269999998
JPO Tanpa Nama,-6.3884292,106.76731065000001
Jalan Gebang Mutiara II,-6.19350095,106.946309
Jalan Tebet Barat Dalam X,-6.2420955000000005,106.8536593
Jalan Mohammad Ridwan Rais,-6.3737928,106.8256102
JPO Tanpa Nama,-6.34388485,106.7590707
JPO Tanpa Nama,-6.29874125,106.70481405000002
JPO Tanpa Nama,-6.29869875,106.70479065
JPO Tanpa Nama,-6.24586635,106.99274514999999
JPO Tanpa Nama,-6.2527384,106.65069585
JPO Tanpa Nama,-6.24814985,106.64983859999998
JPO Tanpa Nama,-6.2405037,106.64730399999999
Jalan Nusa I,-6.2681781,106.86604234999999
Gang Hamdani,-6.25943885,106.86496755
JPO Tanpa Nama,-6.26502915,106.8656599
Jalan Carbera,-6.3907551,106.73815825
JPO Tanpa Nama,-6.386183584134429,106.74840667286233
JPO Tanpa Nama,-6.283480053739816,106.8427056014949
JPO Tanpa Nama,-6.2814471,106.84456564999999
Jalan Pondok Jaya VII,-6.2501934499999985,106.8239004
JPO Tanpa Nama,-6.184764449999999,106.9633084
JPO Tanpa Nama,-6.2438728,106.68870060000002
JPO Tanpa Nama,-6.24366545,106.6898444
JPO Tanpa Nama,-6.23968545,106.68938995
JPO Tanpa Nama,-6.2202651,106.72707205
JPO Tanpa Nama,-6.255412109369124,107.00264113757945
JPO Tanpa Nama,-6.2573392000000005,106.9935251
JPO Tanpa Nama,-6.2655775,106.8266809
Jalan Metro Botania VI,-6.29302135,106.98638884999998
Jalan Metro Botania V,-6.29279305,106.9860152
JPO Tanpa Nama,-6.293353949999999,106.9877792
JPO Tanpa Nama,-6.27065865,106.96637584999999
JPO Tanpa Nama,-6.2577003,106.8698013
JPO Tanpa Nama,-6.2754272564317795,106.82812840813874
JPO Tanpa Nama,-6.2829771,106.82362165
JPO Tanpa Nama,-6.278597915919416,106.82874689769628
JPO Tanpa Nama,-6.271170034886509,106.83097148651623
JPO Tanpa Nama,-6.297584149664377,106.76556611704383
JPO Tanpa Nama,-6.26942340219838,106.8742285314849
JPO Tanpa Nama,-6.2770459,106.86703685
JPO Tanpa Nama,-6.39713315,106.70157004999999
JPO Tanpa Nama,-6.36253835,106.74402964999999
Jalan Mayor Madmuin Hasibuan,-6.24913965,106.9972028
Jalan Mayor Madmuin Hasibuan,-6.249252500000002,106.99717315
JPO Tanpa Nama,-6.256614867004204,106.82800094023051
JPO Tanpa Nama,-6.278280815529343,106.82980189204949
JPO Tanpa Nama,-6.27641835,106.83026905
JPO Tanpa Nama,-6.274171291635683,106.83030880088906
JPO Tanpa Nama,-6.290928,106.766447
JPO Tanpa Nama,-6.2730446,106.8731635
JPO Tanpa Nama,-6.162642399999999,106.74785845
JPO Tanpa Nama,-6.155333300000001,106.74918905
JPO Tanpa Nama,-6.1558931,106.75012265000001
JPO Tanpa Nama,-6.3359999294106775,106.70276860339494
JPO Tanpa Nama,-6.3357712697043596,106.7031246602977
JPO Tanpa Nama,-6.25038755,106.7481316
JPO Tanpa Nama,-6.25155275,106.74851120000001
JPO Tanpa Nama,-6.1683977,106.7525931
JPO Tanpa Nama,-6.249777376020814,106.6825733965479
JPO Tanpa Nama,-6.284695379882762,107.00221291861597
JPO Tanpa Nama,-6.290702054556656,106.99808433405568
JPO Tanpa Nama,-6.283629901375502,107.00295723842746
JPO Tanpa Nama,-6.28049085,106.98345079999999
JPO Tanpa Nama,-6.274974984443819,106.97722526644284
JPO Tanpa Nama,-6.213408335347756,106.92443037000166
JPO Tanpa Nama,-6.21647285,106.9088969
JPO Tanpa Nama,-6.215324555634034,106.90958559651739
JPO Tanpa Nama,-6.2129212796862054,106.92483974402764
JPO Tanpa Nama,-6.29244645,106.87908565
JPO Tanpa Nama,-6.3650208,106.7481255
Jalan Masjid,-6.368521149999999,106.7465182
JPO Tanpa Nama,-6.36809635,106.74640790000001
JPO Tanpa Nama,-6.36859245,106.74711635
JPO Tanpa Nama,-6.3671522,106.74735485
JPO Tanpa Nama,-6.3678234,106.7472702
JPO Tanpa Nama,-6.3695711,106.74699179999999
JPO Tanpa Nama,-6.372166699999999,106.74806705
JPO Tanpa Nama,-6.215084300000001,106.91802415000001
JPO Tanpa Nama,-6.330497271936622,106.72056864092728
Jalan Kedoya Pintu Air,-6.1800391,106.75052725
JPO Tanpa Nama,-6.24914855,106.87748675
JPO Tanpa Nama,-6.2910339,107.02687415
JPO Tanpa Nama,-6.29311145,107.02627440000002
JPO Tanpa Nama,-6.29220035,107.0137158
JPO Tanpa Nama,-6.296543187109494,106.78578343271884
JPO Tanpa Nama,-6.2907048,106.78503885
JPO Tanpa Nama,-6.2068688,106.93160735
JPO Tanpa Nama,-6.198945799724487,106.92829846529031
JPO Tanpa Nama,-6.274081600000001,106.7514883
JPO Tanpa Nama,-6.27188945,106.7566969
JPO Tanpa Nama,-6.1915203000000005,106.74591065
Jalan Tol Jakarta–Merak,-6.19140755,106.745955
Jalan Tol Jakarta–Merak,-6.19127675,106.7459644
JPO Tanpa Nama,-6.191142550000001,106.745979
JPO Tanpa Nama,-6.1577648499999995,106.7597925
JPO Tanpa Nama,-6.157099153982499,106.75775536235881
JPO Tanpa Nama,-6.2798996,106.76802605
JPO Tanpa Nama,-6.3092074999999985,106.7558885
JPO Tanpa Nama,-6.30923385,106.7559891
JPO Tanpa Nama,-6.243885649999999,106.90636174999999
JPO Tanpa Nama,-6.2143390498085544,106.91134474859756
Jalan Kemang Pratama Raya,-6.26682480481018,106.98565845939825
JPO Tanpa Nama,-6.173328650163879,106.76352815533018
Jembatan Tujuh Rawalumbu,-6.282481291220115,106.99631734918906
JPO Tanpa Nama,-6.252848050000001,106.69474619999998
JPO Tanpa Nama,-6.29462685,106.91284405
JPO Tanpa Nama,-6.255103200000001,106.75976405
JPO Tanpa Nama,-6.261110932203249,106.7616201764736
JPO Tanpa Nama,-6.262459006460508,106.75901738474613
JPO Tanpa Nama,-6.2623374,106.75877919999999
JPO Tanpa Nama,-6.261927954665097,106.75884753516448
JPO Tanpa Nama,-6.267714138751653,106.7699012856328
Jalan Goa Gajah,-6.346569199999999,106.7245998
JPO Tanpa Nama,-6.250597091549241,106.7656412030391
JPO Tanpa Nama,-6.254262745777075,106.76152333654613
JPO Tanpa Nama,-6.24175226037366,106.75832113457724
JPO Tanpa Nama,-6.25904115,106.88572665
JPO Tanpa Nama,-6.25929945,106.88595124999999
JPO Tanpa Nama,-6.4000331,106.74074594999999
JPO Tanpa Nama,-6.3591102,106.77860394999999
JPO Tanpa Nama,-6.357370700000001,106.77829265000001
JPO Tanpa Nama,-6.361848738615817,106.78044097984207
JPO Tanpa Nama,-6.2071348970324145,106.66055894102168
Jalan Kedoya Raya,-6.19042285,106.7571508
Jalan Melati 2,-6.1138996,106.71324235
JPO Tanpa Nama,-6.110982249999999,106.71285510000001
JPO Tanpa Nama,-6.1098566,106.71265555
Gang Jambu,-6.197944850000001,106.69141450000001
Jalan Haji Mansyur,-6.199071249999999,106.69544165
JPO Tanpa Nama,-6.1977341500000005,106.69850075
JPO Tanpa Nama,-6.25707205,106.8926453
JPO Tanpa Nama,-6.2570904498102315,106.89255652991204
Jalan Harapan Baru Raya,-6.21871685,106.97068609999998
JPO Tanpa Nama,-6.1625586,106.77313484999999
Jalan Suprijadi,-6.307477649999998,106.87701915
JPO Tanpa Nama,-6.307388400000002,106.87701440000001
Jalan Tol Lingkar Luar Jakarta,-6.307284250000001,106.87697735
Jalan Tol Lingkar Luar Jakarta,-6.3071654,106.87693254999999
Jalan Suprijadi,-6.30700525,106.87685404999999
JPO Tanpa Nama,-6.3069121500000005,106.88047215
JPO Tanpa Nama,-6.306380353454705,106.88010650403817
Jalan Alicante 2,-6.264395349999999,106.6256565
Jalan Alicante Boulevard,-6.2659531,106.62510995
JPO Tanpa Nama,-6.2416268,106.78286225
Jalan Doktor Sumarno,-6.210670289120483,106.94981634385626
Gang Perjuangan 8,-6.215139369393084,106.94322204579785
JPO Tanpa Nama,-6.214657413518139,106.94314167122948
JPO Tanpa Nama,-6.2163360610351335,106.94625170806681
JPO Tanpa Nama,-6.37255845,106.77478545
JPO Tanpa Nama,-6.369115149999999,106.77957620000001
JPO Tanpa Nama,-6.2521518,106.87661954999999
JPO Tanpa Nama,-6.340637247922127,106.74105643152652
JPO Tanpa Nama,-6.258534750000001,106.65192365
JPO Tanpa Nama,-6.25615915,106.65139295
JPO Tanpa Nama,-6.2058614500000004,106.95127205000001
JPO Tanpa Nama,-6.2006116321842235,106.95219919788879
JPO Tanpa Nama,-6.304011944153517,106.89947150366936
JPO Tanpa Nama,-6.304463481287112,106.89841962812825
Taman Mini,-6.30256625,106.89548975
JPO Tanpa Nama,-6.11794435,106.72260694999999
Jalan Taman Golf Barat,-6.1174794529637175,106.73977140658593
JPO Tanpa Nama,-6.117626140437742,106.73277780754691
JPO Tanpa Nama,-6.1114958,106.7390656
JPO Tanpa Nama,-6.1114396499999994,106.73899255
JPO Tanpa Nama,-6.113968784035037,106.73543078154259
Jalan Komplek PIK,-6.202685349999999,106.93156099999999
JPO Tanpa Nama,-6.327380673506985,106.97305446906509
Jalan Cendana 19,-6.240156150000002,106.9731999
JPO Tanpa Nama,-6.22446835,106.87701269999998
JPO Tanpa Nama,-6.3116146,106.90920504999998
JPO Tanpa Nama,-6.146605549999999,106.74044955
Jalan Puspa Jati I,-6.150623250000001,106.7366042
JPO Tanpa Nama,-6.3231363,106.98864789999999
JPO Tanpa Nama,-6.323778521551446,106.98478081736896
JPO Tanpa Nama,-6.20353505,106.97860750000001
JPO Tanpa Nama,-6.2026141,106.97768395
JPO Tanpa Nama,-6.2044895,106.97953235
JPO Tanpa Nama,-6.1984726000000006,106.975675
Jalan Tol Lingkar Luar Jakarta,-6.205203181033822,106.7380395123602
Jalan Tol Lingkar Luar Jakarta,-6.208602358433433,106.73998878960505
Jalan Tol Lingkar Luar Jakarta,-6.2003803,106.73573605
Jalan Tol Lingkar Luar Jakarta,-6.200311964840687,106.73551739460379
Jalan Boulevard Gading Serpong,-6.25402875,106.6225126
JPO Tanpa Nama,-6.25175005,106.61820339999998
JPO Tanpa Nama,-6.255638200000001,106.6128094
JPO Tanpa Nama,-6.255053,106.61299045000001
JPO Tanpa Nama,-6.2544644,106.61317885
JPO Tanpa Nama,-6.25167215,106.61257605
JPO Tanpa Nama,-6.222580507253384,106.68219985982864
JPO Tanpa Nama,-6.2272839,106.68201035
JPO Tanpa Nama,-6.226387914448649,106.67502918362199
Jalan Pepabri Raya,-6.227062800000001,106.6683179
JPO Tanpa Nama,-6.225955450000001,106.6687837
JPO Tanpa Nama,-6.2281246,106.66767865
JPO Tanpa Nama,-6.15267535,106.73020634999999
JPO Tanpa Nama,-6.1436189,106.72946720000002
Jalan Lingkar Barat,-6.147958299999999,106.7283116
Jalan Tol Lingkar Luar Jakarta,-6.1478848500000005,106.72815535
Jalan Tol Lingkar Luar Jakarta,-6.1478396,106.72801935
Jalan Syekh Junaid Al Batawi,-6.14781855,106.7279135
JPO Tanpa Nama,-6.26788607025014,106.90560984636605
Jalan Swadaya XI,-6.21137515,106.960326
Jalan Swadaya XII,-6.21164335,106.96032025
Jalan Swadaya XIII,-6.21190605,106.96029659999998
Jalan Swadaya XIV,-6.21220185,106.96030175
JPO Tanpa Nama,-6.3129669,106.87709295
JPO Tanpa Nama,-6.31312295,106.8773123
JPO Tanpa Nama,-6.3143536000000005,106.87739805000001
Jalan Pule,-6.3150558,106.8771285
Jalan Utan Jati,-6.1479221,106.71805520000001
JPO Tanpa Nama,-6.14968615,106.71822215
Jalan Sumur Bor,-6.151161350000001,106.71839495
Jalan Sumur Bor,-6.150107800000001,106.7182994
JPO Tanpa Nama,-6.147206300000001,106.71795295
JPO Tanpa Nama,-6.1457417,106.7178125
JPO Tanpa Nama,-6.145550699999999,106.71782730000001
JPO Tanpa Nama,-6.1448475,106.71798815
JPO Tanpa Nama,-6.14518775,106.71790279999999
JPO Tanpa Nama,-6.165605,106.7838941
JPO Tanpa Nama,-6.1660910499999995,106.78031005
Jalan Bima,-6.1218141500000005,106.71935515
Jalan Sukatani IV,-6.11922565,106.7167095
JPO Tanpa Nama,-6.11835135,106.71104460000002
JPO Tanpa Nama,-6.2044068,106.9858079
JPO Tanpa Nama,-6.1975696,106.99159555000001
JPO Tanpa Nama,-6.198475156692778,106.99329680529233
Jalan Garuda I,-6.201879,106.9910414
JPO Tanpa Nama,-6.202379349999999,106.98942345
Jalan Bangau,-6.20307915,106.9909552
Jalan Bangau,-6.20327,106.9892363
Jalan Bulak Teko,-6.15020435,106.70027945
JPO Tanpa Nama,-6.2127134999999996,106.94500865
JPO Tanpa Nama,-6.212337459619727,106.94509486579918
JPO Tanpa Nama,-6.22743515,106.69642145
JPO Tanpa Nama,-6.227472659645546,106.69652661225295
JPO Tanpa Nama,-6.2378513,106.95645585
JPO Tanpa Nama,-6.230385350000001,106.95402795000001
JPO Tanpa Nama,-6.230594500000001,106.95320249999999
Jalan Tanjung Duren Barat I,-6.1738523999999995,106.77972159999999
JPO Tanpa Nama,-6.138616792427465,106.71901966285432
Jalan Mabes Hankam,-6.311517,106.90347589999999
JPO Tanpa Nama,-6.317179048958921,106.89959603654934
JPO Tanpa Nama,-6.26679125,106.6545961
Gang Perjuangan,-6.2752917,106.8821682
JPO Tanpa Nama,-6.21389415,106.97877170000002
JPO Tanpa Nama,-6.2061300500000005,106.9792198
Jalan Perumahan Harapan Jaya,-6.21349005,106.9819176
Jalan Verina XV,-6.234618899999999,106.67626645
JPO Tanpa Nama,-6.3234139,107.0147428
JPO Tanpa Nama,-6.329193549999999,107.0071885
JPO Tanpa Nama,-6.27324605,106.9012216
JPO Tanpa Nama,-6.28013095,106.9022951
Jalan Tol Lingkar Luar Jakarta,-6.122832139410729,106.73075483181486
JPO Tanpa Nama,-6.192866119605207,106.80388390455897
JPO Tanpa Nama,-6.17137245,106.72814675000001
Jalan Syekh Junaid Al Batawi,-6.1431416,106.72897349999998
Jalan Syekh Junaid Al Batawi,-6.1397036499999995,106.72966865000001
JPO Tanpa Nama,-6.315379525412985,106.90652089396657
JPO Tanpa Nama,-6.2352188,106.6906645
JPO Tanpa Nama,-6.2343893,106.6904821
JPO Tanpa Nama,-6.139106699999999,106.73300315
JPO Tanpa Nama,-6.1407368,106.74241305000001
Jalan Rawa Bhakti II,-6.2190673499999995,106.97811150000003
Jalan Kalibaru Timur,-6.2216488000000005,106.978557
Jalan Sultan Agung,-6.222056388424106,106.97582021189305
Jalan Masjid Al Munawaroh Barat,-6.13036025,106.7434367
Jalan Masjid Asaha’aja,-6.272439186232307,106.69661729605531
JPO Tanpa Nama,-6.3257003,107.0476875
JPO Tanpa Nama,-6.324553250000001,107.0478442
JPO Tanpa Nama,-6.3234359080516125,107.04531302250655
Jalan Setu - Bantar Gebang,-6.3214929,107.0371062
Jalan Jenderal Sudirman,-6.22691175,106.98074475
Jalan Jenderal Sudirman,-6.2268437500000005,106.98079035
JPO Tanpa Nama,-6.2255813,106.97936755
JPO Tanpa Nama,-6.2256151,106.97941554999998
JPO Tanpa Nama,-6.305213164114641,106.99033519084587
JPO Tanpa Nama,-6.307957741980697,106.99031337002502
JPO Tanpa Nama,-6.22224365,107.01306840000001
JPO Tanpa Nama,-6.229634742494165,107.03748960368301
JPO Tanpa Nama,-6.281138179457123,106.65970908851595
Jalan B,-6.22358575,106.90500785
JPO Tanpa Nama,-6.22242815,106.90571335000001
JPO Tanpa Nama,-6.219964750000001,106.90717240000001
JPO Tanpa Nama,-6.2218892,106.90611935000001
JPO Tanpa Nama,-6.22486035,106.90425970000003
Jalan Amal III,-6.2259318,106.9036705
Jalan Amal I,-6.22727915,106.90282619999999
Jalan Malaka IV,-6.2262239,106.9316732
Jalan Malaka Raya,-6.22579895,106.93145605000002
Jalan Wijaya Kusuma III Gang 6,-6.2257558500000005,106.93136715
Jalan Delima V,-6.22332465,106.92899169999998
Jalan Teratai Putih III,-6.222653924912813,106.9296798100338
Jalan Malaka I,-6.2227455,106.92962750000001
Jalur Kereta Api Duri–Tangerang,-6.16312405,106.72077759999999
JPO Tanpa Nama,-6.16286995,106.72070790000001
Jalan Haji Wahab Affan,-6.2092985,106.9697408
Jalan Haji Wahab Affan,-6.20920585,106.96974030000001
Jalan Sultan Agung,-6.1934375500000005,106.97401314999999
Jalan Sultan Agung,-6.19327135,106.97396895
JPO Tanpa Nama,-6.23863635,106.98229345
Jalan Komodo Raya,-6.2330855,106.9795571
Jalan Mujair I,-6.2348943,106.9793809
JPO Tanpa Nama,-6.23672235,106.9794966
Jalan Fajar Niaga Teratai,-6.2354638,106.97614755000002
Jalan Satria Raya,-6.240899700000001,106.97916280000001
Jalan Cemp. Raya,-6.2376018,106.97504720000002
JPO Tanpa Nama,-6.217934958108145,106.94460066063019
JPO Tanpa Nama,-6.217950556302292,106.94528506182843
JPO Tanpa Nama,-6.17808825,106.92189780000001
JPO Tanpa Nama,-6.1770643,106.92156754999999
JPO Tanpa Nama,-6.210466350000001,106.94655085
Jalan Taman Surya Agung,-6.134527050000001,106.71303664999999
Jalan Taman Surya Boulevard,-6.133491899999999,106.71338525
Jalan Taman Surya Prasetya,-6.1320462000000004,106.71416459999999
JPO Tanpa Nama,-6.2250713,106.92969975
JPO Tanpa Nama,-6.222530750000001,106.9306084
JPO Tanpa Nama,-6.21690175,106.93117755
Jalan Rajawali Raya,-6.23792375,106.97936495
Jalan Manggarai Utara II,-6.2111174,106.8541626
Jalan Utan Kayu,-6.1945136000000005,106.86865470000001
JPO Tanpa Nama,-6.165293893624284,106.88015070786857
JPO Tanpa Nama,-6.31917745,107.01795705
JPO Tanpa Nama,-6.3130038,107.0213782
Jalan Raya Zamrud Selatan,-6.313335699999999,107.02187435000002
Jalan Damai,-6.217391605696473,106.9498436959668
JPO Tanpa Nama,-6.2222892678677155,106.9461234825748
Jalan Raya Pondok Kopi,-6.2249873000000004,106.94302905
JPO Tanpa Nama,-6.2382436000000006,106.99322575
JPO Tanpa Nama,-6.2308304,107.00246215
JPO Tanpa Nama,-6.222374199999999,106.9577541
JPO Tanpa Nama,-6.223335395199739,106.9576010361023
JPO Tanpa Nama,-6.21772225,106.95994655000001
Jalan Tol Lingkar Luar Jakarta,-6.292265720209077,106.80561000952414
Jalan Tol Lingkar Luar Jakarta,-6.292433466918483,106.80555549807035
JPO Tanpa Nama,-6.236171049999999,106.9231706
JPO Tanpa Nama,-6.2336669,106.92384839999998
JPO Tanpa Nama,-6.22694685,106.98604330000002
JPO Tanpa Nama,-6.229195850000001,106.98921674999998
JPO Tanpa Nama,-6.2295653,106.98980775000001
Jalan Bulevar Ahmad Yani,-6.230458408531618,106.99462176378087
Jalan Bulevar Ahmad Yani,-6.230352866539234,106.99475673618133
JPO Tanpa Nama,-6.3199219499999995,106.99013715
JPO Tanpa Nama,-6.2164313,106.98744439999999
Jalan Cemara Permai,-6.215417550000001,106.9875421
JPO Tanpa Nama,-6.1633890000000005,106.7755389
JPO Tanpa Nama,-6.23661075,106.8928143
JPO Tanpa Nama,-6.31507765,106.9873212
JPO Tanpa Nama,-6.29183705081666,106.81265010413546
JPO Tanpa Nama,-6.234385250000001,106.94010585000001
JPO Tanpa Nama,-6.23449057107423,106.94015230827901
JPO Tanpa Nama,-6.234482953432348,106.94098982830056
JPO Tanpa Nama,-6.233732675823359,106.94129445166406
JPO Tanpa Nama,-6.23553782219205,106.94147419727588
JPO Tanpa Nama,-6.235817637020135,106.94148314379365
JPO Tanpa Nama,-6.2356615974151275,106.9418288434064
JPO Tanpa Nama,-6.23540727416867,106.94239893860238
JPO Tanpa Nama,-6.31231535,106.96051890000001
JPO Tanpa Nama,-6.319822967794518,106.96787358372218
JPO Tanpa Nama,-6.3217235,106.97253795
JPO Tanpa Nama,-6.14079445,106.7146401
JPO Tanpa Nama,-6.135615550000001,106.74231595000002
JPO Tanpa Nama,-6.29751705,106.894317
JPO Tanpa Nama,-6.298232849999999,106.90297325
JPO Tanpa Nama,-6.2991487500000005,106.8949416
JPO Tanpa Nama,-6.31733635,106.90630584999998
JPO Tanpa Nama,-6.3544293,106.71644825
JPO Tanpa Nama,-6.356018400000001,106.7183596
JPO Tanpa Nama,-6.3425085,106.70910325
JPO Tanpa Nama,-6.3910938999999996,106.8099994
JPO Tanpa Nama,-6.229004622130845,107.00025677990375
Jalan Ciputat Molek VI,-6.314713050000001,106.7509901
JPO Tanpa Nama,-6.315063900000001,106.7495784
JPO Tanpa Nama,-6.2960737,106.76797859999999
Jalan Raya Southcity Timur,-6.346485482760228,106.77398357672773
Jalan Raya Southcity Timur,-6.3463702182272534,106.77397148132053
Jalan PLN,-6.345080400000001,106.78316865
JPO Tanpa Nama,-6.3630246999999995,106.75486060000001
JPO Tanpa Nama,-6.3096014,106.66075655
JPO Tanpa Nama,-6.28239955,107.03242015000001
Jalan Damai III,-6.204368799999999,107.00214399999997
Kalayang Bandar Udara,-6.122945047777158,106.65836759843108
JPO Tanpa Nama,-6.2206212999999995,107.016345
JPO Tanpa Nama,-6.127252400000001,106.90362065000001
Jalan Merpati,-6.2299403,106.84693745
Jalan Plumpang B,-6.136909899999999,106.89290174999998
JPO Tanpa Nama,-6.3990077,106.84232695
JPO Tanpa Nama,-6.394204000000001,106.84209375
JPO Tanpa Nama,-6.19658305,107.01593140000001
JPO Tanpa Nama,-6.367412920499153,106.8289993686493
Jalan Gas Alam,-6.3826823,106.87270025000001
JPO Tanpa Nama,-6.2909657988885215,106.80618759663405
JPO Tanpa Nama,-6.145845899999999,106.687374
JPO Tanpa Nama,-6.099421850000001,106.66832980000001
JPO Tanpa Nama,-6.360929499999998,106.85880900000002
Kalayang Bandar Udara,-6.123005174626456,106.658013819394
JPO Tanpa Nama,-6.319854600000001,106.70374225
JPO Tanpa Nama,-6.0501731,106.6575773
JPO Tanpa Nama,-6.155124499999999,106.84257070000001
JPO Tanpa Nama,-6.15462715,106.84291285
JPO Tanpa Nama,-6.35354955,106.85992095
JPO Tanpa Nama,-6.28977095,106.86665155
JPO Tanpa Nama,-6.2894562999999994,106.86658725000002
JPO Tanpa Nama,-6.369584849999999,106.8263322
JPO Tanpa Nama,-6.133008,106.8881025
JPO Tanpa Nama,-6.192616924689884,106.80371789551286
JPO Tanpa Nama,-6.1930958244751935,106.80363617038716
JPO Tanpa Nama,-6.192823774464532,106.8034024978951
JPO Tanpa Nama,-6.193050745159015,106.80250262530348
JPO Tanpa Nama,-6.2653547,107.02093880000001
JPO Tanpa Nama,-6.281876649999999,107.0324155
JPO Tanpa Nama,-6.395187260868423,106.74999551559783
JPO Tanpa Nama,-6.1318332,106.90381525
Jalan Haji Newi,-6.2800053,106.69403729999999
JPO Tanpa Nama,-6.3045850318763526,106.89816713208204
Jalan Remaja I,-6.28640835,106.86590650000001
JPO Tanpa Nama,-6.2062356,107.01391559999999
JPO Tanpa Nama,-6.323216196133322,106.64294292367508
JPO Tanpa Nama,-6.3205192088806506,106.64389376110452
JPO Tanpa Nama,-6.320516142564426,106.64389219148653
JPO Tanpa Nama,-6.212149650000001,106.7951538
JPO Tanpa Nama,-6.1185484,106.62582044999999
JPO Tanpa Nama,-6.2397088,106.62906505
JPO Tanpa Nama,-6.2400163,106.62895355
JPO Tanpa Nama,-6.314923419806257,106.6761010660742
JPO Tanpa Nama,-6.0743864,106.64326549999998
Jalan Perintis Kemerdekaan,-6.17798035,106.8973283
JPO Tanpa Nama,-6.2302902499999995,106.9909011
JPO Tanpa Nama,-6.10794125,106.9208161
JPO Tanpa Nama,-6.10781055,106.92220615000001
JPO Tanpa Nama,-6.391038050000001,106.8956946
JPO Tanpa Nama,-6.2832237,106.88525139999999
JPO Tanpa Nama,-6.28313775,106.8852125
JPO Tanpa Nama,-6.2813061,106.8843656
JPO Tanpa Nama,-6.1348218,106.6332947
JPO Tanpa Nama,-6.13027935,106.64574329999999
JPO Tanpa Nama,-6.1075725499999995,106.67614839999999
JPO Tanpa Nama,-6.117984999999999,106.67694420000001
JPO Tanpa Nama,-6.133214000000001,106.6386129
JPO Tanpa Nama,-6.09609035,106.7119789
JPO Tanpa Nama,-6.139632727216348,106.85990222666935
JPO Tanpa Nama,-6.1244534999999996,106.83660819999999
JPO Tanpa Nama,-6.124569299999999,106.83644665
JPO Tanpa Nama,-6.123441550000001,106.84108040000001
JPO Tanpa Nama,-6.1236661294287265,106.84232445462715
JPO Tanpa Nama,-6.123461985300012,106.83990378624762
JPO Tanpa Nama,-6.134310650000001,106.84825710000001
JPO Tanpa Nama,-6.1209599517892785,106.83277423526854
JPO Tanpa Nama,-6.14425595,106.77770590000002
JPO Tanpa Nama,-6.15955105,106.63119259999999
JPO Tanpa Nama,-6.290359049999999,106.63467685
Jalan Aria Wangsakara,-6.18143985,106.60471240000001
Jalan Kapuk Pulo,-6.12946215,106.75366330000001
Jalan Bojong Raya,-6.1612192,106.7319656
Jalan Kemuning Raya,-6.14337425,106.71745075000001
JPO Tanpa Nama,-6.245409545180164,106.87570640562384
JPO Tanpa Nama,-6.1729725,106.61229330000002
Jalan Teluk Gong Raya,-6.138778815858599,106.77599839065809
Jalan Teluk Gong Raya,-6.138693977492554,106.77603441793605
JPO Tanpa Nama,-6.2717075,106.92318060000001
JPO Tanpa Nama,-6.3216747,106.64342425000001
JPO Tanpa Nama,-6.32105695,106.64354614999999
JPO Tanpa Nama,-6.3207167,106.64361725
JPO Tanpa Nama,-6.32386775,106.64358535
Jalan Raden Fattah,-6.2437466,106.70044885
Jalan Raden Fattah,-6.2437727,106.7004952
JPO Tanpa Nama,-6.257179649999999,106.7028461
JPO Tanpa Nama,-6.175505650000001,106.630001
JPO Tanpa Nama,-6.175385149999999,106.6298691
JPO Tanpa Nama,-6.180145250000001,106.64209575
Jalan Murjaya,-6.2535729,106.7248201
Jalan Haji Rais,-6.20997855,106.65037000000002
JPO Tanpa Nama,-6.177996430500994,106.64440782636375
JPO Tanpa Nama,-6.31253115,106.68149905
Jalan Qadr Raya,-6.2276352500000005,106.6174353
Jalan Qadr Raya,-6.227679049999999,106.61742875
Jalan Islamic Raya,-6.2292551,106.6166657
JPO Tanpa Nama,-6.270023500000001,106.73226335000001
JPO Tanpa Nama,-6.28635835,106.93585260000002
JPO Tanpa Nama,-6.2860565,106.93588679999999
JPO Tanpa Nama,-6.2825489,106.71332095000001
JPO Tanpa Nama,-6.2830676500000004,106.71344314999999
Jalan Flamingo,-6.28404425,106.7148201
Gang Datuk Setu Babakan II,-6.3415531000000005,106.81943945
Jalan Haji Simang,-6.33771255,106.82380535
JPO Tanpa Nama,-6.2812283,106.7258335
JPO Tanpa Nama,-6.228379107670947,106.65323143923646
JPO Tanpa Nama,-6.239018031200887,106.65376891854433
JPO Tanpa Nama,-6.3069124500000004,106.92601145
JPO Tanpa Nama,-6.200565050000001,106.70797565000001
JPO Tanpa Nama,-6.11586415,106.78518625000002
Jalan Inspeksi Waduk Pluit Utara,-6.11230235,106.79523065000001
JPO Tanpa Nama,-6.1170974121088815,106.79494872811702
Jalan Pluit Timur Raya,-6.1170972,106.79421685
Jalan Pluit Timur Raya,-6.11710215,106.79416040000001
Jalan Pluit Timur Raya,-6.1171013,106.79412175
JPO Tanpa Nama,-6.19886685,106.71343805000001
Jalan Colorado,-6.15936285,106.96475865
Jalan Colorado,-6.1593622,106.96485595
Jalan Pusaka Rakyat,-6.15966955,106.9833093
Jalan Bulevar Harapan Indah,-6.1543522,106.9830804
Jalan Bulevar Harapan Indah,-6.154223399999999,106.98305465
JPO Tanpa Nama,-6.167584104330073,106.96630629663235
JPO Tanpa Nama,-6.312837200000001,106.96119079999998
JPO Tanpa Nama,-6.1579545560238715,106.92708317087234
JPO Tanpa Nama,-6.34568845,106.82140285
JPO Tanpa Nama,-6.3459129,106.82206405
Jalan Kelapa,-6.34593965,106.82235925
JPO Tanpa Nama,-6.2900471,106.7314571
Jalan Cenderawasih Nandjar,-6.28946935,106.7252526
JPO Tanpa Nama,-6.287943073993143,106.72956835732752
JPO Tanpa Nama,-6.1655849499999995,106.99591935000001
Jalan Prapatan Kampung,-6.16000855,106.99579165
JPO Tanpa Nama,-6.2919821995878245,106.83110523423466
JPO Tanpa Nama,-6.12705885,106.79811565
Jalan Bakti,-6.127026799999999,106.80290925
JPO Tanpa Nama,-6.203069761748877,106.73684610212868
Jalan Tol Pelabuhan,-6.129695540642479,106.81488512161764
Jalan Tol Pelabuhan,-6.129832590151597,106.8126771229459
Jalan Tol Pelabuhan,-6.1295787453016155,106.81489340090779
Jalan Tol Pelabuhan,-6.129726493257396,106.81263081189765
Jalan Tol Pelabuhan,-6.1302597,106.81027525
Jalan Tol Pelabuhan,-6.132311363728731,106.79314190550622
Jalan Tol Pelabuhan,-6.132425864323072,106.79270451476037
Jalan Tol Pelabuhan,-6.130376399999999,106.81028845
JPO Tanpa Nama,-6.1538753,106.7243182
JPO Tanpa Nama,-6.153216052522385,106.71895142060677
JPO Tanpa Nama,-6.1527587075134145,106.71872486112726
JPO Tanpa Nama,-6.153760205104362,106.72692737135161
JPO Tanpa Nama,-6.32531645,106.95649249999998
Jalan Tol Lingkar Luar Jakarta,-6.21439905,106.74327034999999
JPO Tanpa Nama,-6.2143796426253335,106.74299602822296
Jalan Haji Bokir Bin Dji'un,-6.2874647999999995,106.87211305
Jalan Haji Bokir Bin Dji'un,-6.2873885000000005,106.87214335
JPO Tanpa Nama,-6.15484635,106.72904235
JPO Tanpa Nama,-6.2095032,106.7220742
JPO Tanpa Nama,-6.209049,106.7213711
Jalan Merbabu V,-6.30374855,106.71111210000001
JPO Tanpa Nama,-6.302756499999999,106.70938435
Jalan Jati,-6.307253350000001,106.70958275000001
Jalan Tol Ulujami–Serpong,-6.302084499999999,106.70215784999999
Jalan Tol Ulujami–Serpong,-6.30217215,106.70225239999999
Jalan Tol Ulujami–Serpong,-6.29888855,106.7068459
Jalan Tol Ulujami–Serpong,-6.29882235,106.7067103
JPO Tanpa Nama,-6.37457025,106.77364435
JPO Tanpa Nama,-6.247138400000001,106.6140144
JPO Tanpa Nama,-6.2498116,106.61523105
JPO Tanpa Nama,-6.2167887,106.7185597
JPO Tanpa Nama,-6.21632625,106.71859824999999
JPO Tanpa Nama,-6.2157105,106.71897225000001
JPO Tanpa Nama,-6.158421946982121,106.94610926517721
JPO Tanpa Nama,-6.157618749999999,106.9452627
JPO Tanpa Nama,-6.26741915,106.9421784
JPO Tanpa Nama,-6.160087949999999,106.73765555
JPO Tanpa Nama,-6.291958199805168,106.80873932686653
JPO Tanpa Nama,-6.387590250000001,106.7773582
JPO Tanpa Nama,-6.305580300000001,106.72412675000001
JPO Tanpa Nama,-6.1429605999728025,106.7920580506824
JPO Tanpa Nama,-6.1333331,106.79289
JPO Tanpa Nama,-6.2959663,106.7432659
Jalan Dokter Sutomo,-6.22432115,106.7206501
Jalan Perumahan Nusantara,-6.155841949999998,106.95882105
JPO Tanpa Nama,-6.2842115000000005,107.00439209999999
JPO Tanpa Nama,-6.281391046633906,107.00199704294783
JPO Tanpa Nama,-6.39405385,106.7385246
JPO Tanpa Nama,-6.3946083,106.7383106
JPO Tanpa Nama,-6.395160199999999,106.738393
Jalan Kebagusan I,-6.300560750000001,106.82848665
JPO Tanpa Nama,-6.301025449999999,106.83597710000001
JPO Tanpa Nama,-6.30167915,106.8359805
JPO Tanpa Nama,-6.09041955,106.63745449999999
JPO Tanpa Nama,-6.0889633,106.63789270000001
JPO Tanpa Nama,-6.304444849999999,106.8484903
JPO Tanpa Nama,-6.3039358,106.84854630000001
JPO Tanpa Nama,-6.274828772488105,106.99179751620734
Jalan Tol Pelabuhan,-6.131292892518501,106.80594736279852
Jalan Tol Pelabuhan,-6.13212115,106.7993304
Jalan Tol Pelabuhan,-6.131575995095394,106.8050710712941
JPO Tanpa Nama,-6.136343208452737,106.80274002833325
JPO Tanpa Nama,-6.1369242935486605,106.79637422318515
JPO Tanpa Nama,-6.133278649999999,106.80605304999999
JPO Tanpa Nama,-6.133323655756084,106.80614862521762
Jalan Maharta XIV,-6.248142950000001,106.6933401
Gang Mandiri II,-6.15926975,106.9583856
JPO Tanpa Nama,-6.284686,106.9290162
JPO Tanpa Nama,-6.154904161540507,106.71509408266328
JPO Tanpa Nama,-6.155111123181334,106.71504785015809
JPO Tanpa Nama,-6.1562850000000005,106.7050812
JPO Tanpa Nama,-6.3089043,106.86930145
JPO Tanpa Nama,-6.30801625,106.86907605
Jalan Otista Raya,-6.3259342,106.74083525
JPO Tanpa Nama,-6.3191478,106.74294145
JPO Tanpa Nama,-6.0994555,106.632214
JPO Tanpa Nama,-6.10511025,106.63789235
JPO Tanpa Nama,-6.104528200000001,106.6381214
JPO Tanpa Nama,-6.10118945,106.63887535
JPO Tanpa Nama,-6.10864525,106.64616029999999
JPO Tanpa Nama,-6.108602799999999,106.64544914999998
JPO Tanpa Nama,-6.175550330825117,106.70132053587577
JPO Tanpa Nama,-6.13795395,106.81728300000002
JPO Tanpa Nama,-6.13498485,106.81625495
JPO Tanpa Nama,-6.3189584,106.72307079999999
Jalan Mujair VI,-6.3192689,106.73131475
Jalan Ciledug Raya,-6.229629649999999,106.72341885
Jalan Haji Oemar Said Cokroaminoto,-6.2297043,106.7233991
JPO Tanpa Nama,-6.1363067000000004,106.8263507
JPO Tanpa Nama,-6.13574805,106.8272397
JPO Tanpa Nama,-6.13591055,106.82655070000001
JPO Tanpa Nama,-6.1362136,106.82661044999999
JPO Tanpa Nama,-6.13506665,106.83006645
JPO Tanpa Nama,-6.136095850000001,106.82761995
JPO Tanpa Nama,-6.284760199999999,106.84409600000001
JPO Tanpa Nama,-6.284557549999999,106.84441409999998
JPO Tanpa Nama,-6.286661199999999,106.84393715
JPO Tanpa Nama,-6.2866092,106.8437045
JPO Tanpa Nama,-6.24209545,107.03963415
Jalan Sarua,-6.3162676,106.70873655
Jalan Sarua,-6.31645945,106.70878235
JPO Tanpa Nama,-6.14812005,106.80237865000001
JPO Tanpa Nama,-6.148235549999999,106.80238844999998
JPO Tanpa Nama,-6.16131335,106.68336959999999
JPO Tanpa Nama,-6.159967153851851,106.68704643408601
Jembatan Penyembrangan Tanjung Barat,-6.299874090893775,106.83320593631434
Jembatan Penyembrangan Tanjung Barat,-6.299731250000001,106.83348435000002
Jembatan Penyembrangan Graha Simatupang,-6.297672087406532,106.82960217665679
Jembatan Penyembrangan Graha Simatupang,-6.2972851,106.82946340000001
JPO Tanpa Nama,-6.16511365,106.94126735000002
JPO Tanpa Nama,-6.1470762,106.81691185
JPO Tanpa Nama,-6.143135949999999,106.8105455
JPO Tanpa Nama,-6.1431366,106.8106062
JPO Tanpa Nama,-6.1431353,106.8104784
Jalan Glodok Plaza,-6.143253177421717,106.8177158789958
JPO Tanpa Nama,-6.07465955,106.64579855
JPO Tanpa Nama,-6.239818400000001,106.7967779
JPO Tanpa Nama,-6.2399628,106.79677640000001
JPO Tanpa Nama,-6.184711903959124,106.73394174755529
Jalan Griya Timur Indah,-6.2788746,107.0269804
JPO Tanpa Nama,-6.207317301291906,107.01221325625569
JPO Tanpa Nama,-6.208038821098197,107.01227887412155
JPO Tanpa Nama,-6.208973915318179,107.01211244261896
JPO Tanpa Nama,-6.209938366518796,107.01204414629653
JPO Tanpa Nama,-6.209253347706249,107.01213080715398
JPO Tanpa Nama,-6.16370695,106.66780805
JPO Tanpa Nama,-6.163327,106.6786859
JPO Tanpa Nama,-6.16335705,106.678616
JPO Tanpa Nama,-6.16358325,106.6719149
JPO Tanpa Nama,-6.1641125,106.6740856
JPO Tanpa Nama,-6.1532935,106.6675713
JPO Tanpa Nama,-6.15340065,106.66784904999999
JPO Tanpa Nama,-6.1537939,106.66878410000001
Jalan Garuda,-6.154414,106.67030170000001
JPO Tanpa Nama,-6.154563250000001,106.67191804999999
JPO Tanpa Nama,-6.11144585,106.800214
JPO Tanpa Nama,-6.1116603000000005,106.79964534999999
JPO Tanpa Nama,-6.122518845013679,106.60467949536144
JPO Tanpa Nama,-6.14061285,106.60213575
JPO Tanpa Nama,-6.1635948,106.6662896
JPO Tanpa Nama,-6.163607750000001,106.6658776
Jalan Daan Mogot,-6.164158101809577,106.65707918272139
Jalan Daan Mogot,-6.16407665,106.65701905
JPO Tanpa Nama,-6.15172895,106.6647792
JPO Tanpa Nama,-6.15235905,106.6656764
JPO Tanpa Nama,-6.152562799999999,106.6659862
JPO Tanpa Nama,-6.15277845,106.66633285
JPO Tanpa Nama,-6.1530597,106.6669799
JPO Tanpa Nama,-6.1531667500000005,106.66722125
JPO Tanpa Nama,-6.2123154,107.02987475
Jalan Desa Satria Jaya,-6.21076125,107.04078290000001
JPO Tanpa Nama,-6.3909295,106.79459975
Jalan Tol Jakarta–Cikampek,-6.2692464999999995,107.03541695000001
JPO Tanpa Nama,-6.17580015,106.68655415000002
Jalan Kedaung Baru,-6.127989899577219,106.61407867160884
JPO Tanpa Nama,-6.278337127023104,107.04714540798102
JPO Tanpa Nama,-6.278125232533399,107.04675702370193
JPO Tanpa Nama,-6.279261020224869,107.04667344478
JPO Tanpa Nama,-6.278773001762667,107.04641175310287
JPO Tanpa Nama,-6.27846635,107.04680829999998
JPO Tanpa Nama,-6.278552185068401,107.04715847984392
JPO Tanpa Nama,-6.278791489504567,107.046744677854
JPO Tanpa Nama,-6.2793302485736175,107.04639433623872
JPO Tanpa Nama,-6.27800655,107.0467613
JPO Tanpa Nama,-6.28691595,107.03467855
JPO Tanpa Nama,-6.243428599999999,106.8544259
JPO Tanpa Nama,-6.242945049999999,106.85442284999999
JPO Tanpa Nama,-6.3989417500000005,106.8050222
JPO Tanpa Nama,-6.2437723,106.86885720000001
JPO Tanpa Nama,-6.18984725,106.7092508
JPO Tanpa Nama,-6.2565463999999995,106.97322555
JPO Tanpa Nama,-6.254087350000001,106.97398645
Jalan Sedap Malam,-6.255536449999999,106.9735991
Jalan Sedap Malam,-6.25560475,106.97356785
Jalan Teman Royal,-6.1796165,106.66078605
JPO Tanpa Nama,-6.1772241,106.6593071
JPO Tanpa Nama,-6.177900750000001,106.65823275
JPO Tanpa Nama,-6.1788510500000005,106.65985105
Jalan Puri Dewata Indah,-6.17944945,106.66307185
JPO Tanpa Nama,-6.1790065,106.66430115
JPO Tanpa Nama,-6.224066028093233,107.01412297989667
Jalan Terusan Kramat Benda,-6.37947155,106.85441875000001
JPO Tanpa Nama,-6.380935449999999,106.8466742
Jalan Jelutung I,-6.3797479500000005,106.85008200000001
JPO Tanpa Nama,-6.37984695,106.85072315
JPO Tanpa Nama,-6.1863553,106.68762999999998
JPO Tanpa Nama,-6.1842074,106.69794375000001
JPO Tanpa Nama,-6.184973955952644,106.69660579150187
Sawah Dalam,-6.185073813710116,106.69644803467637
Jalan Green Kenanga Residence,-6.1861767,106.6886553
Gang Haji Rinan,-6.18637675,106.69124324999999
Jalan Green Kenanga Residence,-6.186154950000001,106.69013474999998
JPO Tanpa Nama,-6.18653535,106.69408555000003
JPO Tanpa Nama,-6.1862814,106.6944876
JPO Tanpa Nama,-6.185910099999999,106.69510570000001
Jalan Utan Kenanga,-6.1879766,106.6933739
Jalan Kenanga VIII,-6.1898031499999995,106.6936097
JPO Tanpa Nama,-6.189171,106.69352555
JPO Tanpa Nama,-6.18641415,106.68710575
JPO Tanpa Nama,-6.1766736,106.9392982
JPO Tanpa Nama,-6.17585935,106.93846235000001
JPO Tanpa Nama,-6.17579295,106.93835580000001
JPO Tanpa Nama,-6.1756765,106.9380877
JPO Tanpa Nama,-6.17543415,106.9376215
JPO Tanpa Nama,-6.1751838,106.9371397
JPO Tanpa Nama,-6.243656299999999,106.99432755000001
JPO Tanpa Nama,-6.2405107399533195,106.99567060200611
JPO Tanpa Nama,-6.392147899999999,106.82957055
JPO Tanpa Nama,-6.2957389,107.04502355
Jalan Buncit Raya,-6.2660088,106.8307145
Jalan Buncit Raya,-6.2660667,106.8305675
JPO Tanpa Nama,-6.265864499999999,106.8288392
JPO Tanpa Nama,-6.18541485,106.67747284999999
Jalan Maulana Hasanudin,-6.185298650000001,106.67646500000001
JPO Tanpa Nama,-6.18531345,106.67438875
JPO Tanpa Nama,-6.1863705,106.67282015
Gang Tugu Karya I,-6.1861454,106.67025014999999
JPO Tanpa Nama,-6.18518315,106.67539805
JPO Tanpa Nama,-6.18585665,106.66821615
Jalan Prima Barat,-6.2561221,106.69636085
JPO Tanpa Nama,-6.2665375999999995,106.84434675
JPO Tanpa Nama,-6.17086525,106.94221415
JPO Tanpa Nama,-6.184039149999999,106.66655415
Jalan Panglima Polim,-6.182219690824777,106.66554632665415
JPO Tanpa Nama,-6.1818907,106.6577337
JPO Tanpa Nama,-6.18029265,106.65691864999998
JPO Tanpa Nama,-6.1825831,106.65833845
JPO Tanpa Nama,-6.183269103519694,106.66138029264363
JPO Tanpa Nama,-6.183286148042721,106.66130945373665
JPO Tanpa Nama,-6.18260145,106.6633604
JPO Tanpa Nama,-6.205605905291217,106.76943927963752
JPO Tanpa Nama,-6.10979675,106.6985121
JPO Tanpa Nama,-6.122351,106.70081335
JPO Tanpa Nama,-6.279614936893769,107.0264744555394
JPO Tanpa Nama,-6.30457075,106.993682
JPO Tanpa Nama,-6.26961325,106.67333889999999
JPO Tanpa Nama,-6.2672415500000005,106.6743764
Jalan Matahari 6,-6.33250965,106.72386215
JPO Tanpa Nama,-6.331880150000001,106.72370025000001
Jalan Tulip,-6.3386137,106.72430714999999
Jalan Puri Mawar 1,-6.338323,106.72428239999999
Jalan Puri Mawar 2,-6.33804795,106.7242597
JPO Tanpa Nama,-6.33776875,106.72423555
Jalan Puri Mawar 5,-6.3371958,106.7241831
JPO Tanpa Nama,-6.3364201499999995,106.72418065
JPO Tanpa Nama,-6.3353303499999996,106.72399114999999
JPO Tanpa Nama,-6.243363799853535,106.86315977228863
Jalan Kelurahan Gang Cantik Berseri,-6.336720250000001,106.7207816
JPO Tanpa Nama,-6.2108621500000005,106.77156465
Jalan Raya Bogor,-6.39832225,106.86421490000001
Jalan Raya Bogor,-6.398387250000001,106.86423780000001
Jalan Raya Pekapuran,-6.39223625,106.87412764999999
JPO Tanpa Nama,-6.3970443999999995,106.87101394999999
Jalan Pondok Gede Permai,-6.30227775,106.97024139999999
Jalan Masjid Darul Mu'alimin,-6.2566863999999995,106.6977995
Jalan Prima Barat,-6.25626995,106.69719925000003
JPO Tanpa Nama,-6.2781837,106.8453591
JPO Tanpa Nama,-6.2756181,106.8459502
JPO Tanpa Nama,-6.27544665,106.84595970000001
JPO Tanpa Nama,-6.2695971,106.84602509999998
JPO Tanpa Nama,-6.27170345,106.8462507
Jalan Eola I,-6.26321295,106.69473275
JPO Tanpa Nama,-6.2661905,106.69670130000002
JPO Tanpa Nama,-6.2665498500000005,106.69674889999999
JPO Tanpa Nama,-6.2669084999999995,106.69679690000001
JPO Tanpa Nama,-6.268330349999999,106.69759774999999
JPO Tanpa Nama,-6.2679386500000005,106.69753625
JPO Tanpa Nama,-6.3427959000000005,106.7415451
JPO Tanpa Nama,-6.344431650000001,106.7414107
JPO Tanpa Nama,-6.3400581,106.74188495
JPO Tanpa Nama,-6.246482900000001,106.9822436
JPO Tanpa Nama,-6.245082249999999,106.9828856
JPO Tanpa Nama,-6.24347715,106.98433685
Jalan Letnan Arsyad,-6.2425801,106.98490380000001
JPO Tanpa Nama,-6.24238565,106.97750314999999
JPO Tanpa Nama,-6.2761424,106.86784885
Jalan Joglo Raya,-6.2178543,106.75784515000001
Jalan Joglo Raya,-6.21794305,106.7578628
JPO Tanpa Nama,-6.3460968,106.7259198
JPO Tanpa Nama,-6.3401512,106.7237552
Jalan Anggrek,-6.3394162,106.72404470000001
Jalan Teratai,-6.339148899999999,106.72415204999999
Jalan Flamboyan,-6.33888395,106.72425765000001
Jalan CA Bromo 1,-6.3410239,106.72369035
JPO Tanpa Nama,-6.302078949909937,106.8889971615887
JPO Tanpa Nama,-6.2432238,106.97114590000001
Jalan Jatiluhur 1,-6.2476564,106.96804865000001
JPO Tanpa Nama,-6.1832802000000004,106.95019675
JPO Tanpa Nama,-6.1837142,106.94911815
JPO Tanpa Nama,-6.183844049999999,106.94779089999999
JPO Tanpa Nama,-6.18375025,106.94741975
JPO Tanpa Nama,-6.183711150000001,106.94717650000001
JPO Tanpa Nama,-6.183639149999999,106.94689765000001
JPO Tanpa Nama,-6.183591249999999,106.94655860000002
JPO Tanpa Nama,-6.183559649999999,106.9463751
JPO Tanpa Nama,-6.1844164,106.94276415
Jalan Discovery Cielo,-6.26982805,106.69676944999999
Jalan Emeralda Citra I A,-6.27513515,106.69768785000001
JPO Tanpa Nama,-6.309807950000001,107.04297005000001
Jalan Masjid Buaran,-6.341903810281245,106.6990711820592
JPO Tanpa Nama,-6.3688456,106.7917362
Jalan Haji Suaib,-6.36860435,106.7917219
JPO Tanpa Nama,-6.2302154000000005,106.66586549999998
Jalan Reni Jaya,-6.358682699999999,106.7314134
JPO Tanpa Nama,-6.356140450000001,106.72997025000001
Jalan Raya Pondok Petir,-6.3605161,106.73089965
Jalan Raya Pondok Petir,-6.36061905,106.73089715
Jalan Pinus 1A,-6.35294745,106.7288139
Jalan Bratasena Raya,-6.3531074,106.72853595000001
JPO Tanpa Nama,-6.352801317761336,106.72907576796402
JPO Tanpa Nama,-6.22658065,106.76975895000001
Jalan Cassia Utama,-6.1779443,106.9539938
JPO Tanpa Nama,-6.1780047499999995,106.9539313
JPO Tanpa Nama,-6.283619,106.67541055
JPO Tanpa Nama,-6.184523099999999,106.95605255000001
JPO Tanpa Nama,-6.1845277,106.95435455
JPO Tanpa Nama,-6.2288238,106.75191075
JPO Tanpa Nama,-6.2781081499999996,106.6896017
Jalan Empang II,-6.3701080999999995,106.80848854999999
Jalan Bungur Raya,-6.3684997,106.80825740000002
JPO Tanpa Nama,-6.366828,106.80786145
Jalan Cipedak V,-6.3623369,106.80720174999999
Jalan Cipedak IV,-6.36120015,106.8074285
JPO Tanpa Nama,-6.365745,106.7364883
JPO Tanpa Nama,-6.37083405,106.73715335
JPO Tanpa Nama,-6.3692876,106.73680155
Jalan Agustus,-6.28389335,106.7733096
JPO Tanpa Nama,-6.36547245,106.72985664999999
JPO Tanpa Nama,-6.3645651,106.7302973
JPO Tanpa Nama,-6.3632838,106.7307482
Jalan Raya Pondok Petir,-6.3632173000000005,106.73070795000001
Jalan Raya Pondok Petir,-6.3670244,106.72869495
Jalan Village X,-6.365431349999999,106.72896539999999
JPO Tanpa Nama,-6.36327215,106.7298191
Jalan Setu Raya,-6.281384100000001,106.69523245000002
JPO Tanpa Nama,-6.27934575,106.6919824
JPO Tanpa Nama,-6.279996000000001,106.69320925
JPO Tanpa Nama,-6.2790005,106.69786305
Jalan Emerald Vista V,-6.2783286,106.69893409999999
JPO Tanpa Nama,-6.224763449999999,106.6698451
Jalan Tol Lingkar Luar Jakarta,-6.23473745,106.75576935000001
Jalan Tol Lingkar Luar Jakarta,-6.2346985,106.75588960000002
JPO Tanpa Nama,-6.2338415000000005,106.75522405000001
JPO Tanpa Nama,-6.23337505,106.7553394
JPO Tanpa Nama,-6.238171099999999,106.7577682
JPO Tanpa Nama,-6.237856937883339,106.7573367962105
JPO Tanpa Nama,-6.18562005,106.7827786
JPO Tanpa Nama,-6.2771969499999996,106.68555860000001
Jalan Raya Gabus Bulak,-6.1865239,107.05266435
JPO Tanpa Nama,-6.224401373046626,106.65917912348583
JPO Tanpa Nama,-6.222163653808319,106.65552251254388
JPO Tanpa Nama,-6.23835805,106.7645898
JPO Tanpa Nama,-6.3163283,106.96248360000001
Jalan Haji Neron,-6.21283695,106.6778238
JPO Tanpa Nama,-6.2811209,106.62058445
JPO Tanpa Nama,-6.19859625,106.6970877
JPO Tanpa Nama,-6.19864315,106.69491735
JPO Tanpa Nama,-6.212846999999999,107.0520378
JPO Tanpa Nama,-6.120431693961988,106.84660043982446
JPO Tanpa Nama,-6.32915795,107.00920085
Jalan Murai 4,-6.32843895,107.01811715
Jalan Rasuna Said,-6.20720375,106.6589539
Jalan Bahari A11,-6.12087615,106.87156175000001
JPO Tanpa Nama,-6.1216308999999995,106.8685238
JPO Tanpa Nama,-6.1222098,106.8676846
JPO Tanpa Nama,-6.1221844999999995,106.86766505
Jalan Ketel,-6.1213786500000005,106.8626967
Gang 16,-6.1252759,106.8752834
Gang 17,-6.1252232499999995,106.87499184999999
Gang 18,-6.1250918500000004,106.87441225
Gang 19,-6.1250099,106.87396385
Jalan Warakas IV,-6.1228704,106.87360280000001
JPO Tanpa Nama,-6.21478575,106.87789674999999
JPO Tanpa Nama,-6.21499105,106.87789485
Jalan Cempaka,-6.127575350000002,106.8538293
JPO Tanpa Nama,-6.22231275,106.88581454999999
Simpang Susun Cikeas,-6.384516686900935,106.94945106581933
Simpang Susun Cikeas,-6.384498790120411,106.94953159834974
JPO Tanpa Nama,-6.23125035,106.87439615
Jalan Jampang,-6.23447165,106.84668685000001
Jalan Tebet Barat IV,-6.23397555,106.8466837
JPO Tanpa Nama,-6.2310316,106.8460617
JPO Tanpa Nama,-6.2315043999999995,106.8455304
JPO Tanpa Nama,-6.213496999999999,106.90232195
JPO Tanpa Nama,-6.2136943,106.90230625000001
JPO Tanpa Nama,-6.20951495,106.9016079
JPO Tanpa Nama,-6.20970725,106.90173155000001
JPO Tanpa Nama,-6.3739138,106.95997195
Jalan Gunung Sahari Raya,-6.1300726999999995,106.8308468
JPO Tanpa Nama,-6.126252575376571,106.83414991459377
Jalan Bisma Raya,-6.13130495,106.87142165
Jalan Bisma Raya,-6.13119345,106.87138039999999
Jalan Bisma Raya,-6.13253865,106.8682568
Jalan Bisma Raya,-6.132383150000001,106.8682084
JPO Tanpa Nama,-6.25185115,106.87680275
JPO Tanpa Nama,-6.25148335,106.87691380000001
Jalan Kolonel Sutomo I,-6.2510297999999995,106.8770357
Jalan Perindustrian,-6.2505242,106.87716925000001
JPO Tanpa Nama,-6.250074,106.87727534999999
Jalan Agung Utara 6,-6.13660705,106.85750465
Jalan Raflesia VII,-6.20884455,107.0061365
Jalan Komplek PIK,-6.20523895,106.93145525
JPO Tanpa Nama,-6.24389145,106.8990148
JPO Tanpa Nama,-6.24242935,106.897141
Jalan Haji Amsir,-6.2417123,106.89325604999999
JPO Tanpa Nama,-6.21456205,106.93947225
JPO Tanpa Nama,-6.13202115,106.84643415000001
JPO Tanpa Nama,-6.1065539,106.79067845000002
JPO Tanpa Nama,-6.137421899999999,106.83227120000001
JPO Tanpa Nama,-6.136925857599384,106.83241311265559
Jalan Mangga Dua Raya,-6.1351182070042904,106.83164968846651
JPO Tanpa Nama,-6.1329495000000005,106.83119495
JPO Tanpa Nama,-6.1336927,106.8313563
Jalan Danau Sunter Utara,-6.13730115,106.8721318
Jalan Danau Sunter Utara,-6.138296,106.86649639999999
JPO Tanpa Nama,-6.143057150000001,106.8745154
Jalan Agung Indah 3,-6.14287485,106.8743925
Jalan Agung Perkasa 7,-6.1403217,106.87387199999999
JPO Tanpa Nama,-6.242408173342821,106.87717569920746
JPO Tanpa Nama,-6.139480799999999,106.8607776
Jalan Griya Utama,-6.14289095,106.8536511
Jalan Griya Utama,-6.1428031,106.85363090000001
Jalan Griya Utama,-6.140964650000001,106.85300975
Jalan Griya Utama,-6.14085375,106.85297525
Jalan Sunter Muara Raya,-6.14413165,106.85732035000001
Jalan Griya Utama,-6.142283149999999,106.85696145
Jalan Griya Utama,-6.1403754,106.85661875
Jalan Griya Utama,-6.1401535,106.8565526
JPO Tanpa Nama,-6.224933099999999,106.86311185
JPO Tanpa Nama,-6.1534341,106.7942685
Jalan Komodor Halim Perdana Kusuma,-6.26575565,106.8788231
JPO Tanpa Nama,-6.2152363,106.95211149999999
Jalan Kota Baru Barat,-6.2144464,106.96079194999999
JPO Tanpa Nama,-6.399819850000001,106.88340009999999
JPO Tanpa Nama,-6.3993836,106.88477295
Jalan Anggur 1,-6.39902595,106.88476990000001
Jalan Kenari Raya,-6.398692499999999,106.88477225
JPO Tanpa Nama,-6.39681135,106.88478265
JPO Tanpa Nama,-6.394886549999999,106.88478675
JPO Tanpa Nama,-6.39476385,106.88479275
JPO Tanpa Nama,-6.3939009,106.88479605
JPO Tanpa Nama,-6.276827749999999,106.898118
JPO Tanpa Nama,-6.2755639500000004,106.89932765
JPO Tanpa Nama,-6.3515046,106.9989382
Jalan Satria I,-6.1402513,106.83594305
Jalan Hidup Baru 4,-6.14124766064947,106.83754142249414
Jembatan Hijau,-6.1415927,106.8382953
Jembatan Hijau,-6.141646649999999,106.83826359999999
Jalan Dokter Suratmo,-6.145592676906811,106.83395695583019
JPO Tanpa Nama,-6.138756000000001,106.83248725
Jalan Boulevard,-6.14123035,106.83300170000001
Jalan Danau Sunter Selatan,-6.14735975,106.8666833
Jalan Danau Sunter Selatan,-6.1472748500000005,106.86667405
JPO Tanpa Nama,-6.15210785,106.8546108
JPO Tanpa Nama,-6.2281081999999985,106.98761625
JPO Tanpa Nama,-6.228063949999999,106.98765225
Jalan Haji Oemar Said Cokroaminoto,-6.19528875,106.8288163
Jalan Haji Oemar Said Cokroaminoto,-6.1952978000000005,106.82891745
JPO Tanpa Nama,-6.339018450000001,106.9149934
JPO Tanpa Nama,-6.2294474,107.00386965
Jalan Dokter Suratmo,-6.145368310321789,106.83395525078487
Jalan Mangga Besar Raya,-6.149179670561256,106.83452964659047
JPO Tanpa Nama,-6.151762850000001,106.83538210000002
JPO Tanpa Nama,-6.15170205,106.8356028
JPO Tanpa Nama,-6.350053850000001,107.03837870000001
Jalan Pantai Indah Kapuk,-6.112863149999999,106.73720325000001
JPO Tanpa Nama,-6.15550325,106.90974099999998
JPO Tanpa Nama,-6.2196214,106.81578544999998
JPO Tanpa Nama,-6.22452647344381,106.805874398182
JPO Tanpa Nama,-6.221512584839292,106.80979353483524
JPO Tanpa Nama,-6.22695145,106.81787935
Jalan Kelapa Nias,-6.15480445,106.9139954
Jalan Setu Serang,-6.33898545,107.04579505000001
JPO Tanpa Nama,-6.3433116,107.0418567
JPO Tanpa Nama,-6.3411597,107.04370695
JPO Tanpa Nama,-6.227623280357805,106.80179331289835
JPO Tanpa Nama,-6.227471640126178,106.80149886797417
Jalan Teuku Nyak Arief,-6.228442309101677,106.79044598431815
JPO Tanpa Nama,-6.371600599999999,106.85905959999998
JPO Tanpa Nama,-6.15554865,106.8861071
JPO Tanpa Nama,-6.347579999999999,107.0173317
JPO Tanpa Nama,-6.1367847,106.7359908
JPO Tanpa Nama,-6.3582982,106.8529187
JPO Tanpa Nama,-6.2147584,106.86502725
Jalan Bunga,-6.21039165,106.86151874999999
Jalan Kelapa Lilin Timur,-6.16041785,106.9137576
Jalan Akses UI,-6.35981335,106.8626424
JPO Tanpa Nama,-6.182874,106.916304
JPO Tanpa Nama,-6.355079399999999,106.99492965
Jalan Kayu Putih Tengah,-6.18395855,106.89857325
JPO Tanpa Nama,-6.19220795,106.87709315000001
JPO Tanpa Nama,-6.1640795,106.89018805
JPO Tanpa Nama,-6.230499200000001,106.9519822
Jalan Bintara Raya,-6.22967895,106.95608709999999
JPO Tanpa Nama,-6.2289373,106.95656875
JPO Tanpa Nama,-6.3362812,106.6198893
JPO Tanpa Nama,-6.1673715132695826,106.88334299890644
Jalan Perintis Kemerdekaan,-6.167165651780613,106.88137499906394
JPO Tanpa Nama,-6.3928395,106.94892265
JPO Tanpa Nama,-6.1470073,107.00565135
JPO Tanpa Nama,-6.09286015,106.9823461
Jalan Kawasan Marunda Center,-6.0944757,106.98234425000001
Jalan Kawasan Marunda Center,-6.09428155,106.98234360000001
Jalan Kawasan Marunda Center,-6.09731755,106.9823483
Jalan Kawasan Marunda Center,-6.0972115,106.982343
JPO Tanpa Nama,-6.1479233317305635,106.98758297003455
JPO Tanpa Nama,-6.095179399999999,106.9985224
Jalan Taruma Jaya,-6.09391445,106.99626219999999
JPO Tanpa Nama,-6.3451714500000005,106.88270395
JPO Tanpa Nama,-6.164624249999999,106.91852240000001
JPO Tanpa Nama,-6.166340965453562,106.91527534078594
JPO Tanpa Nama,-6.174356850844142,106.87644084979402
JPO Tanpa Nama,-6.173848752677402,106.87670641005073
Jalan Rorotan 1,-6.15165115,106.94884045
JPO Tanpa Nama,-6.1684856,106.81911464999999
JPO Tanpa Nama,-6.167917657509404,106.81868770864779
JPO Tanpa Nama,-6.1722097,106.88418045
JPO Tanpa Nama,-6.2083338999999995,106.78964644999999
JPO Tanpa Nama,-6.166478441965326,106.876233154062
JPO Tanpa Nama,-6.3600977499999996,106.8538464
JPO Tanpa Nama,-6.17182589675796,106.89217554213387
JPO Tanpa Nama,-6.106983799999999,106.92693409999998
JPO Tanpa Nama,-6.10849185,106.91985890000001
JPO Tanpa Nama,-6.147042349999999,106.89786565
Jalan Metro Jaya,-6.1819208,106.8760025
JPO Tanpa Nama,-6.167758650027024,106.82781530013628
JPO Tanpa Nama,-6.167528738701837,106.82786083773351
JPO Tanpa Nama,-6.1565586,106.83682845000001
JPO Tanpa Nama,-6.180336662094593,106.87565174212192
JPO Tanpa Nama,-6.202854692367221,106.85705394620345
JPO Tanpa Nama,-6.197130888488571,106.85097613590831
JPO Tanpa Nama,-6.196568403143758,106.85108231611196
JPO Tanpa Nama,-6.1994532234914415,106.85411434976005
JPO Tanpa Nama,-6.2001104553855635,106.85453800217758
JPO Tanpa Nama,-6.1766669,106.8876242
JPO Tanpa Nama,-6.177110778497693,106.80004651792112
JPO Tanpa Nama,-6.397071850000001,107.04814495
JPO Tanpa Nama,-6.1478202500000005,106.8311282
JPO Tanpa Nama,-6.35135015,106.86343650000002
JPO Tanpa Nama,-6.1370296,106.91718275
Jalan Sungai Bambu Raya,-6.12868825,106.89091725000002
Jalan Jati I,-6.127920400000001,106.89070045
Jalan Ramaja,-6.1273632,106.89052785
Jalan Remaja,-6.1271193,106.89044385
Jalan Swasembada Timur V,-6.1252239,106.8898547
Jalan Swasembada Timur VII,-6.124415000000001,106.88959855
Jalan Swasembada Timur IX,-6.12364685,106.88936565
Jalan Swasembada Timur XI,-6.122609300000001,106.88904995
Jalan Swasembada Timur XII,-6.1222043,106.88891835000001
JPO Tanpa Nama,-6.12590425,106.88358265
JPO Tanpa Nama,-6.125653099999999,106.88350955
JPO Tanpa Nama,-6.1249509,106.8832542
JPO Tanpa Nama,-6.1232176,106.88264939999999
JPO Tanpa Nama,-6.1226648500000005,106.88247285
Jalan Tol Pelabuhan,-6.129881927736938,106.88931729590918
Jembatan Dukuh Atas,-6.20431325,106.8230452
Jalan Sumenep,-6.20046655,106.82570985000001
JPO Tanpa Nama,-6.128484950000001,106.94968845
Jalan Drain Kampung Sawah,-6.1358846499999995,106.94057935000001
JPO Tanpa Nama,-6.13115705,106.95363780000001
JPO Tanpa Nama,-6.12960915,106.9529276
JPO Tanpa Nama,-6.131221549999999,106.95212235
JPO Tanpa Nama,-6.14044505,106.94488830000002
JPO Tanpa Nama,-6.138558850000001,106.93710915
JPO Tanpa Nama,-6.140909949999999,106.9385106
JPO Tanpa Nama,-6.13481535,106.94466904999999
JPO Tanpa Nama,-6.13719875,106.94468
JPO Tanpa Nama,-6.13703675,106.9446616
JPO Tanpa Nama,-6.35553085,106.96325379999999
JPO Tanpa Nama,-6.139658750000001,106.95491645
JPO Tanpa Nama,-6.139075200000001,106.95483225
Gang Veteran,-6.137101499999999,106.95508814999998
Jalan Kavling Sungai Kendal,-6.12895285,106.96538645
JPO Tanpa Nama,-6.33468388885883,106.6589071083233
JPO Tanpa Nama,-6.335181425953196,106.65814790995127
Jalan Plumpang Semper,-6.129898300000001,106.90370085
Jalan Walang Baru Raya,-6.1216219,106.90338475
Jalan Lunas,-6.12351515,106.90088309999999
Jalan Alur Laut,-6.1234909,106.8992051
JPO Tanpa Nama,-6.1255773,106.89355695
JPO Tanpa Nama,-6.14111785,106.93863875
JPO Tanpa Nama,-6.3406496,106.65943544999999
JPO Tanpa Nama,-6.336132087656436,106.66019368872074
JPO Tanpa Nama,-6.33708565,106.65894560000001
JPO Tanpa Nama,-6.337528700000001,106.6583867
JPO Tanpa Nama,-6.3378932500000005,106.65792125
JPO Tanpa Nama,-6.33596,106.6568854
JPO Tanpa Nama,-6.3357801,106.65711145
JPO Tanpa Nama,-6.3353939,106.6576426
JPO Tanpa Nama,-6.293400600000001,106.78570955
Jalan Tol Lingkar Luar Jakarta,-6.29172005,106.78431425
Jalan Tol Lingkar Luar Jakarta,-6.291574600000001,106.7843692
Jalan Raden Ajeng Kartini,-6.2914258,106.78450910000002
Jalan Raden Ajeng Kartini,-6.2918556500000005,106.78417439999998
JPO Tanpa Nama,-6.290273,106.7796227
JPO Tanpa Nama,-6.20501705,106.8165158
JPO Tanpa Nama,-6.19679965,106.8221274
JPO Tanpa Nama,-6.19634285,106.8216521
JPO Tanpa Nama,-6.19582955,106.82125500000001
JPO Tanpa Nama,-6.19571275,106.82114720000001
JPO Tanpa Nama,-6.329891549999999,106.6683557
JPO Tanpa Nama,-6.162470130940525,106.83818107697026
JPO Tanpa Nama,-6.16258985,106.83834265
JPO Tanpa Nama,-6.10678085,106.97508810000001
JPO Tanpa Nama,-6.1929848,106.86980755000002
JPO Tanpa Nama,-6.133357049999999,107.01069625
JPO Tanpa Nama,-6.1341652,107.01069614999999
JPO Tanpa Nama,-6.157446099724529,106.8431638511623
JPO Tanpa Nama,-6.1023822,107.00425385
JPO Tanpa Nama,-6.0996189,106.99992725000001
JPO Tanpa Nama,-6.1262671,106.95317165000002
Jalan Mualim Aminudin,-6.3673652,106.88440785
JPO Tanpa Nama,-6.14209327424263,107.0469921032625
JPO Tanpa Nama,-6.1408755500000005,107.04737105000001
Jalan Radar Auri,-6.37137025,106.8818914
Jalan Taruma Jaya,-6.1181702,106.99364170000001
JPO Tanpa Nama,-6.196911608584503,106.79755110326238
JPO Tanpa Nama,-6.14956935,107.04517925
Jalan Mualim,-6.36658055,106.88542075000001
Jalan Mualim,-6.3657199,106.8854817
Jalan Cempaka Putih Tengah XVII,-6.174380300000001,106.87347919999999
Jalan Cempaka Putih Tengah XXIII,-6.179614261516068,106.87145610914953
JPO Tanpa Nama,-6.1186974,106.99478750000002
JPO Tanpa Nama,-6.110705852870545,107.03886086893259
Jalan Cempaka Putih Barat II,-6.174845449999999,106.86425489999999
Jalan Rawa Sawah II,-6.1780466,106.8517416
Jalan Rawa Sawah II,-6.1780550000000005,106.8518489
JPO Tanpa Nama,-6.1794486,106.81319585
JPO Tanpa Nama,-6.340181299999999,106.69828655
JPO Tanpa Nama,-6.137583250000001,107.026881
JPO Tanpa Nama,-6.129391099999999,107.02033109999999
JPO Tanpa Nama,-6.124560949999999,107.03450560000002
JPO Tanpa Nama,-6.165858000393886,106.8390338390438
JPO Tanpa Nama,-6.1657699,106.83913815
JPO Tanpa Nama,-6.115185564400412,107.00728791183357
JPO Tanpa Nama,-6.1108592,107.0055652
Jalan Kebon Sirih,-6.1819744,106.81691315
JPO Tanpa Nama,-6.177904240273858,106.84218056537426
JPO Tanpa Nama,-6.17517335,106.84615740000001
JPO Tanpa Nama,-6.115960449999999,106.99010200000001
JPO Tanpa Nama,-6.11075225,106.978147
JPO Tanpa Nama,-6.1780966,106.83614045000002
JPO Tanpa Nama,-6.165741692858641,106.8352008615128
Jalan Kampung Sungai Begog,-6.11591315,106.935865
JPO Tanpa Nama,-6.10991745,106.9448026
JPO Tanpa Nama,-6.1098995,106.9446395
Jalan Ujung Pandang,-6.10990345,106.9449568
Jalan Semarang,-6.109915999953396,106.950185803135
Jalan Semarang,-6.109916399686705,106.95025707574717
JPO Tanpa Nama,-6.114504,106.9403581
JPO Tanpa Nama,-6.128997095072132,106.88854823077227
JPO Tanpa Nama,-6.1741657,106.8412773
JPO Tanpa Nama,-6.17441495,106.84109910000001
JPO Tanpa Nama,-6.1721284999999995,106.86239515
JPO Tanpa Nama,-6.117886767780781,106.92551005027434
JPO Tanpa Nama,-6.108723574436598,106.91336383315517
JPO Tanpa Nama,-6.11376105,106.8931847
JPO Tanpa Nama,-6.1137686,106.89288095
JPO Tanpa Nama,-6.120579239884273,106.92623611065407
JPO Tanpa Nama,-6.1937604,106.7969938
Jalan Tebing,-6.3662302,106.7171417
JPO Tanpa Nama,-6.397546650000001,106.77253755000001
JPO Tanpa Nama,-6.39795015,106.77284005
JPO Tanpa Nama,-6.3939802,106.76799325
JPO Tanpa Nama,-6.39144065,106.7669143
JPO Tanpa Nama,-6.386552,106.76722864999999
Jalan Haji Sawiyan,-6.3507966499999995,106.60895124999999
Jalan Masjid Nurul Iman Cipondo,-6.1720157,106.71164239999999
JPO Tanpa Nama,-6.159079500000001,106.73690110000001
JPO Tanpa Nama,-6.331801254169476,106.69463684286326
JPO Tanpa Nama,-6.33037945,106.69435225000001
JPO Tanpa Nama,-6.33143843305709,106.69579305916803
Jalan Tandon Ciater,-6.332192093628563,106.69554027958559
JPO Tanpa Nama,-6.1735693000000005,106.83259885
JPO Tanpa Nama,-6.184362173639139,106.82406081555371
JPO Tanpa Nama,-6.11351275,107.01129415
JPO Tanpa Nama,-6.372041600000001,106.6812714
JPO Tanpa Nama,-6.3698063,106.6800559
JPO Tanpa Nama,-6.36943415,106.68487635
JPO Tanpa Nama,-6.36935375,106.6848808
JPO Tanpa Nama,-6.36045705,106.68640795
JPO Tanpa Nama,-6.35518675,106.68592115
JPO Tanpa Nama,-6.3471994723605265,106.69537977713587
JPO Tanpa Nama,-6.13779735,106.6876837
JPO Tanpa Nama,-6.0931679,106.60581825
JPO Tanpa Nama,-6.2376601,106.8443477
JPO Tanpa Nama,-6.37360385,106.76601585
JPO Tanpa Nama,-6.1914347,106.9430534
JPO Tanpa Nama,-6.294687514764584,106.61817004348191
JPO Tanpa Nama,-6.2965921099446716,106.61961935813467
JPO Tanpa Nama,-6.296420920443042,106.61808674320869
JPO Tanpa Nama,-6.29554465,106.623617
JPO Tanpa Nama,-6.295438092624469,106.62358789142803
JPO Tanpa Nama,-6.2955108948670455,106.62362427404958
JPO Tanpa Nama,-6.29605295,106.62349664999999
JPO Tanpa Nama,-6.295556676458153,106.62366114939257
JPO Tanpa Nama,-6.2954892258882325,106.62363636741239
JPO Tanpa Nama,-6.295389120891377,106.62352791121815
JPO Tanpa Nama,-6.29538785,106.62378964999999
JPO Tanpa Nama,-6.29555935,106.62401200000001
JPO Tanpa Nama,-6.295814528578125,106.62366529196213
JPO Tanpa Nama,-6.296345813920711,106.61965884789574
JPO Tanpa Nama,-6.296631809923992,106.61961391279767
JPO Tanpa Nama,-6.296889703637631,106.619578049459
JPO Tanpa Nama,-6.157313713756199,106.91586118697256
JPO Tanpa Nama,-6.303733060036922,106.64252830551182
JPO Tanpa Nama,-6.3038931253298776,106.64352544239331
JPO Tanpa Nama,-6.3042281428072915,106.64555641565556
Jalan Tol Serpong–Balaraja,-6.3045946,106.6516352
Jalan Tol Serpong–Balaraja,-6.3044948000000005,106.65150740000001
JPO Tanpa Nama,-6.349836113225297,106.67659440037126
Jalan Insinyur Haji Juanda,-6.38097225,106.85775140000001
Jalan Insinyur Haji Juanda,-6.380892650000001,106.8577702
JPO Tanpa Nama,-6.004794740862375,106.78205003642131
JPO Tanpa Nama,-6.004624700000001,106.7829679
JPO Tanpa Nama,-6.0046473,106.78306635
JPO Tanpa Nama,-6.00468755,106.7832239
JPO Tanpa Nama,-6.0047499,106.78315855
JPO Tanpa Nama,-6.00451385,106.78309980000002
JPO Tanpa Nama,-6.004407460699189,106.78299431799209
JPO Tanpa Nama,-6.0043742,106.78296180000001
JPO Tanpa Nama,-6.0042819,106.78319755
JPO Tanpa Nama,-6.0043571,106.78332964999998
JPO Tanpa Nama,-6.00428365,106.78340675000001
JPO Tanpa Nama,-6.004086547390288,106.78322710581422
JPO Tanpa Nama,-6.00404975,106.783112
JPO Tanpa Nama,-6.004004500000001,106.78336469999999
JPO Tanpa Nama,-6.00368235,106.78327745
JPO Tanpa Nama,-6.00380175,106.78297965
JPO Tanpa Nama,-6.003724388368433,106.78295548214219
JPO Tanpa Nama,-6.0036859,106.78299415
JPO Tanpa Nama,-6.0032996,106.78260385
JPO Tanpa Nama,-6.003474193486831,106.78281785688405
JPO Tanpa Nama,-6.003319378271979,106.78310894097432
JPO Tanpa Nama,-6.00331795,106.7830536
JPO Tanpa Nama,-6.0034407000000005,106.7831142
JPO Tanpa Nama,-6.00354795,106.7832084
JPO Tanpa Nama,-6.003598324395626,106.78331026564548
JPO Tanpa Nama,-6.005012137561888,106.78116606612934
JPO Tanpa Nama,-6.004010268266061,106.78222838172584
Jalur Kereta Cepat Jakarta–Bandung,-6.254961906696284,106.95628957187442
Jalur Kereta Api Duri–Tangerang,-6.161368850000001,106.79818495
Jalur Kereta Api Duri–Tangerang,-6.1620944,106.7900721
Jalur Kereta Api Duri–Tangerang,-6.1582074,106.7477226
Jalur Kereta Api Duri–Tangerang,-6.1596316,106.7374953
Jalur Kereta Api Duri–Tangerang,-6.1630920499999995,106.7207632
JPO Tanpa Nama,-6.1852015,107.00373130000001
Jalan Pulau Bintang,-6.17900955,106.737567
JPO Tanpa Nama,-6.1849600999863705,106.73802335260409
Jalan Jembatan Dua,-6.140111900000001,106.79333595
Jembatan Wiratman Karkasa,-6.343305949999999,106.83825709999998
JPO Tanpa Nama,-6.30042465,106.6404096
JPO Tanpa Nama,-6.388322531349646,106.89606979031359
JPO Tanpa Nama,-6.3875599,106.8962067
JPO Tanpa Nama,-6.11183065,106.6903792
JPO Tanpa Nama,-6.1199399,106.77115194999999
JPO Tanpa Nama,-6.120979788329217,106.76871435513658
JPO Tanpa Nama,-6.12072015,106.7712478
JPO Tanpa Nama,-6.2149459475719615,106.95246377290458
Jalur Kereta Api Jakarta Kota–Tanjung Priuk,-6.131983749999999,106.83103655
Jalur Kereta Api Jakarta Kota–Tanjung Priuk,-6.13277205,106.82904875000001
Jalan Tahi Bonar Simatupang,-6.292637714102203,106.80529435642477
JPO Tanpa Nama,-6.291727717921684,106.80554426382743
JPO Tanpa Nama,-6.292505902669087,106.80651555791731
Jalan Tol Depok–Antasari,-6.324548399999999,106.8025514
Jalan Tol Depok–Antasari,-6.324506550000001,106.80242050000001
Jalan Tol Depok–Antasari,-6.344184171178501,106.79755808457877
Jalan Tol Depok–Antasari,-6.33338185,106.79989789999999
Jalan Tol Depok–Antasari,-6.3334228,106.7997485
JPO Tanpa Nama,-6.301702567362604,106.70406890036517
JPO Tanpa Nama,-6.37538545,106.9163992
JPO Tanpa Nama,-6.239570286831831,106.89152212317668
Jalan Icon Estate,-6.220511695711618,106.62717102808814
Jalan Sahabat Baru,-6.186980650000001,106.7750305
JPO Tanpa Nama,-6.136175382534191,106.81171103620117
Jalan Peternakan Raya,-6.150343400000001,106.77214415
Jalan Peternakan Raya,-6.150237660885289,106.77191159638897
JPO Tanpa Nama,-6.186885740171464,106.84557709395821
JPO Tanpa Nama,-6.184310913027113,106.81083032100979
Jalan Kembang Pacar,-6.1809016542259885,106.84694172800833
JPO Tanpa Nama,-6.21258335,106.89766044999999
JPO Tanpa Nama,-6.30481385,106.83728400000001
Jalan Tol Bekasi–Cawang–Kampung Melayu,-6.223933158593921,106.87452856294092
Simpang Susun Cakung,-6.188413098673014,106.94224131889894
Simpang Susun Cakung,-6.1886197,106.94221214999999
Simpang Susun Cakung,-6.188698349999999,106.94220444999999
JPO Tanpa Nama,-6.188884700000001,106.94213364999999
JPO Tanpa Nama,-6.360477724265766,106.82603233430677
JPO Tanpa Nama,-6.3603553999999995,106.82594605
JPO Tanpa Nama,-6.360780098651071,106.82591162354962
JPO Tanpa Nama,-6.361201076375238,106.82609501417278
JPO Tanpa Nama,-6.360760499999999,106.82598720000001
JPO Tanpa Nama,-6.360909342843344,106.82610199917181
JPO Tanpa Nama,-6.36116927034475,106.82598398802413
JPO Tanpa Nama,-6.3612860591568445,106.8258364351432
JPO Tanpa Nama,-6.361029299999999,106.82623935000001
JPO Tanpa Nama,-6.361050001630484,106.82644724533083
JPO Tanpa Nama,-6.360731550000001,106.8261425
JPO Tanpa Nama,-6.360705016405464,106.82659930701632
JPO Tanpa Nama,-6.363185642398299,106.83052432769247
JPO Tanpa Nama,-6.36305565,106.8305245
JPO Tanpa Nama,-6.3631834000000005,106.8306585
JPO Tanpa Nama,-6.363182350000001,106.83039415
JPO Tanpa Nama,-6.36308225,106.83042775
JPO Tanpa Nama,-6.36347265,106.83052155
JPO Tanpa Nama,-6.202426600000001,106.80144945
LRT Jakarta Kalapa Gading - Velodrome Line,-6.156572237552091,106.90913437876372
Jalan Pattimura,-6.232783800104341,106.80074975377474
Jalan Jenderal Gatot Subroto,-6.236260952483,106.82674163065832
JPO Tanpa Nama,-6.188628064121402,106.83968138907125
JPO Tanpa Nama,-6.203594449123018,106.80277527950786
Jalan Tol Sunter–Pulo Gebang,-6.178660751803765,106.92130352815792
Jalan Tol Sunter–Pulo Gebang,-6.178398391462292,106.92040347360033
JPO Tanpa Nama,-6.205734340967188,106.81785076655359
JPO Tanpa Nama,-6.205711495726797,106.81795269812385
JPO Tanpa Nama,-6.205594927821623,106.81766234521396
JPO Tanpa Nama,-6.205933766117171,106.81773445362288
JPO Tanpa Nama,-6.205470451341115,106.81789532581335
JPO Tanpa Nama,-6.2054469999999995,106.8178213
JPO Tanpa Nama,-6.205953299382785,106.8180002442564
JPO Tanpa Nama,-6.2053966,106.81781065
JPO Tanpa Nama,-6.20549855,106.81788535
JPO Tanpa Nama,-6.2059321,106.81798115000001
JPO Tanpa Nama,-6.2060024,106.81794454999999
JPO Tanpa Nama,-6.20605375,106.817955
Jalur Kereta Cepat Jakarta–Bandung,-6.254918666228343,106.95629794099791
Jalan Laksamana Malahayati,-6.248503980072243,106.9325222537632
JPO Tanpa Nama,-6.161848795274469,106.88178188442077
JPO Tanpa Nama,-6.28719675,106.77979400000001
JPO Tanpa Nama,-6.193570640682742,106.88816068748497
Jalan Manunggal V,-6.264841349999999,106.67854765000001
Jalan Mununggal V,-6.2726343,106.68292685
Jalan Manunggal V,-6.268201799999999,106.67789929999999
JPO Tanpa Nama,-6.26774685,106.6770335
JPO Tanpa Nama,-6.2678560999999995,106.67704225
JPO Tanpa Nama,-6.268250833134708,106.68065173812718
JPO Tanpa Nama,-6.268163092285212,106.68058174053131
JPO Tanpa Nama,-6.268081522773315,106.68055873959756
JPO Tanpa Nama,-6.268333122209961,106.68068091411946
JPO Tanpa Nama,-6.128124230647419,106.80479130315304
JPO Tanpa Nama,-6.229664451186261,106.6127427759256
Jalan Raya Ragunan,-6.2861428,106.82798775
Jalan Raya Ragunan,-6.2856862499999995,106.8351782
MRT Jakarta Jalur Utara-Selatan,-6.2461553,106.79802430000001
MRT Jakarta Jalur Utara-Selatan,-6.243064071619268,106.7981550353101
MRT Jakarta Jalur Utara-Selatan,-6.289926201017376,106.7681163136444
JPO Tanpa Nama,-6.12230300013532,106.91810795912728
JPO Tanpa Nama,-6.122408999999999,106.91737799999999
JPO Tanpa Nama,-6.12147959667668,106.9177988641476
JPO Tanpa Nama,-6.121821917702488,106.91725911554111
JPO Tanpa Nama,-6.321842747413162,106.70840770714206
JPO Tanpa Nama,-6.32146608858236,106.70802367956313
JPO Tanpa Nama,-6.322693937069955,106.70876874322283
JPO Tanpa Nama,-6.3070660499999995,106.87686414999997
JPO Tanpa Nama,-6.2123313,107.0298091
Jalan Lingkar Utara,-6.20954085,107.02487035
JPO Tanpa Nama,-6.2328657,106.84458805
JPO Tanpa Nama,-6.1519276000000005,106.83511899999999
JPO Tanpa Nama,-6.146584418169598,106.8342816816937
JPO Tanpa Nama,-6.132699452174705,106.82853417449223
JPO Tanpa Nama,-6.132402512854159,106.82849485333587
JPO Tanpa Nama,-6.132667599572202,106.82859302797019
JPO Tanpa Nama,-6.1323716,106.8285201
JPO Tanpa Nama,-6.1325585,106.8288651
JPO Tanpa Nama,-6.13259845,106.8290861
JPO Tanpa Nama,-6.131963934977478,106.8309057255968
JPO Tanpa Nama,-6.13181065,106.8311107
Gang Bahagia 1,-6.13206525,106.96604255
Gang Bahagia 2,-6.13246595,106.9661222
JPO Tanpa Nama,-6.134983399999999,106.96727254999999
Gang Abdul Rohim,-6.13598615,106.96765020000001
JPO Tanpa Nama,-6.136975449999999,106.96802575000001
JPO Tanpa Nama,-6.137620200000001,106.96827114999999
JPO Tanpa Nama,-6.1294221,106.96554865
JPO Tanpa Nama,-6.35703035,106.79105089999999
JPO Tanpa Nama,-6.1277589500000005,106.96315494999999
JPO Tanpa Nama,-6.304464502641002,106.88988469965824
JPO Tanpa Nama,-6.30430865,106.89025995
JPO Tanpa Nama,-6.144724999999999,106.97132835
JPO Tanpa Nama,-6.172919911331522,106.7881038556096
JPO Tanpa Nama,-6.17310875,106.78825679999998
JPO Tanpa Nama,-6.17359765,106.78826705
JPO Tanpa Nama,-6.3611179,106.78251945
JPO Tanpa Nama,-6.223441550356311,106.79914498109866
JPO Tanpa Nama,-6.223571,106.79925030000001
JPO Tanpa Nama,-6.224585249886557,106.79936619064293
JPO Tanpa Nama,-6.224425505321955,106.7993820002852
JPO Tanpa Nama,-6.226745188061096,106.79935622577078
JPO Tanpa Nama,-6.227585799999999,106.7074679
JPO Tanpa Nama,-6.222962750000001,106.7180952
JPO Tanpa Nama,-6.293358999999999,106.8884122
JPO Tanpa Nama,-6.236143101913892,106.82793910290668
JPO Tanpa Nama,-6.236443924935018,106.82778807654907
JPO Tanpa Nama,-6.2358217,106.82805920000003
JPO Tanpa Nama,-6.23540393199301,106.82839417679533
JPO Tanpa Nama,-6.162683449999999,106.83795915
JPO Tanpa Nama,-6.166759400000001,106.83511115
JPO Tanpa Nama,-6.294485755398774,106.872009039473
JPO Tanpa Nama,-6.13446445,106.9670366
JPO Tanpa Nama,-6.1677932,106.8280321
JPO Tanpa Nama,-6.16777555,106.82792375
JPO Tanpa Nama,-6.37184555,106.77480745
Jalan Kampung Baru II,-6.36819925,106.78495925
Gang Haji Paul,-6.2372622,106.71255875
Jalan Taman Pluit Putera Utara,-6.1196377,106.79197124999999
JPO Tanpa Nama,-6.21869285,106.71787115000002
JPO Tanpa Nama,-6.2172767,106.71838035
JPO Tanpa Nama,-6.115760399948539,106.79051921770312
Jalan Rawa Jati,-6.36008015,106.78967865
JPO Tanpa Nama,-6.1358782,106.7043112
Jalan Sungai Tiram,-6.11360985,106.9491399
Jalan Sungai Tiram,-6.118505750000001,106.95645235
JPO Tanpa Nama,-6.1906756000000005,106.68767629999999
JPO Tanpa Nama,-6.1885614,106.6845122
JPO Tanpa Nama,-6.100868508342029,106.73447035612189
JPO Tanpa Nama,-6.101928631019269,106.73380243397652
JPO Tanpa Nama,-6.10176225,106.73367914999999
JPO Tanpa Nama,-6.10162935,106.73356815
JPO Tanpa Nama,-6.1008306999999995,106.7349468
JPO Tanpa Nama,-6.1018209,106.72994265
JPO Tanpa Nama,-6.101356201861969,106.73207700000441
JPO Tanpa Nama,-6.105818390693268,106.73341350551729
JPO Tanpa Nama,-6.1038966,106.7328558
JPO Tanpa Nama,-6.105064994947608,106.734302876104
JPO Tanpa Nama,-6.105146825866398,106.73360322593078
JPO Tanpa Nama,-6.103958922987277,106.73339866978587
JPO Tanpa Nama,-6.1017055381010925,106.73572560966132
JPO Tanpa Nama,-6.100874030701053,106.73521998607043
JPO Tanpa Nama,-6.101508420972561,106.73516981500617
JPO Tanpa Nama,-6.1029608,106.73160920000001
JPO Tanpa Nama,-6.106347447877108,106.73654140520058
JPO Tanpa Nama,-6.104797935443605,106.7351131785119
JPO Tanpa Nama,-6.105357551237132,106.73481306885398
JPO Tanpa Nama,-6.104314167120645,106.73482162119832
JPO Tanpa Nama,-6.099744500000001,106.73598950000002
JPO Tanpa Nama,-6.100904300000001,106.7299265
JPO Tanpa Nama,-6.100175470986005,106.73095922187494
JPO Tanpa Nama,-6.100546905489066,106.73360365648531
JPO Tanpa Nama,-6.1049734,106.73348625
JPO Tanpa Nama,-6.104445849999999,106.73541005
Jalan Perjuangan,-6.141751700000001,106.90985204999998
Jalan Green Lake City Boulevard,-6.1958682,106.70179060000001
Jalan Warakas Gang 10,-6.1253076,106.87837495
JPO Tanpa Nama,-6.1104218,106.94484165
Medan,-6.11042015,106.94496705
Kerinduan,-6.138185399999999,106.70260545
Jalan Warakas V Gang XII,-6.12511595,106.8773596
Jalan Warakas Gang 11,-6.1252145,106.87788205
JPO Tanpa Nama,-6.30744890525766,106.88125975515379
JPO Tanpa Nama,-6.3084180904183,106.88135874685334
JPO Tanpa Nama,-6.1409833,106.6864427
JPO Tanpa Nama,-6.14101015,106.68617445
JPO Tanpa Nama,-6.14085835,106.6891009
JPO Tanpa Nama,-6.1358502999999995,106.68638634999999
JPO Tanpa Nama,-6.0351637,106.6924844
JPO Tanpa Nama,-6.0359759,106.69124120000001
JPO Tanpa Nama,-6.0331995,106.6235945
JPO Tanpa Nama,-6.0332667,106.62299319999998
JPO Tanpa Nama,-6.03374465,106.6221093
Jalan Iskandar Muda,-6.1240465,106.6222006
JPO Tanpa Nama,-6.11711295,106.6289109
JPO Tanpa Nama,-6.10797645,106.6327611
JPO Tanpa Nama,-6.1054702999999995,106.63980415
JPO Tanpa Nama,-6.10915515,106.63613395
JPO Tanpa Nama,-6.11400295,106.62190335000001
JPO Tanpa Nama,-6.11200045,106.63529605
JPO Tanpa Nama,-6.099222250000001,106.79114349999999
JPO Tanpa Nama,-6.0998469,106.89742530000001
JPO Tanpa Nama,-6.1014504,106.89736625
JPO Tanpa Nama,-6.14640845,107.0279996
Jalan Raya Pertamina,-6.1305792,107.03124690000001
JPO Tanpa Nama,-6.1299812,107.03168225
JPO Tanpa Nama,-6.12951205,107.03195885
JPO Tanpa Nama,-6.12795275,107.0332081
JPO Tanpa Nama,-6.12597025,107.03412205
JPO Tanpa Nama,-6.1268585,107.03390999999999
JPO Tanpa Nama,-5.99968885,107.02524629999999
JPO Tanpa Nama,-6.039132,106.6073276
JPO Tanpa Nama,-5.992456857124417,107.0259255984334
JPO Tanpa Nama,-6.08070235,106.67213295
JPO Tanpa Nama,-6.1122304000000005,106.98248565
JPO Tanpa Nama,-6.12249585,106.99577795
JPO Tanpa Nama,-6.1457010499999996,107.04425515
JPO Tanpa Nama,-6.146169049999999,107.04603475000002
JPO Tanpa Nama,-6.0867891,106.6811239
JPO Tanpa Nama,-6.087191499999999,106.67659465
JPO Tanpa Nama,-6.08817855,106.6744516
JPO Tanpa Nama,-6.0888126499999995,106.6730826
JPO Tanpa Nama,-6.089012750000001,106.67263765
JPO Tanpa Nama,-6.0901637,106.67024135
JPO Tanpa Nama,-6.090984300000001,106.66965795
JPO Tanpa Nama,-6.100260049999999,106.6675812
JPO Tanpa Nama,-6.100929300000001,106.66696815000002
JPO Tanpa Nama,-6.10174995,106.6662403
JPO Tanpa Nama,-6.035078449999999,106.6566744
JPO Tanpa Nama,-6.05833475,107.01099590000001
JPO Tanpa Nama,-6.2134845,107.04997585000001
JPO Tanpa Nama,-6.08489,106.63923785
JPO Tanpa Nama,-6.0907903,106.63737839999999
JPO Tanpa Nama,-6.100154249999999,106.6388791
JPO Tanpa Nama,-6.0941496,106.6344441
JPO Tanpa Nama,-6.08823365,106.63231364999999
JPO Tanpa Nama,-6.08500805,106.6226915
Jalan Pluit Indah Raya,-6.1177309,106.79195375
Jalan Pluit Sakti,-6.122216050000001,106.7920292
JPO Tanpa Nama,-6.27537271756529,106.60818987162062
JPO Tanpa Nama,-6.0772973,106.6391564
JPO Tanpa Nama,-6.07560425,106.64028865
JPO Tanpa Nama,-6.0790942999999995,106.63503105000001
JPO Tanpa Nama,-6.077139600000001,106.62408370000001
JPO Tanpa Nama,-6.034692550000001,106.619651
JPO Tanpa Nama,-6.0743124,107.0234868
JPO Tanpa Nama,-5.99518645,107.0268184
JPO Tanpa Nama,-6.07268485,107.02239645
JPO Tanpa Nama,-6.06316675,107.043328
JPO Tanpa Nama,-5.95668085,107.02201655000002
JPO Tanpa Nama,-6.05187435,106.63283005
Jalan Raya Kampung Ps. Emas,-6.1085228,107.0459417
JPO Tanpa Nama,-6.16598395,107.00861375
JPO Tanpa Nama,-6.16655465,107.00851585
JPO Tanpa Nama,-6.1679205,107.0079308
Jalan Bahtera Elok,-6.11927993650766,106.77137994558899
JPO Tanpa Nama,-6.13480235,106.69510065
JPO Tanpa Nama,-6.134843549999999,106.69510285
JPO Tanpa Nama,-6.1359642,106.6927266
JPO Tanpa Nama,-6.1606889,107.02682175000001
JPO Tanpa Nama,-6.09480555,106.72133155
JPO Tanpa Nama,-6.1095369999999996,106.76905279999998
JPO Tanpa Nama,-6.1362406,106.7054465
Jalan Pejambon,-6.175775912650623,106.83263750158305
JPO Tanpa Nama,-6.1905179,106.83821359999999
Jalan Museum,-6.175475349999999,106.8207345
JPO Tanpa Nama,-6.178400149999999,106.81271605
Jalan Tanah Abang II,-6.175638850000001,106.8120179
JPO Tanpa Nama,-6.178983296745037,106.82464094716755
JPO Tanpa Nama,-6.179107186371854,106.8245377819793
JPO Tanpa Nama,-6.170856226071986,106.8328651338074
Jalan Raden Saleh Raya,-6.190999500000001,106.8431694
JPO Tanpa Nama,-6.1895311,106.84125535
JPO Tanpa Nama,-6.183712475058861,106.70040727850413
JPO Tanpa Nama,-6.184406596460513,106.69921898613468
JPO Tanpa Nama,-6.19054865,106.69325085
Jalan Masjid Al-Ishlah,-6.19179055,106.69241095
Jalan Arief Rachman Hakim,-6.181768878884876,106.83677564194014
Transjakarta Busway Koridor 2,-6.181699050000001,106.83663734999999
Jalan Arief Rachman Hakim,-6.1816831,106.83653255
JPO Tanpa Nama,-6.350141549999999,106.74504025
JPO Tanpa Nama,-6.351251549017465,106.7442306483833
JPO Tanpa Nama,-6.3494014,106.7456001
Jalan Taman Kebon Sirih IV,-6.1826384999999995,106.81875450000001
JPO Tanpa Nama,-6.1767371,106.82005215000001
JPO Tanpa Nama,-6.1727003499999995,106.8218198
JPO Tanpa Nama,-6.1812704499999995,106.8172785
JPO Tanpa Nama,-6.1824359,106.8098549
JPO Tanpa Nama,-6.09561845,107.0263281
JPO Tanpa Nama,-6.3447131,107.0521485
JPO Tanpa Nama,-6.3462095000000005,107.052108
JPO Tanpa Nama,-6.347397899999999,107.05204995
JPO Tanpa Nama,-6.3478849,107.05201575000001
JPO Tanpa Nama,-6.2954746,107.04861975
JPO Tanpa Nama,-6.11871841610389,106.67273739327939
JPO Tanpa Nama,-5.98419888210895,107.041122675988
JPO Tanpa Nama,-6.124983658764439,106.83418599214055
JPO Tanpa Nama,-6.121732291342534,106.83476775469657
JPO Tanpa Nama,-6.120458118502987,106.83428924527038
JPO Tanpa Nama,-6.1350423,106.9553028
Esplanade Avenue,-6.29192788872164,107.04795426257846
Esplanade Avenue,-6.29187687550134,107.04796105880632
JPO Tanpa Nama,-6.223829710494952,107.01005838036691
JPO Tanpa Nama,-6.14201725,106.6880849
JPO Tanpa Nama,-6.31704805,107.05330425
JPO Tanpa Nama,-6.39134765,107.04562
JPO Tanpa Nama,-6.387423,107.037566
Jalan Kawasan Marunda Center,-6.0990661,106.9823529
Jalan Perjuangan,-6.2243516,107.00942045
Jalan Perjuangan,-6.2250958,107.0083745
Jalan Bulevar Selatan,-6.227343249999999,107.0059234
Jalan Bulevar Selatan,-6.2272402176399195,107.00606983137291
Jalan Kawasan Marunda Center,-6.09429065,106.99044710000001
Jalan Kawasan Marunda Center,-6.09447085,106.99044425
JPO Tanpa Nama,-6.09198095,106.99045595000001
JPO Tanpa Nama,-6.133552549999999,106.68626195
JPO Tanpa Nama,-6.1341434,106.68626199999999
JPO Tanpa Nama,-6.13435355,106.68627960000002
JPO Tanpa Nama,-6.1347993,106.6863262
JPO Tanpa Nama,-6.14247565,106.6727623
JPO Tanpa Nama,-6.1866964,106.67621030000001
Gang Kabel II,-6.1881825,106.6761876
JPO Tanpa Nama,-6.1996968500000005,106.98422224999999
Jalan KH. Mustopano,-6.17559395,106.6727021
Jalan Taman Golf,-6.237677899999999,106.60215040000001
JPO Tanpa Nama,-6.19400585,106.9927684
Jalan Maulana Hasanudin,-6.1853012,106.67653039999998
Jalan KH. Mustofa,-6.1748939,106.6784266
Jalan Irigasi Sipon,-6.18520825,106.67634635
Jalan Irigasi Sipon,-6.18536595,106.6763512
JPO Tanpa Nama,-6.1895215,106.67591825
JPO Tanpa Nama,-6.18956705,106.6759053
Jalan Puri Megah,-6.1909088,106.67575975000001
Gang Al Fathir,-6.17325465,106.67879659999998
JPO Tanpa Nama,-6.176057950000001,106.6782084
JPO Tanpa Nama,-6.1783681,106.67758754999998
JPO Tanpa Nama,-6.177606000000001,106.677813
Jalan Benoa Raya,-6.1764255,106.67811144999999
Jalan Benoa Raya,-6.176340599999999,106.67813645
Jalan Simponi Raya,-6.189875699999999,106.67611289999999
JPO Tanpa Nama,-6.1874171,106.67636505
JPO Tanpa Nama,-6.177868950000001,106.6723618
JPO Tanpa Nama,-6.17778695,106.67237385000001
Jalan Rawa Tembaga,-6.2461314,106.99637379999999
JPO Tanpa Nama,-6.115315084751511,106.75908834738148
Jalan Semeru Raya,-6.20821455,106.98413475000001
JPO Tanpa Nama,-6.1982883,106.71589975
Jalan Raya Gelora,-6.1646159,107.0380844
Jalan Raya Gelora,-6.1713963,107.02744000000001
JPO Tanpa Nama,-6.16079915,107.03807234999998
JPO Tanpa Nama,-6.166763850000001,107.03840975000001
JPO Tanpa Nama,-6.16953435,107.03810100000001
Jalan Raya Babelan,-6.1602891500000005,107.04107725
JPO Tanpa Nama,-6.16023645,107.04031865
JPO Tanpa Nama,-6.160026449999999,107.0380823
JPO Tanpa Nama,-6.1603855,107.03104805000001
Jalan Raya Pulo Timaha,-6.160470549999999,107.02751299999998
JPO Tanpa Nama,-6.1604399999999995,107.02833085
JPO Tanpa Nama,-6.16039805,107.02868440000002
JPO Tanpa Nama,-6.1604109000000005,107.0298922
JPO Tanpa Nama,-6.16036795,107.03140255
Jalan Elok Raya,-6.1602269,107.0353666
JPO Tanpa Nama,-6.160065899999999,107.0437475
JPO Tanpa Nama,-6.16916305,107.03010945
JPO Tanpa Nama,-6.167044949999999,107.03160679999999
JPO Tanpa Nama,-6.160220900000001,107.0422129
JPO Tanpa Nama,-6.387698,107.00458929999999
JPO Tanpa Nama,-6.071441350000001,106.64413024999999
JPO Tanpa Nama,-6.07386915,106.6454928
JPO Tanpa Nama,-6.17839785,106.9998538
JPO Tanpa Nama,-6.180763649999999,106.99989345
JPO Tanpa Nama,-6.181654249999999,107.00017299999999
JPO Tanpa Nama,-6.18202675,107.00073919999998
JPO Tanpa Nama,-6.18299615,107.00211029999998
Jalan Raya Pd. Ungu Permai,-6.17633615,106.99983700000001
JPO Tanpa Nama,-6.170168749999999,107.0014465
JPO Tanpa Nama,-6.276881749999999,106.69837265000001
JPO Tanpa Nama,-6.3798957000000005,106.75009285
JPO Tanpa Nama,-6.3767099,106.74861125000001
JPO Tanpa Nama,-6.3786482,106.7492292
Jalan Gang Telaga,-6.377548872433584,106.75151531109857
JPO Tanpa Nama,-6.185226549999999,107.00348415
JPO Tanpa Nama,-6.18568655,107.00031394999999
JPO Tanpa Nama,-6.18244615,107.0012832
Jalan Perumahan Malaka Indah,-6.15129255,106.95948135
JPO Tanpa Nama,-6.3316612,107.00720744999998
JPO Tanpa Nama,-6.38735015,106.72388615
JPO Tanpa Nama,-5.9715186,107.02173855000001
JPO Tanpa Nama,-5.972243450000001,107.02257515
JPO Tanpa Nama,-5.9563813,107.02365605
JPO Tanpa Nama,-6.3939116,106.7502766
JPO Tanpa Nama,-6.226083,107.0505606
JPO Tanpa Nama,-6.1005995,107.00105205
JPO Tanpa Nama,-6.08563385,106.6526993
Jalan Raya Kedung Pengawas,-6.1600114999999995,107.04379485000001
JPO Tanpa Nama,-6.154446050000001,107.04365314999998
JPO Tanpa Nama,-6.15723625,107.0437652
JPO Tanpa Nama,-6.1701149,107.04238795
JPO Tanpa Nama,-6.17213745,107.0336015
JPO Tanpa Nama,-6.17769705,106.98342405
JPO Tanpa Nama,-6.179822,106.9857518
JPO Tanpa Nama,-6.17608645,106.98343645
JPO Tanpa Nama,-6.1756644000000005,106.98563175
JPO Tanpa Nama,-6.1777142000000005,106.98570755
JPO Tanpa Nama,-6.173363226519547,106.98346330001601
JPO Tanpa Nama,-6.18017135,106.99284850000001
JPO Tanpa Nama,-6.18317935,106.98462695
JPO Tanpa Nama,-6.1831811000000005,106.9842073
JPO Tanpa Nama,-6.1831663500000005,106.98252445
JPO Tanpa Nama,-6.18315665,106.98201395000001
JPO Tanpa Nama,-6.1831562,106.98353474999999
JPO Tanpa Nama,-6.324102699999999,107.0298741
JPO Tanpa Nama,-6.18665005,106.99210885
Jalan PGRI XVII,-6.18705775,106.99223035
Jalan PGRI Raya,-6.18513415,106.99196215
JPO Tanpa Nama,-6.1606569,106.61569994999999
Jalan Raya Kasman,-6.1606619,106.6158058
JPO Tanpa Nama,-6.15022965,106.97384645
Jalan Merpati Raya,-6.2028417000000005,106.9967196
Jalan Imam Bonjol,-6.178361,106.62651724999999
Jalan Kelapa Nias,-6.1550476,106.9139419
Gading Grande,-6.160306956004687,106.91387254237397
JPO Tanpa Nama,-6.160536349999998,106.91386625000001
JPO Tanpa Nama,-6.1687522999999995,106.9157956
JPO Tanpa Nama,-6.16966115,106.9145322
JPO Tanpa Nama,-6.169701,106.914624
Jalan Arteri Kelapa Gading,-6.1699148,106.91509585
Jalan Arteri Kelapa Gading,-6.16995205,106.91517919999998
JPO Tanpa Nama,-6.0911463,106.7099858
JPO Tanpa Nama,-6.0855694499999995,106.6879434
JPO Tanpa Nama,-6.0825668,106.69489535
JPO Tanpa Nama,-6.0836617,106.69307305000001
JPO Tanpa Nama,-6.08407525,106.69236705
JPO Tanpa Nama,-6.08530975,106.68896235
Jalan Raya Kelapa Hybrida,-6.14866615,106.91748195
Jalan Gatot Subroto,-6.18683575,106.60744695
Jalan Gatot Subroto,-6.1868994,106.607504
JPO Tanpa Nama,-6.31585185,106.77494490000001
Garuda,-6.09092535,106.6923309
JPO Tanpa Nama,-6.148163126199013,106.98797505703762
JPO Tanpa Nama,-6.1729538999999995,106.91402245000002
JPO Tanpa Nama,-6.1730358,106.91399019999999
JPO Tanpa Nama,-6.3537629576271755,106.73368135576675
JPO Tanpa Nama,-6.354063713937142,106.73341411508514
Jalan Budi Asih,-6.17596565,106.6421695
JPO Tanpa Nama,-6.316550199999999,106.75909745000001
Jalan Pisangan Raya,-6.3112350500000005,106.7587992
Jalan Tarumanegara,-6.31476045,106.75878284999999
Jalan Haji Muri Salim,-6.316746600000001,106.7593032
Jalan Galuh,-6.3240076,106.7654845
Gang Swadaya,-6.3210409,106.76241475
Jalan Perumahan Griya Mandiri,-6.32239805,106.76333324999999
Gang Haji Mulyono,-6.3197576,106.7611867
Jalan Lestari,-6.3203546500000005,106.7617204
JPO Tanpa Nama,-6.359754199999999,106.71185105
Jalan Beta 3,-6.1938442,106.60902165
JPO Tanpa Nama,-6.1001616,106.6882378
JPO Tanpa Nama,-6.099581150000001,106.688016
Jalan Kampung Belakang,-6.101115549999999,106.69460855
JPO Tanpa Nama,-6.089632,106.6980838
JPO Tanpa Nama,-6.0894544755935005,106.69816931320038
Jalan Dadap,-6.0923526500000005,106.708811
JPO Tanpa Nama,-6.16556875,106.98336265
JPO Tanpa Nama,-6.1653021,106.98333579999999
Jalan Arjuna,-6.1949227,106.9322067
Jalan Rawa Kepiting,-6.1975242,106.9197835
Jalan Purnawarman,-6.3233916,106.76393845000001
JPO Tanpa Nama,-6.1716559,106.91459234999998
Gang Haji M. Napis,-6.15225245,106.68768935
Jalan Anggrek Vanda,-6.300755000000001,106.6690325
Jalan PAM Rawa Badung,-6.205731149999999,106.9278891
JPO Tanpa Nama,-6.200911100000001,106.92905715
JPO Tanpa Nama,-6.1645156,106.6751613
JPO Tanpa Nama,-6.16352665,106.6715801
JPO Tanpa Nama,-6.287826918172216,106.6727915103124
JPO Tanpa Nama,-6.15482075,107.00632395
JPO Tanpa Nama,-6.15602945,107.00634794999999
JPO Tanpa Nama,-6.1549888500000005,107.00633830000001
JPO Tanpa Nama,-6.1555506,107.0063466
JPO Tanpa Nama,-6.156527450000001,107.00638799999999
JPO Tanpa Nama,-6.288351899999999,106.67131035
Jalan Anthea 5,-6.289536299999999,106.6697916
JPO Tanpa Nama,-6.311818949999999,106.75878415
JPO Tanpa Nama,-6.1775623,106.96938225
JPO Tanpa Nama,-6.2168715500000005,106.9600107
Jalan Tandon Ciater,-6.33117205590335,106.69445501259207
JPO Tanpa Nama,-6.18393455,106.96147500000001
JPO Tanpa Nama,-6.1113222999999985,106.97986500000002
JPO Tanpa Nama,-6.110435141638806,106.9771981333163
Jembatan Tiga Rawalumbu,-6.275146350000001,107.00020280000001
Jembatan Lima Rawalumbu,-6.2783488,106.99890085
Jembatan Dua Rawalumbu,-6.2734034,107.0009281
JPO Tanpa Nama,-6.119185048185818,106.66258570207675
JPO Tanpa Nama,-6.1190470514180415,106.65915731024242
JPO Tanpa Nama,-6.11609209002762,106.66934801428474
JPO Tanpa Nama,-6.11832215,106.66495695
JPO Tanpa Nama,-6.1185768288124915,106.66467115015274
JPO Tanpa Nama,-6.117770879828279,106.66670266810705
JPO Tanpa Nama,-6.117783599999999,106.66629165
JPO Tanpa Nama,-6.118459103228302,106.66576457860752
Zona Antar Keberangkatan Terminal 3,-6.119511445523213,106.66623979516572
JPO Tanpa Nama,-6.1196991,106.66492825
JPO Tanpa Nama,-6.1187150500000005,106.6673438
JPO Tanpa Nama,-6.118897597432938,106.66598644900789
JPO Tanpa Nama,-6.1191771,106.66614404999999
JPO Tanpa Nama,-6.1194187499999995,106.66554560000002
JPO Tanpa Nama,-6.1189254,106.6667726
JPO Tanpa Nama,-6.1191926500000005,106.66494005
JPO Tanpa Nama,-6.119051151074375,106.66518724751182
JPO Tanpa Nama,-6.11892375,106.66549585
JPO Tanpa Nama,-6.118797600000001,106.6658007
JPO Tanpa Nama,-6.1183254,106.6670014
JPO Tanpa Nama,-6.1184171,106.6667097
JPO Tanpa Nama,-6.118547850000001,106.66640465
JPO Tanpa Nama,-6.11867105,106.6661066
JPO Tanpa Nama,-6.26473675,107.00234319999998
JPO Tanpa Nama,-6.2638988,107.00357085
JPO Tanpa Nama,-6.11246475,106.96491265
JPO Tanpa Nama,-6.23623695,107.0521153
JPO Tanpa Nama,-6.310424438166495,106.71577627839714
JPO Tanpa Nama,-6.24747545,106.61174855
JPO Tanpa Nama,-6.146220501242528,106.8905219996943
JPO Tanpa Nama,-6.146291649999999,106.8908113
JPO Tanpa Nama,-6.1459007,106.8909155
JPO Tanpa Nama,-6.143654180671814,106.89131229160762
Jalan Artha Gading Boulevard,-6.143501906907701,106.89114456334744
Jalan Danau Sunter Timur,-6.141331699999999,106.88711140000001
Jalan Danau Sunter Timur,-6.14130965,106.88703255
Jalan Agung Perkasa 10,-6.13807345,106.87655434999999
Jalan Danau Sunter Utara,-6.13812805,106.87640205000001
Jalan Metro Sunter Raya,-6.13736675,106.87403474999999
JPO Tanpa Nama,-6.137975841476556,106.86871029853381
JPO Tanpa Nama,-6.1403378,106.71274165
Jalan Hijau Lestari Raya,-6.3187929,106.7510776
Jalan Taman Golf 3,-6.255553750000001,106.9340679
JPO Tanpa Nama,-6.255001200000001,106.9222457
Jalan Rawa Bengkel,-6.14331905,106.7288159
JPO Tanpa Nama,-6.14035845,106.71910464999999
JPO Tanpa Nama,-6.15811815,106.99545625
JPO Tanpa Nama,-6.1757743000000005,106.65171665
Jalan Haji Marsaid,-6.374843,106.8317979
Jalan Jenderal Polisi RS. Soekanto,-6.22769145,106.92402115000002
Jalan Jenderal Polisi RS. Soekanto,-6.227643850000001,106.924053
Jalan Prepedan Raya,-6.106768450000001,106.70175575
JPO Tanpa Nama,-6.10630585,106.7025495
JPO Tanpa Nama,-6.1060035500000005,106.7034648
JPO Tanpa Nama,-6.1047937999999995,106.70624395
Jalan Walungan,-6.112688,106.6967157
Jalan Kampung Rawa Bokor,-6.112852650000001,106.69512315
Jalan Merdek A,-6.11366095,106.6911037
JPO Tanpa Nama,-6.2922477,106.66144115
JPO Tanpa Nama,-6.2921824,106.66145665
JPO Tanpa Nama,-6.1091432,106.69903095000001
JPO Tanpa Nama,-6.1111077,106.69777020000001
JPO Tanpa Nama,-6.1129113,106.69624110000001
JPO Tanpa Nama,-6.11290315,106.69501615
JPO Tanpa Nama,-6.212986,106.64995425000001
JPO Tanpa Nama,-6.3987961,106.873875
Jalan Sukahati 4,-6.1814963,106.63592349999999
Jalan Sukahati 5,-6.1814259,106.63629075
Jalan Sukabakti 4,-6.1790529,106.63821225000001
JPO Tanpa Nama,-6.180527850000001,106.63786990000001
Jalan Pahlawan Taruna,-6.1781903,106.63846945
Jalan Pahlawan Taruna,-6.1783675,106.6383824
JPO Tanpa Nama,-6.175380550000001,106.6379967
JPO Tanpa Nama,-6.17445495,106.6379251
Jalan Gelagah,-6.317677549999999,106.7729564
JPO Tanpa Nama,-6.183138049999999,106.98141615
Jalan Wijaya Kusuma,-6.198096799999999,106.66667670000001
JPO Tanpa Nama,-6.39680735,106.9769194
JPO Tanpa Nama,-6.3968511,106.9768666
Jalan Patra Raya,-6.1823567,106.78100245
Jalan Tanjung Duren Barat IV,-6.17833265,106.7798466
JPO Tanpa Nama,-6.11327865,106.8866402
JPO Tanpa Nama,-6.1207708,106.8818251
JPO Tanpa Nama,-6.2659558,106.90498475
JPO Tanpa Nama,-6.2265707500000005,107.03012939999999
JPO Tanpa Nama,-6.17719665,107.02211115
JPO Tanpa Nama,-6.10559195,106.74050945
JPO Tanpa Nama,-6.1055587,106.7403271
JPO Tanpa Nama,-6.1098249245196,106.73869361588845
JPO Tanpa Nama,-6.108990440732691,106.73917831605077
JPO Tanpa Nama,-6.2919245,106.93577285
JPO Tanpa Nama,-6.28742845,106.93616474999999
JPO Tanpa Nama,-6.191201599999999,107.01055515
JPO Tanpa Nama,-6.1905114999999995,107.0062106
Jalan Raya Ujung Harapan,-6.18962535,107.0062633
JPO Tanpa Nama,-6.188365646237055,107.00602974749283
Jalan Karang Satria Raya,-6.223080550000001,107.03657630000001
JPO Tanpa Nama,-6.2295476999999995,107.04613409999999
JPO Tanpa Nama,-6.23821475,106.74733954999999
JPO Tanpa Nama,-6.134677099999999,106.75289915
JPO Tanpa Nama,-6.134840750000001,106.7532033
Jalan Kapuk Raya,-6.13505055,106.75274865
Jalan Kamal Cengkareng,-6.1295839,106.73555005
Jalan Kamal Cengkareng,-6.1307201,106.7340627
Jalan Melur Tugu II,-6.124204700000001,106.90913434999999
Jalan Pembangunan,-6.1193281,106.89669574999999
Jalan Seroja,-6.118974999999999,106.8962269
Jalan Pembangunan,-6.119356800000001,106.89846955
Jalan Haji Pitung,-6.1202933999999996,106.9029229
JPO Tanpa Nama,-6.3966124,106.7675943
Jalan Rawa Bebek,-6.194503799999999,106.96928745
Jalan Galur,-6.2027698000000004,106.96262505
JPO Tanpa Nama,-6.278435099999999,107.0468249
JPO Tanpa Nama,-6.2791595346969284,107.04649124660526
JPO Tanpa Nama,-6.146651749999999,106.7503172
JPO Tanpa Nama,-6.1466458,106.75068825
Jalan Kh Tajudin,-6.189593849999999,107.02881815
JPO Tanpa Nama,-6.195268150000001,107.0372213
JPO Tanpa Nama,-6.19392175,107.0372767
Jalan Babelan Mas Permai RW 09,-6.194554500000001,107.03725065
Jalan Masjid Al Munawaroh Barat,-6.1303329,106.74345485
JPO Tanpa Nama,-6.1378313,106.75178604999999
JPO Tanpa Nama,-6.14218825,106.7388229
Jalan Kamal Cengkareng,-6.13237125,106.73531725
Jalan Gotong Royong,-6.14114065,106.7501489
Gang Kusuma II,-6.2698073999999995,106.87393305
JPO Tanpa Nama,-6.2690585,106.87398689999999
JPO Tanpa Nama,-6.26905265,106.8739501
JPO Tanpa Nama,-6.2690462,106.87391275000002
JPO Tanpa Nama,-6.2687047,106.87405515
JPO Tanpa Nama,-6.3382242,106.9021778
Jalan Wira Kencana III,-6.3379989000000005,106.90223325
Jalan Wira Kencana V,-6.33757685,106.90236125000001
Jalan Kayu Putih Timur,-6.180389799926311,106.89872619728462
Jalan Pulo Nangka Timur,-6.180313581928545,106.89886274432459
Jalan Kayu Putih Timur,-6.18403785,106.89844165
Jalan Kayu Putih IX,-6.18404285,106.89648295
Jalan Raya Kayu Putih,-6.1835739499999995,106.8913934
Jalan Kayu Putih Selatan,-6.187488455156146,106.89813515444966
Jalan Taruna,-6.1863562,106.9051753
Jalan Kepu,-6.179352050000001,106.91346974999999
Jalan Pelangi Utama,-6.176345550000001,106.91355404999999
Jalan Arteri Kelapa Gading,-6.176114549999999,106.91300960000001
Jalan Bangun Cipta Raya,-6.1741919,106.90953045
JPO Tanpa Nama,-6.17482425,106.9106032
Jalan Flamboyan,-6.17063175,106.90992035
Jalan Giring Giring,-6.170738549999999,106.90987125000001
Jalan Gading Putih Raya,-6.1703734,106.90327205
Jalan Raya Kelapa Kopyor,-6.17026705,106.90328145000001
Jalan Kelapa Kopyor Raya,-6.1704404,106.90318110000001
Jalan Gading Putih Raya Utara,-6.170329349999999,106.9031969
Jalan Kelapa Puyuh Raya,-6.1712279,106.90464890000001
Jalan Haji Ahmad Tarmiji,-6.287104599999999,106.87871605000001
JPO Tanpa Nama,-6.191739849999999,107.02900705
Jalan Jati I,-6.1456061,106.7399259
Jalan KH. Rahiman II,-6.18525335,107.04657945
Jalan Raya Haji Nausan,-6.186736850000001,107.0459096
JPO Tanpa Nama,-6.1270615500000005,106.7958802
JPO Tanpa Nama,-6.127072650000001,106.79505745
JPO Tanpa Nama,-6.12706735,106.79436325
JPO Tanpa Nama,-6.12706985,106.79552885000001
Jalan Lingkungan,-6.2786714,106.869325
Jalan Senipah,-6.274295150000001,106.92482770000001
JPO Tanpa Nama,-6.273044499999999,106.92520114999999
Jalan Lawi Lawi,-6.272539650000001,106.92536415000001
Jalan Karmila V,-6.272525050000001,106.92638345
JPO Tanpa Nama,-6.2725177,106.92591014999999
JPO Tanpa Nama,-6.2713172,106.92321595
Jalan Setia 1,-6.26827495,106.9227357
Jalan Cendrawasih Raya,-6.26386215,106.92173275
Jalan Jatiroto,-6.2652427500000005,106.92238555
Jalan Wira Kencana VII,-6.337078050000001,106.90252985000001
JPO Tanpa Nama,-6.154632100000001,106.72909
Jalan Raya Gabus Bulak,-6.184936,107.04790985
JPO Tanpa Nama,-6.201878049999999,106.97700175
JPO Tanpa Nama,-6.200783550000001,106.9764244
JPO Tanpa Nama,-6.1905778,106.91066864999999
JPO Tanpa Nama,-6.14219355,106.7404423
JPO Tanpa Nama,-6.3985971500000005,106.7694267
JPO Tanpa Nama,-6.3971345,106.76878319999999
JPO Tanpa Nama,-6.3972821,106.76908829999999
JPO Tanpa Nama,-6.3975893500000005,106.76996869999999
JPO Tanpa Nama,-6.39865915,106.76924790000002
JPO Tanpa Nama,-6.39905435,106.7688875
JPO Tanpa Nama,-6.399761850000001,106.76879480000001
Jalan Kaliabang,-6.1967471,106.9799398
Jalan . PKS Utama,-6.220854500000001,107.04900745
JPO Tanpa Nama,-6.2214031,107.03688690000001
JPO Tanpa Nama,-6.22157475,107.03687945
JPO Tanpa Nama,-6.236700300000001,107.0389218
JPO Tanpa Nama,-6.225312850000001,107.041942
Jalan Karang Satria Raya,-6.224583716786462,107.04351823330619
Jalan Desa Karang Satria,-6.221495938865656,107.04699588016624
JPO Tanpa Nama,-6.213980250000001,106.7444287
JPO Tanpa Nama,-6.28659635,106.8967595
JPO Tanpa Nama,-6.2866849518653565,106.89706392584114
JPO Tanpa Nama,-6.177757850000001,107.0218419
JPO Tanpa Nama,-6.177675949999999,107.02434245
JPO Tanpa Nama,-6.1787601,107.02388675
JPO Tanpa Nama,-6.180130050000001,107.02369515000002
JPO Tanpa Nama,-6.2617397,106.8750101
Jalan Vikamas Raya,-6.1326318,106.7687646
JPO Tanpa Nama,-6.206167010597304,107.01235772370312
JPO Tanpa Nama,-6.331930699999999,106.91942015000001
JPO Tanpa Nama,-6.13242345,106.75792709999999
JPO Tanpa Nama,-6.225864643522802,107.04107318242446
JPO Tanpa Nama,-6.215719408906305,107.04030735190082
JPO Tanpa Nama,-6.221526600333164,107.03859529902417
JPO Tanpa Nama,-6.2215258054901765,107.03706184505194
JPO Tanpa Nama,-6.3295844,106.6624953
Jalan Subur Dalam,-6.21906095,106.84524354999999
JPO Tanpa Nama,-6.21996755,106.84557615
JPO Tanpa Nama,-6.3396567,106.64952174999999
Simpang Susun Burangkeng,-6.349545768005623,107.02340472773885
Jalan Vikamas Timur 2,-6.1326377999999995,106.77279519999999
Jalan Vikamas Barat,-6.132642100000001,106.77221845
JPO Tanpa Nama,-6.13261595,106.76930225
JPO Tanpa Nama,-6.1325705500000005,106.76930295
Jalan Vikamas 1 Selatan,-6.132645950000001,106.7739253
Jalan Kapuk Muara Raya,-6.1325628000000005,106.77534589999999
JPO Tanpa Nama,-6.269454500000001,106.94271545
Jalan Taman Jeruk Boulevard,-6.20500425,106.75285145000001
Jalan Ratu Mawar,-6.1653237500000015,106.76744869999997
Jalan Ratu Mawar,-6.1654211,106.76745335
Jalan Surya Wijaya,-6.1697965,106.76752669999999
Jalan Taman Ratu Raya,-6.16855105,106.76750905
Jalan Ratu Kamboja,-6.1670758,106.76748515
Jalan Ratu Kamboja,-6.16688995,106.7674863
JPO Tanpa Nama,-6.10342535,106.60959509999999
Jalan Agung Jaya 4,-6.1437361,106.85884605000001
JPO Tanpa Nama,-6.391866050000002,106.76751469999999
JPO Tanpa Nama,-6.19280265,106.71992594999999
Jalan Raya Kelapa Nias,-6.14877055,106.8998331
Jalan Kelapa Puan Raya,-6.16268675,106.90752930000001
JPO Tanpa Nama,-6.1627696,106.90754319999999
Jalan Kelapa Puan Raya,-6.1628132,106.90745525
JPO Tanpa Nama,-6.16272465,106.90744635
JPO Tanpa Nama,-6.1681595,106.91143525
JPO Tanpa Nama,-6.16816485,106.91134045000001
Jalan Daan Mogot,-6.15523945,106.7479605
JPO Tanpa Nama,-6.1561248,106.75184035000001
JPO Tanpa Nama,-6.1505487500000005,106.90287384999998
Jalan Kelapa Cengkir Raya,-6.167648050000001,106.90488995
JPO Tanpa Nama,-6.1676775500000005,106.90482180000002
JPO Tanpa Nama,-6.1677285,106.9049126
Jalan Kelapa Cengkir Raya,-6.16776805,106.90482030000001
JPO Tanpa Nama,-6.16901685,106.90405870000001
Jalan Pulau Dana,-6.158150699999999,106.8912115
Jalan Boulevard Barat Raya,-6.155260999999999,106.89600605000001
Jalan Boulevard Barat,-6.155039049999999,106.8960839
JPO Tanpa Nama,-6.286789450000001,106.8347608
Jalan Haji Dul Madihi,-6.20284945,106.9388223
Jalan Musik Raya,-6.16878225,106.91255225
JPO Tanpa Nama,-6.16920875,106.91346899999999
Jalan K. Haji Ahmad Dahlan,-6.18524165,106.71794015
Jalan Kosambi Selatan,-6.173750350000001,106.7146857
Jalan Rasamala Utama,-6.172288,106.7146998
JPO Tanpa Nama,-6.2455777999999995,106.95193115
Jalan Bulevar Utara Kelapa Gading,-6.148262250381971,106.90961115605485
Jalan Bulevar Utara Kelapa Gading,-6.1505061,106.90949085
Jalan Bulevar Utara Kelapa Gading,-6.1504966,106.90930645
Jalan Raya Janur Elok,-6.1505749,106.90938975
Jalan Raya Janur Elok,-6.150434699999999,106.90939639999999
Jalan Anggrek Utama,-6.2637009,106.77033399999999
JPO Tanpa Nama,-6.1625747,106.7481138
JPO Tanpa Nama,-6.16251105,106.748356
JPO Tanpa Nama,-6.2591269,107.01325425
JPO Tanpa Nama,-6.24783015,107.00973805000001
JPO Tanpa Nama,-6.24167995,107.014688
JPO Tanpa Nama,-6.242314828128087,107.01425120827147
JPO Tanpa Nama,-6.2428497499999995,107.014119
JPO Tanpa Nama,-6.15860015,106.86866390000002
JPO Tanpa Nama,-6.16109685,106.87337195
JPO Tanpa Nama,-6.1589811,106.8695175
JPO Tanpa Nama,-6.1591404999999995,106.86998030000001
Gading Park View,-6.16580145,106.9124591
Jalan Taman Tirta,-6.1650261,106.91126754999999
JPO Tanpa Nama,-6.165629,106.87742775000001
JPO Tanpa Nama,-6.16467875,106.87885655
JPO Tanpa Nama,-6.163413795767927,106.8814247526295
Jalan Cempaka Putih Tengah XXXIII A,-6.1696728499999995,106.8740431
Jalan Cempaka Mas Barat,-6.1666659500000005,106.87391635
Jalan Radio V,-6.24817335,106.7940372
JPO Tanpa Nama,-6.23048495,106.7257659
JPO Tanpa Nama,-6.2798704999999995,107.0467541
Jalan Bojong Indah Raya,-6.1629140499999995,106.7333894
Jalan Adhi Karya Ujung,-6.17555065,106.75324115000001
JPO Tanpa Nama,-6.2819498,107.0213222
Jalan Bhineka,-6.39516055,106.85466704999999
JPO Tanpa Nama,-6.380291050000001,106.84732945
JPO Tanpa Nama,-6.3805593,106.8470215
Jalan Kemuning,-6.379418250000001,106.85780665
Jalan Kemuning I,-6.37704,106.8581815
Jalan Kenanga VIII,-6.375656200000001,106.85839305
JPO Tanpa Nama,-6.1448886,106.7758326
Jalan Gading Indah I,-6.1599616,106.9112452
Jalan Cempaka Putih Tengah I,-6.16864025,106.87363425
Jalan Kembangan Baru,-6.1556681,106.74755885
JPO Tanpa Nama,-6.164751000000001,106.74864585
JPO Tanpa Nama,-6.1646805,106.74887770000001
JPO Tanpa Nama,-6.1549484,106.73554899999998
Jalan Kali Baru Timur V,-6.1681862,106.84873415
JPO Tanpa Nama,-6.23118925,106.68550694999999
Jalan Kayu Gede II,-6.2311119999999995,106.68446735
JPO Tanpa Nama,-6.22032615,106.6833091
Jalan Ruko Buana Gardenia,-6.2187298,106.68273235000001
JPO Tanpa Nama,-6.2511108,106.8425221
JPO Tanpa Nama,-6.3790967,106.8811315
JPO Tanpa Nama,-6.377490999999999,106.88067554999999
JPO Tanpa Nama,-6.3780361,106.88047504999999
JPO Tanpa Nama,-6.1810296000000005,107.03082190000002
JPO Tanpa Nama,-6.17987625,107.03087389999999
JPO Tanpa Nama,-6.18248585,107.03078149999999
JPO Tanpa Nama,-6.18190755,107.03079360000001
JPO Tanpa Nama,-6.1848332,107.0306444
JPO Tanpa Nama,-6.18413705,107.03070475
JPO Tanpa Nama,-6.17164965,107.03621415
JPO Tanpa Nama,-6.1730168,107.03218935
JPO Tanpa Nama,-6.3369941,107.01092565
JPO Tanpa Nama,-6.3377272,107.0124112
Jalan Masjid Nurul Yaqin,-6.37965155,106.76535734999999
JPO Tanpa Nama,-6.27927885,106.81182645000001
Jalan Puri Mutiara V,-6.279283899999999,106.81121925
JPO Tanpa Nama,-6.23831775,107.02758449999999
JPO Tanpa Nama,-6.2701868,106.64666135
Jalan Danau Agung 2,-6.1457504499999995,106.85920945000001
Jalan Danau Agung 2,-6.14563055,106.85919759999999
JPO Tanpa Nama,-6.27130575,106.94120945
JPO Tanpa Nama,-6.27312695,106.93980400000001
JPO Tanpa Nama,-6.272853550000001,106.94003355000001
JPO Tanpa Nama,-6.2725982,106.94023885
JPO Tanpa Nama,-6.27234335,106.94044455
Jalan Dekan,-6.272085900000001,106.94064854999999
Jalan Fisika 3,-6.2710688999999995,106.94148609999999
Swadaya-1,-6.390560600000001,106.76115275
JPO Tanpa Nama,-6.3865918,106.77725839999998
Jalan Anggrek Rosliana II,-6.1952370000000005,106.79370109999999
Gang Empeng Cicir,-6.19216475,107.0190541
Jalan Pembina II,-6.1980170999999995,106.85838780000002
Jalan Penggalang Gang IV,-6.199645,106.8590389
JPO Tanpa Nama,-6.1987182999999995,107.0171371
JPO Tanpa Nama,-6.196010800000001,107.01953354999999
Jalan Bumi Harapan,-6.19490125,107.01926929999999
JPO Tanpa Nama,-6.16548935,106.83510530000001
JPO Tanpa Nama,-6.16537605,106.8350371
Jalan Wakaf,-6.337968449999999,106.8234027
JPO Tanpa Nama,-6.228656899999999,106.88285905000001
JPO Tanpa Nama,-6.228049970596743,106.883135114563
JPO Tanpa Nama,-6.0329411,107.0502904
Jalan Ancol Timur,-6.127214,106.84698045
Jalan Agung Utara 5,-6.137627050000001,106.85770860000001
Jalan Haji Agus Salim,-6.1947865,106.82523430000002
Jalan Kampung Bandan,-6.131798399999999,106.8224015
Jalan Serdang Baru,-6.1566815,106.86539945
Jalan Sumur Batu Raya,-6.1580461500000006,106.86786914999998
Jalan Serdang Baru,-6.16096415,106.86497665
Jalan Kali Baru Timur VI,-6.169071349999999,106.85230860000001
JPO Tanpa Nama,-6.1845676,106.6764493
JPO Tanpa Nama,-6.1901804,106.67584135000001
Jalan Krapu,-6.127018650000001,106.80992094999999
JPO Tanpa Nama,-6.1417242000000005,106.80461035
JPO Tanpa Nama,-6.23835335,106.84465144999999
Jalan Pencil,-6.25444805,106.84216505
Jalan Kalibata Utara II,-6.2600658,106.84313685000001
JPO Tanpa Nama,-6.1960584,107.0371787
JPO Tanpa Nama,-6.103926100000001,107.02173435
JPO Tanpa Nama,-6.161898000000002,106.854284
JPO Tanpa Nama,-6.161827650000001,106.85417269999999
JPO Tanpa Nama,-6.1608177,106.85494295000001
JPO Tanpa Nama,-6.160758899999999,106.8548351
JPO Tanpa Nama,-6.159350350000001,106.85553110000001
JPO Tanpa Nama,-6.15941035,106.8556365
JPO Tanpa Nama,-6.157231299999999,106.8570758
JPO Tanpa Nama,-6.157179999999999,106.85698575
JPO Tanpa Nama,-6.156242959579696,106.85764584208978
JPO Tanpa Nama,-6.156296344646634,106.85771160434732
JPO Tanpa Nama,-6.1556411,106.85831475
JPO Tanpa Nama,-6.1546245,106.85959725000001
JPO Tanpa Nama,-6.1545656,106.8595258
JPO Tanpa Nama,-6.15573145,106.8638338
JPO Tanpa Nama,-6.15579055,106.86379825
JPO Tanpa Nama,-6.15634095,106.86491025000001
JPO Tanpa Nama,-6.1564029,106.86487464999999
JPO Tanpa Nama,-6.1572502,106.86658505
JPO Tanpa Nama,-6.157326500000001,106.86653954999998
JPO Tanpa Nama,-6.158205950000001,106.85626485
JPO Tanpa Nama,-6.158257,106.85635120000002
JPO Tanpa Nama,-6.15434915,106.81789055000002
Jalan Sukarjo Wiryopranoto,-6.1597823,106.81909124999999
Jalan Serdang Raya,-6.164168650000001,106.86318630000001
JPO Tanpa Nama,-6.197637649999999,106.7779889
Raya Pondok Duta,-6.3726239,106.8598566
JPO Tanpa Nama,-6.110248986417989,107.01562561471808
JPO Tanpa Nama,-6.219211803375631,106.9548386916263
JPO Tanpa Nama,-6.218609649999999,106.95947225
JPO Tanpa Nama,-6.154935399999999,106.7480336
JPO Tanpa Nama,-6.151783837142555,106.75438390075784
JPO Tanpa Nama,-6.10762355,107.02571705
JPO Tanpa Nama,-6.10707865,107.0256416
JPO Tanpa Nama,-6.1067401,107.0256258
JPO Tanpa Nama,-6.1060073500000005,107.02559395
JPO Tanpa Nama,-6.104093799999999,107.02551885
JPO Tanpa Nama,-6.1039620623450075,107.02550306455296
JPO Tanpa Nama,-6.3908362,106.88675745000002
Jalan Timah,-6.1719493,106.85216969999998
Jalan Cempaka Putih Raya,-6.17621205,106.86425469999999
Jalan Jembatan Hitam,-6.141780799999999,106.80270694999999
JPO Tanpa Nama,-6.226835599999999,106.93936419999999
JPO Tanpa Nama,-6.227658699999999,106.9396411
JPO Tanpa Nama,-6.250754349999999,107.0057964
Jalan Dewi Sartika,-6.250958,107.00687239999999
Jalan Chairil Anwar,-6.2576361,107.0096093
Jalan Chairil Anwar,-6.25756685,107.0096363
JPO Tanpa Nama,-6.257943149999999,107.00787290000001
Jalan Haji Balok VII,-6.345504050000001,106.85544535
JPO Tanpa Nama,-6.163617549999999,106.81057024999998
JPO Tanpa Nama,-6.1676974,106.81067935
Jalan Kemang Village,-6.258759080438626,106.8104476702418
Jalan Kemang Village,-6.2584841373780415,106.80970960538336
JPO Tanpa Nama,-6.1553783,106.74308880000001
JPO Tanpa Nama,-6.1555234500000005,106.74588639999999
JPO Tanpa Nama,-6.1731716500000005,106.66989079999999
JPO Tanpa Nama,-6.20062410119703,106.84390910630701
JPO Tanpa Nama,-6.156684649999999,106.73766165
JPO Tanpa Nama,-6.3829749,107.02233890000001
JPO Tanpa Nama,-6.26333655,106.95644595
JPO Tanpa Nama,-6.3131658,106.94024875
JPO Tanpa Nama,-6.2065628,106.86020859999999
JPO Tanpa Nama,-6.20120245,107.00575470000001
JPO Tanpa Nama,-6.1953624,107.00599704999999
JPO Tanpa Nama,-6.1941752,107.006041
JPO Tanpa Nama,-6.172216324596597,106.95678724409115
Jalan Mangga Besar Raya,-6.148772738029499,106.83436680619477
Jalan Balap Sepeda I A,-6.18911295,106.8893388
JPO Tanpa Nama,-6.18932045,106.88817055000001
JPO Tanpa Nama,-6.29588545,106.76882785
JPO Tanpa Nama,-6.184583408432591,106.88808812659455
Jalan Pulau Timor 1,-6.2446208500000004,107.03864
Jalan Manunggal,-6.2467817,107.03778605
JPO Tanpa Nama,-6.25023035,107.0348058
JPO Tanpa Nama,-6.1735404,106.88860690000001
Jalan Condet Raya,-6.263338900000001,106.86455155
JPO Tanpa Nama,-6.23897365,106.97943620000001
JPO Tanpa Nama,-6.19564645,106.86825895
Jalan Pulau Yapen 9,-6.2405617499999995,107.0400728
Jalan Pulau Yapen Raya,-6.2401199,107.03981765
JPO Tanpa Nama,-6.1166529999999995,107.04035275
JPO Tanpa Nama,-6.222064100000001,106.94583585000001
JPO Tanpa Nama,-6.215323099999999,106.94408095
Jalan Danau Malinting,-6.21073945,106.80916350000001
JPO Tanpa Nama,-6.1844339999999995,106.85155655
Jalan Madrasah,-6.26918255,106.8665896
Jalan Danau Toba,-6.2084071,106.80953485
Jalan Paseban Raya,-6.19163875,106.84973534999999
JPO Tanpa Nama,-6.1057802500000005,106.9307637
JPO Tanpa Nama,-6.106528699999999,106.92858515
Jalan Haji Tabri,-6.281955,106.85757625
Gang Permata X,-6.1787646,106.85182549999999
Permama X Gang,-6.1787595500000005,106.85171815000001
Jalan Kampung Rawa,-6.17743185,106.85189875
Jalan Bungur Besar VIII,-6.170529349999999,106.84630974999999
JPO Tanpa Nama,-6.36206285,106.85634155
JPO Tanpa Nama,-6.1417917,106.8022419
JPO Tanpa Nama,-6.20784575,106.79009079999999
JPO Tanpa Nama,-6.2620445,106.84307030000001
JPO Tanpa Nama,-6.191466162481077,106.87556307983688
JPO Tanpa Nama,-6.2826619,106.8576862
Jalan KH. Ahmad Dahlan,-6.3015851000000005,106.76705820000001
Jalan Pertanian Raya,-6.302698550000001,106.77760965
Gang Santri,-6.276582149999999,106.85848999999999
Jalan Batu Kinyang IV,-6.2761306999999995,106.85948735
Jalan Duta Bulevar Barat,-6.20903865,107.0227148
Gang Haji Munih,-6.18453565,106.95472070000001
Jalan Kemang Timur XI,-6.26567045,106.82658930000001
JPO Tanpa Nama,-6.2689306,106.8253153
Jalan Kemang Timur XV,-6.2681504,106.82560345
Jalan Duta Bulevar Barat,-6.209005449999999,107.02258805
JPO Tanpa Nama,-6.20845065,107.02076395000002
JPO Tanpa Nama,-6.2079474,107.0194551
JPO Tanpa Nama,-6.2132419500000005,107.01463294999999
Jalan Prima Harapan Regensi,-6.211705900000001,107.0156431
JPO Tanpa Nama,-6.2103602,107.01653365000001
JPO Tanpa Nama,-6.2087415,107.01657110000001
Jalan Prima Harapan Regensi,-6.2070723,107.01664965
Jalan Prima Harapan Regensi,-6.2070556,107.01653859999999
JPO Tanpa Nama,-6.2069654,107.01626139999999
JPO Tanpa Nama,-6.206244849999999,107.01398760000001
JPO Tanpa Nama,-6.20594685,107.0123777
JPO Tanpa Nama,-6.2058558,107.01238230000001
JPO Tanpa Nama,-6.20583215,107.01045295
JPO Tanpa Nama,-6.210896099999999,107.0220563
Jalan Danau Indah Barat,-6.150361699999999,106.87946304999998
JPO Tanpa Nama,-6.1627747,106.88844725
JPO Tanpa Nama,-6.1618302499999995,106.88903525
JPO Tanpa Nama,-6.153006149999999,106.89081905
JPO Tanpa Nama,-6.15320425,106.8911592
JPO Tanpa Nama,-6.249276350000001,106.9570027
JPO Tanpa Nama,-6.24928795,106.957109
JPO Tanpa Nama,-6.172578509627765,106.94236469505704
Jalan Ratu Flamboyan Raya,-6.1755257,106.76760164999999
Jalan Taman Ratu Raya,-6.17439915,106.76754285
Jalan Surya Wijaya VIII,-6.1726074,106.76752435
Jalan Surya Wijaya Utama,-6.17126305,106.76753414999999
Jalan Kenanga I,-6.3405003,106.85485795
Jalan Doktor Wahidin,-6.169727646652245,106.83981689169805
Jalan Jenderal Gatot Subroto,-6.236945415402113,106.82720131024861
Transjakarta Busway Koridor 13,-6.240178016430522,106.82890164228024
Jalan Cideng Barat,-6.181443808046245,106.81334354167083
Jalan Musi,-6.1722334000000005,106.808792
Jalan Deplu Raya,-6.273195100000001,106.7711225
JPO Tanpa Nama,-6.287152135780693,106.77945346160413
JPO Tanpa Nama,-6.287125885826824,106.77964538849218
JPO Tanpa Nama,-6.12557975,106.82980094999999
JPO Tanpa Nama,-6.2243873999999995,106.96923945
JPO Tanpa Nama,-6.272028062855496,106.77663521155617
MRT Jakarta Jalur Utara-Selatan,-6.28932963104199,106.77030947778604
JPO Tanpa Nama,-6.298590699819505,106.66704713923497
JPO Tanpa Nama,-6.22310855,106.82289445
JPO Tanpa Nama,-6.304342138018754,106.68118832289802
JPO Tanpa Nama,-6.302509349999999,106.68232259999999
JPO Tanpa Nama,-6.302765000000001,106.68010895
JPO Tanpa Nama,-6.3027608,106.67964864999999
JPO Tanpa Nama,-6.3054098,106.67940200000001
JPO Tanpa Nama,-6.305852113556915,106.68481474331539
JPO Tanpa Nama,-6.3023985499999995,106.68099470000001
JPO Tanpa Nama,-6.30070825,106.68047645
JPO Tanpa Nama,-6.30055915,106.6829923
JPO Tanpa Nama,-6.2874962,106.67505295000001
JPO Tanpa Nama,-6.2864155916893,106.66510172089473
JPO Tanpa Nama,-6.2865232245600895,106.6656522329723
JPO Tanpa Nama,-6.2864151840127285,106.66538967373604
JPO Tanpa Nama,-6.30345145,106.68173805
JPO Tanpa Nama,-6.306584,106.67990375
JPO Tanpa Nama,-6.307320499999999,106.68303265
JPO Tanpa Nama,-6.299242604501159,106.6676021514311
JPO Tanpa Nama,-6.299672145039909,106.6638259759098
JPO Tanpa Nama,-6.2997281,106.6641368
JPO Tanpa Nama,-6.29956825,106.66417185
JPO Tanpa Nama,-6.29993435,106.66415115000001
JPO Tanpa Nama,-6.29431725,106.67984605000001
JPO Tanpa Nama,-6.293980838417087,106.6802760202707
JPO Tanpa Nama,-6.29469225,106.68039495
JPO Tanpa Nama,-6.30187355,106.67964699999999
JPO Tanpa Nama,-6.293687173163248,106.66605445046842
JPO Tanpa Nama,-6.27897675,106.6623967
JPO Tanpa Nama,-6.306486228788969,106.6807155694549
JPO Tanpa Nama,-6.306040242479081,106.67975537328853
JPO Tanpa Nama,-6.3019017,106.68010565
JPO Tanpa Nama,-6.2897327838951105,106.6777324650366
JPO Tanpa Nama,-6.28750505,106.6761082
JPO Tanpa Nama,-6.286315999999999,106.67513754999999
JPO Tanpa Nama,-6.284159649999999,106.67120750000001
JPO Tanpa Nama,-6.283555725239444,106.66873436916951
JPO Tanpa Nama,-6.299822418585123,106.66781275992165
JPO Tanpa Nama,-6.299592599720209,106.6675232084234
JPO Tanpa Nama,-6.2382741500000005,106.84460535
JPO Tanpa Nama,-6.13933915,106.96976515000001
JPO Tanpa Nama,-6.13926255,106.96975395
JPO Tanpa Nama,-6.2790349098042055,106.66159690448994
Jalan Tahi Bonar Simatupang,-6.3060711000000005,106.86494965
Jalan Gembira,-6.2066056,106.8294855
Jalan Teuku Cik Ditiro,-6.19661535,106.8368013
Jalan Triloka,-6.24616565,106.842714
JPO Tanpa Nama,-6.272214492329737,106.7419639296342
JPO Tanpa Nama,-6.272816062013836,106.74242982231416
JPO Tanpa Nama,-6.272442411407809,106.742074728106
JPO Tanpa Nama,-6.175663,106.8227692
JPO Tanpa Nama,-6.2939044,106.6799584
JPO Tanpa Nama,-6.298843400000001,106.6406339
JPO Tanpa Nama,-6.298566520433647,106.64059585865706
JPO Tanpa Nama,-6.298405498529856,106.64087120491128
JPO Tanpa Nama,-6.298726563031121,106.64111833023223
JPO Tanpa Nama,-6.30105985,106.6821001
Jalan Perintis Kemerdekaan,-6.16733215,106.88123465
JPO Tanpa Nama,-6.23155291848986,106.75356862977276
JPO Tanpa Nama,-6.179206638409241,106.72857684810631
Jalan Rawa Sumur Barat,-6.2021304,106.917365
Jalan Swadarma III,-6.2327394,106.75974749999999
Jalan Sanur Raya,-6.153447399999999,106.8970955
Jalan Kampung Pondak Melati,-6.3107795,106.92495139999998
Kodau,-6.31036555,106.92483445
Kodau,-6.3104145,106.92483945000001
Jalan Tol Lingkar Luar Jakarta,-6.310841099999999,106.92393419999999
JPO Tanpa Nama,-6.269837949999999,106.73889715
Jalan Tol Lingkar Luar Jakarta,-6.140668930974654,106.9388367860465
Jalan Tol Lingkar Luar Jakarta,-6.1405793238969935,106.93894578760761
Jalan Rorotan X,-6.1519783,106.9590115
JPO Tanpa Nama,-6.107817801826885,106.89756765305205
Jalan Mississippi,-6.1655763,106.96602074999998
Jalan Yos Sudarso,-6.1626031999999995,106.88117855
Jalan Jatinegara Timur IV,-6.222107100000001,106.86945349999999
Jalan Persahabatan 1A,-6.340805550000001,106.8834887
Jalan Nusa Indah,-6.2181891,106.93610014999999
Jalan Summagung III,-6.1711219,106.90278140000001
JPO Tanpa Nama,-6.17260465,106.90183945
JPO Tanpa Nama,-6.159037250000001,106.8907044
Jalan Pulau Galang,-6.16054085,106.88980805000001
Jalan Perumahan Kebon Jeruk Baru,-6.188358449999999,106.7750613
JPO Tanpa Nama,-6.1817329713705895,106.70713508332669
JPO Tanpa Nama,-6.2291548,106.76509379999999
Jalan Puri Mutiara Raya,-6.278593,106.81220205
Jalan Kyai Haji Hasyim Ashari,-6.1655973500000005,106.81050744999999
Jalan Cempaka Baru Timur XI,-6.1694548000000005,106.86702755
Jalan Kapuk Kamal Raya,-6.110421199999999,106.72178285
JPO Tanpa Nama,-6.1127097500000005,106.7372256
JPO Tanpa Nama,-6.397266,106.8979977
JPO Tanpa Nama,-6.3840809499999995,106.8721116
Jalan Duren Raya I,-6.379945850000001,106.87572555
JPO Tanpa Nama,-6.38037355,106.87468050000001
Jalan Raya Pekapuran,-6.386127200000001,106.87230405
JPO Tanpa Nama,-6.3971665,106.89627265
JPO Tanpa Nama,-6.3947798,106.899924
JPO Tanpa Nama,-6.394770900000001,106.89999875000001
JPO Tanpa Nama,-6.3886183,106.90365725000002
Jalan Inspeksi Tarum Barat,-6.24840095,106.9137265
JPO Tanpa Nama,-6.07959445,106.71066375
Jalan Mahoni Hijau I,-6.16960315,106.71533310000001
Jalan Teratai Putih Raya,-6.21695435,106.93133314999999
JPO Tanpa Nama,-6.26883235,106.73712950000001
JPO Tanpa Nama,-6.2688479,106.73719410000001
JPO Tanpa Nama,-6.216687200000001,106.96640984999999
Jalan Duren Sawit Baru,-6.233472450000001,106.91016164999999
JPO Tanpa Nama,-6.29759995,106.76678820000002
Jalan Permata Mediterania Raya I,-6.2240920000000015,106.76590565000001
JPO Tanpa Nama,-6.389087,106.87648915000001
JPO Tanpa Nama,-6.3853914,106.8781499
Jalan Kapitan Raya,-6.3851759,106.87871015
Jalan Gas Alam,-6.38407435,106.87993125
Jalan Anggur Raya,-6.3920494,106.88498375
JPO Tanpa Nama,-6.391662150000001,106.88676750000002
JPO Tanpa Nama,-6.3900815,106.8867534
JPO Tanpa Nama,-6.3055710950645665,106.89640270273932
JPO Tanpa Nama,-6.16846075,106.86947075000002
Jalan Perintis Kemerdekaan,-6.166606899999999,106.87960265
Transjakarta Busway Koridor 2,-6.1665611,106.8795958
Transjakarta Busway Koridor 2,-6.166524700000001,106.87960705
Jalan Perintis Kemerdekaan,-6.16645565,106.87961875000002
JPO Tanpa Nama,-6.16311644762212,106.81984901992409
JPO Tanpa Nama,-6.163089305022565,106.81983969860717
JPO Tanpa Nama,-6.312718749999999,106.8327082
Jalan Bungur Raya,-6.36909965,106.81090835
Jalan Komplek DDN II,-6.3133157,106.79611635000002
Jalan Tol Akses Tanjung Priok,-6.116321167043046,106.89312112004528
Jalan Batu,-6.35159465,106.81206610000002
JPO Tanpa Nama,-6.32100215,106.8357943
JPO Tanpa Nama,-6.225872782185037,106.98454705700489
JPO Tanpa Nama,-6.22816295,106.9875719
JPO Tanpa Nama,-6.21208765,106.89695735000001
Jalan Puri Kembangan,-6.182640736901069,106.75742665791334
Jalan Jenderal Ahmad Yani,-6.168059101844563,106.87796359250285
Jalan Asem Dewa,-6.32279145,106.87338345
Jalan Yos Sudarso,-6.111435467030624,106.89303362376403
JPO Tanpa Nama,-6.31019105,106.83393285
Jalan Arteri Kelapa Gading,-6.1679094999999995,106.91628095
Jalan Cirendeu Raya,-6.3043817,106.773774
Jalan Raya Pondok Kopi,-6.22494341685334,106.94307766695663
Jalan Tol Lingkar Luar Jakarta,-6.1920976,106.7318899
Jalan Tol Lingkar Luar Jakarta,-6.18984724883942,106.73122081578586
Jalan Tol Lingkar Luar Jakarta,-6.1786921,106.72868335
Jalan Tol Lingkar Luar Jakarta,-6.177480341438677,106.72854189515614
Jalan Tol Lingkar Luar Jakarta,-6.18456515,106.72991590000001
Jalan Tol Lingkar Luar Jakarta,-6.18327285,106.72957645
Jalan Tol Pelabuhan,-6.13199155,106.7886421
Jalan Tol Pelabuhan,-6.1320967500000005,106.7884497
Jalan Tol Pelabuhan,-6.13235285,106.79652404999997
Jalan Asemka,-6.140612572254677,106.80656374349667
Jalan Asemka,-6.140822509244827,106.80649991546747
Jalan Asemka,-6.141415549999999,106.80653780000002
Jalan Asemka,-6.14045645,106.80679079999999
Jalan Asemka,-6.1403514,106.8068773
Jalan Tol Pelabuhan,-6.13201925,106.8016423
Jalan Tol Pelabuhan,-6.132087545800724,106.80058166070047
Jalan Tol Pelabuhan,-6.132229518510007,106.79941266768472
JPO Tanpa Nama,-6.193548818202607,106.87464883365294
Jalan Tol Akses Tanjung Priok,-6.143480282923521,106.89068353573296
Jalan Tol Pelabuhan,-6.12924825,106.8884783
JPO Tanpa Nama,-6.12970862223096,106.88982879738312
Jalan Pulo Gebang,-6.21321615,106.9556592
JPO Tanpa Nama,-6.150640551013467,106.91129677203827
JPO Tanpa Nama,-6.30183275,106.92399995
Jalan Denpasar IV,-6.228674573633336,106.82857270109727
JPO Tanpa Nama,-6.3571915493384985,106.92927111992694
Jalan Tol Lingkar Luar Jakarta,-6.1203774,106.7323711
Jalan Tol Lingkar Luar Jakarta,-6.230877899999999,106.7531941
JPO Tanpa Nama,-6.226509536619745,106.93630292846898
JPO Tanpa Nama,-6.1623949499999995,106.99618015
JPO Tanpa Nama,-6.162542249999999,106.99618689999998
JPO Tanpa Nama,-6.1761478499999996,106.99156339999999
Jalan Persada Golf Raya,-6.2560941,106.9340914
Jalan Raya Kembangan Selatan,-6.187340400000001,106.72419075
Jalan Mandor Haji Sanim,-6.3704129,106.81642175
JPO Tanpa Nama,-6.170435822489628,106.83089209887905
JPO Tanpa Nama,-6.170716085911156,106.83148429084332
JPO Tanpa Nama,-6.309608949999999,106.89197250000001
Jalan Rawa Tembaga,-6.24632045,106.9969342
Jalan Veteran,-6.24623905,106.99727455
Jalan Veteran,-6.24622905,106.997164
JPO Tanpa Nama,-6.21145145,106.91184209999999
Gang Ko'in II,-6.305982404108129,106.80222055398949
Jalan Tol Profesor Doktor Sedyatmo,-6.12169045,106.772772
Jalan Jenderal Ahmad Yani,-6.1668889152228985,106.87845181547664
JPO Tanpa Nama,-6.238148949999999,107.01648925000002
JPO Tanpa Nama,-6.154652199999999,106.8130381
JPO Tanpa Nama,-6.21225525,106.94561834999999
JPO Tanpa Nama,-6.13729425,106.93621139999999
JPO Tanpa Nama,-6.2605832,106.7763694
JPO Tanpa Nama,-6.288519300000001,107.01263945
JPO Tanpa Nama,-6.138000993139643,106.86863453414735
JPO Tanpa Nama,-6.197581014181345,107.00592529878234
JPO Tanpa Nama,-6.1717355000000005,106.9145673
JPO Tanpa Nama,-6.09516905,107.05188835
Jalan Pulo Mas Barat,-6.1767011,106.87902585
Jalan Siliwangi Kanal,-6.298162850000001,106.9362648
Jalan Moncokerto I,-6.2026987,106.86533165
Jalan Rawa Simprug VIII,-6.230576205829477,106.7836383999735
Jembatan Gantung Curug,-6.38720425,106.72847185
JPO Tanpa Nama,-6.120333325875903,107.00395466882438
JPO Tanpa Nama,-6.120384731085322,107.00387380917634
Jalan Pematang,-6.148094531456416,106.6500515709569
JPO Tanpa Nama,-6.0773667,106.7091964
JPO Tanpa Nama,-6.0780373999999995,106.70958279999999
JPO Tanpa Nama,-6.07899035,106.7102188
JPO Tanpa Nama,-6.1308848000000005,106.6443072
JPO Tanpa Nama,-6.1373356,106.66157665
JPO Tanpa Nama,-6.12734835,106.65692285
Jalan Tigris,-6.16036025,107.03371229999998
JPO Tanpa Nama,-6.16791895,106.9829609
JPO Tanpa Nama,-6.14825045,106.9873291
Jalan Profesor Dokter Latumeten,-6.165354283688378,106.7891564393382
JPO Tanpa Nama,-6.2643011,106.777581
Jalan Pondok Pinang I,-6.26308635,106.77651269999998
Jalan Tol Lingkar Luar Jakarta,-6.21278465,106.74219020000001
JPO Tanpa Nama,-6.15363405,107.0245328
JPO Tanpa Nama,-6.3829621,107.02225755000002
Orchid A,-6.382992099999999,107.01869740000001
JPO Tanpa Nama,-6.38286005,107.0205905
JPO Tanpa Nama,-6.160414899999998,107.02846425000001
JPO Tanpa Nama,-6.3798746,107.0146018
JPO Tanpa Nama,-6.084797300000001,106.99664220000001
JPO Tanpa Nama,-6.13999075,107.04796155
JPO Tanpa Nama,-6.0999702,106.98575445
JPO Tanpa Nama,-6.08564975,107.00223665
Jalan Emeralda Citra I,-6.2747267,106.6976131
JPO Tanpa Nama,-6.2648717000000005,106.7092255
Jalan Pangeran Jayakarta,-6.230942300000001,106.99479115
JPO Tanpa Nama,-6.1712834999999995,107.02456835
JPO Tanpa Nama,-6.16833555,107.02603099999999
JPO Tanpa Nama,-6.1686803,107.02593965
JPO Tanpa Nama,-6.1685628,107.02597080000001
JPO Tanpa Nama,-6.17433165,107.02606
JPO Tanpa Nama,-6.19488185,107.0116177
JPO Tanpa Nama,-6.1859698000000005,107.032163
JPO Tanpa Nama,-6.18539145,107.03061775
JPO Tanpa Nama,-6.1856577999999995,107.03062244999998
JPO Tanpa Nama,-6.185709,107.0309646
JPO Tanpa Nama,-6.3767485,107.00629250000001
JPO Tanpa Nama,-6.376858699999999,107.00626425
JPO Tanpa Nama,-6.0999799,106.95039925
Gang Haji Amu II,-6.26087175,106.8027103
Gang Haji Amu III,-6.26065325,106.80290935
Jalan Sawo II,-6.2614202500000005,106.80249875000001
Jalan Kavling DPRD DKI Jakarta,-6.363273949999999,106.8912837
JPO Tanpa Nama,-6.0359909,106.68383060000001
JPO Tanpa Nama,-6.0363393,106.6862774
JPO Tanpa Nama,-6.109370050000001,107.03667705000001
Jalan Kavling Haji Hamim,-6.1883077,107.02992660000001
JPO Tanpa Nama,-6.18850675,107.029747
JPO Tanpa Nama,-6.18755915,107.03042705
JPO Tanpa Nama,-6.171651000000001,107.03768604999999
JPO Tanpa Nama,-6.170927177947788,107.04890233308522
JPO Tanpa Nama,-6.170832527758857,107.04863206442988
Jalan Asam,-6.2104959,106.9603879
JPO Tanpa Nama,-6.09873105,107.02565264999998
JPO Tanpa Nama,-6.09862275,107.02620045
Jalan Gas Alam,-6.38681635,106.89077660000001
JPO Tanpa Nama,-6.13687275,106.70630109999999
JPO Tanpa Nama,-6.086448949999999,106.68425780000001
JPO Tanpa Nama,-6.0948692,106.66928495
Jalan Eco Culture,-6.127979250000001,106.69306645
Jalan Pertamina,-6.0474513499999984,107.03599754999999
JPO Tanpa Nama,-6.035302700000001,107.02692200000001
JPO Tanpa Nama,-6.14768615,106.68737025
JPO Tanpa Nama,-6.27761465,106.66624935
JPO Tanpa Nama,-6.1348321,106.69482435
JPO Tanpa Nama,-6.134870899999999,106.69482909999999
JPO Tanpa Nama,-6.1971339,106.61697649999999
JPO Tanpa Nama,-6.1971345499999995,106.6157296
Jalan Transyogi,-6.372112733894278,106.89632220575133
JPO Tanpa Nama,-6.123191500000001,106.6133856
JPO Tanpa Nama,-6.0355945,106.61172914999999
JPO Tanpa Nama,-6.03651805,106.60893075
Merak Raya,-6.2688349,106.7351878
JPO Tanpa Nama,-6.1235461,106.63398480000001
JPO Tanpa Nama,-6.12185155,106.63405195
Jalan Rawa Simprug IX,-6.2311057000000005,106.78354185
JPO Tanpa Nama,-6.07136835,106.6341242
JPO Tanpa Nama,-6.066481400000001,106.63193689999999
JPO Tanpa Nama,-6.066008,106.63190739999999
JPO Tanpa Nama,-6.06666345,106.6319885
JPO Tanpa Nama,-6.07746225,106.6350273
JPO Tanpa Nama,-6.31436525,106.67639525
JPO Tanpa Nama,-6.23261175,106.79052365
JPO Tanpa Nama,-6.23306685,106.64260064999999
JPO Tanpa Nama,-6.213225899999999,107.05031765000001
Jalan Penunggangan,-6.2151894,106.6214726
JPO Tanpa Nama,-6.2169697500000005,106.65040590000001
Jalan Hartono Raya,-6.1992531500000005,106.63780150000001
Jalan Hartono Raya,-6.1991972,106.63786669999999
JPO Tanpa Nama,-6.37126810641252,106.89519406617089
JPO Tanpa Nama,-6.379583451233744,106.89344130572431
JPO Tanpa Nama,-6.129187099999999,106.96552919999999
JPO Tanpa Nama,-6.357639600000001,106.71159715
JPO Tanpa Nama,-6.1459124,106.97180795
JPO Tanpa Nama,-6.26526295,106.60638055000001
JPO Tanpa Nama,-6.2690966,106.608894
JPO Tanpa Nama,-6.357818786632601,106.7310349251797
Jalan Kyai Haji Noer Alie,-6.197062699999999,107.02794685
JPO Tanpa Nama,-6.19311875,107.03732575000001
JPO Tanpa Nama,-6.0751017,106.63492755
JPO Tanpa Nama,-6.20912865,106.6064328
Jalan Lingkar Barat,-6.22602055,106.6502595
JPO Tanpa Nama,-6.12011255,106.86383964999999
JPO Tanpa Nama,-6.2001250500000005,106.63518170000002
Gang Tongkol,-6.09011305,106.724153
JPO Tanpa Nama,-6.38872125,106.90216945
JPO Tanpa Nama,-6.38871145,106.902263
JPO Tanpa Nama,-6.392037350000001,106.88659419999999
Jalan Ciremai Raya,-6.39204385,106.88628365000001
Jalan Flamboyan,-6.169216049999999,106.90746860000002
Jalan Giring Giring,-6.169348299999999,106.90738855
Jalan Marambak,-6.1670514,106.9087183
Jalan Kaparinyo,-6.166724349999999,106.90889485
Jalan Gading Mas,-6.1666549999999996,106.90894399999998
Jalan Bulevar Utara Kelapa Gading,-6.161225,106.9050117
Jalan Bulevar Utara Kelapa Gading,-6.16113025,106.9048474
Jalan Raya Gading Nirwana,-6.148440932095335,106.91300955565082
Jalan Raya Kelapa Hybrida,-6.14855215,106.91295715000001
Jalan Gading Asri VIII,-6.1484387554546664,106.91283756136635
Jalan Raya Kelapa Hybrida,-6.1483382776564675,106.91291620021576
Jalan Gading Asri VIII,-6.150723899999999,106.9133361
JPO Tanpa Nama,-6.1492568,106.9067683
JPO Tanpa Nama,-6.214248922761925,107.02901124143601
JPO Tanpa Nama,-6.1494885,106.9094428
Jalan Raya Janur Elok,-6.150400543991898,106.9084279485072
Jalan Raya Kelapa Nias,-6.153137650000001,106.906732
Jalan Raya Kelapa Nias,-6.1529278000000005,106.9068659
JPO Tanpa Nama,-6.153067749999999,106.9068764
JPO Tanpa Nama,-6.15298405,106.90674064999999
JPO Tanpa Nama,-6.1396178500000005,106.99596374999999
JPO Tanpa Nama,-6.181579599999999,107.0166534
JPO Tanpa Nama,-6.014669800000001,107.00757300000001
JPO Tanpa Nama,-6.2312075,107.00200165000001
JPO Tanpa Nama,-6.2312684,107.00205695
JPO Tanpa Nama,-6.2251072637625375,107.00106028996096
JPO Tanpa Nama,-6.379136,107.001915
JPO Tanpa Nama,-6.3793241,107.00016260000001
JPO Tanpa Nama,-6.3785248,106.99617695
JPO Tanpa Nama,-6.37853125,106.9961073
JPO Tanpa Nama,-6.3798542000000005,106.99476045
Jalan Kelapa Nias,-6.154325549999999,106.9091358
Jalan Bulevar Utara Kelapa Gading,-6.1544454,106.90922330000001
Jalan Bulevar Utara Kelapa Gading,-6.1544118999999995,106.90899365000001
JPO Tanpa Nama,-6.337180249999999,106.9403113
JPO Tanpa Nama,-6.33960495,106.93905405000001
JPO Tanpa Nama,-6.2213326,106.65982585
JPO Tanpa Nama,-6.2373557,107.0163872
JPO Tanpa Nama,-6.231390449999999,107.02136970000001
JPO Tanpa Nama,-6.2176886499999995,107.01401545
JPO Tanpa Nama,-6.21588645,107.01403379999999
JPO Tanpa Nama,-6.24332285,106.70763045
JPO Tanpa Nama,-6.22651415,107.02535590000001
Jalan KH. Agus Salim,-6.224178800000002,107.0238931
JPO Tanpa Nama,-6.230562932747025,107.02010066066268
JPO Tanpa Nama,-6.1362334,106.63320580000001
JPO Tanpa Nama,-6.1149663499999996,106.77421015
JPO Tanpa Nama,-6.3837285,106.98544534999999
JPO Tanpa Nama,-6.2906004,107.0448928
JPO Tanpa Nama,-6.393826949999999,106.94663775000001
JPO Tanpa Nama,-6.392736599999999,106.9501032
JPO Tanpa Nama,-6.236045000000001,107.03952035
JPO Tanpa Nama,-6.235489799999999,107.03982959999999
JPO Tanpa Nama,-6.233839250000002,107.04046485
Jalan Al Munawwaroh 1,-6.1897424,107.02446925
Jalan Bumi Mas Utama,-6.189755150000001,107.02550335000001
JPO Tanpa Nama,-6.1771519999999995,107.024601
JPO Tanpa Nama,-6.191664599999999,107.00616905
JPO Tanpa Nama,-6.191080299999999,107.0061845
JPO Tanpa Nama,-6.17272895,107.01628575000001
JPO Tanpa Nama,-6.1724756,107.0145738
JPO Tanpa Nama,-6.18556495,107.01918295
Jalan Pondok Pesantren,-6.1870404,107.0196465
JPO Tanpa Nama,-6.220489850000001,106.98280825
Jalan Pintu Air Raya,-6.23288806682767,106.99945747925709
Jalan Melati 12,-6.224609,106.98285135
JPO Tanpa Nama,-6.2912966,106.96566469999998
JPO Tanpa Nama,-6.234805100000001,106.99710585
JPO Tanpa Nama,-6.18945885,107.02292265
Gang Al. Hijrah 2,-6.189502600000002,107.02317314999999
JPO Tanpa Nama,-6.18961685,107.0237625
JPO Tanpa Nama,-6.1895526499999995,107.02345224999999
JPO Tanpa Nama,-6.2590219000000005,106.69929024999999
Jalan Apel,-6.256025900000001,106.676816
JPO Tanpa Nama,-6.0309315,106.69651095
JPO Tanpa Nama,-6.2556998,106.70161089999999
JPO Tanpa Nama,-6.2556692,106.70164445
Jalan Raya Bandara,-6.120910582274094,106.66363162310687
Gang Baaburoyani,-6.360914299999999,106.8736884
Gang Al. Hijrah 1,-6.18932665,107.02214935000002
Jalan Raya Ujung Harapan,-6.1902231,107.0167477
JPO Tanpa Nama,-6.1087133,106.647255
JPO Tanpa Nama,-6.075101500000001,106.6451786
JPO Tanpa Nama,-6.07975935,106.65702575000002
JPO Tanpa Nama,-6.079462100000001,106.65696975
JPO Tanpa Nama,-6.0706589,106.659224
JPO Tanpa Nama,-6.09347295,106.65590904999999
JPO Tanpa Nama,-6.09138365,106.65767265
JPO Tanpa Nama,-6.3199348,106.80761965
JPO Tanpa Nama,-6.1783518,107.0021764
JPO Tanpa Nama,-6.1722870499999996,106.99980185000001
Jalan Lingkar Utara,-6.207362,107.0180296
Jalan Lingkar Utara,-6.2091803500000005,107.02401495
JPO Tanpa Nama,-6.307845,106.7142849
JPO Tanpa Nama,-6.327962400000001,106.951655
JPO Tanpa Nama,-6.16931035,106.6362498
JPO Tanpa Nama,-6.1687419000000006,106.6365181
JPO Tanpa Nama,-6.333488127293991,107.04704821433202
JPO Tanpa Nama,-6.1825154,106.9926499
JPO Tanpa Nama,-6.2036882991206435,107.00564995007794
Jalan Alinda Rayn,-6.2034883999999995,107.0056473
JPO Tanpa Nama,-6.193932500000001,107.00607415
JPO Tanpa Nama,-6.21087655,107.00526415
JPO Tanpa Nama,-6.20968755,107.02591985000001
JPO Tanpa Nama,-6.20583555,107.010528
JPO Tanpa Nama,-6.19873635,107.0058437
Jalan Pluit Permai,-6.115792248433196,106.79207856852331
JPO Tanpa Nama,-6.3232466,106.711282
Jalan Tol Pelabuhan,-6.132147245491584,106.79801714148884
JPO Tanpa Nama,-6.3514536,106.73767434999999
JPO Tanpa Nama,-6.1753217,106.620803
Jalan Jembatan Dua Timur,-6.13726035,106.79285995
Jalan Suprijadi,-6.305584,106.88422405
JPO Tanpa Nama,-6.219599276816297,107.05273359591591
JPO Tanpa Nama,-6.22017125,107.0511842
JPO Tanpa Nama,-6.20851895,107.02042265
JPO Tanpa Nama,-6.319266499999999,106.7111575
Jalan Widya Kencana,-6.323865650000001,106.69100850000001
Jalan Kelurahan Ciater,-6.323736650000001,106.6910327
JPO Tanpa Nama,-6.323445100000001,107.05170985000001
JPO Tanpa Nama,-6.32414905,107.0525505
Jalan Gading Asri VIII,-6.1548964,106.9138672
JPO Tanpa Nama,-6.206128350000001,107.0119383
JPO Tanpa Nama,-6.206209399999999,107.01278214999999
JPO Tanpa Nama,-6.2138566,107.03945645
JPO Tanpa Nama,-6.213734726850654,107.03953033270622
JPO Tanpa Nama,-6.1936462500000005,107.01181485000001
Gang Manggis Dalam 1,-6.323745799999999,106.8084594
Gang Permata VI,-6.1800479,106.85178345
Jalan Tol Bekasi–Cawang–Kampung Melayu,-6.248926269773257,106.96791764280216
JPO Tanpa Nama,-6.22382815,106.9986338
JPO Tanpa Nama,-6.2238719,106.9985863
JPO Tanpa Nama,-6.1600839,107.0385517
JPO Tanpa Nama,-6.173989701274086,106.93527280095094
JPO Tanpa Nama,-6.28919,106.94950805
JPO Tanpa Nama,-6.1632975000000005,107.0447128
JPO Tanpa Nama,-6.2174443,107.0032611
JPO Tanpa Nama,-6.1884173,107.037588
Jalan Manggis,-6.32521755,106.80413485
JPO Tanpa Nama,-6.206540607036682,107.01208142046205
JPO Tanpa Nama,-6.2027909,107.0183084
Jalan Muara Angke Raya,-6.1100619,106.7744509
JPO Tanpa Nama,-6.207676304977811,107.03109334106014
JPO Tanpa Nama,-6.206510950000001,106.89700834999998
JPO Tanpa Nama,-6.210185,106.89702750000001
JPO Tanpa Nama,-6.378991517859958,106.96683827837155
Gang Riun,-6.391280949999999,106.79465400000001
JPO Tanpa Nama,-6.39148335,106.79467375
JPO Tanpa Nama,-6.38570295,106.7962329
JPO Tanpa Nama,-6.286680850000001,106.80898260000001
JPO Tanpa Nama,-6.1948352,106.81897864999999
Jalan Cereme,-6.2825866,106.79776465
JPO Tanpa Nama,-6.137893099999999,106.91685385
JPO Tanpa Nama,-6.13707095,106.9172488
JPO Tanpa Nama,-6.2720293,106.90345504999999
gang. Ogut,-6.281336243787861,106.91104830241296
JPO Tanpa Nama,-6.1160795,107.01176715
JPO Tanpa Nama,-6.09120955,106.99491330000001
JPO Tanpa Nama,-6.1818344,106.87859965000001
JPO Tanpa Nama,-6.186024618215165,106.88439587612723
JPO Tanpa Nama,-6.18867245,106.87567809999999
JPO Tanpa Nama,-6.190080799771564,106.8826310611512
Gang Jaya,-6.29920625,106.80497095
Jalan Salam I,-6.3227021,106.85926675
JPO Tanpa Nama,-6.10887365,106.9875245
Jalan Poncol,-6.1062057,106.97870225
JPO Tanpa Nama,-6.11159295,106.97134089999999
JPO Tanpa Nama,-6.116255499999999,107.00542580000001
JPO Tanpa Nama,-6.113124151739283,107.01053694375248
Jalan Raya Buni Bakti,-6.0946009,107.0409898
Jalan Haji Nipan,-6.3643087000000005,106.85898895
JPO Tanpa Nama,-6.3635043499999995,106.8589436
JPO Tanpa Nama,-6.366483550000001,106.8594841
JPO Tanpa Nama,-6.372624600000001,106.8622843
JPO Tanpa Nama,-6.3774808,106.86370604999999
Jalan Radio II,-6.3919459,106.865388
JPO Tanpa Nama,-6.1837158,106.90485845
JPO Tanpa Nama,-6.183777149999999,106.90468075000001
JPO Tanpa Nama,-6.1837392,106.9047889
JPO Tanpa Nama,-6.20343765,106.93151929999999
JPO Tanpa Nama,-6.2039533,106.93531845000001
JPO Tanpa Nama,-6.311383923219322,106.84566738389262
JPO Tanpa Nama,-6.31332722128394,106.83767484334082
JPO Tanpa Nama,-6.2222086999999995,106.9419239
JPO Tanpa Nama,-6.3750304500000015,106.85238915
JPO Tanpa Nama,-6.375064699999999,106.85244105
JPO Tanpa Nama,-6.37505025,106.8524194
JPO Tanpa Nama,-6.330820163820595,106.82682488202883
JPO Tanpa Nama,-6.3891909,106.8100593
JPO Tanpa Nama,-6.260598399999999,106.94224205
JPO Tanpa Nama,-6.2601134,106.8745633
Gang Haji Namun,-6.319224816684443,106.81622767508833
JPO Tanpa Nama,-6.2303213500000005,106.88678469999999
Jalan Sentosa 1,-6.35332895,106.87107005
Jalan Kamboja,-6.307866150000001,106.7883595
JPO Tanpa Nama,-6.295400482008952,106.83347979843529
JPO Tanpa Nama,-6.3009536,106.84895639999999
JPO Tanpa Nama,-6.29212865,106.84580145000001
JPO Tanpa Nama,-6.29388525,106.84942595
JPO Tanpa Nama,-6.223680116348741,107.00431473312914
JPO Tanpa Nama,-6.23193195,107.00099779999998
JPO Tanpa Nama,-6.3321052,106.9078009
JPO Tanpa Nama,-6.182898877153021,106.85223648614885
JPO Tanpa Nama,-6.174976462773268,106.985748090085
JPO Tanpa Nama,-6.329152281293677,106.60574420644508
Jalan Haji Ramdani,-6.3507867000000005,106.81239825
JPO Tanpa Nama,-6.17049115,107.0254163
JPO Tanpa Nama,-6.1602638,107.01236595
JPO Tanpa Nama,-6.1723815,107.0425234
Jalan Al Mutha Harun,-6.294714799999999,106.92044265000001
Jalan Abah Rimun,-6.302740999999999,106.92950680000001
JPO Tanpa Nama,-6.33355174368754,106.721504646113
JPO Tanpa Nama,-6.01248215,107.0126738
JPO Tanpa Nama,-6.1763202,107.01256775
JPO Tanpa Nama,-6.1948627,107.0116948
JPO Tanpa Nama,-6.1949074,107.01151005
JPO Tanpa Nama,-6.345462547465436,106.72338066040432
JPO Tanpa Nama,-6.341128276522933,106.74096284157407
JPO Tanpa Nama,-6.195261800000001,107.0153506
JPO Tanpa Nama,-6.34220695,106.74277345000002
JPO Tanpa Nama,-6.3421971,106.74279345
JPO Tanpa Nama,-6.3422171,106.74275185
JPO Tanpa Nama,-6.1038767499999995,106.66432925000001
JPO Tanpa Nama,-6.2909963,106.91754620000002
JPO Tanpa Nama,-6.32995545054362,106.76306871794407
JPO Tanpa Nama,-6.244172606234287,106.6509349985642
JPO Tanpa Nama,-6.2906796,106.78504325
JPO Tanpa Nama,-6.299310868226402,106.78534831895094
JPO Tanpa Nama,-6.38950925,106.6590038
JPO Tanpa Nama,-6.2740828,106.76623185
JPO Tanpa Nama,-6.18542945,106.96482714999999
JPO Tanpa Nama,-6.060227800000001,107.01845664999998
JPO Tanpa Nama,-6.0722401999999995,107.02305069999998
JPO Tanpa Nama,-6.2135209499999995,106.98392384999998
JPO Tanpa Nama,-6.327283356329377,107.01028994672193
JPO Tanpa Nama,-6.32716215,107.01002835
JPO Tanpa Nama,-6.234540900000001,106.97931295000001
JPO Tanpa Nama,-6.2342399,106.9793704
JPO Tanpa Nama,-6.1072203,106.64251390000001
JPO Tanpa Nama,-6.2065509,106.95157265
Jalan Sungai Bambu IV,-6.1280602,106.8861762
JPO Tanpa Nama,-6.245217994923293,106.90231833646
JPO Tanpa Nama,-6.244965000000001,106.9024096
JPO Tanpa Nama,-6.3833347499999995,107.01311055
JPO Tanpa Nama,-6.247277499999999,106.90995720000001
JPO Tanpa Nama,-6.2514458,106.91853055
Jembatan Baruyungan,-6.085123718989231,106.72587396752046
JPO Tanpa Nama,-6.20174015,107.0341223
JPO Tanpa Nama,-6.2034673,107.03330129999999
JPO Tanpa Nama,-6.211472950663139,107.0404022821846
Gang Mawar V A,-6.12960425,106.84428
Jalan Narogong Sakti Raya,-6.281222800000001,107.00635615
Jalan Narogong Asri,-6.2810785,107.00639774999999
Jalan Narogong Elok VIII,-6.27864765,107.0069523
Jalan Haji Milun,-6.27618,107.00797955
JPO Tanpa Nama,-6.27466635,107.0085449
JPO Tanpa Nama,-6.274671400000001,107.00858769999999
JPO Tanpa Nama,-6.27395175,107.0085936
JPO Tanpa Nama,-6.2739518499999996,107.00864949999999
Jalan Narogong Jaya,-6.273204939551569,107.0086226630623
JPO Tanpa Nama,-6.221513850000001,106.98251669999999
Jalan Sarikaya,-6.2277175,106.98030185000002
Jalan Fajar Niaga Teratai,-6.235393200000001,106.97617045
JPO Tanpa Nama,-6.22955285,106.66661350000001
Jalan Abdul Wahab,-6.3686676,106.74972819999999
Jalan Rasuna Said,-6.21653285,106.67082095000002
JPO Tanpa Nama,-6.169105667481154,106.68567519729866
Permai Tengah 2,-6.26137355,106.72358320000001
JPO Tanpa Nama,-6.261010400000001,106.72356825
JPO Tanpa Nama,-6.2610147000000005,106.72353485
JPO Tanpa Nama,-6.2610185000000005,106.723505
JPO Tanpa Nama,-6.29100895,107.02678775
JPO Tanpa Nama,-6.2930857,107.02617445
JPO Tanpa Nama,-6.293135199999999,107.02636724999999
JPO Tanpa Nama,-6.26218777095764,106.81382268736708
Jalan Raya Pondok Kelapa Selatan,-6.2494071,106.93560625
JPO Tanpa Nama,-6.2303163,107.00299330000001
JPO Tanpa Nama,-6.23115375,107.001953
JPO Tanpa Nama,-6.2315743999999995,107.00152700000001
JPO Tanpa Nama,-6.23436075,106.99772534999998
JPO Tanpa Nama,-6.2342282,106.9976091
JPO Tanpa Nama,-6.23429325,106.99766585
JPO Tanpa Nama,-6.20349615,106.89435040000001
Jalan Layang Sheikh Mohammed bin Zayed,-6.282777845952759,107.06631387868397
JPO Tanpa Nama,-6.26967645,107.0093143
JPO Tanpa Nama,-6.26285835,107.02325640000001
JPO Tanpa Nama,-6.1320573,106.6861826
JPO Tanpa Nama,-6.0258604,106.612754
JPO Tanpa Nama,-6.025722549999999,106.6127287
JPO Tanpa Nama,-6.1488255,106.79703285
JPO Tanpa Nama,-6.10878955,106.6482535
JPO Tanpa Nama,-6.1087736,106.64792375
JPO Tanpa Nama,-6.114929,106.77428975000001
Jalan Tol Lingkar Dalam Jakarta,-6.235541033698362,106.87727641801612
Jalan Teluk Gong Raya,-6.137720299999999,106.78749015000001
Jalan Makam,-6.392997899999999,106.76364455000001
Jalan Salawati,-6.2751409,106.92198905000001
Jalan Bontang,-6.27467895,106.92216744999999
Jalan Klamono,-6.273889949999999,106.92250585
Jalan Raya Pasar Kecapi,-6.2990447,106.92858465
Jalan Melati Raya,-6.3050942,106.92563204999999
Jalan BDN,-6.28077125,106.9146315
JPO Tanpa Nama,-6.2859051,106.9156797
Jalan Swadaya I,-6.2802238,106.91449305
Jalan Chandrabaga,-6.248934744226207,106.9785723380701
Jalan Chandrabaga,-6.248936247454397,106.97849754437563
JPO Tanpa Nama,-6.32672695,106.95020135
JPO Tanpa Nama,-6.3268316,106.95112975
JPO Tanpa Nama,-6.3260400500000005,106.9548298
JPO Tanpa Nama,-6.393091261692482,106.84993423309466
JPO Tanpa Nama,-6.36323453547116,106.70462274985091
JPO Tanpa Nama,-6.363424021275693,106.70497405148889
JPO Tanpa Nama,-6.363954295668066,106.70453450860693
JPO Tanpa Nama,-6.363652542443648,106.70482564592199
JPO Tanpa Nama,-6.3069391,106.95966559999998
Jalan Pluit Karang Selatan,-6.125305199999999,106.7839482
JPO Tanpa Nama,-6.17703125,106.88743885
JPO Tanpa Nama,-6.17629725,106.88780405
Jalan Siliwangi Raya,-6.2971622499999995,106.9362412
Jalan Pegangsaan Dua,-6.1548273,106.91617165
Jalan Elang Prima III,-6.30829625,106.8443625
JPO Tanpa Nama,-6.360299100000001,106.79141465000001
JPO Tanpa Nama,-6.2669384,106.8445667
JPO Tanpa Nama,-6.2611709499999995,106.95640174999998
JPO Tanpa Nama,-6.2496221,106.96018140000001
JPO Tanpa Nama,-6.1796109,106.89570460000002
JPO Tanpa Nama,-6.179750950000001,106.89564825
Jalan Raya Kayu Putih,-6.178456545623967,106.8928249919395
JPO Tanpa Nama,-6.335487571372154,106.82258733809034
JPO Tanpa Nama,-6.335352847577604,106.82289412316278
JPO Tanpa Nama,-6.3356679499999995,106.82265799999999
JPO Tanpa Nama,-6.344504799999999,106.8548434
JPO Tanpa Nama,-6.3391144,106.84673855
JPO Tanpa Nama,-6.182313199999999,106.95386649999999
JPO Tanpa Nama,-6.18184575,106.95405149999998
JPO Tanpa Nama,-6.1813645500000005,106.95425835
JPO Tanpa Nama,-6.18090605,106.9543971
JPO Tanpa Nama,-6.179667,106.9539278
JPO Tanpa Nama,-6.17958755,106.95510494999999
Transjakarta Busway Koridor 2,-6.170960596211059,106.86533364819707
JPO Tanpa Nama,-6.18352365,106.95934915000001
Skybridge LRT Velodrome Halte Pemuda,-6.193217212851267,106.89170640963279
Transjakarta Busway Koridor 9,-6.14938275,106.7942645
JPO Tanpa Nama,-6.3807290719350345,106.86660782829622
Jalan Ry Suka Tani,-6.11934795,106.7177644
Transjakarta Busway Koridor 13,-6.241851047588776,106.79077741864356
JPO Tanpa Nama,-6.191828441268176,106.92262647155903
Jalan Al Wathoniyah,-6.193028,106.9391278
Gang Haji Musa,-6.186037949999999,106.71748375
Komplek Griya Permata,-6.1872647999999995,106.7150617
Komplek Griya Permata,-6.1872367,106.715124
Jalan Bulevar Raya,-6.1420324,106.911772
JPO Tanpa Nama,-6.1883134,106.71299785
JPO Tanpa Nama,-6.18821485,106.71260535000002
Jalan K. Haji Ahmad Dahlan,-6.18791355,106.71122969999999
Jalan K. Haji Ahmad Dahlan,-6.194299750000001,106.70283845
JPO Tanpa Nama,-6.30005615,106.92886515000001
Jalur Kereta Api Tanah Abang–Merak,-6.2882517,106.72967055
Jalur Kereta Api Tanah Abang–Merak,-6.2882102,106.7296432
JPO Tanpa Nama,-6.300553455519369,106.64799425287622
JPO Tanpa Nama,-6.301040488118989,106.64789427375432
JPO Tanpa Nama,-6.300894820675434,106.64773294909024
JPO Tanpa Nama,-6.3008429593127415,106.6473616794179
JPO Tanpa Nama,-6.300312437725215,106.64553023470667
JPO Tanpa Nama,-6.339079251728665,106.78581809370226
JPO Tanpa Nama,-6.249448433143932,106.80842960978359
JPO Tanpa Nama,-6.211394350004551,106.8779465996549
JPO Tanpa Nama,-6.381194,106.89166900000001
JPO Tanpa Nama,-6.2087629,106.89434305
JPO Tanpa Nama,-6.347822829276898,106.81638642760122
Jalan Radio II,-6.39565945,106.85789754999999
JPO Tanpa Nama,-6.2959761499999995,106.9068979
Gang Kecil,-6.25039855,106.8525202
JPO Tanpa Nama,-6.386443237015399,106.79143739004385
JPO Tanpa Nama,-6.38940485,106.8061692
Jalan Bhakti,-6.30716435,106.80832224999999
JPO Tanpa Nama,-6.3843429,106.79081919999999
JPO Tanpa Nama,-6.3855401,106.79114875
JPO Tanpa Nama,-6.3857763,106.79117395
JPO Tanpa Nama,-6.390479,106.79449685
JPO Tanpa Nama,-6.3906003,106.79454475
JPO Tanpa Nama,-6.39086055,106.79459274999999
JPO Tanpa Nama,-6.3943923499999995,106.7949689
JPO Tanpa Nama,-6.394269749999999,106.79495685
JPO Tanpa Nama,-6.3939029,106.7949367
JPO Tanpa Nama,-6.3934144,106.79490519999999
JPO Tanpa Nama,-6.392646750000001,106.79481875
JPO Tanpa Nama,-6.392501149999999,106.7947939
JPO Tanpa Nama,-6.39236255,106.79478145
JPO Tanpa Nama,-6.3922412500000005,106.79476205
JPO Tanpa Nama,-6.3921137,106.79475065
JPO Tanpa Nama,-6.3917908,106.7946994
JPO Tanpa Nama,-6.38923685,106.7899629
JPO Tanpa Nama,-6.38858665,106.7891202
JPO Tanpa Nama,-6.3927402,106.86501774999999
JPO Tanpa Nama,-6.29309015,106.87205695000002
JPO Tanpa Nama,-6.249136947092373,106.93532277790192
JPO Tanpa Nama,-6.2492506,106.93590284999999
Transjakarta Busway Koridor 9,-6.203311195670274,106.80033095624863
Jalan Haji Darip,-6.213950318235574,106.88753644533114
JPO Tanpa Nama,-6.21792915,106.87719200000001
JPO Tanpa Nama,-6.193608531481357,106.84903213276057
Jalan H. Kenan,-6.384349799999999,106.75256780000001
JPO Tanpa Nama,-6.3830098500000005,106.7423915
Jalan Jinan II,-6.34293365,106.91344344999999
JPO Tanpa Nama,-6.2874661,106.8447372
JPO Tanpa Nama,-6.247101349999999,106.83700615000001
JPO Tanpa Nama,-6.3451652,106.81574764999999
JPO Tanpa Nama,-6.34372325,106.8169431
JPO Tanpa Nama,-6.111279266109722,106.68843414340799
JPO Tanpa Nama,-6.1121011224364645,106.68769869245011
JPO Tanpa Nama,-6.114348041631083,106.68794849469904
JPO Tanpa Nama,-6.114312023859563,106.68807662172546
JPO Tanpa Nama,-6.112657937000239,106.68755622196983
JPO Tanpa Nama,-6.113024744195224,106.68762106507837
JPO Tanpa Nama,-6.256385914700334,106.98058296517088
Jalan Ketapang Raya,-6.257942126846608,106.98064982405768
Jalan Sedap Malam,-6.255453487120649,106.97891163421629
Jalan Tol Bekasi–Cawang–Kampung Melayu,-6.239880886039289,106.88420986519617
JPO Tanpa Nama,-6.224954092972335,106.87529756826959
Transjakarta Busway Koridor 9,-6.2432745,106.86252504999999
Transjakarta Busway Koridor 9,-6.226179821637451,106.8172126258954
Transjakarta Busway Koridor 9,-6.2429705,106.86256915
Jalan Tol Jakarta–Bogor–Ciawi,-6.33165445,106.88748720000001
JPO Tanpa Nama,-6.12052725,106.70879690000001
JPO Tanpa Nama,-6.182263900000001,106.79697974999999
Tol Dalam Kota Jakarta,-6.1825799827556684,106.79689217580571
Tol Dalam Kota Jakarta,-6.180363646439151,106.79643185308906
Transjakarta Busway,-6.16568395,106.81051835
JPO Tanpa Nama,-6.2243166,106.90462539999999
JPO Tanpa Nama,-6.229261359488862,106.9125146808731
Jalan Agung Timur 1,-6.14247655,106.87721525
Jalan Haji Ali Jaya,-6.19860675,106.66514729999999
Jalan Bambu Duri I,-6.230510300000001,106.90191254999999
JPO Tanpa Nama,-6.1586282,106.72774469999999
"Transjakarta Busway Koridor 3, 8",-6.1710487,106.81098705000001
JPO Tanpa Nama,-6.1845291,106.95401025
Jalan Tol Lingkar Luar Jakarta,-6.1321047,106.73012270000001
Jalan Tol Lingkar Luar Jakarta,-6.1320908,106.73022795
JPO Tanpa Nama,-6.1780626000000005,106.95389184999999
JPO Tanpa Nama,-6.215348067649444,106.95200906891922
JPO Tanpa Nama,-6.183509150000001,106.95856490000001
JPO Tanpa Nama,-6.12644535,106.88379520000001
JPO Tanpa Nama,-6.2245912,106.87496254999999
JPO Tanpa Nama,-6.15339045,106.91880735
Jalan Pangkalan V,-6.35004555,106.99428955
Jalan Tol Insinyur Wiyoto Wiyono,-6.191894047810484,106.87468494821059
Jalan Tol Insinyur Wiyoto Wiyono,-6.211110355556699,106.87397293704247
JPO Tanpa Nama,-6.115303750000001,106.7132802
Jalan Lengkong Gudang Timur Raya,-6.2929153,106.69403825
JPO Tanpa Nama,-6.299443999999999,106.698292
Jalan Tol Kunciran–Serpong,-6.22356661865697,106.67214058930622
Jalan Tol Kunciran–Serpong,-6.223785529898655,106.67212194965893
JPO Tanpa Nama,-6.2178044,106.6670458
Jalan Tol Cengkareng–Batuceper–Kunciran,-6.21780845,106.667192
Jalan Tol Kunciran–Serpong,-6.21772625,106.66733780000001
Jalan Tol Kunciran–Serpong,-6.231145203922407,106.6735611007272
Jalan Tol Kunciran–Serpong,-6.231277217189919,106.67369129751978
Jalan Tol Kunciran–Serpong,-6.2429086564409095,106.66801214940938
Jalan Tol Kunciran–Serpong,-6.24297041533783,106.66815676760848
Jalan Tol Kunciran–Serpong,-6.2625709,106.67680589999999
Jalan Tol Kunciran–Serpong,-6.2625125,106.67695130000001
Jalan Pondok Jagung Timur,-6.25405875,106.67084885
JPO Tanpa Nama,-6.24862525,106.66643485
Jalan Pondok Jagung,-6.2513860999999995,106.6682502
Jalan Tol Cengkareng–Batuceper–Kunciran,-6.15502045,106.66084914999999
Jalan Tol Cengkareng–Batuceper–Kunciran,-6.1550005500000005,106.66100854999999
Jalan Tol Cengkareng–Batuceper–Kunciran,-6.164518640858576,106.65520680950303
Jalan Tol Cengkareng–Batuceper–Kunciran,-6.164565810053843,106.65534711673918
Jalan Tol Cengkareng–Batuceper–Kunciran,-6.149092100000001,106.6609528
Jalan Tol Cengkareng–Batuceper–Kunciran,-6.149020849999999,106.660803
Jalan Tol Cengkareng–Batuceper–Kunciran,-6.185356892570392,106.65182622330515
Jalan Tol Cengkareng–Batuceper–Kunciran,-6.185336186434814,106.65168138748626
Jalan Tol Cengkareng–Batuceper–Kunciran,-6.206850954506168,106.65672595205228
Jalan Tol Cengkareng–Batuceper–Kunciran,-6.200928149999999,106.6550137
Jalan Tol Cengkareng–Batuceper–Kunciran,-6.200942550000001,106.65485640000001
Jalan Tol Cengkareng–Batuceper–Kunciran,-6.206936780529806,106.65658461992436
JPO Tanpa Nama,-6.128543227316344,106.65255101161017
JPO Tanpa Nama,-6.128768501370542,106.65213687562826
JPO Tanpa Nama,-6.128724478818401,106.65203105675101
JPO Tanpa Nama,-6.128670818834436,106.65187995854805
JPO Tanpa Nama,-6.128726145373376,106.65235728191848
JPO Tanpa Nama,-6.128689699976522,106.65174448490099
JPO Tanpa Nama,-6.128848585152911,106.65217049315902
JPO Tanpa Nama,-6.128630939516344,106.6523001529985
Kalayang Bandar Udara,-6.129106336871726,106.65367469665479
Kalayang Bandar Udara,-6.1296790556739476,106.65389942417765
JPO Tanpa Nama,-6.128547076628145,106.65259562107187
Jalur Kereta Api Bandara Soekarno-Hatta,-6.1486075499999995,106.66016690000001
Jalur Kereta Api Bandara Soekarno-Hatta,-6.14861705,106.6601194
Jalur Kereta Api Bandara Soekarno-Hatta,-6.1547692000000005,106.66024809999999
Jalur Kereta Api Bandara Soekarno-Hatta,-6.154772550000001,106.66029405000002
Jalur Kereta Api Bandara Soekarno-Hatta,-6.161433049999999,106.6572187
Jalur Kereta Api Bandara Soekarno-Hatta,-6.1614057,106.65718565
Jalur Kereta Api Bandara Soekarno-Hatta,-6.1634767,106.655022
Jalur Kereta Api Bandara Soekarno-Hatta,-6.163430549999999,106.65501384999999
Jalur Kereta Api Bandara Soekarno-Hatta,-6.1649116,106.65344225
Jalur Kereta Api Bandara Soekarno-Hatta,-6.16490475,106.65351855
JPO Tanpa Nama,-6.12258745,106.63400955
JPO Tanpa Nama,-6.12283515,106.63354050000001
Kalayang Bandar Udara,-6.1207643160085885,106.66323220713284
Kalayang Bandar Udara,-6.121103011728732,106.66258010915152
Jalan Inspeksi Kalimalang,-6.267673,107.03663785
JPO Tanpa Nama,-6.2679494,107.0364703
JPO Tanpa Nama,-6.2340359,106.8077222
JPO Tanpa Nama,-6.1844263,106.797209
JPO Tanpa Nama,-6.1845155,106.79718525000003
JPO Tanpa Nama,-6.1851628000000005,106.7966867
JPO Tanpa Nama,-6.175307,106.79267125000001
JPO Tanpa Nama,-6.175702424556584,106.7931414227704
JPO Tanpa Nama,-6.17637985,106.7929089
Jalan Danau Permai Timur 3,-6.149486,106.87935605000001
Jalan Pasar Baru,-6.165708058116474,106.83476068313188
Jalan Menteng Sukabumi,-6.206062151264825,106.84234204313468
JPO Tanpa Nama,-6.1939424,106.79704785
JPO Tanpa Nama,-6.193754799999999,106.79699325000001
JPO Tanpa Nama,-6.193423500000001,106.7970138
JPO Tanpa Nama,-6.194079849999999,106.79753925
Jalan Jembatan Kenari II,-6.1935088,106.84398034999998
Jalan Jembatan Kenari II,-6.193416100000001,106.84391679999997
JPO Tanpa Nama,-6.320006586656746,106.80717597326174
JPO Tanpa Nama,-6.223303014260777,106.6496360437576
JPO Tanpa Nama,-6.19015805,106.79687665
JPO Tanpa Nama,-6.2451624,106.8045296
Gang Haji D. Jabar,-6.300941500000001,106.87073605000002
Jembatan RSCM,-6.1971024,106.84541625
JPO Tanpa Nama,-6.21652875,107.00351615
JPO Tanpa Nama,-6.16738555,106.82662995000001
JPO Tanpa Nama,-6.13214755,106.91954175
JPO Tanpa Nama,-6.3187042,106.7428182
Jalan Pademangan Timur III,-6.14261855,106.83995755000001
JPO Tanpa Nama,-6.1562760008201804,106.91589091147198
JPO Tanpa Nama,-6.156279236360195,106.91589195091676
JPO Tanpa Nama,-6.157864844595454,106.91548210616264
Jalan Kresna,-6.18377755,106.80993559999999
Jalan Cikepu,-6.178379079453727,106.63002311477214
Jalan Janur Hijau VIII,-6.16849645,106.89730589999999
Jalan Cipinang Elok Pertama,-6.21832325,106.8875289
JPO Tanpa Nama,-6.272385449999999,106.92496465
JPO Tanpa Nama,-6.203045149859972,106.93007698969531
JPO Tanpa Nama,-6.3037349,106.654562
JPO Tanpa Nama,-6.2018764,106.6547376
Jalan Beta 1,-6.1931994,106.60893820000001
JPO Tanpa Nama,-6.310071199872862,106.71561729524085
JPO Tanpa Nama,-6.3095673,106.67584654999999
Transjakarta Busway Koridor 9,-6.2429834500000005,106.8586272
JPO Tanpa Nama,-6.329564805403673,106.71244649524297
JPO Tanpa Nama,-6.2223524,106.6345361
JPO Tanpa Nama,-6.222725260498972,106.63492884276144
Jalan Pondok Jagung Timur,-6.257198990515784,106.67592484633667
Jalan Jelupang Raya,-6.2607039,106.67546485
JPO Tanpa Nama,-6.0965304499999995,106.63829279999999
Jalan Haji Salam,-6.3515467999999995,106.8120965
JPO Tanpa Nama,-6.193210643974937,106.8229864499528
JPO Tanpa Nama,-6.130088735090323,106.88930482755885
Jalan Tol Akses Tanjung Priok,-6.127991414244637,106.89373777015
Jalan Tol Lingkar Wiyoto Wiyono,-6.1588654,106.88367265
Jalan Tol Lingkar Wiyoto Wiyono,-6.147469549397357,106.8897553141302
Jalan Tol Lingkar Wiyoto Wiyono,-6.144316099999999,106.89054595
Jalan Tol Akses Tanjung Priok,-6.138284649554453,106.89178139072757
Jalan Tol Kunciran–Serpong,-6.2176744,106.66737660000001
JPO Tanpa Nama,-6.2369055499999995,106.99548305
JPO Tanpa Nama,-6.236970299999999,106.99556770000001
JPO Tanpa Nama,-6.2368422,106.99540015
JPO Tanpa Nama,-6.1174725500000005,106.67720045
JPO Tanpa Nama,-6.117797550000001,106.6763505
Jalan M. Husni Thamrin,-6.058982219867706,106.68749080630796
Jalan M. Husni Thamrin,-6.058964964107691,106.68762677920539
Jalan M. Husni Thamrin,-6.056559166220977,106.70794704927266
Jalan M. Husni Thamrin,-6.056609048180786,106.7078002234917
Jembatan Baruyungan,-6.0852121822482745,106.72582160196701
Jalan Jenderal Gatot Subroto,-6.058340485452499,106.69395028673647
JPO Tanpa Nama,-6.058344047280243,106.6937933920517
JPO Tanpa Nama,-6.20209715,106.8267267
Jalan Blok Kelpaka,-6.17674815,106.65310645
Jalan Oscar Raya,-6.3248292,106.7350591
Jalan Lapangan Tembak,-6.351172350000001,106.87846295
JPO Tanpa Nama,-6.2705423499999995,106.7344889
Jalan Pondok Jaya IX,-6.251723350000001,106.82387795
JPO Tanpa Nama,-6.1872506000000005,106.8001788
Tol Dalam Kota Jakarta,-6.179892944839737,106.79639436328425
Jalan Anggrek Garuda V,-6.19300705,106.79619345
Gang Bonsai,-6.3491827999999995,106.81911885000001
JPO Tanpa Nama,-6.18995535,106.97218315
JPO Tanpa Nama,-6.19038865,106.97254559999999
JPO Tanpa Nama,-6.191096249999998,106.97314835
JPO Tanpa Nama,-6.184264799999999,106.9621914
Jalan Slamet Riyadi,-6.21271165,106.85780335
JPO Tanpa Nama,-6.33163945,106.80008219999999
JPO Tanpa Nama,-6.3630362,106.8779759
JPO Tanpa Nama,-6.2019395,106.88851700000001
JPO Tanpa Nama,-6.2020167,106.88851905
Jalan Prima Bintara,-6.22759685,106.95634555000001
Jalan Prima Bintara,-6.2275333,106.95632775
JPO Tanpa Nama,-6.226203580972134,106.87366931001252
Simpang Susun Narogong,-6.377750366311796,106.97504873755912
Simpang Susun Narogong,-6.377795764772984,106.97497914719354
JPO Tanpa Nama,-6.350888514943809,107.02200035705738
Simpang Susun Burangkeng,-6.350926003843622,107.02193045669645
LRT Jabodebek,-6.245838481664212,106.87135865455069
LRT Jabodebek,-6.246013170305424,106.87128045020779
Jalan Laksamana RE Martadinata,-6.3418063,106.74980925
Jalan Laksamana RE Martadinata,-6.341772799999999,106.7497132
Jalan Tol Kunciran–Serpong,-6.302199875491918,106.70267478033603
JPO Tanpa Nama,-6.33662755,106.7447454
JPO Tanpa Nama,-6.337789119436811,106.7463478946597
JPO Tanpa Nama,-6.337582703913728,106.74580669380138
JPO Tanpa Nama,-6.337801759521359,106.7451972919701
JPO Tanpa Nama,-6.337717578134277,106.74474102244324
Jalan Tol Serpong–Cinere,-6.332202903820386,106.74169961454004
Jalan Tol Serpong–Cinere,-6.332346010942094,106.74161416822798
Jalan Tol Serpong–Cinere,-6.33683995,106.744535
Jalan Tol Serpong–Cinere,-6.336720700000001,106.74466565
Jalan Tol Serpong–Cinere,-6.3574905,106.76083715
Jalan Tol Serpong–Cinere,-6.3574452,106.76101955
Jalan Promoter,-6.29037115,106.68373265
Jalan Promoter,-6.2902992,106.6836495
JPO Tanpa Nama,-6.114276566184227,106.6882152770999
JPO Tanpa Nama,-6.1143829641438625,106.68783027139361
Jalan Tol Cengkareng–Batuceper–Kunciran,-6.1385566,106.6732219
Jalan Tol Cengkareng–Batuceper–Kunciran,-6.138469000000001,106.67292365
Jalan Tol Cengkareng–Batuceper–Kunciran,-6.13122675,106.68489439999999
Jalan Tol Cengkareng–Batuceper–Kunciran,-6.131285200000001,106.68503915
Jalan Tol Cengkareng–Batuceper–Kunciran,-6.1376294,106.67633044999998
Jalan Tol Cengkareng–Batuceper–Kunciran,-6.137784699999999,106.6763607
Jalan Jenderal Sudirman,-6.059831891424558,106.69920393040432
Jalan Jenderal Sudirman,-6.059772023590279,106.69894690101445
JPO Tanpa Nama,-6.093462022603786,106.73937913833967
Jalan Pejapi,-6.088797749253178,106.7405549978702
Jalan Tol Kamal–Balaraja,-6.10073322344267,106.72011738158955
Jalan Tol Kamal–Balaraja,-6.102408531793885,106.72245420934094
Jalan Tol Kamal–Balaraja,-6.102506112489117,106.7210262771169
Jalan Tol Kamal–Balaraja,-6.098440138563756,106.72058628679092
JPO Tanpa Nama,-6.168317099999999,106.92067649999998
JPO Tanpa Nama,-6.267233285804468,106.68845479162044
JPO Tanpa Nama,-6.267328605454142,106.68843671449774
JPO Tanpa Nama,-6.298815149999999,106.7066002
JPO Tanpa Nama,-6.30198465,106.7019304
JPO Tanpa Nama,-6.3022997499999995,106.70233594999999
JPO Tanpa Nama,-6.302396299999999,106.70241735
JPO Tanpa Nama,-6.301530053186924,106.70098581396024
JPO Tanpa Nama,-6.3044586,106.69874485
JPO Tanpa Nama,-6.3043463,106.6987129
JPO Tanpa Nama,-6.303165699999999,106.70305024999999
JPO Tanpa Nama,-6.303157431571075,106.70165665676603
JPO Tanpa Nama,-6.302066,106.70242535
Jalan Tol Serpong–Cinere,-6.3021303132459074,106.70282944024663
JPO Tanpa Nama,-6.2989397,106.70702345000001
JPO Tanpa Nama,-6.2990253,106.70720025
JPO Tanpa Nama,-6.30294423657561,106.70066697533971
JPO Tanpa Nama,-6.30113025,106.70017725
JPO Tanpa Nama,-6.3011799,106.70030875
JPO Tanpa Nama,-6.30393485,106.69858035
JPO Tanpa Nama,-6.30135285,106.70066845
JPO Tanpa Nama,-6.3020361000000005,106.70295239999999
JPO Tanpa Nama,-6.300877850662497,106.70417725398268
JPO Tanpa Nama,-6.28792315,106.69221755
Jalan Manunggal V,-6.275624199999999,106.68406659999998
Jalan Tol Kunciran–Serpong,-6.281419,106.6879127
Jalan Tol Kunciran–Serpong,-6.28151835,106.68776935
Jalan Tol Kunciran–Serpong,-6.2755477499999985,106.6842619
Jalan Tol Kunciran–Serpong,-6.27551845,106.6844416
JPO Tanpa Nama,-6.2511649,106.6127772
Jalan Haji Saun,-6.354341400000001,106.7892546
Jalan Tol Depok–Antasari,-6.344097748404187,106.79745144090406
Jalan Brigif Raya,-6.343678949999999,106.79896859999998
JPO Tanpa Nama,-6.3394293,106.7997349
Jalan Tol Depok–Antasari,-6.33929935,106.79957895
Jalan Tol Depok–Antasari,-6.3391687,106.7994636
JPO Tanpa Nama,-6.339058100000002,106.79935895
Jalan Brigif Raya,-6.343807249999999,106.79896139999998
JPO Tanpa Nama,-6.3746523,106.82822750000001
JPO Tanpa Nama,-6.374621250000001,106.8281326
Jalan Tol Cinere–Jagorawi,-6.3790033,106.84250895
JPO Tanpa Nama,-6.37914385,106.84242695
Jalan Tol Cinere–Jagorawi,-6.37885875,106.84261140000001
Jalan Haji M. Nail,-6.3789736999999995,106.85020295
Jalan Oscar Raya,-6.3240105,106.73312795
Jalan Tol Serpong–Cinere,-6.3103904443628895,106.71037241636427
Jalan Tol Serpong–Cinere,-6.310186307486755,106.7103788228711
Jalan Suka Mulya Raya,-6.3159339,106.72326849999999
JPO Tanpa Nama,-6.26687465,106.67417490000001
JPO Tanpa Nama,-6.2667357500000005,106.6741341
Jalan Tol Cengkareng–Batuceper–Kunciran,-6.16185065,106.65764634999998
Jalan Tol Cengkareng–Batuceper–Kunciran,-6.161952299999999,106.65775045000001
JPO Tanpa Nama,-6.29006791258705,106.72724541844997
Jalan Subur Dalam,-6.2195181,106.8420531
JPO Tanpa Nama,-6.2261866,106.8739842
Gang Gardu Listrik,-6.225944109853797,106.87353247002854
JPO Tanpa Nama,-6.093518749999999,106.66943645
JPO Tanpa Nama,-6.2298509161934765,106.89808797744325
JPO Tanpa Nama,-6.229702484594473,106.89441337331064
JPO Tanpa Nama,-6.229686095323114,106.89829501712931
JPO Tanpa Nama,-6.229502558675474,106.89818613059816
Jalan Raya Al Ihsan,-6.2662288,106.93529945
JPO Tanpa Nama,-6.2455704,106.90549105
JPO Tanpa Nama,-6.245484899999999,106.9052654
JPO Tanpa Nama,-6.24895525,106.90846735
JPO Tanpa Nama,-6.162315479076153,106.99043796547015
JPO Tanpa Nama,-6.162234883743898,106.9904276731207
JPO Tanpa Nama,-6.170696487124725,106.83510109503048
JPO Tanpa Nama,-6.171355087942854,106.83543986381399
JPO Tanpa Nama,-6.170632474203917,106.83507125312501
JPO Tanpa Nama,-6.17044605,106.83577890000001
JPO Tanpa Nama,-6.1713259,106.83400535000001
JPO Tanpa Nama,-6.17133895,106.83451509999999
JPO Tanpa Nama,-6.171157200000001,106.83470935
JPO Tanpa Nama,-6.171025929348065,106.83445151391186
JPO Tanpa Nama,-6.1715514506136655,106.83542799876449
JPO Tanpa Nama,-6.171545402116886,106.83441367580504
JPO Tanpa Nama,-6.171067799999999,106.83351040000001
JPO Tanpa Nama,-6.171173492191064,106.83543090738677
Jalan Karmila I,-6.2723643,106.92366824999999
JPO Tanpa Nama,-6.27243545,106.92496129999999
JPO Tanpa Nama,-6.272489940507396,106.92495723395803
JPO Tanpa Nama,-6.251005949999999,106.90904950000001
Jalan Tol Bekasi–Cawang–Kampung Melayu,-6.248936267155849,106.93238821615532
Jalan Tol Bekasi–Cawang–Kampung Melayu,-6.248342290739644,106.92311552809024
Jalan Tol Bekasi–Cawang–Kampung Melayu,-6.24869335,106.93247149999999
Jalan Tol Bekasi–Cawang–Kampung Melayu,-6.248433058500891,106.93006107657158
Jalan Tol Bekasi–Cawang–Kampung Melayu,-6.247824745799453,106.92206167870324
Jalan Tol Bekasi–Cawang–Kampung Melayu,-6.249332142226925,106.9388588820071
JPO Tanpa Nama,-6.230993096435002,106.94450673994855
JPO Tanpa Nama,-6.230962,106.94434945
JPO Tanpa Nama,-6.2302196,106.94548354999999
JPO Tanpa Nama,-6.2488204000000005,106.9356967
Jalan Gading Indah III,-6.160830499999999,106.91265849999999
Landas Pacu Barat,-6.154262013202154,106.84434811969356
JPO Tanpa Nama,-6.252084204092564,106.91352670046915
Jalan Haji Sennin,-6.197817499999999,106.78435214999999
JPO Tanpa Nama,-6.295746350000001,106.93629285
JPO Tanpa Nama,-6.27158905,106.92116245
JPO Tanpa Nama,-6.27152945,106.9208579
JPO Tanpa Nama,-6.231033099999999,106.92651599999999
JPO Tanpa Nama,-6.23128955,106.92788070000002
JPO Tanpa Nama,-6.230361500000001,106.9224814
JPO Tanpa Nama,-6.23049425,106.9224577
Jalan Intan Ujung,-6.2962418,106.80466185
Flyover Martadinata Simpang Gaplek,-6.347138647513403,106.74975709382838
Flyover Martadinata Simpang Gaplek,-6.347146470049069,106.74968278747626
Jalan Menteng Utama,-6.181223143888948,106.9693788988831
Jalan Menteng Utama,-6.181110519923591,106.9693825496617
JPO Tanpa Nama,-6.2403069,106.92168050000001
JPO Tanpa Nama,-6.24757945,106.91991395
Jalan Pelita VII,-6.1862812,106.856048
Gang Pelita VI,-6.18654675,106.85617055
JPO Tanpa Nama,-6.1634475,106.8528766
JPO Tanpa Nama,-6.1734972500000005,106.8522132
JPO Tanpa Nama,-6.17348935,106.85208825000001
JPO Tanpa Nama,-6.17348065,106.85196185000001
JPO Tanpa Nama,-6.174454900000001,106.85190975
JPO Tanpa Nama,-6.1746369488788515,106.8517972355012
JPO Tanpa Nama,-6.174604600521578,106.85224118309297
JPO Tanpa Nama,-6.19198415,106.8700379
JPO Tanpa Nama,-6.1920002499999995,106.86985625
JPO Tanpa Nama,-6.192247230927463,106.86841747942972
Jalan Tol Lingkar Dalam Jakarta,-6.234960873004279,106.87724635948351
JPO Tanpa Nama,-6.233050791288592,106.87638646351624
Jalan Tol Bekasi–Cawang–Kampung Melayu,-6.235629173185934,106.87703818210207
JPO Tanpa Nama,-6.1995715095309585,106.85393199761691
JPO Tanpa Nama,-6.210861400673499,106.86023191559148
JPO Tanpa Nama,-6.210657339536423,106.86014798984431
JPO Tanpa Nama,-6.210831450000001,106.86001790000002
JPO Tanpa Nama,-6.24355265,106.80313100000001
JPO Tanpa Nama,-6.243167545609222,106.8027466060555
JPO Tanpa Nama,-6.221928752824565,106.87228662810965
JPO Tanpa Nama,-6.2452003000000005,106.80433115
JPO Tanpa Nama,-6.2453828,106.80446465
Jalan Mayjen TNI Profesor Dokter Moestopo,-6.243635350000001,106.80314555000001
Jalan Mayjen TNI Profesor Dokter Moestopo,-6.242627095255074,106.80255106704496
Jalan Usman Harun V,-6.256983050000001,106.8756802
JPO Tanpa Nama,-6.27135085,106.9469402
JPO Tanpa Nama,-6.239777945402883,106.89053401533064
JPO Tanpa Nama,-6.215356736522259,106.86289938639301
JPO Tanpa Nama,-6.2167320371718,106.86400473626215
JPO Tanpa Nama,-6.26814215,106.86621840000001
JPO Tanpa Nama,-6.2801294,106.87098240000002
JPO Tanpa Nama,-6.279032799999999,106.87024735
JPO Tanpa Nama,-6.269858,106.8672751
JPO Tanpa Nama,-6.22785465,106.8833649
JPO Tanpa Nama,-6.228436653718472,106.88510736209614
JPO Tanpa Nama,-6.2294892,106.89079595
JPO Tanpa Nama,-6.229482117781318,106.89045975692157
JPO Tanpa Nama,-6.27650035,106.86851229999999
JPO Tanpa Nama,-6.21334983651223,106.86148045204091
JPO Tanpa Nama,-6.2711191,106.86728905000001
Jalan Cempaka Warna,-6.18054025,106.87091434999999
JPO Tanpa Nama,-6.264640050000001,106.9565589
Jalan Plumpang Semper,-6.130796285880058,106.8941655534572
JPO Tanpa Nama,-6.265647850414351,106.95807634820268
JPO Tanpa Nama,-6.230567327834095,106.90879311598047
JPO Tanpa Nama,-6.2296258,106.90468250000002
JPO Tanpa Nama,-6.22970645,106.91026585
JPO Tanpa Nama,-6.2297114,106.90984565
JPO Tanpa Nama,-6.306233743716413,106.88666862761019
JPO Tanpa Nama,-6.306314995515974,106.8866561531431
JPO Tanpa Nama,-6.22852915,106.916427
JPO Tanpa Nama,-6.228449149999999,106.9167457
JPO Tanpa Nama,-6.26036455,106.95357685
Jalan Suprijadi,-6.307830899833003,106.88476120542516
JPO Tanpa Nama,-6.2278122499999995,106.9195093
JPO Tanpa Nama,-6.227637690119815,106.92327543980879
JPO Tanpa Nama,-6.2275202499999995,106.923144
JPO Tanpa Nama,-6.227675871684372,106.922989835189
JPO Tanpa Nama,-6.2277617220587915,106.92309345709063
JPO Tanpa Nama,-6.289036100000001,106.95096849999999
JPO Tanpa Nama,-6.22724745,106.9358508
JPO Tanpa Nama,-6.2273315,106.9360814
JPO Tanpa Nama,-6.289836878232345,106.88050527629211
JPO Tanpa Nama,-6.289935135932437,106.88038392499807
JPO Tanpa Nama,-6.2904146,106.88063174999999
JPO Tanpa Nama,-6.290014103184208,106.88075394927908
JPO Tanpa Nama,-6.290328695109927,106.88074016221506
JPO Tanpa Nama,-6.2995334,106.9240275
JPO Tanpa Nama,-6.28928915,106.87708589999998
JPO Tanpa Nama,-6.28912405,106.8770054
JPO Tanpa Nama,-6.29165495,106.880809
JPO Tanpa Nama,-6.2114145,106.7937642
Jalan Anggrek Rosliana IV,-6.192650753267544,106.79249277275497
JPO Tanpa Nama,-6.290363999999999,106.88252205
JPO Tanpa Nama,-6.2945797,106.88166765
JPO Tanpa Nama,-6.29412765,106.8814888
JPO Tanpa Nama,-6.2987965500000005,106.883275
JPO Tanpa Nama,-6.3006577,106.88368835
JPO Tanpa Nama,-6.273086049999999,106.95370715000001
Jalan Tol Lingkar Luar Jakarta,-6.3057303000000005,106.88719565
Jalan Hankam,-6.305658,106.88935004999998
Jalan Tol Lingkar Luar Jakarta,-6.3060025999999985,106.889365
Jalan Tol Lingkar Luar Jakarta,-6.30585735,106.88937369999998
JPO Tanpa Nama,-6.21536165,106.90037895
JPO Tanpa Nama,-6.207937449999999,106.90207419999999
JPO Tanpa Nama,-6.2059241499999995,106.90278285
JPO Tanpa Nama,-6.2053525500000015,106.9030389
JPO Tanpa Nama,-6.157328471701799,106.91616863701489
JPO Tanpa Nama,-6.157467488564951,106.91610619912609
JPO Tanpa Nama,-6.156998136113981,106.91609590991737
JPO Tanpa Nama,-6.156550563393311,106.91608464332987
JPO Tanpa Nama,-6.155636339343874,106.91594162928979
JPO Tanpa Nama,-6.156347789134244,106.91604868312523
LRT Jakarta Kalapa Gading - Velodrome Line,-6.157633067131288,106.91582672121893
LRT Jakarta Kalapa Gading - Velodrome Line,-6.158883903801464,106.9153553718999
LRT Jakarta Kalapa Gading - Velodrome Line,-6.15888341981276,106.9153599017855
LRT Jakarta Kalapa Gading - Velodrome Line,-6.1560737,106.91580830000001
LRT Jakarta Kalapa Gading - Velodrome Line,-6.158135011060268,106.91593131178271
Jalan Bina Asih,-6.30088865,106.95167829999998
JPO Tanpa Nama,-6.29304738988611,106.96005542121557
JPO Tanpa Nama,-6.2603521,106.9372113
JPO Tanpa Nama,-6.218568352095615,106.86424652504115
JPO Tanpa Nama,-6.21950508278121,106.86459928981488
JPO Tanpa Nama,-6.2206088115863105,106.86511638029268
JPO Tanpa Nama,-6.222775481693255,106.86587782297957
Jalan K. Haji Abdul Syafi'ie,-6.22513875,106.86346585
LRT Jabodebek,-6.325043751663853,106.88642903908841
JPO Tanpa Nama,-6.23712555,106.94716715
Jalan Kayu Putih,-6.358627,106.76213899999999
Jalan Kemiri,-6.350018,106.75728415
JPO Tanpa Nama,-6.1342315,106.8824185
JPO Tanpa Nama,-6.275109335412419,106.93913549375189
JPO Tanpa Nama,-6.3891422,106.8962887
JPO Tanpa Nama,-6.389037999999999,106.89490520000001
JPO Tanpa Nama,-6.38918355,106.8952493
Jalan Tol Cimanggis–Cibitung,-6.38768393715877,106.89615489918411
Jalan Tol Cimanggis–Cibitung,-6.3891317331757955,106.91130600418309
Jalan Tol Cimanggis–Cibitung,-6.389007964166606,106.91125134336446
Jalan Tol Cimanggis–Cibitung,-6.38887435,106.9040027
Jalan Tol Cimanggis–Cibitung,-6.38903895,106.90410665
JPO Tanpa Nama,-6.13823995,106.86652144999998
JPO Tanpa Nama,-6.22679045,106.93900005
JPO Tanpa Nama,-6.226854449999999,106.93873239999999
JPO Tanpa Nama,-6.22789955,106.92910535
JPO Tanpa Nama,-6.227537250000001,106.93346345
Jalan Fisika 4,-6.27085535,106.94059114999999
JPO Tanpa Nama,-6.261455700000001,106.92187945
JPO Tanpa Nama,-6.2614465500000005,106.92183804999999
JPO Tanpa Nama,-6.261444,106.92177875
JPO Tanpa Nama,-6.22383435,106.94228420000002
JPO Tanpa Nama,-6.21653015,106.9291113
JPO Tanpa Nama,-6.2668561,106.9225721
JPO Tanpa Nama,-6.2898114,106.88067910000001
JPO Tanpa Nama,-6.2901557,106.88075230000001
JPO Tanpa Nama,-6.217254770721209,106.66911267548942
JPO Tanpa Nama,-6.257420774999111,106.95910156219176
JPO Tanpa Nama,-6.255146163786395,106.95947844248397
JPO Tanpa Nama,-6.255319351949593,106.9576906577649
JPO Tanpa Nama,-6.255505627593921,106.96240385696639
Jalan Pluit Murni 6,-6.1129018,106.78488045
JPO Tanpa Nama,-6.1347725,106.87203120000001
"Transjakarta Busway Koridor 10, 12",-6.142533950000001,106.89103955
Jalan Yos Sudarso,-6.14241475,106.8905949
JPO Tanpa Nama,-6.1314271,106.86256574999999
Jalan Duren Sawit Raya,-6.2212587500000005,106.90493245
JPO Tanpa Nama,-6.130713849999999,106.8310051
JPO Tanpa Nama,-6.291999631242755,106.81692243506816
JPO Tanpa Nama,-6.291993897809226,106.81671379938368
JPO Tanpa Nama,-6.2191142500000005,106.9235376
JPO Tanpa Nama,-6.2204924,106.92342794999999
JPO Tanpa Nama,-6.2202912999999995,106.92344620000001
JPO Tanpa Nama,-6.24692915,106.8754617
Jalan Tol Lingkar Dalam Jakarta,-6.240684138185492,106.87776639173109
JPO Tanpa Nama,-6.2163275,106.92750670000001
Jalan R. E. Martadinata,-6.13083945,106.82887085
Jalan R. E. Martadinata,-6.130630099999999,106.83003310000001
JPO Tanpa Nama,-6.215915482555569,106.92399000159851
JPO Tanpa Nama,-6.12845515,106.85485100000001
JPO Tanpa Nama,-6.128458399999999,106.85455329999999
Jalan Agung Timur 1,-6.1439489,106.87745195
JPO Tanpa Nama,-6.2152884,106.9183839
JPO Tanpa Nama,-6.215301550887711,106.91917355755288
JPO Tanpa Nama,-6.215544454794758,106.92109399944188
JPO Tanpa Nama,-6.130607100000001,106.8306346
Jalan Raya Pagelarang,-6.3039482499999995,106.91933655
JPO Tanpa Nama,-6.1258686,106.84588195
JPO Tanpa Nama,-6.21352335,106.8981962
JPO Tanpa Nama,-6.213670550907845,106.89974612587089
JPO Tanpa Nama,-6.21368788556623,106.89987386208564
JPO Tanpa Nama,-6.213690882265964,106.89961960376519
JPO Tanpa Nama,-6.213566621433485,106.89983204307126
JPO Tanpa Nama,-6.2135744305740515,106.8996634915649
JPO Tanpa Nama,-6.2137505,106.90176124999999
JPO Tanpa Nama,-6.213715911246996,106.90168290397014
JPO Tanpa Nama,-6.213721276827883,106.90157170241923
JPO Tanpa Nama,-6.213607897774439,106.90160037614264
JPO Tanpa Nama,-6.213604650105513,106.90176423233912
JPO Tanpa Nama,-6.21360245,106.89833425
JPO Tanpa Nama,-6.2134284,106.8979068
JPO Tanpa Nama,-6.1384659,106.86573965
JPO Tanpa Nama,-6.2142920653701275,106.88680076047477
JPO Tanpa Nama,-6.2143905,106.88680535
JPO Tanpa Nama,-6.222914943867053,106.87459866046096
JPO Tanpa Nama,-6.215178938622698,106.87530068631051
JPO Tanpa Nama,-6.215284893196411,106.8754753535506
JPO Tanpa Nama,-6.215051674545556,106.87564640606341
JPO Tanpa Nama,-6.209917900000001,106.87021965
JPO Tanpa Nama,-6.20063925,106.92247545000001
JPO Tanpa Nama,-6.179363827906134,106.90375477860826
JPO Tanpa Nama,-6.180168620694169,106.90586081503763
JPO Tanpa Nama,-6.1822037000000005,106.90996784999999
JPO Tanpa Nama,-6.1951292,106.92244035
Jalan Jenderal Polisi RS. Soekanto,-6.227789700000001,106.92534359999999
Jalan Jenderal Polisi RS. Soekanto,-6.227738799999999,106.92535325
JPO Tanpa Nama,-6.176254281177082,106.89460207724613
JPO Tanpa Nama,-6.176101164713354,106.89467138504487
JPO Tanpa Nama,-6.1903407999999995,106.92322785000002
JPO Tanpa Nama,-6.182520914444363,106.91609300747479
JPO Tanpa Nama,-6.18792635,106.92320105
JPO Tanpa Nama,-6.1885447,106.9232197
Jalan Benyamin Sueb,-6.126969965637188,106.8456970925553
JPO Tanpa Nama,-6.174112652639841,106.83839784600329
JPO Tanpa Nama,-6.174097058175678,106.83823385555888
JPO Tanpa Nama,-6.174258558414277,106.83818588710334
JPO Tanpa Nama,-6.175222556172192,106.8391471056407
JPO Tanpa Nama,-6.15017355,106.88756760000001
JPO Tanpa Nama,-6.1305551000000005,106.8312438
JPO Tanpa Nama,-6.163621529221516,106.83847564905848
JPO Tanpa Nama,-6.16374778536818,106.83831257981636
JPO Tanpa Nama,-6.163983875286466,106.83857993579068
JPO Tanpa Nama,-6.167957356062195,106.83957391938931
JPO Tanpa Nama,-6.168094863324607,106.83960918261641
JPO Tanpa Nama,-6.21241135,106.94070645
JPO Tanpa Nama,-6.19252655,106.92277375000002
JPO Tanpa Nama,-6.159370280128639,106.83758752816718
JPO Tanpa Nama,-6.1637614,106.83824474999999
JPO Tanpa Nama,-6.22112525,106.9146529
JPO Tanpa Nama,-6.159141572311714,106.8375509425187
JPO Tanpa Nama,-6.159254799999999,106.8372107
JPO Tanpa Nama,-6.1589509075620885,106.8373332358762
JPO Tanpa Nama,-6.1909643,106.92317440000001
JPO Tanpa Nama,-6.134530458144226,106.83185772189525
JPO Tanpa Nama,-6.202127393857802,106.78202730346942
Jalan Asrama Polisi,-6.194429202498473,106.80434508400258
Gang Haji Azra'i,-6.235920200000001,106.8441023
JPO Tanpa Nama,-6.23663905,106.8441348
JPO Tanpa Nama,-6.23688225,106.84415000000001
Jalan Delima Raya,-6.21647915,106.92718895000002
JPO Tanpa Nama,-6.2058319,106.9227963
JPO Tanpa Nama,-6.20711495,106.9227933
JPO Tanpa Nama,-6.20355435,106.92287855000001
JPO Tanpa Nama,-6.1375016,106.83228815
JPO Tanpa Nama,-6.212683792860021,106.9450028048112
JPO Tanpa Nama,-6.21254375,106.94516494999999
JPO Tanpa Nama,-6.2123478500000004,106.94526575
JPO Tanpa Nama,-6.21236235,106.94510985
JPO Tanpa Nama,-6.2144721999999994,106.93968415
JPO Tanpa Nama,-6.149234559055579,106.83485285532682
JPO Tanpa Nama,-6.272129850000001,106.9472342
JPO Tanpa Nama,-6.21675565,106.93099085
JPO Tanpa Nama,-6.21664285,106.93083745
JPO Tanpa Nama,-6.241851849999999,106.84433849999998
JPO Tanpa Nama,-6.2405365,106.8451204
JPO Tanpa Nama,-6.22646833554575,106.88085399853387
JPO Tanpa Nama,-6.2266894,106.88060125
JPO Tanpa Nama,-6.226723571883984,106.88061638469559
JPO Tanpa Nama,-6.234227150000001,106.84422620000001
JPO Tanpa Nama,-6.2362153,106.8442388
JPO Tanpa Nama,-6.145687017569581,106.83431633290733
JPO Tanpa Nama,-6.14385105,106.88628729999999
JPO Tanpa Nama,-6.14413255,106.88622104999999
JPO Tanpa Nama,-6.1440125000000005,106.8860684
JPO Tanpa Nama,-6.2323410500000005,106.8449533
JPO Tanpa Nama,-6.14941915,106.8395829
JPO Tanpa Nama,-6.2265501,106.84726589999998
JPO Tanpa Nama,-6.213178749999999,106.923753
JPO Tanpa Nama,-6.18233405,106.93540784999999
Jalan Tol Insinyur Wiyoto Wiyono,-6.206412350000001,106.87376785000001
Jalan Tol Insinyur Wiyoto Wiyono,-6.205298075312335,106.87365698354627
Jalan Tol Insinyur Wiyoto Wiyono,-6.2051960053753445,106.8737916137875
Jalan Tol Insinyur Wiyoto Wiyono,-6.218112522495788,106.87448114144085
JPO Tanpa Nama,-6.1407567499999995,106.8368533
JPO Tanpa Nama,-6.1396415524752745,106.83491570422595
JPO Tanpa Nama,-6.139052700000001,106.8340321
Jalan R. E. Martadinata,-6.127894006431608,106.84458005995766
Jalan R. E. Martadinata,-6.127930406073487,106.84447471822673
JPO Tanpa Nama,-6.14141375,106.83783035
JPO Tanpa Nama,-6.141102800000001,106.8373958
JPO Tanpa Nama,-6.2160214499999995,106.92383845
Jalan Danau Sunter Barat,-6.14019025,106.85691295
Jalan Danau Sunter Barat,-6.140212200000001,106.85680425000001
JPO Tanpa Nama,-6.151915799999999,106.83516950000002
JPO Tanpa Nama,-6.1518558,106.83541395
JPO Tanpa Nama,-6.2082868,106.84588665000001
JPO Tanpa Nama,-6.20887965,106.84790484999998
JPO Tanpa Nama,-6.255578079717182,106.96195231765586
JPO Tanpa Nama,-6.25538974981598,106.9616301356822
JPO Tanpa Nama,-6.2220355000000005,106.80639849999999
JPO Tanpa Nama,-6.222125900000001,106.80766919999999
JPO Tanpa Nama,-6.177924649999999,106.8863024
JPO Tanpa Nama,-6.153758641584674,106.85996712505286
JPO Tanpa Nama,-6.1455368,106.8760554
JPO Tanpa Nama,-6.1487915,106.8586536
JPO Tanpa Nama,-6.148880350000001,106.85834665
JPO Tanpa Nama,-6.1486157,106.85838935000001
JPO Tanpa Nama,-6.1635842499999995,106.87778735
JPO Tanpa Nama,-6.16328345,106.87897520000001
Jalan Pusdiklat Depnaker,-6.28519365,106.87999500000001
JPO Tanpa Nama,-6.271330400000001,106.9216836
JPO Tanpa Nama,-6.1622696,106.8747963
JPO Tanpa Nama,-6.1445810000000005,106.8650417
Jalan Kramat Raya,-6.17725005,106.84180500000001
JPO Tanpa Nama,-6.2085814500000005,106.92281829999997
JPO Tanpa Nama,-6.28265665,106.87162534999999
JPO Tanpa Nama,-6.283773000000001,106.8712963
JPO Tanpa Nama,-6.2841879,106.87119065
JPO Tanpa Nama,-6.2844341,106.87112760000001
JPO Tanpa Nama,-6.2855042999999995,106.8708554
Jalan Tol Insinyur Wiyoto Wiyono,-6.17586545,106.87616009999999
Jalan Tol Insinyur Wiyoto Wiyono,-6.177175323767974,106.87602017432727
JPO Tanpa Nama,-6.29921866540623,106.68264305735676
JPO Tanpa Nama,-6.1616118,106.8741848
JPO Tanpa Nama,-6.2341139000000005,106.91007984999999
Jalan Sawo Kecik VII,-6.22199955,106.8559
Jalan Patra Kuningan 15,-6.2292895999999995,106.83650795
JPO Tanpa Nama,-6.1854621000000005,106.85416470000001
JPO Tanpa Nama,-6.30765595,106.67691055
JPO Tanpa Nama,-6.307661250000001,106.67654805000001
Jalan Pesantren,-6.26528615,106.66921495
Jalan Tol Lingkar Wiyoto Wiyono,-6.152082099999999,106.88778314999999
Jalan Tol Lingkar Wiyoto Wiyono,-6.155165086379567,106.88590797582476
JPO Tanpa Nama,-6.149763863206417,106.8891114081006
JPO Tanpa Nama,-6.128693112212189,106.88796430308055
Jalan Tol Pelabuhan,-6.127730456348444,106.88623766274277
JPO Tanpa Nama,-6.2548039499999994,106.66791
JPO Tanpa Nama,-6.305634322035874,106.67595099459757
Jalan Griya Asri Raya,-6.2671489000000005,106.6705332
JPO Tanpa Nama,-6.3230164,106.74002415000001
Jalan Tol Pelabuhan,-6.122281753031926,106.86252239658332
Jalan Tol Pelabuhan,-6.123333408813379,106.85730065868013
Jalan Tol Pelabuhan,-6.124852036685881,106.87474543319556
JPO Tanpa Nama,-6.13973275,106.85930515
JPO Tanpa Nama,-6.139806699999999,106.85970985
JPO Tanpa Nama,-6.1604729,106.84891925
JPO Tanpa Nama,-6.160667091273516,106.84934134687549
JPO Tanpa Nama,-6.3048693,106.68271644999999
JPO Tanpa Nama,-6.238827199999999,106.65211305
Jalan Tol Insinyur Wiyoto Wiyono,-6.179290755377813,106.8757817699299
Jalan Tol Insinyur Wiyoto Wiyono,-6.1772225564757255,106.87593729258342
JPO Tanpa Nama,-6.221152948819629,106.6598381829104
JPO Tanpa Nama,-6.133878253931233,106.8316812377632
Transjakarta Busway Koridor 13,-6.23657864424756,106.75097773186384
Jalan Rela,-6.21950395,106.84176415
JPO Tanpa Nama,-6.236553181562497,106.74586710074024
Jalan Pertanian III,-6.2877586999999995,106.84317580000001
JPO Tanpa Nama,-6.28794875,106.84345765
JPO Tanpa Nama,-6.228186599999999,106.60664970000002
JPO Tanpa Nama,-6.227364788875728,106.80054916462215
JPO Tanpa Nama,-6.166299281164409,106.87605976368387
JPO Tanpa Nama,-6.3440783,106.83314795000001
JPO Tanpa Nama,-6.13393815,106.83161444999998
JPO Tanpa Nama,-6.166452419312353,106.8763897841353
JPO Tanpa Nama,-6.166273349999999,106.8760477
JPO Tanpa Nama,-6.1662856,106.876144
JPO Tanpa Nama,-6.1683564784000335,106.87049233541838
JPO Tanpa Nama,-6.16837955,106.87045835
JPO Tanpa Nama,-6.3158030745563245,106.83557182681885
Jalan Bekasi Timur IV,-6.2194758,106.8763608
JPO Tanpa Nama,-6.24487380806163,106.64930225987919
JPO Tanpa Nama,-6.245728503150048,106.64948645730024
Jalan Jenderal Sudirman,-6.1877974,106.64226290000002
Jalan Tol Kunciran–Serpong,-6.229495607026885,106.67415137193721
Jalan Tol Kunciran–Serpong,-6.2298871,106.67404815
Jalan Tol Kunciran–Serpong,-6.2295257500000005,106.6743054
Jalan Tol Kunciran–Serpong,-6.2299454,106.67419655
Jalan Jati Jelupang,-6.25555885,106.66970140000001
Jalan Jelupang Utama,-6.2604504500000004,106.67206705
JPO Tanpa Nama,-6.16773665,106.87291880000001
JPO Tanpa Nama,-6.16736205,106.8727565
JPO Tanpa Nama,-6.173765449999999,106.85782535
JPO Tanpa Nama,-6.1741847,106.85502535
JPO Tanpa Nama,-6.174189999999999,106.8549862
JPO Tanpa Nama,-6.17172575,106.63806085
JPO Tanpa Nama,-6.295282599999999,106.66645229999999
JPO Tanpa Nama,-6.295239511029637,106.66662265568316
JPO Tanpa Nama,-6.2292518,106.636229
JPO Tanpa Nama,-6.230070799999999,106.63380185
JPO Tanpa Nama,-6.17786255,106.6382427
JPO Tanpa Nama,-6.189701950000001,106.63828765
JPO Tanpa Nama,-6.188894,106.63828685
JPO Tanpa Nama,-6.1908110999999995,106.63825525
JPO Tanpa Nama,-6.2325942,106.63287374999997
JPO Tanpa Nama,-6.23296685,106.6327381
JPO Tanpa Nama,-6.2382815,106.63080880000001
JPO Tanpa Nama,-6.2378758,106.63096575
JPO Tanpa Nama,-6.241728200000001,106.62952285
JPO Tanpa Nama,-6.241681,106.62925085
JPO Tanpa Nama,-6.241657255444876,106.62914072008242
Jalan Kramat Raya,-6.234323900000001,106.6973959
JPO Tanpa Nama,-6.18942765,106.7993412
JPO Tanpa Nama,-6.18937285,106.80104800000001
JPO Tanpa Nama,-6.28647565,106.7174325
JPO Tanpa Nama,-6.30464705,106.6690316
JPO Tanpa Nama,-6.3044851500000005,106.66925330000002
JPO Tanpa Nama,-6.3031447499999995,106.679912
JPO Tanpa Nama,-6.25102625,106.78893095000001
Gang Kramat Bambu,-6.341006200000001,106.8198625
Gang Kramat Bambu,-6.34121405,106.81970225
Jalan Galunggung Raya,-6.208652649999999,106.61277435
JPO Tanpa Nama,-6.192370416763176,106.87542615546083
JPO Tanpa Nama,-6.18958995,106.6418396
JPO Tanpa Nama,-6.166832299999999,106.64325325
JPO Tanpa Nama,-6.166837149999999,106.64322014999999
JPO Tanpa Nama,-6.1669429000000004,106.64323314999999
JPO Tanpa Nama,-6.16693715,106.6432729
JPO Tanpa Nama,-6.16681955,106.64323585
JPO Tanpa Nama,-6.181047550000001,106.64363065
JPO Tanpa Nama,-6.1795576,106.64391295
JPO Tanpa Nama,-6.1755049500000005,106.6461526
JPO Tanpa Nama,-6.307284863338632,106.83936397367768
JPO Tanpa Nama,-6.3073514500000005,106.83876635
JPO Tanpa Nama,-6.286817250000001,106.72253749999999
JPO Tanpa Nama,-6.1945535,106.63201914999999
JPO Tanpa Nama,-6.19359305,106.63299835000001
JPO Tanpa Nama,-6.192280024073761,106.63329693962338
Jalan Teuku Umar,-6.1958405,106.6260779
JPO Tanpa Nama,-6.193846000000001,106.63640425
JPO Tanpa Nama,-6.2450524000000005,106.67354415
JPO Tanpa Nama,-6.219925099999999,106.60410515000001
JPO Tanpa Nama,-6.30628465,106.67474375000002
JPO Tanpa Nama,-6.202630349796469,106.84704019977724
JPO Tanpa Nama,-6.2434994,106.65204555
JPO Tanpa Nama,-6.2434297,106.6540859
Jalan Palem Aren VII,-6.216522749999999,106.6084301
JPO Tanpa Nama,-6.22983955,106.68310120000001
JPO Tanpa Nama,-6.230821349999999,106.68807445
JPO Tanpa Nama,-6.28623815,106.70675855
JPO Tanpa Nama,-6.36833105,106.83403665
JPO Tanpa Nama,-6.2559927,106.6168923
JPO Tanpa Nama,-6.256084400000001,106.61443485
JPO Tanpa Nama,-6.363922199999999,106.83376485000001
Jalan Ki Hajar Dewantara,-6.3044128,106.7453375
JPO Tanpa Nama,-6.30447775,106.7454228
JPO Tanpa Nama,-6.400173499999999,106.81889690000001
JPO Tanpa Nama,-6.3947224,106.82286640000001
JPO Tanpa Nama,-6.3979818999999996,106.82054560000002
JPO Tanpa Nama,-6.380161617455314,106.83074782215964
JPO Tanpa Nama,-6.385073973043531,106.82885751562384
JPO Tanpa Nama,-6.23323835,106.8441244
Jalan Setapak PT United Can,-6.15892205,106.69980919999999
JPO Tanpa Nama,-6.280868049999999,106.70065215
JPO Tanpa Nama,-6.2752111500000005,106.69705105
JPO Tanpa Nama,-6.27796985,106.70033194999999
JPO Tanpa Nama,-6.27348315,106.6996891
JPO Tanpa Nama,-6.19673815,106.7979987
JPO Tanpa Nama,-6.197123149999999,106.79761035
JPO Tanpa Nama,-6.25011395,106.69375840000002
Jalan Nakula I,-6.236650699999999,106.68967109999998
JPO Tanpa Nama,-6.371774152641387,106.81908044472746
JPO Tanpa Nama,-6.371267505692563,106.81911751029637
JPO Tanpa Nama,-6.25011935,106.69373155000001
JPO Tanpa Nama,-6.2501078,106.6937851
JPO Tanpa Nama,-6.2500716999999995,106.69379555
JPO Tanpa Nama,-6.250147699999999,106.69372200000001
JPO Tanpa Nama,-6.2999164,106.64707045
JPO Tanpa Nama,-6.30122215,106.64190425000002
JPO Tanpa Nama,-6.303039399999999,106.64186095000001
JPO Tanpa Nama,-6.303453334424182,106.64196845487241
JPO Tanpa Nama,-6.31836625,106.64410269999999
Jalur Kereta Api Duri–Tangerang,-6.1592547,106.75936245
Jalur Kereta Api Duri–Tangerang,-6.1591843,106.75937345
Jalur Kereta Api Manggarai–Jatinegara,-6.213969708672268,106.85611792052933
Jalur Kereta Api Tanjung Priuk–Kemayoran,-6.1418111,106.8384161
Jalur Kereta Api Tanjung Priuk–Kemayoran,-6.122278400000001,106.86385634999999
Jalur Kereta Api Tanjung Priuk–Kemayoran,-6.1260649,106.85394795
Jalur Kereta Api Tanjung Priuk–Kemayoran,-6.127693509174297,106.84787331419174
Jalur Kereta Api Jakarta Kota–Tanjung Priuk,-6.127562749999999,106.84785265
Jalur Kereta Api Jakarta Kota–Tanjung Priuk,-6.1259704,106.85390935000001
Jalur Kereta Api Jakarta Kota–Tanjung Priuk,-6.1221322,106.86382
JPO Tanpa Nama,-6.29979365,106.6481357
JPO Tanpa Nama,-6.30000305,106.64804745
JPO Tanpa Nama,-6.300233650000001,106.6482972
JPO Tanpa Nama,-6.300092739535489,106.6484412892432
JPO Tanpa Nama,-6.318466,106.6443189
JPO Tanpa Nama,-6.317977194050637,106.64617085878028
JPO Tanpa Nama,-6.3174015,106.65011265
JPO Tanpa Nama,-6.2598540499999995,106.636852
JPO Tanpa Nama,-6.2726954500000005,106.69901195
JPO Tanpa Nama,-6.2726308,106.699049
JPO Tanpa Nama,-6.272758250000001,106.6989728
JPO Tanpa Nama,-6.273577599999999,106.7001472
Jalan Rajawali I,-6.277580999999999,106.70842130000001
JPO Tanpa Nama,-6.3037999,106.65057425
JPO Tanpa Nama,-6.30384205,106.65086455
JPO Tanpa Nama,-6.274710799999999,106.70851259999999
JPO Tanpa Nama,-6.274631601433371,106.70841064727661
JPO Tanpa Nama,-6.2946596,106.6804554
JPO Tanpa Nama,-6.29473255,106.68032009999999
JPO Tanpa Nama,-6.301728841975767,106.64891369383689
JPO Tanpa Nama,-6.302871221378076,106.64948373389517
JPO Tanpa Nama,-6.24356735,106.63776259999999
JPO Tanpa Nama,-6.2435481,106.63772
JPO Tanpa Nama,-6.2435273,106.63767580000003
JPO Tanpa Nama,-6.24443415,106.63726134999999
JPO Tanpa Nama,-6.24441435,106.63722229999999
JPO Tanpa Nama,-6.2443975,106.63718915
JPO Tanpa Nama,-6.2786582,106.72119839999999
JPO Tanpa Nama,-6.23911955,106.63509915
JPO Tanpa Nama,-6.2391656,106.6361842
JPO Tanpa Nama,-6.23911635,106.6361896
JPO Tanpa Nama,-6.2392186,106.6361784
JPO Tanpa Nama,-6.2416783,106.63818575
JPO Tanpa Nama,-6.31533455,106.65256465
JPO Tanpa Nama,-6.2797661,106.7203827
JPO Tanpa Nama,-6.279530149999999,106.7220591
JPO Tanpa Nama,-6.2781129,106.63553705
JPO Tanpa Nama,-6.28132765,106.63658434999999
Jalan Pulau Nias,-6.298218191155937,106.70476871291328
JPO Tanpa Nama,-6.2898256,106.69992315
JPO Tanpa Nama,-6.2950392,106.70189024999998
Jalan Ciledug Raya,-6.23630245,106.7468643
JPO Tanpa Nama,-6.2737450500000005,106.74211755
JPO Tanpa Nama,-6.27365575,106.74212625000001
JPO Tanpa Nama,-6.27369035,106.74200164999999
JPO Tanpa Nama,-6.2721013,106.7408614
Jalan Bintaro Sektor 3A,-6.271022103005072,106.74082474123443
Jalan Bintaro Sektor 3A,-6.271110215447253,106.74077635458856
JPO Tanpa Nama,-6.283098300000001,106.72718135
JPO Tanpa Nama,-6.26994175,106.73919975000001
JPO Tanpa Nama,-6.270138,106.74000945
Jalan Gading Serpong,-6.2230599931267125,106.63359167710973
JPO Tanpa Nama,-6.2696438,106.73848425
JPO Tanpa Nama,-6.222015550000001,106.6342575
JPO Tanpa Nama,-6.222872620004153,106.63496292603303
JPO Tanpa Nama,-6.224553387140875,106.65929030947376
JPO Tanpa Nama,-6.27610825,106.72336585
JPO Tanpa Nama,-6.1880038,106.77482429999999
JPO Tanpa Nama,-6.188332999999999,106.77495569999999
JPO Tanpa Nama,-6.188169,106.77487685
Jalan Calista I,-6.29022705,106.6996102
JPO Tanpa Nama,-6.250385026286243,106.76267703704568
Jalan Setu Raya,-6.281045150000001,106.6918168
JPO Tanpa Nama,-6.256029839752398,106.61918247373853
JPO Tanpa Nama,-6.21439125,106.77277875
Jalan TMP Kalibata,-6.258100816723222,106.85934380523837
Jalan TMP Kalibata,-6.258132269659903,106.85934465390113
JPO Tanpa Nama,-6.1756922,106.8821503
JPO Tanpa Nama,-6.1757301,106.88228085
JPO Tanpa Nama,-6.17525965,106.882274
Jalan Sunter Kemayoran,-6.162118549999999,106.87483265000002
Jalan Pondok Kopi I A,-6.2186257000000005,106.93967595
JPO Tanpa Nama,-6.278577386227895,106.72350508505224
JPO Tanpa Nama,-6.10440575,106.71707565
JPO Tanpa Nama,-6.294815090668023,106.62005493983335
JPO Tanpa Nama,-6.2945032,106.6201867
JPO Tanpa Nama,-6.2941793,106.6203259
JPO Tanpa Nama,-6.293883841468281,106.62073700639115
JPO Tanpa Nama,-6.293890965805104,106.62053040097237
JPO Tanpa Nama,-6.29352015,106.62056954999998
JPO Tanpa Nama,-6.29316865,106.62067065
JPO Tanpa Nama,-6.292328200000001,106.62234739999998
JPO Tanpa Nama,-6.293533327062893,106.6215463788983
JPO Tanpa Nama,-6.22378305,106.62584220000001
JPO Tanpa Nama,-6.292230249999999,106.82015575
JPO Tanpa Nama,-6.2795156427104395,106.82890331881833
JPO Tanpa Nama,-6.27939084619145,106.8290469216672
JPO Tanpa Nama,-6.286186824499726,106.82611273246926
JPO Tanpa Nama,-6.188558249999999,106.79677075000001
JPO Tanpa Nama,-6.286324236464246,106.82592269789325
JPO Tanpa Nama,-6.286089685496122,106.82605976006025
JPO Tanpa Nama,-6.147761900000001,106.9086026
JPO Tanpa Nama,-6.24648965,106.87319915
JPO Tanpa Nama,-6.243288299999999,106.85865325
JPO Tanpa Nama,-6.245074699999999,106.86844145
JPO Tanpa Nama,-6.24526745,106.86830839999998
Jalan Kebayoran Baru,-6.239232996927868,106.78417656099012
Jalan Kebayoran Baru,-6.238679515061294,106.78107340965076
JPO Tanpa Nama,-6.1577961000000005,106.89916995
JPO Tanpa Nama,-6.114670500000001,106.68716375
JPO Tanpa Nama,-6.248029192958785,106.82633180568806
JPO Tanpa Nama,-6.248337508794988,106.8263679757441
LRT Jakarta,-6.176313473938234,106.89595970055589
JPO Tanpa Nama,-6.22133975,106.80958749999999
JPO Tanpa Nama,-6.112468750000001,106.75261585
JPO Tanpa Nama,-6.1128445,106.75036320000001
JPO Tanpa Nama,-6.254469890324229,106.8274139035138
JPO Tanpa Nama,-6.2541323494767775,106.82732007713807
JPO Tanpa Nama,-6.11154355,106.74199540000001
JPO Tanpa Nama,-6.11213065,106.7427553
JPO Tanpa Nama,-6.11261365,106.74388715
JPO Tanpa Nama,-6.1128088,106.74706344999998
JPO Tanpa Nama,-6.11310415,106.74918825
JPO Tanpa Nama,-6.2453822,106.8757076
JPO Tanpa Nama,-6.24810595,106.80651295
JPO Tanpa Nama,-6.11076005,106.7410439
JPO Tanpa Nama,-6.0927279,106.74394705
JPO Tanpa Nama,-6.09382685,106.7432753
JPO Tanpa Nama,-6.0931826000000004,106.74366855
JPO Tanpa Nama,-6.09483245,106.7426657
Jalan Dharmawangsa IV,-6.2549304,106.80123115
JPO Tanpa Nama,-6.236936249999999,106.67783825000001
JPO Tanpa Nama,-6.23078705,106.68464614999999
JPO Tanpa Nama,-6.255668723740234,106.84308656957916
JPO Tanpa Nama,-6.255376873722341,106.84300284795641
Jalan Tol Profesor Doktor Sedyatmo,-6.110400207765786,106.72840342352696
Jalan Tol Profesor Doktor Sedyatmo,-6.1037066847702715,106.72195878631123
JPO Tanpa Nama,-6.2409926,106.67575295000002
JPO Tanpa Nama,-6.23914965,106.67696065000001
JPO Tanpa Nama,-6.2374494,106.6776142
JPO Tanpa Nama,-6.30258705,106.8594358
JPO Tanpa Nama,-6.2247245,106.70328409999999
JPO Tanpa Nama,-6.285155212214641,106.8440566576708
JPO Tanpa Nama,-6.3018969,106.8679789
JPO Tanpa Nama,-6.302137350000001,106.86799250000001
JPO Tanpa Nama,-6.29759135,106.87116585
JPO Tanpa Nama,-6.243456849999999,106.8513799
JPO Tanpa Nama,-6.142892558779121,106.88674134706297
Jalan Pegangsaan Dua,-6.16445705,106.91689629999999
JPO Tanpa Nama,-6.241849698510297,106.79038839244984
JPO Tanpa Nama,-6.24174075,106.8375667
JPO Tanpa Nama,-6.24146765,106.83774225
JPO Tanpa Nama,-6.246016858329005,106.8754483498555
JPO Tanpa Nama,-6.228597850000001,106.79824514999999
JPO Tanpa Nama,-6.226973134949842,106.79804469756478
JPO Tanpa Nama,-6.299856800000001,106.86950454999999
JPO Tanpa Nama,-6.3003914000000005,106.8690666
Jalan Selamat,-6.3015101,106.86805175
Jalan Selamat,-6.3014356,106.86794535
JPO Tanpa Nama,-6.3026775,106.86716745000001
JPO Tanpa Nama,-6.13775355,106.87037705
JPO Tanpa Nama,-6.243369414325064,106.85774668931352
JPO Tanpa Nama,-6.243162019723204,106.84748870085178
JPO Tanpa Nama,-6.17188615,106.82178970000001
JPO Tanpa Nama,-6.1723599999999985,106.82184864999999
JPO Tanpa Nama,-6.17231665,106.82184495
JPO Tanpa Nama,-6.227733049999999,106.84721680000001
Jalan Pos Kota,-6.13390265,106.8135537
JPO Tanpa Nama,-6.239769,106.80357695000001
JPO Tanpa Nama,-6.239804342699873,106.8046799352727
JPO Tanpa Nama,-6.224921012924147,106.81053600008552
JPO Tanpa Nama,-6.239994197425657,106.80124160139107
Jalan Palem Raja Utara,-6.12316135,106.70588635
JPO Tanpa Nama,-6.1354746,106.82880895
JPO Tanpa Nama,-6.150973464396629,106.88850544756491
JPO Tanpa Nama,-6.3023868,106.85926985
JPO Tanpa Nama,-6.302356249999999,106.85880949999999
JPO Tanpa Nama,-6.150945820232761,106.88900053618835
JPO Tanpa Nama,-6.2622564,106.8519189
JPO Tanpa Nama,-6.26230715,106.85212245
JPO Tanpa Nama,-6.2619032,106.85230815
JPO Tanpa Nama,-6.2618142500000005,106.85212139999999
JPO Tanpa Nama,-6.26204965,106.85208094999999
JPO Tanpa Nama,-6.213924192588344,106.80053613315978
JPO Tanpa Nama,-6.2369226,106.82693355
JPO Tanpa Nama,-6.2372036632320045,106.82730866536261
JPO Tanpa Nama,-6.25972335,106.84318375000001
JPO Tanpa Nama,-6.2598157,106.84316315000001
JPO Tanpa Nama,-6.25994385,106.84315375
JPO Tanpa Nama,-6.239225757828302,106.7848793343434
JPO Tanpa Nama,-6.2395282414012,106.78532310834592
JPO Tanpa Nama,-6.23938719811569,106.78511343091913
JPO Tanpa Nama,-6.151771750000001,106.89805335
JPO Tanpa Nama,-6.15182875,106.89817075
JPO Tanpa Nama,-6.2710595,106.80120905000001
JPO Tanpa Nama,-6.151714,106.89792160000002
Jalan Bendungan Hilir,-6.20757415,106.81089455
JPO Tanpa Nama,-6.21106415,106.8126353
JPO Tanpa Nama,-6.259403349999999,106.84321125000001
JPO Tanpa Nama,-6.25940505,106.84324810000001
JPO Tanpa Nama,-6.24137895,106.83522844999999
JPO Tanpa Nama,-6.17199485,106.91219305
JPO Tanpa Nama,-6.2422448,106.82571265
JPO Tanpa Nama,-6.2520386,106.82695705000002
JPO Tanpa Nama,-6.203866849999999,106.80159785000001
JPO Tanpa Nama,-6.203302450000001,106.8031696
JPO Tanpa Nama,-6.258674899999999,106.83799205
JPO Tanpa Nama,-6.11226205,106.78945999999999
JPO Tanpa Nama,-6.265796587363448,106.79739501115664
JPO Tanpa Nama,-6.265191762503103,106.83464953201378
JPO Tanpa Nama,-6.29763055,106.87119505
JPO Tanpa Nama,-6.297439999999999,106.8711342
JPO Tanpa Nama,-6.109971249999999,106.7783122
JPO Tanpa Nama,-6.198048849999998,106.82849665
JPO Tanpa Nama,-6.196750540010101,106.82869136757215
JPO Tanpa Nama,-6.285141100000001,106.8369161
Jalan Pulo Mas I,-6.1772024,106.881091
Jalan Pulo Mas III,-6.1780204,106.8835658
JPO Tanpa Nama,-6.20824405,106.83048785
JPO Tanpa Nama,-6.208111467510118,106.83020143037119
JPO Tanpa Nama,-6.127452699999999,106.89490815
JPO Tanpa Nama,-6.127432499999999,106.8946366
JPO Tanpa Nama,-6.15748505,106.79659075000001
JPO Tanpa Nama,-6.1575757499999995,106.7963373
JPO Tanpa Nama,-6.16264355,106.79875455
JPO Tanpa Nama,-6.16274095,106.798517
JPO Tanpa Nama,-6.15855755,106.81073265
JPO Tanpa Nama,-6.25669435,106.82804104999998
JPO Tanpa Nama,-6.15570295,106.80173375000001
JPO Tanpa Nama,-6.1564308,106.80173260000001
JPO Tanpa Nama,-6.15500975,106.80165155
JPO Tanpa Nama,-6.13761535,106.87011154999999
JPO Tanpa Nama,-6.137855849999999,106.8701645
JPO Tanpa Nama,-6.196638549999999,106.85118165
JPO Tanpa Nama,-6.243682385620065,106.82580399896213
JPO Tanpa Nama,-6.11566245,106.88364844999998
JPO Tanpa Nama,-6.28445275,106.8713627
JPO Tanpa Nama,-6.286176265007914,106.87091388743258
JPO Tanpa Nama,-6.2776327,106.84553105
JPO Tanpa Nama,-6.26845765,106.84558745000001
JPO Tanpa Nama,-6.2668458000000005,106.8444744
JPO Tanpa Nama,-6.2308447000000005,106.8168633
JPO Tanpa Nama,-6.23154955,106.81688185
JPO Tanpa Nama,-6.1492734,106.80743655
JPO Tanpa Nama,-6.255788799784654,106.85411362392765
JPO Tanpa Nama,-6.255654609521267,106.8494775282141
JPO Tanpa Nama,-6.09429665,106.7429905
JPO Tanpa Nama,-6.255620999737966,106.84679856982538
JPO Tanpa Nama,-6.11515565,106.89312495
JPO Tanpa Nama,-6.1486327,106.79850210000001
Jalan Tol Akses Tanjung Priok,-6.111081500000001,106.89311935
Jalan Tol Akses Tanjung Priok,-6.1114673,106.8931067
Jalan Tol Akses Tanjung Priok,-6.11376125,106.89301259999999
Jalan Tol Akses Tanjung Priok,-6.11274955,106.89305025
Jalan Tol Akses Tanjung Priok,-6.11376025,106.89309994999999
Jalan Tol Akses Tanjung Priok,-6.1127599,106.89314064999999
JPO Tanpa Nama,-6.11145685,106.8931097
JPO Tanpa Nama,-6.13044225,106.83122864999999
JPO Tanpa Nama,-6.14452,106.83216075
JPO Tanpa Nama,-6.1270235,106.80115640000001
JPO Tanpa Nama,-6.2692986,106.86054165
Jalan Dharmawangsa Raya,-6.2547984644742005,106.80126729590181
JPO Tanpa Nama,-6.140183449999999,106.82192894999999
Jalan Warakas IX Gang 13,-6.12503265,106.8768752
JPO Tanpa Nama,-6.3006026245263875,106.86915422972292
JPO Tanpa Nama,-6.12595975,106.8143121
JPO Tanpa Nama,-6.29635905,106.8713578
JPO Tanpa Nama,-6.29092505,106.87144009999999
Jalan Janur Elok Raya,-6.1460496,106.90156985
Jalan Gading Kirana,-6.1459266,106.9014351
JPO Tanpa Nama,-6.28781665,106.8739494
JPO Tanpa Nama,-6.2886096,106.87588174999999
JPO Tanpa Nama,-6.2889761,106.87668679999999
JPO Tanpa Nama,-6.3009666499999994,106.77865205
JPO Tanpa Nama,-6.116682440230073,106.78460676550691
JPO Tanpa Nama,-6.15123975,106.81707829999999
JPO Tanpa Nama,-6.1512237,106.81715695
JPO Tanpa Nama,-6.151188599999999,106.81730115000002
JPO Tanpa Nama,-6.1530501,106.81758074999999
JPO Tanpa Nama,-6.15306335,106.81750034999999
JPO Tanpa Nama,-6.1530187000000005,106.81774300000001
JPO Tanpa Nama,-6.119069050000001,106.7941342
JPO Tanpa Nama,-6.15589255,106.81822755
JPO Tanpa Nama,-6.155918197241026,106.81808621655384
JPO Tanpa Nama,-6.119154,106.88790180000002
JPO Tanpa Nama,-6.1183932500000004,106.88765889999999
JPO Tanpa Nama,-6.2836643,106.84395445000001
JPO Tanpa Nama,-6.126345349999999,106.8901775
JPO Tanpa Nama,-6.171390643604855,106.82779686406796
JPO Tanpa Nama,-6.278085900000001,106.84538245
JPO Tanpa Nama,-6.27572695,106.84594085
JPO Tanpa Nama,-6.276519599999999,106.84579950000001
JPO Tanpa Nama,-6.26663235,106.84438595000002
JPO Tanpa Nama,-6.2676048,106.84506855000001
JPO Tanpa Nama,-6.26783675,106.8452382
JPO Tanpa Nama,-6.26556715,106.84386325
JPO Tanpa Nama,-6.2657365,106.8439722
JPO Tanpa Nama,-6.26629255,106.84420545
JPO Tanpa Nama,-6.265137299999999,106.84367635000001
JPO Tanpa Nama,-6.265531499999999,106.84386094999999
JPO Tanpa Nama,-6.2655002,106.84384905
JPO Tanpa Nama,-6.2637551,106.8431981
JPO Tanpa Nama,-6.26383105,106.84321835
Jalan Kalibata Selatan II G,-6.26394085,106.8432336
Jalan Raya Pelabuhan,-6.1074205,106.89629140000001
Jalan Warakas Raya,-6.12657735,106.88377455
JPO Tanpa Nama,-6.263461550000001,106.84315605
JPO Tanpa Nama,-6.2635029,106.8431587
JPO Tanpa Nama,-6.26361545,106.84316525
JPO Tanpa Nama,-6.2632106,106.84314044999999
JPO Tanpa Nama,-6.263252949999999,106.84313734999999
JPO Tanpa Nama,-6.263024599999999,106.84315985
Jalan Jampea,-6.107590176943164,106.89813720245037
JPO Tanpa Nama,-6.27198065,106.84622425
JPO Tanpa Nama,-6.273395750000001,106.84616725000001
Jalan Tol Akses Tanjung Priok,-6.10801525,106.90043204999999
Jalan Tol Akses Tanjung Priok,-6.10774705,106.89781045
Jalan Tol Akses Tanjung Priok,-6.107631249999999,106.89633845
JPO Tanpa Nama,-6.249668449923835,106.79765634849466
JPO Tanpa Nama,-6.2496406494681125,106.79740739442609
JPO Tanpa Nama,-6.166495348339719,106.91532103940332
Jalan Jampea,-6.108575,106.9068365
JPO Tanpa Nama,-6.108740588752366,106.90840475587609
Jalan Boulevard,-6.14130605,106.83301465
JPO Tanpa Nama,-6.18735635,106.83004535000002
JPO Tanpa Nama,-6.226585545658051,106.82591555587302
JPO Tanpa Nama,-6.144598894653798,106.83409895529132
JPO Tanpa Nama,-6.225105981627489,106.82590061340716
JPO Tanpa Nama,-6.1870521549179385,106.82508983601736
JPO Tanpa Nama,-6.167831734838749,106.91629241784524
JPO Tanpa Nama,-6.167270206725506,106.91638554987767
JPO Tanpa Nama,-6.167427277528965,106.91626593896618
JPO Tanpa Nama,-6.1678705097211335,106.91623507077922
Boulevard Timur,-6.1656660500000005,106.91390845000001
Jalan Jampea,-6.10878975,106.90675335
JPO Tanpa Nama,-6.1881204499999996,106.83276759999998
JPO Tanpa Nama,-6.16516405,106.8162823
JPO Tanpa Nama,-6.165255650000001,106.81628455
JPO Tanpa Nama,-6.1653215,106.8162799
JPO Tanpa Nama,-6.189416799999999,106.83139925
JPO Tanpa Nama,-6.18893345,106.83190609999998
JPO Tanpa Nama,-6.188725599999999,106.8321208
JPO Tanpa Nama,-6.19070945,106.8300423
JPO Tanpa Nama,-6.1906086,106.83014245000001
JPO Tanpa Nama,-6.160708831452253,106.79105318059116
JPO Tanpa Nama,-6.161186180800219,106.79033923702839
JPO Tanpa Nama,-6.131715342373779,106.89113820856312
JPO Tanpa Nama,-6.25799585,106.84348440000001
Jalan Jembatan Dua,-6.1364072499999995,106.79288819999998
Jalan Jembatan Dua Flyover,-6.1424745000000005,106.79339440000001
Jalan Bendungan Jati Luhur,-6.21235395,106.80938094999999
JPO Tanpa Nama,-6.18089455,106.81750535
Jalan Budi Kemuliaan,-6.1798761,106.8181998
JPO Tanpa Nama,-6.30072745,106.883027
JPO Tanpa Nama,-6.3059954000000005,106.88004995
JPO Tanpa Nama,-6.1492016549769515,106.74817550015264
JPO Tanpa Nama,-6.2516169,106.84248769999999
Jalan Kyai Haji Fakhrudin,-6.182014288075718,106.81671937899488
JPO Tanpa Nama,-6.125281318544789,106.80047003058894
JPO Tanpa Nama,-6.1251897500000005,106.8026872
JPO Tanpa Nama,-6.203099199187527,106.84644270608614
JPO Tanpa Nama,-6.2033090899446055,106.84671986479104
JPO Tanpa Nama,-6.203052914639447,106.84692173391808
JPO Tanpa Nama,-6.1599607,106.8177721
JPO Tanpa Nama,-6.1606138999999995,106.81342375
JPO Tanpa Nama,-6.218886550000001,106.7921814
JPO Tanpa Nama,-6.2357304,106.78060775
JPO Tanpa Nama,-6.235733150000001,106.78051640000001
JPO Tanpa Nama,-6.2354865,106.78051980000001
JPO Tanpa Nama,-6.23560165063924,106.78055886529823
Jalan Lada,-6.13698655,106.8142609
Jalan Lada,-6.135689653048196,106.81407138947894
JPO Tanpa Nama,-6.1387072786631505,106.81369941642504
JPO Tanpa Nama,-6.1668959,106.79065625
JPO Tanpa Nama,-6.166589150000001,106.79063145
JPO Tanpa Nama,-6.16667165,106.79341865
JPO Tanpa Nama,-6.2010624,106.8427506
JPO Tanpa Nama,-6.16638665,106.79784775
JPO Tanpa Nama,-6.1659214,106.8046811
JPO Tanpa Nama,-6.2202546000000005,106.6136355
JPO Tanpa Nama,-6.194331750000001,106.82886245
JPO Tanpa Nama,-6.15875225,106.79650415
JPO Tanpa Nama,-6.1595017499999996,106.7968344
JPO Tanpa Nama,-6.1660866,106.79738465
JPO Tanpa Nama,-6.33824775,106.69803319999998
Jalan Tebet Utara II A,-6.225915049999999,106.8577129
JPO Tanpa Nama,-6.200666249999999,106.8592074
JPO Tanpa Nama,-6.16579525,106.78385080000001
JPO Tanpa Nama,-6.25607535,106.85527685
JPO Tanpa Nama,-6.28688015,106.7955961
JPO Tanpa Nama,-6.281473763034913,106.79622692962681
JPO Tanpa Nama,-6.1869088571632105,106.82329004736286
JPO Tanpa Nama,-6.186993427568623,106.82288796440103
JPO Tanpa Nama,-6.18701945,106.8233151
JPO Tanpa Nama,-6.187122004424215,106.82315453870002
Jalan Gedong Panjang,-6.128542250000001,106.80498575
Jalan Dewisartika,-6.170787499999999,106.63527725
JPO Tanpa Nama,-6.1747467,106.6497554
Jalan Sawo,-6.3390424,106.71299149999999
JPO Tanpa Nama,-6.201057695175718,106.81555325440951
JPO Tanpa Nama,-6.341427599999999,106.7149924
JPO Tanpa Nama,-6.1712679999999995,106.6715333
JPO Tanpa Nama,-6.34271695,106.71511065000001
JPO Tanpa Nama,-6.240184049999999,106.82885125
JPO Tanpa Nama,-6.173350742846583,106.81143778220303
JPO Tanpa Nama,-6.308658749999999,106.71451035
JPO Tanpa Nama,-6.30865695,106.71445105000001
JPO Tanpa Nama,-6.3086552000000005,106.71439325
JPO Tanpa Nama,-6.19446025,106.6901055
JPO Tanpa Nama,-6.186010400000001,106.6822128
JPO Tanpa Nama,-6.187518,106.683009
JPO Tanpa Nama,-6.1899531,106.6865233
JPO Tanpa Nama,-6.176220482252709,106.80133131762437
JPO Tanpa Nama,-6.17765471671305,106.79929860325566
JPO Tanpa Nama,-6.2486618,106.7976621
JPO Tanpa Nama,-6.17350435,106.6379465
JPO Tanpa Nama,-6.178293322328992,106.84240902684866
JPO Tanpa Nama,-6.223985661118392,106.80562035136295
Jalan Orchard Barat 7,-6.1454124,106.91814980000002
JPO Tanpa Nama,-6.2245648,106.7981915
JPO Tanpa Nama,-6.2366534,106.84413769999999
Jalan Ketapang,-6.2822510000000005,106.83396685
JPO Tanpa Nama,-6.16824885,106.81073749999999
JPO Tanpa Nama,-6.1682577,106.81062610000001
JPO Tanpa Nama,-6.16824015,106.81084665
JPO Tanpa Nama,-6.1666255,106.79023505000002
JPO Tanpa Nama,-6.145485799999999,106.9095966
JPO Tanpa Nama,-6.151981424142524,106.8906458586418
Cempaka Putih Barat 26,-6.1834663,106.86934625
Jalan Asemka,-6.14130045,106.8066905
JPO Tanpa Nama,-6.1753812,106.6510361
JPO Tanpa Nama,-6.1419257,106.8139674
JPO Tanpa Nama,-6.14146715,106.81328445
JPO Tanpa Nama,-6.14126365,106.81290780000002
JPO Tanpa Nama,-6.1701511127005855,106.63962677938055
Jalan Asemka,-6.140771839014404,106.80669364444037
Jalan Asemka,-6.141073600000001,106.80650405
Pasar Pagi Flyover,-6.14168075,106.8065698
JPO Tanpa Nama,-6.1412482304916045,106.80679758519696
JPO Tanpa Nama,-6.3094833,106.7058388
Jalan Pulo Mas Selatan,-6.18051645,106.87600585
Jalan Nanas II,-6.19867645,106.8691199
Jalan Gading Kirana,-6.1458226499999995,106.90149435000001
JPO Tanpa Nama,-6.1974852,106.8687875
JPO Tanpa Nama,-6.1975,106.86873975
JPO Tanpa Nama,-6.197517700000001,106.86868240000001
JPO Tanpa Nama,-6.157288000000001,106.9073702
JPO Tanpa Nama,-6.1679103,106.7878741
Tol Dalam Kota Jakarta,-6.1832656892469435,106.79684009198671
JPO Tanpa Nama,-6.1603075,106.90745609999999
JPO Tanpa Nama,-6.169835156992379,106.78797911139529
JPO Tanpa Nama,-6.1890719999999995,106.96480065000002
JPO Tanpa Nama,-6.18924325,106.96473149999998
JPO Tanpa Nama,-6.189184549651885,106.96481889919443
JPO Tanpa Nama,-6.187555200747975,106.95986255906286
JPO Tanpa Nama,-6.18749845,106.95994145
JPO Tanpa Nama,-6.18769375,106.9600537
Gang Haji Saji,-6.310293849999999,106.73912419999999
Jalan Profesor Doktor Hamka,-6.225932349999999,106.83296580000001
Jalan Profesor Doktor Hamka,-6.22570445,106.83296204999999
Jalan Profesor Doktor Hamka,-6.225610218483781,106.83144940478107
Jalan Profesor Doktor Hamka,-6.2258000632371955,106.83420889201524
JPO Tanpa Nama,-6.108921349999999,106.73922454999999
JPO Tanpa Nama,-6.1099038,106.73866665
JPO Tanpa Nama,-6.31115695,106.69901655
Jalan Menteng Tenggulun,-6.2060998000000005,106.8437561
JPO Tanpa Nama,-6.191904599999999,106.6711926
JPO Tanpa Nama,-6.2020351,106.90458685
JPO Tanpa Nama,-6.2903474,106.6397461
JPO Tanpa Nama,-6.331444867769788,106.72121386287904
JPO Tanpa Nama,-6.182566700000001,106.6383727
JPO Tanpa Nama,-6.1714459,106.63766465
JPO Tanpa Nama,-6.358043,106.73107205
Jalan Pahlawan Taruna,-6.1761075499999984,106.63804350000001
JPO Tanpa Nama,-6.16751925,106.63991595000002
JPO Tanpa Nama,-6.1735076499999995,106.63785905
JPO Tanpa Nama,-6.17351055,106.6377822
JPO Tanpa Nama,-6.167582014957848,106.78871514990152
JPO Tanpa Nama,-6.167384166743406,106.78820950856134
JPO Tanpa Nama,-6.16760365,106.78867940000002
JPO Tanpa Nama,-6.3246812577458185,106.68859207470659
Gang Venas,-6.182135499999999,106.85168450000002
JPO Tanpa Nama,-6.183096750000001,106.85165169999999
JPO Tanpa Nama,-6.183115000000001,106.8517716
JPO Tanpa Nama,-6.17362305,106.7908719
Jalan Raya Gading Kusuma,-6.173192,106.9080692
Jalan Tarian Barat Raya,-6.1733372,106.90830919999999
Jalan Inspeksi Kali Sunter,-6.1548034,106.88678474999999
JPO Tanpa Nama,-6.169342149999999,106.9137765
JPO Tanpa Nama,-6.3185372,106.68758475
JPO Tanpa Nama,-6.31857,106.68772615
JPO Tanpa Nama,-6.31837715,106.68763165
Jalan Letnan Jenderal Siswondo Parman,-6.167382600000001,106.78808599999999
Jalan Letnan Jenderal Siswondo Parman,-6.168379705546105,106.78791221591531
Jalan Tol Cawang–Pluit,-6.167356099999999,106.78821110000001
Jalan Tol Cawang–Pluit,-6.168488286422608,106.78810322404155
Jalan Tol Cawang–Pluit,-6.1674131,106.7883185
Jalan Tol Cawang–Pluit,-6.165812961910068,106.7888368527788
Jalan Letnan Jenderal Siswondo Parman,-6.1685047002619235,106.7883645854924
Jalan Letnan Jenderal Siswondo Parman,-6.1675246,106.78843945
JPO Tanpa Nama,-6.32320165,106.69048029999999
JPO Tanpa Nama,-6.3230341,106.69061575
JPO Tanpa Nama,-6.3231181,106.69054754999999
JPO Tanpa Nama,-6.3231461000000015,106.69076745000001
JPO Tanpa Nama,-6.3232301,106.69069925
JPO Tanpa Nama,-6.32331165,106.69063375
Jalan Keramat Beringin II,-6.32273135,106.690033
JPO Tanpa Nama,-6.185620649999999,106.66760095000001
JPO Tanpa Nama,-6.16796835,106.63754800000001
JPO Tanpa Nama,-6.1680578,106.63744075
JPO Tanpa Nama,-6.21429545,106.97636804999999
JPO Tanpa Nama,-6.314879449999999,106.68669844999998
JPO Tanpa Nama,-6.28061035,106.8709351
JPO Tanpa Nama,-6.2813836,106.87152685
JPO Tanpa Nama,-6.171174199999999,106.64395889999999
JPO Tanpa Nama,-6.171449706332423,106.6441500048088
JPO Tanpa Nama,-6.3193672,106.71891869999997
JPO Tanpa Nama,-6.1713199,106.64413965
Jalan Profesor Dokter Latumeten,-6.167008733301057,106.78855669479266
JPO Tanpa Nama,-6.23776085,106.9561536
Jalan Kemuning III,-6.250138480364692,106.69456611757775
JPO Tanpa Nama,-6.173969071529261,106.64417553063173
Jalan Gading Raya,-6.2022093,106.88271664999999
JPO Tanpa Nama,-6.181477761023756,106.88497409915217
JPO Tanpa Nama,-6.156109450000001,106.8869061
JPO Tanpa Nama,-6.156043900000001,106.88694344999999
JPO Tanpa Nama,-6.15677475,106.8865649
JPO Tanpa Nama,-6.1566415,106.8866398
JPO Tanpa Nama,-6.184554616960583,106.64790266288027
Jalan Haji Ten,-6.18873815,106.88116375000001
Jalan Layur,-6.2025296,106.89702950000002
Jalan Tenggiri,-6.2023585,106.8942547
JPO Tanpa Nama,-6.1948068,106.97324895
Jalan Raya Bandara,-6.1221060000000005,106.6614318
JPO Tanpa Nama,-6.1574969500000005,106.88610805
JPO Tanpa Nama,-6.328366519276312,106.7238842974725
Jalan Asalea Mas I,-6.330485533105962,106.72393560421526
JPO Tanpa Nama,-6.2284445999999996,106.9829304
JPO Tanpa Nama,-6.17989435,106.86682085000001
JPO Tanpa Nama,-6.17984065,106.86688475
JPO Tanpa Nama,-6.1799423,106.86676285
Jalan Swasembada Timur XV,-6.1209788,106.88854165000001
JPO Tanpa Nama,-6.1191276000000006,106.88797924999999
JPO Tanpa Nama,-6.11914095,106.88794005
JPO Tanpa Nama,-6.11839005,106.88769385
JPO Tanpa Nama,-6.11838655,106.8877292
Jalan Swasembada Timur XXVI,-6.1163855,106.88835290000002
Jalan Ganggeng XII,-6.121258799999999,106.88201030000002
Gang 10,-6.1258958,106.8786024
JPO Tanpa Nama,-6.174446700000001,106.85203275
JPO Tanpa Nama,-6.17443895,106.8521657
JPO Tanpa Nama,-6.361589660770389,106.83114829453214
JPO Tanpa Nama,-6.36130425,106.83064725
JPO Tanpa Nama,-6.361807413079214,106.83006134498044
JPO Tanpa Nama,-6.362695613577111,106.82969388482702
JPO Tanpa Nama,-6.362031532664163,106.82953276473306
JPO Tanpa Nama,-6.362531166693263,106.82923008875233
JPO Tanpa Nama,-6.36213987065216,106.82952800744046
JPO Tanpa Nama,-6.3624837967979495,106.82946572242214
JPO Tanpa Nama,-6.362286511905565,106.82934882432423
JPO Tanpa Nama,-6.36225305,106.82957385
JPO Tanpa Nama,-6.362577833893032,106.829072541626
JPO Tanpa Nama,-6.362825642432201,106.82922873231712
JPO Tanpa Nama,-6.36289736577074,106.82890263233661
JPO Tanpa Nama,-6.363168831643427,106.82895430558999
JPO Tanpa Nama,-6.363167900437235,106.82933711426804
JPO Tanpa Nama,-6.363037222316822,106.8296312714024
JPO Tanpa Nama,-6.36290787457955,106.82944694935577
JPO Tanpa Nama,-6.363048917040178,106.82956382797114
JPO Tanpa Nama,-6.3628371,106.829242
JPO Tanpa Nama,-6.3632745,106.8294352
JPO Tanpa Nama,-6.363178641369641,106.82886719493712
JPO Tanpa Nama,-6.3632618999999995,106.82872705
JPO Tanpa Nama,-6.362272160863442,106.82885565666118
JPO Tanpa Nama,-6.362582633677445,106.83020544927358
JPO Tanpa Nama,-6.363003526937234,106.8294787193739
JPO Tanpa Nama,-6.361810648770654,106.82906509331204
JPO Tanpa Nama,-6.364001868805806,106.82957149053051
JPO Tanpa Nama,-6.361769735034025,106.83011394608711
JPO Tanpa Nama,-6.1994394,106.64142915
JPO Tanpa Nama,-6.128978350000001,106.84782445
Jalan Pulo Gundul,-6.182922950000001,106.85155145
JPO Tanpa Nama,-6.31352345,106.69413420000001
JPO Tanpa Nama,-6.313954150000001,106.682737
JPO Tanpa Nama,-6.2323497,106.98858584999999
JPO Tanpa Nama,-6.17692365,106.8787266
JPO Tanpa Nama,-6.17793865,106.88633205
JPO Tanpa Nama,-6.177887831630945,106.88622365858215
JPO Tanpa Nama,-6.177790393304618,106.88630065647295
JPO Tanpa Nama,-6.190028650000001,106.8830511
Gang Al Fathir,-6.17202905,106.67912614999999
JPO Tanpa Nama,-6.173437699999999,106.67871105
JPO Tanpa Nama,-6.173454999999999,106.67877259999999
JPO Tanpa Nama,-6.17347485,106.6788359
JPO Tanpa Nama,-6.3139581499999995,106.696398
JPO Tanpa Nama,-6.1726510999999995,106.67895004999998
JPO Tanpa Nama,-6.1985765070061944,106.97528955797425
JPO Tanpa Nama,-6.3088581999999995,106.71119680000001
JPO Tanpa Nama,-6.1723111500000005,106.8891527
JPO Tanpa Nama,-6.21303845,106.62930800000001
JPO Tanpa Nama,-6.2130503,106.6292923
JPO Tanpa Nama,-6.17594225,106.68654315
JPO Tanpa Nama,-6.3082693216796955,106.70179739044399
JPO Tanpa Nama,-6.1928997016431575,106.8800629168509
Jalan Tugu Karya,-6.17960195,106.67727355
JPO Tanpa Nama,-6.192080674518877,106.92294589118043
JPO Tanpa Nama,-6.18358765,106.67656705
JPO Tanpa Nama,-6.178552249999999,106.6775639
JPO Tanpa Nama,-6.34315775,106.7407812
JPO Tanpa Nama,-6.2220827,106.86448550000001
JPO Tanpa Nama,-6.225245,106.86296780000002
JPO Tanpa Nama,-6.1936468,106.6760161
Gang Haji Amud,-6.19226715,106.67580004999999
Jalan Jenderal Basuki Rahmat,-6.2245615999999995,106.87018975000001
JPO Tanpa Nama,-6.2015769,106.92277189999999
JPO Tanpa Nama,-6.2055343999999995,106.85790689999999
JPO Tanpa Nama,-6.205408099999999,106.85821385000001
Jalan Yos Sudarso,-6.166161947873698,106.87920511832235
JPO Tanpa Nama,-6.1997785499999996,106.8691833
JPO Tanpa Nama,-6.19978325,106.8692392
JPO Tanpa Nama,-6.1997756,106.86912885
JPO Tanpa Nama,-6.2009305999999995,106.8690556
JPO Tanpa Nama,-6.2009373,106.86911855
JPO Tanpa Nama,-6.2009241,106.86899454999998
JPO Tanpa Nama,-6.19505205,106.868364
JPO Tanpa Nama,-6.1950753,106.86840839999998
JPO Tanpa Nama,-6.19502975,106.86832155
JPO Tanpa Nama,-6.19645885,106.86842195
JPO Tanpa Nama,-6.1964476,106.8684657
JPO Tanpa Nama,-6.1964805,106.86835835
JPO Tanpa Nama,-6.197187250000001,106.86864299999999
JPO Tanpa Nama,-6.1971698,106.86869469999999
JPO Tanpa Nama,-6.19720765,106.86858225
JPO Tanpa Nama,-6.18757255,106.66171515
Jalan Mujair VI,-6.3198003499999995,106.73042715
JPO Tanpa Nama,-6.183613599999998,106.92859100000001
JPO Tanpa Nama,-6.21517009936052,106.87349287042424
JPO Tanpa Nama,-6.349600400000001,106.73951595
JPO Tanpa Nama,-6.184924817563126,106.94687085679568
JPO Tanpa Nama,-6.175243631264513,106.64908629973941
JPO Tanpa Nama,-6.175198450000001,106.6480447
JPO Tanpa Nama,-6.18365355,106.92620260000001
JPO Tanpa Nama,-6.2381854,106.99306545
JPO Tanpa Nama,-6.23828215,106.99334635
JPO Tanpa Nama,-6.2382949,106.99338505
JPO Tanpa Nama,-6.182632311527366,106.9159081180316
JPO Tanpa Nama,-6.1826396,106.9161106
Jembatan Telkomsel,-6.2381563,106.99453470000002
JPO Tanpa Nama,-6.2283662500000005,106.98293275
JPO Tanpa Nama,-6.22856195,106.98290709999999
Jalur Kereta Api Jakarta Kota–Cikampek,-6.2138956499999995,106.91013985000001
Jalur Kereta Api Jakarta Kota–Cikampek,-6.213860399999999,106.9101473
JPO Tanpa Nama,-6.213807207101609,106.90715441253899
JPO Tanpa Nama,-6.264526999999999,106.6697808
JPO Tanpa Nama,-6.2646200499999996,106.66973725
JPO Tanpa Nama,-6.1989216,106.90492284999999
JPO Tanpa Nama,-6.214693363319814,106.91420536046503
JPO Tanpa Nama,-6.18730195,106.8754409
JPO Tanpa Nama,-6.187319977996187,106.87543053747775
JPO Tanpa Nama,-6.177357099617561,106.8274659735421
JPO Tanpa Nama,-6.177341103736375,106.82681823251069
Jalan Bujana Tirta 6,-6.20210535,106.8794172
JPO Tanpa Nama,-6.216038179223453,106.92688797653213
JPO Tanpa Nama,-6.183667799999999,106.8912776
JPO Tanpa Nama,-6.183646368046681,106.89132136451244
JPO Tanpa Nama,-6.183627850000001,106.8913455
JPO Tanpa Nama,-6.1836686499999995,106.89129620000001
JPO Tanpa Nama,-6.18361075,106.89135665
JPO Tanpa Nama,-6.18368905,106.89128495
JPO Tanpa Nama,-6.1836439500000004,106.89133475
JPO Tanpa Nama,-6.1836484,106.8913074
Jalur Kereta Api Jakarta Kota–Cikampek,-6.21815815,106.9454283
Jalur Kereta Api Jakarta Kota–Cikampek,-6.2181187,106.9454302
JPO Tanpa Nama,-6.1784066,106.84269175
JPO Tanpa Nama,-6.17364785,106.84310785
JPO Tanpa Nama,-6.173254999999999,106.8430832
JPO Tanpa Nama,-6.1722716,106.843009
JPO Tanpa Nama,-6.174330820860294,106.87657515849135
JPO Tanpa Nama,-6.1751270752762615,106.87637795476587
Jalan Tol Lingkar Wiyoto Wiyono,-6.174305587381362,106.87646864491295
Jalan Tol Lingkar Wiyoto Wiyono,-6.175184303235661,106.87627627838908
Jalan Tol Lingkar Wiyoto Wiyono,-6.174326300000001,106.87636144999999
Jalan Tol Lingkar Wiyoto Wiyono,-6.175424888181945,106.87613472585214
JPO Tanpa Nama,-6.174361946859967,106.87624648802647
JPO Tanpa Nama,-6.169927749999999,106.8428366
Jalan Tol Lingkar Wiyoto Wiyono,-6.1660663,106.8790101
Jalan Tol Lingkar Wiyoto Wiyono,-6.170016853412029,106.87756380469251
Jalan Yos Sudarso,-6.1661929,106.87879345
JPO Tanpa Nama,-6.1835857,106.925061
JPO Tanpa Nama,-6.1833861500000005,106.9251733
Jalan Tol Sunter–Pulo Gebang,-6.182612905890209,106.93567940131581
Jalan Tol Sunter–Pulo Gebang,-6.154545157833639,106.89530741058849
Jalan Tol Sunter–Pulo Gebang,-6.182938579690089,106.93403214371114
JPO Tanpa Nama,-6.187586500000001,106.95995255
JPO Tanpa Nama,-6.18921175,106.96489739999998
Jalan Pulo Lentut,-6.18939705,106.91065994999998
JPO Tanpa Nama,-6.21360703232065,106.90397983629624
JPO Tanpa Nama,-6.2134734727663785,106.89729127815514
Jalan KH. Wahid Hasyim,-6.185180482022432,106.83247525793261
Jalan Utan Panjang Barat,-6.164608299999999,106.85239985000001
JPO Tanpa Nama,-6.2007002,106.88599275000001
JPO Tanpa Nama,-6.199716500000001,106.8860109
JPO Tanpa Nama,-6.2023608,106.8932013
JPO Tanpa Nama,-6.20227875,106.8932059
JPO Tanpa Nama,-6.2021932500000005,106.89321104999999
JPO Tanpa Nama,-6.2025268,106.8957279
JPO Tanpa Nama,-6.2024586500000005,106.8957322
JPO Tanpa Nama,-6.2023811,106.89573709999999
JPO Tanpa Nama,-6.21195845,106.8967846
JPO Tanpa Nama,-6.2146493,106.8819426
JPO Tanpa Nama,-6.2152005,106.91819335
JPO Tanpa Nama,-6.21358465,106.90257695
JPO Tanpa Nama,-6.214346900000001,106.91143285
JPO Tanpa Nama,-6.2144429,106.91149945000001
JPO Tanpa Nama,-6.213653000000002,106.88990135
JPO Tanpa Nama,-6.2016158,106.8043497
JPO Tanpa Nama,-6.20160395,106.8045944
Jalan Letnan Sutopo,-6.308841651037723,106.68810949822051
Jalan Tol Cibitung–Cilincing,-6.145565092278978,107.0620035094084
Jalan Tol Cibitung–Cilincing,-6.145460570075531,107.06211868731083
Jalan Bintaro Utama I,-6.2714919,106.75592839999999
JPO Tanpa Nama,-6.1168529,106.63516025000001
JPO Tanpa Nama,-6.3171333,106.72677245
JPO Tanpa Nama,-6.317053781421166,106.72702766925792
JPO Tanpa Nama,-6.317243803693916,106.72655173132307
JPO Tanpa Nama,-6.36578625,106.8948314
JPO Tanpa Nama,-6.3622324,106.82926875000001
JPO Tanpa Nama,-6.32935085,106.7153188
JPO Tanpa Nama,-6.3170962,106.75098825
JPO Tanpa Nama,-6.22216396945775,106.63447378170324
JPO Tanpa Nama,-6.13963341295809,106.746425598318
Jalan Warakas V,-6.1254492,106.8789082
JPO Tanpa Nama,-6.329940985838793,106.83224707597489
Jalan Boulevard Barat,-6.15916205,106.9029956
Jalan Boulevard Barat,-6.1589374,106.90314914999999
Jalan Raya Kelapa Lilin,-6.1561003,106.90490875
Jalan Raya Kelapa Lilin,-6.1560127,106.90495734999999
JPO Tanpa Nama,-6.05299595,106.65440945
Jalan Tol Cawang–Pluit,-6.177788236976725,106.79498189359624
Jalan Tol Cawang–Pluit,-6.177347411493844,106.79432741540772
Jalan Raya Bandara,-6.12376649836827,106.66065138847249
Jalan Tebu,-6.380452950000001,106.80954684999999
JPO Tanpa Nama,-6.37700715,106.68701065
JPO Tanpa Nama,-6.37963935,106.85789065
Jalan Bima,-6.1847598,106.8099699
JPO Tanpa Nama,-6.1984655,106.91540570000001
JPO Tanpa Nama,-6.06860945,106.67538365
JPO Tanpa Nama,-6.060251,106.6789071
JPO Tanpa Nama,-6.258780683496305,106.99408339790295
Jalan Layang Cipendawa,-6.297450958857936,106.98467845565672
Jalan Layang Cipendawa,-6.297439381503129,106.98461395933731
Jalan Jembatan,-6.2788955,106.7105694
JPO Tanpa Nama,-6.264469571492704,106.71214978056221
Jalan Agung Indah 3,-6.142549,106.8771361
Jalan Ceger Raya,-6.2626288,106.72365705
JPO Tanpa Nama,-6.211001928213043,106.6061625066866
Pulo Nyamuk,-6.24509135,106.70711305
JPO Tanpa Nama,-6.14277355,107.00892
Jalan Tol Akses Tanjung Priok,-6.10791235,106.90051919999999
JPO Tanpa Nama,-6.3860322,106.69455375000001
JPO Tanpa Nama,-6.16023005,106.62135119999999
JPO Tanpa Nama,-6.1828529,106.66261695
JPO Tanpa Nama,-6.1404074,106.75087945
JPO Tanpa Nama,-6.125236843591681,106.83449918740601
Jalan Komplek Deplu,-6.231101150000001,106.77010885
Jalan Komplek Dephan,-6.22775625,106.77391665
JPO Tanpa Nama,-6.17189779150926,106.66892413972255
JPO Tanpa Nama,-6.11856665,107.02543510000001
Jalan Museum,-6.1755356500000005,106.820712
JPO Tanpa Nama,-6.175081199999999,106.82088970000001
JPO Tanpa Nama,-6.1525306,106.8117572
Jalan Ruko Buana Gardenia,-6.2186255500000005,106.68270935
JPO Tanpa Nama,-6.193383149999999,106.67594295
Jalan Warakas V Gang 7,-6.1256804,106.87997440000001
JPO Tanpa Nama,-6.12682785,106.78402215
JPO Tanpa Nama,-6.122801246154715,106.78419578741317
JPO Tanpa Nama,-6.173912,106.82142555
JPO Tanpa Nama,-6.144913,106.85222449999999
JPO Tanpa Nama,-6.1444747500000005,106.8517972
JPO Tanpa Nama,-6.1488857,106.66060669999999
JPO Tanpa Nama,-6.1550251,106.64589644999998
Jalan Pejuangan Raya,-6.1909817,106.75710265000001
JPO Tanpa Nama,-6.0646407,107.01943565
JPO Tanpa Nama,-6.072191800000001,107.02658635
JPO Tanpa Nama,-6.06923125,107.01545384999999
Jalan Setu Serang,-6.3394852,107.05272280000001
Jalan Sukahati 2,-6.181563049999999,106.63530509999998
JPO Tanpa Nama,-6.1816898,106.6348547
Jalan Melan,-6.1819172,106.63310565
JPO Tanpa Nama,-6.340384524680121,107.01130648756603
Jalan Sukahati 3,-6.18153025,106.63560815
Jalan Kristal,-6.14378165,106.75300089999999
JPO Tanpa Nama,-6.119896544957964,106.8967076503656
Jalan Kayu Mas 1,-6.181713800000001,106.89865085
Jalan Kayu Mas 1,-6.1817209,106.89876299999999
JPO Tanpa Nama,-6.1684517,106.67991155
JPO Tanpa Nama,-6.1665443,106.6803266
Jalan Maulana Hasanudin,-6.16328765,106.68105385000001
Gang Riban,-6.19648205,106.81594145
Jalan Pancoran,-6.141030199999999,106.8122111
Jalan Veteran,-6.168071854848974,106.83147825008183
JPO Tanpa Nama,-6.39011835,106.82230445
JPO Tanpa Nama,-6.39146735,106.82277899999998
JPO Tanpa Nama,-6.3433017,107.02491605
JPO Tanpa Nama,-6.166629101467526,106.91380803067506
JPO Tanpa Nama,-6.317564600000001,107.01954075
Jalan Petojo Binatu I,-6.1663204,106.81708365
Jalan Tomang Raya,-6.1736245,106.80491055
JPO Tanpa Nama,-6.15441025,106.8430582
JPO Tanpa Nama,-6.1290811000000005,106.83402815
Jalan Jatinegara Timur II,-6.218545199999999,106.86830875000001
JPO Tanpa Nama,-6.2113456,106.71521260000002
JPO Tanpa Nama,-6.21018965,106.7201552
JPO Tanpa Nama,-6.10898755,106.65109215000001
JPO Tanpa Nama,-6.1086161500000005,106.6457944
JPO Tanpa Nama,-6.10850935,106.6441104
JPO Tanpa Nama,-6.083861118339568,106.75126757393758
JPO Tanpa Nama,-6.09826951271522,106.74396238466512
Jalan Warakas,-6.094094850170812,106.75186139743928
Jalan Warakas,-6.093426977162918,106.75201358915248
JPO Tanpa Nama,-6.131033150000001,106.96589335
JPO Tanpa Nama,-6.130638650000001,106.96583185
JPO Tanpa Nama,-6.08672315,106.67950305
JPO Tanpa Nama,-6.0867156,106.67931155
JPO Tanpa Nama,-6.086760549999999,106.68261975
JPO Tanpa Nama,-6.0867262,106.68291755
JPO Tanpa Nama,-6.0866675,106.68335755000003
JPO Tanpa Nama,-6.399723549999999,106.74063455
Jalan Indah 1,-6.39005455,106.73329184999999
Jalan Jatibaru,-6.185078953546184,106.8103387675849
JPO Tanpa Nama,-6.3341162,106.6835258
JPO Tanpa Nama,-6.33407515,106.68365689999999
JPO Tanpa Nama,-6.33111345,106.6828541
JPO Tanpa Nama,-6.089766599999999,106.67096705000002
JPO Tanpa Nama,-6.32343811556355,106.64297215294144
JPO Tanpa Nama,-6.322908575809518,106.64350211912587
Jalan Taman Kebon Sirih II,-6.18299005,106.81996115
JPO Tanpa Nama,-6.187042696666315,106.81895770214844
JPO Tanpa Nama,-6.180388368012285,106.7245466246111
JPO Tanpa Nama,-6.178014261620752,106.72653219353005
JPO Tanpa Nama,-6.17239995,107.0133423
JPO Tanpa Nama,-6.1891628,106.7733299
JPO Tanpa Nama,-6.133745328227034,106.6713197201693
JPO Tanpa Nama,-6.1289642,107.03213975000001
JPO Tanpa Nama,-6.226879745456286,106.80979343305506
JPO Tanpa Nama,-6.227279499544711,106.8097121748268
JPO Tanpa Nama,-6.13694855,106.68675185000002
JPO Tanpa Nama,-6.13604715,106.68668779999999
JPO Tanpa Nama,-6.272286302554135,106.90243450788383
Jalan Grogol Raya,-6.3796854,106.7902586
JPO Tanpa Nama,-6.299503649999999,106.99556329999999
JPO Tanpa Nama,-6.131369100000001,106.95208005
Jalan Pluit Barat I,-6.12481295,106.78396210000001
JPO Tanpa Nama,-6.169526799999999,107.00195769999998
JPO Tanpa Nama,-6.1667859499999995,107.00417035
JPO Tanpa Nama,-6.29574755,106.9362175
JPO Tanpa Nama,-6.29574705,106.9362555
JPO Tanpa Nama,-6.210021025249975,106.96390377524995
JPO Tanpa Nama,-6.21017085,106.96406325000001
JPO Tanpa Nama,-6.2100697,106.96395485
JPO Tanpa Nama,-6.21080625,106.9632742
JPO Tanpa Nama,-6.1761978,106.88372995
Jalan Utama Villa Gading Baru,-6.1920039,107.03736975000001
JPO Tanpa Nama,-6.340973,106.97114345
JPO Tanpa Nama,-6.232724590421018,106.94181814652798
JPO Tanpa Nama,-6.1599762,107.0368646
JPO Tanpa Nama,-6.259271760926334,106.95766188611289
JPO Tanpa Nama,-6.29425195,106.9374985
JPO Tanpa Nama,-6.2946589,106.91248349999998
JPO Tanpa Nama,-6.342822900000001,106.6986635
JPO Tanpa Nama,-6.2571558,106.7261712
JPO Tanpa Nama,-6.262374449999999,106.84310654999999
JPO Tanpa Nama,-6.12130765,106.9225705
Jalan Kartini,-6.3981621,106.79694094999999
JPO Tanpa Nama,-6.1711081,106.942245
JPO Tanpa Nama,-6.11078695,106.8929165
JPO Tanpa Nama,-6.27870545,106.93785685
JPO Tanpa Nama,-6.2701167,106.7403334
JPO Tanpa Nama,-6.270008300000001,106.73998545
JPO Tanpa Nama,-6.31286485,106.71510885000001
JPO Tanpa Nama,-6.27221625,106.74074809999999
JPO Tanpa Nama,-6.27221365,106.74070144999999
JPO Tanpa Nama,-6.248144275134002,106.92300604664415
JPO Tanpa Nama,-6.3548465,106.75037345
Jalan Boulevard Hijau Raya,-6.1832721500000005,106.9839768
JPO Tanpa Nama,-6.1084803,106.94044650000001
JPO Tanpa Nama,-6.1078636,106.94043540000001
Jalan Cabe Raya,-6.3454757,106.75469155
Jalan Royal Grand,-6.19615005,106.96096665
Jalan Raya Jati Asih,-6.294794279167506,106.96509739884232
JPO Tanpa Nama,-6.2833056,106.9687563
JPO Tanpa Nama,-6.18160815,106.99631130000002
JPO Tanpa Nama,-6.2843976,106.84365245000001
JPO Tanpa Nama,-6.2498695704806995,106.9599253765988
JPO Tanpa Nama,-6.13915585,106.60338899999999
JPO Tanpa Nama,-6.1428311036786765,106.88676164851726
Jalan Tol Lingkar Luar Jakarta,-6.31070575,106.9239181
Jalan Belimbing Raya,-6.23037365,106.97902865
JPO Tanpa Nama,-6.3526571999999994,106.7434686
Jembatan Delapan Rawalumbu,-6.28418985,106.99451454999999
JPO Tanpa Nama,-6.28339615,106.99722249999999
JPO Tanpa Nama,-6.29051995,106.9959549
JPO Tanpa Nama,-6.2905367000000005,106.99597954999999
Jalan Lumbu Timur III,-6.2871935,106.9979875
JPO Tanpa Nama,-6.2853458,106.9990984
JPO Tanpa Nama,-6.2853729000000005,106.99913905
JPO Tanpa Nama,-6.16195755,106.88895790000001
JPO Tanpa Nama,-6.3634997,106.89875085
JPO Tanpa Nama,-6.36396865,106.89856205000001
Jalan Bahtera Permai 3,-6.10906025,106.75640135
Jalan Kano Indah 3,-6.10907515,106.75637675
Jalan Kano Indah 3,-6.110206499999999,106.75428095000001
JPO Tanpa Nama,-6.326535592948921,106.7689860563793
JPO Tanpa Nama,-6.278314742704609,106.94920014532057
JPO Tanpa Nama,-6.279457250003458,106.94702436612137
JPO Tanpa Nama,-6.2228486,106.7702916
JPO Tanpa Nama,-6.26464995,106.9563893
JPO Tanpa Nama,-6.264647699999999,106.95647174999999
JPO Tanpa Nama,-6.291269072319417,106.61958463534795
JPO Tanpa Nama,-6.291835384581395,106.62004856919899
JPO Tanpa Nama,-6.2911300312522025,106.6196784009737
JPO Tanpa Nama,-6.290696789053579,106.61913726402256
JPO Tanpa Nama,-6.29197406780926,106.62032915849495
JPO Tanpa Nama,-6.290232497253681,106.61915086927961
JPO Tanpa Nama,-6.2904037297429545,106.61907018450937
JPO Tanpa Nama,-6.2904929599500745,106.61913690773139
JPO Tanpa Nama,-6.290584013762183,106.61920006073963
JPO Tanpa Nama,-6.29066680359116,106.6192659028101
JPO Tanpa Nama,-6.290753481011114,106.61933493533849
JPO Tanpa Nama,-6.290960406389178,106.6192898904564
JPO Tanpa Nama,-6.290976188948401,106.61941344158721
JPO Tanpa Nama,-6.29106835393257,106.61948425297984
JPO Tanpa Nama,-6.291058047507643,106.61938406782797
JPO Tanpa Nama,-6.291184487622437,106.61969319041232
JPO Tanpa Nama,-6.291229142271599,106.61981435757097
JPO Tanpa Nama,-6.291598009236461,106.61981563661475
JPO Tanpa Nama,-6.291912369933953,106.62021386549081
JPO Tanpa Nama,-6.291870424258001,106.62008928017414
JPO Tanpa Nama,-6.291785844168132,106.62001979547804
JPO Tanpa Nama,-6.291702870426789,106.6199496155894
JPO Tanpa Nama,-6.291635781074166,106.61985653560004
JPO Tanpa Nama,-6.291495199125882,106.61984364933494
JPO Tanpa Nama,-6.301489489728051,106.62989027567562
JPO Tanpa Nama,-6.301803790563932,106.62986444927864
JPO Tanpa Nama,-6.301691442958646,106.62996980834785
JPO Tanpa Nama,-6.302516370066617,106.62934814749833
JPO Tanpa Nama,-6.30204984798704,106.62963785121717
JPO Tanpa Nama,-6.3026131202370115,106.62975327443414
JPO Tanpa Nama,-6.303338350000001,106.63107120000001
JPO Tanpa Nama,-6.30347735,106.63088164999999
JPO Tanpa Nama,-6.303952467087782,106.63097368347843
JPO Tanpa Nama,-6.3032604,106.63076405
JPO Tanpa Nama,-6.303499821156955,106.63070700928935
JPO Tanpa Nama,-6.303275158202544,106.63090419757195
JPO Tanpa Nama,-6.302937553499753,106.63057746987758
JPO Tanpa Nama,-6.302543646634736,106.63036983351692
JPO Tanpa Nama,-6.30344069199735,106.63118560086
JPO Tanpa Nama,-6.30532655,106.63196235000001
JPO Tanpa Nama,-6.305438631485549,106.63216691741515
JPO Tanpa Nama,-6.30548118324562,106.63219014366551
JPO Tanpa Nama,-6.305257798155241,106.63158870049271
JPO Tanpa Nama,-6.305198744318896,106.6320197284012
JPO Tanpa Nama,-6.305232750000001,106.63256305
JPO Tanpa Nama,-6.30535585,106.6326195
JPO Tanpa Nama,-6.305033561037864,106.63258112233619
JPO Tanpa Nama,-6.305439270730141,106.63251274965266
JPO Tanpa Nama,-6.324038087958353,106.87625375411525
JPO Tanpa Nama,-6.33405315,106.84912034999999
JPO Tanpa Nama,-6.3007449,106.64812405
JPO Tanpa Nama,-6.3014057999999995,106.64764425
JPO Tanpa Nama,-6.301279149999998,106.64768004999999
JPO Tanpa Nama,-6.300698099999999,106.6478861
JPO Tanpa Nama,-6.3005754,106.64792134999999
JPO Tanpa Nama,-6.307330257344105,106.81890603855221
Gang Haji Sholeh,-6.0961387,106.70818195000001
JPO Tanpa Nama,-6.13778125,106.71298170000001
JPO Tanpa Nama,-6.2661874,106.86438645000001
Jalan TPU Karang Tengah,-6.311793905387599,106.7778498790047
JPO Tanpa Nama,-6.267230824453884,106.61814255092301
JPO Tanpa Nama,-6.18937795,106.7169567
JPO Tanpa Nama,-6.1894261,106.7167976
JPO Tanpa Nama,-6.1895854,106.71699085000002
JPO Tanpa Nama,-6.14791102026834,106.73436121869226
Soekarno-Hatta East Flyover,-6.115979072506038,106.68084199340575
Jalan Akses Soekarno-Hatta,-6.117680994237077,106.68042886688585
Jalan Akses Soekarno-Hatta,-6.117964755515282,106.68036798445195
Jalan Akses Soekarno-Hatta,-6.115194264890157,106.67933387315503
Jalan Akses Soekarno-Hatta,-6.115099051983024,106.67906866706211
JPO Tanpa Nama,-6.227038977470213,106.82403765839061
JPO Tanpa Nama,-6.226775581856468,106.82494902632722
JPO Tanpa Nama,-6.228067804728502,106.82453969042074
JPO Tanpa Nama,-6.226932093212161,106.8249533078036
JPO Tanpa Nama,-6.227478253558719,106.82447833874576
JPO Tanpa Nama,-6.227086948571361,106.82445043584154
JPO Tanpa Nama,-6.2276531440733836,106.82414129659006
JPO Tanpa Nama,-6.2272465,106.82444584999999
JPO Tanpa Nama,-6.2274194000000005,106.82434280000001
JPO Tanpa Nama,-6.2276129000000005,106.8242315
JPO Tanpa Nama,-6.225457641617304,106.8251811610075
JPO Tanpa Nama,-6.226807124083041,106.82604033810667
JPO Tanpa Nama,-6.224518144650093,106.82541241761109
JPO Tanpa Nama,-6.2271565212296105,106.82501590505734
JPO Tanpa Nama,-6.226821649736887,106.82573720103889
JPO Tanpa Nama,-6.227911833861422,106.82524787996336
JPO Tanpa Nama,-6.226880799649005,106.82467347167996
JPO Tanpa Nama,-6.001339,107.05026525
JPO Tanpa Nama,-6.227846132631319,106.824202864008
JPO Tanpa Nama,-6.227024041757606,106.82467467134016
JPO Tanpa Nama,-6.2270147,106.82476135
JPO Tanpa Nama,-6.226871199999999,106.82475994999999
JPO Tanpa Nama,-6.0877567835984125,107.01369169435252
JPO Tanpa Nama,-6.117038859175826,107.05326662981889
JPO Tanpa Nama,-6.1536599,106.7338738
JPO Tanpa Nama,-6.333220600000001,106.93809225000001
JPO Tanpa Nama,-6.06003275,107.01692975
JPO Tanpa Nama,-6.0602768000000005,107.01782829999999
JPO Tanpa Nama,-6.18960145,107.04846495
JPO Tanpa Nama,-6.176200640460188,106.83041992317756
JPO Tanpa Nama,-6.176942542042083,106.8308328839129
JPO Tanpa Nama,-6.1312089499999995,106.785752
JPO Tanpa Nama,-6.0349036499999995,106.6177594
JPO Tanpa Nama,-6.231498850000001,106.75859170000001
JPO Tanpa Nama,-6.231233550000001,106.75910665
JPO Tanpa Nama,-6.241080387523505,106.63088191869095
Jalan Teluk Gong Raya,-6.1379374,106.78680449999999
Jalan Teluk Gong Raya,-6.13835675,106.7859962
Jalan Teluk Gong Raya,-6.13830265,106.78596670000002
Jalan Teluk Gong Raya,-6.1378936500000005,106.78677640000001
JPO Tanpa Nama,-6.094128468010708,106.60512531473216
Jalan Ratu Flamboyan Timur I,-6.170155000000001,106.76955599999998
JPO Tanpa Nama,-6.217423300000001,106.76716784999999
JPO Tanpa Nama,-6.2710383499999995,106.8474994
JPO Tanpa Nama,-6.1041718,106.63815795
Jalan J Teluk Gong,-6.138116800000001,106.78182290000001
Gang Serut II,-6.177723683535656,106.7868567526568
Jalan Haji Naih,-6.14273355,106.667974
Jalan Villa Tomang Mas,-6.1796301,106.77242
JPO Tanpa Nama,-6.363677949999999,106.98362005
JPO Tanpa Nama,-6.2454354,106.7840686
JPO Tanpa Nama,-6.1171961,106.7918653
JPO Tanpa Nama,-6.11760265,106.79168005000001
JPO Tanpa Nama,-6.1171947499999995,106.79194255
JPO Tanpa Nama,-6.11718275,106.79167615
JPO Tanpa Nama,-6.127076499999999,106.7916701
JPO Tanpa Nama,-6.126979824962325,106.79178682873581
JPO Tanpa Nama,-6.127978623747434,106.7913745512347
JPO Tanpa Nama,-5.9911881000000005,107.0291479
JPO Tanpa Nama,-5.989178750000001,107.03161080000001
JPO Tanpa Nama,-5.984407835212368,107.0441009679448
JPO Tanpa Nama,-5.984826,107.04373035
JPO Tanpa Nama,-5.984871682964588,107.04373429369016
Jalan Hang Lekir IV,-6.23032375,106.79634505
JPO Tanpa Nama,-6.1280275500000005,106.73838599999999
JPO Tanpa Nama,-6.39229545,106.77381980000003
JPO Tanpa Nama,-6.250029094880657,106.90467277472132
JPO Tanpa Nama,-6.1270454999999995,106.7977336
JPO Tanpa Nama,-6.14058675,106.81192785
JPO Tanpa Nama,-6.140073849999999,106.81143945
JPO Tanpa Nama,-6.188404050571323,106.8236583159522
JPO Tanpa Nama,-6.18820005,106.82372359999998
JPO Tanpa Nama,-6.239815,106.812648
Gang Sadi Sarta,-6.288637429255718,106.70937626050524
Jalan Mayjen TNI Profesor Dokter Moestopo,-6.271044893760629,106.80856972848169
Jalan Mayjen TNI Profesor Dokter Moestopo,-6.272186787889475,106.80852601799917
JPO Tanpa Nama,-6.293465377400584,106.81990819962977
JPO Tanpa Nama,-6.256482292622046,106.96020740888714
JPO Tanpa Nama,-6.02277375,106.9970016
JPO Tanpa Nama,-6.18825044063615,106.82373357270902
JPO Tanpa Nama,-6.21723315,106.9843775
Jalan Kyai Tapa,-6.1667212,106.7880344
JPO Tanpa Nama,-6.10869735,106.7040199
JPO Tanpa Nama,-6.159857222775198,106.99067824778504
JPO Tanpa Nama,-6.0601628000000005,107.0213477
Jalan Cirendeu Raya,-6.30432925,106.77380965
JPO Tanpa Nama,-6.20285615,106.97801715
JPO Tanpa Nama,-6.202901999999999,106.97797184999999
JPO Tanpa Nama,-6.20294015,106.97793300000001
JPO Tanpa Nama,-6.20401365,106.97906465
JPO Tanpa Nama,-6.308413999934259,106.76342006040548
JPO Tanpa Nama,-6.0561356,107.05133425
Jalan Tol Cimanggis–Cibitung,-6.38463095,106.95717905000001
Jalan Tol Cimanggis–Cibitung,-6.3844736,106.957217
JPO Tanpa Nama,-6.299152254660736,106.97547931545907
JPO Tanpa Nama,-6.32119565,106.86492475
JPO Tanpa Nama,-6.307434450000001,106.8196224
JPO Tanpa Nama,-6.307474259650444,106.81974197929209
JPO Tanpa Nama,-6.2477599,106.98201139999999
JPO Tanpa Nama,-6.25570835,107.01032415
JPO Tanpa Nama,-6.2556222,107.01035329999999
JPO Tanpa Nama,-6.25473695,107.01038885
Jalan Cut Mutia,-6.25272605,107.01163265
Jalan Cut Mutia,-6.25267705,107.0115781
Jalan Cut Mutia,-6.2533914500000005,107.01021305
Jalan Cut Mutia,-6.2533159000000005,107.0101617
Jalan Lapangan Bekasi Tengah,-6.2495072,107.010109
JPO Tanpa Nama,-6.229071350000001,107.00421539999999
Jalur Kereta Api Manggarai–Jatinegara,-6.213935442250684,106.85610602089118
Jalur KA Manggarai-Jatinegara,-6.213140115198815,106.85809365641897
Jalur Kereta Api Jakarta Kota–Bogor,-6.214709030698356,106.85320399849402
Jalur Kereta Api Jakarta Kota–Bogor,-6.214734166071595,106.85317783241297
Jalur Kereta Api Jakarta Kota–Bogor,-6.2133690999999995,106.8520635
Jalur Kereta Api Jakarta Kota–Bogor,-6.21339165,106.85203615
JPO Tanpa Nama,-6.210221937574863,106.84947646851796
JPO Tanpa Nama,-6.21012289975719,106.84962326322452
JPO Tanpa Nama,-6.19546545,106.9746092
Jalan Sultan Agung,-6.220365000143062,106.97406683457528
Jalan Sultan Agung,-6.220225605267076,106.97410497651104
JPO Tanpa Nama,-6.1897619687504415,106.83984365227222
Jalan Cici,-6.297620692543896,106.73256586881574
JPO Tanpa Nama,-6.157051541707752,106.88456163750381
JPO Tanpa Nama,-6.163270949999999,106.88119725
JPO Tanpa Nama,-6.32663305,106.68021035
JPO Tanpa Nama,-6.3042206595118335,106.89681237717198
JPO Tanpa Nama,-6.2676283,106.95197665
Jalan Caman Raya,-6.2568491999999996,106.9510542
JPO Tanpa Nama,-6.18480445,106.98135429999999
JPO Tanpa Nama,-6.296630730376286,106.73884034676863
JPO Tanpa Nama,-6.297022930523239,106.73871904420159
JPO Tanpa Nama,-6.297122599999999,106.73822815
JPO Tanpa Nama,-6.3394964499999995,106.85034329999999
JPO Tanpa Nama,-6.3449694,106.85062155
JPO Tanpa Nama,-6.22678525,107.03403585
JPO Tanpa Nama,-6.3049666,106.63247329999999
JPO Tanpa Nama,-6.305855899999999,106.63255815
Jalan Bikit Cirendeu Permai Raya,-6.2918584,106.76815655
JPO Tanpa Nama,-6.277969243367201,106.6266868365996
Jalur Kereta Cepat Jakarta–Bandung,-6.289805156760429,107.08605085563077
Jalur Kereta Cepat Jakarta–Bandung,-6.2898456244971666,107.08603140086714
Jalur Kereta Cepat Jakarta–Bandung,-6.244949687120222,106.89612054432877
Jalur Kereta Cepat Jakarta–Bandung,-6.2449961447102975,106.89610547053887
JPO Tanpa Nama,-6.028676001180039,106.65743301185115
Jalan Lenteng Agung Raya,-6.3218262,106.83580004999999
JPO Tanpa Nama,-6.3228299,106.83516230000001
Jalan Masjid Al Barkah,-6.3000202,106.74610039999999
JPO Tanpa Nama,-6.294549462423172,106.80588064169595
JPO Tanpa Nama,-6.2947695126767815,106.80590827802598
JPO Tanpa Nama,-6.294854608267114,106.80610352090316
JPO Tanpa Nama,-6.29506639146417,106.82071496263998
JPO Tanpa Nama,-6.296050115838186,106.82024665688702
JPO Tanpa Nama,-6.305695278097848,106.74952202754523
JPO Tanpa Nama,-6.321043749999999,106.80395499999999
JPO Tanpa Nama,-6.321172366526678,106.8035088248687
JPO Tanpa Nama,-6.3208318000000006,106.80312205
JPO Tanpa Nama,-6.305864606410078,106.74941538249904
JPO Tanpa Nama,-6.3058894500000005,106.74953495
JPO Tanpa Nama,-6.308099147305963,106.74829930790774
JPO Tanpa Nama,-6.309408254966407,106.74923562304812
JPO Tanpa Nama,-6.309139265345679,106.74822717951791
JPO Tanpa Nama,-6.3071565,106.7483165
JPO Tanpa Nama,-6.306810964328974,106.74887546998046
Gang Haji Asmat,-6.2102771,106.79277239999999
JPO Tanpa Nama,-6.306066367503734,106.88713419209444
JPO Tanpa Nama,-6.2941721,106.64714004999999
JPO Tanpa Nama,-6.1820189,106.8395341
JPO Tanpa Nama,-6.260375500000001,106.95363955
JPO Tanpa Nama,-6.260370249999999,106.95360895
Jalan Raya Serpong,-6.310381899999999,106.66133119999999
JPO Tanpa Nama,-6.360894350000001,106.75691109999998
JPO Tanpa Nama,-6.223307765406702,107.01381770987832
JPO Tanpa Nama,-6.359258700000001,106.83289465
JPO Tanpa Nama,-6.348597007613583,106.79312013066978
JPO Tanpa Nama,-6.264366900000001,106.92228485
JPO Tanpa Nama,-6.2775604000000005,106.96818345
JPO Tanpa Nama,-6.2790634,106.96834559999999
Jalan Papandayan,-6.251456600000001,106.9665664
JPO Tanpa Nama,-6.184749549999999,106.6418299
JPO Tanpa Nama,-6.23156215,106.92841455
JPO Tanpa Nama,-6.2269084,107.00629309999998
JPO Tanpa Nama,-6.2270132,107.00641705000001
JPO Tanpa Nama,-6.2269565,107.00634885
JPO Tanpa Nama,-6.226167800000001,107.00709925000001
JPO Tanpa Nama,-6.2253825,107.00817699999999
JPO Tanpa Nama,-6.225273432446815,107.00810766393154
JPO Tanpa Nama,-6.139579133022034,106.87023514654038
JPO Tanpa Nama,-6.141580595934422,106.87168752259083
Jalan Griya Hijau Raya,-6.23481935,106.66377895
JPO Tanpa Nama,-6.23509265,106.6639021
JPO Tanpa Nama,-6.236161,106.66438744999999
JPO Tanpa Nama,-6.2363923,106.6644902
JPO Tanpa Nama,-6.300081710871598,106.88720996960399
Jalan Tol Depok–Antasari,-6.3642442,106.78931385
Jalan Tol Depok–Antasari,-6.36424935,106.789191
JPO Tanpa Nama,-6.380470900000001,106.78626895
JPO Tanpa Nama,-6.3772224,106.78741855
Jalan Tol Depok–Antasari,-6.3606829000000005,106.7889074
JPO Tanpa Nama,-6.172376035176841,106.87630313171329
JPO Tanpa Nama,-6.3911541,106.8757987
Gang Mushola Ar Rohman,-6.2804138,106.86820365
Jalan Batu Sari III,-6.2756772000000005,106.86611930000001
JPO Tanpa Nama,-6.2744172,106.8657568
Jalan Wira Bhakti VI,-6.3880855,106.92919195
JPO Tanpa Nama,-6.173129649999999,106.88892670000001
JPO Tanpa Nama,-6.344371917604542,106.67586581182272
JPO Tanpa Nama,-6.343544487896875,106.67602820687084
JPO Tanpa Nama,-6.3435941499999995,106.67596499999999
JPO Tanpa Nama,-6.344443487604124,106.67570776597864
JPO Tanpa Nama,-6.34298578519843,106.67604270062711
JPO Tanpa Nama,-6.343169304794728,106.67532007844018
JPO Tanpa Nama,-6.3433189500000005,106.67535914999998
JPO Tanpa Nama,-6.343203351548295,106.67604634216534
JPO Tanpa Nama,-6.3441291,106.67507789999998
JPO Tanpa Nama,-6.345787383413874,106.67513445710468
Jalan Jambore Raya,-6.3562904499999995,106.88985145000001
Jalan Dukuh IV,-6.2846253,106.87618044999999
JPO Tanpa Nama,-6.38846855,106.79289755
Jalan Ja'abah,-6.2865956,106.87068550000001
JPO Tanpa Nama,-6.278074686986763,107.04710993342232
JPO Tanpa Nama,-6.30678795,106.67990345000001
JPO Tanpa Nama,-6.306397450000001,106.67990405
JPO Tanpa Nama,-6.380624656695259,106.88249144956427
JPO Tanpa Nama,-6.1696293,107.04228935
JPO Tanpa Nama,-6.1837062,107.0307277
JPO Tanpa Nama,-6.28003255,106.83425165
Jalan AMD VIII,-6.30481485,106.83723315
JPO Tanpa Nama,-6.3804108500000005,106.84230085
JPO Tanpa Nama,-6.3848860128338805,106.81003913189396
Jalan RA. Kartini,-6.24941535,107.00046714999999
Jalan Chandrabaga,-6.2498818782037,106.97864762389801
Jalan Chandrabaga,-6.249909790465471,106.97856870865023
Jalan Setu Babakan,-6.3391556,106.82183205
JPO Tanpa Nama,-6.3463618,106.8193019
JPO Tanpa Nama,-6.34585485,106.819894
Jalan Wijaya Kusuma 1,-6.1880413999999995,106.99315730000001
JPO Tanpa Nama,-6.19112765,106.99280295
Gang Pijar,-6.307283637646726,106.88625566202035
JPO Tanpa Nama,-6.3217789,106.7629493
Jalan Chandrabaga,-6.254635788198868,106.98045726580796
Jalan Chandrabaga,-6.254683209193345,106.98032094976512
JPO Tanpa Nama,-6.33184315,106.71522575
Gang Syareah 1,-6.238813461027204,106.71668867478208
Gang Syareah 2,-6.23870455,106.7164411
Gang Syareah 3,-6.2386386195378245,106.71633021022396
JPO Tanpa Nama,-6.2928957996575505,106.80564730631981
JPO Tanpa Nama,-6.25749815,107.0226174
JPO Tanpa Nama,-6.25587415,107.02404734999999
JPO Tanpa Nama,-6.272628149999999,106.60701835
JPO Tanpa Nama,-6.273040995367877,106.60688920439057
JPO Tanpa Nama,-6.3751435999999995,106.7901084
Jalan Pasir Putih,-6.26219665,107.0050472
Jalan Pelabuhan Ratu Raya,-6.2606777000000005,107.00553415
JPO Tanpa Nama,-6.3824346499999995,106.79046475000001
Jalan Villa Santika,-6.3836867999999996,106.79061570000002
JPO Tanpa Nama,-6.384907739444299,106.79097112639232
JPO Tanpa Nama,-6.385177924559508,106.79104920279751
Jalan Haji Konim,-6.3816548,106.79042394999999
Jalan Lingkar Utara,-6.2104669,107.02909819999999
JPO Tanpa Nama,-6.18025695,106.7932447
JPO Tanpa Nama,-6.27111215,106.61284005
JPO Tanpa Nama,-6.211967496354611,106.95188838222371
Jalan RA. Kartini,-6.25349175,106.99831844999999
JPO Tanpa Nama,-6.218984749999999,107.02426155
Jalan Kebon Sirih,-6.18203695,106.8167632
JPO Tanpa Nama,-6.313209650962793,106.8904098520277
JPO Tanpa Nama,-6.2560873,106.85223555
Jalan Sukarjo Wiryopranoto,-6.159674000000001,106.81906570000001
Jalan Dadang Suprapto,-6.17031145,106.62817465
JPO Tanpa Nama,-6.106170700000001,106.67569375
Jalan Profesor Doktor Hamka,-6.215661118629686,106.81873488095823
Jalan Profesor Doktor Hamka,-6.2156946178782055,106.81865696372684
Jalan Profesor Doktor Hamka,-6.211806449999999,106.81783575000001
Jalan Profesor Doktor Hamka,-6.210916799706709,106.81776272854505
Jalan Profesor Doktor Hamka,-6.212470756209794,106.81788629391389
Jalan Profesor Doktor Hamka,-6.212459292430661,106.81796453258998
JPO Tanpa Nama,-6.212876400000001,106.79544375000002
JPO Tanpa Nama,-6.224930514775889,106.8256861745859
JPO Tanpa Nama,-6.223721151117133,106.82535049762387
JPO Tanpa Nama,-6.224644217508184,106.82823071761638
JPO Tanpa Nama,-6.223963076298348,106.82614920616909
JPO Tanpa Nama,-6.2267143986605245,106.82630864884342
JPO Tanpa Nama,-6.226695198737562,106.82608107725721
JPO Tanpa Nama,-6.225479648644343,106.82702471997739
JPO Tanpa Nama,-6.2274373547270265,106.82554587309421
JPO Tanpa Nama,-6.230990386801575,106.82833778506024
JPO Tanpa Nama,-6.23221257776101,106.8292463164579
JPO Tanpa Nama,-6.231794300000001,106.82866154999999
JPO Tanpa Nama,-6.2299992538818,106.82611924864293
JPO Tanpa Nama,-6.224345100000001,106.82611224999998
JPO Tanpa Nama,-6.224214180341299,106.82569415910751
JPO Tanpa Nama,-6.224478994105574,106.8265417290809
JPO Tanpa Nama,-6.224547905640583,106.8269138176864
JPO Tanpa Nama,-6.224293346098508,106.8269949377432
JPO Tanpa Nama,-6.22441635,106.82695575
JPO Tanpa Nama,-6.223849592731433,106.82453012193706
JPO Tanpa Nama,-6.2237894719195355,106.82429272840983
JPO Tanpa Nama,-6.223887669116419,106.82438743339198
JPO Tanpa Nama,-6.22415006740233,106.82451192660024
JPO Tanpa Nama,-6.225078392276074,106.8245729513971
JPO Tanpa Nama,-6.2245260293254026,106.8244365263051
JPO Tanpa Nama,-6.22522519768751,106.82434786366342
JPO Tanpa Nama,-6.225264036593786,106.823943906075
JPO Tanpa Nama,-6.133255050000001,106.67247155
JPO Tanpa Nama,-6.223472348972064,106.82322679580747
JPO Tanpa Nama,-6.219330462812668,106.81985867788255
JPO Tanpa Nama,-6.2230884,106.82225840000001
JPO Tanpa Nama,-6.2594208,106.84556230000001
JPO Tanpa Nama,-6.395085167900121,106.79346867480112
Jalan Raya Bandara,-6.1347621,106.63511199999999
JPO Tanpa Nama,-6.12896565,106.65288275
JPO Tanpa Nama,-6.1267998,106.6825592
JPO Tanpa Nama,-6.143343486320107,106.64697360052334
JPO Tanpa Nama,-6.371720666886716,106.83109687496712
JPO Tanpa Nama,-6.1311513,106.84616295
JPO Tanpa Nama,-6.1306421,106.8461463
JPO Tanpa Nama,-6.13160769705253,106.84631065278336
JPO Tanpa Nama,-6.1310768499999995,106.84625
JPO Tanpa Nama,-6.129957093944488,106.84597026158825
JPO Tanpa Nama,-6.13086430860367,106.84620309703749
JPO Tanpa Nama,-6.13065035,106.84610950000001
JPO Tanpa Nama,-6.130882581798627,106.84612179653581
JPO Tanpa Nama,-6.131309300000001,106.84627515
JPO Tanpa Nama,-6.13145758566942,106.84627579643421
JPO Tanpa Nama,-6.131915149999999,106.84642034999999
JPO Tanpa Nama,-6.131527474660489,106.84625021370482
JPO Tanpa Nama,-6.131910902178646,106.84636000735617
Jalan Jatimulya,-6.2681517,107.01713855000001
JPO Tanpa Nama,-6.25001775051698,106.60369374386157
JPO Tanpa Nama,-6.12745765,106.62747089999999
JPO Tanpa Nama,-6.13171685,106.64213294999999
JPO Tanpa Nama,-6.1316931,106.6421915
JPO Tanpa Nama,-6.289438273037395,106.77096888999812
JPO Tanpa Nama,-6.108170299999999,106.64327974999999
Jalan Masjid Al Muqorobin,-6.239456049999999,106.89042725
Jalan Raya Bandara,-6.12503755,106.66257825
JPO Tanpa Nama,-6.120845264326246,106.66377964483078
JPO Tanpa Nama,-6.1213459,106.6627464
Jalan Ayub,-6.233632399999999,106.8697863
JPO Tanpa Nama,-6.05701635,106.6825861
JPO Tanpa Nama,-6.057126150000001,106.68252530000001
JPO Tanpa Nama,-6.17906795,106.87874194999999
JPO Tanpa Nama,-6.312659249999999,106.71359265000001
JPO Tanpa Nama,-6.299456416428238,106.95237463254541
JPO Tanpa Nama,-6.3903394,106.69608735
Jalan Tol Lingkar Wiyoto Wiyono,-6.161212631844219,106.88223281526629
Jalan Tol Lingkar Wiyoto Wiyono,-6.164485660884515,106.88003245988392
Jalan Tol Lingkar Wiyoto Wiyono,-6.161171210452089,106.88214971868602
Jalan Tol Insinyur Wiyoto Wiyono,-6.179118099999999,106.87589205
Jalan Tol Insinyur Wiyoto Wiyono,-6.178475173844569,106.87585854233761
JPO Tanpa Nama,-6.220171850000001,106.99566525
JPO Tanpa Nama,-6.30701875,106.63314375
JPO Tanpa Nama,-6.306703871723508,106.63329551159883
JPO Tanpa Nama,-6.307776964234132,106.63388282182054
JPO Tanpa Nama,-6.307016681659076,106.63365331540619
JPO Tanpa Nama,-6.30480745,106.63154170000001
JPO Tanpa Nama,-6.3044054,106.63132544999999
JPO Tanpa Nama,-6.304635450187701,106.63142985709898
JPO Tanpa Nama,-6.3045947,106.6322413
JPO Tanpa Nama,-6.3051485000000005,106.63170364999999
JPO Tanpa Nama,-6.1080166,106.91987335
Jalan Layang Lenteng Agung,-6.322052438075309,106.8361706666156
Jalan Layang Lenteng Agung,-6.322849585321401,106.8353958840687
Jalan Layang Lenteng Agung,-6.3242109092660215,106.83452608453966
JPO Tanpa Nama,-6.249938644880329,106.9402399768312
Jalan Tol Lingkar Dalam Jakarta,-6.240118053350751,106.8778377241332
Jalan Tol Lingkar Dalam Jakarta,-6.237944431907314,106.87795785763744
JPO Tanpa Nama,-6.30022885948533,106.84028217067463
JPO Tanpa Nama,-6.300265388181874,106.84001320997339
JPO Tanpa Nama,-6.29896301464909,106.84024462485903
JPO Tanpa Nama,-6.297398400394259,106.84040490205874
JPO Tanpa Nama,-6.21221625,106.80411434999999
JPO Tanpa Nama,-6.212134750000001,106.8041805
JPO Tanpa Nama,-6.21232183416023,106.80400800685015
JPO Tanpa Nama,-6.211828446375314,106.80461225147144
JPO Tanpa Nama,-6.306640243162621,106.67977330426189
JPO Tanpa Nama,-6.2075747,106.7231142
JPO Tanpa Nama,-6.1846652,106.64788619999999
Jalan Paseban Dalam Gang 17,-6.191490650000001,106.85250685000001
JPO Tanpa Nama,-6.1915217,106.64193660000001
JPO Tanpa Nama,-6.145032649999999,106.73575840000001
JPO Tanpa Nama,-6.230603882084112,106.90166119416433
Jalan Tol Bekasi–Cawang–Kampung Melayu,-6.24992935,106.95771745
JPO Tanpa Nama,-6.1047341500000005,106.77413469999999
JPO Tanpa Nama,-6.104775048122739,106.77395959527612
JPO Tanpa Nama,-6.10467445,106.77430505000001
JPO Tanpa Nama,-6.1047364627403695,106.77426716652367
JPO Tanpa Nama,-6.1043687,106.77393085
JPO Tanpa Nama,-6.1042358,106.77421164999998
JPO Tanpa Nama,-6.1042505839937915,106.77404252981115
JPO Tanpa Nama,-6.1776042,106.82718425
JPO Tanpa Nama,-6.17760105,106.8270524
JPO Tanpa Nama,-6.17884845,106.82711365
JPO Tanpa Nama,-6.178848969111702,106.82759199977514
JPO Tanpa Nama,-6.1779866,106.82756445
JPO Tanpa Nama,-6.178283700000001,106.82755829999999
JPO Tanpa Nama,-6.178569250000002,106.8275524
JPO Tanpa Nama,-6.178258030690354,106.82751481937542
JPO Tanpa Nama,-6.178282949552936,106.82760272412219
Jalan Blok E,-6.352038799722087,106.68544892281183
JPO Tanpa Nama,-6.1316888,106.84367879999999
JPO Tanpa Nama,-6.1308793999999995,106.84398295
JPO Tanpa Nama,-6.286041099350939,106.65065804859542
JPO Tanpa Nama,-6.3007407,106.80605785
JPO Tanpa Nama,-6.25021875,106.9010263
Gang KK,-6.160185603118972,106.80110878693768
JPO Tanpa Nama,-6.3948403,106.8392558
JPO Tanpa Nama,-6.30799575,106.94095855
JPO Tanpa Nama,-6.326525622540528,106.95577479628228
JPO Tanpa Nama,-6.29474645,106.965116
JPO Tanpa Nama,-6.17001585,106.8318342
JPO Tanpa Nama,-6.170577,106.83223749999999
JPO Tanpa Nama,-6.1706851,106.832438
JPO Tanpa Nama,-6.17071255,106.83252245
JPO Tanpa Nama,-6.1696260839493045,106.83205719187356
JPO Tanpa Nama,-6.1706450318920245,106.83233387583823
JPO Tanpa Nama,-6.1709894,106.83318729999999
Jalan Layang Cakung,-6.21783897354788,106.94907428205411
Jalan Layang Cakung,-6.217879053628662,106.94814474633039
JPO Tanpa Nama,-6.111651,106.7326829
JPO Tanpa Nama,-6.11168615,106.73152999999999
JPO Tanpa Nama,-6.1115753040811205,106.73174464974677
JPO Tanpa Nama,-6.111130779335341,106.73209003285042
JPO Tanpa Nama,-6.112439950336232,106.7319048686068
JPO Tanpa Nama,-6.113346179760699,106.73284186863586
Jalan Bukit Indah,-6.31560375,106.72158665
JPO Tanpa Nama,-6.21066565,107.02449035000001
JPO Tanpa Nama,-6.293566950000001,106.6524331
JPO Tanpa Nama,-6.296598,106.65109580000001
JPO Tanpa Nama,-6.2940144,106.65182265000001
JPO Tanpa Nama,-6.373170855952654,106.82937987072619
JPO Tanpa Nama,-6.174027349999999,106.65374105000001
JPO Tanpa Nama,-6.1740732000000005,106.65333765
Jalan Tol Cengkareng–Batuceper–Kunciran,-6.1740748,106.6536232
Jalan Tol Cengkareng–Batuceper–Kunciran,-6.1740776,106.65347449999999
Jalan Tol Cengkareng–Batuceper–Kunciran,-6.1774147500000005,106.65390135
Jalan Tol Cengkareng–Batuceper–Kunciran,-6.17736045,106.65375119999997
JPO Tanpa Nama,-6.380634974190055,106.92169835385788
JPO Tanpa Nama,-6.380446711702163,106.92164326476103
Jalan Kp. Kapuk 1,-6.213900448311115,106.90212455317375
Jalan Kampung Kapuk 1,-6.213978400591258,106.90249348434891
Jalan Kampung Kapuk 1,-6.21577264890632,106.90099152989647
Jalan Kp. Kapuk 1,-6.215336376011408,106.90218045577598
Jalan Kp. Kapuk 1,-6.21442941676509,106.90243993952126
JPO Tanpa Nama,-6.3230217,107.0458671
JPO Tanpa Nama,-6.3230317,107.04580974999999
JPO Tanpa Nama,-6.322812576842289,107.04550918297598
JPO Tanpa Nama,-6.3235392,107.0456317
JPO Tanpa Nama,-6.323566,107.04570425
JPO Tanpa Nama,-6.0562454,106.7089043
JPO Tanpa Nama,-6.11123715,106.99264210000001
JPO Tanpa Nama,-6.1112271,106.99272260000001
JPO Tanpa Nama,-6.110377931435046,106.99379503440883
JPO Tanpa Nama,-6.107198780281355,106.99061528019298
JPO Tanpa Nama,-6.107185470758817,106.99070494875036
JPO Tanpa Nama,-6.111959509721871,106.99237754089597
JPO Tanpa Nama,-6.112319925425061,106.99122458835257
JPO Tanpa Nama,-6.110618443596584,106.99164453137595
JPO Tanpa Nama,-6.246760956755291,106.99350320668063
JPO Tanpa Nama,-6.246992200288578,106.99364018548852
Jalan K. H. Noer Ali,-6.247788746398481,106.99225458703006
JPO Tanpa Nama,-6.1427645089678045,106.77639366454753
JPO Tanpa Nama,-6.38960185,106.77990675000001
JPO Tanpa Nama,-6.09378605,106.6966199
JPO Tanpa Nama,-6.245322506699968,106.88518940943666
JPO Tanpa Nama,-6.24553475128281,106.88524768087116
JPO Tanpa Nama,-6.1614251499999995,106.92318335
JPO Tanpa Nama,-6.230803984805763,106.87583255188957
Jalan Tol Bekasi–Cawang–Kampung Melayu,-6.224556258907065,106.87514717577436
JPO Tanpa Nama,-6.2241864684763115,106.87576908154695
Jalan Belakang,-6.399068210732115,106.80952559308547
Jalan Buntu,-6.399393094958427,106.80956606951545
Jalan Samping Masjid,-6.3988154,106.80955270000001
Gang Musholla Darrusallam,-6.3050946907684144,106.80850224558756
JPO Tanpa Nama,-6.0931948,106.69681955
JPO Tanpa Nama,-6.2404161370626925,106.96171008766962
Jalan Rukan Permata Kota,-6.1419385,106.7995355
JPO Tanpa Nama,-6.255223328831953,106.85515745965232
JPO Tanpa Nama,-6.255429402155367,106.85490050867365
JPO Tanpa Nama,-6.25567095,106.85512904999999
JPO Tanpa Nama,-6.27098065,107.0240457
JPO Tanpa Nama,-6.2707953,107.02386625
JPO Tanpa Nama,-6.271107600000001,107.0242246
JPO Tanpa Nama,-6.368226097515585,106.94871393902335
JPO Tanpa Nama,-6.366319235617051,106.95491032574782
JPO Tanpa Nama,-6.178676163652104,106.84216399363396
JPO Tanpa Nama,-6.178611798757207,106.84186224357552
JPO Tanpa Nama,-6.178051295916348,106.84160469645178
JPO Tanpa Nama,-6.3915308500000005,106.80456190000001
Jalan Orlando Raya,-6.35753985,106.9672255
JPO Tanpa Nama,-6.1185667,106.85372440000002
JPO Tanpa Nama,-6.119267830975837,106.85121590039465
Jembatan Carnaval,-6.117330009956921,106.85491120106953
JPO Tanpa Nama,-6.3436650992943315,106.82167316947798
JPO Tanpa Nama,-6.343719999999999,106.8215738
JPO Tanpa Nama,-6.347338035218866,106.8191800325458
JPO Tanpa Nama,-6.34478176391535,106.82048154432785
JPO Tanpa Nama,-6.3912198,106.80462095
JPO Tanpa Nama,-6.126533500000001,106.78952684999997
JPO Tanpa Nama,-6.3665464499999995,106.8238447
JPO Tanpa Nama,-6.319527006399523,107.04627438617155
JPO Tanpa Nama,-6.196914000964116,106.76880857779118
Jalan Tol Cibitung–Cilincing,-6.111357340175783,107.01891592765742
Jalan Tol Cibitung–Cilincing,-6.111467947042068,107.01766719161866
Jalan Tol Cibitung–Cilincing,-6.123425849832764,106.95158275371506
Jalan Tol Cibitung–Cilincing,-6.12354278140325,106.95164683145356
JPO Tanpa Nama,-6.10447615,106.74559145
JPO Tanpa Nama,-6.27265985,106.7928151
JPO Tanpa Nama,-6.27142745,106.791763
JPO Tanpa Nama,-6.2683847,106.79057474999999
JPO Tanpa Nama,-6.27235255,106.78616655
JPO Tanpa Nama,-6.2782461000000005,106.78984055000001
JPO Tanpa Nama,-6.27983975,106.7902871
JPO Tanpa Nama,-6.168725012290311,106.71388807078216
JPO Tanpa Nama,-6.1689287094555105,106.7140789182978
JPO Tanpa Nama,-6.168668304067956,106.71417879804228
JPO Tanpa Nama,-6.168161905672193,106.71454572747434
JPO Tanpa Nama,-6.167987517131613,106.7142205696001
JPO Tanpa Nama,-6.167336956225472,106.71533996943423
JPO Tanpa Nama,-6.167303515754116,106.71530392527944
JPO Tanpa Nama,-6.167324155245873,106.71529885999087
JPO Tanpa Nama,-6.168730948047521,106.71428960740236
JPO Tanpa Nama,-6.168249095375552,106.71415079541052
JPO Tanpa Nama,-6.190066154097497,106.63386377175543
JPO Tanpa Nama,-6.254105702894917,106.63393719594569
JPO Tanpa Nama,-6.254407977113993,106.63286368344335
JPO Tanpa Nama,-6.255294789247627,106.6323767333828
JPO Tanpa Nama,-6.254930621080342,106.63224233858955
JPO Tanpa Nama,-6.254675540870607,106.63199189017656
JPO Tanpa Nama,-6.254331943535324,106.63277639055214
JPO Tanpa Nama,-6.2543787,106.6316706
JPO Tanpa Nama,-6.228256797198001,106.60262608308918
JPO Tanpa Nama,-6.227968658261863,106.6022786561691
JPO Tanpa Nama,-6.2274415093655815,106.60324152008246
JPO Tanpa Nama,-6.228170399169667,106.60254790330208
JPO Tanpa Nama,-6.227391948603167,106.60217611326439
JPO Tanpa Nama,-6.21905145,106.80686929999999
JPO Tanpa Nama,-6.373574730617935,106.95762054224517
JPO Tanpa Nama,-6.334701009608569,106.89956050341209
JPO Tanpa Nama,-6.334446778114979,106.89927870084148
JPO Tanpa Nama,-6.3344487486615835,106.8991504582769
JPO Tanpa Nama,-6.334195018037555,106.89966164394374
JPO Tanpa Nama,-6.334397165806596,106.90015862009162
JPO Tanpa Nama,-6.334740676197849,106.8996265442518
Jalan Kubis II,-6.25654505,106.79276444999999
JPO Tanpa Nama,-6.2723957,106.69755700000002
JPO Tanpa Nama,-6.2433163,106.99272264999999
JPO Tanpa Nama,-6.2432534,106.99296175
JPO Tanpa Nama,-6.243284949999999,106.99286074999999
JPO Tanpa Nama,-6.232819802875106,106.83380971112511
JPO Tanpa Nama,-6.233510443939198,106.83368232434479
JPO Tanpa Nama,-6.2338681887622585,106.83303635715455
JPO Tanpa Nama,-6.163118404059467,106.92295315160125
JPO Tanpa Nama,-6.16413544526197,106.92334141480488
JPO Tanpa Nama,-6.16496696309621,106.92341121647037
JPO Tanpa Nama,-6.16427075,106.9233023
JPO Tanpa Nama,-6.163306876662081,106.92318774831531
JPO Tanpa Nama,-6.188134891507608,106.7068136239657
JPO Tanpa Nama,-6.172402549999999,106.82370334999999
JPO Tanpa Nama,-6.172017523768986,106.8237438239743
JPO Tanpa Nama,-6.1726355,106.82393920000001
JPO Tanpa Nama,-6.173605919168719,106.82350153855573
JPO Tanpa Nama,-6.09936105,106.8766083
JPO Tanpa Nama,-6.099444656218678,106.87713397898115
JPO Tanpa Nama,-6.09948742248451,106.8765101538278
JPO Tanpa Nama,-6.099375500000001,106.8768611
JPO Tanpa Nama,-6.099329639883796,106.87683583777509
JPO Tanpa Nama,-6.09991259366896,106.87728987375104
JPO Tanpa Nama,-6.11584575,106.85911895000001
JPO Tanpa Nama,-6.115604590609581,106.85883760836391
JPO Tanpa Nama,-6.1155119949087995,106.85882297646305
JPO Tanpa Nama,-6.181010410158173,106.79513540221934
JPO Tanpa Nama,-6.181960047574909,106.79432262997183
JPO Tanpa Nama,-6.182278959987424,106.70602652961792
JPO Tanpa Nama,-6.158680150939453,106.75683781698156
JPO Tanpa Nama,-6.158700810892125,106.75664498532957
JPO Tanpa Nama,-6.15837501754353,106.75566100979373
JPO Tanpa Nama,-6.158488063734064,106.75557877268434
JPO Tanpa Nama,-6.283808963683067,106.78224047547063
JPO Tanpa Nama,-6.28357575,106.7825364
JPO Tanpa Nama,-6.28371380810031,106.78222020684073
JPO Tanpa Nama,-6.236870572233478,106.7862443329621
JPO Tanpa Nama,-6.237097073278286,106.785921878493
JPO Tanpa Nama,-6.325811528378362,106.69285353347996
JPO Tanpa Nama,-6.326190712768351,106.69220346458393
JPO Tanpa Nama,-6.325819695720081,106.69239758775242
JPO Tanpa Nama,-6.30427837731832,106.90322208236226
JPO Tanpa Nama,-6.304403287654648,106.90397473323489
JPO Tanpa Nama,-6.3045831,106.90361575
JPO Tanpa Nama,-6.304678085042115,106.90387397152729
JPO Tanpa Nama,-6.304581285555893,106.90323243335001
JPO Tanpa Nama,-6.369547381998051,106.82951249344822
JPO Tanpa Nama,-6.370819104675155,106.82962720186634
JPO Tanpa Nama,-6.366921268966046,106.83172516627685
JPO Tanpa Nama,-6.367577000000001,106.83145805000001
JPO Tanpa Nama,-6.282868318666517,106.69797985653027
JPO Tanpa Nama,-6.283308912955368,106.6988887429864
JPO Tanpa Nama,-6.28289965,106.69760070000001
JPO Tanpa Nama,-6.3638718,106.8292735
JPO Tanpa Nama,-6.363818444508348,106.82886357304726
JPO Tanpa Nama,-6.331573801289566,106.80907381237567
JPO Tanpa Nama,-6.33204405,106.80893935
JPO Tanpa Nama,-6.331805341158156,106.80904739520894
JPO Tanpa Nama,-6.3316188213368365,106.80892886300958
JPO Tanpa Nama,-6.2859567904620075,106.72841397110632
JPO Tanpa Nama,-6.284768386765655,106.72859817759446
JPO Tanpa Nama,-6.313332303199912,106.82431516666213
JPO Tanpa Nama,-6.316681205777089,106.82392254662327
JPO Tanpa Nama,-6.31701815,106.81930289999998
JPO Tanpa Nama,-6.317137426938693,106.81929983819184
JPO Tanpa Nama,-6.317276985639742,106.82061798966332
JPO Tanpa Nama,-6.316384854609919,106.81790264837927
JPO Tanpa Nama,-6.2955228499999984,106.7954135
JPO Tanpa Nama,-6.29549335,106.7957823
JPO Tanpa Nama,-6.295571889765501,106.79571419713236
JPO Tanpa Nama,-6.29551905128373,106.795990626257
JPO Tanpa Nama,-6.295311000000001,106.79629985
JPO Tanpa Nama,-6.255065662099513,106.84412820273954
JPO Tanpa Nama,-6.24636909191259,106.86151975989534
JPO Tanpa Nama,-6.246371153327728,106.86111360041244
JPO Tanpa Nama,-6.246150800547964,106.86078828882053
JPO Tanpa Nama,-6.2124007500000005,106.7889472
JPO Tanpa Nama,-6.16859185,106.88645969999999
JPO Tanpa Nama,-6.209625349999999,106.79675774999998
JPO Tanpa Nama,-6.1613065,106.77143985
JPO Tanpa Nama,-6.183942735747226,106.93171499104997
JPO Tanpa Nama,-6.137751481805358,106.93475887067434
JPO Tanpa Nama,-6.13845025,106.9341628
JPO Tanpa Nama,-6.138239399013841,106.93429852588112
JPO Tanpa Nama,-6.128925762851974,106.62644481999385
JPO Tanpa Nama,-6.121560552184038,106.76290694725975
JPO Tanpa Nama,-6.12123995,106.76279515
JPO Tanpa Nama,-6.12067855,106.7634422
JPO Tanpa Nama,-6.12049285,106.7653123
JPO Tanpa Nama,-6.1205536,106.76472670000001
JPO Tanpa Nama,-6.120691689685385,106.7640610359397
JPO Tanpa Nama,-6.08200410686422,107.00203823697115
JPO Tanpa Nama,-6.0815128000000005,107.002643
JPO Tanpa Nama,-6.081927235357715,107.00268549486924
JPO Tanpa Nama,-6.119880549999999,106.76497039999998
JPO Tanpa Nama,-6.1199347,106.76496234999999
JPO Tanpa Nama,-6.11930035,106.764921
JPO Tanpa Nama,-6.11843985,106.76482050000001
JPO Tanpa Nama,-6.118985215855175,106.76493010552801
JPO Tanpa Nama,-6.119985677033796,106.76431520961825
JPO Tanpa Nama,-6.117992872744482,106.764081688442
JPO Tanpa Nama,-6.223754415497166,107.00210104778233
JPO Tanpa Nama,-6.22342112368852,107.00210832067948
JPO Tanpa Nama,-6.22355355862146,107.00234463577748
JPO Tanpa Nama,-6.188160697917861,106.82197756615759
JPO Tanpa Nama,-6.173757019426482,106.82645200468379
JPO Tanpa Nama,-6.241339158357934,106.60691548757643
JPO Tanpa Nama,-6.2415672523990775,106.60719987420796
JPO Tanpa Nama,-6.241187814202164,106.60708763110043
JPO Tanpa Nama,-6.2601206,106.64134494999999
JPO Tanpa Nama,-6.260118916460188,106.64119244254594
JPO Tanpa Nama,-6.26028745,106.6412314
JPO Tanpa Nama,-6.2604682,106.64192245
JPO Tanpa Nama,-6.2604104680558565,106.64118293246965
JPO Tanpa Nama,-6.260069191893346,106.64159571927296
JPO Tanpa Nama,-6.259835274481047,106.64126039995122
JPO Tanpa Nama,-6.181252138313868,106.70771581038007
JPO Tanpa Nama,-6.1815053828083295,106.72354188119441
JPO Tanpa Nama,-6.165617093555456,106.6889754184875
JPO Tanpa Nama,-6.1657418,106.68892574999998
JPO Tanpa Nama,-6.16558928548827,106.68920227533184
JPO Tanpa Nama,-6.133067260518642,106.6833304878357
JPO Tanpa Nama,-6.176549350000001,106.63037894999998
JPO Tanpa Nama,-6.1765925373273225,106.63045595109378
JPO Tanpa Nama,-6.176642219510539,106.63062679884456
JPO Tanpa Nama,-6.176662182138556,106.63100938596385
JPO Tanpa Nama,-6.19030889741526,106.83810582282332
JPO Tanpa Nama,-6.2932787,106.81403370000001
JPO Tanpa Nama,-6.318945375836801,106.81940066178596
JPO Tanpa Nama,-6.304762871816389,106.83586176187683
JPO Tanpa Nama,-6.30489905,106.83611200000001
JPO Tanpa Nama,-6.304734818539058,106.83592842980944
JPO Tanpa Nama,-6.304672423016938,106.83601259917639
JPO Tanpa Nama,-6.25739295,106.89236675000001
JPO Tanpa Nama,-6.257673077504197,106.89236282539335
JPO Tanpa Nama,-6.25735861915594,106.89226146852255
JPO Tanpa Nama,-6.249696382779679,106.92064710258927
JPO Tanpa Nama,-6.2498247927128405,106.92056599615422
JPO Tanpa Nama,-6.249092486008783,106.92073540034502
JPO Tanpa Nama,-6.249599942729838,106.92044913542371
JPO Tanpa Nama,-6.249641375948685,106.92025706306657
JPO Tanpa Nama,-6.249532222540151,106.92023150742104
JPO Tanpa Nama,-6.249538841099047,106.92001183039261
JPO Tanpa Nama,-6.1934716000000005,106.87954725000002
JPO Tanpa Nama,-6.192965792865081,106.87874150783958
JPO Tanpa Nama,-6.172697200272346,106.82758168085583
JPO Tanpa Nama,-6.172226223530341,106.82725465463527
JPO Tanpa Nama,-6.174344990758278,106.82507593226767
JPO Tanpa Nama,-6.176602302965869,106.82502040593396
JPO Tanpa Nama,-6.1773796999999995,106.82555540000001
JPO Tanpa Nama,-6.17338455,106.82884175
JPO Tanpa Nama,-6.177164599999999,106.8289306
JPO Tanpa Nama,-6.3008223361260995,106.82805302548142
JPO Tanpa Nama,-6.301251292604996,106.82805277286799
JPO Tanpa Nama,-6.324375717923916,106.86592431764943
JPO Tanpa Nama,-6.400167530322338,106.97570343824944
JPO Tanpa Nama,-6.367669449999999,106.824084
JPO Tanpa Nama,-6.119970151224738,106.84688426576163
JPO Tanpa Nama,-6.23300615,107.05051115
JPO Tanpa Nama,-6.232853532232665,107.05051484122662
JPO Tanpa Nama,-6.240033004115296,106.8024274504284
JPO Tanpa Nama,-6.239881079034948,106.80218151350307
JPO Tanpa Nama,-6.23987496533658,106.80267442325416
JPO Tanpa Nama,-6.239724958279292,106.8024210980071
JPO Tanpa Nama,-6.151640826938542,106.85979212818911
JPO Tanpa Nama,-6.301328985301721,106.64353605388006
JPO Tanpa Nama,-6.300764693915105,106.6440744481106
JPO Tanpa Nama,-6.300894899999999,106.6428353
JPO Tanpa Nama,-6.301091550000001,106.6418867
JPO Tanpa Nama,-6.3010202500000005,106.64186434999999
JPO Tanpa Nama,-6.322310550000001,106.78923435
JPO Tanpa Nama,-6.322250900000001,106.78937285
JPO Tanpa Nama,-6.321333448008585,106.78863207399793
JPO Tanpa Nama,-6.322601,106.78924214999999
JPO Tanpa Nama,-6.32302339484053,106.78853919923876
JPO Tanpa Nama,-6.321489166422635,106.78939960751201
JPO Tanpa Nama,-6.260779632182616,106.64015980735323
JPO Tanpa Nama,-6.26061415,106.63974225
JPO Tanpa Nama,-6.260478685777958,106.64010688413093
JPO Tanpa Nama,-6.2604604,106.6397827
JPO Tanpa Nama,-6.260218371516699,106.63971766564414
JPO Tanpa Nama,-6.2604347260113045,106.6398702839934
JPO Tanpa Nama,-6.260229611627189,106.6400550100402
JPO Tanpa Nama,-6.260207450000001,106.63996259999999
JPO Tanpa Nama,-6.2604816586819885,106.63979577462824
JPO Tanpa Nama,-6.259920574258615,106.63996307110055
JPO Tanpa Nama,-6.259777124471865,106.6403269064983
JPO Tanpa Nama,-6.26010898540405,106.6398710256247
JPO Tanpa Nama,-6.259830844716125,106.63986472574702
JPO Tanpa Nama,-6.259574536982407,106.63981700585899
JPO Tanpa Nama,-6.281770396238746,106.640884418743
JPO Tanpa Nama,-6.178501444202089,106.62976016931927
JPO Tanpa Nama,-6.185338700000001,106.72618854999999
JPO Tanpa Nama,-6.185382902410783,106.72618095565905
JPO Tanpa Nama,-6.184342900000001,106.72656935
JPO Tanpa Nama,-6.1846515,106.72645935
JPO Tanpa Nama,-6.184457115938807,106.72660438406662
JPO Tanpa Nama,-6.183486788807245,106.72708991772836
JPO Tanpa Nama,-6.1870526765603975,106.80308724372583
JPO Tanpa Nama,-6.187310921859446,106.80286848746994
JPO Tanpa Nama,-6.293455971347777,106.79699685753167
JPO Tanpa Nama,-6.294461219749047,106.79707790763617
JPO Tanpa Nama,-6.215602321261131,106.82152627268302
JPO Tanpa Nama,-6.1743019619003885,106.82888218277714
JPO Tanpa Nama,-6.142796838506426,106.84691515404234
JPO Tanpa Nama,-6.14297895,106.84736575
JPO Tanpa Nama,-6.1428351,106.84742130000001
JPO Tanpa Nama,-6.142642213738741,106.84714396001142
JPO Tanpa Nama,-6.143111449999999,106.847316
JPO Tanpa Nama,-6.142941840481747,106.84693409333046
JPO Tanpa Nama,-6.120693350061282,106.84522451869513
JPO Tanpa Nama,-6.232638,106.8243582
JPO Tanpa Nama,-6.232597884297707,106.82433667717743
JPO Tanpa Nama,-6.2327087500000005,106.8239728
JPO Tanpa Nama,-6.3520629789110545,106.83023170771287
JPO Tanpa Nama,-6.351536505180771,106.83071354860918
JPO Tanpa Nama,-6.362948325944623,106.82707984113092
JPO Tanpa Nama,-6.3644251177585724,106.82698380844334
JPO Tanpa Nama,-6.364189620223119,106.82741470743046
JPO Tanpa Nama,-6.363523891650688,106.8269560432039
Jalan Tol Pelabuhan II,-6.107620692653918,106.89475703364639
Jalan Tol Pelabuhan II,-6.1075612117568125,106.89631433796926
JPO Tanpa Nama,-6.2026258,106.79278555000002
JPO Tanpa Nama,-6.2026027,106.79269055
JPO Tanpa Nama,-6.20258795,106.79262665
JPO Tanpa Nama,-6.274614059151093,106.71839307498566
JPO Tanpa Nama,-6.274252235868707,106.7185950788356
JPO Tanpa Nama,-6.257251538552672,106.61538736428854
JPO Tanpa Nama,-6.2570691499999995,106.61521144999999
JPO Tanpa Nama,-6.38336,106.88544275
JPO Tanpa Nama,-6.383659408452188,106.88458252359544
JPO Tanpa Nama,-6.38357085,106.88451940000002
JPO Tanpa Nama,-6.383369516197633,106.88450643189604
JPO Tanpa Nama,-6.383371986071952,106.88513081210675
JPO Tanpa Nama,-6.28397645,106.72870995
JPO Tanpa Nama,-6.283775331721665,106.72877110020829
JPO Tanpa Nama,-6.283405250000001,106.72845015
JPO Tanpa Nama,-6.283314890767275,106.7283226713817
JPO Tanpa Nama,-6.2836223,106.7271827
JPO Tanpa Nama,-6.283344418524012,106.72722599794433
JPO Tanpa Nama,-6.303162167705574,106.89542281477753
JPO Tanpa Nama,-6.30312895,106.89532525
JPO Tanpa Nama,-6.302932565575867,106.89564587783947
JPO Tanpa Nama,-6.303169623096893,106.89546057983208
JPO Tanpa Nama,-6.2068931,106.81345185
JPO Tanpa Nama,-6.300296280901836,106.84494314600785
JPO Tanpa Nama,-6.300565848382577,106.84441959273195
JPO Tanpa Nama,-6.3004984575685885,106.84468041367099
JPO Tanpa Nama,-6.3003873912115695,106.84440042794624
JPO Tanpa Nama,-6.279296810427711,106.8137770959308
JPO Tanpa Nama,-6.279784573361037,106.81443018615865
JPO Tanpa Nama,-6.27950682171285,106.8143386284402
JPO Tanpa Nama,-6.26486215,106.78043775
JPO Tanpa Nama,-6.264778105111115,106.78060136035573
JPO Tanpa Nama,-6.264799302318109,106.7801753444676
JPO Tanpa Nama,-6.251696586324062,106.76987267118571
JPO Tanpa Nama,-6.252249720179395,106.76964438789983
JPO Tanpa Nama,-6.252023779884363,106.7689466413946
JPO Tanpa Nama,-6.12161865,106.9168924
JPO Tanpa Nama,-6.2286752,107.000118
JPO Tanpa Nama,-6.1906968472509005,106.87234625301812
JPO Tanpa Nama,-6.18991324961164,106.87468133855631
JPO Tanpa Nama,-6.1908084500000005,106.8734317
JPO Tanpa Nama,-6.190845713516577,106.8737560203536
JPO Tanpa Nama,-6.1910368253031285,106.87311589477726
JPO Tanpa Nama,-6.180785236098067,106.61968099457903
JPO Tanpa Nama,-6.18616316488536,106.70812920028241
JPO Tanpa Nama,-6.225052,106.8131284
JPO Tanpa Nama,-6.2251042000000005,106.81290279999997
JPO Tanpa Nama,-6.19873995,106.89018505000001
JPO Tanpa Nama,-6.1877534999999995,106.73503345
JPO Tanpa Nama,-6.2066651,106.8889399
JPO Tanpa Nama,-6.196704984719872,106.7489682279749
JPO Tanpa Nama,-6.175349899650206,106.82554647461663
JPO Tanpa Nama,-6.225114993930435,106.8130265526096
JPO Tanpa Nama,-6.301643891182749,106.65184489057702
JPO Tanpa Nama,-6.30168155,106.65235679999999
JPO Tanpa Nama,-6.301917312393478,106.65186507718377
JPO Tanpa Nama,-6.300885615704012,106.65100468924393
JPO Tanpa Nama,-6.301069080292402,106.65183983490452
JPO Tanpa Nama,-6.273857,106.70435185
JPO Tanpa Nama,-6.27377945,106.70439955
JPO Tanpa Nama,-6.2723154999999995,106.70372845
JPO Tanpa Nama,-6.27223135,106.70387805
JPO Tanpa Nama,-6.272177874498093,106.70399477810257
JPO Tanpa Nama,-6.272996169854262,106.70438108360244
JPO Tanpa Nama,-6.262812726939342,106.73138239505519
JPO Tanpa Nama,-6.263091794694574,106.73381351579313
JPO Tanpa Nama,-6.243401379505414,106.71823126327789
JPO Tanpa Nama,-6.2441822,106.71830225000001
JPO Tanpa Nama,-6.2439459,106.71831879999999
JPO Tanpa Nama,-6.38728435,106.95570565
JPO Tanpa Nama,-6.38721712628086,106.95552522292311
JPO Tanpa Nama,-6.235704852435035,106.75865009630749
JPO Tanpa Nama,-6.23559005,106.75890290000002
JPO Tanpa Nama,-6.181265578965036,106.80184439936941
JPO Tanpa Nama,-6.181072549551675,106.80193346198622
JPO Tanpa Nama,-6.1810393999999995,106.80170065000002
JPO Tanpa Nama,-6.175167447636241,106.84318448793488
JPO Tanpa Nama,-6.151972677994362,106.90809948927516
JPO Tanpa Nama,-6.152400013894097,106.90794613313
JPO Tanpa Nama,-6.209682920507643,106.88746533236292
JPO Tanpa Nama,-6.209758674860876,106.88724856465203
JPO Tanpa Nama,-6.173626349999999,106.95150020000001
JPO Tanpa Nama,-6.173540575950822,106.95164254002287
JPO Tanpa Nama,-6.2171854,106.92833465
JPO Tanpa Nama,-6.1882231,106.75561855000002
JPO Tanpa Nama,-6.2437287,106.99355555
JPO Tanpa Nama,-6.302104386957583,106.83920759306073
JPO Tanpa Nama,-6.184918598595443,106.74485640616541
JPO Tanpa Nama,-6.185154132570256,106.74487058253013
JPO Tanpa Nama,-6.185089043737034,106.74492734415729
JPO Tanpa Nama,-6.26897945,106.78789364999999
JPO Tanpa Nama,-6.26872583714714,106.78781805157297
JPO Tanpa Nama,-6.26859797198633,106.78808431430858
JPO Tanpa Nama,-6.268612661251683,106.78797709045908
JPO Tanpa Nama,-6.26113115,106.97251095
JPO Tanpa Nama,-6.3512891,106.962954
JPO Tanpa Nama,-6.35234485,106.96323430000001
JPO Tanpa Nama,-6.3523253,106.96428854999999
JPO Tanpa Nama,-6.371600224972849,106.89302265871024
JPO Tanpa Nama,-6.372019379843475,106.8930268237298
JPO Tanpa Nama,-6.371264251516656,106.89294554332672
JPO Tanpa Nama,-6.372106543091069,106.8934707744703
JPO Tanpa Nama,-6.370864032528815,106.89305748156278
JPO Tanpa Nama,-6.371227951400437,106.89311206757922
JPO Tanpa Nama,-6.371220471358543,106.89311926567699
JPO Tanpa Nama,-6.37113479635761,106.89357807764577
JPO Tanpa Nama,-6.371225458709,106.8931383927189
JPO Tanpa Nama,-6.222455849999999,106.99920775
JPO Tanpa Nama,-6.22243913638793,106.99934111218072
JPO Tanpa Nama,-6.223282820069457,106.99989421572906
JPO Tanpa Nama,-6.223253209245288,107.00066366957509
JPO Tanpa Nama,-6.2167915,106.76628245
JPO Tanpa Nama,-6.221894597676712,106.9928139493788
JPO Tanpa Nama,-6.2062497,107.01091410000001
JPO Tanpa Nama,-6.241115360846176,106.65165391208458
JPO Tanpa Nama,-6.241547665608351,106.65156274623865
JPO Tanpa Nama,-6.241137849999999,106.6516953
JPO Tanpa Nama,-6.241388799999999,106.65161745
JPO Tanpa Nama,-6.171743685882773,106.62421967025092
JPO Tanpa Nama,-6.2946959499999995,106.79511569999998
JPO Tanpa Nama,-6.29793935,106.79480225
JPO Tanpa Nama,-6.2710538499999995,106.76492235
JPO Tanpa Nama,-6.2084353,106.78884104999999
JPO Tanpa Nama,-6.2285999499999996,107.02280719999999
JPO Tanpa Nama,-6.22914225,107.02213575
JPO Tanpa Nama,-6.23004465,107.02093225
JPO Tanpa Nama,-6.224075199999999,106.654309
JPO Tanpa Nama,-6.2244239,106.65428750000001
JPO Tanpa Nama,-6.201717420646352,106.69544686893406
JPO Tanpa Nama,-6.3312978,106.8347275
JPO Tanpa Nama,-6.3313597999999995,106.8347897
JPO Tanpa Nama,-6.33079485,106.8353099
JPO Tanpa Nama,-6.33090225,106.83530204999998
JPO Tanpa Nama,-6.330871350000001,106.8354067
JPO Tanpa Nama,-6.3313911,106.83469825
JPO Tanpa Nama,-6.331079333728251,106.8349943675921
JPO Tanpa Nama,-6.28058595,106.62083954999999
JPO Tanpa Nama,-6.2800803,106.62073579999999
JPO Tanpa Nama,-6.2779770778755255,106.62882640315317
JPO Tanpa Nama,-6.147502845209179,106.6988683587536
JPO Tanpa Nama,-6.188829849999999,106.7359146
JPO Tanpa Nama,-6.1890417499999995,106.7348481
JPO Tanpa Nama,-6.241944939914012,107.0066872873993
JPO Tanpa Nama,-6.2076845,106.7944812
JPO Tanpa Nama,-6.19790675,106.81613235
JPO Tanpa Nama,-6.195196138203493,106.82072307296906
JPO Tanpa Nama,-6.204388999999999,106.81947604999999
JPO Tanpa Nama,-6.2247223,106.81309695000002
JPO Tanpa Nama,-6.2757547,106.61122465
JPO Tanpa Nama,-6.27586055,106.61161555000001
JPO Tanpa Nama,-6.273179900144108,106.6158214499492
JPO Tanpa Nama,-6.2731686472884,106.61547389324181
JPO Tanpa Nama,-6.3611502,106.82326835
JPO Tanpa Nama,-6.1861054499999995,106.6385191
JPO Tanpa Nama,-6.18628525,106.6379794
JPO Tanpa Nama,-6.18647335,106.6382501
JPO Tanpa Nama,-6.185881650000001,106.638272
JPO Tanpa Nama,-6.2358907000000015,106.67850165
JPO Tanpa Nama,-6.23403295,106.6785054
JPO Tanpa Nama,-6.232803150000001,106.68015345000002
JPO Tanpa Nama,-6.239645749999999,106.67694505
JPO Tanpa Nama,-6.266277400000001,106.68864519999998
JPO Tanpa Nama,-6.24292155,106.6744253
JPO Tanpa Nama,-6.24535705,106.67223565
JPO Tanpa Nama,-6.291653849999999,106.6305882
JPO Tanpa Nama,-6.29154855,106.63094945000002
JPO Tanpa Nama,-6.286016500000001,106.63383160000001
JPO Tanpa Nama,-6.28675995,106.63389609999999
JPO Tanpa Nama,-6.286516750000001,106.63421950000001
JPO Tanpa Nama,-6.28612945,106.6334884
JPO Tanpa Nama,-6.2850353499999985,106.62574865
JPO Tanpa Nama,-6.2842693,106.6259421
JPO Tanpa Nama,-6.28468015,106.62618624999998
JPO Tanpa Nama,-6.2847054,106.62549044999999
JPO Tanpa Nama,-6.317695049999999,106.86436389999999
JPO Tanpa Nama,-6.161813,106.84484800000001
JPO Tanpa Nama,-6.24885545,106.86632409999999
JPO Tanpa Nama,-6.2471657,106.86713524999999
JPO Tanpa Nama,-6.24140825,106.84144305
JPO Tanpa Nama,-6.2488129,106.84274744999999
JPO Tanpa Nama,-6.245800549193357,106.86112051131612
JPO Tanpa Nama,-6.3654367249238915,106.95659154470272
JPO Tanpa Nama,-6.229279200000001,106.77896695
JPO Tanpa Nama,-6.22907115,106.77869970000002
JPO Tanpa Nama,-6.26688665,106.85012685000001
JPO Tanpa Nama,-6.28546665,106.83546994999999
JPO Tanpa Nama,-6.28613865,106.83357355000001
JPO Tanpa Nama,-6.285819450000001,106.83493374999999
JPO Tanpa Nama,-6.25869595,106.61562685
JPO Tanpa Nama,-6.285338827827386,106.84179661074376
JPO Tanpa Nama,-6.28513705,106.83663390000001
JPO Tanpa Nama,-6.145215,106.8617317
JPO Tanpa Nama,-6.2767756983629885,106.62127912297262
MRT Jakarta Jalur Utara-Selatan,-6.2890865852335684,106.78752317361985
MRT Jakarta Jalur Utara-Selatan,-6.255655861586419,106.79760048016895
MRT Jakarta Jalur Utara-Selatan,-6.289122375207723,106.78755230962079
MRT Jakarta Jalur Utara-Selatan,-6.255667147140432,106.7976568683459
JPO Tanpa Nama,-6.2314577,106.72762020000002
JPO Tanpa Nama,-6.1851926000000015,106.87003770000001
JPO Tanpa Nama,-6.3595342000000015,106.82590025
JPO Tanpa Nama,-6.1877585,106.7333846
JPO Tanpa Nama,-6.2493457,106.86609715000002
JPO Tanpa Nama,-6.133299208323824,106.69721452811427
JPO Tanpa Nama,-6.1332016649496515,106.69664184948832
JPO Tanpa Nama,-6.1333347499999995,106.6929385
JPO Tanpa Nama,-6.13331315,106.6932073
JPO Tanpa Nama,-6.133307099870661,106.69377221592255
JPO Tanpa Nama,-6.1332893,106.69441705
JPO Tanpa Nama,-6.13326,106.69505795
JPO Tanpa Nama,-6.133127399999999,106.6953984
JPO Tanpa Nama,-6.3053183,106.81398185
JPO Tanpa Nama,-6.27219645,106.6977507
JPO Tanpa Nama,-6.23291095,106.6082856
JPO Tanpa Nama,-6.233620650000001,106.60826134999999
JPO Tanpa Nama,-6.2990137,106.797149
JPO Tanpa Nama,-6.30615555,106.81396664999998
JPO Tanpa Nama,-6.1346925,106.63312565000001
JPO Tanpa Nama,-6.13504355,106.63310765
JPO Tanpa Nama,-6.3198304499999995,106.85065320000001
JPO Tanpa Nama,-6.31920285,106.85134785
JPO Tanpa Nama,-6.1293156,106.6575983
JPO Tanpa Nama,-6.129175635224509,106.6574308612767
JPO Tanpa Nama,-6.1280417,106.6577859
JPO Tanpa Nama,-6.128008868010074,106.65770643394603
JPO Tanpa Nama,-6.128125398664805,106.65757548125137
JPO Tanpa Nama,-6.1292497302570395,106.65753294206964
JPO Tanpa Nama,-6.12865945715002,106.65763146690084
JPO Tanpa Nama,-6.128101120297483,106.65770114897605
JPO Tanpa Nama,-6.127983513637821,106.65754593969802
JPO Tanpa Nama,-6.301051062479163,106.8907502780947
JPO Tanpa Nama,-6.301240730588888,106.89144281275945
JPO Tanpa Nama,-6.30126885,106.89107385
JPO Tanpa Nama,-6.301173778387013,106.89116919294167
JPO Tanpa Nama,-6.300627199372386,106.89144800832656
JPO Tanpa Nama,-6.300659122466707,106.89122900035778
JPO Tanpa Nama,-6.13037295,106.65656825
JPO Tanpa Nama,-6.13054035,106.65663455
JPO Tanpa Nama,-6.130573350000001,106.6565843
JPO Tanpa Nama,-6.13044165,106.65646249999999
JPO Tanpa Nama,-6.130511941472955,106.6565226593584
JPO Tanpa Nama,-6.1304599474078385,106.65660349660122
JPO Tanpa Nama,-6.1309571,106.65539919999999
JPO Tanpa Nama,-6.1310401500000005,106.6554345
JPO Tanpa Nama,-6.130951122198939,106.65543767310263
JPO Tanpa Nama,-6.130857450000001,106.65543625
JPO Tanpa Nama,-6.131047000000001,106.6553957
JPO Tanpa Nama,-6.13096614160047,106.65535333925942
JPO Tanpa Nama,-6.1308816,106.65530825
JPO Tanpa Nama,-6.1307632000000005,106.65599660000001
JPO Tanpa Nama,-6.130492950000001,106.6565598
JPO Tanpa Nama,-6.1299852301323705,106.6529465900452
JPO Tanpa Nama,-6.129907626241676,106.65308553291096
JPO Tanpa Nama,-6.13001255,106.6528364
JPO Tanpa Nama,-6.129857400000001,106.65293714999999
JPO Tanpa Nama,-6.129938170740518,106.65288606362265
JPO Tanpa Nama,-6.130395699999999,106.6533728
JPO Tanpa Nama,-6.13063215,106.6538821
JPO Tanpa Nama,-6.130692088875339,106.65387169289684
JPO Tanpa Nama,-6.1306905,106.65399645
JPO Tanpa Nama,-6.1308136,106.65384954999999
JPO Tanpa Nama,-6.130743143371713,106.65391925554975
JPO Tanpa Nama,-6.129954457445009,106.65712989437354
JPO Tanpa Nama,-6.1309729,106.65463685
JPO Tanpa Nama,-6.121309624573341,106.66116026337298
JPO Tanpa Nama,-6.15543965,106.90851915
JPO Tanpa Nama,-6.15608708752651,106.91051660887003
JPO Tanpa Nama,-6.1251236,106.65791365000001
JPO Tanpa Nama,-6.125477699999999,106.65702335
JPO Tanpa Nama,-6.1259122,106.65593525
JPO Tanpa Nama,-6.126160936371334,106.65568287952442
JPO Tanpa Nama,-6.126458951091239,106.65503116152654
JPO Tanpa Nama,-6.126403899999999,106.65468945
JPO Tanpa Nama,-6.2575379,106.60396990000002
JPO Tanpa Nama,-6.14846395,106.827029
JPO Tanpa Nama,-6.1479198,106.8301157
JPO Tanpa Nama,-6.14826435,106.8281315
JPO Tanpa Nama,-6.115742550000001,106.78792005000001
JPO Tanpa Nama,-6.170704915603911,106.87056368048155
JPO Tanpa Nama,-6.2108472,106.9508643
JPO Tanpa Nama,-6.2111518,106.95103645
Jalan Nichoviola Residence,-6.362443606938615,106.93739398898612
JPO Tanpa Nama,-6.177122255034443,106.83110380580806
JPO Tanpa Nama,-6.172390386661643,106.83082529336231
JPO Tanpa Nama,-6.225056950000001,106.82945380000001
JPO Tanpa Nama,-6.22835717382254,106.79751564862859
JPO Tanpa Nama,-6.18723445,106.73805060000001
JPO Tanpa Nama,-6.244689183094018,106.78260013952668
JPO Tanpa Nama,-6.222936617667625,106.84357446030518
JPO Tanpa Nama,-6.21200655,106.99885000000002
Gang Mesjid,-6.1914020067931865,106.99851885109445
Jalan Komando II,-6.1820248499999995,106.99035915
JPO Tanpa Nama,-6.138205397890158,106.81451046545321
JPO Tanpa Nama,-6.115883600128315,106.78792075532472
JPO Tanpa Nama,-6.1158277000000005,106.7879207
JPO Tanpa Nama,-6.2008881,106.7998048
JPO Tanpa Nama,-6.2938005,106.79514950000001
JPO Tanpa Nama,-6.1460764,106.89308965000001
Jalan Wibawa Mukti IV Gang Masjid,-6.289469288709006,106.94862520188104
Jalan Wibawa Mukti IV Gang Masjid,-6.290214949999998,106.94894274999999
Jalan Wibawa Mukti IV Gang Masjid,-6.2901857,106.94892575
JPO Tanpa Nama,-6.304372300000001,106.8989343
JPO Tanpa Nama,-6.304372,106.89900485
Transjakarta Busway Koridor 2,-6.16722265,106.88130885
Transjakarta Busway Koridor 2,-6.1672846,106.88127130000001
JPO Tanpa Nama,-6.20673425,106.9610609
JPO Tanpa Nama,-6.314409590943424,107.02171112076402
JPO Tanpa Nama,-6.3234903,107.01473730000001
JPO Tanpa Nama,-6.324210111203584,107.01539844543596
JPO Tanpa Nama,-6.2823737234053985,107.02586546293693
JPO Tanpa Nama,-6.28230203556545,107.02642628202187
JPO Tanpa Nama,-6.282579993498637,107.02599418987255
JPO Tanpa Nama,-6.282538557156695,107.02583309055045
JPO Tanpa Nama,-6.28261220366302,107.02590298741814
JPO Tanpa Nama,-6.282263443451196,107.02568160152663
JPO Tanpa Nama,-6.2824456,107.02595385000001
JPO Tanpa Nama,-6.282472859337819,107.02562040719732
JPO Tanpa Nama,-6.282566268217082,107.02569500083762
JPO Tanpa Nama,-6.282360743594694,107.02616765784
Jalan Idris,-6.2077866,106.78092704999999
Jalur Kereta Api Jakarta Kota–Cikampek,-6.2156605,106.9247666
Jalur Kereta Api Jakarta Kota–Cikampek,-6.21569535,106.92476285000001
Jalur Kereta Api Jakarta Kota–Cikampek,-6.21302695,106.8924182
Jalur Kereta Api Jakarta Kota–Cikampek,-6.2130907,106.89576015
Jalur Kereta Api Jakarta Kota–Cikampek,-6.213065498566709,106.89241215002399
Jalur Kereta Api Jakarta Kota–Cikampek,-6.21311985,106.8957594
Jalur Kereta Api Jakarta Kota–Cikampek,-6.21862215,106.94901354999998
Jalur Kereta Api Jakarta Kota–Cikampek,-6.21865635,106.94899765000001
JPO Tanpa Nama,-6.214152899999999,106.63916040000001
JPO Tanpa Nama,-6.213910196897197,106.63922893536167
JPO Tanpa Nama,-6.291511950005026,106.88606979527579
JPO Tanpa Nama,-6.1030688,106.6099
Jalan Griya Kencana 2,-6.229554650000001,106.7062948
JPO Tanpa Nama,-6.231007437568425,106.78213444870354
JPO Tanpa Nama,-6.1490625,106.79707655
JPO Tanpa Nama,-6.1489432,106.797054
Gang Musholla Darussalam,-6.3047027,106.80867515
JPO Tanpa Nama,-6.294600619973553,106.80100043093739
Jalan Mandar VI,-6.2717896500000005,106.74076565
JPO Tanpa Nama,-6.27405385,106.7405524
Jalan Pantai Indah Selatan 1,-6.1243899,106.7519329
Jalan Pantai Indah Selatan 1,-6.12450995,106.7519396
Jalan Taman Golf Barat,-6.118572349999999,106.73926445000002
Jalan Taman Golf Timur,-6.12120995,106.74747305
JPO Tanpa Nama,-6.1092854,106.95511085
JPO Tanpa Nama,-6.1206439,106.7712398
JPO Tanpa Nama,-6.120307249999999,106.77119785
Jalan Ciledug Raya,-6.23564745,106.75564245000001
Transjakarta Busway Koridor 2,-6.17578075481807,106.83268717103584
JPO Tanpa Nama,-6.2732697,106.74062065
JPO Tanpa Nama,-6.149153800000001,106.7692716
JPO Tanpa Nama,-6.247817100000001,106.88155145
Jalan Tol Jakarta–Cikampek,-6.2476727499999996,106.8815061
Jalan Tol Jakarta–Cikampek,-6.24750585,106.88102105
JPO Tanpa Nama,-6.303543805685972,106.88504305023187
JPO Tanpa Nama,-6.303718143625691,106.88524904119917
JPO Tanpa Nama,-6.2470855404888015,106.7625652965202
JPO Tanpa Nama,-6.21891876781042,107.02686533374012
JPO Tanpa Nama,-6.208345140655216,106.81481887881154
JPO Tanpa Nama,-6.2077328,106.8141456
JPO Tanpa Nama,-6.251276600000001,106.760921
JPO Tanpa Nama,-6.176878800000001,106.7910444
JPO Tanpa Nama,-6.177387850000001,106.7905064
Gang Mush Al-Ikhlas,-6.29203855,106.7167156
JPO Tanpa Nama,-6.3985639079451335,106.97037231389875
JPO Tanpa Nama,-6.12434395,106.66429490000002
JPO Tanpa Nama,-6.276157850000001,106.68319255
JPO Tanpa Nama,-6.254518299939431,106.73184985956313
JPO Tanpa Nama,-6.261757437230602,106.74015481896832
JPO Tanpa Nama,-6.252524599999998,106.79350325000001
JPO Tanpa Nama,-6.3786682,106.79681964999999
JPO Tanpa Nama,-6.10545295,106.63963955
JPO Tanpa Nama,-6.39827655,106.97048015
JPO Tanpa Nama,-6.152136000000001,107.0246049
JPO Tanpa Nama,-6.30284615245829,106.893207034692
JPO Tanpa Nama,-6.2289095,106.7024096
JPO Tanpa Nama,-6.230487200000001,106.7017368
JPO Tanpa Nama,-6.302886078805812,106.89403016770632
JPO Tanpa Nama,-6.39600995,106.7959536
JPO Tanpa Nama,-6.383744450000001,106.93278345
JPO Tanpa Nama,-6.3052693287605965,106.71562974806069
JPO Tanpa Nama,-6.1584167,106.61026605
JPO Tanpa Nama,-6.15828485,106.61034005
JPO Tanpa Nama,-6.173493871058282,106.73387560882556
JPO Tanpa Nama,-6.212987084347454,106.95242699224964
Gang Muhammad,-6.2321828,106.7036102
JPO Tanpa Nama,-6.154058783224405,106.62657640614782
JPO Tanpa Nama,-6.153840328940995,106.62796687200567
JPO Tanpa Nama,-6.3847264,106.81024775
JPO Tanpa Nama,-6.276406199999999,106.71029684999999
JPO Tanpa Nama,-6.1892277,106.8402076
JPO Tanpa Nama,-6.281242098264184,106.98784082088028
JPO Tanpa Nama,-6.1388537,106.60368465
JPO Tanpa Nama,-6.177141950240443,106.836043538513
JPO Tanpa Nama,-6.284460440123097,106.70498736551495
JPO Tanpa Nama,-6.27768455,106.69887155
JPO Tanpa Nama,-6.20502485,106.712053
JPO Tanpa Nama,-6.3832228716800685,106.79112213313347
JPO Tanpa Nama,-6.2314418,107.03554185
JPO Tanpa Nama,-6.24254985,106.7605347
Jalan Swadarma I,-6.2347205,106.7600739
JPO Tanpa Nama,-6.1270372,106.7985732
Jalan Penghulu II,-6.2834710000000005,106.9150119
Gang Caing,-6.233586380897659,106.71121060581687
JPO Tanpa Nama,-6.233829349229686,106.71090503857873
JPO Tanpa Nama,-6.1214166500000005,106.6896399
JPO Tanpa Nama,-6.16640565,106.7325546
Jalan Akses BORR Selatan,-6.3724203500000005,106.82266675
Jalan Al Ittihat,-6.227121,106.7744316
JPO Tanpa Nama,-6.173209249999999,106.75740475
JPO Tanpa Nama,-6.326728878497315,106.9192016520759
JPO Tanpa Nama,-6.249117249999999,106.74817445
JPO Tanpa Nama,-6.12010965,106.8491635
JPO Tanpa Nama,-6.247345422371589,106.84899486317866
JPO Tanpa Nama,-6.200609343536053,106.60828853924819
JPO Tanpa Nama,-6.26549715,106.80047815
JPO Tanpa Nama,-6.263975750014637,106.79800290260457
JPO Tanpa Nama,-6.2131712,106.78777925
JPO Tanpa Nama,-6.196035,106.74781885000002
JPO Tanpa Nama,-6.245305067807694,106.85703366058735
JPO Tanpa Nama,-6.339247450000001,107.02209835
JPO Tanpa Nama,-6.248229,106.84268424999999
JPO Tanpa Nama,-6.3862055,106.9850329
JPO Tanpa Nama,-6.185973400000001,107.00429385
JPO Tanpa Nama,-6.1590937284195695,106.74622651474208
JPO Tanpa Nama,-6.1928432,106.91427089999999
JPO Tanpa Nama,-6.192837900000001,106.9140087
JPO Tanpa Nama,-6.121655649999999,106.61644505
JPO Tanpa Nama,-6.150002199999999,106.60204479999999
JPO Tanpa Nama,-6.2460178,106.76827285
JPO Tanpa Nama,-6.19464655,106.87157435
JPO Tanpa Nama,-6.2004545,107.02677510000001
JPO Tanpa Nama,-6.2201445,107.0219086
JPO Tanpa Nama,-6.189171465437852,106.86818161091597
JPO Tanpa Nama,-6.14350295,106.67060225
JPO Tanpa Nama,-6.148115150000001,106.60894075
JPO Tanpa Nama,-6.2276716,106.75846404999997
JPO Tanpa Nama,-6.26386445,106.88553189999999
JPO Tanpa Nama,-6.1416643,106.6884277
JPO Tanpa Nama,-6.1367312,106.6871401
JPO Tanpa Nama,-6.13673985,106.6867391
JPO Tanpa Nama,-6.1970433499999995,107.03669475
JPO Tanpa Nama,-6.197134671912543,107.03687658281062
JPO Tanpa Nama,-6.152376323196697,106.85606561445002
JPO Tanpa Nama,-6.3429473000000005,106.67541650000003
JPO Tanpa Nama,-6.342982249490136,106.67591753796455
JPO Tanpa Nama,-6.34333705,106.67630820000001
JPO Tanpa Nama,-6.34334335,106.67652365
JPO Tanpa Nama,-6.343351950000001,106.6767362
JPO Tanpa Nama,-6.34350125,106.67651665
JPO Tanpa Nama,-6.3434558,106.6754803
JPO Tanpa Nama,-6.34346755,106.6757248
JPO Tanpa Nama,-6.344109899999999,106.6756701
JPO Tanpa Nama,-6.3441009,106.6754449
JPO Tanpa Nama,-6.34414385,106.67648755
JPO Tanpa Nama,-6.34413365,106.6762483
JPO Tanpa Nama,-6.343492899999999,106.67629735
JPO Tanpa Nama,-6.344124148182353,106.676022376175
JPO Tanpa Nama,-6.344119339022789,106.67590973023152
JPO Tanpa Nama,-6.3441391,106.67596585000001
JPO Tanpa Nama,-6.344376872928712,106.67689583869078
Jogging Track,-6.345601245305052,106.67556750042571
Jogging Track,-6.346719258204627,106.67549885275622
Jogging Track,-6.3466191,106.67520294999998
Jogging Track,-6.346680581186478,106.67567635420038
JPO Tanpa Nama,-6.3466932,106.67550215
JPO Tanpa Nama,-6.3467945,106.6754246
JPO Tanpa Nama,-6.3429926000000005,106.6762067
JPO Tanpa Nama,-6.3430024,106.67643319999999
JPO Tanpa Nama,-6.343010950000001,106.67664455000002
JPO Tanpa Nama,-6.235699777091845,106.94098020659001
JPO Tanpa Nama,-6.120493500000001,106.89817389999999
JPO Tanpa Nama,-6.322105499999999,107.00763175
JPO Tanpa Nama,-6.264375967935554,106.77731356034455
JPO Tanpa Nama,-6.0039002,106.78325910000002
JPO Tanpa Nama,-6.330797776470021,106.69313841106032
JPO Tanpa Nama,-6.121791802181989,106.83480115050436
JPO Tanpa Nama,-6.318501419824894,106.83017853598152
JPO Tanpa Nama,-6.2209522,106.90599505
JPO Tanpa Nama,-6.1027051000000005,106.76929465
JPO Tanpa Nama,-6.348296435700496,106.6753089710653
JPO Tanpa Nama,-6.353531718149324,106.67457352820217
JPO Tanpa Nama,-6.307814349344838,106.79261859526423
JPO Tanpa Nama,-6.21898005,106.84520715
JPO Tanpa Nama,-6.178264586192587,106.77366711958462
MRT Jakarta Jalur Timur-Barat,-6.184389418206794,106.93505886896655
JPO Tanpa Nama,-6.1638534499999995,106.77093245
JPO Tanpa Nama,-6.16829545,106.87349660000001
JPO Tanpa Nama,-6.0486216000000015,106.6072173
JPO Tanpa Nama,-6.1668976,106.8447627
JPO Tanpa Nama,-6.2939361,106.62846035
JPO Tanpa Nama,-6.1326833,106.6885801
JPO Tanpa Nama,-6.092984599999999,106.70697974999997
Gang Menara Air V,-6.218624849999999,106.8523642
JPO Tanpa Nama,-6.1611176,107.01932765
JPO Tanpa Nama,-6.17366945,106.8567066
JPO Tanpa Nama,-6.157251299536178,106.75863834891595
JPO Tanpa Nama,-6.15670004710031,106.75810194292242
JPO Tanpa Nama,-6.24974315,106.76672494999998
JPO Tanpa Nama,-6.364293050000001,106.91475324999999
JPO Tanpa Nama,-6.152725649999999,106.64280115
JPO Tanpa Nama,-6.184592770354351,106.8320036773995
JPO Tanpa Nama,-6.215443349999998,106.90473234999999
JPO Tanpa Nama,-6.1240673999999995,106.80232634999999
JPO Tanpa Nama,-6.0889269499999985,106.60816249999999
JPO Tanpa Nama,-6.1434177,106.8466703
JPO Tanpa Nama,-6.1432013899401285,106.84627746543146
JPO Tanpa Nama,-6.1090336999999995,106.65166255000001
JPO Tanpa Nama,-6.1470725999999996,106.91271135
JPO Tanpa Nama,-6.131285500000001,106.95578545000001
JPO Tanpa Nama,-6.05015725,106.6126478
JPO Tanpa Nama,-6.0478474,106.61284085
JPO Tanpa Nama,-6.04892235,106.61275975000001
JPO Tanpa Nama,-6.233642154817035,106.94158425181081
JPO Tanpa Nama,-6.233382631264217,106.94149264300889
JPO Tanpa Nama,-6.21708812699855,106.92820252354514
JPO Tanpa Nama,-6.212917622314654,106.63353965416391
JPO Tanpa Nama,-6.215578403350346,106.63294499544973
JPO Tanpa Nama,-6.230632994743011,107.03675465420916
JPO Tanpa Nama,-6.12820395,106.73732115
JPO Tanpa Nama,-6.28059595,106.8340105
Jalan Wira Kencana I,-6.338810999999999,106.90200029999998
JPO Tanpa Nama,-6.2128625,106.63343505
JPO Tanpa Nama,-6.112910100000001,106.69410445
JPO Tanpa Nama,-6.1132342,106.6928091
JPO Tanpa Nama,-6.1492974,107.01349115
JPO Tanpa Nama,-6.06380825,106.6444977
JPO Tanpa Nama,-6.150066780457572,106.80092137150221
JPO Tanpa Nama,-6.1788288,106.6774776
JPO Tanpa Nama,-6.186578450000001,106.92534645
JPO Tanpa Nama,-6.1866781,106.9186523
Jalan Patra Kuningan 11,-6.232756950000001,106.8365761
JPO Tanpa Nama,-6.221613834787304,106.77634409146033
JPO Tanpa Nama,-6.37962055,106.61593585
JPO Tanpa Nama,-6.1339087,106.73048625
JPO Tanpa Nama,-6.133570799999999,106.7305166
JPO Tanpa Nama,-6.09308695,106.68991485000001
JPO Tanpa Nama,-6.1635946,106.6709221
JPO Tanpa Nama,-6.1680463,107.00763789999999
JPO Tanpa Nama,-6.1090526999999994,106.6524675
JPO Tanpa Nama,-6.1086873,106.6468687
JPO Tanpa Nama,-6.19464945,107.0116388
JPO Tanpa Nama,-6.1212555,106.9306486
JPO Tanpa Nama,-6.058364750000001,106.65310355
JPO Tanpa Nama,-6.05822055,106.65286549999999
JPO Tanpa Nama,-6.1221231,106.61509294999999
JPO Tanpa Nama,-6.121840300000001,106.6159221
JPO Tanpa Nama,-6.1237566,106.61295115
JPO Tanpa Nama,-6.1284107500000005,106.62311445
JPO Tanpa Nama,-6.1138907,106.936924
JPO Tanpa Nama,-6.114948050000001,106.9375431
JPO Tanpa Nama,-6.0806149000000005,106.6391574
JPO Tanpa Nama,-6.115597006457207,107.00534009345392
JPO Tanpa Nama,-6.16087055,107.02650925
Gang Zidane,-6.1520704404057005,106.6235713496521
JPO Tanpa Nama,-6.0920118,106.6374017
JPO Tanpa Nama,-6.109588100000001,106.97465545
JPO Tanpa Nama,-6.391284625571515,106.7479255285376
JPO Tanpa Nama,-6.08695685,106.63880335
JPO Tanpa Nama,-6.222075257328575,106.8370880072422
JPO Tanpa Nama,-6.090047500000002,106.9948153
JPO Tanpa Nama,-6.292985475069979,106.86159513676927
JPO Tanpa Nama,-6.22680605,106.83992704999999
JPO Tanpa Nama,-6.147498500000001,106.65355745000001
JPO Tanpa Nama,-6.161090049999999,107.03803205
JPO Tanpa Nama,-6.16568595,107.04267929999999
JPO Tanpa Nama,-6.168663000000001,107.03828285
JPO Tanpa Nama,-6.235972,106.87841294999998
Gang Pelita II,-6.2322943,106.85242045000001
JPO Tanpa Nama,-6.16015685,107.04279299999999
JPO Tanpa Nama,-6.1369386,106.92305545
JPO Tanpa Nama,-6.104342150000001,106.66390545
JPO Tanpa Nama,-6.311985598361058,106.86444210999592
JPO Tanpa Nama,-6.39536285,106.8690101
JPO Tanpa Nama,-6.0744929,106.63474920000002
JPO Tanpa Nama,-6.07410265,106.634692
JPO Tanpa Nama,-6.1639856,107.03803255
JPO Tanpa Nama,-6.32464355,106.84733705
JPO Tanpa Nama,-6.1014598,106.6664901
JPO Tanpa Nama,-6.3562949500000006,106.873931
Gang Sain,-6.3570550500000005,106.8732707
JPO Tanpa Nama,-6.206983478603834,106.87940183420572
JPO Tanpa Nama,-6.2037416164219845,106.8846396440455
JPO Tanpa Nama,-6.400017150000001,106.79485549999998
JPO Tanpa Nama,-6.398783399999999,106.7948935
JPO Tanpa Nama,-6.2031939066626105,106.94281322463664
JPO Tanpa Nama,-6.17550665,106.67834045000001
JPO Tanpa Nama,-6.1481743,106.9871533
JPO Tanpa Nama,-6.124010261736556,106.62878464664789
JPO Tanpa Nama,-6.0701891,106.64383145
JPO Tanpa Nama,-6.3968755999999996,106.86419355000001
JPO Tanpa Nama,-6.295121954075186,106.83353438558575
JPO Tanpa Nama,-6.1952364499999995,107.0245928
JPO Tanpa Nama,-6.193369757027358,107.03702124555235
JPO Tanpa Nama,-6.1907113,106.69304295
JPO Tanpa Nama,-6.1890563499999995,107.0457759
JPO Tanpa Nama,-6.0920597999999995,106.6564033
JPO Tanpa Nama,-6.236307650000001,106.93099375
JPO Tanpa Nama,-6.1001926,106.689138
JPO Tanpa Nama,-6.16579095,107.0384119
JPO Tanpa Nama,-6.0425035000000005,106.6690231
JPO Tanpa Nama,-6.0429536,106.670841
JPO Tanpa Nama,-6.043145,106.6712366
JPO Tanpa Nama,-6.1379526,106.9778795
JPO Tanpa Nama,-6.1387447,106.9779348
JPO Tanpa Nama,-6.14750295,106.9729392
JPO Tanpa Nama,-6.234631656490861,106.9399221824234
JPO Tanpa Nama,-6.23498175,106.9400515
JPO Tanpa Nama,-6.23475300105335,106.94025468142549
JPO Tanpa Nama,-6.234737439063859,106.94025451343417
JPO Tanpa Nama,-6.2348877,106.9398957
JPO Tanpa Nama,-6.04469205,106.66605085
JPO Tanpa Nama,-6.236665043294164,106.94172225005877
JPO Tanpa Nama,-6.2231327,106.94628115
JPO Tanpa Nama,-6.199131049999999,106.90148799999999
JPO Tanpa Nama,-6.09091755,106.63401289999999
Jalan Swadaya XV,-6.2124862,106.9602187
JPO Tanpa Nama,-6.34366305,106.6759891
JPO Tanpa Nama,-6.376522779858347,106.8459088407321
JPO Tanpa Nama,-6.336976999999999,106.7472174
JPO Tanpa Nama,-6.14401315,106.8522155
JPO Tanpa Nama,-6.3006871,106.62072595000001
JPO Tanpa Nama,-6.3762834,106.84236440000001
Gang Musholla 1,-6.318197360148186,106.81798685542232
JPO Tanpa Nama,-6.3181528,106.817736
JPO Tanpa Nama,-6.318618238559325,106.81770401565616
Gang Haji Namun,-6.3192116841377866,106.81646001838843
JPO Tanpa Nama,-6.2961930345386685,106.99824738580304
JPO Tanpa Nama,-6.295641898375339,106.99773645410971
Jalan Kemang Raya,-6.25516155,106.80853719999999
JPO Tanpa Nama,-6.289037018395937,106.72882962481197
Jalan Jati Tengah,-6.2978575,106.9967217
JPO Tanpa Nama,-6.296588055479266,107.0176963220084
JPO Tanpa Nama,-6.296607,107.01774474999999
JPO Tanpa Nama,-6.2965494500000005,107.01759285
JPO Tanpa Nama,-6.2905011,106.99592845000001
Jalan Lumbu Utara,-6.285038200000001,106.99927335
JPO Tanpa Nama,-6.3043267,106.64265555000001
JPO Tanpa Nama,-6.18123345,106.81994505
JPO Tanpa Nama,-6.18155315,106.81985710000001
JPO Tanpa Nama,-6.236429449999999,106.8440938
JPO Tanpa Nama,-6.236052550000001,106.84408674999999
JPO Tanpa Nama,-6.2447309,106.7827093
JPO Tanpa Nama,-6.3015493,106.99441015
Jalan Dharma Kusuma,-6.166617049999999,106.71564559999999
JPO Tanpa Nama,-6.2219565,107.0038317
JPO Tanpa Nama,-6.25590595,106.85221495
JPO Tanpa Nama,-6.30093905,106.65363554999999
JPO Tanpa Nama,-6.386646750000001,106.8191006
JPO Tanpa Nama,-6.1171991000000006,106.79163545
JPO Tanpa Nama,-6.215165887662483,106.95215049862333
JPO Tanpa Nama,-6.277713600000001,106.8955674
JPO Tanpa Nama,-6.270375769618988,106.74068304387085
Jalan Kelapa Hijau,-6.2016302,106.8635469
JPO Tanpa Nama,-6.229894376530815,106.86722319993063
JPO Tanpa Nama,-6.227521229388208,106.93247181419383
JPO Tanpa Nama,-6.25638845,106.69723429999999
Wisata Mangrove Desa Muara,-6.033432508530438,106.70150450277735
Wiasata Mangrove Desa Muara,-6.033643944504389,106.70079413165803
Wisata Mangrove Desa Muara,-6.032903835781572,106.70271989939376
Jalan A4 Cipinang Muara,-6.2265428,106.88569995
JPO Tanpa Nama,-6.22525725,107.00585849999999
JPO Tanpa Nama,-6.135513799999999,106.96752649999999
JPO Tanpa Nama,-6.0995359,106.6557274
JPO Tanpa Nama,-6.205673449999999,106.95984215
JPO Tanpa Nama,-6.3969689,106.7682977
JPO Tanpa Nama,-6.2851032,106.9361777
JPO Tanpa Nama,-6.361813550000001,106.8258316
JPO Tanpa Nama,-6.361549400000001,106.8258452
JPO Tanpa Nama,-6.295018083113374,106.6512483005414
JPO Tanpa Nama,-6.294528727652007,106.65124689091743
JPO Tanpa Nama,-6.21044045,106.65983095
Jalan Sersan Aswan,-6.2587012,107.01329745
Pengasinan Raya,-6.2591164,107.01317514999998
JPO Tanpa Nama,-6.181306061608451,106.7949673012704
Jalan Mutiara Gading Timur,-6.284235000000001,107.02874704999999
JPO Tanpa Nama,-6.296953791873142,106.64877220813581
JPO Tanpa Nama,-6.296898575990928,106.64926347890587
JPO Tanpa Nama,-6.294701449999999,106.65128855
JPO Tanpa Nama,-6.2968678789888,106.6483084206478
JPO Tanpa Nama,-6.2971279501616815,106.64829981038076
JPO Tanpa Nama,-6.298153156112206,106.65173225848382
JPO Tanpa Nama,-6.295399424549983,106.65089626595973
JPO Tanpa Nama,-6.2971872694561934,106.6485562963333
JPO Tanpa Nama,-6.2967918464312085,106.64857490685839
JPO Tanpa Nama,-6.3856144,106.8093029
Lereng Indah,-6.348146099999999,106.77387775
JPO Tanpa Nama,-6.19264835,106.733396
Jalan Jati Tengah,-6.3041764789757995,106.99364708791386
JPO Tanpa Nama,-6.3714150499999995,106.79368025
Jalan Pengasinan Tengah,-6.271188283565063,107.00869790202293
JPO Tanpa Nama,-6.1071291500000005,106.7031135
JPO Tanpa Nama,-6.0597373999999995,107.02600035
JPO Tanpa Nama,-6.3098104614515735,106.67745093079758
Transjakarta Busway Koridor 9,-6.2430253,106.85390465
JPO Tanpa Nama,-6.3047631,106.82042150000001
JPO Tanpa Nama,-6.07483465,106.64183489999999
JPO Tanpa Nama,-6.33699745,107.04741775
JPO Tanpa Nama,-6.38946184485767,106.74969626216001
JPO Tanpa Nama,-6.0731296,106.6345012
JPO Tanpa Nama,-6.237038135615586,106.79330773534052
JPO Tanpa Nama,-6.24127625,106.78451545
JPO Tanpa Nama,-6.157757849999999,106.64651705
JPO Tanpa Nama,-6.157760199999999,106.64657025
JPO Tanpa Nama,-6.157664837195568,106.64643707173862
JPO Tanpa Nama,-6.236669080805023,107.01849176929736
JPO Tanpa Nama,-6.34712745,106.8926337
JPO Tanpa Nama,-6.366690500000001,106.7911374
JPO Tanpa Nama,-6.167535,107.0080657
JPO Tanpa Nama,-6.1404148,106.97813830000001
JPO Tanpa Nama,-6.218132427125416,106.86262245379027
JPO Tanpa Nama,-6.14724815,106.9967314
Gang Musholla III,-6.3180432500000006,106.8187339
JPO Tanpa Nama,-6.36115985,106.8296043
Jalan Bintang III,-6.36172,106.86477305000001
Jalan Bintang III,-6.361717799999999,106.86473015000001
JPO Tanpa Nama,-6.1793696660283945,106.66381533048292
JPO Tanpa Nama,-6.214186977328091,106.98235817790862
JPO Tanpa Nama,-6.250942884978948,106.93672548542291
JPO Tanpa Nama,-6.215610351138264,106.90155180497915
Jalan Melati 13,-6.17342685,107.00396255000001
JPO Tanpa Nama,-6.139064315456303,106.74661020239213
JPO Tanpa Nama,-6.112607245523188,106.90229416336871
JPO Tanpa Nama,-6.10547765,106.63913759999998
Jalan Tegalan I F,-6.2041719,106.85993405
JPO Tanpa Nama,-6.3973994,106.76941795
JPO Tanpa Nama,-6.1098528000000005,106.63250285000001
JPO Tanpa Nama,-6.275909216889225,106.60911639862728
JPO Tanpa Nama,-6.193558125414661,106.80401365640766
JPO Tanpa Nama,-6.230761,106.84641365
JPO Tanpa Nama,-6.12598925,106.6113695
JPO Tanpa Nama,-6.1259674,106.61133855
JPO Tanpa Nama,-6.1259434499999985,106.6113051
JPO Tanpa Nama,-6.126133449999999,106.61120439999999
JPO Tanpa Nama,-6.2867996,106.93595485
JPO Tanpa Nama,-6.27908905,106.86961845
JPO Tanpa Nama,-6.1277892000000005,106.6274145
JPO Tanpa Nama,-6.16443185,107.04293385
JPO Tanpa Nama,-6.273504400000001,106.88226085
JPO Tanpa Nama,-6.239417199999999,106.84532100000001
JPO Tanpa Nama,-6.210461954683945,106.80926216440614
JPO Tanpa Nama,-6.34300615,106.78365229999999
Jalan Fisika 2,-6.270584550000001,106.9407574
Simpang Susun Burangkeng,-6.349569837231656,107.02426276856305
JPO Tanpa Nama,-6.12356185,106.9625433
JPO Tanpa Nama,-6.372657973304948,106.82493039456116
JPO Tanpa Nama,-6.351109739650221,106.68098610673819
JPO Tanpa Nama,-6.3449848499999995,107.05215050000001
JPO Tanpa Nama,-6.24163195,106.98546075
JPO Tanpa Nama,-6.35296645,106.81146580000001
JPO Tanpa Nama,-6.3618713,106.84729245
JPO Tanpa Nama,-6.3334769,106.94455665000001
JPO Tanpa Nama,-6.170636549999999,106.8072844
JPO Tanpa Nama,-6.2701805,106.91381154999999
JPO Tanpa Nama,-6.3487519,106.86585535
JPO Tanpa Nama,-6.18002555,107.01416105
JPO Tanpa Nama,-6.371093800000001,106.68564255
JPO Tanpa Nama,-6.176555954950233,106.88517835552166
JPO Tanpa Nama,-6.1915023158931906,106.96855966086213
JPO Tanpa Nama,-6.26549475,106.86569130000001
JPO Tanpa Nama,-6.136254699999999,106.69907309999999
JPO Tanpa Nama,-6.1363164999999995,106.6990525
JPO Tanpa Nama,-6.136206556579422,106.69911655365502
JPO Tanpa Nama,-6.27015835,107.0122052
JPO Tanpa Nama,-6.306643886073915,106.6414071177876
JPO Tanpa Nama,-6.309510619018983,106.64182357653183
JPO Tanpa Nama,-6.17877017850905,106.63005755661814
JPO Tanpa Nama,-6.104795,106.93300165
JPO Tanpa Nama,-6.2054395,106.79249765
JPO Tanpa Nama,-6.21383639396486,107.02925425265174
JPO Tanpa Nama,-6.2790105,107.00906580000002
JPO Tanpa Nama,-6.290943699564943,107.00792077407465
JPO Tanpa Nama,-6.121737749999999,106.83525135
JPO Tanpa Nama,-6.199808750000001,106.91893675
JPO Tanpa Nama,-6.1999818,106.91887224999998
JPO Tanpa Nama,-6.03814745,106.62864395000001
JPO Tanpa Nama,-6.03595325,106.6147684
JPO Tanpa Nama,-6.1683093499999995,106.87030535
JPO Tanpa Nama,-6.16813735,106.87020624999998
JPO Tanpa Nama,-6.168099,106.87018425
JPO Tanpa Nama,-6.11240325,107.0065
JPO Tanpa Nama,-6.19852725,106.91892185
JPO Tanpa Nama,-6.240688820344431,106.7988260194263
JPO Tanpa Nama,-6.215141659659941,107.04683847554118
JPO Tanpa Nama,-6.245415449999999,106.74685894999999
JPO Tanpa Nama,-6.133184182707722,106.82824620622738
JPO Tanpa Nama,-6.1330883,106.8283175
JPO Tanpa Nama,-6.133136750000001,106.82831075
JPO Tanpa Nama,-6.1330079500000005,106.8283314
Jalan Tol Serpong–Balaraja,-6.308241450000001,106.64162850000001
Jalan Tol Serpong–Balaraja,-6.30810725,106.64160734999999
JPO Tanpa Nama,-6.3161313,106.7500248
Terowongan Silaturahmi,-6.1692194,106.83264845
Terowongan Silaturahmi,-6.16904185,106.8322363
Terowongan Silaturahmi,-6.169134176238472,106.8323981156575
Jalan Tol Sunter–Pulo Gebang,-6.156070208770252,106.89751725793538
JPO Tanpa Nama,-6.283356431160432,106.75226253838284
JPO Tanpa Nama,-6.04323785,106.6941439
Jalan Otto Iskandar Dinata,-6.0442047,106.69213435
Jalan Otto Iskandar Dinata,-6.0442704,106.69202415000001
JPO Tanpa Nama,-6.059458847446685,106.68168472688573
JPO Tanpa Nama,-6.0595206627607725,106.68158286333733
JPO Tanpa Nama,-6.059209586976189,106.68460705802337
Jalan Jenderal Sudirman,-6.0385721806270904,106.69603533153052
Jalan Jenderal Sudirman,-6.0386261,106.69589085
Jalan Jenderal Sudirman,-6.04267815,106.69547365
Jalan Jenderal Sudirman,-6.0427257999999995,106.69532394999999
Jalan Iskandar Muda,-6.0412063,106.69910604999998
JPO Tanpa Nama,-6.344714691907938,106.90788331403368
JPO Tanpa Nama,-6.34456665,106.9074722
JPO Tanpa Nama,-6.344679648934773,106.90823166692675
JPO Tanpa Nama,-6.34464645,106.90805710000001
JPO Tanpa Nama,-6.1482225,106.71804515
JPO Tanpa Nama,-6.2587241,106.78421
JPO Tanpa Nama,-6.2413556,106.89585585
JPO Tanpa Nama,-6.3233462,106.83490335
JPO Tanpa Nama,-6.281661878443496,106.74836410121289
JPO Tanpa Nama,-6.17924975,106.6294074
Pengasinan Raya,-6.260959399999999,107.01213865
JPO Tanpa Nama,-6.151270486611198,106.85751343600822
JPO Tanpa Nama,-6.151582932763074,106.86027485033439
JPO Tanpa Nama,-6.151114691005951,106.86023318849354
JPO Tanpa Nama,-6.151188574570899,106.85945044871126
JPO Tanpa Nama,-6.151180835688905,106.85888859928892
JPO Tanpa Nama,-6.151329886595812,106.85967612375353
JPO Tanpa Nama,-6.1515899,106.85778765
JPO Tanpa Nama,-6.151522836148543,106.8575172934189
JPO Tanpa Nama,-6.1513760123189085,106.85839088343764
JPO Tanpa Nama,-6.151579347453217,106.85822273579673
Gang Musholla,-6.2970579,106.80848169999999
JPO Tanpa Nama,-6.1704182,106.90675845000001
Jalan Raya Kelapa Lilin,-6.1590848000000005,106.90975145
JPO Tanpa Nama,-6.2051502,106.8808458
JPO Tanpa Nama,-6.20783955,106.88311329999999
JPO Tanpa Nama,-6.20784555,106.88323135
Jalan Pandan,-6.2419779,106.78426834999999
Gang Permata IX,-6.179088800000001,106.85180435000001
Jalan Swadaya Asri,-6.257564099999999,106.74198659999999
Jalan Sungai Bambu IIB,-6.12847305,106.88694665
JPO Tanpa Nama,-6.1905440182165785,106.83829557999103
JPO Tanpa Nama,-6.234964300360344,107.0189238594708
JPO Tanpa Nama,-6.1825906,106.81138075000001
Jalan Regensi Tebet Mas I,-6.2328415,106.84661700000001
JPO Tanpa Nama,-6.1523937,106.84178920000001
Jalan Arteri Kelapa Gading,-6.1676956,106.916027
JPO Tanpa Nama,-6.2320388,106.84495860000001
JPO Tanpa Nama,-6.2642446,107.02447065
JPO Tanpa Nama,-6.2305624,107.01994285
JPO Tanpa Nama,-6.2640638,106.8655746
JPO Tanpa Nama,-6.23288435,106.84439499999999
JPO Tanpa Nama,-6.232974349999998,106.84433229999999
JPO Tanpa Nama,-6.302634607111077,106.8855034074112
JPO Tanpa Nama,-6.16948595,106.69000109999999
Jalan Gaga Rawa Kompeni,-6.10393675,106.69459395
JPO Tanpa Nama,-6.2702822743165525,107.02307212787326
JPO Tanpa Nama,-6.27020995,107.02296895
JPO Tanpa Nama,-6.1016297999999995,106.69391184999999
JPO Tanpa Nama,-6.10459515,106.69138875
JPO Tanpa Nama,-6.104759308085997,106.69097598526864
JPO Tanpa Nama,-6.10455507843689,106.69085760707834
JPO Tanpa Nama,-6.10356105,106.69212755000001
JPO Tanpa Nama,-6.103514,106.69231045000001
JPO Tanpa Nama,-6.10597715,106.6938797
JPO Tanpa Nama,-6.1059484,106.69099595
JPO Tanpa Nama,-6.17000895,106.69547745000001
JPO Tanpa Nama,-6.169677689786068,106.6951034466287
Jalan Sejahtera,-6.1925037,107.0061249
JPO Tanpa Nama,-6.289609463396639,106.730473328692
JPO Tanpa Nama,-6.155581212693826,106.85667090860306
Jalan Raya Jatimulya,-6.26672635,107.01759799999999
JPO Tanpa Nama,-6.21334565,107.04558475
JPO Tanpa Nama,-6.252719,106.87649294999999
JPO Tanpa Nama,-6.2710115,106.865564
Jalan Kayu Mas 1,-6.1817282,106.89885724999999
JPO Tanpa Nama,-6.1840895499999995,106.90139775
Gang Masjid III,-6.15055335,106.7358847
JPO Tanpa Nama,-6.181454709625913,106.87581294152919
Jembatan 13,-6.28942265,106.99664485
Jalan Dasa Dharma,-6.2825422,106.9964584
JPO Tanpa Nama,-6.2374988,107.01272275000001
JPO Tanpa Nama,-6.18521155,106.6815015
JPO Tanpa Nama,-6.218237399999999,106.80733795000002
JPO Tanpa Nama,-6.232255150000001,106.81801205000001
JPO Tanpa Nama,-6.219208649999999,106.8148357
Jalan Kebon Jeruk I,-6.15866835,106.8237369
JPO Tanpa Nama,-6.126667449999999,106.78944755
JPO Tanpa Nama,-6.12690485,106.7894277
JPO Tanpa Nama,-6.12667375,106.78948534999999
JPO Tanpa Nama,-6.1733895,106.82161275
Gang Mawar 1,-6.23409645,106.71232325
Gang Caing,-6.234068199999999,106.71107145
JPO Tanpa Nama,-6.3313333499999995,106.8175345
JPO Tanpa Nama,-6.115865400000001,106.78552845
JPO Tanpa Nama,-6.201482037405105,106.81360988134449
JPO Tanpa Nama,-6.203631199932401,106.81369603019833
Jalan Gandaria V,-6.332067886188882,106.81768041647898
Jalan Gandaria V,-6.33328724075526,106.81737686248395
Jalan Simprug Golf VIII,-6.22570545,106.79273265
JPO Tanpa Nama,-6.184499501193724,106.8877721533643
Jalan Komplek Lemigas,-6.23342495,106.7700224
JPO Tanpa Nama,-6.245832489508693,106.76840577063265
JPO Tanpa Nama,-6.207051008386421,106.81135847830133
Jalan Delman Indah VII,-6.2492785500000005,106.77130965
JPO Tanpa Nama,-6.1588708222566835,106.88377977816263
Jalan Danau Bisma,-6.127867849999999,106.8723288
LRT Jabodebek,-6.264938419900542,107.02440867324923
LRT Jabodebek,-6.26443385,107.0225993
LRT Jabodebek,-6.264802255725058,107.02414014818615
LRT Jabodebek,-6.2637825,107.0207436
JPO Tanpa Nama,-6.230729833768419,106.78227864447585
JPO Tanpa Nama,-6.1263701,106.8299283
Jalan Keselamatan,-6.22220255,106.8522966
JPO Tanpa Nama,-6.12166967342412,106.83526893330321
JPO Tanpa Nama,-6.1217874000000005,106.83528579999998
JPO Tanpa Nama,-6.134897949999999,106.86289865
JPO Tanpa Nama,-6.123293377898139,106.84460682092362
JPO Tanpa Nama,-6.2545681,106.84968200000002
Jalan Dukuh Patra II,-6.2360553,106.83709434999999
JPO Tanpa Nama,-6.184470793908964,106.82444932704787
JPO Tanpa Nama,-6.245031890203706,106.90121509592551
JPO Tanpa Nama,-6.24449671172108,106.89989978294332
Jalan Dede Maulana,-6.353458266264867,106.86892768279618
JPO Tanpa Nama,-6.306228300000001,106.83976785
JPO Tanpa Nama,-6.306695042923073,106.83970907294488
Jalan Gadang,-6.124657900000001,106.88314274999999
JPO Tanpa Nama,-6.264362050000001,106.92234855
JPO Tanpa Nama,-6.264394675848592,106.92222113296135
Jalan Pala Raya,-6.3607979,106.76572
JPO Tanpa Nama,-6.21753,106.8171545
Gang Gatep,-6.138539927855511,106.82426838454438
Jalan Layang Pancoran,-6.243553860167759,106.84483663780007
Jalan Jenderal Gatot Subroto,-6.242603205862158,106.84240088695366
JPO Tanpa Nama,-6.1918901,106.9453277
JPO Tanpa Nama,-6.307763577887783,106.87058304141112
Jalan Mayjen TNI Profesor Dokter Moestopo,-6.243367072307142,106.80292638285137
Jalan Mayjen TNI Profesor Dokter Moestopo,-6.2456251669878915,106.80464713301583
Jalan Gelora IX E,-6.2116852,106.7938877
Jalan Gelora VIII,-6.211846650000001,106.79465385
Gang Gempol 1,-6.308211711500069,106.89560038527
JPO Tanpa Nama,-6.3138705,106.89105745
JPO Tanpa Nama,-6.31418975,106.8907505
JPO Tanpa Nama,-6.08728475,106.67638944999999
JPO Tanpa Nama,-6.0870555500000005,106.67688179999998
JPO Tanpa Nama,-6.1422415,106.68457300000001
JPO Tanpa Nama,-6.3438391,106.67520055
JPO Tanpa Nama,-6.3436873,106.6752063
JPO Tanpa Nama,-6.34670025,106.67562185
JPO Tanpa Nama,-6.3467036,106.67567795
JPO Tanpa Nama,-6.346707,106.6757355
JPO Tanpa Nama,-6.3466967,106.67556185000001
JPO Tanpa Nama,-6.34690335,106.67536485
JPO Tanpa Nama,-6.346785000000001,106.6752784
JPO Tanpa Nama,-6.1770843,106.65360755
JPO Tanpa Nama,-6.17751515,106.6541671
JPO Tanpa Nama,-6.16808095,106.67991155
JPO Tanpa Nama,-6.1361225,106.68693995
JPO Tanpa Nama,-6.154405999999999,106.8620654
JPO Tanpa Nama,-6.134782449999999,106.74164884999999
JPO Tanpa Nama,-6.164939025121546,106.75476302369057
JPO Tanpa Nama,-6.2638263,106.78537435
JPO Tanpa Nama,-6.263804049999999,106.78512269999999
JPO Tanpa Nama,-6.12577945334625,106.85827378529702
JPO Tanpa Nama,-6.12610585448154,106.85728212823636
JPO Tanpa Nama,-6.303682340796098,106.76390564854083
Gang MM,-6.16204455,106.86439949999999
JPO Tanpa Nama,-6.301604149999999,106.76311064999999
JPO Tanpa Nama,-6.325669550000001,106.8529673
JPO Tanpa Nama,-6.3258947,106.85304024999999
Gang Makmur X,-6.1619043,106.80466025000001
JPO Tanpa Nama,-6.134836,106.81648835000001
JPO Tanpa Nama,-6.284434228230041,106.87784913210129
Jalan Pondok Indah,-6.27998825,106.75690585
JPO Tanpa Nama,-6.2142046438971965,106.94322093116003
JPO Tanpa Nama,-6.13878535,106.9002724
JPO Tanpa Nama,-6.127072650000001,106.79624455
JPO Tanpa Nama,-6.262425824053022,106.77014461150064
JPO Tanpa Nama,-6.345593350000001,106.80960540000002
JPO Tanpa Nama,-6.183938042332389,106.67643811310293
JPO Tanpa Nama,-6.2734603,106.7768197
JPO Tanpa Nama,-6.30265305,106.92956050000001
JPO Tanpa Nama,-6.22908755,106.882987
Industri 2,-6.116466236795948,106.86662742933008
Jalan Gorontalo Raya,-6.1154280000000005,106.8800708
JPO Tanpa Nama,-6.184801591117683,106.70568343446506
JPO Tanpa Nama,-6.28384775,106.89535194999999
JPO Tanpa Nama,-6.280308,106.89687439999999
JPO Tanpa Nama,-6.28028335,106.89617334999998
JPO Tanpa Nama,-6.2786187,106.89589789999998
JPO Tanpa Nama,-6.2781018,106.89449745
JPO Tanpa Nama,-6.2825172,106.89489495000001
JPO Tanpa Nama,-6.2860394500000005,106.89629625
Jalan Walirang,-6.353892855310103,106.88651156368789
Jalan Guru Serih II D,-6.3309673,106.8557343
Jalur Kereta Api Bandara Soekarno-Hatta,-6.1601006,106.65854855000002
Jalur Kereta Api Bandara Soekarno-Hatta,-6.1601491500000005,106.65856245
JPO Tanpa Nama,-6.1920809000000006,107.04619425000001
JPO Tanpa Nama,-6.243653349999999,106.60591274999999
Jalan Pisangan Raya,-6.2020832,107.04392725
Jalan Pisangan Raya,-6.206407623900486,107.0399519031802
Gang Dul Djaim,-6.362083448966746,106.80709531188492
JPO Tanpa Nama,-6.2094428,106.8189438
JPO Tanpa Nama,-6.3541439,106.8327566
JPO Tanpa Nama,-6.34784,106.8136695
JPO Tanpa Nama,-6.095666957264663,106.73861927570586
JPO Tanpa Nama,-6.09617625,106.66919999999999
Jalan Trampil IV,-6.164902850000001,106.8807748
JPO Tanpa Nama,-6.12713120079391,106.94083774810647
JPO Tanpa Nama,-6.107817252674653,106.99075173736651
JPO Tanpa Nama,-6.1068323932004125,106.79128504452444
JPO Tanpa Nama,-6.1966774000000004,106.6178716
JPO Tanpa Nama,-6.3421698,106.7839907
JPO Tanpa Nama,-6.3354298,106.83550604999999
Transjakarta Busway Koridor 13,-6.239176200816377,106.80754017528373
Transjakarta Busway Koridor 13,-6.236168342091715,106.75492836388098
Transjakarta Busway Koridor 13,-6.23885530861139,106.81606421267914
Transjakarta Busway Koridor 13,-6.2399254147261,106.79841275217962
Transjakarta Busway Koridor 13,-6.238270060404983,106.77761460592897
Transjakarta Busway Koridor 13,-6.238078096475973,106.771254537234
Transjakarta Busway Koridor 13,-6.237854724775027,106.76543211991584
Transjakarta Busway Koridor 13,-6.2375563874441085,106.76064363044598
JPO Tanpa Nama,-6.23292115,106.82429845
JPO Tanpa Nama,-6.215698726050354,106.84267819840565
Gang Waru,-6.217367599999999,106.84398445
JPO Tanpa Nama,-6.278555830480953,107.04740359231145
Jalan Teguh Raya,-6.1617685899223735,106.88866030640791
LRT Jabodebek,-6.204630699999999,106.8245871
LRT Jabodebek,-6.22270975,106.8325112
LRT Jabodebek,-6.2050438,106.8265615
LRT Jabodebek,-6.2415778,106.83636515
LRT Jabodebek,-6.24640335,106.87313775
LRT Jabodebek,-6.24527255,106.86939219999998
LRT Jabodebek,-6.2461567,106.87218105
JPO Tanpa Nama,-6.200516670223323,106.97633135146778
JPO Tanpa Nama,-6.264326329014928,106.77496926211941
JPO Tanpa Nama,-6.254225758085501,106.77625889946691
Jalan Cimone Delta I,-6.1960178,106.61041095
JPO Tanpa Nama,-6.12062575,106.9540689
JPO Tanpa Nama,-6.120527249040203,106.95511734170019
JPO Tanpa Nama,-6.248642092451564,106.83693509016545
Jalan Pancoran Barat,-6.24602810705533,106.8362811389793
JPO Tanpa Nama,-6.1761668499999995,106.63903359999999
JPO Tanpa Nama,-6.17605865,106.63970735
JPO Tanpa Nama,-6.253522812115913,106.84328707155382
Gang Musholla 1,-6.318393210907794,106.81873338314799
JPO Tanpa Nama,-6.318456899999999,106.81915395
JPO Tanpa Nama,-6.384164999999999,106.80115914999999
JPO Tanpa Nama,-6.38826125,106.79270615
JPO Tanpa Nama,-6.23870065,106.97446165
JPO Tanpa Nama,-6.1686068,107.04230815
JPO Tanpa Nama,-6.1667985,107.04243955
JPO Tanpa Nama,-6.312971,106.84218245
JPO Tanpa Nama,-6.28947365,107.0163279
JPO Tanpa Nama,-6.18315355,106.98195425
JPO Tanpa Nama,-6.1831642,106.98246945
JPO Tanpa Nama,-6.1831407,106.98137155
JPO Tanpa Nama,-6.2626360000000005,106.98080459999998
JPO Tanpa Nama,-6.28583275,107.03189515
Jalan Mutiara Gading Timur,-6.28511355,107.03135499999999
JPO Tanpa Nama,-6.22357855,106.99048694999999
JPO Tanpa Nama,-6.331275302014556,106.81179602214813
Jalan Altezza XI,-6.27009595,106.70190854999998
Jalan Kalibaru Timur II,-6.1034938,106.92722835000001
Jalan Grand Matoa,-6.35417585,106.79387325
JPO Tanpa Nama,-6.1725437,107.01080965
JPO Tanpa Nama,-6.132418599999999,106.90382754999999
JPO Tanpa Nama,-6.15215115,106.66537919999999
JPO Tanpa Nama,-6.168029957564871,106.71389297477161
JPO Tanpa Nama,-6.1631206,107.0078361
Gang Pelita I,-6.231302449999999,106.85229435
JPO Tanpa Nama,-6.260851049999999,106.78547889999999
JPO Tanpa Nama,-6.225833430746723,106.86267685633436
JPO Tanpa Nama,-6.313242537768347,106.84915644694979
JPO Tanpa Nama,-6.313479221121267,106.84896583348305
JPO Tanpa Nama,-6.4000805,106.805857
JPO Tanpa Nama,-6.2507657,106.842566
JPO Tanpa Nama,-6.2748842499999995,106.69948310000001
JPO Tanpa Nama,-6.2748364500000005,106.69948259999998
Jalur Kereta Api Jakarta Kota–Bogor,-6.20327495,106.84479095
Jalur Kereta Api Jakarta Kota–Bogor,-6.201400550000001,106.84339765
JPO Tanpa Nama,-6.2958096,106.99677915000001
JPO Tanpa Nama,-6.1581525,106.6104138
Gang Haji Namun,-6.31874965,106.81603445
Gang Haji Namun,-6.318968478141016,106.81636868971447
Gang Haji Namun,-6.318521841295252,106.8163821012841
JPO Tanpa Nama,-6.320666435651586,106.81616994805307
JPO Tanpa Nama,-6.320546273676654,106.81614300075661
JPO Tanpa Nama,-6.320289900000001,106.81605880000001
JPO Tanpa Nama,-6.3204534365197205,106.81632122580876
JPO Tanpa Nama,-6.223027177739956,106.82218585688138
JPO Tanpa Nama,-6.223143108018899,106.82232613854106
Jalan Tegalan I G,-6.2045248,106.86004064999999
JPO Tanpa Nama,-6.223067277241065,106.80800058030604
JPO Tanpa Nama,-6.221663100000001,106.80998294999999
JPO Tanpa Nama,-6.2216471,106.80999425
JPO Tanpa Nama,-6.2219521,106.81375385
JPO Tanpa Nama,-6.2210398,106.81376859999999
JPO Tanpa Nama,-6.2210605,106.81368825
Jalan Soetomo,-6.044973399999999,106.69125414999999
Jalan Soetomo,-6.0447881500000005,106.6914338
JPO Tanpa Nama,-6.0520741000000005,106.68522254999999
JPO Tanpa Nama,-6.05195975,106.6852824
JPO Tanpa Nama,-6.18216994629776,106.85213415142981
JPO Tanpa Nama,-6.1085980499999994,106.69946095
Jalan Haji Som,-6.2769095,106.71398719999999
JPO Tanpa Nama,-6.19427515,106.8197397
Jalan Inspeksi Kanal Timur,-6.214854731603586,106.95262285883268
JPO Tanpa Nama,-6.3193441,107.04619220000002
JPO Tanpa Nama,-6.31917975,107.04611149999998
JPO Tanpa Nama,-6.34902915,107.02964935
JPO Tanpa Nama,-6.348941699999999,107.02971775
Jalan Tol Cimanggis–Cibitung,-6.327158150000001,107.03982375
Jalan Tol Cimanggis–Cibitung,-6.327286299999999,107.03990095
Jembatan Salam,-6.13483385,106.8556232
Jalan Anyer V,-6.203788553641401,106.8436331387061
JPO Tanpa Nama,-6.2160227500000005,106.85721345
JPO Tanpa Nama,-6.2306554,107.0201083
JPO Tanpa Nama,-6.36955265,106.85991759999999
Jalan Taruma Jaya,-6.111051142419123,106.99438171316046
JPO Tanpa Nama,-6.20121695,106.79103175
JPO Tanpa Nama,-6.175763,106.7924776
JPO Tanpa Nama,-6.1761482999999995,106.79265255
JPO Tanpa Nama,-6.17606925,106.79255945
JPO Tanpa Nama,-6.17579225,106.79324174999999
JPO Tanpa Nama,-6.3854383,106.80192925
JPO Tanpa Nama,-6.213183750000001,106.81987285
JPO Tanpa Nama,-6.213161996862921,106.8195764549456
JPO Tanpa Nama,-6.213070849999999,106.8196432
JPO Tanpa Nama,-6.213142749999999,106.81958535000001
JPO Tanpa Nama,-6.2131498,106.8196026
JPO Tanpa Nama,-6.2131308999999995,106.81957065
JPO Tanpa Nama,-6.2131605129888055,106.81957382942835
JPO Tanpa Nama,-6.213061,106.81962675
JPO Tanpa Nama,-6.213090033375243,106.81961867379877
Jalan Kampung Jawa,-6.191069507740658,106.86989066663632
Gang Madali,-6.2459061,106.86864449999999
JPO Tanpa Nama,-6.2238824,106.89836475
JPO Tanpa Nama,-6.2238907999999995,106.89798805
JPO Tanpa Nama,-6.223819199999999,106.89798915
JPO Tanpa Nama,-6.22380735,106.89836705
JPO Tanpa Nama,-6.326469137362382,106.6060312501835
JPO Tanpa Nama,-6.326436708587692,106.6059173590025
JPO Tanpa Nama,-6.209822019213328,106.85070598022814
Jalan Chandrabaga,-6.24789855,106.9785321
Jalan Chandrabaga,-6.2479122,106.97863665
JPO Tanpa Nama,-6.112192015248865,106.69407790927293
JPO Tanpa Nama,-6.215889523834163,106.85512222850997
JPO Tanpa Nama,-6.13557415,106.8115816
JPO Tanpa Nama,-6.133807041424293,106.81244118151852
JPO Tanpa Nama,-6.25586265,106.87058705000001
JPO Tanpa Nama,-6.255257071339842,106.87000537721812
JPO Tanpa Nama,-6.25592365,106.87019935000001
JPO Tanpa Nama,-6.3295174,106.89793345
JPO Tanpa Nama,-6.29609785,106.86538665
JPO Tanpa Nama,-6.1537895,106.785489
JPO Tanpa Nama,-6.153837167586336,106.78528621396583
JPO Tanpa Nama,-6.15392155,106.78516575
JPO Tanpa Nama,-6.1537932,106.78516865000002
JPO Tanpa Nama,-6.0202877,106.6809026
JPO Tanpa Nama,-6.16335945,106.71594610000001
JPO Tanpa Nama,-6.3113349,106.96087275
JPO Tanpa Nama,-6.372355199999999,106.939361
Jalan Surya Utama,-6.280664100000001,106.96906449999999
JPO Tanpa Nama,-6.30647155,106.86467155000001
JPO Tanpa Nama,-6.212100234541113,106.8057425413229
JPO Tanpa Nama,-6.140493449999999,106.60222855
JPO Tanpa Nama,-6.276400412082264,106.86803620927631
Jalan Tarumanegara,-6.313811299999999,106.75470695
Jalan Jambu,-6.31609665,106.7587562
JPO Tanpa Nama,-6.245150724631171,106.7303287708569
JPO Tanpa Nama,-6.262073417065296,106.86606569384908
JPO Tanpa Nama,-6.1790134000000005,106.89674994999999
JPO Tanpa Nama,-6.3843242,106.95071680000001
Jalan Tol Cimanggis–Cibitung,-6.3848418,106.9432894
Jalan Tol Cimanggis–Cibitung,-6.3850019,106.9432855
JPO Tanpa Nama,-6.29110195,106.7924704
Jalan Raden Ajeng Kartini,-6.291968450000001,106.79238624999999
JPO Tanpa Nama,-6.183775086411546,106.92731457142895
JPO Tanpa Nama,-6.211416910231639,106.79159824873373
JPO Tanpa Nama,-6.26090525,106.78546829999999
JPO Tanpa Nama,-6.124982536564029,106.83336361374879
Jalan Tol Sunter–Pulo Gebang,-6.1556934000000005,106.89714985
Jalan Tol Sunter–Pulo Gebang,-6.1565899165774525,106.89850065211026
JPO Tanpa Nama,-6.165474,106.655059
Jalan Gading 11,-6.168281736652241,106.88403017852966
JPO Tanpa Nama,-6.17485325,106.88463770000003
JPO Tanpa Nama,-6.267997445993323,106.90617332037944
JPO Tanpa Nama,-6.16256235,106.68114805
Jalan Pejaten Raya,-6.27959785,106.82962745
JPO Tanpa Nama,-6.1690363,106.84787205
Jalan Kepu Gang VI,-6.17021235,106.8466179
JPO Tanpa Nama,-6.19439,106.77957674999999
JPO Tanpa Nama,-6.1846666,106.8224652
Gang Haji Lisan 3,-6.32495885,106.74166819999999
Jalan Hayam Wuruk,-6.1499953201928115,106.81690373177315
JPO Tanpa Nama,-6.3132600396896255,106.74692567208956
JPO Tanpa Nama,-6.313499950000001,106.74688954999999
JPO Tanpa Nama,-6.18705825,106.8189277
JPO Tanpa Nama,-6.18828997365191,106.81421694555623
JPO Tanpa Nama,-6.318298146470157,106.81842595545126
JPO Tanpa Nama,-6.318212485997911,106.81827766285288
Jalan Tol Insinyur Wiyoto Wiyono,-6.24229650316408,106.87728557019548
JPO Tanpa Nama,-6.3424477,106.74212985
JPO Tanpa Nama,-6.3771135,106.74867735000001
Jalan Pakin,-6.12765815,106.8095231
JPO Tanpa Nama,-6.2416286,106.82135244999999
JPO Tanpa Nama,-6.157803449999999,106.6485845
JPO Tanpa Nama,-6.19696505,106.84512964999999
JPO Tanpa Nama,-6.32440945,106.9079885
JPO Tanpa Nama,-6.1427990999999995,106.8844658
JPO Tanpa Nama,-6.29461785,106.7855309
JPO Tanpa Nama,-6.2547726,106.73049075
Jalan Cilenggang I,-6.30954955,106.67127635
JPO Tanpa Nama,-6.3641555499999996,106.78907185
JPO Tanpa Nama,-6.3672265,106.78978114999998
JPO Tanpa Nama,-6.360728743257273,106.7887208129065
JPO Tanpa Nama,-6.36483105476147,106.7911034338909
JPO Tanpa Nama,-6.3642331500000004,106.7895795
JPO Tanpa Nama,-6.363496320853902,106.78803392115255
Jalan Tol Serpong Cinere,-6.3615787,106.76956215
Jalan Tol Serpong–Cinere,-6.3617269,106.76955415000002
JPO Tanpa Nama,-6.3607117320936455,106.78878197997169
JPO Tanpa Nama,-6.174080099999999,106.82134454999998
JPO Tanpa Nama,-6.1746383,106.82118145000003
JPO Tanpa Nama,-6.2782017,106.7418164
JPO Tanpa Nama,-6.3145098,106.8361663
JPO Tanpa Nama,-6.307883461853814,106.9212675959665
JPO Tanpa Nama,-6.291222899999999,106.85818889999999
Jalan Pondok Labu I E,-6.303475877682425,106.7913539771624
JPO Tanpa Nama,-6.27327555,106.79294845
JPO Tanpa Nama,-6.315640999999999,106.8217436
JPO Tanpa Nama,-6.2421150999999995,106.75065465
JPO Tanpa Nama,-6.222859309375734,106.96045483525619
JPO Tanpa Nama,-6.1655496,106.64960445
JPO Tanpa Nama,-6.1470495,106.68671694999999
JPO Tanpa Nama,-6.240318262647284,106.89506768171977
JPO Tanpa Nama,-6.250467,106.84258115
Jalan Sungai Bambu IIB,-6.128090350000001,106.88723060000001
JPO Tanpa Nama,-6.27238145,106.7051434
JPO Tanpa Nama,-6.27240135,106.7050665
JPO Tanpa Nama,-6.2725401209471725,106.70464227291153
Jalan Tegalan I C,-6.2030251,106.8594789
Jalan Cempaka Baru XI,-6.16582365,106.86230355000001
JPO Tanpa Nama,-6.12978305,106.7995863
JPO Tanpa Nama,-6.354555793699678,106.84084040182863
JPO Tanpa Nama,-6.235113296860292,106.87341572108518
JPO Tanpa Nama,-6.2645025027885275,106.77742078537598
JPO Tanpa Nama,-6.1275151999999995,106.8860815
JPO Tanpa Nama,-6.25533195,106.75394775000001
Jalan Cemara 2,-6.3380531,106.74380794999999
JPO Tanpa Nama,-6.1294355154362306,106.83325037624327
JPO Tanpa Nama,-6.12861665,106.8880996
JPO Tanpa Nama,-6.168937250000001,106.91488340000001
JPO Tanpa Nama,-6.212439180015324,106.83889392911644
JPO Tanpa Nama,-6.28150565,106.67288945
Jalan Jati VI,-6.1299419,106.89066725
Jalan Jati V,-6.12966685,106.89070005
Jalan Jati VA,-6.1291215999999995,106.8908199
JPO Tanpa Nama,-6.286467946657379,106.6741614040439
JPO Tanpa Nama,-6.259933,106.80473789999999
Jalan Kayu Putih VI,-6.18391635,106.89318569999999
JPO Tanpa Nama,-6.192602250000001,106.850457
JPO Tanpa Nama,-6.296905,106.775931
Jalan Lingkungan,-6.27899785,106.86825880000002
JPO Tanpa Nama,-6.29356815,106.73601610000001
JPO Tanpa Nama,-6.16627365,106.68039734999999
Jalan Gotong Royong III,-6.231417817884987,106.73419684296474
Jalan Kenanga V,-6.37469945,106.85850665000001
Jalan Kenanga V,-6.374704749999999,106.85854475
JPO Tanpa Nama,-6.2579176499999996,106.78498925
JPO Tanpa Nama,-6.2731751,106.84615285000001
JPO Tanpa Nama,-6.23300525,106.70767525
JPO Tanpa Nama,-6.2329944,106.70770395
JPO Tanpa Nama,-6.23297825,106.7077463
JPO Tanpa Nama,-6.306561951090893,106.68001182044104
Gang Trijaya V,-6.233060699999999,106.85248684999999
Jalan Setia 2,-6.2712383,106.91451645000001
JPO Tanpa Nama,-6.21291895,106.6151078
JPO Tanpa Nama,-6.3049397,106.7727616
JPO Tanpa Nama,-6.20163455,106.8136367
JPO Tanpa Nama,-6.3223503999999995,106.67222305
JPO Tanpa Nama,-6.1352161,106.82967335000002
JPO Tanpa Nama,-6.1353515000000005,106.82924185
Gang Stasiun Kampung Bandan,-6.13561215,106.82820985000001
JPO Tanpa Nama,-6.1356218,106.82811964999999
JPO Tanpa Nama,-6.191848568284517,106.93857389584534
JPO Tanpa Nama,-6.192351805169444,106.93863502267298
Jalan Pademangan I,-6.13768045,106.84540285
Jalan Sawah Lio Gang 8,-6.148000199999999,106.80391800000002
JPO Tanpa Nama,-6.175238394394232,106.84526573916209
JPO Tanpa Nama,-6.21935615,106.95184069999999
JPO Tanpa Nama,-6.1936898000000005,106.94785045
JPO Tanpa Nama,-6.151514649999999,106.8412908
JPO Tanpa Nama,-6.236402960695841,106.94160632694172
JPO Tanpa Nama,-6.228077750000001,106.8702219
JPO Tanpa Nama,-6.3042994,106.89390635
JPO Tanpa Nama,-6.304445449999999,106.89360734999998
JPO Tanpa Nama,-6.1760958785496864,106.84457921785855
Jalan Petogogan I Gang V,-6.2523061,106.79357214999999
JPO Tanpa Nama,-6.2527052,106.793454
JPO Tanpa Nama,-6.1086597,106.91919909999999
JPO Tanpa Nama,-6.108602,106.91950589999999
JPO Tanpa Nama,-6.1080412499999985,106.91949045
JPO Tanpa Nama,-6.222337733521325,106.80413065344166
JPO Tanpa Nama,-6.2222689183276,106.80422987164187
JPO Tanpa Nama,-6.222547750419791,106.80375271382337
JPO Tanpa Nama,-6.222274488435888,106.8033889492064
JPO Tanpa Nama,-6.221390221425854,106.80335104266763
JPO Tanpa Nama,-6.221907672819172,106.80306938665659
JPO Tanpa Nama,-6.222243571071595,106.80317164927092
JPO Tanpa Nama,-6.22219959351732,106.80380500528882
JPO Tanpa Nama,-6.222025510485057,106.803484823314
JPO Tanpa Nama,-6.327920571619125,106.69235527988583
JPO Tanpa Nama,-6.2091053,106.9256364
JPO Tanpa Nama,-6.15275015,106.92192514999999
Jalan Tembuni,-6.2764514,106.92158574999999
Jalan Bintuni,-6.2759936,106.92165879999999
Jalan Karmila Raya,-6.2724808,106.92543535
JPO Tanpa Nama,-6.21058345,106.6059063
JPO Tanpa Nama,-6.1234807,106.89755994999999
JPO Tanpa Nama,-6.120239499999999,106.901776
JPO Tanpa Nama,-6.274654,106.8671086
JPO Tanpa Nama,-6.193942903669852,106.77511774944917
JPO Tanpa Nama,-6.12086765,106.91528375
JPO Tanpa Nama,-6.1374791,106.84497685
JPO Tanpa Nama,-6.301392089764867,106.84735166043666
JPO Tanpa Nama,-6.2671370500000005,106.83211955
Jalan Raya Serpong,-6.3045925,106.66247225
JPO Tanpa Nama,-6.304893,106.6649011
JPO Tanpa Nama,-6.360412800000001,106.83324305
Jalan Tol Jakarta–Cikampek,-6.2591772,107.0074548
JPO Tanpa Nama,-6.31986585,106.859465
Jalan Perjuangan,-6.1421813,106.91013415000002
JPO Tanpa Nama,-6.1813327000000005,106.9604429
JPO Tanpa Nama,-6.1671463,106.8179845
JPO Tanpa Nama,-6.25057195,106.87373819999999
JPO Tanpa Nama,-6.2507683,106.87366735
JPO Tanpa Nama,-6.2502407,106.87337930000001
JPO Tanpa Nama,-6.250912449999999,106.8730534
JPO Tanpa Nama,-6.20769975,106.764847
JPO Tanpa Nama,-6.15160235,106.85739995
JPO Tanpa Nama,-6.25114625,106.86618185
JPO Tanpa Nama,-6.2257579,106.85202985000001
JPO Tanpa Nama,-6.2590217,106.78401644999998
JPO Tanpa Nama,-6.303948608608035,106.65805355651797
JPO Tanpa Nama,-6.3041873,106.65805284999999
Jalan Raya Serpong,-6.3046036,106.66257949999999
JPO Tanpa Nama,-6.186766749999999,106.69318745
Jalan Asrama Polisi,-6.1944965,106.80437129999999
JPO Tanpa Nama,-6.19705745,106.8510205
JPO Tanpa Nama,-6.2574276,106.89225844999999
JPO Tanpa Nama,-6.295411527736712,106.8171266374365
Gang Ko'in I,-6.305729253258579,106.80235041097049
Jalan Palmerah Barat VI,-6.20417065,106.7845802
Jalur Kereta Cepat Jakarta–Bandung,-6.244859547502928,106.88739212299706
JPO Tanpa Nama,-6.245813394689448,106.88605296538677
Jalur Kereta Cepat Jakarta–Bandung,-6.2447826103959105,106.88736692516196
JPO Tanpa Nama,-6.246829425198532,106.99389508271598
Jalan Tol Bekasi–Cawang–Kampung Melayu,-6.246863850796039,106.99427485598683
JPO Tanpa Nama,-6.172136,106.71779775
JPO Tanpa Nama,-6.110046975517927,106.99225198474844
JPO Tanpa Nama,-6.110035528891645,106.9923323782516
Jalan Tol Cibitung–Cilincing,-6.114290649583855,106.98265448487551
Jalan Tol Cibitung–Cilincing,-6.1147637883485055,106.98147878144917
JPO Tanpa Nama,-6.10777845,106.99064459999998
JPO Tanpa Nama,-6.1077539000000005,106.99062219999999
JPO Tanpa Nama,-6.107709965035431,106.99057996296104
JPO Tanpa Nama,-6.36511895,106.79461125000002
JPO Tanpa Nama,-6.3655384999999995,106.7945676
Jalan Tol Cinere–Jagorawi,-6.3652541,106.79462975
Jalan Tanah Baru,-6.367277002433532,106.8078199805247
Jalan Lontar,-6.3657502500000005,106.7981474
Jalan Tol Cinere–Jagorawi,-6.365414400000001,106.7946228
JPO Tanpa Nama,-6.1766583,106.98348365000001
JPO Tanpa Nama,-6.19248275,106.8210199
JPO Tanpa Nama,-6.214629049999999,106.78296485
JPO Tanpa Nama,-6.331901451063005,106.6930478159694
JPO Tanpa Nama,-6.331491197843409,106.69282522427137
JPO Tanpa Nama,-6.332026827012167,106.69261631739055
Jalan Soetomo,-6.043976300000001,106.6895011
Jalan Soetomo,-6.0441184,106.6894342
JPO Tanpa Nama,-6.1669157,106.64097480000001
JPO Tanpa Nama,-6.2367472500000005,106.993298
JPO Tanpa Nama,-6.23673669633775,106.99304311963378
JPO Tanpa Nama,-6.27497455,106.8640946
JPO Tanpa Nama,-6.225565200222886,106.82644507971017
JPO Tanpa Nama,-6.2255912475125035,106.82638647550165
JPO Tanpa Nama,-6.2262772,106.82642855
JPO Tanpa Nama,-6.13859492116415,106.80516201860641
JPO Tanpa Nama,-6.138754693472331,106.80526549720946
JPO Tanpa Nama,-6.274536491512394,106.77507455689977
JPO Tanpa Nama,-6.337225457295506,106.69231936950064
JPO Tanpa Nama,-6.239689036670169,106.79867166769824
JPO Tanpa Nama,-6.240083887653337,106.79864785307994
JPO Tanpa Nama,-6.240068410761199,106.79822031134712
JPO Tanpa Nama,-6.23984262587494,106.79852482462837
JPO Tanpa Nama,-6.23975265,106.79813695
JPO Tanpa Nama,-6.23840805,106.7985876
JPO Tanpa Nama,-6.2379961,106.79861489999998
JPO Tanpa Nama,-6.2384412509337315,106.79861842579142
JPO Tanpa Nama,-6.238971369516769,106.7982849826649
JPO Tanpa Nama,-6.099986200000001,106.67626845
JPO Tanpa Nama,-6.19857225,106.91766655
JPO Tanpa Nama,-6.360530462526592,106.74754082165913
JPO Tanpa Nama,-6.3607761519165145,106.7478819746735
JPO Tanpa Nama,-6.3561722152586615,106.73244131293347
JPO Tanpa Nama,-6.357220904931372,106.73126491548334
JPO Tanpa Nama,-6.3566291999999995,106.73151460000001
JPO Tanpa Nama,-6.3566296,106.7315672
JPO Tanpa Nama,-6.356642193260334,106.73203772452823
JPO Tanpa Nama,-6.034439472287198,106.6566291120435
Jalan Wijaya Kusuma,-6.035724650000001,106.68719634999998
Jalan Wijaya Kusuma,-6.035757650000001,106.6870663
JPO Tanpa Nama,-6.034461893127082,106.6569151504522
Jalan Mustikajaya,-6.28772715,107.0341855
JPO Tanpa Nama,-6.166908449999999,106.641065
JPO Tanpa Nama,-6.306396149999999,106.64189075
JPO Tanpa Nama,-6.3066115499999995,106.64320765
JPO Tanpa Nama,-6.3069008,106.6435779
JPO Tanpa Nama,-6.3079839,106.6415681
JPO Tanpa Nama,-6.308389999999999,106.64163875000001
JPO Tanpa Nama,-6.307577789498489,106.64370886333344
JPO Tanpa Nama,-6.3065404653394594,106.6426093386612
JPO Tanpa Nama,-6.1969321,106.8473395
JPO Tanpa Nama,-6.19747671674738,106.84597784394445
JPO Tanpa Nama,-6.31183545,106.67317184999999
JPO Tanpa Nama,-6.31176365,106.6730513
Jalan Tol Kamal–Balaraja,-6.090679160435976,106.71961898000946
JPO Tanpa Nama,-6.071043800706655,106.69293487585914
JPO Tanpa Nama,-6.0713040798707505,106.69224990825786
Jalan Bhakti Pramuka,-6.101031695684375,106.708237141049
Simpang Susun Industri,-6.319702630090199,106.61517120774438
Simpang Susun Industri,-6.319717068349456,106.6150902829236
JPO Tanpa Nama,-6.3635191281314025,106.82861694793704
JPO Tanpa Nama,-6.3637986,106.829328
JPO Tanpa Nama,-6.36354485,106.82939055
JPO Tanpa Nama,-6.3632624,106.8289365
JPO Tanpa Nama,-6.36299520175615,106.82989237354869
JPO Tanpa Nama,-6.10436365,106.77170355000001
JPO Tanpa Nama,-6.222665370519015,106.75033048287422
Jalan Tamansari IX,-6.15622325,106.8225204
JPO Tanpa Nama,-6.270945851323396,106.63367703087809
JPO Tanpa Nama,-6.279079250000001,106.81429505
Jalan Masjid Al Munawaroh Barat,-6.12697575,106.73872374999999
JPO Tanpa Nama,-6.157940950000001,106.7616474
JPO Tanpa Nama,-6.17134735,107.01107955
JPO Tanpa Nama,-6.1449789,106.82085119999999
JPO Tanpa Nama,-6.1449759,106.82078014999999
JPO Tanpa Nama,-6.1449734,106.8207216
Gang Bakti II,-6.211578106130371,106.84647207065687
JPO Tanpa Nama,-6.223647040639894,106.83322211206924
JPO Tanpa Nama,-6.222142753425069,106.83416916590524
JPO Tanpa Nama,-6.2221829442784475,106.83430910866775
JPO Tanpa Nama,-6.2222767038020175,106.83427116292995
JPO Tanpa Nama,-6.229429597217971,106.6134947467012
JPO Tanpa Nama,-6.22912225,106.6132792
JPO Tanpa Nama,-6.260242799743559,106.83718563344527
JPO Tanpa Nama,-6.1533720349756775,106.91887780616365
JPO Tanpa Nama,-6.110079750000001,106.92993200000001
JPO Tanpa Nama,-6.1843191,106.81160315
JPO Tanpa Nama,-6.184669371945511,106.81123653090854
JPO Tanpa Nama,-6.185686474280171,106.81124278267046
JPO Tanpa Nama,-6.263328973905105,106.90744330012895
JPO Tanpa Nama,-6.263207814222942,106.90751269203885
JPO Tanpa Nama,-6.3022937500000005,106.84023644999999
JPO Tanpa Nama,-6.31831605,106.65012915
JPO Tanpa Nama,-6.318406644937329,106.64997025412433
JPO Tanpa Nama,-6.2481271302488235,106.63729276110197
JPO Tanpa Nama,-6.2519725,106.63680225
JPO Tanpa Nama,-6.2521949999999995,106.63897625
JPO Tanpa Nama,-6.25236995,106.63797025
JPO Tanpa Nama,-6.3699253,106.8209057
JPO Tanpa Nama,-6.370081268054868,106.82079836570853
JPO Tanpa Nama,-6.3648948999999995,106.8245484
JPO Tanpa Nama,-6.3653403,106.82238275
JPO Tanpa Nama,-6.249166850426632,106.99629135082017
JPO Tanpa Nama,-6.248508854922207,106.99575313484262
JPO Tanpa Nama,-6.224029649999999,106.85154075
JPO Tanpa Nama,-6.22434625,106.8516467
Jalan Pipa Gas,-6.37664715,106.83115334999998
JPO Tanpa Nama,-6.177818989522765,106.78987963054945
JPO Tanpa Nama,-6.1763517000000006,106.7906006
JPO Tanpa Nama,-6.177517937565841,106.78955741016742
Jalan Gama Setia Barat II,-6.3786154,106.85243710000002
Jalan Tol Akses Tanjung Priok,-6.124812299869755,106.92773155019279
Jalan Tol Akses Tanjung Priok,-6.1231125477454595,106.92687135060199
JPO Tanpa Nama,-6.201664635283858,106.86031338673276
JPO Tanpa Nama,-6.2484684,106.9837359
JPO Tanpa Nama,-6.2577036317841195,106.92659760337722
Jalan Curug Raya,-6.257736818834162,106.92574378698119
JPO Tanpa Nama,-6.307088354255801,106.69281361213017
JPO Tanpa Nama,-6.30660545,106.69411225
JPO Tanpa Nama,-6.343158129233264,106.67526759375616
JPO Tanpa Nama,-6.342639644329873,106.67609856774463
JPO Tanpa Nama,-6.372624744400716,106.86839839543802
JPO Tanpa Nama,-6.3727113499999986,106.86848129999998
JPO Tanpa Nama,-6.3469064500000005,106.67541990000001
JPO Tanpa Nama,-6.12836945,106.96444279999999
JPO Tanpa Nama,-6.12840465,106.9644804
JPO Tanpa Nama,-6.12836435,106.96415530000002
JPO Tanpa Nama,-6.1402886,106.74304080000002
JPO Tanpa Nama,-6.14009585,106.8184803
Jalan Mandor Munding,-6.3064210528692595,106.9138210991204
JPO Kebayoran Lama,-6.2387695726619405,106.78322791849644
JPO Tanpa Nama,-6.10381965,107.0050825
Gang Sanip,-6.3135616500000005,106.7334706
JPO Tanpa Nama,-6.02870205,106.6046273
Jalan Tol Kamal–Balaraja,-6.090180046438195,106.71945994359689
JPO Tanpa Nama,-6.071159640988761,106.69351761759822
JPO Tanpa Nama,-6.33487115,106.68432404999999
Asmad,-6.144658578069948,106.67526581892695
JPO Tanpa Nama,-6.18807735,106.84102135
JPO Tanpa Nama,-6.18781255,106.8407296
JPO Tanpa Nama,-6.187973156317555,106.84073325332876
JPO Tanpa Nama,-6.05823715,106.69703820000001
JPO Tanpa Nama,-6.058872924872517,106.70129127117721
JPO Tanpa Nama,-6.059486125673598,106.68365862614164
JPO Tanpa Nama,-6.058506907938072,106.69704189076165
JPO Tanpa Nama,-6.058034646069991,106.69717580283758
JPO Tanpa Nama,-6.057950216596855,106.69700063912727
JPO Tanpa Nama,-6.058430749032468,106.69688257386134
JPO Tanpa Nama,-6.058014486355672,106.69554775909172
JPO Tanpa Nama,-6.22143185,106.78285675
JPO Tanpa Nama,-6.28532375,106.99906490000001
JPO Tanpa Nama,-6.1471871,107.02814675
JPO Tanpa Nama,-6.239799350000001,106.6023593
JPO Tanpa Nama,-6.2398688,106.60192505
JPO Tanpa Nama,-6.2688998,106.9789063
Damar 12,-6.26691535,106.98388465000001
JPO Tanpa Nama,-6.249474200121083,106.96876319248692
JPO Tanpa Nama,-6.2382929,106.60772275
JPO Tanpa Nama,-6.38451815,106.8759611
JPO Tanpa Nama,-6.0077914,107.02214599999999
JPO Tanpa Nama,-6.1872918,106.9690317
JPO Tanpa Nama,-6.168587499999999,106.78567
JPO Tanpa Nama,-6.3355361,107.01763729999999
JPO Tanpa Nama,-6.193607901907173,107.04118852207688
JPO Tanpa Nama,-6.18297865,106.67821705
JPO Tanpa Nama,-6.339024650101447,106.78613876140982
JPO Tanpa Nama,-6.381227878839315,106.82656709805879
JPO Tanpa Nama,-6.381542450431101,106.82654140409086
JPO Tanpa Nama,-6.38172215,106.82629379999999
JPO Tanpa Nama,-6.311878899999999,106.68973320000002
JPO Tanpa Nama,-6.3126751500000005,106.69084914999999
JPO Tanpa Nama,-6.31521835,106.7021704
JPO Tanpa Nama,-6.315617400000001,106.7035914
JPO Tanpa Nama,-6.3164034000000004,106.70782285
JPO Tanpa Nama,-6.3167782500000005,106.7080958
JPO Tanpa Nama,-6.2266124000000005,106.60935275
JPO Tanpa Nama,-6.225738349999999,106.60461989999997
JPO Tanpa Nama,-6.2362725,106.71130925
JPO Tanpa Nama,-6.09036155,106.99455955
Jalan Narogong Asri,-6.2718525,107.0087019
JPO Tanpa Nama,-6.32721385,106.7228689
JPO Tanpa Nama,-6.32758205,106.7228045
JPO Tanpa Nama,-6.3229866999999995,106.72111175
JPO Tanpa Nama,-6.3172923,106.72077265
Jalan Rawa Mulya,-6.27895485,107.02525955
Jalan Pondok Timur Indah,-6.280305450000001,107.02251654999999
Jalan Pondok Timur Indah,-6.28036145,107.0224588
JPO Tanpa Nama,-6.3457183,107.01436530000001
JPO Tanpa Nama,-6.37456925,106.99115645
JPO Tanpa Nama,-6.364788600000001,106.985388
JPO Tanpa Nama,-6.3650537499999995,106.98545345
JPO Tanpa Nama,-6.36527205,106.98550750000001
JPO Tanpa Nama,-6.3674455000000005,106.98571579999998
JPO Tanpa Nama,-6.3669347,106.98568955
JPO Tanpa Nama,-6.3666551,106.98567255
JPO Tanpa Nama,-6.3661282,106.98562279999999
JPO Tanpa Nama,-6.363716,106.98471484999999
JPO Tanpa Nama,-6.3639396,106.98515865000002
Jalan Bayan,-6.2978653,107.02623905
Jalan Mutiara Gading Timur,-6.2855462499999994,107.03004165
Jalan Caringin,-6.295150577070008,106.9966312623
JPO Tanpa Nama,-6.09881455,107.0253193
Jalan Lestari III,-6.3956716,106.73859920000001
JPO Tanpa Nama,-6.09837335,106.99873335000001
JPO Tanpa Nama,-6.11890975,107.00429324999999
JPO Tanpa Nama,-6.118835799999999,107.0042737
JPO Tanpa Nama,-6.39948505,106.7426197
JPO Tanpa Nama,-6.308052849999999,106.940937
JPO Tanpa Nama,-6.1004679,107.0234841
Simpang Susun Burangkeng,-6.348830412749919,107.02225440237014
JPO Tanpa Nama,-6.15323935,106.9712654
JPO Tanpa Nama,-6.3787015,106.74605195000001
JPO Tanpa Nama,-6.364963449999999,106.74623650000001
JPO Tanpa Nama,-6.3639234,106.7465545
Simpang Susun Cilincing,-6.135938988438637,106.93562443808896
JPO Tanpa Nama,-6.135814244671219,106.93556401084206
JPO Tanpa Nama,-6.136146722763145,106.93644700586127
JPO Tanpa Nama,-6.136581106783504,106.9364609382247
JPO Tanpa Nama,-6.1959352,106.73965294999999
JPO Tanpa Nama,-6.1959332499999995,106.73960274999999
JPO Tanpa Nama,-6.1959315,106.73955815
JPO Tanpa Nama,-6.223299309790336,106.65416989459386
JPO Tanpa Nama,-6.3839557,106.712056
Jalan Baru Cipendawa,-6.298182763614422,106.97182953162593
Jalan Baru Cipendawa,-6.2982246,106.97170995
JPO Tanpa Nama,-6.2987829,106.70483730000001
JPO Tanpa Nama,-6.31203525,106.9605203
Jalan Tol Lingkar Luar Jakarta,-6.1772247500000015,106.72839255
JPO Tanpa Nama,-6.178202624678058,106.74374990706524
JPO Tanpa Nama,-6.3441899500000005,106.67522050000001
JPO Tanpa Nama,-6.20703795,106.6997297
JPO Tanpa Nama,-6.20712021045534,106.69993507100273
JPO Tanpa Nama,-6.206698381537491,106.69972227749109
JPO Tanpa Nama,-6.1921257,106.8147787
JPO Tanpa Nama,-6.192087766099362,106.81467285790525
JPO Tanpa Nama,-6.192190004533405,106.81487283753243
JPO Tanpa Nama,-6.194659335901919,107.0060773002498
JPO Tanpa Nama,-6.297199453588545,106.82986120634348
JPO Tanpa Nama,-6.357856615727602,106.85287329514931
JPO Tanpa Nama,-6.11885385,106.9257667
JPO Tanpa Nama,-6.1167109434646,106.92516021481477
JPO Tanpa Nama,-6.2269237,107.03276840000001
JPO Tanpa Nama,-6.2268479,107.03276020000001
JPO Tanpa Nama,-6.2270012999999995,107.03277045
JPO Tanpa Nama,-6.227452899999999,107.02419425
JPO Tanpa Nama,-6.22708925,107.0246386
JPO Tanpa Nama,-6.2104009,107.02930445
JPO Tanpa Nama,-6.2281987,107.0234669
JPO Tanpa Nama,-6.194445999999999,106.6901391
JPO Tanpa Nama,-6.1944298,106.69018145
JPO Tanpa Nama,-6.269526700000001,106.7178293
JPO Tanpa Nama,-6.125300215959624,106.65170752350943
JPO Tanpa Nama,-6.1483332995743085,107.04515796339591
JPO Tanpa Nama,-6.2214998,107.0276556
JPO Tanpa Nama,-6.22326585,107.01219259999999
JPO Tanpa Nama,-6.1264217,106.65414465
JPO Tanpa Nama,-6.1940402,107.03797885
JPO Tanpa Nama,-6.193207446619611,107.03799632182246
JPO Tanpa Nama,-6.127264076076038,106.83428244507343
JPO Tanpa Nama,-6.1270418167088385,106.83452927438428
JPO Tanpa Nama,-6.125439354851743,106.83367265396352
JPO Tanpa Nama,-6.125779237026949,106.83315762734232
JPO Tanpa Nama,-6.124218268493158,106.83167394569136
JPO Tanpa Nama,-6.123089834496642,106.8320315107971
JPO Tanpa Nama,-6.124779230512927,106.83240851314888
JPO Tanpa Nama,-6.124501568361476,106.83192584680191
JPO Tanpa Nama,-6.124825624334407,106.83201649240733
Miniatur Lapangan Fatahillah,-6.124821952089944,106.83197456781573
JPO Tanpa Nama,-6.125308600867187,106.83231838285677
JPO Tanpa Nama,-6.125102174017809,106.8324479152531
JPO Tanpa Nama,-6.124934137458428,106.83283375744979
JPO Tanpa Nama,-6.125397149999999,106.83348600000001
JPO Tanpa Nama,-6.125144000000001,106.83324065
JPO Tanpa Nama,-6.125228402285739,106.83332239764066
JPO Tanpa Nama,-6.24643365,107.01084875000001
JPO Tanpa Nama,-6.2532811,107.01248915
JPO Tanpa Nama,-6.255671749999999,107.01746019999999
JPO Tanpa Nama,-6.25593895,107.01733605
JPO Tanpa Nama,-6.25404215,107.0186375
JPO Tanpa Nama,-6.2541506,107.01855875000001
JPO Tanpa Nama,-6.25472145,107.01814404999999
JPO Tanpa Nama,-6.31102505,106.82956235
JPO Tanpa Nama,-6.31750905,106.82502195000001
Jalan KH. Rahiman II,-6.1852956,107.04660835
JPO Tanpa Nama,-6.3919109,106.87985835
JPO Tanpa Nama,-6.25742745,107.01260920000001
JPO Tanpa Nama,-6.256012549999999,107.01264175
JPO Tanpa Nama,-6.25483255,107.0127261
JPO Tanpa Nama,-6.2534016999999995,107.01237074999999
JPO Tanpa Nama,-6.253334,107.0124371
JPO Tanpa Nama,-6.2540067,107.0127581
JPO Tanpa Nama,-6.206158301776459,107.01235881979659
Jalan Insinyur Haji Juanda,-6.16776145,106.83161905
JPO Tanpa Nama,-6.1238280365581135,106.65528397469028
JPO Tanpa Nama,-6.1944862,106.75570515
JPO Tanpa Nama,-6.106202250000001,106.63768110000001
JPO Tanpa Nama,-6.1057445999999995,106.6384416
JPO Tanpa Nama,-6.1056669,106.63866985
JPO Tanpa Nama,-6.10557485,106.63896075
JPO Tanpa Nama,-6.105673400000001,106.63863144999999
JPO Tanpa Nama,-6.1053815,106.6392781
JPO Tanpa Nama,-6.10546715,106.63929060000001
JPO Tanpa Nama,-6.1055622,106.63930505
JPO Tanpa Nama,-6.1054768500000005,106.63918144999998
JPO Tanpa Nama,-6.1844319500000005,106.83501855
Jalan Raya Bandara,-6.1199907652857135,106.66524847381099
Jalan Raya Bandara,-6.118781869183419,106.66896806064263
Jalan Raya Bandara,-6.118656,106.6703312
JPO Tanpa Nama,-6.342003301507846,106.90369506334058
JPO Tanpa Nama,-6.179408199999999,106.8226124
JPO Tanpa Nama,-6.105469200000001,106.6746856
Jalan Warga,-6.2347725,106.73984955
Jalan Husein Sastranegara,-6.1142081,106.68901840000001
JPO Tanpa Nama,-6.148411516853073,106.83191526775488
JPO Tanpa Nama,-6.38214115,106.92739299999998
JPO Tanpa Nama,-6.3822605317935075,106.9274242129382
JPO Tanpa Nama,-6.3820272194583945,106.92743509235746
JPO Tanpa Nama,-6.155018,106.64529759999999
JPO Tanpa Nama,-6.166578250000001,106.83310575
Jalan Raya Bandara,-6.1197383,106.66702595
JPO Tanpa Nama,-6.1590276500000005,107.04373860000001
JPO Tanpa Nama,-6.15953095,107.04376065
JPO Tanpa Nama,-6.103403,106.93922545
JPO Tanpa Nama,-6.224561640914904,107.00123799075998
JPO Tanpa Nama,-6.365614750000001,106.7945642
JPO Tanpa Nama,-6.039441,106.69250865
JPO Tanpa Nama,-6.039169975300501,106.69199403392201
JPO Tanpa Nama,-6.0406487,106.69187435
JPO Tanpa Nama,-6.040375561063741,106.69135791148409
JPO Tanpa Nama,-6.03814835,106.69347765
JPO Tanpa Nama,-6.0468912999999995,106.68917164999999
JPO Tanpa Nama,-6.23602788954328,106.75513474192815
JPO Tanpa Nama,-6.2360242999999995,106.7549761
JPO Tanpa Nama,-6.25493247181418,106.76318310479093
JPO Tanpa Nama,-6.184739,106.7365284
JPO Tanpa Nama,-6.149301149999999,106.82043095
JPO Tanpa Nama,-6.37304575,106.79009235000001
JPO Tanpa Nama,-6.1495117,106.820435
Jalan Gedong,-6.14312325,106.8209008
Jalan Veteran,-6.1682895458776485,106.83023579890667
JPO Tanpa Nama,-6.15949185,106.82431779999999
JPO Tanpa Nama,-6.2001310862683505,106.82333054957098
JPO Tanpa Nama,-6.200153718180879,106.82338445393485
JPO Tanpa Nama,-6.1850517,106.75323865
Jalan K. Haji Dewantara,-6.198551500000001,106.69408555000003
Perumahan Graha Harapan Regensy Babelan Bekasi,-6.1603953,107.03053605
JPO Tanpa Nama,-6.2402356999999995,106.7602894
JPO Tanpa Nama,-6.237511148652279,106.76027318706664
JPO Tanpa Nama,-6.237439449999999,106.76044085000001
JPO Tanpa Nama,-6.2362687999999995,106.74310605
JPO Tanpa Nama,-6.2363681,106.74306039999999
JPO Tanpa Nama,-6.2363048,106.74305045
Jalan Merpati,-6.1842029,106.71852150000001
JPO Tanpa Nama,-6.188162500000001,106.7124445
JPO Tanpa Nama,-6.1880597,106.71202
JPO Tanpa Nama,-6.188024,106.71186705
JPO Tanpa Nama,-6.23191395,107.00103340000001
JPO Tanpa Nama,-6.23199355,107.00107535000001
JPO Tanpa Nama,-6.2318564,107.00100065
JPO Tanpa Nama,-6.189445750000001,106.71679900000001
JPO Tanpa Nama,-6.391625499999999,106.82491385
JPO Tanpa Nama,-6.39516535,106.8225413
JPO Tanpa Nama,-6.39490625,106.82251365
JPO Tanpa Nama,-6.38881375,106.81712500000002
JPO Tanpa Nama,-6.388908450000001,106.81882155000001
JPO Tanpa Nama,-6.249183749795939,106.9918300995644
JPO Tanpa Nama,-6.247825799999999,106.99230370000001
JPO Tanpa Nama,-6.24783955,106.99250855
JPO Tanpa Nama,-6.382975119861356,106.82967063975146
JPO Tanpa Nama,-6.3868218817412625,106.82782018628909
JPO Tanpa Nama,-6.38931505,106.82412179999999
JPO Tanpa Nama,-6.3914191,106.8228092
JPO Tanpa Nama,-6.145524549999999,106.9562653
Jalan Bhakti,-6.1836796,106.71875395
Jalan Pepaya 3,-6.211776201894699,106.61351854928208
JPO Tanpa Nama,-6.2260511,106.755122
JPO Tanpa Nama,-6.24860015,106.98509274999999
JPO Tanpa Nama,-6.24876625,106.98507914999999
JPO Tanpa Nama,-6.218857299999999,106.95998184999999
Jalan Curug Agung,-6.36627915,106.7945996
JPO Tanpa Nama,-6.220722299999999,106.97385245000001
JPO Tanpa Nama,-6.22063385,106.97351075
JPO Tanpa Nama,-6.255738850000001,107.00431839999999
Jalan Kalibaru Timur,-6.22171005,106.97855824999999
JPO Tanpa Nama,-6.2543857,107.00412115
JPO Tanpa Nama,-6.2296105,106.9897835
JPO Tanpa Nama,-6.37211565,106.79582429999999
Jalan Veteran,-6.24559495,106.99737205
JPO Tanpa Nama,-6.2375018,106.8443246
JPO Tanpa Nama,-6.2370292,106.8441932
JPO Tanpa Nama,-6.2403564,106.8222098
JPO Tanpa Nama,-6.236065595901387,106.827988384058
JPO Tanpa Nama,-6.240691999999999,106.8353723
JPO Tanpa Nama,-6.3317324,106.80006710000002
Jalan Taman Asri Utama,-6.23934895,106.73096154999999
Jalan Profesor Doktor Hamka,-6.2341394,106.72972229999999
JPO Tanpa Nama,-6.310378350000001,106.9286368
JPO Tanpa Nama,-6.238924099485359,106.81580665596829
JPO Tanpa Nama,-6.23899515,106.81581274999999
JPO Tanpa Nama,-6.17886395,106.97400295
JPO Tanpa Nama,-6.1787167499999995,106.97386904999999
JPO Tanpa Nama,-6.17879075,106.97393635
JPO Tanpa Nama,-6.202310652005706,106.81794801614244
JPO Tanpa Nama,-6.233413208111623,106.8314091419141
JPO Tanpa Nama,-6.1845147,106.97700065000001
JPO Tanpa Nama,-6.184517449999999,106.97716159999999
JPO Tanpa Nama,-6.1845159999999995,106.97707644999998
JPO Tanpa Nama,-6.191091050000001,106.97672575
JPO Tanpa Nama,-6.191096250000001,106.9768971
JPO Tanpa Nama,-6.1910934,106.97680445
JPO Tanpa Nama,-6.186598999999999,106.97699835
JPO Tanpa Nama,-6.18659985,106.97709475000002
JPO Tanpa Nama,-6.1865983,106.97691965
Jalan Rawa Melati,-6.10754755,106.71954095000001
JPO Tanpa Nama,-6.22392625,106.8326309
JPO Tanpa Nama,-6.217425958516602,106.83091926543058
JPO Tanpa Nama,-6.3363746,106.80831685000001
JPO Tanpa Nama,-6.08569345,106.63911680000001
JPO Tanpa Nama,-6.0891754,106.6378042
JPO Tanpa Nama,-6.19584115,106.97381114999999
JPO Tanpa Nama,-6.2209536,106.86413715
JPO Tanpa Nama,-6.36198740692444,106.82973466073453
JPO Tanpa Nama,-6.36209616609676,106.82959342473491
JPO Tanpa Nama,-6.362061453397671,106.82968992900805
JPO Tanpa Nama,-6.134319143978667,106.93631925838292
JPO Tanpa Nama,-6.134510824339884,106.9370035375074
JPO Tanpa Nama,-6.1330083172302965,106.93765249513243
JPO Tanpa Nama,-6.19423125,106.97288449999999
JPO Tanpa Nama,-6.1940757500000005,106.97286125
JPO Tanpa Nama,-6.292526863773079,106.80698376738059
Gang Mahfudz Zaini,-6.1904582,106.99921875
JPO Tanpa Nama,-6.225612161085745,106.83456253364042
JPO Tanpa Nama,-6.22519895,106.8294117
JPO Tanpa Nama,-6.2253353,106.82937110000002
JPO Tanpa Nama,-6.2254054,106.83835955
JPO Tanpa Nama,-6.352650649999999,106.8115737
JPO Tanpa Nama,-6.3532626,106.81132295
JPO Tanpa Nama,-6.35343225,106.81125415
JPO Tanpa Nama,-6.353842050000002,106.81107015
JPO Tanpa Nama,-6.353990100000001,106.81100455
JPO Tanpa Nama,-6.354244850000001,106.810899
JPO Tanpa Nama,-6.35455315,106.81077199999999
JPO Tanpa Nama,-6.35401285,106.81099539999998
Gang Samin Siun,-6.35510645,106.81040345000001
JPO Tanpa Nama,-6.35536295,106.8102959
JPO Tanpa Nama,-6.361421099999999,106.80738285
Gang Dul Djaim,-6.361676,106.80709635
JPO Tanpa Nama,-6.0822392999999995,106.69539915000001
JPO Tanpa Nama,-6.084192350000001,106.69215645
Jalan Perikanan,-6.3448578,106.8159942
Jalan Gotong Royong,-6.34617325,106.81491974999999
Jalan Haji Sauwih,-6.3475724,106.8138294
Jalan Haji Mohammed Nalim,-6.34865535,106.81333285
JPO Tanpa Nama,-6.3491535500000005,106.8131222
JPO Tanpa Nama,-6.3498494999999995,106.8127686
JPO Tanpa Nama,-6.34991595,106.8127437
Gang Jambu,-6.3500094,106.81269280000001
Jalan Salinan,-6.350361599999999,106.8125424
JPO Tanpa Nama,-6.351199449999999,106.8122041
JPO Tanpa Nama,-6.35221265,106.81176425000001
JPO Tanpa Nama,-6.35230445,106.8117116
JPO Tanpa Nama,-6.35242435,106.8116627
JPO Tanpa Nama,-6.2208623,106.83779955
JPO Tanpa Nama,-6.2199957,106.83539555
JPO Tanpa Nama,-6.220038,106.8353338
JPO Tanpa Nama,-6.220063990540326,106.83531539301022
JPO Tanpa Nama,-6.2199537,106.8354574
JPO Tanpa Nama,-6.3653569,106.8943291
JPO Tanpa Nama,-6.22477175,106.841298
Jalan Kampung Bali,-6.33752215,106.82404015
JPO Tanpa Nama,-6.2255295,106.97951985
JPO Tanpa Nama,-6.22545765,106.9794863
JPO Tanpa Nama,-6.225519849999999,106.9794265
JPO Tanpa Nama,-6.22362973366747,106.97721815646885
JPO Tanpa Nama,-6.223415299999999,106.97742314999999
JPO Tanpa Nama,-6.223488550000001,106.97746219999999
JPO Tanpa Nama,-6.223584600000001,106.97737344999999
JPO Tanpa Nama,-6.22368065,106.97728445
JPO Tanpa Nama,-6.1101928,106.97071349999999
Jalan Komplek DDN II,-6.3137701,106.79581465000001
Jalan Komplek DDN II,-6.3146971,106.79562480000001
JPO Tanpa Nama,-6.19118525,106.94378080000001
JPO Tanpa Nama,-6.19170745,106.94308225
JPO Tanpa Nama,-6.191416950000001,106.94338065
JPO Tanpa Nama,-6.1913993000000005,106.94370895
Jalan Pangeran Komarudin,-6.193129300000001,106.94371565
JPO Tanpa Nama,-6.1799205,106.94327380000001
JPO Tanpa Nama,-6.1797054,106.94284110000001
JPO Tanpa Nama,-6.179708349999999,106.94305095
JPO Tanpa Nama,-6.1797108,106.9432633
JPO Tanpa Nama,-6.17993,106.94279005000001
JPO Tanpa Nama,-6.17052745,106.83217214999999
JPO Tanpa Nama,-6.16967885,106.83791730000002
JPO Tanpa Nama,-6.16972055,106.83784545
Jalan Dokter Sutomo,-6.16387445,106.83823065
Jalan Dokter Sutomo,-6.163975799999999,106.83828885
JPO Tanpa Nama,-6.23617035,106.82792115
JPO Tanpa Nama,-6.165557257434243,106.835235654615
Jalan Kemenangan V Gang 1,-6.145055408357197,106.8109385340576
JPO Tanpa Nama,-6.22903415,106.81893955
Jalan Ketapang,-6.363947400000001,106.80733519999998
JPO Tanpa Nama,-6.2096593,106.79695004999999
JPO Tanpa Nama,-6.21404315,106.80852675
JPO Tanpa Nama,-6.221500502941473,106.81382844608031
JPO Tanpa Nama,-6.1582111,106.9461675
JPO Tanpa Nama,-6.17181775,106.95321225
JPO Tanpa Nama,-6.2270582,106.81743445000001
JPO Tanpa Nama,-6.20791625,106.7969396
JPO Tanpa Nama,-6.20860715,106.7971812
JPO Tanpa Nama,-6.302933470872147,106.79688742486813
JPO Tanpa Nama,-6.084512999999999,106.63923919999999
Jalan Rukem Jaya I,-6.1791314,106.96168885
Jalan Rukem Jaya II,-6.1788548,106.96175125
Jalan Rukem Jaya III,-6.17856375,106.96179545
Jalan Rukem Jaya IV,-6.1783090000000005,106.961866
Jalan Rukem Pratama,-6.18108035,106.9606203
JPO Tanpa Nama,-6.180956900000001,106.96071019999998
JPO Tanpa Nama,-6.1802014,106.96125025
JPO Tanpa Nama,-6.1937786493785225,106.79751485737377
JPO Tanpa Nama,-6.1819693000000004,106.9600242
JPO Tanpa Nama,-6.1815324999999985,106.96031635
JPO Tanpa Nama,-6.1833579499999995,106.95891195
JPO Tanpa Nama,-6.18441105,106.9564617
JPO Tanpa Nama,-6.1837238,106.95809340000001
JPO Tanpa Nama,-6.18486065,106.79707705
JPO Tanpa Nama,-6.168763800000002,106.9623967
JPO Tanpa Nama,-6.1702104,106.9626097
JPO Tanpa Nama,-6.101229443613261,106.71550674590186
JPO Tanpa Nama,-6.101108050563944,106.71545340037942
JPO Tanpa Nama,-6.1037662,106.71660525000001
JPO Tanpa Nama,-6.1037312,106.71668015
JPO Tanpa Nama,-6.1768829499999995,106.79315535
JPO Tanpa Nama,-6.176640300000001,106.79308714999999
JPO Tanpa Nama,-6.17673765,106.79299375
JPO Tanpa Nama,-6.17542125,106.79280775000001
JPO Tanpa Nama,-6.176136850000001,106.79211045
JPO Tanpa Nama,-6.161448099999999,106.96116939999999
JPO Tanpa Nama,-6.2445616,106.67034240000001
JPO Tanpa Nama,-6.10329935,106.71100154999999
JPO Tanpa Nama,-6.1031654,106.71111865
JPO Tanpa Nama,-6.10315005,106.71110540000001
JPO Tanpa Nama,-6.1031271,106.71108559999999
JPO Tanpa Nama,-6.1084935674798055,106.71219866858554
JPO Tanpa Nama,-6.10672405,106.71156035
JPO Tanpa Nama,-6.106749300000001,106.7115019
JPO Tanpa Nama,-6.1665693,106.79041430000001
JPO Tanpa Nama,-6.1754486,106.7928545
JPO Tanpa Nama,-6.11144185,106.71410240000002
JPO Tanpa Nama,-6.1733486499999985,106.7882541
JPO Tanpa Nama,-6.17358915,106.78825135
JPO Tanpa Nama,-6.18318255,106.94980565
JPO Tanpa Nama,-6.1156331,106.71697499999999
JPO Tanpa Nama,-6.11560265,106.7170187
JPO Tanpa Nama,-6.0919424,106.63739215
JPO Tanpa Nama,-6.173889782854839,106.79064281977051
JPO Tanpa Nama,-6.185265449999999,106.96439535
JPO Tanpa Nama,-6.18351485,106.96050589999999
JPO Tanpa Nama,-6.309737149999999,106.8417477
JPO Tanpa Nama,-6.224284810005396,106.94458580004918
JPO Tanpa Nama,-6.225645500000001,107.00305134999999
JPO Tanpa Nama,-6.11676935,106.71790920000001
JPO Tanpa Nama,-6.226669905624145,107.0062813454729
JPO Tanpa Nama,-6.0992248,106.7144254
JPO Tanpa Nama,-6.098141699999999,106.71470115
JPO Tanpa Nama,-6.3910535,106.89518835
JPO Tanpa Nama,-6.11485975,106.72525404999999
JPO Tanpa Nama,-6.218904,106.95273205000002
JPO Tanpa Nama,-6.219368631984652,106.95255305668296
JPO Tanpa Nama,-6.219282985228181,106.95204297386837
JPO Tanpa Nama,-6.218856724116398,106.9521053499279
JPO Tanpa Nama,-6.2271634,106.65950385
JPO Tanpa Nama,-6.2076224,106.79557270000001
JPO Tanpa Nama,-6.2261947191299125,107.0056240104989
Jalan Pinguin 3,-6.269695699999999,106.74692350000001
JPO Tanpa Nama,-6.247047200000001,106.82617049999999
JPO Tanpa Nama,-6.22708615,107.00392504999999
JPO Tanpa Nama,-6.200073550000001,106.80061764999999
JPO Tanpa Nama,-6.230958599999998,106.99765305000001
JPO Tanpa Nama,-6.2310321,106.99762905
JPO Tanpa Nama,-6.2308959,106.99766965
JPO Tanpa Nama,-6.1436335500000006,106.7855381
Jalan Pejalan Kaki,-6.248810999836312,106.93244224693419
JPO Tanpa Nama,-6.2490457500000005,106.9324297
JPO Tanpa Nama,-6.2363016,106.92251655000001
JPO Tanpa Nama,-6.229678,106.90495430000001
JPO Tanpa Nama,-6.22954955,106.90442725
JPO Tanpa Nama,-6.229623,106.90472695
JPO Tanpa Nama,-6.22509935,106.85475335
JPO Tanpa Nama,-6.15419765,106.72690005000001
Jalan Robusta Raya,-6.2248409,106.94564395
JPO Tanpa Nama,-6.2391784999999995,106.87780340000002
JPO Tanpa Nama,-6.239095799999999,106.87821930000001
Jalan Tol Bekasi–Cawang–Kampung Melayu,-6.231184267495596,106.87604918059606
JPO Tanpa Nama,-6.2506787,106.873759
JPO Tanpa Nama,-6.1238816,106.7660185
JPO Tanpa Nama,-6.3984379,106.86403185
JPO Tanpa Nama,-6.1157397499999995,106.72602745000002
JPO Tanpa Nama,-6.115804337332854,106.7259525001905
JPO Tanpa Nama,-6.21813271577305,106.7770317520877
Gang Abadul,-6.2326366063448,107.00029562021516
JPO Tanpa Nama,-6.12898055,106.73631585
JPO Tanpa Nama,-6.128293599999998,106.7371844
JPO Tanpa Nama,-6.1284746,106.73696309999998
JPO Tanpa Nama,-6.128537,106.7368639
JPO Tanpa Nama,-6.1280072,106.73756230000001
JPO Tanpa Nama,-6.1279589,106.73764005000001
JPO Tanpa Nama,-6.3658629,106.8593224
JPO Tanpa Nama,-6.3626132,106.85883634999999
JPO Tanpa Nama,-6.369119749999999,106.85988895
JPO Tanpa Nama,-6.342584911972103,106.70011241550604
JPO Tanpa Nama,-6.3431317499999995,106.6998735
JPO Tanpa Nama,-6.343160457874948,106.70033372505054
JPO Tanpa Nama,-6.3801859499999996,106.85441295
JPO Tanpa Nama,-6.379989650000001,106.85348605
JPO Tanpa Nama,-6.3795447,106.8506978
JPO Tanpa Nama,-6.22183595,106.97362025
JPO Tanpa Nama,-6.2178751032154125,106.93958632841773
JPO Tanpa Nama,-6.176740250000001,106.7796362
JPO Tanpa Nama,-6.17673725,106.77995185
JPO Tanpa Nama,-6.176738350000001,106.77979429999999
JPO Tanpa Nama,-6.1833876,106.7817244
Jalan Kenanga VI,-6.3747086,106.85857235
JPO Tanpa Nama,-6.256274299999999,106.9081384
JPO Tanpa Nama,-6.245601499999999,106.90276065
JPO Tanpa Nama,-6.24357545,106.8667035
JPO Tanpa Nama,-6.291133423847539,106.88616482012375
JPO Tanpa Nama,-6.3088374,106.93283135
JPO Tanpa Nama,-6.3093074,106.93297715
JPO Tanpa Nama,-6.3089882,106.93316505
JPO Tanpa Nama,-6.3046977,106.94280979999998
JPO Tanpa Nama,-6.304534049999999,106.9425286
JPO Tanpa Nama,-6.3044115000000005,106.94213475000001
JPO Tanpa Nama,-6.2409529500000005,106.9942367
JPO Tanpa Nama,-6.3781801,106.85805925
JPO Tanpa Nama,-6.281348100000001,106.95903365000001
JPO Tanpa Nama,-6.2813765,106.95954135
JPO Tanpa Nama,-6.38053035,106.85572755000003
JPO Tanpa Nama,-6.250566900000001,106.99154415000002
JPO Tanpa Nama,-6.2506974500000005,106.99187905
JPO Tanpa Nama,-6.250643150000001,106.99191740000002
JPO Tanpa Nama,-6.2506053,106.9917291
JPO Tanpa Nama,-6.25050225,106.99163309999999
JPO Tanpa Nama,-6.30975235,106.92817655
JPO Tanpa Nama,-6.2478117,106.99209865
JPO Tanpa Nama,-6.3796855,106.8668759
JPO Tanpa Nama,-6.217698756877622,106.93970926363923
JPO Tanpa Nama,-6.24298165,106.86317685
JPO Tanpa Nama,-6.2432564,106.86318299999999
Jalan Layang Sheikh Mohammed bin Zayed,-6.254512610400517,106.96427482323345
JPO Tanpa Nama,-6.255600727501269,106.96040535120368
JPO Tanpa Nama,-6.255184969297052,106.96217466683544
JPO Tanpa Nama,-6.3524145,106.84269985
JPO Tanpa Nama,-6.1804638999999995,106.76689905
JPO Tanpa Nama,-6.35362735,106.83232215
JPO Tanpa Nama,-6.322672848867166,106.73247677853551
JPO Tanpa Nama,-6.322840385953257,106.73231675145404
JPO Tanpa Nama,-6.32249690209655,106.73263281109665
JPO Tanpa Nama,-6.267217041591722,106.79716606723305
JPO Tanpa Nama,-6.266059950000001,106.7972354
JPO Tanpa Nama,-6.266263249999999,106.79747895
JPO Tanpa Nama,-6.267222015317773,106.79743872372994
JPO Tanpa Nama,-6.2667471,106.7974607
JPO Tanpa Nama,-6.26599315,106.79750014999999
JPO Tanpa Nama,-6.1675935795013945,106.76363549148033
JPO Tanpa Nama,-6.172140300000001,106.7653356
JPO Tanpa Nama,-6.212807681057744,106.77206988702693
JPO Tanpa Nama,-6.21391362616225,106.77274221603885
JPO Tanpa Nama,-6.25806315,106.86955415
JPO Tanpa Nama,-6.337253344408444,106.74699810818693
JPO Tanpa Nama,-6.33727045,106.74662529999999
JPO Tanpa Nama,-6.1924019999999995,106.8250489
JPO Tanpa Nama,-6.1923992,106.825219
JPO Tanpa Nama,-6.192407051758269,106.82512955730019
JPO Tanpa Nama,-6.143481599999999,106.7288744
JPO Tanpa Nama,-6.1079402,106.89322620000002
JPO Tanpa Nama,-6.2198737,106.84562944999999
JPO Tanpa Nama,-6.221008,106.8461824
Gang Waru,-6.21746115,106.84384614999999
Gang Waru,-6.217406199999999,106.8439274
JPO Tanpa Nama,-6.2189685,106.8453667
JPO Tanpa Nama,-6.1377980999999995,106.73581955
JPO Tanpa Nama,-6.34419855,106.8335478
JPO Tanpa Nama,-6.1283274500000005,106.8939812
JPO Tanpa Nama,-6.118595949999999,106.89343335000001
JPO Tanpa Nama,-6.118238099999999,106.8929584
Jalan Tol Akses Tanjung Priok,-6.1262564,106.8936844
JPO Tanpa Nama,-6.113773000000001,106.89310409999997
JPO Tanpa Nama,-6.126335350000001,106.89021215
JPO Tanpa Nama,-6.126325900000001,106.8902448
JPO Tanpa Nama,-6.258783300000001,106.77737624999999
JPO Tanpa Nama,-6.3235535,106.83496669999998
JPO Tanpa Nama,-6.323601599999999,106.83527205
Jalan Pengairan,-6.249327704776072,106.99653915858444
Jalur Kereta Api Duri–Tangerang,-6.160498800000001,106.7666375
Jalur Kereta Api Duri–Tangerang,-6.160534899999999,106.76663405
JPO Tanpa Nama,-6.24588015,106.99249900000001
JPO Tanpa Nama,-6.131881039593552,106.80431854065331
JPO Tanpa Nama,-6.131395850417954,106.82511767571016
JPO Tanpa Nama,-6.131196952940293,106.82635871029282
Gang Haji Harun,-6.326173450000001,106.83343385
JPO Tanpa Nama,-6.3025362000000005,106.8396736
JPO Tanpa Nama,-6.30271065,106.83963905
Jalan Tol Profesor Doktor Sedyatmo,-6.1307317,106.78253655
JPO Tanpa Nama,-6.2206545,106.83232914999999
JPO Tanpa Nama,-6.3091802999999995,106.75578805
JPO Tanpa Nama,-6.3092501500000004,106.7558113
JPO Tanpa Nama,-6.3091725499999995,106.7559904
JPO Tanpa Nama,-6.233393799999999,106.83141864999999
JPO Tanpa Nama,-6.232699848393815,106.83019994813552
JPO Tanpa Nama,-6.1483532,106.67438450000002
JPO Tanpa Nama,-6.13843885,106.72340514999999
JPO Tanpa Nama,-6.138488649999999,106.7233524
JPO Tanpa Nama,-6.13838715,106.72345984999998
Jalan Duta Permai,-6.3199302500000005,106.7497379
Riverside Rasuna Epicentrum,-6.2171502499999995,106.83565410000001
Riverside Rasuna Epicentrum,-6.21716045,106.83572335
JPO Tanpa Nama,-6.1851426499999995,106.83547499999999
JPO Tanpa Nama,-6.18479445,106.835251
JPO Tanpa Nama,-6.178827835832019,106.83045131198682
JPO Tanpa Nama,-6.1873767,106.83378125
JPO Tanpa Nama,-6.18692605,106.8354023
JPO Tanpa Nama,-6.2983229000000005,106.8403807
JPO Tanpa Nama,-6.29822085,106.8401286
JPO Tanpa Nama,-6.3032069,106.83997575000001
JPO Tanpa Nama,-6.3028118,106.84007819999998
JPO Tanpa Nama,-6.30278805,106.84005775
JPO Tanpa Nama,-6.145893905205392,106.70083863384313
Jalan Ciledug Raya,-6.23766305,106.7644818
Gang Haji Kisin,-6.37954835,106.80164719999999
Gang Haji Kisin,-6.379550699999999,106.80200945
JPO Tanpa Nama,-6.2433461999999995,106.66673180000002
JPO Tanpa Nama,-6.2379161,106.76819714999998
JPO Tanpa Nama,-6.217534000000001,106.81908250000001
JPO Tanpa Nama,-6.21760215,106.81911314999999
JPO Tanpa Nama,-6.1283687,106.89402190000001
JPO Tanpa Nama,-6.12523845,106.8933401
JPO Tanpa Nama,-6.1252201,106.8937797
JPO Tanpa Nama,-6.12186345,106.893624
JPO Tanpa Nama,-6.1224757,106.89322515
JPO Tanpa Nama,-6.238054401229877,106.7715214385043
JPO Tanpa Nama,-6.23829262177856,106.77800570681568
JPO Tanpa Nama,-6.289812250000001,106.6930691
JPO Tanpa Nama,-6.289476974685738,106.69325884055274
JPO Tanpa Nama,-6.28992205,106.69280230000001
JPO Tanpa Nama,-6.3058689999999995,106.68477684999999
JPO Tanpa Nama,-6.305888399999999,106.6847343
JPO Tanpa Nama,-6.3013814,106.68317625
JPO Tanpa Nama,-6.248647516268391,106.66679437470695
JPO Tanpa Nama,-6.2489488,106.66622939999998
JPO Tanpa Nama,-6.2199807497698885,106.8200760205616
JPO Tanpa Nama,-6.3908217,106.80466185
JPO Tanpa Nama,-6.20457355,106.70673095000002
JPO Tanpa Nama,-6.20473618816573,106.70668809266931
JPO Tanpa Nama,-6.204384748139876,106.7067651398854
Jalan Maulana Hasanudin,-6.16225455,106.6813428
Jalan Ciledug Raya,-6.2377894000000005,106.7644829
JPO Tanpa Nama,-6.2379686,106.7716274
JPO Tanpa Nama,-6.238116899999999,106.7715082
JPO Tanpa Nama,-6.2375957,106.7604345
JPO Tanpa Nama,-6.3232574,106.86464405000001
JPO Tanpa Nama,-6.18031515,106.65686585
JPO Tanpa Nama,-6.1803361500000005,106.65681964999997
JPO Tanpa Nama,-6.1779843,106.65476735000001
JPO Tanpa Nama,-6.177929799999999,106.6547973
JPO Tanpa Nama,-6.22886765,106.75234305000001
JPO Tanpa Nama,-6.2208386,106.6334595
JPO Tanpa Nama,-6.22080835,106.6335032
JPO Tanpa Nama,-6.208069350000001,106.830067
JPO Tanpa Nama,-6.21284595,106.81980404999999
Jalan Kebayoran Baru,-6.238818605530013,106.78209958034819
JPO Tanpa Nama,-6.293563354767753,106.82254854318884
JPO Tanpa Nama,-6.293454199765825,106.82239116077389
Jalan Haji Neron,-6.213585050000001,106.6800586
JPO Tanpa Nama,-6.385457349999999,106.8065881
JPO Tanpa Nama,-6.385544149999999,106.8064763
JPO Tanpa Nama,-6.385793200000001,106.80618204999999
JPO Tanpa Nama,-6.234552049652828,106.75510628249502
Jalan Kemiri Jaya,-6.3840775999999995,106.80758435
JPO Tanpa Nama,-6.384456050000001,106.80739295000001
JPO Tanpa Nama,-6.240631349999999,106.7581169
JPO Tanpa Nama,-6.38359875,106.8078417
JPO Tanpa Nama,-6.27632605,106.78966034999998
JPO Tanpa Nama,-6.377530249999999,106.80823394999997
JPO Tanpa Nama,-6.3768667,106.80809585
Jalan Makam,-6.37729255,106.8081934
Jalan Pertanian I,-6.3756116,106.80808955
JPO Tanpa Nama,-6.3743137,106.80844404999999
JPO Tanpa Nama,-6.3744874,106.808392
JPO Tanpa Nama,-6.25010685,106.6937849
JPO Tanpa Nama,-6.2501213,106.69373195
JPO Tanpa Nama,-6.2501316,106.69380695000001
JPO Tanpa Nama,-6.250092349999999,106.69371169999998
JPO Tanpa Nama,-6.3733011,106.80875565
JPO Tanpa Nama,-6.201319459287828,106.81366582786858
JPO Tanpa Nama,-6.2014782,106.80826475
JPO Tanpa Nama,-6.201258,106.81222890000001
JPO Tanpa Nama,-6.36839005,106.83211969999999
JPO Tanpa Nama,-6.307970227810453,106.87415215875993
JPO Tanpa Nama,-6.182414550000001,106.81012559999999
JPO Tanpa Nama,-6.3766919,106.8050445
JPO Tanpa Nama,-6.1795431,106.8127683
JPO Tanpa Nama,-6.1794405999999995,106.81317575
JPO Tanpa Nama,-6.19709,106.81434405
JPO Tanpa Nama,-6.194335150000001,106.81445695
JPO Tanpa Nama,-6.24157885,106.78270380000001
JPO Tanpa Nama,-6.18443915,106.8114555
JPO Tanpa Nama,-6.18432125,106.8107706
JPO Tanpa Nama,-6.1843378,106.8110353
JPO Tanpa Nama,-6.176978,106.80795445
JPO Tanpa Nama,-6.21285125,106.83028049999999
JPO Tanpa Nama,-6.2085992,106.8457656
JPO Tanpa Nama,-6.2084417,106.84582520000001
JPO Tanpa Nama,-6.1661420499999995,106.804434
JPO Tanpa Nama,-6.194690872192707,106.76888674343101
JPO Tanpa Nama,-6.2057709,106.76967345000001
JPO Tanpa Nama,-6.2768192,106.86876405000001
JPO Tanpa Nama,-6.22440185,106.7993113
JPO Tanpa Nama,-6.2238882,106.80577375
JPO Tanpa Nama,-6.224126807280228,106.80592790857175
JPO Tanpa Nama,-6.2184292,106.777806
JPO Tanpa Nama,-6.2621989,106.86636415000001
JPO Tanpa Nama,-6.2626898,106.86618825
JPO Tanpa Nama,-6.285673348431804,106.77521777077494
JPO Tanpa Nama,-6.284634564044876,106.77543245466515
JPO Tanpa Nama,-6.2579691,106.87011974999999
JPO Tanpa Nama,-6.258292850000001,106.86987644999999
JPO Tanpa Nama,-6.1697446,106.82124225
JPO Tanpa Nama,-6.292459477645008,106.78953511189933
JPO Tanpa Nama,-6.2919595000852935,106.78943725431247
JPO Tanpa Nama,-6.213090149999999,106.77244329999999
JPO Tanpa Nama,-6.289991799999999,106.78052625000001
JPO Tanpa Nama,-6.166246950220166,106.79767724205787
JPO Tanpa Nama,-6.16664205,106.7869912
JPO Tanpa Nama,-6.2214608,106.80980804999999
JPO Tanpa Nama,-6.265843800000001,106.86592289999999
JPO Tanpa Nama,-6.1653151,106.7836451
JPO Tanpa Nama,-6.16554285,106.78361875
JPO Tanpa Nama,-6.16686095,106.78708549999999
JPO Tanpa Nama,-6.1663486,106.79344375
JPO Tanpa Nama,-6.16246135,106.77315235000002
JPO Tanpa Nama,-6.162663200000001,106.77308020000002
JPO Tanpa Nama,-6.16362865,106.7755406
JPO Tanpa Nama,-6.208967310502647,106.79704671616884
JPO Tanpa Nama,-6.217510000000002,106.81939844999998
JPO Tanpa Nama,-6.204953,106.81641955
JPO Tanpa Nama,-6.2077384,106.82174695
JPO Tanpa Nama,-6.2169081,106.8151512
Gang Musholla Darrusallam,-6.305304615811474,106.80881672675548
JPO Tanpa Nama,-6.2747496,106.70871335
JPO Tanpa Nama,-6.302523453614743,106.83961365032803
JPO Tanpa Nama,-6.303187883679483,106.83943723735722
JPO Tanpa Nama,-6.30310975,106.83942784999999
JPO Tanpa Nama,-6.285580749999999,106.8260946
JPO Tanpa Nama,-6.292653449576763,106.8088274596794
JPO Tanpa Nama,-6.1757550499999985,106.62978995
JPO Tanpa Nama,-6.298253000000001,106.84063814999999
JPO Tanpa Nama,-6.1564749,106.70525325000001
JPO Tanpa Nama,-6.1585938,106.69983980000002
JPO Tanpa Nama,-6.15841925,106.69975344999999
JPO Tanpa Nama,-6.14105465,106.81218595
Jalan Pulau Bira,-6.1704848,106.74744119999998
JPO Tanpa Nama,-6.335925670694886,106.71156154828739
JPO Tanpa Nama,-6.3358441,106.71161475
JPO Tanpa Nama,-6.336159801737837,106.7117286395683
JPO Tanpa Nama,-6.336326334648833,106.71054543534069
JPO Tanpa Nama,-6.336598830288659,106.71068779853067
JPO Tanpa Nama,-6.2258052,106.8347532
JPO Tanpa Nama,-6.2360495,106.8275346
JPO Tanpa Nama,-6.2362586,106.8278531
JPO Tanpa Nama,-6.345737601462591,106.71411566010234
JPO Tanpa Nama,-6.3451498629801355,106.71488094316702
JPO Tanpa Nama,-6.344821437170263,106.71335790378185
JPO Tanpa Nama,-6.34494915,106.7131072
JPO Tanpa Nama,-6.1347597,106.6950983
JPO Tanpa Nama,-6.134794149999999,106.6948214
JPO Tanpa Nama,-6.0509862000000005,106.65822365
JPO Tanpa Nama,-6.0896381,106.67127355
JPO Tanpa Nama,-6.0544588,106.652343
JPO Tanpa Nama,-6.0597312,106.653684
Jalan Kawasan Marunda Center,-6.0887224,106.98234875
Jalan Kawasan Marunda Center,-6.08884515,106.9823524
JPO Tanpa Nama,-6.1402858,106.8823975
Jalan Ps. Bojong Lama Taruma,-6.1137214,107.01146360000001
JPO Tanpa Nama,-6.1812766,106.63692055000001
JPO Tanpa Nama,-6.174640999999999,106.64974485000002
JPO Tanpa Nama,-6.17469545,106.6497503
JPO Tanpa Nama,-6.175302399999999,106.65109340000001
JPO Tanpa Nama,-6.1753452499999995,106.65106225
JPO Tanpa Nama,-6.1669751999999995,106.64325984999998
JPO Tanpa Nama,-6.1668974,106.64324794999999
JPO Tanpa Nama,-6.1712127,106.6715255
JPO Tanpa Nama,-6.17115835,106.67151785
JPO Tanpa Nama,-6.1637189,106.66380514999999
JPO Tanpa Nama,-6.1898969,106.68656295
JPO Tanpa Nama,-6.1899263,106.6865422
JPO Tanpa Nama,-6.20771195,106.62824895
JPO Tanpa Nama,-6.2077105,106.6282004
Jalan Kramat VI,-6.237136368641119,106.69378184629917
Jalan Pesantren,-6.26308155,106.6649077
JPO Tanpa Nama,-6.28741915,106.67515595
Jalan Tol Ulujami–Serpong,-6.3112502500000005,106.68070255
Jalan Tol Ulujami–Serpong,-6.31100335,106.6809454
JPO Tanpa Nama,-6.1065018,106.73371455
JPO Tanpa Nama,-6.105303449999999,106.733749
JPO Tanpa Nama,-6.1396967,106.8593305
JPO Tanpa Nama,-6.1328975,106.82843740000001
JPO Tanpa Nama,-6.1158594,106.79051930000001
JPO Tanpa Nama,-6.11579955,106.7905192
JPO Tanpa Nama,-6.13825745,106.8664187
JPO Tanpa Nama,-6.1382472,106.86647885
JPO Tanpa Nama,-6.1385558,106.86575955
JPO Tanpa Nama,-6.1386395,106.8657785
Jalan Asemka,-6.1393261500000005,106.81141715000001
Jalan Mangga Dua Raya,-6.1346937502890295,106.83165245422805
JPO Tanpa Nama,-6.2213135,106.78304750000001
Jalan Audio,-6.2139966,106.78712485000001
JPO Tanpa Nama,-6.149115376020543,106.79219331458758
JPO Tanpa Nama,-6.1488225,106.79853260000002
JPO Tanpa Nama,-6.14872205,106.79851645000001
JPO Tanpa Nama,-6.158566,106.81086060000001
JPO Tanpa Nama,-6.1585734,106.81097255
JPO Tanpa Nama,-6.140704374419623,106.81295189289095
JPO Tanpa Nama,-6.140925429197847,106.8128634188254
JPO Tanpa Nama,-6.141136352924665,106.81306130439543
JPO Tanpa Nama,-6.14121175,106.81305735000001
JPO Tanpa Nama,-6.1406956752289785,106.81296989084518
JPO Tanpa Nama,-6.142610697068058,106.8116169322172
JPO Tanpa Nama,-6.142720387365064,106.81174717914473
JPO Tanpa Nama,-6.1437821037035745,106.81200937192129
JPO Tanpa Nama,-6.14379145,106.81205720000001
JPO Tanpa Nama,-6.145249014138788,106.81517230105587
JPO Tanpa Nama,-6.145623677492145,106.81546788459303
JPO Tanpa Nama,-6.3636491487108575,106.82893893841585
JPO Tanpa Nama,-6.3634450000000005,106.82894304999999
JPO Tanpa Nama,-6.36364265,106.82886690000001
JPO Tanpa Nama,-6.36344375,106.82886974999998
JPO Tanpa Nama,-6.363262799999999,106.82907660000001
JPO Tanpa Nama,-6.3632626,106.82899524999999
JPO Tanpa Nama,-6.3632617499999995,106.82880180000001
JPO Tanpa Nama,-6.363262350316954,106.82859700000124
JPO Tanpa Nama,-6.3968608,106.9769701
Jalan Kyai Haji Samanhudi,-6.1593829,106.83712545
Jalan Haji Bagindo Rajo Motik,-6.1490219999999995,106.85834994999999
Jalan Haji Bagindo Rajo Motik,-6.148952400000001,106.85822775
JPO Tanpa Nama,-6.15782,106.86744060000001
JPO Tanpa Nama,-6.1611705,106.87332704999999
JPO Tanpa Nama,-6.1612554,106.87327409999999
JPO Tanpa Nama,-6.16026575,106.8719754
JPO Tanpa Nama,-6.1604076,106.87189135
JPO Tanpa Nama,-6.15921275,106.86994419999999
JPO Tanpa Nama,-6.1592892,106.86990595
JPO Tanpa Nama,-6.1590567499999995,106.86947525
JPO Tanpa Nama,-6.158909700000001,106.86955739999999
JPO Tanpa Nama,-6.15852555,106.86870585
JPO Tanpa Nama,-6.1584556500000005,106.86874515
JPO Tanpa Nama,-6.1617459,106.8740962
JPO Tanpa Nama,-6.1616772,106.8741416
JPO Tanpa Nama,-6.159622349999999,106.87067135000001
JPO Tanpa Nama,-6.1595473,106.87071519999999
JPO Tanpa Nama,-6.17240915,106.8622412
JPO Tanpa Nama,-6.171201700000001,106.8654306
JPO Tanpa Nama,-6.19698965,106.8512575
JPO Tanpa Nama,-6.221932793052688,106.86807555015076
JPO Tanpa Nama,-6.2670151,106.79743690000001
JPO Tanpa Nama,-6.26243315,106.82992120000002
JPO Tanpa Nama,-6.27037855,106.82895730000001
Jalan Mimosa IX,-6.27097495,106.83221545
JPO Tanpa Nama,-6.26206925,106.85212369999999
JPO Tanpa Nama,-6.2620905,106.85216875
JPO Tanpa Nama,-6.36678565,106.82482565000001
JPO Tanpa Nama,-6.36664765,106.823349
JPO Tanpa Nama,-6.093302945216975,106.75046516880649
JPO Tanpa Nama,-6.09349925,106.7504148
JPO Tanpa Nama,-6.093426618161146,106.75088505191178
JPO Tanpa Nama,-6.093210824898864,106.75006980689993
JPO Tanpa Nama,-6.093425048615044,106.75088609274653
JPO Tanpa Nama,-6.09321655,106.75010225
JPO Tanpa Nama,-6.1437132000000005,106.81504845000002
JPO Tanpa Nama,-6.135803346638209,106.81518325662992
JPO Tanpa Nama,-6.137132091738654,106.81384586121943
JPO Tanpa Nama,-6.137309700797953,106.8135645091818
JPO Tanpa Nama,-6.138588644456631,106.8132796935963
JPO Tanpa Nama,-6.136653619567817,106.81224581616424
JPO Tanpa Nama,-6.136841981444695,106.8133617988685
JPO Tanpa Nama,-6.13586523691399,106.81545284147082
JPO Tanpa Nama,-6.166444200000001,106.8763793
JPO Tanpa Nama,-6.152529899999999,106.9078934
JPO Tanpa Nama,-6.147650099999999,106.9086727
JPO Tanpa Nama,-6.14770645,106.90863734999999
JPO Tanpa Nama,-6.1471665,106.90338575
JPO Tanpa Nama,-6.1472154,106.90335780000001
JPO Tanpa Nama,-6.145495749999999,106.90976455000002
JPO Tanpa Nama,-6.145493500000001,106.9096773
JPO Tanpa Nama,-6.192745,106.89128525
JPO Tanpa Nama,-6.214892,106.87789910000001
JPO Tanpa Nama,-6.192671448278748,106.87773673191235
Jalan Pulo Asem Timur,-6.187863650000001,106.89693935
JPO Tanpa Nama,-6.240481299586741,106.89480584959864
JPO Tanpa Nama,-6.240265607952395,106.89480312027442
Jalan Inspeksi Tarum Barat,-6.2448068,106.90129024999999
Talang Irigasi,-6.2350629,106.8919035
JPO Tanpa Nama,-6.2653157,106.9584834
JPO Tanpa Nama,-6.300644800000001,106.88341324999999
Gang Jatisari III,-6.3300759,106.8619558
Jalan Tol Depok–Antasari,-6.36068865,106.7890335
JPO Tanpa Nama,-6.382662950000001,106.80049025
JPO Tanpa Nama,-6.26885145,107.02435134999999
JPO Tanpa Nama,-6.142160036037319,106.8138607092291
JPO Tanpa Nama,-6.330030450000001,106.77735465
JPO Tanpa Nama,-6.376769782684097,106.74291089064518
JPO Tanpa Nama,-6.3426591000000005,106.73625745000001
JPO Tanpa Nama,-6.13302585,106.8060871
JPO Tanpa Nama,-6.1278841,106.8047469
JPO Tanpa Nama,-6.340463399999999,106.7136498
Gang Haji Lisan II,-6.3248374,106.74211205
JPO Tanpa Nama,-6.342738349999999,106.67674645
JPO Tanpa Nama,-6.3427203500000005,106.67632855
JPO Tanpa Nama,-6.342761622890777,106.67653604898149
JPO Tanpa Nama,-6.2850778,106.86640345
JPO Tanpa Nama,-6.27754285,106.86761905
JPO Tanpa Nama,-6.2716213,106.86512550000002
JPO Tanpa Nama,-6.269864899999999,106.86585665000001
LRT Jakarta Kalapa Gading - Velodrome Line,-6.158526331210308,106.91569580078502
JPO Tanpa Nama,-6.155383789926246,106.91408086238006
LRT Jakarta Kalapa Gading - Velodrome Line,-6.1565680978238175,106.91577838231701
JPO Tanpa Nama,-6.155533447128788,106.9156914338507
JPO Tanpa Nama,-6.155376049999999,106.91545174999999
JPO Tanpa Nama,-6.1574216965878,106.91552297547038
JPO Tanpa Nama,-6.340951722038692,106.7224598474344
JPO Tanpa Nama,-6.329748126519629,106.71455693583304
JPO Tanpa Nama,-6.349474202980652,106.7237970135683
JPO Tanpa Nama,-6.352323420341892,106.72323542980769
JPO Tanpa Nama,-6.352124539522224,106.7239316343099
JPO Tanpa Nama,-6.268864600000001,107.01563055
JPO Tanpa Nama,-6.128883154260302,106.6515710934312
Jalan Raya Bandara,-6.13440475,106.6348053
JPO Tanpa Nama,-6.1256882,106.6609925
JPO Tanpa Nama,-6.3427299,106.67654955
JPO Tanpa Nama,-6.3471093,106.67453505000002
JPO Tanpa Nama,-6.3156549,106.7185554
JPO Tanpa Nama,-6.315391549999999,106.7184842
JPO Tanpa Nama,-6.315919550000001,106.71863429999999
Jalan Bukit Indah,-6.3169490999999995,106.71858554999999
JPO Tanpa Nama,-6.32383095,106.72063895
JPO Tanpa Nama,-6.3240487000000005,106.7210641
JPO Tanpa Nama,-6.32429755,106.7217861
JPO Tanpa Nama,-6.324703049999999,106.72226979999999
Gang Haji Nurleman,-6.3284164,106.72266195
Jalan Haji Nurleman,-6.3296653,106.72207395
JPO Tanpa Nama,-6.3311343,106.7209948
JPO Tanpa Nama,-6.352176200000001,106.72391225
JPO Tanpa Nama,-6.325936121555918,106.70565452672163
JPO Tanpa Nama,-6.3263231,106.70612005000001
JPO Tanpa Nama,-6.334240976059496,106.68377910093157
JPO Tanpa Nama,-6.225920193403175,106.82713724690753
JPO Tanpa Nama,-6.225240915544711,106.8266830151022
JPO Tanpa Nama,-6.0896985,106.7527439
JPO Tanpa Nama,-6.251614050000001,106.63465525000001
JPO Tanpa Nama,-6.1354775494792895,106.81192564985372
JPO Tanpa Nama,-6.1355271,106.81174915
JPO Tanpa Nama,-6.34495765,106.67557135000001
JPO Tanpa Nama,-6.246957999999999,106.63621465
JPO Tanpa Nama,-6.27011635,106.74012545
JPO Tanpa Nama,-6.1151607887338555,106.67153712209934
JPO Tanpa Nama,-6.114780974599221,106.67138592536452
JPO Tanpa Nama,-6.114404910836753,106.67123473696374
JPO Tanpa Nama,-6.114025067633474,106.67108299326051
JPO Tanpa Nama,-6.113649413056691,106.67093411509471
JPO Tanpa Nama,-6.113276279539605,106.67078538704075
JPO Tanpa Nama,-6.115535194885419,106.67169379879329
JPO Tanpa Nama,-6.113147132660367,106.6704974001217
JPO Tanpa Nama,-6.113443780627556,106.67060927954117
JPO Tanpa Nama,-6.1138215042081,106.67076067006204
JPO Tanpa Nama,-6.114203170007823,106.67091285830057
JPO Tanpa Nama,-6.2701955,106.74002395
JPO Tanpa Nama,-6.117630600000001,106.66577265
JPO Tanpa Nama,-6.117812006212944,106.6658305631452
JPO Tanpa Nama,-6.117327800000001,106.6665215
JPO Tanpa Nama,-6.117516713170854,106.66658033821867
JPO Tanpa Nama,-6.11704165,106.6672485
JPO Tanpa Nama,-6.117229046334501,106.66731149417062
JPO Tanpa Nama,-6.1167492,106.6679802
JPO Tanpa Nama,-6.116936693423167,106.6680447895634
JPO Tanpa Nama,-6.1164531,106.66874064999999
JPO Tanpa Nama,-6.116635570315676,106.66880292760071
JPO Tanpa Nama,-6.1161271,106.66949285000001
JPO Tanpa Nama,-6.116331390429332,106.66956174337533
JPO Tanpa Nama,-6.115868949999999,106.6701592
JPO Tanpa Nama,-6.116064174608251,106.67022866203325
JPO Tanpa Nama,-6.11940366528948,106.65833656782438
JPO Tanpa Nama,-6.1192088,106.65864594999998
JPO Tanpa Nama,-6.11870355,106.65844595000002
JPO Tanpa Nama,-6.118827400000001,106.65813275
JPO Tanpa Nama,-6.11854855,106.65883905
JPO Tanpa Nama,-6.119331849999999,106.6583329
JPO Tanpa Nama,-6.119053750000001,106.65903954999999
JPO Tanpa Nama,-6.1172449,106.6573631
JPO Tanpa Nama,-6.117213195382241,106.65744154831327
JPO Tanpa Nama,-6.11785615,106.65760965
JPO Tanpa Nama,-6.117827014924332,106.65768485536671
JPO Tanpa Nama,-6.11853015,106.6578732
JPO Tanpa Nama,-6.118499255615054,106.6579520020896
JPO Tanpa Nama,-6.119202550000001,106.65814295
JPO Tanpa Nama,-6.1191734265109625,106.65821927599154
JPO Tanpa Nama,-6.11989945,106.65841695
JPO Tanpa Nama,-6.119867316553622,106.65849640626573
JPO Tanpa Nama,-6.1204957,106.65865325
JPO Tanpa Nama,-6.120464266438134,106.65873350616498
JPO Tanpa Nama,-6.1211006999999995,106.65889385
JPO Tanpa Nama,-6.121069039823574,106.65897474630245
JPO Tanpa Nama,-6.1216183,106.65908945
JPO Tanpa Nama,-6.121583356422764,106.65917841392317
JPO Tanpa Nama,-6.120161400000001,106.659109
JPO Tanpa Nama,-6.11786055,106.6581939
JPO Tanpa Nama,-6.118242892879365,106.65917884412836
JPO Tanpa Nama,-6.118354724208316,106.65899802613806
JPO Tanpa Nama,-6.118580253503326,106.65931325026074
JPO Tanpa Nama,-6.118904067221373,106.659446434263
JPO Tanpa Nama,-6.1192447215587285,106.65958261713132
JPO Tanpa Nama,-6.118692492139556,106.65913029542504
JPO Tanpa Nama,-6.119032644555047,106.6592660287649
JPO Tanpa Nama,-6.119369452213925,106.65939874854205
Jalan Margahayu Jaya,-6.2486613,107.02173775
JPO Tanpa Nama,-6.117783963794265,106.66508182861237
JPO Tanpa Nama,-6.118075543340069,106.66517504449486
JPO Tanpa Nama,-6.1181705,106.6643566
JPO Tanpa Nama,-6.118379467392978,106.66442076906453
JPO Tanpa Nama,-6.1184613500000005,106.6636143
JPO Tanpa Nama,-6.118675152624436,106.66366683012512
JPO Tanpa Nama,-6.118819750000001,106.6627783
JPO Tanpa Nama,-6.11900872222983,106.66283661295877
JPO Tanpa Nama,-6.1191213499999995,106.6620178
JPO Tanpa Nama,-6.119309746821493,106.66208690130415
JPO Tanpa Nama,-6.11945185,106.66117675000002
JPO Tanpa Nama,-6.1196273490655,106.66123984846996
JPO Tanpa Nama,-6.12003525,106.66507175
JPO Tanpa Nama,-6.1235293487800595,106.65197812576555
JPO Tanpa Nama,-6.1226064000000004,106.65280215
JPO Tanpa Nama,-6.340037092982526,106.71428042131677
JPO Tanpa Nama,-6.3411648,106.714392
JPO Tanpa Nama,-6.331846083573134,106.62450525137255
JPO Tanpa Nama,-6.123275413885652,106.65303822557723
JPO Tanpa Nama,-6.12282235,106.65289275
JPO Tanpa Nama,-6.123119568730242,106.65301770754901
JPO Tanpa Nama,-6.123078647160708,106.65312024893085
JPO Tanpa Nama,-6.123162278540019,106.65291176152134
JPO Tanpa Nama,-6.123096542247916,106.65325013096515
JPO Tanpa Nama,-6.123264927417228,106.65283107369476
JPO Tanpa Nama,-6.123161304572762,106.652910238886
JPO Tanpa Nama,-6.123077105965447,106.6531194849654
JPO Tanpa Nama,-6.123151760410428,106.65237493284769
JPO Tanpa Nama,-6.122795646287028,106.65345488584914
JPO Tanpa Nama,-6.123346502770184,106.65304324333952
JPO Tanpa Nama,-6.3436997999999996,106.8216135
JPO Tanpa Nama,-6.127036875151352,106.65288504058536
JPO Tanpa Nama,-6.127245853895641,106.6529673515322
JPO Tanpa Nama,-6.1270456499999995,106.65288839999998
JPO Tanpa Nama,-6.127140256948126,106.6529257824547
JPO Tanpa Nama,-6.127235949999999,106.65296359999999
JPO Tanpa Nama,-6.127308710543477,106.65249775415434
JPO Tanpa Nama,-6.12741179748507,106.6528006917906
JPO Tanpa Nama,-6.12750273279894,106.65195842802761
JPO Tanpa Nama,-6.12754475,106.65184909999999
JPO Tanpa Nama,-6.2500111,106.78848915
Kalayang Bandar Udara,-6.1300463,106.6562949
Kalayang Bandar Udara,-6.1301744,106.65634795
Kalayang Bandar Udara,-6.120431528066388,106.66371381447036
Kalayang Bandar Udara,-6.120408024934813,106.66409008141044
Kalayang Bandar Udara,-6.1304887899325315,106.65464116189929
Kalayang Bandar Udara,-6.130169940643017,106.65446657569666
Kalayang Bandar Udara,-6.1294179,106.65375850000001
JPO Tanpa Nama,-6.369374799999999,106.83817980000002
Kalayang Bandar Udara,-6.128447754270059,106.65345841142565
Kalayang Bandar Udara,-6.128238594785737,106.65328762552481
Kalayang Bandar Udara,-6.124823153610285,106.65218115493957
Kalayang Bandar Udara,-6.124885234302378,106.65225325192593
JPO Tanpa Nama,-6.34684690439262,106.6752184989484
JPO Tanpa Nama,-6.346990399999999,106.67453875000001
JPO Tanpa Nama,-6.346834115654487,106.67472817569046
JPO Tanpa Nama,-6.346833712280297,106.67484878066304
JPO Tanpa Nama,-6.346550973700433,106.67494881934924
JPO Tanpa Nama,-6.34652865,106.67506664999999
JPO Tanpa Nama,-6.346534062004285,106.67515144043837
JPO Tanpa Nama,-6.346542938269436,106.6752767879608
JPO Tanpa Nama,-6.132508361374948,106.93743194017739
Gang Haji Saiman,-6.246857856783692,106.78304888138233
JPO Tanpa Nama,-6.365763400000001,106.89494345
JPO Tanpa Nama,-6.334867840890191,106.70312456999324
JPO Tanpa Nama,-6.335359604938611,106.70259351318036
JPO Tanpa Nama,-6.335983314478674,106.70377150477424
JPO Tanpa Nama,-6.3377593,106.70350450000001
JPO Tanpa Nama,-6.3706173,106.83345265
Jalur KA Manggarai-Jatinegara,-6.211076289553489,106.85064250478032
Jalur KA Manggarai-Jatinegara,-6.211290114326323,106.85075690259094
JPO Tanpa Nama,-6.20801755,106.84820495
JPO Tanpa Nama,-6.207993500000001,106.84814180000001
Jalur Kereta Api Jakarta Kota–Cikampek,-6.23847705,107.00233385
Jalur Kereta Api Jakarta Kota–Cikampek,-6.238507186109191,107.00231491299229
Jalur Kereta Api Jakarta Kota–Bogor,-6.21230405,106.8511554
Jalur Kereta Api Jakarta Kota–Bogor,-6.2122876,106.8511855
Jalur Kereta Api Jakarta Kota–Bogor,-6.210178059416745,106.84953904641982
Jalur Kereta Api Jakarta Kota–Bogor,-6.210158091006284,106.84957407326479
Jalur Kereta Api Tanah Abang–Manggarai,-6.20800225,106.84822155000002
JPO Tanpa Nama,-6.20786905,106.8481271
JPO Tanpa Nama,-6.2080063,106.8482148
JPO Tanpa Nama,-6.3422505000000005,106.74241515000001
JPO Tanpa Nama,-6.3424822,106.7429531
JPO Tanpa Nama,-6.3423834,106.74215125
Jalan Angsana 1,-6.351376200000001,106.7474823
JPO Tanpa Nama,-6.31436905,106.7088051
JPO Tanpa Nama,-6.3125455000000015,106.70998509999998
JPO Tanpa Nama,-6.31101185,106.71023025
Grand Serpong,-6.315861050000001,106.70886785
Private road,-6.3788719500000015,106.828386
jalur pejalan kaki,-6.161641078558155,106.71950923898858
JPO Tanpa Nama,-6.18257975,106.81641189999998
JPO Tanpa Nama,-6.182468200000001,106.81647865
JPO Tanpa Nama,-6.3679447,106.98582085000001
Jalan Tol Serpong–Balaraja,-6.321346500000001,106.60584395000001
Jalan Tol Serpong–Balaraja,-6.32147395,106.60595459999999
Jalan Tol Serpong–Balaraja,-6.3178888,106.6265468
Jalan Tol Serpong–Balaraja,-6.31904005,106.62103335
Jalan Tol Serpong–Balaraja,-6.3191857,106.6210674
Jalan Tol Serpong–Balaraja,-6.318035249999999,106.62657730000001
JPO Tanpa Nama,-6.238740771631369,106.78313440456647
JPO Tanpa Nama,-6.238775499999999,106.7831009
JPO Tanpa Nama,-6.346078690751055,106.67553299506304
Jalan Pelepah Indah 1 Blok LB,-6.1571354,106.90671954999999
JPO Tanpa Nama,-6.320067399999999,106.6118333
JPO Tanpa Nama,-6.3060331212970535,106.63644738174848
Simpang Susun Narogong,-6.377679917120194,106.97403260314898
Simpang Susun Narogong,-6.3773789999999995,106.97523229999999
Jalan Tol Cimanggis–Cibitung,-6.385137,106.94146595000001
Jalan Tol Cimanggis–Cibitung,-6.3849857,106.94151790000001
Jalan Raya Ciangsana,-6.38515655,106.939972
JPO Tanpa Nama,-6.361337208591941,106.78045175668319
JPO Tanpa Nama,-6.36159245,106.78051295
Jalan Pelita,-6.36186235,106.77721185
Jalan Meruyung Raya,-6.3619756,106.7759661
Jalan Meruyung Raya,-6.36198035,106.77584940000001
JPO Tanpa Nama,-6.2047504971218945,106.73519850505788
Jalan Ekadharma,-6.3009526000000005,106.80617855
JPO Tanpa Nama,-6.09313275,106.75050060000001
JPO Tanpa Nama,-6.134775334384551,106.63435593838851
JPO Tanpa Nama,-6.36060305,106.78916955
JPO Tanpa Nama,-6.285832674364555,106.80140843395822
JPO Tanpa Nama,-6.1806051,106.72916254999998
JPO Tanpa Nama,-6.201454200000001,106.7363243
JPO Tanpa Nama,-6.156943834726008,106.73526446120607
JPO Tanpa Nama,-6.156227814630776,106.73523084570765
JPO Tanpa Nama,-6.156376596687634,106.73524709184419
JPO Tanpa Nama,-6.157216638915884,106.73517979670896
JPO Tanpa Nama,-6.384280799999999,106.80883114999999
Jalan Kemiri Jaya,-6.385720049999999,106.80912785000001
JPO Tanpa Nama,-6.38611695,106.80907665
JPO Tanpa Nama,-6.392177500000001,106.80965255000001
Akses pintu utara Stasiun Bojong Indah,-6.16047310876095,106.73457372917659
JPO Tanpa Nama,-6.157152039454787,106.73519928084771
JPO Tanpa Nama,-6.157242541467702,106.73516946147747
JPO Tanpa Nama,-6.156642174082742,106.73527482915618
JPO Tanpa Nama,-6.156726624744528,106.73531173817621
JPO Tanpa Nama,-6.160096413870333,106.73628274669001
JPO Tanpa Nama,-6.1602453184929225,106.73618650753846
JPO Tanpa Nama,-6.1604826,106.7351494
JPO Tanpa Nama,-6.1604072500000004,106.7352564
JPO Tanpa Nama,-6.15981451124794,106.73730000395797
JPO Tanpa Nama,-6.386071899999999,106.86731474999999
JPO Tanpa Nama,-6.2812591,106.91480225000001
JPO Tanpa Nama,-6.215293450000001,106.94547705
JPO Tanpa Nama,-6.1586155705757,106.75685298074127
JPO Tanpa Nama,-6.158621650000001,106.7568519
JPO Tanpa Nama,-6.218784100000001,106.8873352
JPO Tanpa Nama,-6.220704349999999,106.8865311
JPO Tanpa Nama,-6.221732299999999,106.8860969
JPO Tanpa Nama,-6.221998749999999,106.88598035000003
JPO Tanpa Nama,-6.22344455,106.88538009999999
JPO Tanpa Nama,-6.224140949999999,106.88508060000001
JPO Tanpa Nama,-6.224870649999999,106.88477085
JPO Tanpa Nama,-6.17459015,106.70024665
Jalan Janur Hijau X,-6.1660216000000005,106.89882015
JPO Tanpa Nama,-6.14621715,106.91253885
JPO Tanpa Nama,-6.362802683910461,106.8300785638097
Jalan Semanan Pintu Air,-6.1750128,106.70296079999999
Kapuk Kamal Raya Gang Waras,-6.129875450000001,106.74280049999999
Gang Pelita III,-6.1318292,106.74556205
JPO Tanpa Nama,-6.3040132,106.67604734999999
Jalan Ganesha,-6.3500944,106.7252663
Gang RF,-6.251989699999999,106.78862795
Gang RF,-6.25131775,106.78880365000002
Gang IV,-6.2521033,106.7935875
JPO Tanpa Nama,-6.254341050000001,106.7929559
JPO Tanpa Nama,-6.254849699999999,106.79278675
JPO Tanpa Nama,-6.2546862999999995,106.79284945
JPO Tanpa Nama,-6.243648739943995,106.79265666323697
JPO Tanpa Nama,-6.2419619,106.82152645
JPO Tanpa Nama,-6.0834349,106.74684495
JPO Tanpa Nama,-6.14733955,106.74247729999999
JPO Tanpa Nama,-6.07671755,106.6092451
JPO Tanpa Nama,-6.17383625,106.6353742
JPO Tanpa Nama,-6.286310949691535,106.89627212630486
JPO Tanpa Nama,-6.3627061000000005,106.82928895
JPO Tanpa Nama,-6.36262455,106.8292927
JPO Tanpa Nama,-6.3625031,106.82916420000001
JPO Tanpa Nama,-6.362391897138747,106.82916357796768
JPO Tanpa Nama,-6.362225853450902,106.82916315755243
JPO Tanpa Nama,-6.36213230973317,106.82928772802728
JPO Tanpa Nama,-6.362328,106.8291995
JPO Tanpa Nama,-6.1774550999999995,106.78986625
JPO Tanpa Nama,-6.3122778,106.62502895
Jalan Tol Serpong–Balaraja,-6.3149018,106.6338667
Jalan Tol Serpong–Balaraja,-6.3147816500000005,106.63377715
JPO Tanpa Nama,-6.36835175,106.83332154999998
JPO Tanpa Nama,-6.368342999999999,106.8335502
JPO Tanpa Nama,-6.17760335,106.78973300000001
JPO Tanpa Nama,-6.176717549999999,106.79052915
JPO Tanpa Nama,-6.1768037499999995,106.79045165
JPO Tanpa Nama,-6.266338405430757,106.61797894283077
JPO Tanpa Nama,-6.266535608971423,106.61749049786712
JPO Tanpa Nama,-6.266831044394673,106.61835855133623
JPO Tanpa Nama,-6.270972850310207,106.63460998135533
JPO Tanpa Nama,-6.36895195,106.8322105
JPO Tanpa Nama,-6.26098515,106.80116774999999
JPO Tanpa Nama,-6.362007811282001,106.82935150252744
JPO Tanpa Nama,-6.361918500000001,106.8293384
JPO Tanpa Nama,-6.361928799999999,106.82980805
JPO Tanpa Nama,-6.362716922520799,106.82915455068586
JPO Tanpa Nama,-6.362715314792875,106.82946249999591
JPO Tanpa Nama,-6.3625387,106.8296953
JPO Tanpa Nama,-6.36226075844979,106.82968871748936
JPO Tanpa Nama,-6.183965499999999,107.02264690000001
JPO Tanpa Nama,-6.3627538999999995,106.82928815
Jalan East Asia Boulevard,-6.19704535,106.6991099
JPO Tanpa Nama,-6.183628180619655,106.8116104844662
JPO Tanpa Nama,-6.1837479328484815,106.81152415766233
JPO Tanpa Nama,-6.1832856,106.81158465
JPO Tanpa Nama,-6.183294268908317,106.8117309018176
JPO Tanpa Nama,-6.1826405,106.8118573
JPO Tanpa Nama,-6.183149243134106,106.81159043627768
JPO Tanpa Nama,-6.1839548670921705,106.81156988256552
JPO Tanpa Nama,-6.192794080234817,106.61059378338076
JPO Tanpa Nama,-6.3777115,106.6573531
JPO Tanpa Nama,-6.3790648,106.65627295
JPO Tanpa Nama,-6.274072800000001,106.61945635000002
JPO Tanpa Nama,-6.15842915,106.7606527
JPO Tanpa Nama,-6.275286820215772,106.60944545162988
JPO Tanpa Nama,-6.272968041011511,106.61198352343506
JPO Tanpa Nama,-6.23274835,106.8444891
JPO Tanpa Nama,-6.354113477965636,106.88640346596438
JPO Tanpa Nama,-6.2678607500000005,106.8319264
JPO Tanpa Nama,-6.38611995,106.94503375
JPO Tanpa Nama,-6.259631650000001,106.90963845
JPO Tanpa Nama,-6.152908668163379,106.8212158395396
JPO Tanpa Nama,-6.2252829,106.69786734999998
Gang Mushola Ar Rohman,-6.279597900000001,106.87013270000001
JPO Tanpa Nama,-6.1344200158827205,106.9369221612673
JPO Tanpa Nama,-6.367814362557716,106.82643445674387
Jalan tikus masjid al husna 1,-6.234631673039765,106.89212868697486
Jalan Kecil al husna anwar1,-6.235397,106.8924339
gang kecil,-6.203852176423818,107.01493484459485
gang Kecil,-6.20423515,107.0145091
JPO Tanpa Nama,-6.10990025,106.8961066
Gang Kecil Kemandoran,-6.209068751564767,106.78565744652188
Jalan Setapak,-6.21906544373053,106.8391458512937
JPO Tanpa Nama,-6.2047168,107.0254704
JPO Tanpa Nama,-6.20472145,107.02530490000001
JPO Tanpa Nama,-6.2046895,107.0251815
Gang Ismail III,-6.258672521120989,106.77651224057772
JPO Tanpa Nama,-6.1238930499999995,106.86892175
JPO Tanpa Nama,-6.125346764796302,106.87655990983268
JPO Tanpa Nama,-6.216579196683715,106.8355890871071
Jalan Masjid Ar Rahman,-6.3969055386542495,106.9594454447605
Gang Kecil Menuju Ke Gang Swadaya,-6.398500761992261,106.96173190596745
JPO Tanpa Nama,-6.2555641,106.62307580000001
JPO Tanpa Nama,-6.148056150009213,106.87526005012569
JPO Tanpa Nama,-6.1474287499999996,107.02578030000001
Jalan Danau Permai Raya,-6.150344049999999,106.87956985000001
JPO Tanpa Nama,-6.17585955,106.82716405
JPO Tanpa Nama,-6.17541095,106.82763299999999
JPO Tanpa Nama,-6.175371332162359,106.82667637644205
JPO Tanpa Nama,-6.174942850000001,106.827186
JPO Tanpa Nama,-6.175406441338234,106.8273921002312
JPO Tanpa Nama,-6.175628200000001,106.82716715000001
JPO Tanpa Nama,-6.17540324962898,106.8271677769687
JPO Tanpa Nama,-6.1751813,106.8271768
JPO Tanpa Nama,-6.16704835,106.73046105
JPO Tanpa Nama,-6.1666665,106.73027105
JPO Tanpa Nama,-6.1670976,106.73021035
JPO Tanpa Nama,-6.134355763998459,106.93682719040396
JPO Tanpa Nama,-6.174607618413458,106.8274452731945
JPO Tanpa Nama,-6.174072952320279,106.8274872133591
JPO Tanpa Nama,-6.174586283841504,106.82686430735902
JPO Tanpa Nama,-6.174621241403585,106.82692701861356
JPO Tanpa Nama,-6.174849842751818,106.82696563391687
JPO Tanpa Nama,-6.175670736631113,106.82797979121011
JPO Tanpa Nama,-6.175089223653721,106.82798335661259
JPO Tanpa Nama,-6.175194828189222,106.82772019243048
JPO Tanpa Nama,-6.175630119481685,106.82771255664956
JPO Tanpa Nama,-6.1754142973851005,106.82772581195091
JPO Tanpa Nama,-6.174907222251044,106.82669276434079
JPO Tanpa Nama,-6.174849344917514,106.82724025008481
JPO Tanpa Nama,-6.1744585999999995,106.82692195
JPO Tanpa Nama,-6.17446835,106.8274917
JPO Tanpa Nama,-6.175131534074886,106.82852175098076
JPO Tanpa Nama,-6.175722096050494,106.82851445006702
JPO Tanpa Nama,-6.175134236180573,106.82634776003657
JPO Tanpa Nama,-6.175089468338586,106.8258330555973
JPO Tanpa Nama,-6.175178119634636,106.82662796916485
JPO Tanpa Nama,-6.17571258229961,106.82633904879025
JPO Tanpa Nama,-6.17545675,106.8266225
JPO Tanpa Nama,-6.1762026950820665,106.8268894430337
JPO Tanpa Nama,-6.176211774884608,106.82741292542602
JPO Tanpa Nama,-6.1759383956812535,106.82694315630309
JPO Tanpa Nama,-6.17595272819305,106.82737711483236
JPO Tanpa Nama,-6.17588754513235,106.82667055264581
JPO Tanpa Nama,-6.1759468,106.8271033
JPO Tanpa Nama,-6.17674241382993,106.82684964901384
JPO Tanpa Nama,-6.176758400042522,106.82742905151346
JPO Tanpa Nama,-6.175671122715129,106.82582770052213
JPO Tanpa Nama,-6.179777525812265,106.8235608105777
JPO Tanpa Nama,-6.178667238490539,106.83042943861888
JPO Tanpa Nama,-6.176363827074954,106.82889653660895
Jalan Raya Cisauk,-6.325390878928359,106.63996100538408
JPO Tanpa Nama,-6.36418875,106.79246810000001
JPO Tanpa Nama,-6.175397691629185,106.82694160023424
JPO Tanpa Nama,-6.2881342,106.7296099
JPO Tanpa Nama,-6.178595950122366,106.83058997765094
JPO Tanpa Nama,-6.1784972,106.83059030000001
JPO Tanpa Nama,-6.177937633061648,106.82429319215912
JPO Tanpa Nama,-6.177307802387767,106.82739434864486
JPO Tanpa Nama,-6.177288473074955,106.82689654220576
JPO Tanpa Nama,-6.177564846223265,106.8258080985641
JPO Tanpa Nama,-6.177513815955909,106.82862407693966
JPO Tanpa Nama,-6.17741247485912,106.8286013575401
JPO Tanpa Nama,-6.177461480782456,106.82581869389445
JPO Tanpa Nama,-6.178283974406091,106.82768995088871
JPO Tanpa Nama,-6.177716913273739,106.82761459983207
JPO Tanpa Nama,-6.1779874,106.82765205
JPO Tanpa Nama,-6.17828365,106.82764529999999
JPO Tanpa Nama,-6.178569400000001,106.82764115000002
JPO Tanpa Nama,-6.178238656895357,106.82674099131341
JPO Tanpa Nama,-6.177694077985524,106.82666489938907
JPO Tanpa Nama,-6.178257980161845,106.82655959076067
JPO Tanpa Nama,-6.178260050221392,106.82665160711957
JPO Tanpa Nama,-6.17796305,106.826615
JPO Tanpa Nama,-6.177965299999999,106.82670415
JPO Tanpa Nama,-6.17825925,106.8266059
JPO Tanpa Nama,-6.178262350000001,106.82669595
JPO Tanpa Nama,-6.178825925593284,106.82663405056638
JPO Tanpa Nama,-6.1785449,106.8265967
JPO Tanpa Nama,-6.1785479,106.8266881
JPO Tanpa Nama,-6.178906536018698,106.82711122587207
JPO Tanpa Nama,-6.179505879330174,106.82709901455762
JPO Tanpa Nama,-6.17894225,106.82711105
JPO Tanpa Nama,-6.18010245,106.82692915000001
JPO Tanpa Nama,-6.178948500000001,106.82659465
JPO Tanpa Nama,-6.178950050000001,106.82667565
JPO Tanpa Nama,-6.179491403197243,106.82670975699499
JPO Tanpa Nama,-6.179483949988015,106.82654409957601
JPO Tanpa Nama,-6.179780120099596,106.82663720521967
JPO Tanpa Nama,-6.1795041241379804,106.82664314778478
JPO Tanpa Nama,-6.1792318707978655,106.82664894682591
JPO Tanpa Nama,-6.17892505,106.82663165
JPO Tanpa Nama,-6.18003255,106.82671644999999
JPO Tanpa Nama,-6.178959599999999,106.82754775000001
JPO Tanpa Nama,-6.178961299999999,106.82762875
JPO Tanpa Nama,-6.17883919091409,106.82888731589877
JPO Tanpa Nama,-6.179503943751483,106.82765862048021
JPO Tanpa Nama,-6.179501660247018,106.82749248361628
JPO Tanpa Nama,-6.179242333860311,106.82756095239749
JPO Tanpa Nama,-6.179514544646965,106.82755679901992
JPO Tanpa Nama,-6.179790572597955,106.82755255141693
JPO Tanpa Nama,-6.1800446,106.82746320000001
JPO Tanpa Nama,-6.177083009389842,106.82781231709878
JPO Tanpa Nama,-6.177148795201983,106.82631092433631
JPO Tanpa Nama,-6.173125165617162,106.82885027309099
JPO Tanpa Nama,-6.179179990596702,106.82519440737312
JPO Tanpa Nama,-6.1792836,106.82555219999999
JPO Tanpa Nama,-6.17928235,106.8256007
JPO Tanpa Nama,-6.177681408699757,106.82615814977413
JPO Tanpa Nama,-6.179134250000001,106.8247815
JPO Tanpa Nama,-6.17922255,106.82471859999998
JPO Tanpa Nama,-6.175627515860066,106.82528941380497
JPO Tanpa Nama,-6.1753415,106.8250377
JPO Tanpa Nama,-6.175691232745895,106.82527182434389
JPO Tanpa Nama,-6.175406712878255,106.82493216498695
JPO Tanpa Nama,-6.174093587564652,106.82538867615715
JPO Tanpa Nama,-6.176391506798165,106.82551998189278
JPO Tanpa Nama,-6.17566535,106.82553075000001
JPO Tanpa Nama,-6.17566174213062,106.82497940571902
JPO Tanpa Nama,-6.175346200076379,106.82466715349507
JPO Tanpa Nama,-6.175348400537549,106.82484428033627
JPO Tanpa Nama,-6.175167635856532,106.82480195021179
JPO Tanpa Nama,-6.175358415427084,106.82479975087924
JPO Tanpa Nama,-6.175537381493939,106.82479760035956
JPO Tanpa Nama,-6.175336250073356,106.82387830497903
JPO Tanpa Nama,-6.17516395,106.82379950000002
JPO Tanpa Nama,-6.1753472,106.8238154
JPO Tanpa Nama,-6.1755239,106.82382154999999
JPO Tanpa Nama,-6.17190355,106.82698445
JPO Tanpa Nama,-6.17191525,106.8275388
JPO Tanpa Nama,-6.1726954998634,106.82748678777499
JPO Tanpa Nama,-6.173562632763859,106.82828695354499
JPO Tanpa Nama,-6.17377885,106.8269028
JPO Tanpa Nama,-6.173778008422129,106.82720880802869
JPO Tanpa Nama,-6.17219145,106.82695465
JPO Tanpa Nama,-6.17220245,106.8275597
JPO Tanpa Nama,-6.173185679740655,106.8281690096555
JPO Tanpa Nama,-6.17352865,106.8274703
JPO Tanpa Nama,-6.17328704061189,106.82814069701638
JPO Tanpa Nama,-6.173530100000001,106.82755660000001
JPO Tanpa Nama,-6.173273298513366,106.82751780003404
JPO Tanpa Nama,-6.173162472065657,106.82752949965119
JPO Tanpa Nama,-6.173217899950453,106.82752289540593
JPO Tanpa Nama,-6.172685899646846,106.82700707655466
JPO Tanpa Nama,-6.173270199999999,106.82723675
JPO Tanpa Nama,-6.17352395,106.82699605
JPO Tanpa Nama,-6.17315525,106.82724135000001
JPO Tanpa Nama,-6.173147415106925,106.82694774960262
JPO Tanpa Nama,-6.173522850907846,106.82688573952281
JPO Tanpa Nama,-6.173267559433035,106.82694505037091
JPO Tanpa Nama,-6.17320745,106.8269448
JPO Tanpa Nama,-6.172670199999999,106.8269583
JPO Tanpa Nama,-6.172664449999999,106.82753455
JPO Tanpa Nama,-6.173576664443289,106.82579445673213
JPO Tanpa Nama,-6.173788084897264,106.82774755012089
JPO Tanpa Nama,-6.173812294259547,106.82736382816195
JPO Tanpa Nama,-6.17333505,106.82555070000001
JPO Tanpa Nama,-6.175157349999999,106.8288204
JPO Tanpa Nama,-6.175484249097039,106.82881852450198
JPO Tanpa Nama,-6.175091445495079,106.82907685004487
JPO Tanpa Nama,-6.1751819999999995,106.82907655
JPO Tanpa Nama,-6.175140450000001,106.82938720000001
JPO Tanpa Nama,-6.175139200074857,106.82933249157496
JPO Tanpa Nama,-6.17576605,106.82908325
JPO Tanpa Nama,-6.17567425,106.8290719
JPO Tanpa Nama,-6.175434763364704,106.82979629612957
JPO Tanpa Nama,-6.17568385,106.82969
JPO Tanpa Nama,-6.1751894,106.8296969
JPO Tanpa Nama,-6.17511515,106.82944265
JPO Tanpa Nama,-6.171994198712857,106.82868758847214
JPO Tanpa Nama,-6.172128382869153,106.82344781839926
JPO Tanpa Nama,-6.176385961603562,106.83094822368311
JPO Tanpa Nama,-6.173475328294332,106.82971874931256
JPO Tanpa Nama,-6.17909075,106.83146314999999
JPO Tanpa Nama,-6.178818674251311,106.83100865841517
JPO Tanpa Nama,-6.17212215,106.8231351
JPO Tanpa Nama,-6.179863537440692,106.82995099406287
JPO Tanpa Nama,-6.18009895,106.82723105
JPO Tanpa Nama,-6.1802920045555645,106.82493878469157
JPO Tanpa Nama,-6.18018255,106.82722824999999
JPO Tanpa Nama,-6.180194800000001,106.82692700000001
JPO Tanpa Nama,-6.180599287980287,106.82661421286994
JPO Tanpa Nama,-6.1804603500000015,106.82660895000001
JPO Tanpa Nama,-6.180334046957646,106.82660392848952
JPO Tanpa Nama,-6.180207968801161,106.82726770887889
JPO Tanpa Nama,-6.176131193259543,106.82315667806803
JPO Tanpa Nama,-6.178071964214824,106.82946468548178
JPO Tanpa Nama,-6.1772468499999995,106.82952810000002
JPO Tanpa Nama,-6.176668134559462,106.8299071143667
JPO Tanpa Nama,-6.17759465,106.8297309
JPO Tanpa Nama,-6.177768649999999,106.82482575
JPO Tanpa Nama,-6.17494355,106.82764815
JPO Tanpa Nama,-6.17492885,106.82671865
JPO Tanpa Nama,-6.1758632,106.82668964999998
JPO Tanpa Nama,-6.1758788,106.82762485
JPO Tanpa Nama,-6.17594905,106.82721599999999
JPO Tanpa Nama,-6.1748474805372,106.82713310035176
JPO Tanpa Nama,-6.17526685,106.8271737
JPO Tanpa Nama,-6.1755409,106.82716830000001
JPO Tanpa Nama,-6.174031529296384,106.82869439769047
JPO Tanpa Nama,-6.1751119,106.8288211
JPO Tanpa Nama,-6.174438271756716,106.82880839922244
JPO Tanpa Nama,-6.174846745789104,106.82882320004921
JPO Tanpa Nama,-6.1748573,106.82928720000001
JPO Tanpa Nama,-6.1744511499999994,106.82929215
JPO Tanpa Nama,-6.1740358,106.82929725
JPO Tanpa Nama,-6.171560134263089,106.82533142049469
JPO Tanpa Nama,-6.17155581292069,106.82733043335692
JPO Tanpa Nama,-6.1716514169364896,106.82726354967146
JPO Tanpa Nama,-6.171608798479022,106.82711236410107
JPO Tanpa Nama,-6.171604958783701,106.82739468625437
JPO Tanpa Nama,-6.1750574999258845,106.82434503958386
JPO Tanpa Nama,-6.1732537999999995,106.82457105
JPO Tanpa Nama,-6.173780600000001,106.82510925
JPO Tanpa Nama,-6.174307649999999,106.82459525000002
JPO Tanpa Nama,-6.17947055,106.82305155
JPO Tanpa Nama,-6.17572725,106.82938225
JPO Tanpa Nama,-6.178959000000001,106.82673585
JPO Tanpa Nama,-6.17896865,106.82748415
JPO Tanpa Nama,-6.178462149999999,106.845879
JPO Tanpa Nama,-6.40015985,106.87105915000001
Jalan Kunir,-6.13405575,106.8113513
JPO Tanpa Nama,-6.17897,106.82693085
JPO Tanpa Nama,-6.178975749999999,106.82728714999999
JPO Tanpa Nama,-6.180038888060867,106.82709030019076
JPO Tanpa Nama,-6.174741355374412,106.82719072726115
JPO Tanpa Nama,-6.1756412314929285,106.82633582840063
JPO Tanpa Nama,-6.174916825039111,106.8276763494854
Jalan P. Manipa,-6.273575601092752,106.92960306784109
JPO Tanpa Nama,-6.342906689901326,106.81748586283987
JPO Tanpa Nama,-6.227844550000001,106.62631455
Jalan Tol Ulujami–Serpong,-6.306173749999999,106.6941538
Jalan Tol Lingkar Luar Jakarta,-6.2555086499999994,106.76501325
JPO Tanpa Nama,-6.1713819,106.780467
JPO Tanpa Nama,-6.1787282,106.75452115
JPO Tanpa Nama,-6.269977797899838,107.02547080125362
Jalan Gading Utara,-6.231033,106.63932425
JPO Tanpa Nama,-6.294138201497165,106.6803658473794
JPO Tanpa Nama,-6.29405765,106.68031984999999
JPO Tanpa Nama,-6.2944415,106.68025425
JPO Tanpa Nama,-6.294497217584545,106.68015170954588
JPO Tanpa Nama,-6.294397590178139,106.68033509467155
JPO Tanpa Nama,-6.294404938265614,106.67989407139244
JPO Tanpa Nama,-6.294218978041168,106.67979229005707
JPO Tanpa Nama,-6.293953061484982,106.67986658156607
JPO Tanpa Nama,-6.293856341733664,106.68004664549638
JPO Tanpa Nama,-6.163028342488274,106.72075284876631
JPO Tanpa Nama,-6.15614935,106.81111775
JPO Tanpa Nama,-6.156140949999999,106.8109953
JPO Tanpa Nama,-6.1561343,106.8108943
JPO Tanpa Nama,-6.15773965,106.8108941
JPO Tanpa Nama,-6.160501,106.81281305
JPO Tanpa Nama,-6.15901105,106.81207140000001
JPO Tanpa Nama,-6.15891495,106.81220034999998
JPO Tanpa Nama,-6.15895405,106.8121479
JPO Tanpa Nama,-6.162876000000001,106.8106218
JPO Tanpa Nama,-6.1628735500000005,106.81050665000001
JPO Tanpa Nama,-6.162878649999999,106.81074824999999
JPO Tanpa Nama,-6.241311836254665,106.75187590090218
JPO Tanpa Nama,-6.178818766754818,106.82630527553802
JPO Tanpa Nama,-6.1787434,106.82553455000001
JPO Tanpa Nama,-6.17863260031964,106.82557664998627
JPO Tanpa Nama,-6.178556672911396,106.8260903692164
JPO Tanpa Nama,-6.178300298091185,106.82622577912286
JPO Tanpa Nama,-6.178088236033423,106.82587856484048
JPO Tanpa Nama,-6.178200884521499,106.82583982488951
JPO Tanpa Nama,-6.177761810495239,106.82614939754403
JPO Tanpa Nama,-6.178171734342259,106.8263483095648
JPO Tanpa Nama,-6.177950273701243,106.82644663316495
JPO Tanpa Nama,-6.178118945612388,106.8259759265613
JPO Tanpa Nama,-6.17792715,106.82559785000001
JPO Tanpa Nama,-6.178320993061662,106.82555086894195
JPO Tanpa Nama,-6.178119649845995,106.82589509638277
JPO Tanpa Nama,-6.178130857121452,106.82632069926882
JPO Tanpa Nama,-6.178513293782772,106.82608518173978
JPO Tanpa Nama,-6.177721088632619,106.82613056368994
JPO Tanpa Nama,-6.178788499389621,106.824796737481
JPO Tanpa Nama,-6.178469550000001,106.82608805
JPO Tanpa Nama,-6.297775700000001,106.6707183
JPO Tanpa Nama,-6.29778775,106.6705459
Jalan KH. Raden Azhari,-6.284888649999999,106.65021644999999
JPO Tanpa Nama,-6.172231259955183,106.82339343204484
JPO Tanpa Nama,-6.172128496934944,106.82338557381381
JPO Tanpa Nama,-6.240880806342653,106.75573093860275
Jalan Kamera I,-6.19670435,106.78496125000001
JPO Tanpa Nama,-6.172232748777558,106.82339369324691
JPO Tanpa Nama,-6.240541470589697,106.75247134967115
JPO Tanpa Nama,-6.2400029051067705,106.75253384997549
JPO Tanpa Nama,-6.245677651380827,106.7700622902615
JPO Tanpa Nama,-6.1433233000000005,106.80807125
Gang Haji Kiboen,-6.178407249999999,106.72225330000002
JPO Tanpa Nama,-6.236814305937705,106.75260314994338
Jalan Jenderal Sudirman,-6.0202723,106.63223505000002
Jalan Jenderal Sudirman,-6.020452349999999,106.63228375
Jalan Jenderal Sudirman,-6.0279764,106.66812965
Jalan Jenderal Sudirman,-6.0282056,106.66807175
JPO Tanpa Nama,-6.1910465,106.7939758
JPO Tanpa Nama,-6.3547116,106.89780975
Jalan Perdatam II,-6.2390901,106.76424155
Jalan Taman Heliconia,-6.1701552500000005,106.97746149999999
Jalan Taman Cemara,-6.170041250000001,106.9774606
JPO Tanpa Nama,-6.305829667981187,106.6477028228548
JPO Tanpa Nama,-6.170136599999999,106.8347862
JPO Tanpa Nama,-6.169901875145732,106.83528699590575
JPO Tanpa Nama,-6.170408459611085,106.8342915478123
JPO Tanpa Nama,-6.3288703,106.8337929
JPO Tanpa Nama,-6.1528832,106.9085812
JPO Tanpa Nama,-6.1520745428876005,106.90822279634412
JPO Tanpa Nama,-6.152056782898873,106.9079490350106
JPO Tanpa Nama,-6.152049738596287,106.9081731850638
JPO Tanpa Nama,-6.1518567,106.9082181
Gang Bandrong,-6.33727835,106.85370265
JPO Tanpa Nama,-6.2483119,106.7651407
JPO Tanpa Nama,-6.2194592,106.9916814
JPO Tanpa Nama,-6.017880710070432,106.65839033253182
JPO Tanpa Nama,-6.024215311882206,106.67168683128443
JPO Tanpa Nama,-6.3800145,106.65766035
JPO Tanpa Nama,-6.35352925,106.68678785
JPO Tanpa Nama,-6.34189545,106.69887890000001
JPO Tanpa Nama,-6.225346605774817,106.76919454902668
JPO Tanpa Nama,-6.1855671,106.8178743
JPO Tanpa Nama,-6.184228021984277,106.7506233114354
JPO Tanpa Nama,-6.1841420340296605,106.75086116896804
JPO Tanpa Nama,-6.184183672763918,106.7507421375608
Jalan Mushollah,-6.3199874000000005,106.83544115000001
JPO Tanpa Nama,-6.2331778,106.86922589999999
JPO Tanpa Nama,-6.23261225,106.86975955
JPO Tanpa Nama,-6.23260885,106.86982900000002
JPO Tanpa Nama,-6.232615,106.8696877
JPO Tanpa Nama,-6.325078384180529,106.67292132858194
JPO Tanpa Nama,-6.307824999999999,106.87404175
JPO Tanpa Nama,-6.373913249999998,106.8955515
JPO Tanpa Nama,-6.373918798023138,106.8955316606506
Jalan Senipah II,-6.27470225,106.92473335
Jalan Jenderal Sudirman,-6.034564850000001,106.6945512
Jalan Jenderal Sudirman,-6.03435865,106.69465645000001
JPO Tanpa Nama,-6.211334968605743,106.73584725714653
Jalan Tol Lingkar Luar Jakarta,-6.292223737290707,106.8071011496389
Jalan Tol Lingkar Luar Jakarta,-6.292383182810556,106.80714980795018
JPO Tanpa Nama,-6.29837415,106.6492969
JPO Tanpa Nama,-6.2983367,106.64943685000001
JPO Tanpa Nama,-6.2959344999999995,106.6490054
JPO Tanpa Nama,-6.29542265,106.649182
JPO Tanpa Nama,-6.2970026836581905,106.64909550732182
JPO Tanpa Nama,-6.296829261331924,106.64909157353101
JPO Tanpa Nama,-6.2970818492242655,106.64912266581213
JPO Tanpa Nama,-6.297128810256905,106.64896723774936
JPO Tanpa Nama,-6.296758703358725,106.64896445670338
JPO Tanpa Nama,-6.29676164953479,106.64912084026776
JPO Tanpa Nama,-6.297152510214202,106.64904975251818
JPO Tanpa Nama,-6.296719641049327,106.6490442006107
JPO Tanpa Nama,-6.297609852402073,106.64916525061865
JPO Tanpa Nama,-6.297702842163485,106.649189697958
JPO Tanpa Nama,-6.29739965,106.64903415
JPO Tanpa Nama,-6.297674778328244,106.64910634393527
JPO Tanpa Nama,-6.297362700000001,106.64918085
JPO Tanpa Nama,-6.297638026548868,106.64924820249917
JPO Tanpa Nama,-6.298532441538454,106.64941504769233
JPO Tanpa Nama,-6.29860489379446,106.64935972284681
JPO Tanpa Nama,-6.298566678258558,106.649499330685
JPO Tanpa Nama,-6.298076452462643,106.64929095066269
JPO Tanpa Nama,-6.298178394127816,106.6493186984587
JPO Tanpa Nama,-6.2979083,106.6491699
JPO Tanpa Nama,-6.298146053377741,106.64923473762131
JPO Tanpa Nama,-6.297871,106.64931075
JPO Tanpa Nama,-6.298108808639314,106.64937486816574
JPO Tanpa Nama,-6.29863915,106.6494439
JPO Tanpa Nama,-6.296255554060237,106.64906679980328
JPO Tanpa Nama,-6.296137140397383,106.64907255045428
JPO Tanpa Nama,-6.29648305,106.6489776
JPO Tanpa Nama,-6.296192650358863,106.64899240708239
JPO Tanpa Nama,-6.29649215,106.6491334
JPO Tanpa Nama,-6.2962000499999995,106.64914694999999
JPO Tanpa Nama,-6.295739040171746,106.64909180045673
JPO Tanpa Nama,-6.295636582178029,106.6490967986247
JPO Tanpa Nama,-6.29541485,106.649033
JPO Tanpa Nama,-6.295684396090677,106.64901802623396
JPO Tanpa Nama,-6.2959417,106.64915895
JPO Tanpa Nama,-6.295691201266529,106.64917052834801
JPO Tanpa Nama,-6.2952009503411395,106.64911819997873
JPO Tanpa Nama,-6.295150549119233,106.64904753286956
JPO Tanpa Nama,-6.2951606508005336,106.64919361500733
Jalan Tol Lingkar Luar Jakarta,-6.292405400000001,106.8003519
Jalan Tol Lingkar Luar Jakarta,-6.292127355089922,106.79070294706426
Jalan Tol Lingkar Luar Jakarta,-6.29229348359213,106.7904570013739
Jalan Tol Lingkar Luar Jakarta,-6.292398991842306,106.80002315015841
Jalan Tol Lingkar Luar Jakarta,-6.292244955943522,106.80019725399255
JPO Tanpa Nama,-6.292556799485349,106.78937045000002
JPO Tanpa Nama,-6.2924279,106.81238515
JPO Tanpa Nama,-6.29199009984585,106.80221373141006
JPO Tanpa Nama,-6.292639250000001,106.80239625
JPO Tanpa Nama,-6.1425456,107.00969105
Jalan Tol Lingkar Luar Jakarta,-6.29213765,106.79003134999999
JPO Tanpa Nama,-6.290205639582713,106.77959184981336
JPO Tanpa Nama,-6.2900967908939265,106.78063638160663
JPO Tanpa Nama,-6.29013285,106.7802887
JPO Tanpa Nama,-6.29031545,106.78014304999999
Jalan Tol Lingkar Luar Jakarta,-6.2866850763558375,106.77650396766364
Jalan Tol Lingkar Luar Jakarta,-6.286552420299549,106.77657489134194
Gang Mede,-6.1862490999999995,106.67101935
JPO Tanpa Nama,-6.175171,106.9744645
Gang Haji Bain,-6.24258485,106.71622994999998
JPO Tanpa Nama,-6.31742675,106.709096
JPO Tanpa Nama,-6.180851150000001,107.0012074
JPO Tanpa Nama,-6.3326881,106.62481745000001
JPO Tanpa Nama,-6.30326825,106.737237
Jalur Kereta Cepat Jakarta–Bandung,-6.246026380064179,106.88308096578758
Jalur Kereta Cepat Jakarta–Bandung,-6.245898663231259,106.8830574680489
JPO Tanpa Nama,-6.244993891323784,106.88592967793234
JPO Tanpa Nama,-6.245393831065545,106.88602245067248
JPO Tanpa Nama,-6.2969816000000005,106.65108824999999
JPO Tanpa Nama,-6.296750472449724,106.65098561028822
JPO Tanpa Nama,-6.296784621799811,106.6510387151816
JPO Tanpa Nama,-6.29352325,106.65258365
JPO Tanpa Nama,-6.293746755014377,106.65192919557182
JPO Tanpa Nama,-6.293824819958733,106.65202135140719
JPO Tanpa Nama,-6.145643634604422,106.81503437099006
JPO Tanpa Nama,-6.17632705,106.64192875
JPO Tanpa Nama,-6.1763968,106.64151305
JPO Tanpa Nama,-6.2212359500000005,106.77850089999998
JPO Tanpa Nama,-6.215275999999999,106.94929675
JPO Tanpa Nama,-6.320730751279309,106.6833983374232
JPO Tanpa Nama,-6.320873344785945,106.68346023076897
JPO Tanpa Nama,-6.271914290256734,106.74060886708992
JPO Tanpa Nama,-6.272148400360791,106.73998434997961
JPO Tanpa Nama,-6.3711883,106.82301880000001
JPO Tanpa Nama,-6.37136335,106.82388399999999
JPO Tanpa Nama,-6.370930116237047,106.82388909870119
JPO Tanpa Nama,-6.3707396477883576,106.82330502254229
JPO Tanpa Nama,-6.3707605446665605,106.82355030440496
JPO Tanpa Nama,-6.37062675,106.8238461
JPO Tanpa Nama,-6.371655053206498,106.82380706557186
JPO Tanpa Nama,-6.371746942403456,106.82388545057802
JPO Tanpa Nama,-6.37231905,106.82400799999999
JPO Tanpa Nama,-6.3723537,106.82389735000001
JPO Tanpa Nama,-6.37208945,106.8238954
JPO Tanpa Nama,-6.37207995771631,106.82471020346591
JPO Tanpa Nama,-6.3720258,106.82400155
JPO Tanpa Nama,-6.371921913424808,106.82379438709926
JPO Tanpa Nama,-6.3723124,106.8236339
JPO Tanpa Nama,-6.371471106755158,106.8239401168219
JPO Tanpa Nama,-6.371610750331425,106.8237164916633
JPO Tanpa Nama,-6.37151375,106.82371515
JPO Tanpa Nama,-6.371574909648279,106.82353020006718
JPO Tanpa Nama,-6.3724133001900345,106.8246358472494
JPO Tanpa Nama,-6.3704581747877596,106.82339187499211
JPO Tanpa Nama,-6.370458672230064,106.82338024480532
JPO Tanpa Nama,-6.3706762462887845,106.82337971916579
JPO Tanpa Nama,-6.37063134138529,106.82314053552255
JPO Tanpa Nama,-6.3707966,106.82385339999999
JPO Tanpa Nama,-6.1096247,106.75393794999998
Jalan Katamaran 2,-6.1145787,106.75910540000001
Jalan Trimaran Indah 2,-6.11458315,106.7589591
JPO Tanpa Nama,-6.300619283369781,106.65454736404891
JPO Tanpa Nama,-6.3268359499999995,106.8484651
JPO Tanpa Nama,-6.31336035,107.03913645
JPO Tanpa Nama,-6.281100318730603,106.99577648283962
JPO Tanpa Nama,-6.28267165,106.8442853
Gang Mushollah Al Mumin,-6.191528943292012,106.88197173556455
Gang Mushollah Al Mumin,-6.191355266940073,106.88219717786522
Jalur Kereta Api Bandara Soekarno-Hatta,-6.14806815,106.63497515
Jalur Kereta Api Bandara Soekarno-Hatta,-6.148031550000001,106.63502925
Gaang Mushollah Ar Rahman,-6.190817453863519,106.88246555881038
Gang Mushola,-6.319189627815309,106.87509649423295
JPO Tanpa Nama,-6.260080257276673,106.96223838317871
Jalan Pangeran Tubagus Angke,-6.1424023995978105,106.79783595154407
Jalan Pangeran Tubagus Angke,-6.14191465,106.80331964999999
Jalan Pangeran Tubagus Angke,-6.14194485,106.8033246
Jalan Pangeran Tubagus Angke,-6.1424216000000005,106.7978612
JPO Tanpa Nama,-6.312066717075958,106.67037862570851
Jalan Kahuripan,-6.236224450000001,106.9711194
JPO Tanpa Nama,-6.173301692853716,106.81142886976447
JPO Tanpa Nama,-6.17270335,106.811263
JPO Tanpa Nama,-6.157813128886172,106.97246135714134
JPO Tanpa Nama,-6.157781149873546,106.97189906719855
JPO Tanpa Nama,-6.157816308811064,106.9721412373473
JPO Tanpa Nama,-6.158704301472461,106.97194713141891
JPO Tanpa Nama,-6.158457488923198,106.97204055145617
JPO Tanpa Nama,-6.228109549999999,106.92857155
JPO Tanpa Nama,-6.2462399,106.69100775000001
JPO Tanpa Nama,-6.3195389861390066,106.67791993290754
JPO Tanpa Nama,-6.322887672111082,106.79104352281684
JPO Tanpa Nama,-6.299240122887404,106.66747620025599
JPO Tanpa Nama,-6.29939845305276,106.66751279313132
JPO Tanpa Nama,-6.299778771759664,106.66800175501882
JPO Tanpa Nama,-6.29958562227383,106.66809728115969
JPO Tanpa Nama,-6.299336251802762,106.66807632967934
JPO Tanpa Nama,-6.32213005,106.676992
JPO Tanpa Nama,-6.361646127883434,106.88557428114177
JPO Tanpa Nama,-6.2936898892408975,106.6657341495325
JPO Tanpa Nama,-6.2936884,106.66592115
JPO Tanpa Nama,-6.241934744544868,106.74556300736337
JPO Tanpa Nama,-6.288258750000002,106.7377834
Gang Al - Ikhlas,-6.2297882,106.7357867
Jalan Sulawesi IV,-6.29438005,106.70732645000001
JPO Tanpa Nama,-6.095000450000001,106.73791259999999
JPO Tanpa Nama,-6.334672167445874,106.74959497750123
Jalan Cabe Raya,-6.345393400000001,106.75460904999998
JPO Tanpa Nama,-6.3255425,106.6729033
JPO Tanpa Nama,-6.325690049373728,106.67289034284835
JPO Tanpa Nama,-6.325223149999999,106.67293135
JPO Tanpa Nama,-6.32541305,106.67291465
JPO Tanpa Nama,-6.3253181,106.67292305
JPO Tanpa Nama,-6.32507625,106.67291904999999
JPO Tanpa Nama,-6.32512265,106.67290109999999
JPO Tanpa Nama,-6.324817985814008,106.67298631273788
JPO Tanpa Nama,-6.324653092834716,106.67302032289187
JPO Tanpa Nama,-6.32494465,106.6729836
JPO Tanpa Nama,-6.324931925270673,106.67292286902921
JPO Tanpa Nama,-6.268199153730004,106.70903113624183
JPO Tanpa Nama,-6.2393686000000015,106.67449314999999
Jalan Kendal,-6.202264365033261,106.82351715051404
Jalan Blora,-6.2017465535664815,106.82327263976113
JPO Tanpa Nama,-6.2027855,106.82526050000001
JPO Tanpa Nama,-6.20226695630406,106.82331369288042
JPO Tanpa Nama,-6.258540768980883,106.92532832451049
JPO Tanpa Nama,-6.260712370586923,106.9101988448613
Jalan Raya De Latinos,-6.3232121999999995,106.67874830000001
JPO Tanpa Nama,-6.183004410236345,106.6783646395963
JPO Tanpa Nama,-6.27127075,107.03868535
JPO Tanpa Nama,-6.3615045,106.7695675
JPO Tanpa Nama,-6.3617992,106.76954995
LRT Jakarta,-6.19727300251181,106.86483863174868
LRT Jakarta,-6.197218759707805,106.86481147923718
JPO Tanpa Nama,-6.129144268703395,106.71281281373025
JPO Tanpa Nama,-6.12878935,106.71450335
JPO Tanpa Nama,-6.11693855,106.78628069999999
JPO Tanpa Nama,-6.25670715,106.94948074999999
JPO Tanpa Nama,-6.2567622499999995,106.94836864999999
JPO Tanpa Nama,-6.2461074,107.01207224999999
Gang Salak VII,-6.25049435,107.01034425000002
Jalur Kereta Api Jakarta Kota–Bogor,-6.1371714,106.8167639
JPO Tanpa Nama,-6.2479955,106.71652234999999
JPO Tanpa Nama,-6.247042749999999,106.71639725
JPO Tanpa Nama,-6.24712715,106.7134179
Jalur Kereta Api Kampung Bandan–Angke–Duri,-6.14187795,106.8005987
Jalur Kereta Api Kampung Bandan–Angke–Duri,-6.14188015,106.80055235
JPO Tanpa Nama,-6.268122999999999,106.72189045
JPO Tanpa Nama,-6.1750432,106.84387205
JPO Tanpa Nama,-6.1749089999999995,106.8438171
JPO Tanpa Nama,-6.172294,106.6474884
JPO Tanpa Nama,-6.234242625678186,106.71125174594025
JPO Tanpa Nama,-6.1944415,106.79471515
JPO Tanpa Nama,-6.237439172379993,106.71635764009605
Gang Hajig Saman,-6.237594768157748,106.71539202707675
JPO Tanpa Nama,-6.2229305,106.77848285
Jalan Haji Soleh I,-6.219938749999999,106.7747377
Jalan Kenari II,-6.257957799999999,106.72522825000001
JPO Tanpa Nama,-6.2582892658361775,106.72276381962438
JPO Tanpa Nama,-6.254694838888767,106.72382685553059
JPO Tanpa Nama,-6.285251391762486,106.72881820537495
JPO Tanpa Nama,-6.256244648537175,106.72418712173761
JPO Tanpa Nama,-6.256432179607183,106.72430054839721
JPO Tanpa Nama,-6.256066587759191,106.72441409382134
Permai Tengah IV,-6.2589702,106.72379620000001
Jalan Akses Kereta Cepat Halim Perdanakusumah,-6.24651685,106.88077145000001
JPO Tanpa Nama,-6.34300745,106.67541240000001
Jalan Melati,-6.19310555,106.77164389999999
Jalan Melati,-6.19310355,106.77160415
Jalan Mawar,-6.1927664,106.7716305
Jalan Mawar,-6.1927729,106.77157894999999
Jalan Melati,-6.1930865,106.7715517
Jalan Mawar,-6.19277555,106.77153
JPO Tanpa Nama,-6.20638005,106.7092016
JPO Tanpa Nama,-6.2101387,107.0077931
Jalan Raflesia VI,-6.20981495,107.00768725
JPO Tanpa Nama,-6.210271524115007,106.82717039165922
JPO Tanpa Nama,-6.196832782255221,107.01523141064307
JPO Tanpa Nama,-6.1971953043790835,107.01512330465432
Gang Masjid Al-Mujahidien,-6.232524059066076,106.73434350811371
Jalan Gotong Royong VI,-6.230988893395494,106.73475258092829
JPO Tanpa Nama,-6.2278411,106.71876650000002
Jalan Sultan Ageng Tirtayasa,-6.2222652,106.6836832
JPO Tanpa Nama,-6.2878332,106.6890935
Jalan Kayu Gede I,-6.2309999000000005,106.6879143
JPO Tanpa Nama,-6.1933013500000005,106.8004983
JPO Tanpa Nama,-6.236668779737197,106.68482058875662
JPO Tanpa Nama,-6.20537835,106.79668285
JPO Tanpa Nama,-6.278645079613,106.742400797689
JPO Tanpa Nama,-6.278494,106.74230620000002
JPO Tanpa Nama,-6.2345899,106.6845219
JPO Tanpa Nama,-6.265413416795852,107.00188421533564
JPO Tanpa Nama,-6.190513063111437,106.76187649182522
JPO Tanpa Nama,-6.1899096,106.7620008
JPO Tanpa Nama,-6.2332680499999995,106.70203415
Jalur Kereta Cepat Jakarta–Bandung,-6.258450813592527,107.00403926325829
Jalur Kereta Cepat Jakarta–Bandung,-6.258409521355032,107.00405626198948
JPO Tanpa Nama,-6.2772258,106.74402330000001
JPO Tanpa Nama,-6.26636315,106.74987060000001
JPO Tanpa Nama,-6.2664487,106.7503997
JPO Tanpa Nama,-6.25397148424545,106.76086997633647
JPO Tanpa Nama,-6.211325253876866,106.77151366616495
Jalan Caraka Buana Raya,-6.250298399999999,106.74203265
JPO Tanpa Nama,-6.27019935,106.77519565
Jalan KPBD,-6.22321545,106.77433984999999
JPO Tanpa Nama,-6.2894361,106.7736657
JPO Tanpa Nama,-6.2896863,106.7733845
JPO Tanpa Nama,-6.2597990429423325,106.77548014962537
Gang Rinan,-6.25903845,106.77412705
Jalan Strategi II,-6.2215289,106.723859
Jalan Strategi III,-6.222026700000001,106.72378985
Jalan Strategi Raya,-6.2242385,106.72378520000001
JPO Tanpa Nama,-6.254940199703972,106.78580016413925
JPO Tanpa Nama,-6.27413235,106.72591030000001
JPO Tanpa Nama,-6.28109595,106.72608604999999
JPO Tanpa Nama,-6.2547754,106.73047535
JPO Tanpa Nama,-6.246427121387115,106.71816471919782
JPO Tanpa Nama,-6.22120115,106.69474775
JPO Tanpa Nama,-6.24152405,106.7588624
JPO Tanpa Nama,-6.23774495,106.75786249999999
JPO Tanpa Nama,-6.395736750000001,106.7955875
JPO Tanpa Nama,-6.25888645,106.7174306
Jalan Komplex Jurangmangu Permai,-6.259370450000001,106.7186656
JPO Tanpa Nama,-6.22336130811859,106.74154940587587
JPO Tanpa Nama,-6.29326545,106.80258794999999
Jalan Duta Raya,-6.24667105,106.7432127
JPO Tanpa Nama,-6.2048041000000005,106.73552989999999
Jalan Haji Ramid,-6.283684,106.92910785
Gang Mawar 1,-6.234333456719737,106.71226450557485
Gang Haji Kasum II,-6.23203555,106.71112980000001
JPO Tanpa Nama,-6.2170486,106.76382795
JPO Tanpa Nama,-6.2171619,106.7638556
JPO Tanpa Nama,-6.21712,106.76380105
Jalan Akses Kereta Cepat Halim Perdanakusumah,-6.2465617,106.88076835
JPO Tanpa Nama,-5.975790195304342,106.70484206245963
JPO Tanpa Nama,-5.975512664930485,106.70983532298997
JPO Tanpa Nama,-5.974981290862194,106.7090176343079
JPO Tanpa Nama,-5.974879791340198,106.7088358164661
JPO Tanpa Nama,-5.975918296176263,106.70993807191724
JPO Tanpa Nama,-5.975041319819672,106.70682804252137
JPO Tanpa Nama,-6.2454720607531415,106.8754594755367
JPO Tanpa Nama,-6.2438943,106.86869425
JPO Tanpa Nama,-6.242335285214064,106.86917008852883
JPO Tanpa Nama,-6.242187305466835,106.86919958831396
JPO Tanpa Nama,-6.23719492568984,106.86874554191482
JPO Tanpa Nama,-6.237331236196482,106.86879224096171
JPO Tanpa Nama,-6.235138165373596,106.86782656499135
JPO Tanpa Nama,-6.231814415331465,106.86724690886523
JPO Tanpa Nama,-6.176880449762748,106.82263524261234
JPO Tanpa Nama,-6.175670699999999,106.8228726
JPO Tanpa Nama,-6.189075945173849,106.84660445328801
JPO Tanpa Nama,-6.1778562,106.8424221
JPO Tanpa Nama,-6.17839545,106.84249609999999
JPO Tanpa Nama,-6.175372188212673,106.83689963487554
JPO Tanpa Nama,-6.199140437998472,106.82296702210104
JPO Tanpa Nama,-6.197694534743917,106.82294254683245
JPO Tanpa Nama,-6.1976336372960725,106.82319808004003
"Transjakarta Busway Koridor 4, 6",-6.2040103,106.82749790000001
JPO Tanpa Nama,-6.20519615,106.8337732
JPO Tanpa Nama,-6.205196950716662,106.83384975863886
JPO Tanpa Nama,-6.207217776609805,106.84088810489159
Transjakarta Busway Koridor 4,-6.2015923625787766,106.85112329361587
Jembatan Penyebrangan Orang Pemuda Pramuka,-6.1926175833147585,106.87475822987153
Transjakarta Busway Koridor 4,-6.192039749999999,106.8701446
JPO Tanpa Nama,-6.19329415089748,106.88402926193588
JPO Tanpa Nama,-6.193534,106.88425299999999
JPO Tanpa Nama,-6.193326828793914,106.88436794065771
JPO Tanpa Nama,-6.193076747620943,106.88417214985152
JPO Tanpa Nama,-6.193448677335386,106.88601144103549
JPO Tanpa Nama,-6.19344230027975,106.88636601712471
JPO Tanpa Nama,-6.193625642605897,106.88613705039718
JPO Tanpa Nama,-6.193485,106.89144445
JPO Tanpa Nama,-6.193477194865835,106.89136489778913
JPO Tanpa Nama,-6.193466700133255,106.891017458311
JPO Tanpa Nama,-6.1932666199174164,106.89116083630019
JPO Tanpa Nama,-6.193683595054123,106.89120309372528
Skybridge LRT Velodrome Halte Pemuda,-6.193492314466954,106.89222255405728
JPO Tanpa Nama,-6.193058121755944,106.89100331790546
JPO Tanpa Nama,-6.193154759431781,106.89132109562277
JPO Tanpa Nama,-6.193740667510393,106.8907291757194
JPO Tanpa Nama,-6.191989714437632,106.90559339606779
JPO Tanpa Nama,-6.19195164614042,106.90583560030889
JPO Tanpa Nama,-6.19231649660669,106.90578590035284
JPO Tanpa Nama,-6.192448600004048,106.90544373830103
Transjakarta Busway Koridor 4,-6.1935084,106.9016855
JPO Tanpa Nama,-6.175985358476322,106.89409221977355
JPO Tanpa Nama,-6.1764283246562215,106.89418079566123
JPO Tanpa Nama,-6.1774872,106.89306444999998
JPO Tanpa Nama,-6.17774335,106.89297225000001
JPO Tanpa Nama,-6.17674,106.89358454999999
JPO Tanpa Nama,-6.176439,106.89380944999999
JPO Tanpa Nama,-6.17618593872695,106.8937453857215
Jalan Aria Putra,-6.316447249999999,106.7407437
Jalan Manggis Raya,-6.32309315,106.78514495
JPO Tanpa Nama,-6.25712935,106.7815919
JPO Tanpa Nama,-6.2528384500000005,106.7815653
JPO Tanpa Nama,-6.25709545,106.78179750000001
JPO Tanpa Nama,-6.25281905,106.78175879999999
JPO Tanpa Nama,-6.2615070500000005,106.78202594999999
JPO Tanpa Nama,-6.261476399999999,106.7822425
JPO Tanpa Nama,-6.2615338000000005,106.78203775
JPO Tanpa Nama,-6.261422700000002,106.7822065
JPO Tanpa Nama,-6.25285595,106.78167195
JPO Tanpa Nama,-6.2361489,106.75510535000001
Jalan Brotowali 2,-6.2512028,106.72133065
JPO Tanpa Nama,-6.294181824785054,106.82227562726186
JPO Tanpa Nama,-6.29430065,106.8222508
JPO Tanpa Nama,-6.2767552,106.86132755
Jalan Batu Sari,-6.27658435,106.86202175000001
JPO Tanpa Nama,-6.24749335,106.7671117
JPO Tanpa Nama,-6.24737645,106.76702015000001
JPO Tanpa Nama,-6.20409175,106.80132085
Jalan Puskemas,-6.30728055,106.78051735
Jalan Delima Raya,-6.309022799999999,106.78058635000001
Jalan Bazoka Raya,-6.224165049999999,106.7181746
Jalan Garuda Raya,-6.2229523,106.71767539999998
JPO Tanpa Nama,-6.249318796486082,106.7802877290091
JPO Tanpa Nama,-6.32405395,106.78434899999999
Jalan Perintis,-6.3256353,106.77003109999998
JPO Tanpa Nama,-6.24606747617512,106.88510013455011
Gang Haji Mirin,-6.291567069523049,106.71872241710946
JPO Tanpa Nama,-6.2962107,106.7039848
JPO Tanpa Nama,-6.296174300000001,106.70398595
JPO Tanpa Nama,-6.29510705,106.70741799999998
Jalan Calista I,-6.2902745499999995,106.6996156
JPO Tanpa Nama,-6.34882515,106.78384959999998
JPO Tanpa Nama,-6.2292860999999995,106.847097
JPO Tanpa Nama,-6.2303617,106.84676005
Jalan Pinang Dua,-6.359312600000001,106.7743313
JPO Tanpa Nama,-6.30571905,106.75752940000001
JPO Tanpa Nama,-6.3004527,106.77980835
Gang Musholla Nurul Janna,-6.273505401058173,106.69481043715643
JPO Tanpa Nama,-6.3552172,106.7681295
JPO Tanpa Nama,-6.35499085,106.76862910000001
JPO Tanpa Nama,-6.3006673,106.7819834
JPO Tanpa Nama,-6.187177155801822,106.90585110161155
JPO Tanpa Nama,-6.1872416,106.9058756
JPO Tanpa Nama,-6.2919357,106.78967785
JPO Tanpa Nama,-6.3338461,106.75857669999999
JPO Tanpa Nama,-6.169869155244654,106.8400503014334
JPO Tanpa Nama,-6.1736775,106.83892155
JPO Tanpa Nama,-6.31142865,106.7929071
JPO Tanpa Nama,-6.31432085,106.72866875000001
JPO Tanpa Nama,-6.28528585,106.7274904
JPO Tanpa Nama,-6.28611025,106.6966703
JPO Tanpa Nama,-6.286042,106.69656224999999
JPO Tanpa Nama,-6.27896645,106.71956815
JPO Tanpa Nama,-6.317300100000001,106.7282728
Jalan Mandar VI,-6.27170785,106.74076035
JPO Tanpa Nama,-6.14349120578742,106.82438744382033
JPO Tanpa Nama,-6.143492059083169,106.82438833732384
JPO Tanpa Nama,-6.1267075,106.86081295000001
JPO Bersama BTN,-6.122836431549355,106.86039396751822
JPO Tanpa Nama,-6.3060627,106.79866670000001
JPO Tanpa Nama,-6.1266757,106.84228315
JPO Tanpa Nama,-6.18985115,106.82897975
JPO Tanpa Nama,-6.26789385,106.69146285
JPO Tanpa Nama,-6.27196885,106.7506711
JPO Tanpa Nama,-6.31124845,106.78798065
Gang Haji Sopih,-6.259485,106.7033185
Jalan Aria Putra,-6.313798800000002,106.7435354
JPO Tanpa Nama,-6.256903350000001,106.76335019999999
Jalan Rotela Raya,-6.28347535,106.7404624
JPO Tanpa Nama,-6.306760000000001,106.7273545
Dermaga Kargo,-6.1253677500000006,106.8299431
Dermaga Kargo,-6.1252907,106.82993545
JPO Tanpa Nama,-6.11899265,106.82915985
JPO Tanpa Nama,-6.1193486,106.82921005
JPO Tanpa Nama,-6.11970175,106.82925695
JPO Tanpa Nama,-6.1200605,106.82930275000001
JPO Tanpa Nama,-6.1203984,106.8294473
JPO Tanpa Nama,-6.1207675,106.82957210000001
JPO Tanpa Nama,-6.121141799999999,106.82947355
JPO Tanpa Nama,-6.12149975,106.8295219
JPO Tanpa Nama,-6.1245433,106.82993834999999
JPO Tanpa Nama,-6.124329400000001,106.82990925
JPO Tanpa Nama,-6.1241128,106.82987940000001
JPO Tanpa Nama,-6.1238981,106.82984979999999
JPO Tanpa Nama,-6.123682799999999,106.8298206
JPO Tanpa Nama,-6.1234642,106.82979015
JPO Tanpa Nama,-6.123207799999999,106.8297542
JPO Tanpa Nama,-6.12293765,106.82971685000001
JPO Tanpa Nama,-6.12267035,106.82968070000001
JPO Tanpa Nama,-6.1224018000000004,106.82964444999999
JPO Tanpa Nama,-6.12212945,106.82960800000001
JPO Tanpa Nama,-6.1218432499999995,106.8295665
Dermaga 15,-6.121162291607986,106.82930233677571
Dermaga 2,-6.120803643691388,106.82925514292202
Dermaga 14,-6.121519966969657,106.82932460678992
Dermaga 12,-6.121863655688493,106.8293826562711
Dermaga 11,-6.122146261365747,106.82943938191812
Dermaga 10,-6.122420323819129,106.82947291860242
Dermaga 9,-6.122688779003066,106.82950786727109
Dermaga 8,-6.1229574499999995,106.8295439
Dermaga 7,-6.1232293,106.82958005
Dermaga 6,-6.12348675,106.8296186
Dermaga 5,-6.1237068,106.8296615
Dermaga 4,-6.123917349999999,106.82969235
Dermaga 3,-6.124130731802979,106.82971898042497
Dermaga 2,-6.124349073606774,106.82974858695937
Dermaga 1,-6.12456065,106.82979094999997
JPO Tanpa Nama,-6.289643600000001,106.7710235
Gang Dahlia I,-6.227253,106.75864175000001
JPO Tanpa Nama,-6.1684643894599605,106.97855858927636
Jalan Bukit Nusa Indah,-6.30906615,106.7103766
Jalan Bukit Nusa Indah,-6.30898185,106.71037469999999
Jalan Bukit Nusa Indah,-6.3094299000000005,106.71443430000001
Jalan Bukit Nusa Indah,-6.309352049999999,106.7144343
Jalan Raya Pondok Jaya,-6.266096167582685,106.71789504554206
JPO Tanpa Nama,-6.291380175175708,106.72928661991104
JPO Tanpa Nama,-6.2940175499999995,106.7289395
Jalan Cabe IV,-6.33227575,106.76886429999999
JPO Tanpa Nama,-6.178875087001674,106.83137087504011
JPO Tanpa Nama,-6.178873208363613,106.83136980316165
JPO Tanpa Nama,-6.174160732624759,106.8300119053447
JPO Tanpa Nama,-6.174157441723355,106.83001517624905
JPO Tanpa Nama,-6.26203495,106.81333335
JPO Tanpa Nama,-6.262318411813664,106.81312356111262
JPO Tanpa Nama,-6.257162149999999,106.80752259999998
JPO Tanpa Nama,-6.133635099999999,106.8493111
JPO Tanpa Nama,-6.205692150000001,106.6295882
JPO Tanpa Nama,-6.2835338,106.91555745
JPO Tanpa Nama,-6.30448375,106.74566949999999
JPO Tanpa Nama,-6.304513699999999,106.74582285
JPO Tanpa Nama,-6.253631398289648,107.03732551427287
Jalan Kapten Tendean,-6.240133999999999,106.83096439999998
JPO Tanpa Nama,-6.127426649999999,106.83038024999998
JPO Tanpa Nama,-6.1273260500000015,106.8306395
JPO Tanpa Nama,-6.12751949903556,106.83054147383594
JPO Tanpa Nama,-6.127259900000001,106.8307818
JPO Tanpa Nama,-6.127458072152882,106.83078600953105
Jalan Tol Lingkar Luar Jakarta,-6.1975062,106.73413765000001
Jalan Tol Cinere–Jagorawi,-6.38024165,106.85860705
JPO Tanpa Nama,-6.27797185,106.72251089999999
Jalan Puloayang Raya,-6.20672475,106.9146404
JPO Tanpa Nama,-6.327872,106.8013789
JPO Tanpa Nama,-6.327609750000001,106.80067270000002
JPO Tanpa Nama,-6.328102299999999,106.80130425
JPO Tanpa Nama,-6.32740635,106.8007762
JPO Tanpa Nama,-6.327754282301784,106.80101900762772
Jalan Tol Lingkar Wiyoto Wiyono,-6.153662199999999,106.8866915
Jalan Tol Lingkar Wiyoto Wiyono,-6.156538085419964,106.88495936956346
Jalan Tol Akses Tanjung Priok,-6.1085335999999995,106.90470404999999
Jalan Tol Akses Tanjung Priok,-6.108462749999999,106.9042249
Jalan Tol Akses Tanjung Priok,-6.1083086,106.90297140000001
Jalan Tol Akses Tanjung Priok,-6.108655242986699,106.90566573781538
Jalan Tol Insinyur Wiyoto Wiyono,-6.20797995,106.87396000000001
Jalan Tol Insinyur Wiyoto Wiyono,-6.206614772446511,106.87389969640613
Jalan Tol Lingkar Wiyoto Wiyono,-6.1580876,106.88413225
Jalan Tol Pelabuhan,-6.1323130500000005,106.7971354
Jalan Tol Cawang–Pluit,-6.13967645,106.78712640000002
Jalan Tol Cawang–Pluit,-6.137476403056352,106.78635741177902
JPO Tanpa Nama,-6.20239275,106.90093325
JPO Tanpa Nama,-6.192514352689293,106.87773687213236
JPO Tanpa Nama,-6.1928216193551355,106.87776360238502
JPO Tanpa Nama,-6.19288725,106.88008135000001
JPO Tanpa Nama,-6.1930524722851175,106.88013562117345
JPO Tanpa Nama,-6.192765073593848,106.88012881728046
JPO Tanpa Nama,-6.193318765314519,106.88806598665083
JPO Tanpa Nama,-6.2381516999999995,106.93210965
JPO Tanpa Nama,-6.1885714,106.89113334999999
JPO Tanpa Nama,-6.183630450000001,106.89138195
Jalan Jawa Jombang Raya,-6.2955033,106.7113316
Jalan Jawa Jombang Raya,-6.29553155,106.71127295
Jalan Kayu Jati V,-6.18944475,106.88729735
JPO Tanpa Nama,-6.192160193316562,106.90507284111942
JPO Tanpa Nama,-6.3171931696835735,106.87701711774598
JPO Tanpa Nama,-6.31807655,106.8775382
JPO Tanpa Nama,-6.35607295,106.87289525
Jalan Reformasi Utama,-6.2638285499999995,106.71717825
JPO Tanpa Nama,-6.227901162217055,106.9853983899113
JPO Tanpa Nama,-6.230772099999999,106.99702305000001
Jalur Kereta Api Kampung Bandan–Angke–Duri,-6.13043755,106.81195514999999
Jalur Kereta Api Kampung Bandan–Angke–Duri,-6.1304675,106.81196545000002
JPO Tanpa Nama,-6.1681111,106.82176045
JPO Tanpa Nama,-6.277102,106.93213175
Jalan Kuburan 1,-6.19022685,106.62096755
JPO Tanpa Nama,-6.234403492164318,106.99235738295273
JPO Tanpa Nama,-6.300598020081353,106.60607995332884
JPO Tanpa Nama,-6.300651294449721,106.60591261391707
JPO Tanpa Nama,-6.2339771123498595,106.99241093827204
Jalan Tol Kunciran–Serpong,-6.222394400000001,106.67088875000002
JPO Tanpa Nama,-6.137689418415935,106.87070081313759
JPO Tanpa Nama,-6.157918614532775,106.85133455484682
JPO Tanpa Nama,-6.14049565,106.85690915
JPO Tanpa Nama,-6.140388332374805,106.85689204676413
JPO Tanpa Nama,-6.147205605305406,106.85814015047706
JPO Tanpa Nama,-6.2911383999999995,106.8864365
JPO Tanpa Nama,-6.2431845500000005,106.85826385
JPO Tanpa Nama,-6.242885189194485,106.85789605594302
JPO Tanpa Nama,-6.242860499999999,106.8586455
JPO Tanpa Nama,-6.242930549158365,106.85826028918278
JPO Tanpa Nama,-6.242853199999999,106.8583093
JPO Tanpa Nama,-6.242822350897728,106.85841544821231
JPO Tanpa Nama,-6.242824892480363,106.85834083243786
JPO Tanpa Nama,-6.24244186307462,106.85857834480709
JPO Tanpa Nama,-6.24264415,106.85859310000001
JPO Tanpa Nama,-6.242727210722908,106.85855714262301
JPO Tanpa Nama,-6.242806302596472,106.85793033968979
JPO Tanpa Nama,-6.242805120123017,106.85846552581575
JPO Tanpa Nama,-6.24285345,106.85811425
JPO Tanpa Nama,-6.242845979575534,106.85802705077772
JPO Tanpa Nama,-6.24284405,106.85808285
JPO Tanpa Nama,-6.2428554,106.85802784999998
Semeru V,-6.27179655580867,107.03271006285051
JPO Tanpa Nama,-6.2331087499999995,106.82167079999999
JPO Tanpa Nama,-6.2268687499999995,106.8176471
JPO Tanpa Nama,-6.2389251,106.81582905000002
JPO Tanpa Nama,-6.25773665,106.86970474999998
Jalan Tol Lingkar Luar Jakarta,-6.1605445,106.72715764999998
Jalan Tol Lingkar Luar Jakarta,-6.162141562875972,106.72712525482291
Jalan Tol Lingkar Luar Jakarta,-6.20200555,106.7365427
Jalan Tol Lingkar Luar Jakarta,-6.1986284000000005,106.73485135
JPO Tanpa Nama,-6.236580697168559,106.79846374075431
JPO Tanpa Nama,-6.20483515,106.82204415
JPO Tanpa Nama,-6.20491245,106.82207045
JPO Tanpa Nama,-6.2044061500000005,106.82266565
Jembatan Penyeberangan Orang Dukuh Atas,-6.2048745499999995,106.82234015
JPO Tanpa Nama,-6.2228731999999995,106.62937024999998
JPO Tanpa Nama,-6.15543715,106.81812310000002
JPO Tanpa Nama,-6.15528505,106.8181064
JPO Tanpa Nama,-6.1295044,106.8894179
Jalan Tol Lingkar Luar Jakarta,-6.1494432,106.94015290000002
Jalan Tol Lingkar Luar Jakarta,-6.15001075,106.94019035
Jalan Tol Pelabuhan,-6.128427500000001,106.88760475000001
Jalan Tol Pelabuhan,-6.1306863,106.80909915000001
Jalan Tol Pelabuhan,-6.13054805,106.80963500000001
Jalan Tol Cawang–Pluit,-6.136295209405729,106.7859405594103
Jalan Tol Cawang–Pluit,-6.135673199999999,106.78577659999999
Jalan Tol Cawang–Pluit,-6.135208849999999,106.7856329
Jalan Tol Lingkar Dalam Jakarta,-6.242918731858042,106.87728247148966
Jalan Tol Bekasi–Cawang–Kampung Melayu,-6.248143420392295,106.92682968949482
Jalan Tol Bekasi–Cawang–Kampung Melayu,-6.24997915,106.9419528
Jalan Tol Bekasi–Cawang–Kampung Melayu,-6.249516569238508,106.93723728452294
Jalan Tol Pelabuhan,-6.1255775,106.8523826
Jalan Tol Pelabuhan,-6.1294291920939985,106.83345904284087
Jalan Tol Akses Tanjung Priok,-6.12145175,106.92627350000001
Jalan Tol Pelabuhan,-6.131791240915511,106.820853929849
Jalan Tol Pelabuhan,-6.130903271845118,106.81770037142819
JPO Tanpa Nama,-6.115463050000001,106.73540739999999
Jalan Tol Insinyur Wiyoto Wiyono,-6.1808628,106.87578585
Jalan Tol Insinyur Wiyoto Wiyono,-6.18022635,106.875823
JPO Tanpa Nama,-6.1565624,106.72728230000001
JPO Tanpa Nama,-6.1561214500000006,106.72731415000001
Jalan Tol Bekasi–Cawang–Kampung Melayu,-6.2398979729795405,106.8931975883714
Jalan Tol Bekasi–Cawang–Kampung Melayu,-6.242573582352912,106.89706263495015
Jalan Tol Bekasi–Cawang–Kampung Melayu,-6.2485307,106.91402255
Jalan Tol Bekasi–Cawang–Kampung Melayu,-6.246773082225882,106.90701943571284
Jalan Tol Insinyur Wiyoto Wiyono,-6.2267183500000005,106.87513835
Jalan Tol Insinyur Wiyoto Wiyono,-6.220915031753252,106.87446410238198
Jalan Tol Insinyur Wiyoto Wiyono,-6.2041716000000005,106.87343440000002
JPO Tanpa Nama,-6.38018815,106.92200005000001
Jalan Tol Bekasi–Cawang–Kampung Melayu,-6.2374217000000005,106.87753175
Jalan Tol Lingkar Wiyoto Wiyono,-6.14468504932493,106.8903703429989
JPO Tanpa Nama,-6.12081515,106.7318904
Jalan Tol Lingkar Luar Jakarta,-6.122056000000001,106.73112879999998
Jalan Tol Lingkar Luar Jakarta,-6.183821050000001,106.72984685
Jalan Tol Lingkar Luar Jakarta,-6.18252165,106.72952195
JPO Tanpa Nama,-6.32087915,106.84949945
JPO Tanpa Nama,-6.3203757,106.8500562
JPO Tanpa Nama,-6.316027200000001,106.8579007
JPO Tanpa Nama,-6.2759560013108615,106.79773702662438
JPO Tanpa Nama,-6.3306311,106.8468553
Jalan Haji Batong I,-6.2850095999999995,106.79164155000002
JPO Tanpa Nama,-6.2896544500000005,106.79540035
Gang Masjid 3,-6.277132600000001,106.79482854999999
JPO Tanpa Nama,-6.3251536999999995,106.8640482
JPO Tanpa Nama,-6.267004200000001,106.797188
JPO Tanpa Nama,-6.266265850000001,106.79722784999998
Jalan Pamitran,-6.31837235,106.85931645
JPO Tanpa Nama,-6.2507697,106.8096403
JPO Tanpa Nama,-6.24261795,106.8123419
JPO Tanpa Nama,-6.2396497,106.81890204999999
JPO Tanpa Nama,-6.242844099999999,106.8583595
JPO Tanpa Nama,-6.24274905,106.85853894999998
JPO Tanpa Nama,-6.24287275,106.8581149
JPO Tanpa Nama,-6.24287435,106.85802879999999
JPO Tanpa Nama,-6.242846950000001,106.85797554999999
Jalan Pamitran,-6.31943515,106.85963925
JPO Tanpa Nama,-6.25767095,106.92526085
JPO Tanpa Nama,-6.25807555,106.92529429999999
JPO Tanpa Nama,-6.270526450000001,107.01534085000002
JPO Tanpa Nama,-6.263665354411692,107.01983301148957
JPO Tanpa Nama,-6.251140608683309,106.98601056614395
JPO Tanpa Nama,-6.205560800000001,106.87377330000001
Jalan Tol Insinyur Wiyoto Wiyono,-6.23142575,106.87625109999999
Jalan Tol Insinyur Wiyoto Wiyono,-6.229194923241964,106.87571909952112
Jalan Tol Insinyur Wiyoto Wiyono,-6.2314018,106.87635355
Jalan Tol Insinyur Wiyoto Wiyono,-6.229601378295866,106.87591714572643
JPO Tanpa Nama,-6.231441469471065,106.87616491638133
JPO Tanpa Nama,-6.2728949499999995,106.87313375
JPO Tanpa Nama,-6.133526006953772,106.93416946608991
JPO Tanpa Nama,-6.0894011500000005,106.7409376
JPO Tanpa Nama,-6.0886903,106.7398692
JPO Tanpa Nama,-6.0890363250211195,106.7403932492069
Jalur KA Manggarai-Jatinegara,-6.210418605795769,106.85039020431068
Jalur KA Manggarai-Jatinegara,-6.211119210828385,106.85077226168728
Jalur KA Manggarai-Jatinegara,-6.211366866622225,106.85100319753735
Jalur KA Manggarai-Jatinegara,-6.2112236568902786,106.85060871290227
JPO Tanpa Nama,-6.2911916517109265,107.04037046092456
JPO Tanpa Nama,-6.3172227,107.0413623
JPO Tanpa Nama,-6.0962780500000004,106.93561815000001
JPO Tanpa Nama,-6.3460718499999995,106.79729685
JPO Tanpa Nama,-6.3006417,106.78752075
JPO Tanpa Nama,-6.30051085,106.7894799
Gang Haji Jiah,-6.2628828500000004,106.7391311
JPO Tanpa Nama,-6.193535150000001,106.89866915
JPO Tanpa Nama,-6.192240942931036,106.90521571180288
JPO Tanpa Nama,-6.309531465409907,106.80354999953843
JPO Tanpa Nama,-6.320792349999999,106.80365460000002
JPO Tanpa Nama,-6.3207629999999995,106.8033542
JPO Tanpa Nama,-6.3278398,106.80112940000001
JPO Tanpa Nama,-6.327746299999999,106.80087040000002
JPO Tanpa Nama,-6.333100539465199,106.9201372476761
JPO Tanpa Nama,-6.340150550000001,106.9187291
JPO Tanpa Nama,-6.3402005,106.9188627
JPO Tanpa Nama,-6.34020275257956,106.91878239378205
JPO Tanpa Nama,-6.342416699999999,106.91826449999999
JPO Tanpa Nama,-6.3301210999999995,106.91996979999999
JPO Tanpa Nama,-6.3388475500000006,106.91805930000001
JPO Tanpa Nama,-6.336187349999999,106.91928110000002
JPO Tanpa Nama,-6.340632500000001,106.91880125
JPO Tanpa Nama,-6.25188825,106.84255999999999
JPO Tanpa Nama,-6.177634597455033,106.8430482764828
JPO Tanpa Nama,-6.176592331557729,106.84344973770622
JPO Tanpa Nama,-6.175934382933928,106.8440650074684
JPO Tanpa Nama,-6.17612692871503,106.8440325009072
JPO Tanpa Nama,-6.23269785,106.86571645000002
JPO Tanpa Nama,-6.2532178,106.99013545
Jalan Mampang Prapatan XX,-6.256341840994671,106.82977485560652
JPO Tanpa Nama,-6.3010448,106.6421603
JPO Tanpa Nama,-6.301021028765646,106.64246053826848
JPO Tanpa Nama,-6.301004981360691,106.64267516607028
JPO Tanpa Nama,-6.300987860640058,106.64288603295935
JPO Tanpa Nama,-6.3009743,106.6430572
JPO Tanpa Nama,-6.300960913073348,106.64322679700294
JPO Tanpa Nama,-6.3009419,106.6434369
JPO Tanpa Nama,-6.3009222953140664,106.64364870441574
JPO Tanpa Nama,-6.300851626700519,106.64432451257959
JPO Tanpa Nama,-6.300615431523576,106.64446888968287
JPO Tanpa Nama,-6.301245585756404,106.64466583146016
JPO Tanpa Nama,-6.300847463852489,106.64438627055226
JPO Tanpa Nama,-6.300843394307423,106.64443619298311
JPO Tanpa Nama,-6.3008369,106.6444821
JPO Tanpa Nama,-6.300851699999999,106.64425850000002
JPO Tanpa Nama,-6.300939143551134,106.6443023983003
JPO Tanpa Nama,-6.300961499154219,106.64443118840494
JPO Tanpa Nama,-6.300880599999999,106.64440335
JPO Tanpa Nama,-6.301039216136546,106.64446050443011
JPO Tanpa Nama,-6.301073847833241,106.64449505177427
JPO Tanpa Nama,-6.3011014,106.64452445
JPO Tanpa Nama,-6.301041942195349,106.64432608755061
JPO Tanpa Nama,-6.301095861784697,106.64431292868188
JPO Tanpa Nama,-6.3010409,106.64434109999999
JPO Tanpa Nama,-6.30103967516401,106.6443885508056
JPO Tanpa Nama,-6.3010374,106.6444376
JPO Tanpa Nama,-6.300868599999999,106.64476619999999
JPO Tanpa Nama,-6.2388929,106.81259455
JPO Tanpa Nama,-6.3976200500000004,106.8204005
JPO Tanpa Nama,-6.232789405355143,106.80065949997879
JPO Tanpa Nama,-6.2388758499999994,106.7986229
JPO Tanpa Nama,-6.2376366,106.8001335
JPO Tanpa Nama,-6.236471546651728,106.80176584500748
JPO Tanpa Nama,-6.17549155,106.88223155
JPO Tanpa Nama,-6.1759557,106.88038119999999
JPO Tanpa Nama,-6.17513335,106.88074105
JPO Tanpa Nama,-6.17555015,106.88061164999999
JPO Tanpa Nama,-6.33652676937458,106.64563693594121
Jalan Nn,-6.33718705,106.64610605
JPO Tanpa Nama,-6.302088849962742,106.8876056031199
JPO Tanpa Nama,-6.302053524707363,106.89378581620112
JPO Tanpa Nama,-6.30543208378445,106.89536888595717
JPO Tanpa Nama,-6.305451,106.89478030000001
JPO Tanpa Nama,-6.305396917115478,106.89474064345356
JPO Tanpa Nama,-6.305504273918193,106.89540678367644
JPO Tanpa Nama,-6.301639429307389,106.89412989266745
JPO Tanpa Nama,-6.30203828017107,106.89390695717512
JPO Tanpa Nama,-6.30459915,106.89648034999999
JPO Tanpa Nama,-6.304998417981442,106.89722811119465
JPO Tanpa Nama,-6.304989152109245,106.89640623016302
JPO Tanpa Nama,-6.3050338,106.896687
JPO Tanpa Nama,-6.3048642511696595,106.89660162424309
JPO Tanpa Nama,-6.3050353,106.89681105
JPO Tanpa Nama,-6.3050368,106.89693175
JPO Tanpa Nama,-6.305349208378185,106.89719135338237
JPO Tanpa Nama,-6.306065800000002,106.8968017
JPO Tanpa Nama,-6.3059803500000005,106.89680165000001
JPO Tanpa Nama,-6.3048914499999995,106.8968199
JPO Tanpa Nama,-6.30377565,106.89687175
JPO Tanpa Nama,-6.3037749000000005,106.8967581
JPO Tanpa Nama,-6.3043063,106.89736315000002
JPO Tanpa Nama,-6.304603950000001,106.8968303
JPO Tanpa Nama,-6.304596961414073,106.8967842726703
JPO Tanpa Nama,-6.302088133831828,106.88851594371285
JPO Tanpa Nama,-6.33775935,106.8962385
JPO Tanpa Nama,-6.197070431270175,106.9301004531343
JPO Tanpa Nama,-6.21592945,106.79543185
JPO Tanpa Nama,-6.22456385,106.7983778
JPO Tanpa Nama,-6.2003714500000005,106.82268765
JPO Tanpa Nama,-6.20106145,106.8225387
JPO Tanpa Nama,-6.201934779440632,106.82235656724663
JPO Tanpa Nama,-6.20201265,106.82253134999999
JPO Tanpa Nama,-6.2004686499999995,106.82284455
JPO Tanpa Nama,-6.20154482167307,106.8226774227291
JPO Tanpa Nama,-6.2016155,106.82270664999999
JPO Tanpa Nama,-6.20169878183974,106.8228239046145
JPO Tanpa Nama,-6.201959721266328,106.8225986874323
JPO Tanpa Nama,-6.202060449999999,106.822585
JPO Tanpa Nama,-6.20166635,106.8227719
JPO Tanpa Nama,-6.20119182252585,106.82275288395677
JPO Tanpa Nama,-6.2006981222369895,106.82272722229595
JPO Tanpa Nama,-6.2013638506815605,106.8225787448494
Jalan Kelapa Dua Raya,-6.36358935,106.84308
JPO Tanpa Nama,-6.18321325,106.89145450000001
JPO Tanpa Nama,-6.1838118,106.89137835000001
JPO Tanpa Nama,-6.18420985,106.89142985
JPO Tanpa Nama,-6.1829249,106.8915722
JPO Tanpa Nama,-6.183513124413863,106.89144788080425
JPO Tanpa Nama,-6.183572644522596,106.89118172632188
JPO Tanpa Nama,-6.182191400000001,106.89138835
JPO Tanpa Nama,-6.182971894719004,106.89125570304144
JPO Tanpa Nama,-6.1839300999999995,106.89122925
JPO Tanpa Nama,-6.1842629,106.8911469
JPO Tanpa Nama,-6.229022975885374,107.05351802991912
JPO Tanpa Nama,-6.229532395439215,107.05334729743852
JPO Tanpa Nama,-6.310218450000001,106.88184054999999
JPO Tanpa Nama,-6.3109438,106.88217445000001
JPO Tanpa Nama,-6.3820467,106.75344014999997
JPO Tanpa Nama,-6.377277749999999,106.7232692
Jalan Dasa IV,-6.25876215,106.7852567
JPO Tanpa Nama,-6.2631601,106.78476850000001
JPO Tanpa Nama,-6.2630439,106.78466585
Jalan Kalisari,-6.3403347,106.8666979
JPO Tanpa Nama,-6.2110008,106.98107730000001
JPO Tanpa Nama,-6.259139,106.9536977
JPO Tanpa Nama,-6.2591393,106.9536521
JPO Tanpa Nama,-6.35171455,106.84305710000001
JPO Tanpa Nama,-6.20785115,106.84815385
Jalur Kereta Api Jakarta Kota–Bogor,-6.2078509,106.8481605
Jalur Kereta Api Tanah Abang–Manggarai,-6.20789625,106.848102
JPO Tanpa Nama,-6.245544848650737,106.88889566073406
JPO Tanpa Nama,-6.245798,106.88853375000001
JPO Tanpa Nama,-6.245468906770251,106.88875710996146
JPO Tanpa Nama,-6.245743200000001,106.88830960000001
JPO Tanpa Nama,-6.180064946982827,106.89714909062623
JPO Tanpa Nama,-6.1800027,106.8971691
JPO Tanpa Nama,-6.180123599999999,106.89713025000002
JPO Tanpa Nama,-6.3061098499999995,106.66921759999998
JPO Tanpa Nama,-6.3062546,106.66898465
JPO Tanpa Nama,-6.306398749999999,106.66875085
JPO Tanpa Nama,-6.30576535,106.6490724
JPO Tanpa Nama,-6.30528141192169,106.65182138530729
JPO Tanpa Nama,-6.3072534000000005,106.64376915
JPO Tanpa Nama,-6.306554899999999,106.64282115000002
JPO Tanpa Nama,-6.24854482479563,106.9134698325075
JPO Tanpa Nama,-6.2480571,106.91517445
JPO Tanpa Nama,-6.2868679499999995,106.72861554999999
JPO Tanpa Nama,-6.285207426768126,106.72883013188002
JPO Tanpa Nama,-6.285523278821845,106.72870726606934
JPO Tanpa Nama,-6.284379380230693,106.72846698719354
JPO Tanpa Nama,-6.224789749999999,106.8723697
JPO Tanpa Nama,-6.23003035,106.86720825
JPO Tanpa Nama,-6.192136550000001,106.87369665
JPO Tanpa Nama,-6.3224124,106.86488615
JPO Tanpa Nama,-6.240068010627533,106.83118557771176
JPO Tanpa Nama,-6.23881525,106.83077064999999
JPO Tanpa Nama,-6.239001,106.8304924
JPO Tanpa Nama,-6.1772947,106.87598105000001
JPO Tanpa Nama,-6.19288725,106.8799238
Jalan Tol Pelabuhan II,-6.123006409650853,106.86141623392629
JPO Tanpa Nama,-6.298962749999999,106.93396634999999
JPO Tanpa Nama,-6.38613705,106.82600255
JPO Tanpa Nama,-6.3863992,106.8257525
JPO Tanpa Nama,-6.22483795,106.85491479999999
JPO Tanpa Nama,-6.2247875,106.84120695
JPO Tanpa Nama,-6.224779,106.8413679
JPO Tanpa Nama,-6.225079100000001,106.84140205
JPO Tanpa Nama,-6.225086149999999,106.8412346
JPO Tanpa Nama,-6.233438302057689,106.83163507166724
JPO Tanpa Nama,-6.2331943,106.83130805
JPO Tanpa Nama,-6.22544225,106.8343727
JPO Tanpa Nama,-6.225126676582897,106.84132455060386
JPO Tanpa Nama,-6.23511085,106.82168745
JPO Tanpa Nama,-6.2352255,106.82132379999999
JPO Tanpa Nama,-6.216911650000001,106.81556175
JPO Tanpa Nama,-6.232825670131888,106.82199303197946
JPO Tanpa Nama,-6.227122,106.81729535
JPO Tanpa Nama,-6.23322191024644,106.82157153936369
JPO Tanpa Nama,-6.2329146,106.8219154
JPO Tanpa Nama,-6.309762154876984,106.8820465727795
JPO Tanpa Nama,-6.21276555,106.86121299999999
JPO Tanpa Nama,-6.21276665,106.86125385
JPO Tanpa Nama,-6.212569749750295,106.86083052192687
JPO Tanpa Nama,-6.1788384,106.83100275000001
JPO Tanpa Nama,-6.17483515,106.83048145000001
JPO Tanpa Nama,-6.168310249999999,106.8304109
JPO Tanpa Nama,-6.168236484883172,106.83086992068903
JPO Tanpa Nama,-6.167801315622682,106.83042384551466
JPO Tanpa Nama,-6.167891712119934,106.83048332644368
JPO Tanpa Nama,-6.1678908,106.83047575
JPO Tanpa Nama,-6.275880511102807,106.62369924782124
JPO Tanpa Nama,-6.275928748655773,106.6253806250097
JPO Tanpa Nama,-6.167497495080489,106.82550549762273
JPO Tanpa Nama,-6.136934,106.83251849999999
Transjakarta Busway Koridor 12,-6.135041009637793,106.83169141706442
JPO Tanpa Nama,-6.109615526962961,106.88186429672417
JPO Tanpa Nama,-6.110123500226936,106.8927970095184
JPO Tanpa Nama,-6.1101276,106.8927065
Jalan Bukit Indah,-6.315602600000001,106.72151075000001
JPO Tanpa Nama,-6.13765295,106.81756625
JPO Tanpa Nama,-6.135469546220647,106.81149198712785
Transjakarta Busway Koridor 12,-6.1377273,106.8169276
JPO Tanpa Nama,-6.13385395,106.81235925
JPO Tanpa Nama,-6.30908155,106.8802636
JPO Tanpa Nama,-6.3091102,106.88041985
JPO Tanpa Nama,-6.3119204500000015,106.88237335000001
JPO Tanpa Nama,-6.31173955,106.88247659999999
JPO Tanpa Nama,-6.316684499999999,106.88253935
JPO Tanpa Nama,-6.317270799999999,106.88293365000001
JPO Tanpa Nama,-6.316878949142663,106.88310296080714
JPO Tanpa Nama,-6.315988288176277,106.88302764858386
JPO Tanpa Nama,-6.1157725962321114,106.79060764994419
JPO Tanpa Nama,-6.32336015,106.88620385
JPO Tanpa Nama,-6.324183892528202,106.8863020796729
JPO Tanpa Nama,-6.3236994499999994,106.8863361
JPO Tanpa Nama,-6.323782099700256,106.8864066999944
JPO Tanpa Nama,-6.323613991777434,106.88639479979135
Transjakarta Busway Koridor 10,-6.1624847,106.8814744
JPO Tanpa Nama,-6.23291725,106.89058450000002
JPO Tanpa Nama,-6.28509805,106.87578339999997
Jalur Kereta Api Jakarta Kota–Bogor,-6.2029311499999995,106.84457765
Jalur Kereta Api Jakarta Kota–Bogor,-6.201418050000001,106.84338979999998
Jalur Kereta Api Jakarta Kota–Bogor,-6.20173105,106.8436258
JPO Tanpa Nama,-6.3026777,106.92957555000002
JPO Tanpa Nama,-6.2412112,106.83500654999999
JPO Tanpa Nama,-6.23855805,106.8305391
JPO Tanpa Nama,-6.23919595,106.8306065
JPO Tanpa Nama,-6.3121544499999995,106.90921765
JPO Tanpa Nama,-6.2393133,106.88934015
JPO Tanpa Nama,-6.23947405,106.88934474999999
JPO Tanpa Nama,-6.2397247499693576,106.88939466240255
JPO Tanpa Nama,-6.22196685,106.8137802
JPO Tanpa Nama,-6.2269245,106.81719495
JPO Tanpa Nama,-6.2289216,106.81856065
JPO Tanpa Nama,-6.2289738,106.8192318
JPO Tanpa Nama,-6.23261335,106.8217832
JPO Tanpa Nama,-6.2330254499999995,106.82144095
Jalan Rajawali Raya,-6.2618842,106.8878766
JPO Tanpa Nama,-6.2629114999999995,106.8890629
JPO Tanpa Nama,-6.23648845,106.90488425000002
JPO Tanpa Nama,-6.2067755,106.8869559
JPO Tanpa Nama,-6.19344595,106.88788790000001
JPO Tanpa Nama,-6.2255838,106.81289955000001
JPO Tanpa Nama,-6.266276649999999,106.9225007
JPO Tanpa Nama,-6.2662829,106.92243965
JPO Tanpa Nama,-6.2662706,106.92256004999999
JPO Tanpa Nama,-6.343309799999999,106.964968
JPO Tanpa Nama,-6.22615795,106.88577405000001
JPO Tanpa Nama,-6.218722942587157,106.88432324461205
Jalan DPR Raya,-6.254027600000001,106.85075475000001
Gang Bhima I,-6.2187027,106.90243304999998
Gang Bhima I,-6.2187608,106.90242860000001
JPO Tanpa Nama,-6.2171769999999995,106.9082497
Jalan Tegal Amba,-6.222808949999999,106.90470810000001
JPO Tanpa Nama,-6.22742255,106.90071695
JPO Tanpa Nama,-6.195920433264317,106.87741634671158
Jalan Letnan Jenderal MT Haryono,-6.2447685,106.8684232
JPO Tanpa Nama,-6.2787833499999985,106.84539129999999
JPO Tanpa Nama,-6.27738145,106.84571840000001
JPO Tanpa Nama,-6.289948051808092,106.94775701523103
JPO Tanpa Nama,-6.297593749999999,106.83919555
JPO Tanpa Nama,-6.244712432297961,106.9016257210795
Jalan Gampit Raya,-6.277912799999999,106.91888335
JPO Tanpa Nama,-6.268386100000001,106.84576305
JPO Tanpa Nama,-6.270040404881096,106.8308120889112
JPO Tanpa Nama,-6.261816222682625,106.84518325397555
JPO Tanpa Nama,-6.259545705652587,106.91797776242892
JPO Tanpa Nama,-6.264759765974035,106.83056450922696
JPO Tanpa Nama,-6.266765884554651,106.83471928643473
JPO Tanpa Nama,-6.271342349999999,106.92171695
JPO Tanpa Nama,-6.27421985,106.8304088
JPO Tanpa Nama,-6.27428115,106.83021495
JPO Tanpa Nama,-6.285796899999999,106.82611475
JPO Tanpa Nama,-6.274137700000001,106.83031345
JPO Tanpa Nama,-6.20932515,107.03047015
JPO Tanpa Nama,-6.209355,107.03056880000001
JPO Tanpa Nama,-6.209293000000001,107.03039265
Jalan Samali Ujung II,-6.26638785,106.83290485
JPO Tanpa Nama,-6.160815030264532,106.79051293656656
JPO Tanpa Nama,-6.160721620939265,106.79082880723129
JPO Tanpa Nama,-6.160713599999999,106.7906788
JPO Tanpa Nama,-6.296573861615921,106.78584131345538
JPO Tanpa Nama,-6.239208878796178,106.80740785929986
JPO Tanpa Nama,-6.239203198412181,106.80750131855316
JPO Tanpa Nama,-6.2393937,106.78518165
JPO Tanpa Nama,-6.239467066020259,106.78481612019162
JPO Tanpa Nama,-6.238968007743422,106.7859113619885
JPO Tanpa Nama,-6.2392505499999995,106.78514465
JPO Tanpa Nama,-6.23926865,106.78515949999999
JPO Tanpa Nama,-6.239521926835313,106.78507998188951
JPO Kebayoran Lama,-6.239350434197842,106.78498712743823
JPO Tanpa Nama,-6.2386722173649405,106.78297250156312
JPO Tanpa Nama,-6.238671333762956,106.78311189205577
Jalan Mampang Prapatan XIV,-6.251387749999999,106.83134294999999
Jalan Bintang III,-6.36172275,106.86481785000001
Jalan Musholla At Taubah,-6.368231949999999,106.85448354999998
Jalan Musholla At Taubah,-6.36822995,106.85410875
JPO Tanpa Nama,-6.12990905,106.77372445
JPO Tanpa Nama,-6.12999165,106.77385895
JPO Tanpa Nama,-6.1299654,106.7738209
JPO Tanpa Nama,-6.12990625,106.7736339
Gang Sawah,-6.125502949999999,106.7735265
JPO Tanpa Nama,-6.127310200000001,106.7736398
JPO Tanpa Nama,-6.1138074499999995,106.73614069999999
JPO Tanpa Nama,-6.1137052999999995,106.73621754999999
JPO Tanpa Nama,-6.114043799999998,106.7348284
JPO Tanpa Nama,-6.3578508,106.8529121
JPO Tanpa Nama,-6.357842899999999,106.85296419999999
JPO Tanpa Nama,-6.2294923,106.90165034999998
Jalan Anjasmara V,-6.39451895,106.83599564999999
JPO Tanpa Nama,-6.223045450000001,106.92329034999999
JPO Tanpa Nama,-6.228934400000001,106.9147515
JPO Tanpa Nama,-6.217025696894765,106.93365212376243
JPO Tanpa Nama,-6.2122610499999995,106.9454472
JPO Tanpa Nama,-6.212550200000001,106.94053844999999
JPO Tanpa Nama,-6.21225725,106.94056855
Transjakarta Busway Koridor 10,-6.2150400999999995,106.87436985
Jalan Bekasi Raya,-6.1837720452443445,106.92630034985335
Jalan Bekasi Raya,-6.183534144126511,106.92627612567607
JPO Tanpa Nama,-6.183404383774282,106.92455845749414
JPO Tanpa Nama,-6.21516105,106.87350205000001
JPO Tanpa Nama,-6.21535765,106.87408545000001
JPO Tanpa Nama,-6.21534925,106.87435105
Jembatan Penyeberangan Orang Stasiun Jatinegara,-6.2145996,106.87215675
Transjakarta Busway Koridor 11,-6.21570805,106.8669814
JPO Tanpa Nama,-6.220214095751342,106.8743412071291
JPO Tanpa Nama,-6.215236664746623,106.8698926707374
JPO Tanpa Nama,-6.2217696,106.86808115
JPO Tanpa Nama,-6.21431375,106.93960394999999
JPO Tanpa Nama,-6.193544749999999,106.79748300000001
JPO Tanpa Nama,-6.193725649999999,106.79751055
JPO Tanpa Nama,-6.191869,106.92275595000001
JPO Tanpa Nama,-6.1941621,106.92263585
JPO Tanpa Nama,-6.19758925,106.92215885000002
Jalan Raya Cisauk,-6.325400682583289,106.63998556662656
Transjakarta Busway Koridor 6,-6.279089600000001,106.82929759999999
JPO Tanpa Nama,-6.175132719912948,106.84511328993649
JPO Tanpa Nama,-6.175476854933464,106.84481373820888
JPO Tanpa Nama,-6.22652555,106.93670159999999
Jalan Malaka Hijau,-6.224883804334221,106.93999048626043
JPO Tanpa Nama,-6.19599565,106.9052857
JPO Tanpa Nama,-6.19943155,106.90489305
JPO Tanpa Nama,-6.203118300000001,106.90409455
JPO Tanpa Nama,-6.236439394002804,106.74772085093281
JPO Tanpa Nama,-6.236432835058575,106.7477148400309
JPO Tanpa Nama,-6.208809156298237,106.83003124301062
JPO Tanpa Nama,-6.2087435499999994,106.8303748
JPO Tanpa Nama,-6.208697850000001,106.83006440000001
JPO Tanpa Nama,-6.210022348431018,106.8302372045915
JPO Tanpa Nama,-6.21676465,106.92970675000001
JPO Tanpa Nama,-6.21685895,106.9296975
JPO Tanpa Nama,-6.2166699,106.92971605
JPO Tanpa Nama,-6.2202515,106.9361976
JPO Tanpa Nama,-6.185545599999999,106.9066608
JPO Tanpa Nama,-6.1943142,106.90551270000002
JPO Tanpa Nama,-6.19495805,106.90542625
JPO Tanpa Nama,-6.191162064156153,106.9369647335314
JPO Tanpa Nama,-6.243641019374774,106.89076945793742
JPO Tanpa Nama,-6.2436469720393095,106.89076245656123
JPO Tanpa Nama,-6.2160797,106.9258317
JPO Tanpa Nama,-6.215847549999999,106.92417075
JPO Tanpa Nama,-6.2160794,106.92432769999999
Gang Swadaya III,-6.213626400000001,106.93774715
JPO Tanpa Nama,-6.238039949999999,106.77149305
JPO Tanpa Nama,-6.237822049106943,106.76564319829296
JPO Tanpa Nama,-6.237900202473698,106.76550275206479
JPO Tanpa Nama,-6.2377329,106.7655595
JPO Tanpa Nama,-6.237792350000001,106.76520655
JPO Tanpa Nama,-6.235999345599847,106.75516002556124
JPO Tanpa Nama,-6.236038000000001,106.7550947
JPO Tanpa Nama,-6.196075199999999,106.92405445
JPO Tanpa Nama,-6.378362603550714,106.8857781644495
JPO Tanpa Nama,-6.3622693,106.87746625
JPO Tanpa Nama,-6.31070275,106.92442034999999
JPO Tanpa Nama,-6.289442670390989,106.77671392873322
JPO Tanpa Nama,-6.28943675,106.7743113
JPO Tanpa Nama,-6.2894501,106.7743518
JPO Tanpa Nama,-6.289418268916027,106.77426871160183
JPO Tanpa Nama,-6.289436399999999,106.77564604999999
Transjakarta Busway Koridor 8,-6.2611056000000005,106.78195980000001
Jalan Rusunawa Pesakih,-6.15500205,106.7158841
Jalan Rusunawa Pesakih,-6.1549636,106.71594895000001
JPO Tanpa Nama,-6.154977751142649,106.71496182343634
JPO Tanpa Nama,-6.153090861998648,106.71892243683342
JPO Tanpa Nama,-6.1540003500000005,106.72667675
JPO Tanpa Nama,-6.154844439193116,106.73082000021824
JPO Tanpa Nama,-6.154602301885094,106.73838943903137
Transjakarta Busway Koridor 3,-6.1553092,106.7480089
Transjakarta Busway Koridor 8,-6.22676065,106.78919045
JPO Tanpa Nama,-6.218273087362621,106.7774322325798
JPO Tanpa Nama,-6.213058931194248,106.77232479056295
JPO Tanpa Nama,-6.388613474084979,106.94134746403643
JPO Tanpa Nama,-6.221083702149477,106.8320894157015
JPO Tanpa Nama,-6.2210858,106.83212685000001
JPO Tanpa Nama,-6.163543708418213,106.77562490601089
JPO Tanpa Nama,-6.215767700000001,106.62748975
JPO Tanpa Nama,-6.21605835,106.62716655
JPO Tanpa Nama,-6.215378445880709,106.62797517928809
"Transjakarta Busway Koridor 3, 8",-6.16677855,106.78800039999999
JPO Tanpa Nama,-6.1771027499999995,106.8000859
Transjakarta Busway Koridor 8,-6.1733607,106.8056424
Transjakarta Busway Koridor 8,-6.170996649999999,106.8109834
JPO Tanpa Nama,-6.171100391565162,106.81043359212697
JPO Tanpa Nama,-6.1662363,106.79765355
JPO Tanpa Nama,-6.169926596558744,106.81732671823409
Transjakarta Busway Koridor 3,-6.16564245,106.8105146
JPO Tanpa Nama,-6.3813931,106.87069595
JPO Tanpa Nama,-6.381698200000001,106.87065000000001
JPO Tanpa Nama,-6.3814045,106.87073475
JPO Tanpa Nama,-6.38200705,106.8706035
JPO Tanpa Nama,-6.38197205,106.87051919999999
Gang Mekar 2,-6.38089675,106.8680196
JPO Tanpa Nama,-6.3508361,106.83879685
JPO Tanpa Nama,-6.312205355742181,106.8613709391347
JPO Tanpa Nama,-6.312172951853997,106.86141190479346
Jalan Persada,-6.38264755,106.8803255
JPO Tanpa Nama,-6.362200277044603,106.87545683753986
JPO Tanpa Nama,-6.3172545,106.81929505
Jalan Haji Amat,-6.359924799999999,106.8207674
JPO Tanpa Nama,-6.34194415,106.86915315
JPO Tanpa Nama,-6.328227450000001,106.8645029
JPO Tanpa Nama,-6.32938035,106.86581795000001
JPO Tanpa Nama,-6.31474475,106.86282015
JPO Tanpa Nama,-6.31471,106.86291775000001
JPO Tanpa Nama,-6.314664949999999,106.86304435
JPO Tanpa Nama,-6.3185087499999995,106.8644151
Jalan Eka Darma,-6.320426250000001,106.864947
JPO Tanpa Nama,-6.3205684,106.86518740000001
JPO Tanpa Nama,-6.32124475,106.86491694999998
JPO Tanpa Nama,-6.127038349999999,106.65266835
JPO Tanpa Nama,-6.127192342602359,106.65273040371484
JPO Tanpa Nama,-6.24936895,106.95723385
JPO Tanpa Nama,-6.249625800000001,106.96010645
Jalan Blok Duku,-6.3575581,106.8793991
JPO Tanpa Nama,-6.25659785,106.9373994
Gang Melati,-6.35460505,106.8812316
JPO Tanpa Nama,-6.2689641,106.8667413
Gang Setiabudi,-6.337425514795212,106.8266072520623
JPO Tanpa Nama,-6.28786695,106.67464315000001
Jalan Kenanga I,-6.3438196,106.82723419999999
JPO Tanpa Nama,-6.34386985,106.816843
Gang Damai,-6.3427236,106.81794975
JPO Tanpa Nama,-6.21741785,106.83091580000003
JPO Tanpa Nama,-6.228194968838334,106.83320221502261
JPO Tanpa Nama,-6.22812465,106.83296929999999
JPO Tanpa Nama,-6.228216950000001,106.83316449999998
JPO Tanpa Nama,-6.225220277771436,106.85827490541583
JPO Tanpa Nama,-6.22522785,106.858534
JPO Tanpa Nama,-6.2251344,106.85835044999999
Jalur Kereta Api Bandara Soekarno-Hatta,-6.1463281,106.65913094999999
Jalur Kereta Api Bandara Soekarno-Hatta,-6.1463108,106.65916805
JPO Tanpa Nama,-6.1382501000000005,106.96745989999998
JPO Tanpa Nama,-6.138217638710402,106.96808805938845
JPO Tanpa Nama,-6.138423269385399,106.96778611482587
JPO Tanpa Nama,-6.138496862781096,106.96813037075384
JPO Tanpa Nama,-6.138305654337512,106.96748302905749
JPO Tanpa Nama,-6.1377597999999995,106.96646575000001
JPO Tanpa Nama,-6.1377583,106.96683555
JPO Tanpa Nama,-6.138235249999999,106.9684247
JPO Tanpa Nama,-6.138481815375253,106.96700792631253
JPO Tanpa Nama,-6.1382935694808385,106.9679126064692
JPO Tanpa Nama,-6.1376413738477495,106.96678964207985
JPO Tanpa Nama,-6.138150198459656,106.96672609561212
JPO Tanpa Nama,-6.1268291999999995,106.9536665
JPO Tanpa Nama,-6.126891,106.95364845000002
JPO Tanpa Nama,-6.126776278536812,106.95396378823365
JPO Tanpa Nama,-6.262432599194859,106.60746487046582
JPO Tanpa Nama,-6.319341567531653,106.80926810989453
JPO Tanpa Nama,-6.319287783911625,106.80908090966466
JPO Tanpa Nama,-6.319319615579923,106.80922326255006
JPO Tanpa Nama,-6.319827786324669,106.80927089995649
JPO Tanpa Nama,-6.37167585,106.83158375
JPO Tanpa Nama,-6.371785550000001,106.8316374
JPO Tanpa Nama,-6.37184375,106.831657
JPO Tanpa Nama,-6.373783141564017,106.82938430436997
JPO Tanpa Nama,-6.37335,106.8298335
JPO Tanpa Nama,-6.3731212021198225,106.8292635074179
JPO Tanpa Nama,-6.32739135,106.86408895
Gang Anggrek I,-6.3440673,106.83008565
JPO Tanpa Nama,-6.24411785,106.8668291
JPO Tanpa Nama,-6.2440035,106.86645895000001
JPO Tanpa Nama,-6.2436868,106.86698175000002
JPO Tanpa Nama,-6.2849422,106.79589305
Jalan Penggilingan Elok,-6.1957637,106.939064
JPO Tanpa Nama,-6.19773245,106.90498794999999
JPO Tanpa Nama,-6.1976666,106.90514175
JPO Tanpa Nama,-6.183203997702988,106.93037461669257
JPO Tanpa Nama,-6.1830276,106.93031909999999
JPO Tanpa Nama,-6.18315615,106.93042245000001
JPO Tanpa Nama,-6.359719050000001,106.788704
JPO Tanpa Nama,-6.272880799999999,106.87235344999999
JPO Tanpa Nama,-6.28854125,106.8066663
JPO Tanpa Nama,-6.28872215,106.80683015
JPO Tanpa Nama,-6.296000899635024,106.99885124856812
Jalan Mangga Besar Raya,-6.1500275,106.81684615
Jalan Mangga Besar Raya,-6.1500144500000005,106.81690745
Transjakarta Busway,-6.1652929499999995,106.81575699999999
Transjakarta Busway,-6.16462465,106.8201914
JPO Tanpa Nama,-6.13767535,106.81426715
JPO Tanpa Nama,-6.10757205,106.7994453
JPO Tanpa Nama,-6.108760650000001,106.79965735
JPO Tanpa Nama,-6.108160392757913,106.79956503130907
JPO Tanpa Nama,-6.181345500000001,106.82554605
JPO Tanpa Nama,-6.181043250000001,106.8255363
JPO Tanpa Nama,-6.18094065627894,106.8255362697005
JPO Tanpa Nama,-6.181103800000001,106.82570000000001
JPO Tanpa Nama,-6.181100300000001,106.82537444999998
JPO Tanpa Nama,-6.181197139034376,106.82554295071304
JPO Tanpa Nama,-6.341349827621706,106.79913484516815
JPO Tanpa Nama,-6.341574430590258,106.7994488749396
JPO Tanpa Nama,-6.341096800000001,106.79938315
JPO Tanpa Nama,-6.228927150000001,106.80971405
JPO Tanpa Nama,-6.1670160644372,106.78875648931516
JPO Tanpa Nama,-6.2233461000000005,106.80962375
JPO Tanpa Nama,-6.22308045,106.80943210000001
JPO Tanpa Nama,-6.222712499999999,106.8092086
JPO Tanpa Nama,-6.32787,106.80082805
JPO Tanpa Nama,-6.3279622,106.80109080000001
JPO Tanpa Nama,-6.32112085,106.80330804999998
JPO Tanpa Nama,-6.32115525,106.80360775
JPO Tanpa Nama,-6.34507145,106.8239497
JPO Tanpa Nama,-6.323284600000001,106.83480635000001
JPO Tanpa Nama,-6.066225866986479,106.70603325859898
JPO Tanpa Nama,-6.064620732280273,106.70745411557557
JPO Tanpa Nama,-6.065061822446928,106.70705578804544
JPO Tanpa Nama,-6.064992705565897,106.70728967333885
JPO Tanpa Nama,-6.309633065804115,106.88385511586314
JPO Tanpa Nama,-6.20875105,106.8477576
JPO Tanpa Nama,-6.1992562499999995,106.85421045000001
JPO Tanpa Nama,-6.1991125500000015,106.85415835000002
Gang Batu Jamrut IV,-6.27633255,106.86289755
Jalan Sunter Karya Selatan III,-6.14275375329151,106.87040873104081
JPO Tanpa Nama,-6.142758520211623,106.8704085551729
Jalan Tol Kamal–Balaraja,-6.09897403406259,106.7212520129264
Jalan Tol Kamal–Balaraja,-6.098970628073543,106.7208632508519
Jalan Tol Kamal–Balaraja,-6.102555527205395,106.72116939149363
Jalan Tol Kamal–Balaraja,-6.0979637678368,106.7207745881615
Jalan Tol Kamal–Balaraja,-6.104852574372884,106.72279644781969
JPO Tanpa Nama,-6.253916937962326,106.96226283811757
JPO Tanpa Nama,-6.2977752,106.69534715
JPO Tanpa Nama,-6.298503630084327,106.69583738503387
JPO Tanpa Nama,-6.29721405,106.6952366
JPO Tanpa Nama,-6.2941026,106.7864243
JPO Tanpa Nama,-6.2941271,106.7858482
Jalan Nusa I,-6.26889085,106.8647738
JPO Tanpa Nama,-6.25253345,107.01137055
Masjid Jami Al Makmur,-6.247985862342392,107.0109435595908
Jembatan Penyeberangan Stasiun UI,-6.3611147,106.83190239999999
JPO Tanpa Nama,-6.161261,106.77144695
Transjakarta Busway Koridor 13,-6.239523824982555,106.80610513431101
Transjakarta Busway Koridor 13,-6.239871369239828,106.80420271948438
JPO Tanpa Nama,-6.175534589074569,106.83929251249715
JPO Tanpa Nama,-6.175973147979525,106.83967060253978
JPO Tanpa Nama,-6.177119299060929,106.84066243024307
JPO Tanpa Nama,-6.26517256198443,106.96235877069479
JPO Tanpa Nama,-6.1704396500000005,106.83801754999999
JPO Tanpa Nama,-6.170211415547404,106.83810243318716
JPO Tanpa Nama,-6.170359857051056,106.83826360336333
JPO Tanpa Nama,-6.1706687,106.838067
JPO Tanpa Nama,-6.170625186718992,106.8381196932482
JPO Tanpa Nama,-6.2995758,106.9627625
JPO Tanpa Nama,-6.216740150000001,106.84430019999999
JPO Tanpa Nama,-6.241562907896104,106.79615264994824
JPO Tanpa Nama,-6.397137949999999,106.9335895
JPO Tanpa Nama,-6.215935750000001,106.83186115
JPO Tanpa Nama,-6.27759805,106.8086297
Transjakarta Busway Koridor 6,-6.2660412,106.83062029999999
Jalan Jambore Raya,-6.37112025,106.89515929999999
Jalan Pejapi,-6.088654032437225,106.74062591257369
JPO Tanpa Nama,-6.319271100698346,106.83338224949476
JPO Tanpa Nama,-6.370081429675111,106.83096644352902
JPO Tanpa Nama,-6.35344665,106.8317354
JPO Tanpa Nama,-6.371079214962742,106.82709474937697
JPO Tanpa Nama,-6.366009224990579,106.82173398997233
JPO Tanpa Nama,-6.366880040019719,106.8238377448944
JPO Tanpa Nama,-6.3169283499999995,107.05069090000002
JPO Tanpa Nama,-6.340588849999999,107.0300811
JPO Tanpa Nama,-6.3427171,107.02964055000001
JPO Tanpa Nama,-6.3426648,107.02925495
JPO Tanpa Nama,-6.3424142,107.02896319999999
JPO Tanpa Nama,-6.353304850000001,107.01896115
Simpang Susun Burangkeng,-6.349115711346645,107.02064229121075
JPO Tanpa Nama,-6.35526525,107.01632774999999
JPO Tanpa Nama,-6.38448365,106.96449
Jalan Narogong,-6.382916,106.96652739999999
JPO Tanpa Nama,-6.296336799150424,106.67222348238072
JPO Tanpa Nama,-6.217326156212632,106.8154666373238
JPO Tanpa Nama,-6.218947499112054,106.81423436478524
JPO Tanpa Nama,-6.218577098214535,106.81428894280758
JPO Tanpa Nama,-6.2187538,106.81425560000001
JPO Tanpa Nama,-6.21551915,106.81775139999999
JPO Tanpa Nama,-6.215227818528416,106.81819200721908
JPO Tanpa Nama,-6.215070150000001,106.8183675
JPO Tanpa Nama,-6.215334567932694,106.81798549920595
JPO Tanpa Nama,-6.214942986753576,106.81856414973966
JPO Tanpa Nama,-6.21224820337794,106.82032726520887
JPO Tanpa Nama,-6.2094168827234535,106.8219567467063
JPO Tanpa Nama,-6.21000025,106.82158494999999
JPO Tanpa Nama,-6.209715882485334,106.82170883156763
JPO Tanpa Nama,-6.213467700000001,106.8196789
JPO Tanpa Nama,-6.202491390248605,106.82300500453744
JPO Tanpa Nama,-6.208782449999999,106.82206
JPO Tanpa Nama,-6.2095685260756515,106.82217207582819
JPO Tanpa Nama,-6.2043229968967495,106.82267923673753
JPO Tanpa Nama,-6.207051100434608,106.82236142968209
JPO Tanpa Nama,-6.204646749069579,106.82266984335362
JPO Tanpa Nama,-6.200770378971178,106.82331077540323
JPO Tanpa Nama,-6.203906330803074,106.82276357993808
JPO Tanpa Nama,-6.2220916,106.80944805
JPO Tanpa Nama,-6.222787990066353,106.80851395060947
JPO Tanpa Nama,-6.223043663059829,106.80810494601175
JPO Tanpa Nama,-6.224440250000001,106.80596664999999
JPO Tanpa Nama,-6.2211597230674025,106.81234358640255
JPO Tanpa Nama,-6.2265497033938715,106.80317560511543
JPO Tanpa Nama,-6.2250036564607,106.80521300492549
JPO Tanpa Nama,-6.226697714507626,106.80294448213232
JPO Tanpa Nama,-6.227123354984203,106.80239997184033
JPO Tanpa Nama,-6.226960441201405,106.80262239850309
JPO Tanpa Nama,-6.228666521159179,106.80041120749065
JPO Tanpa Nama,-6.228075359249399,106.80112165799369
JPO Tanpa Nama,-6.2261408,106.80283295000001
JPO Tanpa Nama,-6.22681605,106.8019486
JPO Tanpa Nama,-6.2265351856752185,106.80230862348945
JPO Tanpa Nama,-6.2243534,106.80609745000001
JPO Tanpa Nama,-6.22434065,106.80610635
JPO Tanpa Nama,-6.22391485,106.80574535
Jalan Plaza Selatan,-6.223330436424917,106.80620869471343
Jalan Plaza Selatan,-6.223640728152264,106.8060695068066
JPO Tanpa Nama,-6.222225572985761,106.80842858403398
JPO Tanpa Nama,-6.222355657335675,106.80822224776279
JPO Tanpa Nama,-6.222625043849871,106.80779971504663
JPO Tanpa Nama,-6.218735928816792,106.81057600382546
JPO Tanpa Nama,-6.218573982512089,106.81254893364242
JPO Tanpa Nama,-6.218947150378352,106.81101697594546
JPO Tanpa Nama,-6.217866770917487,106.81252517798997
JPO Tanpa Nama,-6.218532254221225,106.81248601246617
JPO Tanpa Nama,-6.218925268786669,106.81108375771271
JPO Tanpa Nama,-6.2190869499999994,106.81115080000001
JPO Tanpa Nama,-6.219316794836043,106.81135433356366
JPO Tanpa Nama,-6.21915755,106.8111366
JPO Tanpa Nama,-6.217909007342911,106.81248570409916
JPO Tanpa Nama,-6.21806275,106.8125264
JPO Tanpa Nama,-6.217953000331302,106.81313041126921
JPO Tanpa Nama,-6.218062950029988,106.81258695132325
JPO Tanpa Nama,-6.218964983798934,106.81212937843513
JPO Tanpa Nama,-6.219847602352023,106.8127479963943
JPO Tanpa Nama,-6.219243211291303,106.81262260727995
JPO Tanpa Nama,-6.219587084282984,106.81217296995013
JPO Tanpa Nama,-6.219270738858164,106.81156395011963
JPO Tanpa Nama,-6.219201165205971,106.81155012989987
JPO Tanpa Nama,-6.21911655,106.81219510000001
JPO Tanpa Nama,-6.219055422397753,106.81214857304086
JPO Tanpa Nama,-6.216952276940084,106.81508968293447
JPO Tanpa Nama,-6.217812074103206,106.81281785606531
JPO Tanpa Nama,-6.2161136950878655,106.8161539463211
JPO Tanpa Nama,-6.218259726706425,106.81290218617279
JPO Tanpa Nama,-6.215219353994386,106.81723722933899
JPO Tanpa Nama,-6.21461393098323,106.81801925156648
JPO Tanpa Nama,-6.214946620918256,106.81762677120669
JPO Tanpa Nama,-6.215140433667646,106.81738803866767
JPO Tanpa Nama,-6.214357840819666,106.81813546616588
JPO Tanpa Nama,-6.2141394,106.81837404999999
JPO Tanpa Nama,-6.213900098871474,106.81857527664798
JPO Tanpa Nama,-6.211678624330699,106.820094486381
JPO Tanpa Nama,-6.220968951601848,106.81239121941549
JPO Tanpa Nama,-6.220986986217784,106.81272533696695
JPO Tanpa Nama,-6.219914028756422,106.8127619159411
JPO Tanpa Nama,-6.22077485,106.81229605
JPO Tanpa Nama,-6.2208880182097,106.8115961227986
JPO Tanpa Nama,-6.219858387930708,106.81274050700986
JPO Tanpa Nama,-6.220770097826305,106.81224827918771
JPO Tanpa Nama,-6.219586549251187,106.81388106180346
JPO Tanpa Nama,-6.219683611211366,106.81366244658885
JPO Tanpa Nama,-6.219538743562494,106.81346142161203
JPO Tanpa Nama,-6.2197483,106.81364345
JPO Tanpa Nama,-6.219891627330239,106.81384317157514
JPO Tanpa Nama,-6.220804367805084,106.81403576108666
JPO Tanpa Nama,-6.220564444528088,106.81196736282286
JPO Tanpa Nama,-6.21313665,106.8192761
JPO Tanpa Nama,-6.209594659794954,106.82120048480975
JPO Tanpa Nama,-6.209290062661322,106.82134052828425
JPO Tanpa Nama,-6.209048055927978,106.82140161712594
JPO Tanpa Nama,-6.205916999218638,106.82159895352748
JPO Tanpa Nama,-6.208782021673753,106.82151784329128
JPO Tanpa Nama,-6.204359076060505,106.82213039547307
JPO Tanpa Nama,-6.204055350000001,106.82221609999999
JPO Tanpa Nama,-6.203782595773541,106.82226340799397
JPO Tanpa Nama,-6.202411234228694,106.8226639415759
JPO Tanpa Nama,-6.200756087716004,106.82296506694533
JPO Tanpa Nama,-6.203449132923005,106.8223504509187
JPO Tanpa Nama,-6.203723350839136,106.82217592993318
JPO Tanpa Nama,-6.200861402956395,106.82271776867493
JPO Tanpa Nama,-6.201985202884193,106.8224321765325
JPO Tanpa Nama,-6.201823019217147,106.8224031589275
JPO Tanpa Nama,-6.201661509878389,106.8223978870892
JPO Tanpa Nama,-6.201319888908206,106.8225122577502
JPO Tanpa Nama,-6.200942592055369,106.82256341147198
JPO Tanpa Nama,-6.200610807365183,106.82266716190665
JPO Tanpa Nama,-6.200258652865961,106.82265676766862
JPO Tanpa Nama,-6.200309799999999,106.82267454999999
JPO Tanpa Nama,-6.199984662248284,106.82273540630298
JPO Tanpa Nama,-6.199670050407876,106.82278226197019
JPO Tanpa Nama,-6.198205846880049,106.82297200896703
JPO Tanpa Nama,-6.198654600876473,106.82295477101471
JPO Tanpa Nama,-6.199596549950507,106.82276031463823
JPO Tanpa Nama,-6.1974756499999994,106.82311945000001
JPO Tanpa Nama,-6.1966358305392975,106.82291321023254
JPO Tanpa Nama,-6.19458378423111,106.82254636121398
JPO Tanpa Nama,-6.195234634588845,106.82252616940046
JPO Tanpa Nama,-6.199756218152801,106.82344867459979
JPO Tanpa Nama,-6.199686099591489,106.82345296017965
JPO Tanpa Nama,-6.199080722234088,106.82336690839811
JPO Tanpa Nama,-6.197801000419815,106.823450612155
JPO Tanpa Nama,-6.198433200412636,106.82343155538747
JPO Tanpa Nama,-6.19812005,106.82344315000002
JPO Tanpa Nama,-6.196635246558036,106.82330576506025
JPO Tanpa Nama,-6.195408100559252,106.82361330663565
JPO Tanpa Nama,-6.195538391661293,106.82354863388899
JPO Tanpa Nama,-6.199618336032101,106.82352356376043
JPO Tanpa Nama,-6.2543964,106.96292685
JPO Tanpa Nama,-6.25459705,106.96305240000001
JPO Tanpa Nama,-6.254550382924976,106.96310810033512
JPO Tanpa Nama,-6.256469050000001,106.95183414999998
JPO Tanpa Nama,-6.256415649999999,106.95131450000001
JPO Tanpa Nama,-6.25759125,106.92738019999999
JPO Tanpa Nama,-6.25762402717069,106.92788361081458
JPO Tanpa Nama,-6.2564672866947735,106.95175485629746
JPO Tanpa Nama,-6.205115349999999,106.82647904999999
JPO Tanpa Nama,-6.205078591110215,106.82608636340002
JPO Tanpa Nama,-6.174943450000001,106.83023705
JPO Tanpa Nama,-6.17818415,106.83108235
JPO Tanpa Nama,-6.218513090016156,106.83510431089856
JPO Tanpa Nama,-6.213466306635895,106.83426920637743
JPO Tanpa Nama,-6.213202838477655,106.83456488841743
JPO Tanpa Nama,-6.217406661085406,106.83427589940479
JPO Tanpa Nama,-6.219598420097107,106.83408585661176
JPO Tanpa Nama,-6.215288611537354,106.83523765646697
JPO Tanpa Nama,-6.220100598004928,106.83352179939337
JPO Tanpa Nama,-6.220682200000001,106.83223325
JPO Tanpa Nama,-6.2208284,106.83226880000001
JPO Tanpa Nama,-6.2209078,106.83185365
JPO Tanpa Nama,-6.223601369227199,106.83200744696425
JPO Tanpa Nama,-6.22264716085892,106.83122209138321
JPO Tanpa Nama,-6.2144751,106.8350769
JPO Tanpa Nama,-6.21402016036018,106.83427748868608
JPO Tanpa Nama,-6.21426715,106.83471214999999
JPO Tanpa Nama,-6.218945328287048,106.83113909024361
JPO Tanpa Nama,-6.2172198000000005,106.8306622
JPO Tanpa Nama,-6.21739655,106.8311345
JPO Tanpa Nama,-6.214864754977538,106.83083395218475
JPO Tanpa Nama,-6.215937262215955,106.83132241326312
JPO Tanpa Nama,-6.215925,106.83178459999999
JPO Tanpa Nama,-6.166857500000001,106.8523072
JPO Tanpa Nama,-6.1668643,106.85242165
JPO Tanpa Nama,-6.166869950000001,106.85252155
JPO Tanpa Nama,-6.255063450000001,106.82347715000002
JPO Tanpa Nama,-6.213866494927722,106.83395590270126
JPO Tanpa Nama,-6.214305749999999,106.83323189999999
JPO Tanpa Nama,-6.225529044295296,106.89627256125682
JPO Tanpa Nama,-6.273209200000001,107.02760794999999
JPO Tanpa Nama,-6.25285039493442,106.66224856781571
JPO Tanpa Nama,-6.25444096420218,106.66074700429081
JPO Tanpa Nama,-6.2546044,106.66175
JPO Tanpa Nama,-6.254936786397414,106.66152716623009
JPO Tanpa Nama,-6.25951665,106.66087195
JPO Tanpa Nama,-6.14246755,106.9492385
JPO Tanpa Nama,-6.216163841854173,106.83559136345943
JPO Tanpa Nama,-6.219870777676603,106.8339232153997
JPO Tanpa Nama,-6.219491049414355,106.8337818393574
JPO Tanpa Nama,-6.219922660750409,106.8351336062083
JPO Tanpa Nama,-6.219852976402749,106.83532056409558
JPO Tanpa Nama,-6.219740135583483,106.83546832477026
JPO Tanpa Nama,-6.221211899999999,106.83236640000001
JPO Tanpa Nama,-6.34169352082819,107.01870525521865
JPO Tanpa Nama,-6.22028845,106.83291219999998
JPO Tanpa Nama,-6.220367550000001,106.8329095
JPO Tanpa Nama,-6.22328245,106.8228341
JPO Tanpa Nama,-6.221120450000002,106.83235375
JPO Tanpa Nama,-6.22110545,106.83248470000001
JPO Tanpa Nama,-6.219035451956677,106.8358023313682
JPO Tanpa Nama,-6.218897145309669,106.83565905394008
JPO Tanpa Nama,-6.2150197440548105,106.83042651547888
JPO Tanpa Nama,-6.214184100000001,106.83035459999999
Riverside Rasuna Epicentrum,-6.216324934342426,106.83584761747048
Riverside Rasuna Epicentrum,-6.216254492072482,106.83601245089865
JPO Tanpa Nama,-6.37730185,106.8625025
JPO Tanpa Nama,-6.178400895317171,106.84172826694721
JPO Tanpa Nama,-6.178965333713752,106.84197150725953
Gang Kecil,-6.216957738941136,106.82478533851581
JPO Tanpa Nama,-6.25047845,106.8733717
Jalan melati,-6.2210815,106.83408095000001
Jalan Mawar,-6.221588151682999,106.8340472893054
Jalan anggrek,-6.2208764500000004,106.83389025
JPO Tanpa Nama,-6.155711500000001,106.92244984999999
JPO Tanpa Nama,-6.157638109333529,106.92095179720452
JPO Tanpa Nama,-6.157500896431311,106.92087758005964
pejalan kaki,-6.201837196378411,106.75469878083415
Pejalan kaki,-6.201762084376766,106.7542261901917
JPO Tanpa Nama,-6.22344965869307,106.70910629786674
JPO Tanpa Nama,-6.2261941,106.9084064
JPO Tanpa Nama,-6.221085470202265,106.91195595044123
JPO Tanpa Nama,-6.23001,106.9106125
JPO Tanpa Nama,-6.3506035999999995,106.77600735
JPO Tanpa Nama,-6.2361927999999995,106.76013430000002
Akses ke kolam renang,-6.233333491620654,106.76584695600555
JPO Tanpa Nama,-6.0905050953364865,106.74450632888372
JPO Tanpa Nama,-6.221043969892005,106.83234068799743
JPO Tanpa Nama,-6.2213783,106.8319682
JPO Tanpa Nama,-6.22099574130151,106.8323312705485
Riverside Rasuna Epicentrum,-6.216359672826232,106.8357565411156
JPO Tanpa Nama,-6.2127084,106.83065015
JPO Tanpa Nama,-6.214030795540637,106.83369894460284
JPO Tanpa Nama,-6.214179548995522,106.8334507009305
JPO Tanpa Nama,-6.214064922345617,106.83473528677193
JPO Tanpa Nama,-6.2138875,106.83439555000001
JPO Tanpa Nama,-6.20907285588309,106.83036087815923
JPO Tanpa Nama,-6.212316640235657,106.8324576987062
JPO Tanpa Nama,-6.210627720900746,106.83065697434078
JPO Tanpa Nama,-6.213131549005909,106.83456678648213
JPO Tanpa Nama,-6.223389009503212,106.83632083740284
JPO Tanpa Nama,-6.224882743658003,106.84014529920526
JPO Tanpa Nama,-6.225029972873104,106.83868584041072
JPO Tanpa Nama,-6.225015046439099,106.83881796291094
JPO Tanpa Nama,-6.2250235499999995,106.8387409
JPO Tanpa Nama,-6.2146801,106.83287285000002
JPO Tanpa Nama,-6.214524818240151,106.83301971209809
JPO Tanpa Nama,-6.213764998326568,106.83396370126434
JPO Tanpa Nama,-6.2136871,106.83403955
JPO Tanpa Nama,-6.216045020796813,106.83611977345069
JPO Tanpa Nama,-6.2160343000000005,106.8362643
JPO Tanpa Nama,-6.2159940187943725,106.8359206610925
JPO Tanpa Nama,-6.2938315,106.61921770000001
JPO Tanpa Nama,-6.212699649999999,106.83063365000001
JPO Tanpa Nama,-6.214180099999999,106.8307403
JPO Tanpa Nama,-6.276320309867449,106.74024482982884
JPO Tanpa Nama,-6.277576900000001,106.7400393
JPO Tanpa Nama,-6.277447695308996,106.73991788080014
JPO Tanpa Nama,-6.277388848698872,106.73975652177755
JPO Tanpa Nama,-6.277501991821267,106.7397280358635
JPO Tanpa Nama,-6.276605602757662,106.73992979206471
JPO Tanpa Nama,-6.277414272130883,106.74029821743284
JPO Tanpa Nama,-6.27697435,106.7406153
JPO Tanpa Nama,-6.27667905,106.74063675
JPO Tanpa Nama,-6.2765111000000005,106.74065214999999
JPO Tanpa Nama,-6.2765543440369775,106.74066856049728
JPO Tanpa Nama,-6.275903334737645,106.74012642554086
JPO Tanpa Nama,-6.277823973983878,106.73982098775303
JPO Tanpa Nama,-6.277791639942754,106.73992820154984
JPO Tanpa Nama,-6.278560484505057,106.74015777591649
JPO Tanpa Nama,-6.278670037210687,106.74011695448606
JPO Tanpa Nama,-6.2791711999999995,106.73960174999999
JPO Tanpa Nama,-6.279610731847886,106.739666684137
JPO Tanpa Nama,-6.278884458302099,106.74048685150215
JPO Tanpa Nama,-6.278743993399923,106.74002541434093
JPO Tanpa Nama,-6.27893775815122,106.74006807007227
JPO Tanpa Nama,-6.27894445,106.73986024999999
JPO Tanpa Nama,-6.279141622551947,106.73944364175605
Jalan Prumpung–Gunung Sindur–Cicangkal,-6.381740349999999,106.65539890000001
JPO Tanpa Nama,-6.330592300000001,106.63629630000001
JPO Tanpa Nama,-6.33241005,106.63486850000002
JPO Tanpa Nama,-6.155879649999999,106.64491315000001
JPO Tanpa Nama,-6.2086164,106.83033850000001
JPO Tanpa Nama,-6.2088684999999995,106.83039055
JPO Tanpa Nama,-6.2086109,106.8303113
JPO Tanpa Nama,-6.21094115,106.83067025000001
JPO Tanpa Nama,-6.21326305,106.8347866
JPO Tanpa Nama,-6.2144518,106.832757
Jalan Tebet Barat Dalam II,-6.235592049999999,106.8467679
Jalan Tebet Barat Dalam V,-6.2371562,106.84724605
JPO Tanpa Nama,-6.355292417163205,106.67450033180721
JPO Tanpa Nama,-6.3161451500000005,107.01987245000001
Jalan Tol Jakarta–Cikampek II,-6.3484147240536855,107.02237682590122
Jalan Tol Jakarta–Cikampek II,-6.3517264,107.02904335
Jalan Tol Jakarta–Cikampek II,-6.351845,107.0288941
Simpang Susun Burangkeng,-6.3519554,107.02875055
Simpang Susun Burangkeng,-6.3520298,107.02865800000002
Simpang Susun Burangkeng,-6.3515582,107.02926345
Simpang Susun Burangkeng,-6.3514466,107.02940495
Simpang Susun Burangkeng,-6.3514812,107.0270037
Simpang Susun Burangkeng,-6.3513286,107.02722125
Jalan Tol Jakarta–Cikampek II,-6.35114525,107.02740854999999
Jalan Tol Jakarta–Cikampek II,-6.3510381,107.02758209999999
Jalan Tol Jakarta–Cikampek II,-6.348556941720286,107.02227234245017
JPO Tanpa Nama,-6.385477801716069,107.05166540382764
JPO Tanpa Nama,-6.3855684762198575,107.05182971528001
JPO Tanpa Nama,-6.385798484703171,107.05217610774181
JPO Tanpa Nama,-6.05676615,106.65117459999999
JPO Tanpa Nama,-6.2837189442076875,106.84479380112626
JPO Tanpa Nama,-6.284011727104911,106.84459053914819
JPO Tanpa Nama,-6.283957294409629,106.84493559305444
JPO Tanpa Nama,-6.1059934,106.73797175
JPO Tanpa Nama,-6.105788736636666,106.7380398561958
JPO Tanpa Nama,-6.105602113270059,106.7384936826364
JPO Tanpa Nama,-6.288266772637702,106.72963584422823
JPO Tanpa Nama,-6.29393505,106.7269702
JPO Tanpa Nama,-6.300313729508838,106.72587542380404
JPO Tanpa Nama,-6.2089169,106.8305023
JPO Tanpa Nama,-6.208936,106.83041314999998
JPO Tanpa Nama,-6.255687408168072,106.84631730919999
JPO Tanpa Nama,-6.25554515,106.84292214999999
JPO Tanpa Nama,-6.255938084690403,106.85352331197895
JPO Tanpa Nama,-6.242379727155369,106.83892451911838
JPO Tanpa Nama,-6.24233265,106.8388329
JPO Tanpa Nama,-6.2415384823815945,106.83602138294931
JPO Tanpa Nama,-6.33668445,106.63246445
JPO Tanpa Nama,-6.226935647079125,106.83274144091804
Lobby Epicentrum,-6.21895625,106.83433205
JPO Tanpa Nama,-6.219815911985036,106.83494468025052
JPO Tanpa Nama,-6.221180784725047,106.83234674946218
JPO Tanpa Nama,-6.232659,106.83033355
JPO Tanpa Nama,-6.23261895,106.8302853
JPO Tanpa Nama,-6.232176811914106,106.82963579173281
JPO Tanpa Nama,-6.232838563419105,106.83017788453762
JPO Tanpa Nama,-6.211571290109281,106.83068351761897
JPO Tanpa Nama,-6.207873772091783,106.84370682897298
JPO Tanpa Nama,-6.20872795,106.84573904999999
JPO Tanpa Nama,-6.2086355499999994,106.84575855
JPO Tanpa Nama,-6.218269348511571,106.84494128372708
JPO Tanpa Nama,-6.216570467661363,106.84427867069269
JPO Tanpa Nama,-6.219837200000001,106.84576765
JPO Tanpa Nama,-6.221059997356375,106.84630650404306
JPO Tanpa Nama,-6.2211035,106.84616555
JPO Tanpa Nama,-6.222962295485389,106.84746293311186
JPO Tanpa Nama,-6.226744505782469,106.8252269732722
JPO Tanpa Nama,-6.2256593,106.8257895
JPO Tanpa Nama,-6.226315802326806,106.82579816297766
JPO Tanpa Nama,-6.235218749978132,106.82821874431609
JPO Tanpa Nama,-6.223999562136015,106.86767345325188
JPO Tanpa Nama,-6.232017164359291,106.8672202478526
JPO Tanpa Nama,-6.232010999999999,106.86732025000002
JPO Tanpa Nama,-6.232009,106.86737305
JPO Tanpa Nama,-6.2319254,106.86713175
JPO Tanpa Nama,-6.214204746893198,106.8337949572378
JPO Tanpa Nama,-6.214117417658842,106.83399318707232
JPO Tanpa Nama,-6.224781,106.82648285
JPO Tanpa Nama,-6.225093291858968,106.82622774614683
JPO Tanpa Nama,-6.226152183449486,106.82609006274672
JPO Tanpa Nama,-6.225737025482223,106.82665669402046
JPO Tanpa Nama,-6.225862832643757,106.82646069322728
JPO Tanpa Nama,-6.2258824,106.8261707
JPO Tanpa Nama,-6.256528095689106,106.84699920011386
JPO Tanpa Nama,-6.256949499760935,106.8469998881982
JPO Tanpa Nama,-6.224168136946754,106.83321168319344
JPO Tanpa Nama,-6.223591000000001,106.83314845
JPO Tanpa Nama,-6.210780180629134,106.7996822869974
JPO Tanpa Nama,-6.286174000000001,106.6127774
JPO Tanpa Nama,-6.243009400904313,106.84124566109541
JPO Tanpa Nama,-6.238373044467019,106.82905973335846
JPO Tanpa Nama,-6.286226963496312,106.62074975835968
JPO Tanpa Nama,-6.179373461739633,106.66323534824997
Jalan TPU Sari Mulya,-6.35465795,106.68654345
JPO Tanpa Nama,-6.24173195,106.837594
JPO Tanpa Nama,-6.2414605000000005,106.83767815
JPO Tanpa Nama,-6.1668795487243,106.78898186273088
JPO Tanpa Nama,-6.166871,106.78885170000001
JPO Tanpa Nama,-6.1671364,106.7886323
JPO Tanpa Nama,-6.1672098,106.7886177
JPO Tanpa Nama,-6.166993042294033,106.78768658902673
JPO Tanpa Nama,-6.16674055911972,106.78774334329594
JPO Tanpa Nama,-6.1674225499999995,106.7882645
"Transjakarta Busway Koridor 8, 9",-6.167161665272097,106.78778233981166
JPO Tanpa Nama,-6.166610598710896,106.78788001179262
JPO Tanpa Nama,-6.166622228804281,106.78820526836765
JPO Tanpa Nama,-6.166644249999999,106.7880571
JPO Tanpa Nama,-6.1385261,106.81361475
JPO Tanpa Nama,-6.338888849999999,106.7991109
JPO Tanpa Nama,-6.184200326100585,106.94225436301583
JPO Tanpa Nama,-6.21869585,106.87662085
JPO Tanpa Nama,-6.3099597,107.02258180000001
Jalan Tol Kamal–Balaraja,-6.071181696289739,106.70598108264724
Jalan Tol Kamal–Balaraja,-6.071049631462815,106.70591665526992
JPO Tanpa Nama,-6.1962907000000005,106.8290662
JPO Tanpa Nama,-6.196230670419692,106.82884852877933
JPO Tanpa Nama,-6.196517080036888,106.82938753974655
Jalan Inspeksi Tarum Barat,-6.24821025,106.91381995
Jalan Keramat Salam,-6.372429249999999,106.67690179999998
JPO Tanpa Nama,-6.37323615,106.6770802
JPO Tanpa Nama,-6.1959221499999995,106.8292537
JPO Tanpa Nama,-6.197053563093168,106.82966682639915
JPO Tanpa Nama,-6.195984765011235,106.82940935924543
JPO Tanpa Nama,-6.196376788607224,106.8297843403068
JPO Tanpa Nama,-6.195565922564871,106.82969698215615
JPO Tanpa Nama,-6.156782213566433,106.8185400689849
JPO Tanpa Nama,-6.15681055,106.81842155000001
JPO Tanpa Nama,-6.156842173579055,106.81828679420764
JPO Tanpa Nama,-6.162966231451871,106.81997364604175
JPO Tanpa Nama,-6.136929,106.81482055000001
JPO Tanpa Nama,-6.136977418215299,106.81477667269056
JPO Tanpa Nama,-6.1961540500000005,106.82939445
JPO Tanpa Nama,-6.196390338635057,106.82964145158782
JPO Tanpa Nama,-6.196372214351103,106.83016987997841
Jalan Kavling Mesjid Bunga Bangsa,-6.22716575,107.01562055
JPO Tanpa Nama,-6.178386168737816,106.84251444251188
JPO Tanpa Nama,-6.1784046,106.84250415
JPO Tanpa Nama,-6.1675622,106.8279674
JPO Tanpa Nama,-6.208974164897343,106.84716861719261
JPO Tanpa Nama,-6.208807263319917,106.84759887023745
JPO Tanpa Nama,-6.20878375,106.84760589999999
JPO Tanpa Nama,-6.30629035,106.86546125000001
JPO Tanpa Nama,-6.30618270913741,106.86534831891817
JPO Tanpa Nama,-6.1045248084550945,106.91963002099487
JPO Tanpa Nama,-6.146306347723277,106.77481814210216
JPO Tanpa Nama,-6.12653925,106.7919758
JPO Tanpa Nama,-6.126813165307505,106.7923150303042
JPO Tanpa Nama,-6.12655408108806,106.79207399414638
JPO Tanpa Nama,-6.10958805,106.88184025
JPO Tanpa Nama,-6.29006505,106.88080955000001
Transjakarta Busway Koridor 9,-6.203238649999999,106.80065880000001
Transjakarta Busway Koridor 9,-6.157663220850249,106.79227292016158
JPO Tanpa Nama,-6.15424015,106.7940811
JPO Tanpa Nama,-6.14309765,106.7935018
JPO Tanpa Nama,-6.14307451021752,106.79350877439009
JPO Tanpa Nama,-6.143044550645694,106.79367944535484
JPO Tanpa Nama,-6.1306471,106.85516010000002
JPO Tanpa Nama,-6.29124175,106.8865107
JPO Tanpa Nama,-6.291245835210735,106.88647670384452
JPO Tanpa Nama,-6.274937581916007,106.62315227099491
JPO Tanpa Nama,-6.27575755,106.62368484999999
JPO Tanpa Nama,-6.2759868999999995,106.62371565000001
JPO Tanpa Nama,-6.27525363457292,106.62501467851337
JPO Tanpa Nama,-6.155846108987617,106.70639387258855
JPO Tanpa Nama,-6.155669384385308,106.70648235683403
JPO Tanpa Nama,-6.2870184,106.77973564999999
JPO Tanpa Nama,-6.282062607922234,106.77218433857534
JPO Tanpa Nama,-6.281954602524734,106.77199014967609
JPO Tanpa Nama,-6.258574749999999,106.64306435
JPO Tanpa Nama,-6.258547785739598,106.64307397499817
JPO Tanpa Nama,-6.258735242756179,106.6430555611319
JPO Tanpa Nama,-6.1391307675017766,106.74622643891388
JPO Tanpa Nama,-6.302123,106.6828975
JPO Tanpa Nama,-6.019985350000001,106.6573789
JPO Tanpa Nama,-6.019348348212911,106.6576755010786
JPO Tanpa Nama,-6.017633789082311,106.65801342251652
JPO Tanpa Nama,-6.021364969917194,106.65686308136598
JPO Tanpa Nama,-6.019393303675221,106.6572976972385
JPO Tanpa Nama,-6.016837400000001,106.65832715000002
JPO Tanpa Nama,-6.017213303071926,106.65892092529387
JPO Tanpa Nama,-6.2916910999999995,106.88587284999998
Jalan Kelapa Dua Raya,-6.2429359,106.6154748
JPO Tanpa Nama,-6.24287215,106.61549095000001
JPO Tanpa Nama,-6.224703678218264,106.82879249985932
JPO Tanpa Nama,-6.275056704544883,106.77270168145996
JPO Tanpa Nama,-6.055265175756644,106.7092603993285
JPO Tanpa Nama,-6.05604495,106.7093708
JPO Tanpa Nama,-6.0555766,106.7106666
JPO Tanpa Nama,-6.049050515225714,106.7087148341015
JPO Tanpa Nama,-6.04878504491593,106.71010079853885
JPO Tanpa Nama,-6.052072421751185,106.71028685237589
JPO Tanpa Nama,-6.2701157,107.0254864
JPO Tanpa Nama,-6.26940905,107.02512784999999
Jalan Cemara IV,-6.2693999,107.0218335
JPO Tanpa Nama,-6.285806961890013,106.80314282853912
JPO Tanpa Nama,-6.108833000000001,106.64869429999999
JPO Tanpa Nama,-6.10890605,106.65009275
JPO Tanpa Nama,-6.10893205,106.6503546
JPO Tanpa Nama,-6.1663625999999985,106.88103195000001
JPO Tanpa Nama,-6.3064356,106.6746012
Jalan Nusa Indah IV,-6.2549753500000005,107.01796114999999
JPO Tanpa Nama,-6.2552318,107.01775115000001
JPO Tanpa Nama,-6.2505370000000005,107.02078265
JPO Tanpa Nama,-6.2501293,107.0209316
Gang Amal,-6.2498841,107.02104145
JPO Tanpa Nama,-6.1629296,107.04322024999999
JPO Tanpa Nama,-6.3705020999999995,106.6769717
JPO Tanpa Nama,-6.223108950000001,107.03561504999999
JPO Tanpa Nama,-6.2752355,106.8660526
Jalan Tambora VI,-6.143448149999999,106.81058325000001
JPO Tanpa Nama,-6.193709002711328,106.88737108072522
JPO Tanpa Nama,-6.183433982202695,106.90859122495525
Gang Saiman,-6.28814755,106.8274601
JPO Tanpa Nama,-6.2398835494759926,106.80093516977945
JPO Tanpa Nama,-6.24089575,106.801628
JPO Tanpa Nama,-6.240090600044785,106.80160143692828
JPO Tanpa Nama,-6.240555908578248,106.80227029990151
JPO Tanpa Nama,-6.2405655307699,106.80093219475333
JPO Tanpa Nama,-6.24054140237216,106.80161306394943
Transjakarta Busway Koridor 6,-6.266034749999999,106.83066255
JPO Tanpa Nama,-6.207067495837241,106.66070772184729
JPO Tanpa Nama,-6.20606815,106.86941125
JPO Tanpa Nama,-6.29665278109101,106.9985929154196
Jalan Haji Sanan,-6.340974100000001,106.72209860000001
JPO Tanpa Nama,-6.3295829999999995,106.71240675
JPO Tanpa Nama,-6.335432150215492,106.71362876495202
JPO Tanpa Nama,-6.336642141570252,106.70384370559364
JPO Tanpa Nama,-6.336175789175516,106.70286955860168
JPO Tanpa Nama,-6.336286,106.7030494
Gang Kesehatan,-6.30284943237927,106.79517743213425
JPO Tanpa Nama,-6.180165191641093,106.88544085247958
JPO Tanpa Nama,-6.24375701725025,106.79830655529683
JPO Tanpa Nama,-6.243353674939713,106.7985230977663
JPO Tanpa Nama,-6.243971587473715,106.79792979998491
JPO Tanpa Nama,-6.2449163500000004,106.7982767
JPO Tanpa Nama,-6.245081300000001,106.79828380000002
Jalan Bintaro Utara,-6.2716385500000005,106.75104205
JPO Tanpa Nama,-6.17149955,107.0495485
JPO Tanpa Nama,-6.3281063500000005,106.7236833
JPO Tanpa Nama,-6.331507351156703,106.72388211639559
JPO Tanpa Nama,-6.32248695,106.7232128
JPO Tanpa Nama,-6.32299085,106.72327275
JPO Tanpa Nama,-6.3678523,106.6441557
JPO Tanpa Nama,-6.229575641783978,106.83326756768209
JPO Tanpa Nama,-6.22956085,106.83303789999998
JPO Tanpa Nama,-6.230559098980564,106.83274686982409
JPO Tanpa Nama,-6.2294018,106.83303500000001
JPO Tanpa Nama,-6.22985695,106.83304559999999
JPO Tanpa Nama,-6.22952495,106.8332538
JPO Tanpa Nama,-6.228850299397399,106.8333814207927
JPO Tanpa Nama,-6.229097899999999,106.83343865
JPO Tanpa Nama,-6.2282174,106.83338075000002
JPO Tanpa Nama,-6.2283004,106.83297524999999
JPO Tanpa Nama,-6.2283933000000005,106.8329963
JPO Tanpa Nama,-6.266736574331167,106.61790114110406
JPO Tanpa Nama,-6.222305930022064,106.83233647976691
JPO Tanpa Nama,-6.222383753016831,106.83223913396773
JPO Tanpa Nama,-6.221116,106.83188455
JPO Tanpa Nama,-6.221167354878058,106.83190912522943
JPO Tanpa Nama,-6.2078266046426025,106.83027945189237
JPO Tanpa Nama,-6.210480547248267,106.83010009234006
JPO Tanpa Nama,-6.225268054155034,106.83029729898168
JPO Tanpa Nama,-6.2254243,106.83499015
JPO Tanpa Nama,-6.225453455349079,106.83469355052452
JPO Tanpa Nama,-6.225347028815783,106.83564439717556
JPO Tanpa Nama,-6.2253808500000005,106.8353851
JPO Tanpa Nama,-6.254033645158133,107.01144269869539
JPO Tanpa Nama,-6.2355507763607205,106.79868572306582
JPO Tanpa Nama,-6.236760046689055,106.79866955473433
JPO Tanpa Nama,-6.238459865122338,106.7988554205287
JPO Tanpa Nama,-6.2384227,106.7986148
JPO Tanpa Nama,-6.2384227,106.79860844999999
JPO Tanpa Nama,-6.23841927984285,106.79827653589501
JPO Tanpa Nama,-6.236746499798329,106.79823026617554
JPO Tanpa Nama,-6.23577198766295,106.79828503804421
JPO Tanpa Nama,-6.234867249869821,106.79826125958857
JPO Tanpa Nama,-6.233742506048133,106.79819047516928
JPO Tanpa Nama,-6.239971834905679,106.79830906096016
JPO Tanpa Nama,-6.23973808621058,106.79811143140516
JPO Tanpa Nama,-6.241881194417049,106.79797621326654
JPO Tanpa Nama,-6.241023620838131,106.79873387056914
JPO Tanpa Nama,-6.241514283928553,106.79860840001017
JPO Tanpa Nama,-6.24252025000001,106.79868644999996
JPO Tanpa Nama,-6.2425300271305595,106.79884535643643
JPO Tanpa Nama,-6.242326950436976,106.79882537235436
JPO Tanpa Nama,-6.2328708,106.7975742
JPO Tanpa Nama,-6.233008358409685,106.79767254877515
JPO Tanpa Nama,-6.23300945,106.7974821
JPO Tanpa Nama,-6.233135083057155,106.79758169971065
JPO Tanpa Nama,-6.233011651070845,106.79825815741789
JPO Tanpa Nama,-6.231071820776082,106.7985021671545
JPO Tanpa Nama,-6.228981413911678,106.79912562245939
JPO Tanpa Nama,-6.243763499013812,106.79828046915301
JPO Tanpa Nama,-6.24366495,106.79829165
JPO Tanpa Nama,-6.243862699999999,106.79830539999999
JPO Tanpa Nama,-6.2439291587695465,106.79890409687385
JPO Tanpa Nama,-6.2438681,106.79831845
JPO Tanpa Nama,-6.2453010031029725,106.79832322384654
JPO Tanpa Nama,-6.244448200078539,106.7982723261113
JPO Tanpa Nama,-6.245880600043393,106.79835875208244
JPO Tanpa Nama,-6.2457449975259,106.7980624508892
JPO Tanpa Nama,-6.245677792221802,106.79722616776222
JPO Tanpa Nama,-6.245685308014487,106.79613429913401
JPO Tanpa Nama,-6.245881994822902,106.79774458039341
JPO Tanpa Nama,-6.246054973960369,106.79764786800524
JPO Tanpa Nama,-6.247740693628126,106.79792739790777
JPO Tanpa Nama,-6.246068021833691,106.79802555171506
JPO Tanpa Nama,-6.2482946897229645,106.79755390555617
JPO Tanpa Nama,-6.244017340492528,106.79802692409011
JPO Tanpa Nama,-6.24390905,106.79800505
JPO Tanpa Nama,-6.24399035,106.79796555
JPO Tanpa Nama,-6.244138043015009,106.7979948560125
JPO Tanpa Nama,-6.2449372,106.79796675
JPO Tanpa Nama,-6.245121092730043,106.79798207462338
JPO Tanpa Nama,-6.243786,106.79801865
JPO Tanpa Nama,-6.2438020000000005,106.7979974
JPO Tanpa Nama,-6.2557970989814295,106.79725940109635
JPO Tanpa Nama,-6.255099473680642,106.79734474473952
JPO Tanpa Nama,-6.254914821757982,106.79747985147162
JPO Tanpa Nama,-6.254787201123269,106.79738998034432
JPO Tanpa Nama,-6.253836162031544,106.79749939167674
JPO Tanpa Nama,-6.253117450304529,106.79753960947072
JPO Tanpa Nama,-6.256486105218416,106.79720154224196
JPO Tanpa Nama,-6.257368883768527,106.79728820706852
JPO Tanpa Nama,-6.25618860322927,106.79722860682031
JPO Tanpa Nama,-6.256406229408152,106.79720977938821
JPO Tanpa Nama,-6.255373608418793,106.79730786577025
JPO Tanpa Nama,-6.25516632877423,106.79732924653163
JPO Tanpa Nama,-6.2554039,106.79731085
JPO Tanpa Nama,-6.2554463,106.79730695
JPO Tanpa Nama,-6.256603450945444,106.79695899164602
JPO Tanpa Nama,-6.256087638723251,106.79698022708197
JPO Tanpa Nama,-6.256310341860428,106.79696687865636
JPO Tanpa Nama,-6.25536319772556,106.79705203513134
JPO Tanpa Nama,-6.25554535,106.79701990000001
JPO Tanpa Nama,-6.255330649999999,106.79704160000001
JPO Tanpa Nama,-6.255307,106.79705390000001
JPO Tanpa Nama,-6.254785297965947,106.79708592985693
JPO Tanpa Nama,-6.253942192021013,106.79722401284364
JPO Tanpa Nama,-6.2209407,106.9960497
JPO Tanpa Nama,-6.2199539,106.9955314
JPO Tanpa Nama,-6.3385457459409125,106.74330287538932
JPO Tanpa Nama,-6.266612630404641,106.79746021098151
JPO Tanpa Nama,-6.264608931331029,106.79751065669986
JPO Tanpa Nama,-6.265958642278255,106.79751394646429
JPO Tanpa Nama,-6.26627895,106.7974925
JPO Tanpa Nama,-6.2663097081563865,106.79748838147607
JPO Tanpa Nama,-6.267276905484878,106.79744859532177
JPO Tanpa Nama,-6.267009391983707,106.79745190361226
JPO Tanpa Nama,-6.269532480213391,106.79752795226742
JPO Tanpa Nama,-6.268336456714622,106.79732230407248
JPO Tanpa Nama,-6.265872273142952,106.7975159828531
JPO Tanpa Nama,-6.265720450400054,106.79751108968763
JPO Tanpa Nama,-6.263906750244939,106.7976126677517
JPO Tanpa Nama,-6.266602282362106,106.7972110096571
JPO Tanpa Nama,-6.26728403594312,106.79715788588771
JPO Tanpa Nama,-6.2724231804516215,106.79746386157177
JPO Tanpa Nama,-6.265914062759786,106.79724360277649
JPO Tanpa Nama,-6.264837225531638,106.79721958190505
JPO Tanpa Nama,-6.263924604643549,106.79708088270988
JPO Tanpa Nama,-6.278653089784156,106.79709365777123
JPO Tanpa Nama,-6.2788520000000005,106.79704054999999
JPO Tanpa Nama,-6.280507979478788,106.79648500489375
JPO Tanpa Nama,-6.278192392025547,106.79723959435624
JPO Tanpa Nama,-6.278685409522848,106.79706962922529
JPO Tanpa Nama,-6.277994154397767,106.79727926515459
JPO Tanpa Nama,-6.2777326,106.79736115
JPO Tanpa Nama,-6.277989426371702,106.79728885681848
JPO Tanpa Nama,-6.278285076183975,106.79720114205487
JPO Tanpa Nama,-6.277979353776128,106.79728408178886
JPO Tanpa Nama,-6.2782765000000005,106.797199
JPO Tanpa Nama,-6.278278293911586,106.7971781017458
JPO Tanpa Nama,-6.2775323942100725,106.79742470582471
JPO Tanpa Nama,-6.277325910878147,106.7977611428447
JPO Tanpa Nama,-6.277609855165008,106.79768930236727
JPO Tanpa Nama,-6.278369601453598,106.79745468396032
JPO Tanpa Nama,-6.279127767956694,106.79728539081258
JPO Tanpa Nama,-6.279195533632148,106.79726994295577
JPO Tanpa Nama,-6.279311099274118,106.79723454130834
JPO Tanpa Nama,-6.279800342317164,106.7970278999499
JPO Tanpa Nama,-6.2786858,106.79737204999999
JPO Tanpa Nama,-6.278687560041474,106.79739258690117
JPO Tanpa Nama,-6.278917399999999,106.79731585
JPO Tanpa Nama,-6.2784186122660195,106.79746408772363
JPO Tanpa Nama,-6.2780555,106.7975485
JPO Tanpa Nama,-6.278023929339345,106.79757807489436
JPO Tanpa Nama,-6.277783400000001,106.79763095
JPO Tanpa Nama,-6.278075149999999,106.79754994999999
JPO Tanpa Nama,-6.2771316051087265,106.79779177578023
JPO Tanpa Nama,-6.274513168701849,106.797793097706
Jalan Tol Akses Tanjung Priok,-6.109341761926274,106.89311668834897
Jalan Tol Akses Tanjung Priok,-6.107631034680551,106.8955049022591
Jalan Tol Akses Tanjung Priok,-6.1082278933630585,106.90316738919375
JPO Tanpa Nama,-6.292593200000001,106.79323790000001
JPO Tanpa Nama,-6.292605348402259,106.79345769328525
JPO Tanpa Nama,-6.292551079587724,106.79063473341556
JPO Tanpa Nama,-6.2923592500000005,106.7932315
JPO Tanpa Nama,-6.292338321015032,106.79429901035198
JPO Tanpa Nama,-6.292109147361497,106.79489808584553
JPO Tanpa Nama,-6.292143287875803,106.79507506460536
JPO Tanpa Nama,-6.292203256519823,106.79506231357112
JPO Tanpa Nama,-6.292496493458233,106.7951686716001
JPO Tanpa Nama,-6.292632332262168,106.79506994848175
JPO Tanpa Nama,-6.291940616024464,106.79508816619574
JPO Tanpa Nama,-6.29094942086924,106.79514426805872
JPO Tanpa Nama,-6.292569885286366,106.79310452672081
JPO Tanpa Nama,-6.292636413844159,106.79206499854797
JPO Tanpa Nama,-6.2925840240905675,106.79178480015023
JPO Tanpa Nama,-6.29257635,106.791784
JPO Tanpa Nama,-6.2925851,106.79197050000002
JPO Tanpa Nama,-6.292572291587895,106.79159584298992
JPO Tanpa Nama,-6.292583,106.7932101
JPO Tanpa Nama,-6.2926065,106.79322395
JPO Tanpa Nama,-6.289149250301197,106.77504482420548
JPO Tanpa Nama,-6.2889292517536575,106.77530343447664
JPO Tanpa Nama,-6.2891208500011855,106.7753111002982
JPO Tanpa Nama,-6.2891207,106.77529575
JPO Tanpa Nama,-6.2891209,106.77530599999999
JPO Tanpa Nama,-6.28914155,106.77383945
JPO Tanpa Nama,-6.2842388,106.69253939999999
JPO Tanpa Nama,-6.389649999999999,106.82397139999999
Gang Sadewa IV,-6.217517700000001,106.94520695
JPO Tanpa Nama,-6.217593931643057,106.94540959645384
JPO Tanpa Nama,-6.38734145,106.75690085000001
JPO Tanpa Nama,-6.385478281447603,106.75520295622843
JPO Tanpa Nama,-6.386374421180245,106.75701139245805
JPO Tanpa Nama,-6.3986582,106.7569633
JPO Tanpa Nama,-6.39338855,106.75254484999999
JPO Tanpa Nama,-6.393483749999999,106.75288000000002
JPO Tanpa Nama,-6.393936906865295,106.75191673419172
JPO Tanpa Nama,-6.393283,106.7522283
JPO Tanpa Nama,-6.38879985,106.75352925000001
JPO Tanpa Nama,-6.389958549999999,106.75148515000001
JPO Tanpa Nama,-6.390930804092856,106.7489337924094
JPO Tanpa Nama,-6.3933522499999995,106.75725305000002
JPO Tanpa Nama,-6.022054649999999,106.6565172
JPO Tanpa Nama,-6.388138321628407,106.7501328433414
JPO Tanpa Nama,-6.389157593654651,106.74792567758259
JPO Tanpa Nama,-6.389508499999999,106.74756475000001
JPO Tanpa Nama,-6.389594600000001,106.74726824999999
JPO Tanpa Nama,-6.388470340299972,106.74775463509593
JPO Tanpa Nama,-6.388552442629716,106.7479993760872
JPO Tanpa Nama,-6.388487928045355,106.74780866467304
JPO Tanpa Nama,-6.388619450897264,106.7481891737377
JPO Tanpa Nama,-6.388205030870588,106.74834053170709
JPO Tanpa Nama,-6.38860485,106.7483336
JPO Tanpa Nama,-6.38870665,106.74830095
JPO Tanpa Nama,-6.388965944229734,106.7492305331408
JPO Tanpa Nama,-6.388867100000001,106.74908370000001
JPO Tanpa Nama,-6.38896125,106.74905204999999
JPO Tanpa Nama,-6.388872726884394,106.74946220462043
JPO Tanpa Nama,-6.38918083587044,106.74935760330672
JPO Tanpa Nama,-6.389372697735342,106.7490523900324
JPO Tanpa Nama,-6.3886529241418115,106.74929000580006
JPO Tanpa Nama,-6.3893276,106.74901335
JPO Tanpa Nama,-6.3894874230940175,106.7488873880197
JPO Tanpa Nama,-6.389305814869762,106.74894989150825
JPO Tanpa Nama,-6.3890779,106.7495698
JPO Tanpa Nama,-6.389423150000001,106.7477441
Jalan Trimaran Indah 4,-6.11253225,106.75815255
Jalan Katamaran Permai 6,-6.11318045,106.75858075
Jalan Trimaran Indah 3,-6.1132079,106.75853125
Jalan Trimaran Indah 5,-6.1118434,106.75782395
JPO Tanpa Nama,-6.222846252747958,106.99677583702415
JPO Tanpa Nama,-6.23312165,106.82168490000001
JPO Tanpa Nama,-6.232893499999999,106.82189495
JPO Tanpa Nama,-6.22140015,106.813921
JPO Tanpa Nama,-6.221114944838853,106.8135501174296
JPO Tanpa Nama,-6.22103065,106.8136676
JPO Tanpa Nama,-6.170089166638292,106.63947838678659
Jalan Amal Mulia,-6.226738853316629,106.77160274615504
Jalan Mentor,-6.2569948,107.02295745
JPO Tanpa Nama,-6.1684873,106.90612329999999
JPO Tanpa Nama,-6.2012455,106.79441355
Gang Sadewa II,-6.21768305,106.9452165
JPO Tanpa Nama,-6.347869368367159,106.65232795657454
JPO Tanpa Nama,-6.3363072,106.65996555
JPO Tanpa Nama,-6.33666975,106.659502
JPO Tanpa Nama,-6.336858700000001,106.65925055
JPO Tanpa Nama,-6.3377156,106.6581441
JPO Tanpa Nama,-6.2402048,106.72858815000001
JPO Tanpa Nama,-6.279151250000001,106.84969050000001
JPO Tanpa Nama,-6.213323099901581,106.83462911565299
JPO Tanpa Nama,-6.225184848908485,106.8257191707959
JPO Tanpa Nama,-6.2252790000000005,106.825032
JPO Tanpa Nama,-6.0202772,106.65693605
JPO Tanpa Nama,-6.021489084180672,106.6565572270887
JPO Tanpa Nama,-6.171371876986994,106.81166037380382
Jalan Cikepu,-6.1783028,106.62946445
JPO Tanpa Nama,-6.29661495,106.7859058
JPO Tanpa Nama,-6.296540238383672,106.78591982530544
JPO Tanpa Nama,-6.296490049999999,106.78591245
JPO Tanpa Nama,-6.29652605,106.7856409
JPO Tanpa Nama,-6.2968915,106.78650195
JPO Tanpa Nama,-6.296805900000001,106.7862932
JPO Tanpa Nama,-6.297035894776551,106.78671274868623
JPO Tanpa Nama,-6.29657613068833,106.7863128045864
JPO Tanpa Nama,-6.311764149999999,106.68115295000001
Gang Nusih Nidan,-6.3574979,106.8077405
JPO Tanpa Nama,-6.2743586380489385,106.99718156191518
JPO Tanpa Nama,-6.132470954657839,106.79590103901906
JPO Tanpa Nama,-6.133302147695149,106.79243731847437
JPO Tanpa Nama,-6.13037955,106.79263355
JPO Tanpa Nama,-6.13040885,106.7926357
JPO Tanpa Nama,-6.13039715,106.79242345
JPO Tanpa Nama,-6.130389,106.79225654999999
JPO Tanpa Nama,-6.130386400000001,106.79267145
JPO Tanpa Nama,-6.13038435,106.79267134999999
JPO Tanpa Nama,-6.128299500000001,106.6919399
JPO Tanpa Nama,-6.126466949999999,106.69231785
JPO Tanpa Nama,-6.377905050000001,106.97196654999999
JPO Tanpa Nama,-6.377674061789664,106.97154816401532
JPO Tanpa Nama,-6.378133139516917,106.97158812037019
JPO Tanpa Nama,-6.18471615,106.73506075
JPO Tanpa Nama,-6.184671755619112,106.73829853748914
JPO Tanpa Nama,-6.36895265,106.77925185
Jalur Kereta Api Manggarai–Jatinegara,-6.211804333127094,106.86206838027576
Jalur Kereta Api Manggarai–Jatinegara,-6.211758681353364,106.86206460643564
Jalur Kereta Api Manggarai–Jatinegara,-6.212473813099028,106.85988140553978
Jalur Kereta Api Manggarai–Jatinegara,-6.2125485405075525,106.85993099724386
Jalur Kereta Api Jakarta Kota–Bogor,-6.1378997235486334,106.82136061642657
Jalur Kereta Api Jakarta Kota–Bogor,-6.138747500236694,106.82215295383554
Jalur Kereta Api Jakarta Kota–Bogor,-6.142002490775542,106.8235224813173
Jalur Kereta Api Jakarta Kota–Bogor,-6.142018900287422,106.82348597985317
Jalur Kereta Api Jakarta Kota–Bogor,-6.145953847845602,106.82575750863764
Jalur Kereta Api Jakarta Kota–Bogor,-6.145966455573391,106.82572175285233
Jalur Kereta Api Jakarta Kota–Bogor,-6.150039704876733,106.82705449292762
Jalur Kereta Api Jakarta Kota–Bogor,-6.150047386574438,106.8270147338698
Jalur Kereta Api Jakarta Kota–Bogor,-6.155346609036658,106.8274244361306
Jalur Kereta Api Jakarta Kota–Bogor,-6.155353254989371,106.82737609842357
Jalur Kereta Api Jakarta Kota–Bogor,-6.16062765317524,106.82770589047857
Jalur Kereta Api Jakarta Kota–Bogor,-6.1606351306210785,106.82766973182598
Jalur Kereta Api Jakarta Kota–Bogor,-6.163443445268251,106.82915550636955
Jalur Kereta Api Jakarta Kota–Bogor,-6.163451976602445,106.82911894476423
Jalur Kereta Api Jakarta Kota–Bogor,-6.166344890756559,106.83040880766143
Jalur Kereta Api Jakarta Kota–Bogor,-6.166345333883999,106.83036818725898
Jalur Kereta Api Jakarta Kota–Bogor,-6.176543276589113,106.83065378167788
Jalur Kereta Api Jakarta Kota–Bogor,-6.176556358801455,106.83060729450081
JPO Tanpa Nama,-6.1884669500000005,106.71374435
Jalur Kereta Api Jakarta Kota–Bogor,-6.20025965,106.84252035
Jalur Kereta Api Jakarta Kota–Bogor,-6.20023445,106.84254295
Jalur Kereta Api Jakarta Kota–Bogor,-6.198389,106.8411595
Jalur Kereta Api Jakarta Kota–Bogor,-6.1984057,106.84113214999999
Jalur Kereta Api Jakarta Kota–Bogor,-6.181520146232485,106.83196711184473
Jalur Kereta Api Jakarta Kota–Bogor,-6.181527971640118,106.83192659318556
Jalur Kereta Api Jakarta Kota–Bogor,-6.18575142288094,106.83262245294985
Jalur Kereta Api Jakarta Kota–Bogor,-6.185759858372473,106.83257976488618
JPO Tanpa Nama,-6.14804045,106.67973889999999
JPO Tanpa Nama,-6.14325285,106.6762559
JPO Tanpa Nama,-6.152947894845874,106.71872927994008
Jalan Arwana,-6.30088885,106.97350010000001
JPO Tanpa Nama,-6.138960019622348,106.71833091000225
JPO Tanpa Nama,-6.15049625,106.6629542
JPO Tanpa Nama,-6.1494721000000006,106.66146595000001
JPO Tanpa Nama,-6.154035215818111,106.67466952273786
JPO Tanpa Nama,-6.154522200000001,106.6742993
JPO Tanpa Nama,-6.154544350000001,106.6730321
JPO Tanpa Nama,-6.1540797000000005,106.66947735000001
JPO Tanpa Nama,-6.1747192,106.8255538
Jalan Garuda,-6.1544760499999995,106.6747654
Jalan Karya Barat I Ujung,-6.1618885,106.78153929999999
JPO Tanpa Nama,-6.37359745,106.89543395
JPO Tanpa Nama,-6.374254,106.8955599
JPO Tanpa Nama,-6.257569429147611,106.92725670676664
JPO Tanpa Nama,-6.126616408339521,106.95339274708043
JPO Tanpa Nama,-6.1216186058908715,106.91851020107617
JPO Tanpa Nama,-6.126590152339759,106.8590746385039
JPO Tanpa Nama,-6.12659478909676,106.85907242384205
JPO Tanpa Nama,-6.126759034281916,106.85941240608031
JPO Tanpa Nama,-6.1262881,106.85906575
JPO Tanpa Nama,-6.16862595,106.82242080000002
JPO Tanpa Nama,-6.168916550000001,106.82244644999999
JPO Tanpa Nama,-6.162214349999999,106.71939545000001
jalur pejalan kaki,-6.161650159094095,106.71931027871707
Jalan Bulak Teko,-6.14980665,106.69925119999999
JPO Tanpa Nama,-6.089504549999998,106.6981428
JPO Tanpa Nama,-6.13337905,106.72852745
JPO Tanpa Nama,-6.142116,106.6981824
JPO Tanpa Nama,-6.1411961999999995,106.7213469
JPO Tanpa Nama,-6.141159050000001,106.72135979999999
JPO Tanpa Nama,-6.141235849999999,106.7213331
JPO Tanpa Nama,-6.14067575,106.7199392
JPO Tanpa Nama,-6.1406416,106.7199516
JPO Tanpa Nama,-6.14071005,106.71992675000001
JPO Tanpa Nama,-6.1282888,106.71417215
JPO Tanpa Nama,-6.1332159,106.7927103
JPO Tanpa Nama,-6.14818105,106.68178505
JPO Tanpa Nama,-6.14542215,106.7756999
JPO Tanpa Nama,-6.1453546,106.7753984
JPO Tanpa Nama,-6.1453221,106.77581145000002
JPO Tanpa Nama,-6.13484315,106.69603280000001
JPO Tanpa Nama,-6.134881699999999,106.69636665000002
JPO Tanpa Nama,-6.1349165,106.69635600000002
JPO Tanpa Nama,-6.1349500500000005,106.69634570000001
JPO Tanpa Nama,-6.14493795,106.67793774999998
JPO Tanpa Nama,-6.1482752000000005,106.70269395
JPO Tanpa Nama,-6.1485979,106.70270175
JPO Tanpa Nama,-6.154495312673694,106.77920604090156
Jalan Tol Cengkareng–Batuceper–Kunciran,-6.14072625,106.66568240000002
Jalan Tol Cengkareng–Batuceper–Kunciran,-6.140836599999999,106.66576144999999
JPO Tanpa Nama,-6.1550673,106.79325135
JPO Tanpa Nama,-6.14740315,106.79123520000002
JPO Tanpa Nama,-6.1468967,106.79080385
JPO Tanpa Nama,-6.148903300000001,106.7920388
JPO Tanpa Nama,-6.14310915,106.7901909
JPO Tanpa Nama,-6.1432931,106.79024505
JPO Tanpa Nama,-6.1432185,106.79003825000001
JPO Tanpa Nama,-6.12572035,106.71172419999999
JPO Tanpa Nama,-6.242215087372918,106.79072634569357
JPO Tanpa Nama,-6.1430713500000005,106.793409
JPO Tanpa Nama,-6.1053882,106.68995810000001
JPO Tanpa Nama,-6.10905955,106.6991372
JPO Tanpa Nama,-6.1087918,106.699358
JPO Tanpa Nama,-6.108940499999999,106.69920665000001
JPO Tanpa Nama,-6.1089039,106.6991659
JPO Tanpa Nama,-6.1089183,106.6991826
JPO Tanpa Nama,-6.1075873000000005,106.70034129999999
JPO Tanpa Nama,-6.107318149999999,106.70083999999999
JPO Tanpa Nama,-6.107062050000001,106.7012565
JPO Tanpa Nama,-6.1064566,106.70227154999999
Jalan Satu Maret,-6.1362092,106.70233655000001
JPO Tanpa Nama,-6.10460655,106.70679965
JPO Tanpa Nama,-6.1330139,106.6969852
JPO Tanpa Nama,-6.132714249999999,106.69861035
JPO Tanpa Nama,-6.155426350000001,106.70446684999999
JPO Tanpa Nama,-6.155401250000001,106.70467005
JPO Tanpa Nama,-6.1233581,106.7041136
JPO Tanpa Nama,-6.12424875,106.7050869
JPO Tanpa Nama,-6.14040545,106.68653625
JPO Tanpa Nama,-6.132410600000001,106.68619590000002
JPO Tanpa Nama,-6.1352738,106.78575595
JPO Tanpa Nama,-6.120248323868439,106.70021913896548
JPO Tanpa Nama,-6.12008310862247,106.69961691585912
JPO Tanpa Nama,-6.12401925,106.72727040000001
JPO Tanpa Nama,-6.1228899,106.7276016
JPO Tanpa Nama,-6.18477455,106.73785665
JPO Tanpa Nama,-6.1347639,106.6956213
JPO Tanpa Nama,-6.1347959,106.6956217
JPO Tanpa Nama,-6.13482945,106.6956216
JPO Tanpa Nama,-6.1350079,106.69678085000001
JPO Tanpa Nama,-6.135041400000001,106.6967652
JPO Tanpa Nama,-6.1350826000000005,106.69674415
JPO Tanpa Nama,-6.13617435,106.69886454999998
JPO Tanpa Nama,-6.15484905,106.73073065
Gang Kali Pasir,-6.1295949499999995,106.74238905
JPO Tanpa Nama,-6.130072,106.7430669
JPO Tanpa Nama,-6.155434550000001,106.74892299999999
JPO Tanpa Nama,-6.1398298,106.73927805
JPO Tanpa Nama,-6.1380699000000005,106.74022859999998
JPO Tanpa Nama,-6.13253,106.7137113
JPO Tanpa Nama,-6.1325121,106.7136529
JPO Tanpa Nama,-6.1325464499999995,106.71376514999999
JPO Tanpa Nama,-6.18039425,106.78718015
JPO Tanpa Nama,-6.1571158,106.75773735
JPO Tanpa Nama,-6.164622100000001,106.7630308
JPO Tanpa Nama,-6.168006200000001,106.76415750000001
JPO Tanpa Nama,-6.17372115,106.78830285
Gang M. Gering,-6.1349056,106.7458
JPO Tanpa Nama,-6.1116755000000005,106.7122523
MRT Jakarta Jalur Timur-Barat,-6.1796774474686815,106.91568475391313
MRT Jakarta Jalur Timur-Barat,-6.169131369778515,106.79107887520979
MRT Jakarta Jalur Timur-Barat,-6.171110747212385,106.78968702108395
JPO Tanpa Nama,-6.12257355,106.7031691
JPO Tanpa Nama,-6.179414479401382,106.66138018824475
JPO Tanpa Nama,-6.130690161807458,106.735979759324
JPO Tanpa Nama,-6.109125199999999,106.6990125
JPO Tanpa Nama,-6.132185700804982,106.73802094893233
JPO Tanpa Nama,-6.32554645,107.05038055
JPO Tanpa Nama,-6.17958675,106.66069785
JPO Tanpa Nama,-6.17956895,106.66074009999998
JPO Tanpa Nama,-6.1796031000000005,106.66065294999999
JPO Tanpa Nama,-6.18308295,106.65995925000001
JPO Tanpa Nama,-6.180022,106.65671165
JPO Tanpa Nama,-6.125921063541616,106.75750240034398
JPO Tanpa Nama,-6.126953349999999,106.7574439
JPO Tanpa Nama,-6.126424226383815,106.75753873812705
JPO Tanpa Nama,-6.125928098262638,106.75931972298704
JPO Tanpa Nama,-6.12648965,106.75940075
JPO Tanpa Nama,-6.126424050000001,106.75926875
JPO Tanpa Nama,-6.12884775,106.75759555
JPO Tanpa Nama,-6.13267015,106.7693013
JPO Tanpa Nama,-6.12633515,106.76052070000001
JPO Tanpa Nama,-6.125605800000001,106.7627595
JPO Tanpa Nama,-6.125844349327784,106.76162569992314
JPO Tanpa Nama,-6.126414405955097,106.76167530025371
JPO Tanpa Nama,-6.1274245,106.7641161
JPO Tanpa Nama,-6.125519049999999,106.76389830000001
JPO Tanpa Nama,-6.12593045,106.7638962
JPO Tanpa Nama,-6.126352499999999,106.7639241
JPO Tanpa Nama,-6.12567645,106.76373655
JPO Tanpa Nama,-6.126235100000001,106.76376205
JPO Tanpa Nama,-6.1275745,106.7575089
JPO Tanpa Nama,-6.1280676000000005,106.7573984
JPO Tanpa Nama,-6.12818565,106.75749815
JPO Tanpa Nama,-6.128542250000001,106.75744925000001
Gang Annur 1,-6.186628600000001,106.6585038
JPO Tanpa Nama,-6.17676815,106.6569767
JPO Tanpa Nama,-6.176281400000001,106.65690875000001
JPO Tanpa Nama,-6.1283951,106.7697014
JPO Tanpa Nama,-6.1279401999999985,106.7696644
JPO Tanpa Nama,-6.12737145,106.76953245
JPO Tanpa Nama,-6.1268491,106.7693746
JPO Tanpa Nama,-6.12626165,106.7691596
JPO Tanpa Nama,-6.1256409000000005,106.76910904999998
JPO Tanpa Nama,-6.1251184,106.7690774
JPO Tanpa Nama,-6.12527435,106.76724855
JPO Tanpa Nama,-6.132926299999999,106.73921115000002
JPO Tanpa Nama,-6.1329635499999995,106.73884029999999
JPO Tanpa Nama,-6.1331427000000005,106.73859694999999
JPO Tanpa Nama,-6.136650749999999,106.73148169999999
JPO Tanpa Nama,-6.1549084,106.71508725000001
JPO Tanpa Nama,-6.1426953,106.74122245
JPO Tanpa Nama,-6.1258496000000004,106.76472864999998
JPO Tanpa Nama,-6.1261674,106.76549825000001
JPO Tanpa Nama,-6.1257572499999995,106.76546769999997
JPO Tanpa Nama,-6.12536155,106.76541195
JPO Tanpa Nama,-6.126893700000001,106.75545835
JPO Tanpa Nama,-6.126644450000001,106.75533279999999
JPO Tanpa Nama,-6.12638835,106.7555192
JPO Tanpa Nama,-6.1261149,106.75546055
JPO Tanpa Nama,-6.12588575,106.7556022
JPO Tanpa Nama,-6.1289873,106.75756210000002
JPO Tanpa Nama,-6.12812095,106.75963175000001
Jalan Nurul Amal 5,-6.147495629949422,106.73437155208649
JPO Tanpa Nama,-6.18531955,106.7525391
JPO Tanpa Nama,-6.185438196973019,106.74817972729407
JPO Tanpa Nama,-6.185432494510638,106.74816429980807
JPO Tanpa Nama,-6.18500865,106.73875785
JPO Tanpa Nama,-6.1867326,106.7388749
JPO Tanpa Nama,-6.186720338018464,106.7387866302708
JPO Tanpa Nama,-6.186718249999999,106.7353461
Jalan Puri Molek,-6.1906539,106.73751855
JPO Tanpa Nama,-6.350801799999999,106.98805315
JPO Tanpa Nama,-6.35096605,106.9880505
JPO Tanpa Nama,-6.350885805856984,106.98810921220715
JPO Tanpa Nama,-6.1212861499999995,106.69823554999999
JPO Tanpa Nama,-6.124041399999999,106.69347865
JPO Tanpa Nama,-6.1242936,106.69303934999999
Jalan Bumi Cengkareng Indah,-6.142153499999999,106.73569704999998
JPO Tanpa Nama,-6.18788655,106.74842484999999
JPO Tanpa Nama,-6.18789185,106.74823720000002
JPO Tanpa Nama,-6.18773475,106.74842220000001
JPO Tanpa Nama,-6.1878121,106.74832845
JPO Tanpa Nama,-6.1877417,106.74823085
JPO Tanpa Nama,-6.187966299999999,106.7483336
JPO Tanpa Nama,-6.18766435,106.74832459999999
MRT Jakarta Jalur Timur-Barat,-6.1704697247183535,106.87855229849967
JPO Tanpa Nama,-6.19077215,106.6757918
JPO Tanpa Nama,-6.19053905,106.67591350000001
JPO Tanpa Nama,-6.1792236,106.79315804999999
Jalan Darussalam Utara II,-6.15164185,106.65244960000001
JPO Tanpa Nama,-6.1548973027834,106.73312889155879
JPO Tanpa Nama,-6.1546142,106.73826715
JPO Tanpa Nama,-6.3175389489800065,106.89896971556047
JPO Tanpa Nama,-6.3175264,106.89885465
JPO Tanpa Nama,-6.317406650000001,106.89885989999998
JPO Tanpa Nama,-6.317752076025651,106.89888867239517
JPO Tanpa Nama,-6.317689602753006,106.89924131257008
JPO Tanpa Nama,-6.317456947101917,106.89971495848408
JPO Tanpa Nama,-6.320110506110316,106.90650914837165
JPO Tanpa Nama,-6.31998994497626,106.90657022167473
JPO Tanpa Nama,-6.3193204634688644,106.90632634648243
JPO Tanpa Nama,-6.319498186742083,106.90633319081077
JPO Tanpa Nama,-6.32040875,106.90623964999999
JPO Tanpa Nama,-6.320680449999999,106.90621635
JPO Tanpa Nama,-6.3212411999999985,106.90593704999999
JPO Tanpa Nama,-6.161507420039471,106.64748601159295
JPO Tanpa Nama,-6.1614497,106.64747804999999
JPO Tanpa Nama,-6.1614638,106.64740029999999
JPO Tanpa Nama,-6.16145575,106.64744454999999
JPO Tanpa Nama,-6.15496085,106.73072945000001
JPO Tanpa Nama,-6.1655577,106.64952685000002
JPO Tanpa Nama,-6.15084945,106.65540335
JPO Tanpa Nama,-6.1500759,106.65634835
JPO Tanpa Nama,-6.154867899999999,106.74192345
JPO Tanpa Nama,-6.15461715,106.74195275
JPO Tanpa Nama,-6.1555328,106.7487251
JPO Tanpa Nama,-6.185358400000001,106.6769243
JPO Tanpa Nama,-6.18542285,106.67691869999999
JPO Tanpa Nama,-6.18529135,106.67693009999999
Jalan Tanjung Duren Barat I,-6.17387595,106.77972389999998
JPO Tanpa Nama,-6.146871099741685,106.7515395773627
JPO Tanpa Nama,-6.15782075,106.75965264999999
JPO Tanpa Nama,-6.157645049999998,106.75981795
JPO Tanpa Nama,-6.15700105,106.75777315
JPO Tanpa Nama,-6.157210350000001,106.75769865
JPO Tanpa Nama,-6.1546577,106.73038775
JPO Tanpa Nama,-6.164581641493403,106.7631448499903
JPO Tanpa Nama,-6.164609876634965,106.76295177408677
JPO Tanpa Nama,-6.1889520000000005,106.71212335
Jalan Tol Insinyur Wiyoto Wiyono,-6.232234999999998,106.87655910000001
Jalan Tol Insinyur Wiyoto Wiyono,-6.231784250000001,106.87634159999999
JPO Tanpa Nama,-6.184080500000001,106.78198284999999
JPO Tanpa Nama,-6.18389905,106.78192415000001
JPO Tanpa Nama,-6.1840199,106.78192085
Gang Sekretaris I,-6.183901422758576,106.7820574699989
JPO Tanpa Nama,-6.180113600000001,106.68467215
JPO Tanpa Nama,-6.1742624,106.79048779999998
JPO Tanpa Nama,-6.14893205,106.76722649999999
JPO Tanpa Nama,-6.14854885,106.7602037
JPO Tanpa Nama,-6.149054550000002,106.7628146
JPO Tanpa Nama,-6.19097965,106.7058136
JPO Tanpa Nama,-6.19101035,106.7058692
Jalan Gang Family,-6.18958415,106.71745680000001
JPO Tanpa Nama,-6.184066049999999,106.7818351
JPO Tanpa Nama,-6.1657914,106.64582709999999
JPO Tanpa Nama,-6.14523455,106.77555839999998
JPO Tanpa Nama,-6.1453286,106.77562935
JPO Tanpa Nama,-6.14504205,106.77559029999999
JPO Tanpa Nama,-6.145448252414545,106.77565217499158
JPO Tanpa Nama,-6.145207071716205,106.77559490494515
JPO Tanpa Nama,-6.15004505,106.77250955
JPO Tanpa Nama,-6.150139899999999,106.77271040000001
JPO Tanpa Nama,-6.18181125,106.71514379999999
JPO Tanpa Nama,-6.1572168000000005,106.64895424999999
Gang Haji Mohammad Nur,-6.1808172500000005,106.71595545
JPO Tanpa Nama,-6.1725179,106.702178
JPO Tanpa Nama,-6.1605808500000006,106.76648589999999
JPO Tanpa Nama,-6.16059785,106.76665205
JPO Tanpa Nama,-6.160615717143559,106.76682583804265
JPO Tanpa Nama,-6.15980925,106.68700805
JPO Tanpa Nama,-6.16116145,106.6833046
JPO Tanpa Nama,-6.1612006,106.79035425000002
JPO Tanpa Nama,-6.1602754,106.79106315
JPO Tanpa Nama,-6.1635259,106.7755523
JPO Tanpa Nama,-6.16024115,106.6909361
JPO Tanpa Nama,-6.18840765,106.68426375
JPO Tanpa Nama,-6.163368249959155,106.66741649930928
JPO Tanpa Nama,-6.1632994,106.667365
JPO Tanpa Nama,-6.163436,106.667468
JPO Tanpa Nama,-6.153378598337433,106.71951528697095
JPO Tanpa Nama,-6.1533742156331845,106.7195496748815
JPO Tanpa Nama,-6.1578209,106.64818075
JPO Tanpa Nama,-6.1577658861542774,106.64697764242915
JPO Tanpa Nama,-6.155837050010267,106.64861884907913
JPO Tanpa Nama,-6.155844049696511,106.64818957400516
JPO Tanpa Nama,-6.1628618,106.6440809
JPO Tanpa Nama,-6.16700323103291,106.72146821747661
JPO Tanpa Nama,-6.16559915,106.6457533
JPO Tanpa Nama,-6.2232467046853595,106.96955006985145
JPO Tanpa Nama,-6.1466125499999995,106.82400795000001
Jembatan bulan-bulan,-6.2267063,107.0303692
JPO Tanpa Nama,-6.169883150000001,106.7877013
JPO Tanpa Nama,-6.16989825,106.7876295
JPO Tanpa Nama,-6.157954989699777,106.76782512656212
JPO Tanpa Nama,-6.364124632506785,106.83237194121205
Jalan Insinyur Haji Juanda,-6.2386680000000005,107.00188289999998
Jalan Bulevar Utara Kelapa Gading,-6.1481625,106.90941879999998
Jalan Insinyur Haji Juanda,-6.238953680238867,107.00210839891449
JPO Tanpa Nama,-6.18545145,106.76845885
JPO Tanpa Nama,-6.30897545,106.68815895
JPO Tanpa Nama,-6.19015865,106.79726685
JPO Tanpa Nama,-6.19024055,106.79739265
JPO Tanpa Nama,-6.19684185,106.7980378
JPO Tanpa Nama,-6.1848510999999995,106.79680825
JPO Tanpa Nama,-6.191021546479541,106.69083035069718
JPO Tanpa Nama,-6.15872565,106.63310935
JPO Tanpa Nama,-6.196977199999998,106.797564
JPO Tanpa Nama,-6.196982,106.79756515
JPO Tanpa Nama,-6.196899050000001,106.79806735
JPO Tanpa Nama,-6.19683835,106.79805195
JPO Tanpa Nama,-6.19683725,106.79805164999999
JPO Tanpa Nama,-6.18635345,106.69107960000001
JPO Tanpa Nama,-6.1855443999999995,106.6957329
JPO Tanpa Nama,-6.227790398148288,106.92129494518824
JPO Tanpa Nama,-6.101377799999999,106.73278905000001
JPO Tanpa Nama,-6.100357499999999,106.73263139999999
JPO Tanpa Nama,-6.10299335,106.73473419999998
JPO Tanpa Nama,-6.1594389,106.63208945
JPO Tanpa Nama,-6.159384,106.63205329999998
JPO Tanpa Nama,-6.159336349999999,106.63202225
JPO Tanpa Nama,-6.15783785,106.63469359999999
JPO Tanpa Nama,-6.157776500000001,106.63464925
JPO Tanpa Nama,-6.1577167,106.63460605
JPO Tanpa Nama,-6.1730859,106.76352209999999
JPO Tanpa Nama,-6.16807145,106.72791425
JPO Tanpa Nama,-6.16837905,106.7275016
JPO Tanpa Nama,-6.171343649999999,106.72837715
JPO Tanpa Nama,-6.17165405,106.72787325
JPO Tanpa Nama,-6.122374599999999,106.69661585
Pahlawan Taruna,-6.1717732000000005,106.6376157
JPO Tanpa Nama,-6.1614749,106.63973135
JPO Tanpa Nama,-6.17379545,106.7528977
JPO Tanpa Nama,-6.167273843552507,106.644055543718
JPO Tanpa Nama,-6.166734628668845,106.64443669720849
JPO Tanpa Nama,-6.154549471014331,106.70002028112646
JPO Tanpa Nama,-6.1523649,106.6994206
JPO Tanpa Nama,-6.15439965,106.64011225
JPO Tanpa Nama,-6.154063750000001,106.64079399999999
JPO Tanpa Nama,-6.153998949999999,106.6407533
JPO Tanpa Nama,-6.1539455499999995,106.64071975
JPO Tanpa Nama,-6.15376345,106.64114144999999
JPO Tanpa Nama,-6.153829899999999,106.64117730000002
JPO Tanpa Nama,-6.1537041,106.6411094
JPO Tanpa Nama,-6.15310895,106.64218975
JPO Tanpa Nama,-6.180754953667029,106.79408308706134
JPO Tanpa Nama,-6.181624649999999,106.79369645000001
JPO Tanpa Nama,-6.181379350000001,106.793856
JPO Tanpa Nama,-6.18150125,106.7937831
JPO Tanpa Nama,-6.17705675,106.7999983
JPO Tanpa Nama,-6.177178650000001,106.80010165
Jalan Balikpapan Raya,-6.1711026,106.8109879
Jalan Balikpapan Raya,-6.1709236,106.8109757
JPO Tanpa Nama,-6.1563124,106.70512715
JPO Tanpa Nama,-6.159672549999999,106.68831180000001
JPO Tanpa Nama,-6.16164295,106.6815604
JPO Tanpa Nama,-6.1616418,106.681563
JPO Tanpa Nama,-6.1616786999999995,106.68150494999999
JPO Tanpa Nama,-6.1617763,106.6816393
JPO Tanpa Nama,-6.212042960177156,107.02102234198387
Jalan Raya Perancis,-6.09639265,106.68854635
JPO Tanpa Nama,-6.096347650000001,106.68804855
JPO Tanpa Nama,-6.18924305,106.6655038
JPO Tanpa Nama,-6.1592540499999995,106.6919846
JPO Tanpa Nama,-6.15946995,106.6920034
JPO Tanpa Nama,-6.15655995,106.7050636
JPO Tanpa Nama,-6.1564184,106.70514259999999
JPO Tanpa Nama,-6.156551800000001,106.70520399999998
JPO Tanpa Nama,-6.18540925,106.76857045
JPO Tanpa Nama,-6.18543485,106.76837395000001
JPO Tanpa Nama,-6.16627775,106.64730225
JPO Tanpa Nama,-6.166335779996918,106.64730794570504
JPO Tanpa Nama,-6.1662389,106.64731515
JPO Tanpa Nama,-6.1662420000000004,106.6472827
JPO Tanpa Nama,-6.165813940178025,106.65021697959172
JPO Tanpa Nama,-6.1657571,106.65020669999998
JPO Tanpa Nama,-6.1657113,106.65020545
JPO Tanpa Nama,-6.16571545,106.65018699999999
JPO Tanpa Nama,-6.1657018,106.65019525
JPO Tanpa Nama,-6.264313411488199,106.84208499354833
JPO Tanpa Nama,-6.219427712027306,107.03971274892751
Jalan Raya Kelapa Hybrida,-6.148254850000001,106.90968375
JPO Tanpa Nama,-6.221444499236212,107.03669309756725
JPO Tanpa Nama,-6.221467046816987,107.03678193772082
JPO Tanpa Nama,-6.2458058,106.9856999
Jalan Jenderal Basuki Rahmat,-6.229412527052578,106.89018555602283
JPO Tanpa Nama,-6.1827968690090245,106.93297233701847
JPO Tanpa Nama,-6.182466643783047,106.93518105536413
JPO Tanpa Nama,-6.183055024579031,106.93171191344166
JPO Tanpa Nama,-6.182688376202414,106.93439894622043
JPO Tanpa Nama,-6.180270200000001,106.72459555
Jalan Tol Sunter–Pulo Gebang,-6.1846543279402075,106.93717696273497
Jalan Tol Sunter–Pulo Gebang,-6.183989089004272,106.93766259347125
JPO Tanpa Nama,-6.3152674,106.67560095
JPO Tanpa Nama,-6.31468225,106.6764177
JPO Tanpa Nama,-6.314799722241301,106.67592845225023
JPO Tanpa Nama,-6.31471125,106.67663404999999
JPO Tanpa Nama,-6.315184200477514,106.67554490027462
JPO Tanpa Nama,-6.314771683616964,106.67647069066317
JPO Tanpa Nama,-6.3147338331371765,106.67678649445497
JPO Tanpa Nama,-6.3147464362007435,106.67690558119389
JPO Tanpa Nama,-6.1640089499999995,106.93132914999998
JPO Tanpa Nama,-6.092920100000001,106.73834489999999
JPO Tanpa Nama,-6.0932451499999996,106.73944315
JPO Tanpa Nama,-6.0933966999999996,106.7393739
JPO Tanpa Nama,-6.09355605,106.739301
JPO Tanpa Nama,-6.09396735,106.73921485
JPO Tanpa Nama,-6.0929103,106.73969815
JPO Tanpa Nama,-6.093141987042519,106.73882395600336
JPO Tanpa Nama,-6.0931505,106.73929995
JPO Tanpa Nama,-6.093339685563031,106.73923182534688
JPO Tanpa Nama,-6.0935064,106.73913455
Jalan Bidara,-6.0894601,106.74122715
Jalan Bidara,-6.08940765,106.74128525
JPO Tanpa Nama,-6.089437548365191,106.74122452695669
JPO Tanpa Nama,-6.089442624427309,106.74125315283638
Jalan Tol Kamal–Balaraja,-6.1016499694250665,106.72173810387564
Jalan Tol Kamal–Balaraja,-6.100424407936296,106.7188480441893
JPO Tanpa Nama,-6.072381966160744,106.69221517693025
JPO Tanpa Nama,-6.06977075869797,106.69134029259622
JPO Tanpa Nama,-6.0693654341426875,106.69420659155574
JPO Tanpa Nama,-6.073214019229984,106.69415744230348
JPO Tanpa Nama,-6.071628464638363,106.6916126555106
JPO Tanpa Nama,-6.0725529240208385,106.69264640873958
JPO Tanpa Nama,-6.070293995398863,106.69168228968591
MRT Jakarta Jalur Timur-Barat,-6.166373368126635,106.79312133099533
JPO Tanpa Nama,-6.221828572712774,107.03001772140493
JPO Tanpa Nama,-6.05243577628471,106.6837404261779
JPO Tanpa Nama,-6.052044335641986,106.68370223834509
JPO Tanpa Nama,-6.051864652974979,106.68369087118563
JPO Tanpa Nama,-6.05219085,106.68376125
JPO Tanpa Nama,-6.052176658088266,106.68362409577044
JPO Tanpa Nama,-6.052530764200296,106.68364058489529
JPO Tanpa Nama,-6.051964876687597,106.68382046448491
JPO Tanpa Nama,-6.052335090297067,106.68357506359015
JPO Tanpa Nama,-6.052268631174058,106.68391111209027
JPO Tanpa Nama,-6.1220502,106.69702185
JPO Tanpa Nama,-6.133247881381519,106.6953154895266
JPO Tanpa Nama,-6.133239242868994,106.69551142117403
JPO Tanpa Nama,-6.215874601699388,107.03415506771843
JPO Tanpa Nama,-6.215961916564295,107.03398617862113
JPO Tanpa Nama,-6.216024898435268,107.03419578563032
JPO Tanpa Nama,-6.215724650909697,107.03423589932814
JPO Tanpa Nama,-6.215747673892082,107.03413903387697
JPO Tanpa Nama,-6.25281235,106.99044325
JPO Tanpa Nama,-6.252737971991771,106.99030957483635
JPO Tanpa Nama,-6.252775658390082,106.99019779541808
JPO Tanpa Nama,-6.252577513112557,106.98986176171454
JPO Tanpa Nama,-6.3289902239153895,106.63378191773278
JPO Tanpa Nama,-6.207971911037306,107.03565385585415
JPO Tanpa Nama,-6.207925903779486,107.03566281631703
JPO Tanpa Nama,-6.208045538483155,107.03585429088852
JPO Tanpa Nama,-6.364262999995618,106.83230303949007
JPO Tanpa Nama,-6.3642913,106.83224545
JPO Tanpa Nama,-6.364590899943254,106.83226979424298
JPO Tanpa Nama,-6.263593807184389,106.61998598167146
JPO Tanpa Nama,-6.126266435306358,106.85834549639854
JPO Tanpa Nama,-6.125985249999999,106.85839090000002
JPO Tanpa Nama,-6.326838037004399,106.62265922319766
Simpang Susun Cawang,-6.2462780367078885,106.87725254872103
JPO Tanpa Nama,-6.24485565,106.818295
JPO Tanpa Nama,-6.12630515,106.81195329999998
JPO Tanpa Nama,-6.25313315,106.99795434999999
JPO Tanpa Nama,-6.202253983779712,106.82295989626341
JPO Tanpa Nama,-6.202158252423093,106.82251759948169
JPO Tanpa Nama,-6.358936849999999,106.68976325
JPO Tanpa Nama,-6.2536687539440425,106.99007747462409
JPO Tanpa Nama,-6.254488843587562,106.99036186862547
JPO Tanpa Nama,-6.2216719000000005,107.0020255
JPO Tanpa Nama,-6.264514050000001,106.96646609999999
JPO Tanpa Nama,-6.26479915,106.96646374999999
JPO Tanpa Nama,-6.2632729000000005,106.96664575
JPO Tanpa Nama,-6.261760499999999,106.9666625
Jalan Sadewa Raya,-6.260531,106.9641675
JPO Tanpa Nama,-6.2658562,106.96636910000001
Jalan Haji Umar,-6.2660652,106.9657039
Simpang Susun Cawang,-6.24839358956879,106.8764870330558
JPO Tanpa Nama,-6.2450436499999995,107.02339835000001
JPO Tanpa Nama,-6.2463156,107.02291389999999
Simpang Susun Cawang,-6.248459813150267,106.87657146421067
JPO Tanpa Nama,-6.215314957146261,106.87313116110782
JPO Tanpa Nama,-6.215281141516791,106.87285439983981
JPO Tanpa Nama,-6.215309504659487,106.8729985999939
JPO Tanpa Nama,-6.1787790246369765,106.84198519268386
JPO Tanpa Nama,-6.1786303,106.84235785
Jalur Kereta Api Jakarta Kota–Bogor,-6.136466240036113,106.82015440383182
JPO Tanpa Nama,-6.20285915,106.82506430000001
Jalan Caman Raya,-6.25647895,106.9510794
Jalan Caman Raya,-6.2564896,106.95115615
Jalan Jatibening 2,-6.25695735,106.94067100000001
JPO Tanpa Nama,-6.127437849999999,106.7639927
Jalan Tol Sunter–Pulo Gebang,-6.158034739604405,106.90132046848086
Jalan Tol Sunter–Pulo Gebang,-6.1589241746827055,106.90267036776622
Jalan Tol Sunter–Pulo Gebang,-6.160430899999999,106.90541185000001
Jalan Tol Sunter–Pulo Gebang,-6.160526,106.90535220000001
JPO Tanpa Nama,-6.271222500000001,107.0137742
JPO Tanpa Nama,-6.30449125,106.65451465000001
JPO Tanpa Nama,-6.386964750000001,106.67332300000001
JPO Tanpa Nama,-6.386989773451502,106.67326519820647
JPO Tanpa Nama,-6.387131166642638,106.6731688339604
JPO Tanpa Nama,-6.38717255,106.67316645
JPO Tanpa Nama,-6.387311049920699,106.67286488502164
JPO Tanpa Nama,-6.3871581000000015,106.67335495
JPO Tanpa Nama,-6.387177681089902,106.6731903505011
JPO Tanpa Nama,-6.386866663428098,106.67294498325121
JPO Tanpa Nama,-6.3858532,106.6734778
JPO Tanpa Nama,-6.385850279180321,106.67353725065811
JPO Tanpa Nama,-6.387056519511675,106.67319511441356
JPO Tanpa Nama,-6.386442233085376,106.67301644441585
JPO Tanpa Nama,-6.386576989446235,106.6734629812968
JPO Tanpa Nama,-6.3873374,106.67334255000002
JPO Tanpa Nama,-6.386779429317665,106.67335812410865
LRT Jabodebek,-6.259010230113128,106.87330757579115
LRT Jabodebek,-6.2590004897716796,106.87335581182631
Jalan Caman Raya,-6.24983855,106.95310075
JPO Tanpa Nama,-6.280906964194267,106.63647294543132
JPO Tanpa Nama,-6.38940356777487,106.87940652037716
Jalan Cibentang–Gunung Sindur,-6.3992802,106.65396344999999
JPO Tanpa Nama,-6.366683500000001,106.64536284999998
JPO Tanpa Nama,-6.366681250000001,106.64532330000002
JPO Tanpa Nama,-6.36668575,106.6454024
JPO Tanpa Nama,-6.3383927,107.01330165
JPO Tanpa Nama,-6.227376023848217,106.8439307934137
JPO Tanpa Nama,-6.266052144798074,106.63509056530354
JPO Tanpa Nama,-6.2659109030289475,106.63521778903873
JPO Tanpa Nama,-6.265849665676164,106.63482659463756
JPO Tanpa Nama,-6.271089661673121,106.63462929292011
JPO Tanpa Nama,-6.25534984186528,106.95952642979991
Jalan Kendal,-6.20208037112354,106.8225606894512
Jalan Kendal,-6.202172436692063,106.82315200468457
JPO Tanpa Nama,-6.1673516500000005,106.78888664999998
JPO Tanpa Nama,-6.219485149999999,106.6836866
JPO Tanpa Nama,-6.1154505179233976,106.67190292419941
JPO Tanpa Nama,-6.11526235,106.6719697
JPO Tanpa Nama,-6.115068401988627,106.67172540703125
JPO Tanpa Nama,-6.11488065,106.6718085
JPO Tanpa Nama,-6.1146916881215345,106.67158026020822
JPO Tanpa Nama,-6.1145036,106.6716687
JPO Tanpa Nama,-6.114306274425176,106.67143477024152
JPO Tanpa Nama,-6.1141161,106.67152125
JPO Tanpa Nama,-6.113928058589141,106.67128166139584
JPO Tanpa Nama,-6.1137418,106.67136485
JPO Tanpa Nama,-6.113550166479601,106.67113398532564
JPO Tanpa Nama,-6.1133396,106.67121654999998
JPO Tanpa Nama,-6.113168827140774,106.67099390452465
JPO Tanpa Nama,-6.112961,106.67107265
JPO Tanpa Nama,-6.113171618601278,106.67026019958475
JPO Tanpa Nama,-6.1133589,106.67014370000001
JPO Tanpa Nama,-6.113504901985057,106.67039130769682
JPO Tanpa Nama,-6.113688435959094,106.67029878910931
JPO Tanpa Nama,-6.113885502780823,106.67054536672997
JPO Tanpa Nama,-6.114073349999999,106.67042789999999
JPO Tanpa Nama,-6.114261903931362,106.6706991915169
JPO Tanpa Nama,-6.114438002889129,106.67057683946616
JPO Tanpa Nama,-6.115682808985569,106.6700580766256
JPO Tanpa Nama,-6.11570815,106.6699504
JPO Tanpa Nama,-6.115971749240837,106.66936487276098
JPO Tanpa Nama,-6.1160004500000005,106.66923130000002
JPO Tanpa Nama,-6.1162692595627,106.66861742948554
JPO Tanpa Nama,-6.11630095,106.6684958
JPO Tanpa Nama,-6.116648128942707,106.66785030996208
JPO Tanpa Nama,-6.1164137499999995,106.6677776
JPO Tanpa Nama,-6.116944396050168,106.6671195135792
JPO Tanpa Nama,-6.1167237,106.66705220000001
JPO Tanpa Nama,-6.117231932222839,106.66638882470875
JPO Tanpa Nama,-6.117004,106.66632215
JPO Tanpa Nama,-6.117525456105181,106.6656470578507
JPO Tanpa Nama,-6.11729205,106.66558230000001
JPO Tanpa Nama,-6.11785565,106.6651299
JPO Tanpa Nama,-6.1178738,106.66508285
JPO Tanpa Nama,-6.117884200000001,106.6650596
JPO Tanpa Nama,-6.11770815,106.6647897
JPO Tanpa Nama,-6.1177861,106.6647998
JPO Tanpa Nama,-6.117501850000001,106.66497419999999
JPO Tanpa Nama,-6.118000262403307,106.66407325165481
JPO Tanpa Nama,-6.118084805168306,106.6640843826711
JPO Tanpa Nama,-6.117901270214181,106.66421479001042
JPO Tanpa Nama,-6.118314634717527,106.66330798560422
JPO Tanpa Nama,-6.118381324352963,106.66334488316387
JPO Tanpa Nama,-6.11818559198414,106.66346344263768
JPO Tanpa Nama,-6.11816355,106.6643748
JPO Tanpa Nama,-6.1181829,106.66432625
JPO Tanpa Nama,-6.118191550000001,106.66430285
JPO Tanpa Nama,-6.118456200000001,106.66362755
JPO Tanpa Nama,-6.1184743,106.66357915
JPO Tanpa Nama,-6.1184853,106.6635503
JPO Tanpa Nama,-6.118714159003959,106.66264099318145
JPO Tanpa Nama,-6.11857869924428,106.66251948840788
JPO Tanpa Nama,-6.119002531235212,106.6618883972347
JPO Tanpa Nama,-6.11889825,106.66177210000002
JPO Tanpa Nama,-6.1193485033970765,106.6610648383961
JPO Tanpa Nama,-6.119195292381656,106.66096253636866
JPO Tanpa Nama,-6.118986262675557,106.65965088912785
JPO Tanpa Nama,-6.118635651984052,106.65950878817863
JPO Tanpa Nama,-6.118295678143352,106.65937500729072
JPO Tanpa Nama,-6.117945403404134,106.65923768410632
JPO Tanpa Nama,-6.117358904953959,106.65723283659173
JPO Tanpa Nama,-6.117969455642231,106.65747452393032
JPO Tanpa Nama,-6.118648661377677,106.65775084516842
JPO Tanpa Nama,-6.119327287746655,106.65801458584357
JPO Tanpa Nama,-6.120003874209919,106.6582853952782
JPO Tanpa Nama,-6.120608736843114,106.65852953579599
JPO Tanpa Nama,-6.1212005321183245,106.6587607574085
JPO Tanpa Nama,-6.1217241,106.6589415
JPO Tanpa Nama,-6.12201175,106.65624170000001
JPO Tanpa Nama,-6.1213716086324474,106.65638489958947
JPO Tanpa Nama,-6.121436533237863,106.65641103874441
JPO Tanpa Nama,-6.12087885,106.65632070000001
JPO Tanpa Nama,-6.120898523995119,106.65638546842531
JPO Tanpa Nama,-6.120344713201358,106.65616748830898
JPO Tanpa Nama,-6.120098333335366,106.65589115605452
JPO Tanpa Nama,-6.120155640624058,106.65515031206354
JPO Tanpa Nama,-6.1202673999999995,106.65510249999998
JPO Tanpa Nama,-6.120351800000001,106.6547047
JPO Tanpa Nama,-6.120845850000001,106.6541834
JPO Tanpa Nama,-6.12091825,106.65420854999999
JPO Tanpa Nama,-6.120621142230909,106.6532128115858
JPO Tanpa Nama,-6.120108845756717,106.65275556768835
JPO Tanpa Nama,-6.1201414,106.65266765
JPO Tanpa Nama,-6.119818767584497,106.6525007251679
JPO Tanpa Nama,-6.1198736,106.65240455
JPO Tanpa Nama,-6.119718669838694,106.65180886049637
JPO Tanpa Nama,-6.11987285,106.65143415
JPO Tanpa Nama,-6.12046845,106.65104115
JPO Tanpa Nama,-6.120548,106.6510614
JPO Tanpa Nama,-6.1209399,106.65097525000002
JPO Tanpa Nama,-6.12099443274145,106.65109221866578
JPO Tanpa Nama,-6.1216418,106.6511188
JPO Tanpa Nama,-6.1216531,106.65120995
JPO Tanpa Nama,-6.122319713905813,106.65033579063429
JPO Tanpa Nama,-6.12238245,106.65028945
JPO Tanpa Nama,-6.1223450709590015,106.64969877854483
JPO Tanpa Nama,-6.1224478,106.64971025
JPO Tanpa Nama,-6.122462712815213,106.64927731044793
JPO Tanpa Nama,-6.122566900000001,106.64926985
JPO Tanpa Nama,-6.122966284411997,106.64879606299202
JPO Tanpa Nama,-6.12334025,106.64868485000001
JPO Tanpa Nama,-6.12337007637074,106.64878787301558
JPO Tanpa Nama,-6.12400215,106.64904905
JPO Tanpa Nama,-6.12397665,106.6489602
JPO Tanpa Nama,-6.124334,106.6493548
JPO Tanpa Nama,-6.124292958295815,106.64942345734809
JPO Tanpa Nama,-6.1245967,106.64996305
JPO Tanpa Nama,-6.124533608260471,106.65001360879258
JPO Tanpa Nama,-6.130910549999999,106.65159564999999
JPO Tanpa Nama,-6.1314639,106.6515197
JPO Tanpa Nama,-6.1321368000000005,106.65168625
JPO Tanpa Nama,-6.1324033,106.65204745
JPO Tanpa Nama,-6.13249085,106.65253195
JPO Tanpa Nama,-6.13222615,106.6531602
JPO Tanpa Nama,-6.13200585,106.65365565
JPO Tanpa Nama,-6.13240875,106.6555812
JPO Tanpa Nama,-6.132715149999999,106.65598265
JPO Tanpa Nama,-6.1330343,106.6565931
JPO Tanpa Nama,-6.13289495,106.65696580000001
JPO Tanpa Nama,-6.13264985,106.65732685
JPO Tanpa Nama,-6.1319959,106.65745705
JPO Tanpa Nama,-6.131418099999999,106.6574833
JPO Tanpa Nama,-6.12992865,106.65887844999999
JPO Tanpa Nama,-6.1297264,106.6594125
JPO Tanpa Nama,-6.1293738,106.6599707
JPO Tanpa Nama,-6.128897,106.6600226
JPO Tanpa Nama,-6.1284355,106.65991704999999
JPO Tanpa Nama,-6.128451040163588,106.65998404215127
JPO Tanpa Nama,-6.1280315000000005,106.65943455
JPO Tanpa Nama,-6.128008396429068,106.6594960250775
JPO Tanpa Nama,-6.1276341,106.65899335
JPO Tanpa Nama,-6.282220665588231,106.98837163144007
Gang Blibis,-6.250573500000001,106.81992345
JPO Tanpa Nama,-6.341805150000001,106.69886085
JPO Tanpa Nama,-6.310469638117391,106.76091314421772
JPO Tanpa Nama,-6.310744850000001,106.76066854999999
JPO Tanpa Nama,-6.3107013,106.760467
JPO Tanpa Nama,-6.283954706069968,106.91631574781336
JPO Tanpa Nama,-6.149591380291765,106.80230444271422
Jembatan Penyebrangan Multiguna Manggarai,-6.208852540349794,106.84702521797543
Jalan Profesor Doktor Satrio,-6.213813100969076,106.81809318479475
Jalan Profesor Doktor Satrio,-6.213784058336774,106.81815017824368
Jalan Profesor Doktor Hamka,-6.213772272485714,106.81817808419778
Jalan Profesor Doktor Hamka,-6.213731758891635,106.8182522997902
JPO Tanpa Nama,-6.025633051913239,106.74539371422885
Terusan Jalur Kereta Api Tangerang (rencana),-6.176775449999999,106.62860435
Terusan Jalur Kereta Api Tangerang (rencana),-6.1767384000000005,106.6286169
JPO Tanpa Nama,-6.167293891241782,106.8777192562901
JPO Tanpa Nama,-6.2389992,106.63510865
JPO Tanpa Nama,-6.23906345,106.63510385000001
Jalan Layang Cakung,-6.218721630456669,106.94684777839488
Jalan Layang Cakung,-6.216522723521684,106.94991567133371
Jalan Layang Cakung,-6.215924847187273,106.95037996811755
JPO Tanpa Nama,-6.373732245780532,106.8680829755696
JPO Tanpa Nama,-6.1445314,106.73664715000001
Jalur Kereta Api Jakarta Kota–Bogor,-6.208279936494379,106.848242038069
Jalur Kereta Api Jakarta Kota–Cikampek,-6.17540005,106.8450442
JPO Tanpa Nama,-6.175354799999999,106.84506444999998
JPO Tanpa Nama,-6.1753420000000006,106.84508424999999
JPO Tanpa Nama,-6.1755946,106.8448643
JPO Tanpa Nama,-6.1755765999999985,106.84489640000001
Jalur Kereta Api Jakarta Kota–Cikampek,-6.17556285,106.84492370000001
Jalur Kereta Api Jakarta Kota–Cikampek,-6.22125915,106.97056225
Jalur Kereta Api Jakarta Kota–Cikampek,-6.2212248,106.97056935
Jalur Kereta Api Jakarta Kota–Cikampek,-6.2211687,106.97057845
JPO Tanpa Nama,-6.224713872993239,106.94262326448174
JPO Tanpa Nama,-6.227308052258681,106.93634046579005
JPO Tanpa Nama,-6.2272175999999995,106.93633455
JPO Tanpa Nama,-6.227684912627981,106.93214221622466
JPO Tanpa Nama,-6.18802445,106.84624185000001
JPO Tanpa Nama,-6.184432742382284,106.844100195384
JPO Tanpa Nama,-6.183346134676871,106.84349335132924
JPO Tanpa Nama,-6.182910613203693,106.84324895378708
Jalan Tol Jakarta–Bogor–Ciawi,-6.33167555,106.8873016
JPO Tanpa Nama,-6.2672835,106.61819594999999
Jalur Kereta Api Jakarta Kota–Cikampek,-6.244892699999999,107.0131317
Jalur Kereta Api Jakarta Kota–Cikampek,-6.244865949999999,107.01313045
JPO Tanpa Nama,-6.1917756,107.0460356
JPO Tanpa Nama,-6.2021387,106.8226277
JPO Tanpa Nama,-6.2015744721399955,106.81902158317973
JPO Tanpa Nama,-6.3573121,106.82314515
JPO Tanpa Nama,-6.396139899999999,106.66752975000001
jalan,-6.36131895,106.82031695
JPO Tanpa Nama,-6.227777883863374,106.92350322078718
JPO Tanpa Nama,-6.00515335,106.78080285
JPO Tanpa Nama,-6.0049832,106.7809094
JPO Tanpa Nama,-6.00516705,106.78068955
Jalan Kemanggisan Ilir VI,-6.197705707011855,106.78388817255198
JPO Tanpa Nama,-6.22308345,107.0350205
JPO Tanpa Nama,-6.227459310488421,106.93308962435516
JPO Tanpa Nama,-6.2652652,106.96656795000001
JPO Tanpa Nama,-6.1801374136195655,106.8105262503928
JPO Tanpa Nama,-6.180866023938343,106.81061080037777
Jembatan bulan-bulan,-6.226596141619788,107.03042705890766
JPO Tanpa Nama,-6.225307706185476,106.61428604051254
JPO Tanpa Nama,-6.2498067,106.63327369999999
JPO Tanpa Nama,-6.246285874516567,106.63445342384064
JPO Tanpa Nama,-6.246407189110976,106.63533924766331
JPO Tanpa Nama,-6.25337515,106.64234775
JPO Tanpa Nama,-6.248396,106.63723155
JPO Tanpa Nama,-6.248327,106.63706289999999
JPO Tanpa Nama,-6.2483398,106.63763635000002
JPO Tanpa Nama,-6.24825003773091,106.63767934865908
JPO Tanpa Nama,-6.2482904999999995,106.6375746
JPO Tanpa Nama,-6.2481381,106.63762969999999
JPO Tanpa Nama,-6.2481504,106.63772035
JPO Tanpa Nama,-6.24820335,106.63778365000002
JPO Tanpa Nama,-6.24829175,106.63777859999999
JPO Tanpa Nama,-6.248419756334165,106.63772969109168
JPO Tanpa Nama,-6.24795475,106.63722
JPO Tanpa Nama,-6.248002725741028,106.63707221006577
JPO Tanpa Nama,-6.2481427,106.6371322
JPO Tanpa Nama,-6.248167163467414,106.6374759945923
JPO Tanpa Nama,-6.24802725,106.63741285
JPO Tanpa Nama,-6.247948649999999,106.63733214999999
JPO Tanpa Nama,-6.248087828441018,106.63727172477839
JPO Tanpa Nama,-6.24822465,106.63721509999999
JPO Tanpa Nama,-6.248278956529481,106.63735203324369
JPO Tanpa Nama,-6.2503215,106.6334989
JPO Tanpa Nama,-6.22457735,106.87254535
JPO Tanpa Nama,-6.22952205,106.98983065
JPO Tanpa Nama,-6.238450350000001,107.0162666
JPO Tanpa Nama,-6.2245495,106.9426469
JPO Tanpa Nama,-6.1823959,106.81034805
JPO Kalibaru,-6.182342950000002,106.8110297
JPO Jatibaru,-6.18241065,106.81062349999998
Jalan Perigi Raya,-6.2722115,106.69243755
Jalan Suprijadi,-6.30573075,106.88170464999999
Jalan Tol Lingkar Luar Jakarta,-6.3059404,106.88722415
Jalur Kereta Api Jakarta Kota–Cikampek,-6.2211288499999995,106.970583
JPO Tanpa Nama,-6.39022845,106.65043335
JPO Tanpa Nama,-6.1754153,106.83463244999999
JPO Tanpa Nama,-6.389105199999999,106.76136729999999
JPO Tanpa Nama,-6.3621323,106.6038632
JPO Tanpa Nama,-6.376539449999999,107.02852899999999
JPO Tanpa Nama,-6.2975538,106.6799933
JPO Tanpa Nama,-6.121186420940414,107.03306000271847
Jalan Tol Pelabuhan II,-6.1096706491841,106.88232885453837
Jalan Tol Pelabuhan II,-6.109585273401372,106.88230403262855
JPO Tanpa Nama,-6.1385414,106.70853009999999
JPO Tanpa Nama,-6.279463399999999,106.857173
JPO Tanpa Nama,-6.25764095,106.92787990000001
JPO Tanpa Nama,-6.369822697819481,106.74697795271207
Jalan Bulevar Utara Kelapa Gading,-6.14823125,106.9094142
Jalan Raya Kelapa Hybrida,-6.1483352,106.9095079
Jalan Raya Kelapa Hybrida,-6.14811295,106.90951915
LRT Jabodebek,-6.3749824,106.89587184999999
JPO Tanpa Nama,-6.269819099999999,107.03083670000001
JPO Tanpa Nama,-6.313643000000001,106.89092400000001
Gang Jambu,-6.315072324930192,106.89145840723107
LRT Jabodebek,-6.220133568415536,106.8308642660132
LRT Jabodebek,-6.220115477555864,106.83090192350288
LRT Jabodebek,-6.237098862867849,106.8275728792815
LRT Jabodebek,-6.237111282320507,106.82753083023943
JPO Tanpa Nama,-6.247582535220273,106.99817933266435
JPO Tanpa Nama,-6.247692785822527,106.99812210031581
JPO Tanpa Nama,-6.318679460482645,106.88879671018928
JPO Tanpa Nama,-6.31405745,106.89104535
JPO Tanpa Nama,-6.199839687646478,106.81148654143828
JPO Tanpa Nama,-6.203480567141277,106.81224489785613
JPO Tanpa Nama,-6.2033317,106.8154249
JPO Tanpa Nama,-6.2039849999028895,106.81538070179712
JPO Tanpa Nama,-6.20367785,106.81550390000001
JPO Tanpa Nama,-6.202885304770486,106.81532350968583
JPO Tanpa Nama,-6.203054055262274,106.81507238764497
JPO Tanpa Nama,-6.203578748936603,106.81460145983287
JPO Tanpa Nama,-6.2036280999999995,106.8149848
JPO Tanpa Nama,-6.2033725,106.8141382
JPO Tanpa Nama,-6.202110012846072,106.81369749963231
JPO Tanpa Nama,-6.20205305,106.81489255
JPO Tanpa Nama,-6.20179265,106.81517245
JPO Tanpa Nama,-6.202507450000001,106.81324209999998
JPO Tanpa Nama,-6.2856196,107.02059550000001
JPO Tanpa Nama,-6.130129050000001,106.84420750000001
Jalan Pademangan IV Gang 37,-6.1305484,106.8442584
LRT Jabodebek,-6.2469967171631415,106.87421943244922
LRT Jabodebek,-6.2470187611377455,106.87418250360177
LRT Jabodebek,-6.245908002128854,106.87133672261095
LRT Jabodebek,-6.245935008750691,106.87130611490173
JPO Tanpa Nama,-6.1682288,106.98558349999999
JPO Tanpa Nama,-6.04731565,106.6645398
JPO Tanpa Nama,-6.04608755,106.66517189999999
JPO Tanpa Nama,-6.19682995,107.0371265
Jalan Utama Villa Gading Baru,-6.19205285,107.03737085
JPO Tanpa Nama,-6.1926553,107.03734235
JPO Tanpa Nama,-6.2093813,107.03063885
JPO Tanpa Nama,-6.273497539840023,106.61534187472488
JPO Tanpa Nama,-6.273331150000001,106.6154087
JPO Tanpa Nama,-6.27361856641721,106.61525043649809
JPO Tanpa Nama,-6.273590142068721,106.61530189855448
JPO Tanpa Nama,-6.273770313422812,106.61563960422615
JPO Tanpa Nama,-6.273701600000001,106.615507
JPO Tanpa Nama,-6.273609700000001,106.6153264
JPO Tanpa Nama,-6.2734651999350355,106.61589484982943
JPO Tanpa Nama,-6.27358805,106.6158481
JPO Tanpa Nama,-6.273100006754667,106.6155950476179
JPO Tanpa Nama,-6.2731368,106.6156993
JPO Tanpa Nama,-6.2730751,106.61552449999999
JPO Tanpa Nama,-6.273054180290587,106.61550090764479
JPO Tanpa Nama,-6.272962763777676,106.61546011582527
JPO Tanpa Nama,-6.273297748881824,106.61591135795084
JPO Tanpa Nama,-6.2737191979678295,106.61579819466326
JPO Tanpa Nama,-6.27381065,106.61574975
JPO Tanpa Nama,-6.273651770688656,106.61540903947063
JPO Tanpa Nama,-6.2792714,106.66206245000001
JPO Tanpa Nama,-6.27924475,106.66213805
JPO Tanpa Nama,-6.2794323989279475,106.66181319938886
JPO Tanpa Nama,-6.2793875,106.6618919
JPO Tanpa Nama,-6.278951528532149,106.6617788130636
JPO Tanpa Nama,-6.2790033,106.66166580000001
JPO Tanpa Nama,-6.278889568713233,106.66188248663993
JPO Tanpa Nama,-6.27910623452729,106.66151737524955
JPO Tanpa Nama,-6.279207765923257,106.66152312210679
JPO Tanpa Nama,-6.279109050000001,106.66149924999999
JPO Tanpa Nama,-6.279107906243095,106.66145554883272
JPO Tanpa Nama,-6.27928985,106.6615773
JPO Tanpa Nama,-6.279368953868077,106.66162798409103
JPO Tanpa Nama,-6.279456149999999,106.66168980000002
JPO Tanpa Nama,-6.2794777999999996,106.6617401
JPO Tanpa Nama,-6.279513799999999,106.66172264999999
JPO Tanpa Nama,-6.279560803950178,106.66171846472056
JPO Tanpa Nama,-6.279338958676669,106.66196465625178
gang. Guan,-6.281466357415196,106.91174282333182
JPO Tanpa Nama,-6.2896204000000004,106.6270222
JPO Tanpa Nama,-6.28946865,106.62702425
JPO Tanpa Nama,-6.2897576,106.6270203
JPO Tanpa Nama,-6.288965643537672,106.62694191141959
JPO Tanpa Nama,-6.29103475,106.62751105000001
JPO Tanpa Nama,-6.290925564767895,106.62735918361781
JPO Tanpa Nama,-6.2907637,106.62701305
JPO Tanpa Nama,-6.290529149999999,106.6270162
JPO Tanpa Nama,-6.29030415,106.62702354999998
JPO Tanpa Nama,-6.175628217712064,106.89344088634083
JPO Tanpa Nama,-6.175320994988259,106.89310296216571
JPO Tanpa Nama,-6.176184001789906,106.89397573180617
JPO Tanpa Nama,-6.176122246164749,106.89392774953738
JPO Tanpa Nama,-6.17588092129735,106.89437782233783
JPO Tanpa Nama,-6.176406381269323,106.89441524888717
JPO Tanpa Nama,-6.30637764959595,106.86525414916372
JPO Tanpa Nama,-6.30631855,106.86528269999998
JPO Tanpa Nama,-6.306003970156347,106.86544299378411
JPO Tanpa Nama,-6.3059524684236345,106.8655532415895
JPO Tanpa Nama,-6.26343214838827,106.86594762065734
JPO Tanpa Nama,-6.263372700120166,106.86576399997796
JPO Tanpa Nama,-6.263232220687346,106.86563547048146
JPO Tanpa Nama,-6.263166647015523,106.86584040077473
JPO Tanpa Nama,-6.263472099863381,106.86599445018817
JPO Tanpa Nama,-6.263456984914941,106.86596570451529
JPO Tanpa Nama,-6.263121833981337,106.8661621275559
JPO Tanpa Nama,-6.263184479946483,106.86606655405716
JPO Tanpa Nama,-6.26331440103076,106.86596387798696
JPO Tanpa Nama,-6.191936999999999,106.9056568
JPO Tanpa Nama,-6.1918981056307265,106.90555114442863
JPO Tanpa Nama,-6.192096469332971,106.90560778278808
JPO Tanpa Nama,-6.1921622,106.9056171
JPO Tanpa Nama,-6.192222663166361,106.90562809840854
JPO Tanpa Nama,-6.192314206582558,106.9056651583349
JPO Tanpa Nama,-6.1923938611930485,106.90562232984564
JPO Tanpa Nama,-6.173358002384644,106.82919704839941
JPO Tanpa Nama,-6.173214700000001,106.82898355
JPO Tanpa Nama,-6.300059,106.66366055
JPO Tanpa Nama,-6.299985599999999,106.66370745
JPO Tanpa Nama,-6.2997765,106.66379620000001
JPO Tanpa Nama,-6.299877082130643,106.66376099373191
JPO Tanpa Nama,-6.2995451,106.66381104999999
JPO Tanpa Nama,-6.299579688602333,106.6638304699516
JPO Tanpa Nama,-6.2854089,106.62413409999998
JPO Tanpa Nama,-6.2851572,106.62387475
JPO Tanpa Nama,-6.285107,106.62396425
JPO Tanpa Nama,-6.2849679499999995,106.624668
JPO Tanpa Nama,-6.285564481664325,106.62380152759977
JPO Tanpa Nama,-6.2852681165116655,106.62361353548464
JPO Tanpa Nama,-6.286085209021378,106.62412981871516
JPO Tanpa Nama,-6.285497029472868,106.62452323493956
JPO Tanpa Nama,-6.2853410499999995,106.62423555000002
JPO Tanpa Nama,-6.285224250000001,106.6240437
JPO Tanpa Nama,-6.285355904068441,106.62430394399026
JPO Tanpa Nama,-6.285618724261037,106.62415878278551
JPO Tanpa Nama,-6.285394308880976,106.62403513687522
JPO Tanpa Nama,-6.285265969826579,106.62418999532404
JPO Tanpa Nama,-6.295046422138901,106.60974891481604
JPO Tanpa Nama,-6.295048842452916,106.60930039793878
JPO Tanpa Nama,-6.2947177,106.60978994999999
JPO Tanpa Nama,-6.294624499349578,106.60893681907739
JPO Tanpa Nama,-6.2942399,106.60899689999998
JPO Tanpa Nama,-6.294623076829208,106.6087748013833
JPO Tanpa Nama,-6.294210693011734,106.60959088535425
JPO Tanpa Nama,-6.2943584591380946,106.60910967816116
JPO Tanpa Nama,-6.294709750392723,106.60994948870932
JPO Tanpa Nama,-6.2949140815394795,106.6095261055943
JPO Tanpa Nama,-6.294649599641932,106.61021784165257
JPO Tanpa Nama,-6.29438840095619,106.60961947125551
JPO Tanpa Nama,-6.294646907778117,106.60911894863712
JPO Tanpa Nama,-6.394814500000001,106.9536779
JPO Tanpa Nama,-6.2917761500000005,106.6242447
JPO Tanpa Nama,-6.2918675117899845,106.62368864576099
JPO Tanpa Nama,-6.292093772870275,106.62312441499746
JPO Tanpa Nama,-6.2918407,106.62339205
JPO Tanpa Nama,-6.39123255,106.8209828
JPO Tanpa Nama,-6.302209832951278,106.90406969775694
JPO Tanpa Nama,-6.302210732192214,106.90380739952666
JPO Tanpa Nama,-6.30220765,106.9042753
JPO Tanpa Nama,-6.302213747215604,106.90437765817818
JPO Tanpa Nama,-6.116765637194469,106.73468277588061
JPO Tanpa Nama,-6.178413750000001,106.8253891
JPO Tanpa Nama,-6.1778842269799075,106.82556384786068
JPO Tanpa Nama,-6.178357650000001,106.82522660000001
JPO Tanpa Nama,-6.0722727,106.64438735
Pintu Belakang Terminal Kalideres,-6.153352849999999,106.7061197
JPO Tanpa Nama,-6.306400050000001,106.65125359999998
JPO Tanpa Nama,-6.30624785,106.6512246
JPO Tanpa Nama,-6.30632195,106.6512798
JPO Tanpa Nama,-6.3001666756627985,106.64209847239172
JPO Tanpa Nama,-6.300339826260518,106.64261095289967
JPO Tanpa Nama,-6.307462970393435,106.64320346228698
JPO Tanpa Nama,-6.30962331240283,106.64142643265947
LRT Jabodebek,-6.236077891625546,106.82766971570523
LRT Jabodebek,-6.2361004366671215,106.8277115622772
LRT Jabodebek,-6.2379013500000005,106.8281439
LRT Jabodebek,-6.237861702138771,106.82816871128705
Jalan Tol Sunter–Pulo Gebang,-6.16318535,106.9098237
Jalan Tol Sunter–Pulo Gebang,-6.163271960360022,106.90977165415163
Jalan Tol Sunter–Pulo Gebang,-6.166314636183998,106.91519207139402
Jalan Tol Sunter–Pulo Gebang,-6.166403577023337,106.91513287531218
LRT Jabodebek,-6.264628871010714,107.02321354262926
LRT Jabodebek,-6.2631519773778495,107.01901233186517
Jalan Tekukur,-6.2590942,106.96332945
JPO Tanpa Nama,-6.3472262620901105,106.67338770365605
JPO Tanpa Nama,-6.346995987078316,106.6728516700332
JPO Tanpa Nama,-6.347294962935977,106.67317180140358
JPO Tanpa Nama,-6.34706939999943,106.67324885030827
JPO Tanpa Nama,-6.347166316837153,106.67287513019842
JPO Tanpa Nama,-6.346991020152862,106.67355934692205
JPO Tanpa Nama,-6.347075649876341,106.67296887331682
JPO Tanpa Nama,-6.346795050686842,106.67311875008625
JPO Tanpa Nama,-6.28845975,107.0125243
JPO Tanpa Nama,-6.0935912979736,106.75151025049215
JPO Tanpa Nama,-6.1332283,106.83826175
JPO Tanpa Nama,-6.122952810979315,106.86175388706637
JPO Tanpa Nama,-6.126119925140115,106.86154690532118
JPO Tanpa Nama,-6.123524850000001,106.86365889999999
JPO Tanpa Nama,-6.123630720111971,106.86361122176261
JPO Tanpa Nama,-6.124723954184594,106.86350094520088
JPO Tanpa Nama,-6.1249213986690325,106.86346255300772
JPO Tanpa Nama,-6.12487919576047,106.86320456633224
JPO Tanpa Nama,-6.124656539241656,106.86326557323525
JPO Tanpa Nama,-6.125105675320441,106.86327444436577
JPO Tanpa Nama,-6.125135262233282,106.86017417106655
JPO Tanpa Nama,-6.124165842777876,106.86160708618043
JPO Tanpa Nama,-6.124998132981079,106.86168209552102
JPO Tanpa Nama,-6.126014394872944,106.86171490819383
JPO Tanpa Nama,-6.125748610900628,106.8617483603988
JPO Tanpa Nama,-6.1258285,106.8619361
JPO Tanpa Nama,-6.125712938366883,106.86184925148456
JPO Tanpa Nama,-6.125248654737995,106.86196139788056
JPO Tanpa Nama,-6.125023650374333,106.86177437151434
JPO Tanpa Nama,-6.125326368187498,106.86179558412461
JPO Tanpa Nama,-6.1253371888806125,106.86159665919892
JPO Tanpa Nama,-6.14914105,106.85459019999999
JPO Tanpa Nama,-6.14483615,106.85178680000001
JPO Tanpa Nama,-6.28956515,107.02798525
Jalan Jalak 1,-6.28951915,107.02785005
JPO Tanpa Nama,-6.1731336500000005,106.82158435
JPO Tanpa Nama,-6.1729866,106.8214989
JPO Tanpa Nama,-6.172821450000001,106.8216728
JPO Tanpa Nama,-6.176034,106.82029205
JPO Tanpa Nama,-6.17262235,106.81983359999998
JPO Tanpa Nama,-6.180994592819944,106.82290143641578
JPO Tanpa Nama,-6.180265668230002,106.82284163189713
JPO Tanpa Nama,-6.180878053114373,106.82316875088537
JPO Tanpa Nama,-6.180616451316885,106.82323960511599
JPO Tanpa Nama,-6.180397965555227,106.8225472662872
JPO Tanpa Nama,-6.1586485,106.80819635
JPO Tanpa Nama,-6.163823799999999,106.80209795
JPO Tanpa Nama,-6.1638286,106.80202109999999
JPO Tanpa Nama,-6.126480554692256,107.00440550920162
JPO Tanpa Nama,-6.1280788264893635,107.00474257233672
JPO Tanpa Nama,-6.165648680555922,106.81074158786275
JPO Tanpa Nama,-6.165684578069961,106.81029650676585
JPO Tanpa Nama,-6.16553227669219,106.81341596699464
JPO Tanpa Nama,-6.165316937256623,106.81339945475358
JPO Tanpa Nama,-6.165404885720182,106.81323202293525
JPO Tanpa Nama,-6.12633915,106.85656099999999
JPO Tanpa Nama,-6.126805558454423,106.85508042583359
JPO Tanpa Nama,-6.125993976292248,106.85681974875125
JPO Tanpa Nama,-6.126640653072507,106.85590438827964
JPO Tanpa Nama,-6.126692597064877,106.85574852193268
JPO Tanpa Nama,-6.126279523745187,106.856313758153
JPO Tanpa Nama,-6.126602358409683,106.85582133832192
JPO Tanpa Nama,-6.124481400000001,106.8622693
JPO Tanpa Nama,-6.1257143,106.85850925
JPO Tanpa Nama,-6.1256587499999995,106.85868565
JPO Tanpa Nama,-6.124639497766815,106.86263529933862
JPO Tanpa Nama,-6.1242646943112105,106.86326995641366
JPO Tanpa Nama,-6.1261250966145795,106.8572536106375
JPO Tanpa Nama,-6.124659584425991,106.85881480133953
JPO Tanpa Nama,-6.123879312135289,106.86102477202058
JPO Tanpa Nama,-6.125962578763547,106.86141816648664
JPO Tanpa Nama,-6.126428536279789,106.85645425643878
JPO Tanpa Nama,-6.16773445,106.82117715
JPO Tanpa Nama,-6.181858615917866,106.81680911380955
JPO Tanpa Nama,-6.13963245,106.84883395
JPO Tanpa Nama,-6.1205596,107.0378681
JPO Tanpa Nama,-6.182711652827244,106.83382328356252
JPO Tanpa Nama,-6.182436649130142,106.83334174081826
JPO Tanpa Nama,-6.18263245,106.83338739999999
JPO Tanpa Nama,-6.0745889,106.63479480000001
JPO Tanpa Nama,-6.183286327119644,106.82301254419691
JPO Tanpa Nama,-6.17639325,106.83125805
JPO Tanpa Nama,-6.17235945,106.8341897
JPO Tanpa Nama,-6.17123365,106.83360075
JPO Tanpa Nama,-6.286528349999999,106.66573775
JPO Tanpa Nama,-6.14668895,106.8355468
JPO Tanpa Nama,-6.147506549999999,106.83673605
JPO Tanpa Nama,-6.14799845,106.8374537
JPO Tanpa Nama,-6.137439429929257,106.67731374129252
Gang Dullah,-6.3207198,106.90042515
jalan alternatif jalan cipinang jaya 2e,-6.221067888934402,106.88168416259879
JPO Tanpa Nama,-6.29104405,106.633192
JPO Tanpa Nama,-6.2912316,106.6328427
JPO Tanpa Nama,-6.196446679978714,106.8247483372295
JPO Tanpa Nama,-6.196356883282772,106.82458583266128
JPO Tanpa Nama,-6.196520402257652,106.82447321061538
JPO Tanpa Nama,-6.196596596577671,106.8247033575104
JPO Tanpa Nama,-6.199587842522252,106.82817007789095
JPO Tanpa Nama,-6.199541385053327,106.82839663730685
JPO Tanpa Nama,-6.199426949999999,106.82831895
JPO Tanpa Nama,-6.199768690689867,106.82832497976713
JPO Tanpa Nama,-6.1972198999999994,106.82860255000001
JPO Tanpa Nama,-6.195487871321597,106.82888080247197
JPO Tanpa Nama,-6.20030815,106.83328859999999
JPO Tanpa Nama,-6.1917192511581405,106.82896195540425
JPO Tanpa Nama,-6.1916079,106.829105
JPO Tanpa Nama,-6.200108350000001,106.8318548
JPO Tanpa Nama,-6.195134850000001,106.83309385000001
JPO Tanpa Nama,-6.1945436,106.83309380000001
JPO Tanpa Nama,-6.12085905,106.83048505
JPO Tanpa Nama,-6.1206429,106.83011925
JPO Tanpa Nama,-6.12067450932198,106.83011471435199
JPO Tanpa Nama,-6.1882243,106.82523485
JPO Tanpa Nama,-6.194582714890222,106.82529501322992
JPO Tanpa Nama,-6.1447824,106.8440182
JPO Tanpa Nama,-6.2151457,106.80437140000001
JPO Tanpa Nama,-6.3064958,106.65511075
JPO Tanpa Nama,-6.30669315,106.65508505
JPO Tanpa Nama,-6.306300354821222,106.655054193576
JPO Tanpa Nama,-6.306356546966737,106.6551185544125
JPO Tanpa Nama,-6.30902325,106.6567949
JPO Tanpa Nama,-6.308622,106.65489754999999
JPO Tanpa Nama,-6.307261284127392,106.65700495870334
JPO Tanpa Nama,-6.306483849999999,106.6556709
JPO Tanpa Nama,-6.3065701999999995,106.655778
JPO Tanpa Nama,-6.306708,106.65560225
JPO Tanpa Nama,-6.306820971606957,106.65498717087883
JPO Tanpa Nama,-6.306669749999999,106.6555534
JPO Tanpa Nama,-6.3071262,106.65371055
JPO Tanpa Nama,-6.306862816444741,106.6565977945666
JPO Tanpa Nama,-6.3070159066092195,106.65669023273216
JPO Tanpa Nama,-6.30692105,106.65625205000002
JPO Tanpa Nama,-6.307149751079731,106.6570945004321
JPO Tanpa Nama,-6.307034529759015,106.65716920411589
JPO Tanpa Nama,-6.307167286141839,106.65705234234417
JPO Tanpa Nama,-6.306980987188259,106.65410934479982
Jalan Akses Rumah Susun,-6.1293216,106.6221405
JPO Tanpa Nama,-6.1311103,106.62772755
JPO Tanpa Nama,-6.125191,106.62832800000001
JPO Tanpa Nama,-6.189225022876378,106.81854547068956
JPO Tanpa Nama,-6.188938639732028,106.8176573418343
Jalan Iskandar Muda,-6.1218860500000005,106.6289157
Gang Masjid,-6.196645074498364,107.00561709356592
JPO Tanpa Nama,-6.298922837689249,106.64095916614097
JPO Tanpa Nama,-6.29895655,106.64116920000001
JPO Tanpa Nama,-6.298498000000001,106.64106484999999
JPO Tanpa Nama,-6.29831395,106.64066265
Jembatan Permata Alinda,-6.20393885,107.0054999
JPO Tanpa Nama,-6.195115449999999,106.8288733
JPO Tanpa Nama,-6.21698285,106.82434615
Gang Kecil 2,-6.21716810107119,106.82460568885223
Gang Kecil 3,-6.217703747302847,106.82480704495724
JPO Tanpa Nama,-6.3949566,106.79508705
JPO Bersama BTN,-6.1238264000000004,106.85968940000001
JPO Tanpa Nama,-6.26882595,107.03192630000002
JPO Tanpa Nama,-6.2688559999999995,107.0311238
JPO Tanpa Nama,-6.2688931,107.03152850000001
JPO Tanpa Nama,-6.268561625716136,107.0320743541061
JPO Tanpa Nama,-6.11738265,106.6286549
JPO Tanpa Nama,-6.11640135,106.62950905
JPO Tanpa Nama,-6.14563375,106.8911507
JPO Tanpa Nama,-6.14431195,106.89146495
JPO Tanpa Nama,-6.14641975,106.89096365
JPO Tanpa Nama,-6.126426132079841,106.85943364336016
JPO Tanpa Nama,-6.126619737253598,106.85883961706776
JPO Tanpa Nama,-6.126904206764312,106.8589869784093
JPO Tanpa Nama,-6.126476787401737,106.85888818861284
JPO Tanpa Nama,-6.14463615,106.84661015
JPO Tanpa Nama,-6.1442045,106.84684555
JPO Tanpa Nama,-6.143502439240158,106.84719342853015
JPO Tanpa Nama,-6.144234542079397,106.84786631610754
JPO Tanpa Nama,-6.14392355,106.8474995
JPO Tanpa Nama,-6.1436679054540395,106.84713258926864
Pantai Indah,-6.120278528383817,106.84974143300164
JPO Tanpa Nama,-6.1200956,106.8500964
JPO Tanpa Nama,-6.118459499999999,106.8545625
JPO Tanpa Nama,-6.118482608270435,106.85455328510875
JPO Tanpa Nama,-6.118682059345851,106.85351967500308
JPO Tanpa Nama,-6.119652279693275,106.85087133507936
JPO Tanpa Nama,-6.119438044503243,106.85131771614132
JPO Tanpa Nama,-6.119917137051452,106.8498440227606
JPO Tanpa Nama,-6.118964795367599,106.85273459799146
JPO Tanpa Nama,-6.119303640405247,106.85189023282953
JPO Tanpa Nama,-6.1206258,106.84784214999998
JPO Tanpa Nama,-6.1207981,106.84761385
JPO Tanpa Nama,-6.1207506,106.84786735
JPO Tanpa Nama,-6.120577358299643,106.84620750165705
JPO Tanpa Nama,-6.120860677570912,106.84537617366843
JPO Tanpa Nama,-6.1750739,106.84359040000001
JPO Tanpa Nama,-6.15884245,106.83894975000001
JPO Tanpa Nama,-6.1630056500000014,106.8405628
JPO Tanpa Nama,-6.163037299999999,106.84071259999997
JPO Tanpa Nama,-6.163213991356113,106.84064220109966
JPO Tanpa Nama,-6.16600755,106.84171520000001
JPO Tanpa Nama,-6.1681264,106.8425234
JPO Tanpa Nama,-6.1682407,106.84256719999999
JPO Tanpa Nama,-6.1716394,106.84295134999999
JPO Tanpa Nama,-6.175155200000001,106.84359699999999
JPO Tanpa Nama,-6.1750162500000005,106.84354264999999
JPO Tanpa Nama,-6.175101992373245,106.8435288910137
JPO Tanpa Nama,-6.175118270699357,106.84347515590495
JPO Tanpa Nama,-6.176164841842404,106.84398823213793
JPO Tanpa Nama,-6.17575465,106.84348245000001
JPO Tanpa Nama,-6.1750698129262585,106.84360984572258
JPO Tanpa Nama,-6.1770475000000005,106.84385049999999
JPO Tanpa Nama,-6.1767290620938216,106.84409907668426
JPO Tanpa Nama,-6.176661449999999,106.84381715
JPO Tanpa Nama,-6.1753836,106.8433899
JPO Tanpa Nama,-6.175164049999999,106.84333480000001
JPO Tanpa Nama,-6.1210311,106.84568695
Gang Ma'ruf,-6.2042116,106.77444165000001
JPO Tanpa Nama,-6.200941800000001,106.83784875
JPO Tanpa Nama,-6.2008773999999995,106.8374106
Jalan Raya Sawangan,-6.394685900000001,106.80248415
JPO Tanpa Nama,-6.176591600000001,106.84394735000001
JPO Tanpa Nama,-6.1765691,106.84389510000001
JPO Tanpa Nama,-6.176481426123923,106.84393322562049
JPO Tanpa Nama,-6.176136400000001,106.8438579
JPO Tanpa Nama,-6.176206986488274,106.84403156101789
JPO Tanpa Nama,-6.176100390220132,106.84398126398553
JPO Tanpa Nama,-6.175951292864994,106.84441039481179
JPO Tanpa Nama,-6.176066206971467,106.84369360059064
JPO Tanpa Nama,-6.1328306,106.86434035
JPO Tanpa Nama,-6.13183555,106.62121124999999
JPO Tanpa Nama,-6.1271685,106.6229783
JPO Tanpa Nama,-6.125579800000001,106.62291850000001
JPO Tanpa Nama,-6.124769049999999,106.62275725
JPO Tanpa Nama,-6.1229655,106.6216298
JPO Tanpa Nama,-6.12980475,106.62733725
JPO Tanpa Nama,-6.193693049999999,106.8393291
JPO Tanpa Nama,-6.186914978271799,106.83459194171137
JPO Tanpa Nama,-6.123400533020349,106.84169030613307
JPO Tanpa Nama,-6.123486281302968,106.84176240264603
JPO Tanpa Nama,-6.171360132118571,106.82571681735304
JPO Tanpa Nama,-6.17128052787621,106.82271720098049
JPO Tanpa Nama,-6.120354544564267,106.84677220917266
JPO Tanpa Nama,-6.1188305,106.85309405000001
JPO Tanpa Nama,-6.1202449470952915,106.84864320028305
JPO Tanpa Nama,-6.12091255,106.84489310000001
JPO Tanpa Nama,-6.1211941397892105,106.8447672838578
JPO Tanpa Nama,-6.121045857019279,106.84493127728832
JPO Tanpa Nama,-6.1952663702267365,106.82369658114138
JPO Tanpa Nama,-6.195327537301531,106.82362473304416
JPO Tanpa Nama,-6.173082847128972,106.82989865754273
JPO Tanpa Nama,-6.07925965,106.60886055
JPO Tanpa Nama,-6.1290115499999995,106.84048965
JPO Tanpa Nama,-6.1289465,106.8404789
JPO Tanpa Nama,-6.1288823,106.84046785000001
JPO Tanpa Nama,-6.128826449999999,106.8406886
JPO Tanpa Nama,-6.128917599999999,106.84012655000001
JPO Tanpa Nama,-6.129001199999999,106.8407284
JPO Tanpa Nama,-6.12908275,106.840254
JPO Tanpa Nama,-6.176004599999999,106.89461735
JPO Tanpa Nama,-6.175916232546268,106.894568081264
JPO Tanpa Nama,-6.1763411999999995,106.89409505
JPO Tanpa Nama,-6.176275201411928,106.89403155168336
JPO Tanpa Nama,-6.1764841,106.89431465
JPO Tanpa Nama,-6.17648185,106.89426055
JPO Tanpa Nama,-6.197590499397859,106.82291509953166
JPO Tanpa Nama,-6.197784786388303,106.82291448672089
JPO Tanpa Nama,-6.126636160196373,106.83764030283339
JPO Tanpa Nama,-6.124124465098975,106.83670505227869
JPO Tanpa Nama,-6.127823231292903,106.83547588731768
JPO Tanpa Nama,-6.12329745,106.83463555
JPO Tanpa Nama,-6.123389799999999,106.83463655
JPO Tanpa Nama,-6.124369972124859,106.83455536952657
JPO Tanpa Nama,-6.126754812198619,106.83631841707187
JPO Tanpa Nama,-6.12545585,106.83500754999999
JPO Tanpa Nama,-6.1255188,106.8353152
JPO Tanpa Nama,-6.127349000000001,106.83577505
JPO Tanpa Nama,-6.127190600000001,106.8358897
JPO Tanpa Nama,-6.279205795210831,107.04745568666404
JPO Tanpa Nama,-6.27901915,107.0471948
JPO Tanpa Nama,-6.2788194,107.04650939999999
JPO Tanpa Nama,-6.263174090584724,106.63725353447927
JPO Tanpa Nama,-6.1818880499999995,107.03853235
JPO Tanpa Nama,-6.18256435,107.03841595
JPO Tanpa Nama,-6.1019585,106.63879610000001
JPO Tanpa Nama,-6.10181715,106.63880935
JPO Tanpa Nama,-6.10629575,106.64169245
JPO Tanpa Nama,-6.10760685,106.6428407
JPO Tanpa Nama,-6.1646615253068,106.81989280714292
JPO Tanpa Nama,-6.1499254,106.81719340000001
JPO Tanpa Nama,-6.159779,106.81880345
JPO Tanpa Nama,-6.1596837,106.8193336
JPO Tanpa Nama,-6.15957935,106.8201434
JPO Tanpa Nama,-6.159814800000001,106.8214449
JPO Tanpa Nama,-6.15989525,106.82166774999999
JPO Tanpa Nama,-6.16060635,106.8236351
JPO Tanpa Nama,-6.160729902831808,106.83389550337671
JPO Tanpa Nama,-6.1607332,106.8335925
JPO Tanpa Nama,-6.1619819499999995,106.8306191
JPO Tanpa Nama,-6.16122715,106.82538500000001
JPO Tanpa Nama,-6.161859995870979,106.82678770362438
JPO Tanpa Nama,-6.1618663,106.82669375
JPO Tanpa Nama,-6.161797759395761,106.82657562702889
JPO Tanpa Nama,-6.162848212705472,106.8267576585716
JPO Tanpa Nama,-6.162826992877721,106.82659982646224
JPO Tanpa Nama,-6.162945870507402,106.82675016975261
JPO Tanpa Nama,-6.171248131194636,106.90790491992897
JPO Tanpa Nama,-6.17106831221973,106.90729156461747
JPO Tanpa Nama,-6.195132789628399,106.84942107107406
JPO Tanpa Nama,-6.1308328,106.8944889
JPO Tanpa Nama,-6.125417799999999,106.8403574
JPO Tanpa Nama,-6.125391,106.84194375000001
JPO Tanpa Nama,-6.1249088999999985,106.84081400000001
JPO Tanpa Nama,-6.126342200000001,106.84027864999999
JPO Tanpa Nama,-6.1230455,106.84404025
JPO Tanpa Nama,-6.1264667500000005,106.84684494999999
JPO Tanpa Nama,-6.18910205,106.81380619999999
JPO Tanpa Nama,-6.13666495309789,106.82259861107912
JPO Tanpa Nama,-6.136778547500064,106.82182459259397
JPO Tanpa Nama,-6.200695207099883,106.84325767499506
JPO Tanpa Nama,-6.12508535,106.83318410000001
JPO Tanpa Nama,-6.1253133,106.83340460000001
JPO Tanpa Nama,-6.124226573691105,106.83168828634321
JPO Tanpa Nama,-6.1232562999999995,106.83092835
JPO Tanpa Nama,-6.1229448,106.83080745000001
JPO Tanpa Nama,-6.122772558159162,106.83088542082392
JPO Tanpa Nama,-6.123104173615615,106.830748357559
JPO Tanpa Nama,-6.123839405493583,106.83073553229532
JPO Tanpa Nama,-6.1234421,106.8319595
JPO Tanpa Nama,-6.12288745,106.83186335
JPO Tanpa Nama,-6.123038541757421,106.83151808050889
JPO Tanpa Nama,-6.1232475,106.8325636
JPO Tanpa Nama,-6.12424134492985,106.83398803118773
JPO Tanpa Nama,-6.1241714,106.83397445
JPO Tanpa Nama,-6.123428770544465,106.83315139464632
JPO Tanpa Nama,-6.123992318678232,106.83332621920574
JPO Tanpa Nama,-6.122796793079292,106.83343178750434
JPO Tanpa Nama,-6.123862812733594,106.83391288921572
JPO Tanpa Nama,-6.194348807148792,106.82178399918637
JPO Tanpa Nama,-6.194217715743308,106.82087375348439
JPO Tanpa Nama,-6.194601079432329,106.82091379716351
JPO Tanpa Nama,-6.346088011111092,106.9493016591279
JPO Tanpa Nama,-6.3460558,106.9493012
JPO Tanpa Nama,-6.200263615729615,106.83294430637697
JPO Tanpa Nama,-6.200127619793169,106.83206354186744
Jalan Tol Pelabuhan II,-6.123349350201928,106.85932747359335
Jalan Tol Pelabuhan II,-6.122282534779653,106.8617260706262
JPO Tanpa Nama,-6.1947787,106.8253313
JPO Tanpa Nama,-6.12831645,106.89332775
Jalan Tol Akses Tanjung Priok,-6.141307615340314,106.8910702858046
Jalan Tol Akses Tanjung Priok,-6.141426838250939,106.89115158497067
JPO Tanpa Nama,-6.182532799176669,106.83521061105705
JPO Tanpa Nama,-6.1438044785854755,106.81527974795425
JPO Tanpa Nama,-6.142812855658848,106.81497028236222
JPO Tanpa Nama,-6.141199800000001,106.8126274
JPO Tanpa Nama,-6.1417781,106.80665345
JPO Tanpa Nama,-6.1567986,106.83666095000001
JPO Tanpa Nama,-6.176525675761874,106.83116197936886
JPO Tanpa Nama,-6.124835233382638,106.83422383368752
JPO Tanpa Nama,-6.1259808499999995,106.8327171
JPO Tanpa Nama,-6.125985099999999,106.8326864
JPO Tanpa Nama,-6.1226594500000004,106.83231364999999
JPO Tanpa Nama,-6.194484699629598,106.82258138715345
JPO Tanpa Nama,-6.194662743531048,106.8224578017389
JPO Tanpa Nama,-6.1960027,106.8225599
JPO Tanpa Nama,-6.196058384213464,106.8224086771378
JPO Tanpa Nama,-6.330640813082181,106.71513461768389
JPO Tanpa Nama,-6.394311050000001,106.87122035
JPO Tanpa Nama,-6.16248635,106.8380691
JPO Tanpa Nama,-6.157590649999999,106.84324529999999
JPO Tanpa Nama,-6.155992049999999,106.8438189
JPO Tanpa Nama,-6.1557204500000005,106.84374569999999
JPO Tanpa Nama,-6.1686159499999995,106.8427166
JPO Tanpa Nama,-6.1728567499999984,106.8398169
JPO Tanpa Nama,-6.122661527053555,106.83368260347287
JPO Tanpa Nama,-6.123108669909886,106.83387028723409
JPO Tanpa Nama,-6.179145249742317,106.6302227365801
JPO Tanpa Nama,-6.1658626000000005,106.8351691
JPO Tanpa Nama,-6.166838166912306,106.8352387594554
JPO Tanpa Nama,-6.156574582551406,106.84678513214098
JPO Tanpa Nama,-6.1655873,106.83884524999999
JPO Tanpa Nama,-6.160722000000001,106.84942545
JPO Tanpa Nama,-6.1606877,106.84882495
JPO Tanpa Nama,-6.157905899999999,106.851575
JPO Tanpa Nama,-6.1579884,106.85110815
JPO Tanpa Nama,-6.155680406111927,106.85235975837868
JPO Tanpa Nama,-6.160254699999999,106.8347307
JPO Tanpa Nama,-6.16379845,106.84086835
JPO Tanpa Nama,-6.155713020288894,106.85218426598743
JPO Tanpa Nama,-6.155904750253216,106.85125459836541
JPO Tanpa Nama,-6.156241960279633,106.84942083238624
JPO Tanpa Nama,-6.18301085,106.84290835
JPO Tanpa Nama,-6.1844266999999995,106.8437188
JPO Tanpa Nama,-6.126748439823715,106.83282277200976
JPO Tanpa Nama,-6.1616254,106.84540815
JPO Tanpa Nama,-6.32595365,106.63780535000001
JPO Tanpa Nama,-6.1269039,106.83073165
JPO Tanpa Nama,-6.12706995,106.83075504999998
JPO Tanpa Nama,-6.12301785,106.835139
JPO Tanpa Nama,-6.12661905,106.83226035
JPO Tanpa Nama,-6.126518376947829,106.8326595584765
JPO Tanpa Nama,-6.2502878,107.03656875
JPO Tanpa Nama,-6.16731045,106.82547070000001
JPO Tanpa Nama,-6.167103365377133,106.82548929395824
JPO Tanpa Nama,-6.16720195,106.8254475
JPO Tanpa Nama,-6.1333727499999995,106.80628519999999
JPO Tanpa Nama,-6.127534113362726,106.8344172575528
JPO Tanpa Nama,-6.1278014,106.83445245
JPO Tanpa Nama,-6.1806338499999995,106.823275
JPO Tanpa Nama,-6.12078745,106.8293934
JPO Tanpa Nama,-6.12077775,106.82948025
JPO Tanpa Nama,-6.12040935,106.82934675
JPO Tanpa Nama,-6.1204031,106.8294042
JPO Tanpa Nama,-6.120339666236962,106.8342831022653
Dermaga 2,-6.124344049551737,106.82976855379317
Dermaga 2,-6.124352645556654,106.82970688679475
Dermaga 2,-6.124357247194918,106.82964543127882
Dermaga 1,-6.124569650150985,106.82970484870874
Dermaga 3,-6.1241137000000005,106.8297465
Dermaga 3,-6.124121150000001,106.82968115
Dermaga 3,-6.124142950424431,106.82961619677036
Dermaga 5,-6.123728300997872,106.82955944403503
Dermaga 4,-6.123930348314448,106.82959241271662
Dermaga 8,-6.122972099737078,106.82942445194864
Dermaga 9,-6.1227014,106.82955045
Dermaga 9,-6.122717249999999,106.82945209999998
Dermaga 9,-6.122711850344254,106.82938964713519
Dermaga 10,-6.122410700554245,106.82950514590839
Dermaga 10,-6.12242425026954,106.82941199730884
Dermaga 10,-6.122431148799698,106.8293558656834
Dermaga 11,-6.1221217,106.8294743
Dermaga 11,-6.1221306,106.82938175000001
Dermaga 11,-6.122154099966019,106.82932710037477
Dermaga 12,-6.121857549172072,106.82941585683852
Dermaga 12,-6.1218508,106.82930659999998
Dermaga 12,-6.121879396089246,106.82925257635237
Dermaga 14,-6.12151589995935,106.829389450389
Dermaga 14,-6.121523851813989,106.82928783338826
Dermaga 14,-6.121535800314557,106.82923754703944
Dermaga 14,-6.121537300224691,106.82918329764043
Dermaga 2,-6.1208347,106.82922064999998
Dermaga 2,-6.1208226,106.82931195
Dermaga 2,-6.12076535,106.82935165
Dermaga 2,-6.12078015,106.82923685
Dermaga 2,-6.120814201217241,106.82913233706135
Dermaga 15,-6.121138500000001,106.82933135
Dermaga 15,-6.12116635024711,106.82925234800608
Dermaga 15,-6.12117559786141,106.82918636927488
Dermaga 18,-6.12005825,106.82921339999999
Dermaga 18,-6.120080201461371,106.82912223863175
Dermaga 18,-6.12007955,106.82902825
Dermaga 18,-6.120112753938637,106.82891436831797
Dermaga 19,-6.1197083,106.8290741
Dermaga 19,-6.119733999758388,106.82898235167318
Dermaga 19,-6.119751701092848,106.82886228960349
Dermaga 20,-6.119358047714638,106.82911506890437
Dermaga 20,-6.119367098436003,106.82902656574083
Dermaga 20,-6.11937864953323,106.8289368037522
Dermaga 20,-6.119391451888968,106.82881323341438
Dermaga 21,-6.1189843,106.82906235
Dermaga 21,-6.119039051124305,106.82877388839329
Dermaga 22,-6.1186676,106.8290238
Dermaga 22,-6.1185329,106.82903175
Dermaga 22,-6.118573746365167,106.82891867561557
JPO Tanpa Nama,-6.152623326950634,106.95884599895749
JPO Tanpa Nama,-6.152666634139966,106.95861728768702
JPO Tanpa Nama,-6.152505972773351,106.9588214949809
JPO Tanpa Nama,-6.1519521546429,106.9582617220251
JPO Tanpa Nama,-6.152473512276726,106.9588876249674
JPO Tanpa Nama,-6.152541521017069,106.95864290937587
JPO Tanpa Nama,-6.1522613988677595,106.95852770905593
JPO Tanpa Nama,-6.152406257152173,106.95828176408638
JPO Tanpa Nama,-6.1632786,106.99953695
JPO Tanpa Nama,-6.1632283,106.9994156
JPO Tanpa Nama,-6.163136533260003,106.99968204854672
JPO Tanpa Nama,-6.16286593408968,106.99958236018547
JPO Tanpa Nama,-6.163858605423372,106.99940748280628
JPO Tanpa Nama,-6.1643152,106.99961985
JPO Tanpa Nama,-6.153229553672344,106.98242471743322
JPO Tanpa Nama,-6.20142855,106.81843275
JPO Tanpa Nama,-6.12916665,106.63345845
JPO Tanpa Nama,-6.1196807,106.62239225
JPO Tanpa Nama,-6.11670755,106.62924125
JPO Tanpa Nama,-6.158361613408587,106.99929951867001
JPO Tanpa Nama,-6.158195633678746,106.99939438028326
JPO Tanpa Nama,-6.159043942232252,106.99822570908168
JPO Tanpa Nama,-6.1591500633806335,106.99797899947026
JPO Tanpa Nama,-6.159055489512595,106.99809747320658
JPO Tanpa Nama,-6.15890415,106.99796015
JPO Tanpa Nama,-6.159729179620243,106.9980304331529
JPO Tanpa Nama,-6.15960265,106.9979509
JPO Tanpa Nama,-6.159369469344304,106.99796455314798
JPO Tanpa Nama,-6.1593464,106.9981272
JPO Tanpa Nama,-6.15913345,106.99821084999999
JPO Tanpa Nama,-6.1591492500000005,106.99815229999999
JPO Tanpa Nama,-6.158642196747783,106.99806387206819
JPO Tanpa Nama,-6.158768200000001,106.99810695
JPO Tanpa Nama,-6.16023485,106.9978625
JPO Tanpa Nama,-6.160065188028379,106.99801647504995
JPO Tanpa Nama,-6.163848477291459,107.00379676897244
JPO Tanpa Nama,-6.118400880915779,106.6343909480874
JPO Tanpa Nama,-6.11839385,106.63426985
JPO Tanpa Nama,-6.11838975,106.63418185
Simpang Susun Burangkeng,-6.356040350000001,107.0380372
Jalan Tol Jakarta–Cikampek II,-6.35627225,107.03809499999998
Jalan Tol Jakarta–Cikampek II,-6.356480749999999,107.03813625000001
Simpang Susun Burangkeng,-6.3566961,107.0382006
Simpang Susun Burangkeng,-6.3555013,107.03602814999999
Jalan Tol Jakarta–Cikampek II,-6.355299250000001,107.0360411
Jalan Tol Jakarta–Cikampek II,-6.35512145,107.03605685
Simpang Susun Burangkeng,-6.35488675,107.03607489999997
JPO Tanpa Nama,-6.35822495,107.04140425
JPO Tanpa Nama,-6.3222605,106.64360490000001
JPO Tanpa Nama,-6.3224257999999995,106.64357075000001
JPO Tanpa Nama,-6.32252735,106.6435415
JPO Tanpa Nama,-6.3210118,106.6437799
JPO Tanpa Nama,-6.32300015,106.64344589999999
JPO Tanpa Nama,-6.322954,106.64347895
JPO Tanpa Nama,-6.3229021,106.64347495
LRT Jakarta,-6.205299657120928,106.83387314344432
JPO Tanpa Nama,-6.205323466600857,106.83386530893293
JPO Tanpa Nama,-6.3472233,106.62670585
JPO Tanpa Nama,-6.168066600470858,106.83582537152417
JPO Tanpa Nama,-6.180288161701956,106.82319178500312
JPO Tanpa Nama,-6.0822410513753375,106.72227585099434
JPO Tanpa Nama,-6.08232635,106.72240715000001
JPO Tanpa Nama,-6.0819906,106.72210795000001
JPO Tanpa Nama,-6.082433637688259,106.72254365634211
JPO Tanpa Nama,-6.081918179464939,106.72220446211567
JPO Tanpa Nama,-6.0825799499999995,106.72258885
JPO Tanpa Nama,-6.0809722,106.7211888
JPO Tanpa Nama,-6.0807927500000005,106.72106959999999
JPO Tanpa Nama,-6.080879550000001,106.72024335000002
JPO Tanpa Nama,-6.081016999999999,106.7201135
JPO Tanpa Nama,-6.080949201759673,106.72017413811683
JPO Tanpa Nama,-6.083750599683565,106.72271416589976
JPO Tanpa Nama,-6.0819954696997955,106.72111871663026
JPO Tanpa Nama,-6.160018157022481,106.73872487394353
JPO Tanpa Nama,-6.16011595,106.73764525
JPO Tanpa Nama,-6.16008525,106.7377409
JPO Tanpa Nama,-6.1153279000000005,106.8931317
JPO Tanpa Nama,-6.1518915,106.89070455000001
JPO Tanpa Nama,-6.152457500000001,106.8921399
JPO Tanpa Nama,-6.151699437299783,106.89081864584391
JPO Tanpa Nama,-6.15181055,106.890754
Jalur KA Manggarai-Jatinegara,-6.2091049,106.84929215000001
JPO Tanpa Nama,-6.12877935,106.75976775000001
JPO Tanpa Nama,-6.105566059189307,106.73374043890747
JPO Tanpa Nama,-6.260244950000001,106.8070845
JPO Tanpa Nama,-6.1375449,106.81756330000002
JPO Tanpa Nama,-6.13558385,106.82971115000001
JPO Tanpa Nama,-6.135258,106.82959755
JPO Tanpa Nama,-6.2013963,106.84089915
JPO Tanpa Nama,-6.2014332,106.84126985
JPO Tanpa Nama,-6.1604363,106.8142479
JPO Tanpa Nama,-6.16057155,106.81426035000001
JPO Tanpa Nama,-6.19749705,106.84488480000002
JPO Tanpa Nama,-6.19749775,106.84517735
JPO Tanpa Nama,-6.19749925,106.84547875
JPO Tanpa Nama,-6.14823215,106.90507704999999
JPO Tanpa Nama,-6.1621482499999995,106.81461165000002
JPO Tanpa Nama,-6.1621267500000005,106.8145462
JPO Tanpa Nama,-6.162098999999999,106.81446165
JPO Tanpa Nama,-6.3060627,106.7986282
JPO Tanpa Nama,-6.325780444886514,106.74068809335553
JPO Tanpa Nama,-6.059333062095765,106.69248113494645
JPO Tanpa Nama,-6.059272369671299,106.69279999078518
JPO Tanpa Nama,-6.059733693693319,106.6926675054475
JPO Tanpa Nama,-6.059466803184972,106.6921647852547
JPO Tanpa Nama,-6.059494937951748,106.69291653550616
JPO Tanpa Nama,-6.059400857985948,106.69321736531876
JPO Tanpa Nama,-6.05938595691222,106.69293561752333
JPO Tanpa Nama,-6.059277937445822,106.693161089677
JPO Tanpa Nama,-6.05930845,106.69315365
JPO Tanpa Nama,-6.059366261422401,106.69268320555877
JPO Tanpa Nama,-6.059483888501609,106.69330711642294
JPO Tanpa Nama,-6.0594433,106.6933636
JPO Tanpa Nama,-6.05919495,106.69264234999999
JPO Tanpa Nama,-6.059108476400386,106.69262674856942
JPO Tanpa Nama,-6.059175093326405,106.6927269407484
JPO Tanpa Nama,-6.059252649581359,106.69264835331964
JPO Tanpa Nama,-6.0591454,106.69263765
JPO Tanpa Nama,-6.059402065942523,106.69205231022234
JPO Tanpa Nama,-6.059225833304482,106.692296122875
JPO Tanpa Nama,-6.05941375,106.6931608
JPO Tanpa Nama,-6.05940255,106.6924857
JPO Tanpa Nama,-6.059381575605551,106.69242912246449
JPO Tanpa Nama,-6.0593964499999995,106.6924528
JPO Tanpa Nama,-6.059412755978605,106.69247475311506
JPO Tanpa Nama,-6.059392692589937,106.69249661118674
JPO Tanpa Nama,-6.05940575,106.69246375
JPO Tanpa Nama,-6.059238070005034,106.69279212421922
JPO Tanpa Nama,-6.059151100594212,106.6928031755573
JPO Tanpa Nama,-6.0594804,106.69268815
JPO Tanpa Nama,-6.05945665,106.69205665
JPO Tanpa Nama,-6.059612549618678,106.69207100428628
JPO Tanpa Nama,-6.0598091,106.6920878
JPO Tanpa Nama,-6.105435734240676,106.73381641707667
JPO Tanpa Nama,-6.104096000000001,106.73520155
JPO Tanpa Nama,-6.05938785,106.69201225
JPO Tanpa Nama,-6.0592959220008105,106.69241560792861
JPO Tanpa Nama,-6.059258,106.6925659
JPO Tanpa Nama,-6.0592381,106.69327165
JPO Tanpa Nama,-6.05928865,106.69306275
JPO Tanpa Nama,-6.0594891041509955,106.69209844034054
JPO Tanpa Nama,-6.059183300000001,106.69219075000001
JPO Tanpa Nama,-6.05911095,106.69234069999999
JPO Tanpa Nama,-6.059177,106.6923978
Jalan Akses Soekarno-Hatta,-6.11586775,106.68046615
Soekarno-Hatta East Flyover,-6.11594607250604,106.68092599340576
Pintu Belakang Komplek RS 4,-6.2642325,106.73130105000001
JPO Tanpa Nama,-6.25413995,106.80731935
JPO Tanpa Nama,-6.1823105,106.66408675
JPO Tanpa Nama,-6.128032303404182,106.65745613561099
JPO Tanpa Nama,-6.1454818,106.7376304
JPO Tanpa Nama,-6.123976671097965,106.62867047639902
JPO Tanpa Nama,-6.12397785,106.6285024
JPO Tanpa Nama,-6.2022768494071965,106.82315655341407
JPO Tanpa Nama,-6.202390198839236,106.82312945026945
JPO Tanpa Nama,-6.331420195455115,106.7116079950941
JPO Tanpa Nama,-6.3462350999999995,106.67552920000001
JPO Tanpa Nama,-6.36965455,106.67605550000002
JPO Tanpa Nama,-6.373883506210123,106.67591561537677
JPO Tanpa Nama,-6.373868,106.6766098
JPO Tanpa Nama,-6.37414875,106.67626075
JPO Tanpa Nama,-6.3744387,106.67624635000001
JPO Tanpa Nama,-6.37479435,106.67648265
JPO Tanpa Nama,-6.37449625,106.67650945
JPO Tanpa Nama,-6.3741952,106.67653125000001
JPO Tanpa Nama,-6.3718157,106.67608254999999
JPO Tanpa Nama,-6.371512993966903,106.67626483506164
JPO Tanpa Nama,-6.3712138868735835,106.67629129210682
JPO Tanpa Nama,-6.370915960914059,106.67629938682494
Jalan Semeru III,-6.372269499999999,106.68152065
JPO Tanpa Nama,-6.118349531221608,106.66354012740607
JPO Tanpa Nama,-6.118056505148715,106.66429014748708
JPO Tanpa Nama,-6.1177343,106.66497269999999
JPO Tanpa Nama,-6.1177651,106.66497455000001
JPO Tanpa Nama,-6.117740945089696,106.6650448023813
JPO Tanpa Nama,-6.342263399869299,106.72451455123621
JPO Tanpa Nama,-6.332266158838541,106.69334929228783
JPO Tanpa Nama,-6.345593711614348,106.7160969811872
JPO Tanpa Nama,-6.345979602196155,106.7141186387353
JPO Tanpa Nama,-6.346044878998814,106.71297919768891
JPO Tanpa Nama,-6.392646028136377,106.75645537764854
Jembatan Juara Situ 7 Muara,-6.388603,106.75091915
JPO Tanpa Nama,-6.388227947931495,106.75031227755015
JPO Tanpa Nama,-6.39183815,106.74743645000001
JPO Tanpa Nama,-6.391667599999999,106.75088435
JPO Tanpa Nama,-6.3899560115456095,106.7520167875986
JPO Tanpa Nama,-6.3907719,106.75161904999999
JPO Tanpa Nama,-6.39060907506751,106.75137751244209
JPO Tanpa Nama,-6.3904882,106.75179535
JPO Tanpa Nama,-6.390604354575169,106.7516408265331
JPO Tanpa Nama,-6.38970505,106.7520405
JPO Tanpa Nama,-6.3892921507325715,106.75154703037833
JPO Tanpa Nama,-6.3907477932540555,106.75200643504108
JPO Tanpa Nama,-6.39089125,106.75211985
JPO Tanpa Nama,-6.390859949999999,106.75186335000001
JPO Tanpa Nama,-6.39065933829376,106.7519534889594
JPO Tanpa Nama,-6.39063655,106.7521457
JPO Tanpa Nama,-6.3907667,106.75174305
JPO Tanpa Nama,-6.39066165,106.75178894999999
JPO Tanpa Nama,-6.39060005,106.75183049999998
JPO Tanpa Nama,-6.3905706,106.7518575
JPO Tanpa Nama,-6.390643820723832,106.75176051344741
JPO Tanpa Nama,-6.39095825,106.75150895
JPO Tanpa Nama,-6.389982714732195,106.75222235172218
JPO Tanpa Nama,-6.2683551145261935,106.83210729065146
JPO Tanpa Nama,-6.3038247215831085,106.65572234257448
JPO Tanpa Nama,-6.303685949939993,106.6555663511906
JPO Tanpa Nama,-6.303542600000001,106.6555591
JPO Tanpa Nama,-6.1375391,106.83210815
JPO Tanpa Nama,-6.13745935,106.83209124999999
JPO Tanpa Nama,-6.344851449999999,106.73739574999999
JPO Tanpa Nama,-6.3449949,106.73715785
JPO Tanpa Nama,-6.343842700000001,106.73746059999999
JPO Tanpa Nama,-6.312143215032204,106.66839884966491
JPO Tanpa Nama,-6.266748531413413,106.72088205392664
JPO Tanpa Nama,-6.305576848910085,106.79462846973419
JPO Tanpa Nama,-6.331091047804487,106.69260428240405
JPO Tanpa Nama,-6.331816409876102,106.69317733377423
JPO Tanpa Nama,-6.332730750379564,106.69296464731481
JPO Tanpa Nama,-6.332612166164969,106.69284050250022
JPO Tanpa Nama,-6.332325853434906,106.69279289119149
JPO Tanpa Nama,-6.3302286961506455,106.69407677028165
JPO Tanpa Nama,-6.3185339264291,106.69015325366095
JPO Tanpa Nama,-6.345581744132988,106.68831117242587
JPO Tanpa Nama,-6.21597143731698,106.90119412646955
JPO Tanpa Nama,-6.216130111791624,106.90154620506907
JPO Tanpa Nama,-6.21590496515886,106.90141544489468
JPO Tanpa Nama,-6.2157474744785555,106.90251390049399
JPO Tanpa Nama,-6.217161100000001,106.9017033
JPO Tanpa Nama,-6.217010642700785,106.90108789033852
JPO Tanpa Nama,-6.218478319961054,106.90195306366579
JPO Tanpa Nama,-6.217718774795472,106.90141669424976
JPO Tanpa Nama,-6.08107635,106.7203274
JPO Tanpa Nama,-6.0815107,106.72003775
JPO Tanpa Nama,-6.05329555,106.6839874
JPO Tanpa Nama,-6.0546328,106.6832794
JPO Tanpa Nama,-6.212534499999999,106.8000309
JPO Tanpa Nama,-6.213221449680678,106.80126206865876
JPO Tanpa Nama,-6.213059816957789,106.80109153174392
JPO Tanpa Nama,-6.212871034441387,106.801298528698
JPO Tanpa Nama,-6.2130337,106.80101625
JPO Tanpa Nama,-6.21303075,106.80090974999999
JPO Tanpa Nama,-6.21347105,106.80025400000001
JPO Tanpa Nama,-6.213442551969246,106.80232734147576
JPO Tanpa Nama,-6.213015500054979,106.80074415033428
JPO Tanpa Nama,-6.2130267,106.80186695
Jalur Kereta Api Tanah Abang–Merak,-6.2678923,106.7542332
Jalur Kereta Api Tanah Abang–Merak,-6.2678364,106.75422885
JPO Tanpa Nama,-6.21361820718869,106.80240300790828
JPO Tanpa Nama,-6.21251055,106.80168585
JPO Tanpa Nama,-6.23869925,106.78315835
Jalan Elite,-6.3406794,106.66736750000001
JPO Tanpa Nama,-6.300776832179263,106.88552030004337
JPO Tanpa Nama,-6.301461702066623,106.8877062300286
JPO Tanpa Nama,-6.300981664027514,106.88619907976842
JPO Tanpa Nama,-6.215207028400663,106.90470681647335
JPO Tanpa Nama,-6.215579241393191,106.90427275467242
JPO Tanpa Nama,-6.218553361012853,106.90282603991464
JPO Tanpa Nama,-6.31065545,106.7652051
JPO Tanpa Nama,-6.345972110555897,106.8637580823364
JPO Tanpa Nama,-6.357171547379995,106.86805809998707
JPO Tanpa Nama,-6.375123052345073,106.86078705680909
JPO Tanpa Nama,-6.1755689,106.84475615
JPO Tanpa Nama,-6.131754849999999,106.71728979999999
Jalan Setapak,-6.31903192612155,106.96073327237006
JPO Tanpa Nama,-6.129561699999999,106.83306365
JPO Tanpa Nama,-6.1294752500000005,106.8331752
JPO Tanpa Nama,-6.336057102674256,106.7210370102275
JPO Tanpa Nama,-6.336029249999999,106.72251955
JPO Tanpa Nama,-6.336093602387419,106.72267516904787
JPO Tanpa Nama,-6.3325049,106.72254325
JPO Tanpa Nama,-6.332703324326933,106.72121438161524
JPO Tanpa Nama,-6.33137805,106.72145330000001
JPO Tanpa Nama,-6.3312574999999995,106.7213266
JPO Tanpa Nama,-6.331657202821347,106.72125490117908
JPO Tanpa Nama,-6.33073702312482,106.72080169707988
JPO Tanpa Nama,-6.3299776,106.721942
JPO Tanpa Nama,-6.328731815003051,106.72178331401095
JPO Tanpa Nama,-6.329078091582139,106.72133042499517
JPO Tanpa Nama,-6.328391696305435,106.72122203234669
JPO Tanpa Nama,-6.32859965736801,106.72140100876139
JPO Tanpa Nama,-6.327808750000001,106.72392074999999
JPO Tanpa Nama,-6.326877346027215,106.72503163781312
JPO Tanpa Nama,-6.300428200078672,106.69020924721855
JPO Tanpa Nama,-6.310240004161915,106.69684386024987
JPO Tanpa Nama,-6.31007235,106.69689679999999
JPO Tanpa Nama,-6.2386727391602355,106.78313840332817
JPO Tanpa Nama,-6.238667550000001,106.7831304
JPO Tanpa Nama,-6.23870125,106.78312750000002
JPO Tanpa Nama,-6.238682100000001,106.7831447
JPO Tanpa Nama,-6.2386629,106.78316204999999
JPO Tanpa Nama,-6.238622251166649,106.78314750309539
JPO Tanpa Nama,-6.2387227,106.78311325
JPO Tanpa Nama,-6.237060707180923,106.78239377191386
JPO Tanpa Nama,-6.295959896374602,106.6220268923421
JPO Tanpa Nama,-6.08310195,106.6690653
JPO Tanpa Nama,-6.1818386,106.61890700000002
JPO Tanpa Nama,-6.1805065500000005,107.03084475
JPO Tanpa Nama,-6.1737740500000005,107.04958495
JPO Tanpa Nama,-6.306757751449594,106.62051013361993
JPO Tanpa Nama,-6.306984761601241,106.62030713459495
JPO Tanpa Nama,-6.3072022947084605,106.62051198192748
JPO Tanpa Nama,-6.306977817607944,106.62071593059038
JPO Tanpa Nama,-6.3039700773599465,106.65486571655131
JPO Tanpa Nama,-6.303874286009775,106.65530027400018
JPO Tanpa Nama,-6.304879055422843,106.6562380025973
JPO Tanpa Nama,-6.304102923668404,106.65598988703312
JPO Tanpa Nama,-6.304029600000001,106.6552667
JPO Tanpa Nama,-6.301077669571964,106.65524765498384
JPO Tanpa Nama,-6.3013842423501405,106.6550362213366
JPO Tanpa Nama,-6.305483900000001,106.65636045000001
JPO Tanpa Nama,-6.272001449999999,106.65115904999999
JPO Tanpa Nama,-6.27654759209441,106.6097406908409
JPO Tanpa Nama,-6.2753204999999985,106.60826829999999
JPO Tanpa Nama,-6.028853400554381,106.67836838437026
JPO Tanpa Nama,-6.0298371642911075,106.6779467349975
JPO Tanpa Nama,-6.0298156962451195,106.67791546311159
JPO Tanpa Nama,-6.025574910675822,106.67156518756035
JPO Tanpa Nama,-6.02351025,106.672146
JPO Tanpa Nama,-6.0268095,106.67175295000001
JPO Tanpa Nama,-6.027501271684235,106.67290119375738
JPO Tanpa Nama,-6.0264954,106.67598244999999
JPO Tanpa Nama,-6.026764511549118,106.67569440487325
JPO Tanpa Nama,-6.02709225,106.67819994999999
JPO Tanpa Nama,-6.02459195,106.67857575000001
JPO Tanpa Nama,-6.0260263599986175,106.67829278106072
JPO Tanpa Nama,-6.0272579,106.68065525
JPO Tanpa Nama,-6.027433743522407,106.68061905418885
JPO Tanpa Nama,-6.214668,106.7000659
JPO Tanpa Nama,-6.1241422,106.63236615
JPO Tanpa Nama,-6.124225715248355,106.63252142195394
JPO Tanpa Nama,-6.124216495527549,106.632420150004
JPO Tanpa Nama,-6.1243770366029295,106.63184155613142
JPO Tanpa Nama,-6.307434188022583,106.69977625603109
JPO Tanpa Nama,-6.307382440170106,106.69984987998158
JPO Tanpa Nama,-6.3078954175818875,106.70143707277678
JPO Tanpa Nama,-6.3052271499999994,106.69429120000001
JPO Tanpa Nama,-6.305282200000001,106.6943172
JPO Tanpa Nama,-6.30524385,106.69425305
JPO Tanpa Nama,-6.305362089578062,106.69439986232786
JPO Tanpa Nama,-6.322535952396701,106.74595500874875
JPO Tanpa Nama,-6.321998130880557,106.74606575566693
JPO Tanpa Nama,-6.3218137,106.74613799999999
JPO Tanpa Nama,-6.321984591588308,106.74591234270532
JPO Tanpa Nama,-6.322015832980985,106.74616860358837
JPO Tanpa Nama,-6.321723021684333,106.74595855552538
JPO Tanpa Nama,-6.321651338385841,106.7459927852204
JPO Tanpa Nama,-6.3221837554912925,106.74585263088962
JPO Tanpa Nama,-6.323021931102807,106.74580382578854
JPO Tanpa Nama,-6.322963139931085,106.74571469592479
JPO Tanpa Nama,-6.37792395,106.78066815
JPO Tanpa Nama,-6.126206491862045,106.70936303831179
JPO Tanpa Nama,-6.17393405,107.05118244999998
JPO Tanpa Nama,-6.174116317242128,107.05337299104072
JPO Tanpa Nama,-6.26834415,106.78091595000001
JPO Tanpa Nama,-6.176849647219371,106.83687302683141
JPO Tanpa Nama,-6.174330618344109,107.05049817553856
JPO Tanpa Nama,-6.2863818,106.6898658
JPO Tanpa Nama,-6.28141065,106.6967751
JPO Tanpa Nama,-6.283911656522773,106.69704759565543
JPO Tanpa Nama,-6.283943883879613,106.69621891582364
JPO Tanpa Nama,-6.281673844800699,106.69614206516809
JPO Tanpa Nama,-6.2813482,106.6967223
JPO Tanpa Nama,-6.2812225669537165,106.69673450045235
JPO Tanpa Nama,-6.282078052565835,106.6955705456267
JPO Tanpa Nama,-6.28221045,106.6954949
JPO Tanpa Nama,-6.2821805,106.69556055000001
JPO Tanpa Nama,-6.240706534657668,106.9364762708506
JPO Tanpa Nama,-6.08447926209988,106.74596916233986
JPO Tanpa Nama,-6.0870555,106.74653105
JPO Tanpa Nama,-6.087014533849993,106.7465317318031
JPO Tanpa Nama,-6.086432030928481,106.74657503462625
JPO Tanpa Nama,-6.248812986214345,106.78034118945052
JPO Tanpa Nama,-6.0875884,106.7475694
JPO Tanpa Nama,-6.085640050000001,106.74626995
JPO Tanpa Nama,-6.085742117951205,106.74564001877182
JPO Tanpa Nama,-6.085624267340717,106.74567075750079
JPO Tanpa Nama,-6.02661375,106.65172805
JPO Tanpa Nama,-6.02661425,106.65184095000002
JPO Tanpa Nama,-6.0258338,106.6573281
JPO Tanpa Nama,-6.02304585,106.65964950000001
JPO Tanpa Nama,-6.02119195,106.65219024999999
JPO Tanpa Nama,-6.0268791,106.642192
JPO Tanpa Nama,-6.029996333367336,106.64404882573457
JPO Tanpa Nama,-6.02794545,106.64313419999999
JPO Tanpa Nama,-6.027759,106.6434164
JPO Tanpa Nama,-6.02754745,106.64262124999999
JPO Tanpa Nama,-6.02788885,106.64417180000001
JPO Tanpa Nama,-6.02727015,106.64292435
JPO Tanpa Nama,-6.304191149999999,106.65520104999999
JPO Tanpa Nama,-6.355044796235155,106.88339452577847
JPO Tanpa Nama,-6.2128887086522155,106.80336172676883
JPO Tanpa Nama,-6.2131738,106.80291815000001
JPO Tanpa Nama,-6.21305811077238,106.8029603297726
JPO Tanpa Nama,-6.212839351868354,106.80375644293424
JPO Tanpa Nama,-6.213432570947122,106.80183962925791
JPO Tanpa Nama,-6.289478857590086,106.77723593524843
JPO Tanpa Nama,-6.289125162940219,106.77764076500425
JPO Tanpa Nama,-6.288986100272415,106.77768760347867
JPO Tanpa Nama,-6.288873515577003,106.7778472528206
JPO Tanpa Nama,-6.288714288218475,106.77789095545583
JPO Tanpa Nama,-6.288833884795404,106.77803625888205
JPO Tanpa Nama,-6.28881316644423,106.77774548848033
JPO Tanpa Nama,-6.288691951282737,106.77763459847704
JPO Tanpa Nama,-6.288478063177579,106.77766075860725
JPO Tanpa Nama,-6.288464657471353,106.77780713788206
JPO Tanpa Nama,-6.288756600000001,106.77768625
JPO Tanpa Nama,-6.288688731135608,106.77742531636812
JPO Tanpa Nama,-6.288342059648973,106.77770063662882
JPO Tanpa Nama,-6.288272970860254,106.77797969855176
JPO Tanpa Nama,-6.288176087928231,106.77815158961832
JPO Tanpa Nama,-6.288279387712131,106.77814021579015
JPO Tanpa Nama,-6.28828209304248,106.77826094398213
JPO Tanpa Nama,-6.288185442945658,106.77825690794647
JPO Tanpa Nama,-6.2880387497091945,106.77825554746933
JPO Tanpa Nama,-6.288412817411838,106.77809621968015
JPO Tanpa Nama,-6.28861524579948,106.77798183931121
JPO Tanpa Nama,-6.2885520490022,106.77797928802934
JPO Tanpa Nama,-6.288543275586261,106.77815116541848
JPO Tanpa Nama,-6.28825641480635,106.77838178229443
JPO Tanpa Nama,-6.288313806169501,106.77838669474916
JPO Tanpa Nama,-6.288305149999999,106.77845310000001
JPO Tanpa Nama,-6.288284477831771,106.77852885709024
JPO Tanpa Nama,-6.288159304517017,106.77871702689359
JPO Tanpa Nama,-6.2881101,106.77822805
JPO Tanpa Nama,-6.287871480352772,106.77829875889789
JPO Tanpa Nama,-6.1416456,106.8698608
JPO Tanpa Nama,-6.1419311,106.86851035000001
JPO Tanpa Nama,-6.12877495,106.76503149999999
JPO Tanpa Nama,-6.1287284500000005,106.76402624999999
JPO Tanpa Nama,-6.3469067500000005,106.93551335000001
JPO Tanpa Nama,-6.26276185,106.8595646
JPO Tanpa Nama,-6.066542772022423,106.69773610268749
JPO Tanpa Nama,-6.065939914707837,106.69827780416576
JPO Tanpa Nama,-6.06588405,106.697913
JPO Tanpa Nama,-6.065432985773404,106.69897720748804
JPO Tanpa Nama,-6.065930909454487,106.69832453834408
JPO Tanpa Nama,-6.065033625833996,106.6983853087384
JPO Tanpa Nama,-6.065881611540102,106.69903427862214
JPO Tanpa Nama,-6.066166903804075,106.69763510161259
JPO Tanpa Nama,-6.073651272014369,106.69589448072124
JPO Tanpa Nama,-6.296017053099822,106.78351104866728
Gang Mustofa,-6.208456249999999,106.64238255000001
JPO Tanpa Nama,-6.2420544,106.6522494
JPO Tanpa Nama,-6.24202375,106.65204940000001
JPO Tanpa Nama,-6.122889799999999,106.9200286
JPO Tanpa Nama,-6.362686792363268,106.8164957089044
JPO Tanpa Nama,-6.3500123,106.8417359
JPO Tanpa Nama,-6.3753349,106.914989
JPO Tanpa Nama,-6.228324382837575,106.88994144220895
JPO Tanpa Nama,-6.24354905491324,106.75871891550797
JPO Tanpa Nama,-6.095096532207597,106.74830349707742
JPO Tanpa Nama,-6.094772470377831,106.74783996489367
JPO Tanpa Nama,-6.094161630937504,106.74837311775772
JPO Tanpa Nama,-6.347325628809641,106.90186383869815
JPO Tanpa Nama,-6.345616650000001,106.90182680000001
JPO Tanpa Nama,-6.344821407629037,106.90106822535466
JPO Tanpa Nama,-6.38912195,106.7517153
JPO Tanpa Nama,-6.301110100000001,106.76336789999999
JPO Tanpa Nama,-6.095762992121125,106.73828035273621
JPO Tanpa Nama,-6.0426401,106.69234205
JPO Tanpa Nama,-6.0441575,106.69255175
JPO Tanpa Nama,-6.0439853,106.69247955
JPO Tanpa Nama,-6.0437474,106.69238279999999
JPO Tanpa Nama,-6.203869649999999,106.61308195
JPO Tanpa Nama,-6.186069750000001,106.83796035
JPO Tanpa Nama,-6.1859493,106.8380027
JPO Tanpa Nama,-6.18616705,106.8379261
JPO Tanpa Nama,-6.062769534739051,106.69375788120357
JPO Tanpa Nama,-6.062820179160947,106.6933335070744
JPO Tanpa Nama,-6.061236502076146,106.69355050175106
JPO Tanpa Nama,-6.062770231506096,106.6939956053651
JPO Tanpa Nama,-6.0641455,106.6930881
JPO Tanpa Nama,-6.063965154429725,106.69316954274714
JPO Tanpa Nama,-6.06411865,106.69350865
JPO Tanpa Nama,-6.06444045,106.6933456
JPO Tanpa Nama,-6.06477295,106.69328065
JPO Tanpa Nama,-6.063868149615836,106.69351864748123
JPO Tanpa Nama,-6.062020828178407,106.69153453720979
JPO Tanpa Nama,-6.3040673,106.65511715
JPO Tanpa Nama,-6.3083624096175255,106.87696687711987
JPO Tanpa Nama,-6.141690349999999,106.8446389
JPO Tanpa Nama,-6.141761450000001,106.84460005
JPO Tanpa Nama,-6.14174145,106.84464405
JPO Tanpa Nama,-6.1418476,106.84484885
JPO Tanpa Nama,-6.303748894900791,106.89624950503355
JPO Tanpa Nama,-6.303723609926504,106.89747581770217
JPO Tanpa Nama,-6.1705073707453355,106.83652337452774
JPO Tanpa Nama,-6.171710880058967,106.8351588547677
JPO Tanpa Nama,-6.17130575,106.83595335
JPO Tanpa Nama,-6.171036119202043,106.83628357680135
JPO Tanpa Nama,-6.094654791980902,106.74193027843356
JPO Tanpa Nama,-6.094052581205823,106.74054199220095
JPO Tanpa Nama,-6.093975721625997,106.74154899256355
JPO Tanpa Nama,-6.09427145,106.74035074999999
JPO Tanpa Nama,-6.096200063568034,106.74138120024563
JPO Tanpa Nama,-6.0949922,106.7416664
JPO Tanpa Nama,-6.094233119396138,106.74148881530606
JPO Tanpa Nama,-6.09359335,106.74069240000001
JPO Tanpa Nama,-6.094285551286463,106.74118461345012
JPO Tanpa Nama,-6.171143477388877,106.83701051371082
JPO Tanpa Nama,-6.171129949999999,106.8368539
JPO Tanpa Nama,-6.1726744058530025,106.83755820973225
JPO Tanpa Nama,-6.172553719374658,106.83757052028413
JPO Tanpa Nama,-6.171820030748044,106.8373586159414
JPO Tanpa Nama,-6.295057879881084,106.67362792352404
JPO Tanpa Nama,-6.2917928,106.9113496
JPO Tanpa Nama,-6.291748699999999,106.91059545
JPO Tanpa Nama,-6.29179835,106.91049484999999
JPO Tanpa Nama,-6.2918438,106.91039595000001
JPO Tanpa Nama,-6.292682449999999,106.9101786
JPO Tanpa Nama,-6.29208725,106.91018534999999
JPO Tanpa Nama,-6.292502964699291,106.91050713986068
JPO Tanpa Nama,-6.29252345,106.91080575
JPO Tanpa Nama,-6.292612284786112,106.91077261772546
JPO Tanpa Nama,-6.292610265290983,106.91078068097293
JPO Tanpa Nama,-6.292365,106.9100256
JPO Tanpa Nama,-6.292383963024697,106.91018660486938
JPO Tanpa Nama,-6.2923749248957614,106.90993014675618
JPO Tanpa Nama,-6.2919521,106.9101493
JPO Tanpa Nama,-6.2917210274423745,106.91019628379308
JPO Tanpa Nama,-6.2924166995438435,106.91099304414959
JPO Tanpa Nama,-6.2927169,106.910443
JPO Tanpa Nama,-6.292385869576696,106.91019215914031
JPO Tanpa Nama,-6.292785807118359,106.91049325702886
JPO Tanpa Nama,-6.293197346005307,106.90947746260866
JPO Tanpa Nama,-6.145523569803639,106.88133545235283
JPO Tanpa Nama,-6.146005318181057,106.88319410578039
JPO Tanpa Nama,-6.2139276,106.93877714999998
JPO Tanpa Nama,-6.29408425,106.79586125
JPO Tanpa Nama,-6.2940729,106.79563679999998
JPO Tanpa Nama,-6.294080497284255,106.79576628825943
JPO Tanpa Nama,-6.261729450000001,106.85992105
JPO Tanpa Nama,-6.1767017163268365,106.63225859922518
Jalan Lintas,-6.25622705,106.81016754999999
JPO Tanpa Nama,-6.095614116429364,106.93543482188052
JPO Tanpa Nama,-6.18133019134171,106.8270465049824
JPO Tanpa Nama,-6.346210300269015,106.79809178537376
JPO Tanpa Nama,-6.15331175,106.99737695
JPO Tanpa Nama,-6.0905372,106.74114015
JPO Tanpa Nama,-6.0917418,106.74074569999998
JPO Tanpa Nama,-6.327287,106.84494849999999
JPO Tanpa Nama,-6.181940349471174,107.01721333257696
JPO Tanpa Nama,-6.395053307695382,106.86769743933553
JPO Tanpa Nama,-6.257971899999999,106.96746010000001
JPO Tanpa Nama,-6.252890450000001,106.96552754999999
JPO Tanpa Nama,-6.14608205,106.9016103
JPO Tanpa Nama,-6.340714287813061,106.73597522273488
JPO Tanpa Nama,-6.267724904745839,106.96735641474584
JPO Tanpa Nama,-6.280629283518561,106.98798519160545
JPO Tanpa Nama,-6.20541785,106.8280704
JPO Tanpa Nama,-6.252873599999999,106.9654863
JPO Tanpa Nama,-6.28179575,106.98855305000001
Pipa Avtur Soekarno-Hatta,-6.11002175,106.67816899999998
Pipa Avtur Soekarno-Hatta,-6.10573315,106.6804022
Pipa Avtur Soekarno-Hatta,-6.0335038,106.69515525
Pipa Avtur Soekarno-Hatta,-6.049062849999999,106.68685755000001
Pipa Avtur Soekarno-Hatta,-6.08924985,106.67216215
Pipa Avtur Soekarno-Hatta,-6.05971005,106.68117785
JPO Tanpa Nama,-6.25557535,106.96864675
Jalan Gunung Agung,-6.252912500000001,106.96558160000001
JPO Tanpa Nama,-6.3067530000000005,106.62072155000001
JPO Tanpa Nama,-6.307202,106.62074019999999
JPO Tanpa Nama,-6.3067545,106.62029375
JPO Tanpa Nama,-6.307240350000001,106.6202998
JPO Tanpa Nama,-6.264187071774693,106.7099717604577
JPO Tanpa Nama,-6.265232544416444,106.71030417318958
JPO Tanpa Nama,-6.264705324734936,106.71102376894807
JPO Tanpa Nama,-6.1831868,106.6661161
JPO Tanpa Nama,-6.345819458125123,106.76994926023468
JPO Tanpa Nama,-6.345571399225714,106.77007360702612
JPO Tanpa Nama,-6.304309353569667,106.72929549753627
JPO Tanpa Nama,-6.2441809500000005,106.6328712
JPO Tanpa Nama,-6.244835099304743,106.63211643391999
JPO Tanpa Nama,-6.348597303861958,106.90145419156357
JPO Tanpa Nama,-6.3446618,106.9003436
JPO Tanpa Nama,-6.34469225,106.90032355
JPO Tanpa Nama,-6.344829000174314,106.90022728020905
JPO Tanpa Nama,-6.274127538481185,106.70938518275074
JPO Tanpa Nama,-6.12868675,106.75960895
JPO Tanpa Nama,-6.361119272444501,106.82969121408213
JPO Tanpa Nama,-6.3622684,106.83070435
JPO Tanpa Nama,-6.27498169877648,106.61853404830774
JPO Tanpa Nama,-6.274324883140037,106.61713109579355
JPO Tanpa Nama,-6.275169321664102,106.61895393300703
JPO Tanpa Nama,-6.27518640940099,106.61811460283593
JPO Tanpa Nama,-6.275101804770788,106.61484238301442
JPO Tanpa Nama,-6.2734547,106.61967784999999
JPO Tanpa Nama,-6.2758942105910975,106.62011722572818
JPO Tanpa Nama,-6.274833884772361,106.61886269405593
JPO Tanpa Nama,-6.286276859341227,106.62098329031909
JPO Tanpa Nama,-6.286465537684306,106.62070015074566
JPO Tanpa Nama,-6.28631415,106.62058654999998
JPO Tanpa Nama,-6.286111099999999,106.62089755
JPO Tanpa Nama,-6.285636894317237,106.62234848672016
JPO Tanpa Nama,-6.368292763245953,106.9571715688126
JPO Tanpa Nama,-6.367997565166939,106.95708886471026
JPO Tanpa Nama,-6.3679183597591775,106.95735293675793
JPO Tanpa Nama,-6.36819017479268,106.95744243119215
JPO Tanpa Nama,-6.36815785,106.95706355
JPO Tanpa Nama,-6.3679039,106.95720705
JPO Tanpa Nama,-6.368282950000001,106.9573254
JPO Tanpa Nama,-6.3680328,106.95745055
JPO Tanpa Nama,-6.2959379262119874,107.00005897003908
JPO Tanpa Nama,-6.3432917500000014,106.72307145
JPO Tanpa Nama,-6.217699564085571,106.9447723030579
JPO Tanpa Nama,-6.27708595,106.621297
JPO Tanpa Nama,-6.27801945,106.9998753
JPO Tanpa Nama,-6.3907789,106.8146432
JPO Tanpa Nama,-6.340272590290027,106.62867355272962
JPO Tanpa Nama,-6.34148845,106.6288049
JPO Tanpa Nama,-6.063886650000001,106.62705025
JPO Tanpa Nama,-6.175134599999999,106.78416429999999
JPO Tanpa Nama,-6.177142750520043,106.68432175321821
JPO Tanpa Nama,-6.383160251294448,106.81840199040546
JPO Tanpa Nama,-6.096540300000001,106.68896555
LRT Jabodebek,-6.264668688147885,107.0232094041629
LRT Jabodebek,-6.263805696138836,107.02086680135432
LRT Jabodebek,-6.375459561509901,106.89591164554226
LRT Jabodebek,-6.37545777919491,106.89595017877274
LRT Jabodebek,-6.204533056347385,106.8242358986723
LRT Jabodebek,-6.2045795544060764,106.82422714907791
JPO Tanpa Nama,-6.384124076741458,106.81887076518616
JPO Tanpa Nama,-6.3868999669861495,106.81706573929617
JPO Tanpa Nama,-6.387041200664835,106.81702650718218
JPO Tanpa Nama,-6.38445966364961,106.81589135904186
JPO Tanpa Nama,-6.314103547550057,106.87882569849417
JPO Tanpa Nama,-6.2598081,106.82495695
JPO Tanpa Nama,-6.259822849999999,106.8250034
JPO Tanpa Nama,-6.10823905,106.6363691
JPO Tanpa Nama,-6.14659985,106.87862419999999
JPO Tanpa Nama,-6.268162699569452,106.91010111039871
JPO Tanpa Nama,-6.205974225356621,106.95445964064518
JPO Tanpa Nama,-6.2238402,106.90488635
JPO Tanpa Nama,-6.2925643,106.65242545
JPO Tanpa Nama,-6.1953298,106.6746638
JPO Tanpa Nama,-6.196098115391706,106.67696214035524
JPO Tanpa Nama,-6.19567356444985,106.67657238522969
JPO Tanpa Nama,-6.19520975,106.6767009
JPO Tanpa Nama,-6.195163792206522,106.67579575010296
JPO Tanpa Nama,-6.194683379291842,106.67495705113008
JPO Tanpa Nama,-6.274970028570063,106.6081265299779
JPO Tanpa Nama,-6.275504282859357,106.60831220962109
JPO Tanpa Nama,-6.2727939500000005,106.60697035
JPO Tanpa Nama,-6.275943469494575,106.60865213156416
JPO Tanpa Nama,-6.29521375,106.60822235
JPO Tanpa Nama,-6.2762491278625125,106.60859837437117
JPO Tanpa Nama,-6.17520315,106.62122915
JPO Tanpa Nama,-6.3559399398723935,106.73240636136033
JPO Tanpa Nama,-6.357398,106.73131380000001
JPO Tanpa Nama,-6.3573651,106.7314396
JPO Tanpa Nama,-6.356759927422231,106.73128457859967
JPO Tanpa Nama,-6.356845822482775,106.73118110334602
JPO Tanpa Nama,-6.357687450000001,106.73085180000001
JPO Tanpa Nama,-6.357707749999999,106.73082095000001
JPO Tanpa Nama,-6.357619694613781,106.73090633204549
JPO Tanpa Nama,-6.35773225,106.73104075
JPO Tanpa Nama,-6.35356809930716,106.80155519758674
JPO Tanpa Nama,-6.178824800014299,106.84027943094415
JPO Tanpa Nama,-6.3506204,106.63359975
JPO Tanpa Nama,-6.34996905,106.6332771
JPO Tanpa Nama,-6.38574675,106.80777265
JPO Tanpa Nama,-6.38558265,106.8078677
JPO Tanpa Nama,-6.38617505,106.80745165000002
JPO Tanpa Nama,-6.091613216484912,106.7493500699363
JPO Tanpa Nama,-6.091647999999999,106.74883285
JPO Tanpa Nama,-6.0918641517900225,106.74897300412451
JPO Tanpa Nama,-6.122723138034109,106.91721979544894
JPO Tanpa Nama,-6.123237032487707,106.91716531784782
JPO Tanpa Nama,-6.123118887212253,106.91709671320716
JPO Tanpa Nama,-6.121582757429358,106.91711060137384
JPO Tanpa Nama,-6.1216302,106.9170205
JPO Tanpa Nama,-6.177784476580095,106.84257917396708
JPO Tanpa Nama,-6.3609821,106.82297975
JPO Tanpa Nama,-6.3395163,106.81149255
JPO Tanpa Nama,-6.242713119674843,106.66884893046644
JPO Tanpa Nama,-6.233829645509178,106.60489293727075
JPO Tanpa Nama,-6.20125095,106.81775375000001
JPO Tanpa Nama,-6.3147797,106.6768153
JPO Tanpa Nama,-6.350126510205669,106.84308302438876
JPO Tanpa Nama,-6.270790800840804,106.64213301084722
JPO Tanpa Nama,-6.26971115,106.64228889999998
JPO Tanpa Nama,-6.2177930859303085,106.94521051820756
JPO Tanpa Nama,-6.2994692,106.75252615
JPO Tanpa Nama,-6.12059075,106.81304099999998
JPO Tanpa Nama,-6.209016050000001,106.72161005000001
JPO Tanpa Nama,-6.348283986152396,106.6524201810798
JPO Tanpa Nama,-6.289889452034601,107.03541925358418
JPO Tanpa Nama,-6.2781288,107.00911245
JPO Tanpa Nama,-6.3784784,106.78945235
JPO Tanpa Nama,-6.318853246844797,106.86520467654556
JPO Tanpa Nama,-6.3300219,107.04662485
JPO Tanpa Nama,-6.3446341,106.7366444
Jalan Pramuka,-6.2693337,107.00230429999999
JPO Tanpa Nama,-6.2334773,106.91001785
JPO Tanpa Nama,-6.20267400249542,106.82276475371795
JPO Tanpa Nama,-6.22093535,106.8773751
JPO Tanpa Nama,-6.24472805,106.8484766
JPO Tanpa Nama,-6.030025005590241,106.67220654132406
JPO Tanpa Nama,-6.03121965,106.67198554999999
JPO Tanpa Nama,-6.031280624557124,106.67191675124079
JPO Tanpa Nama,-6.330746996423435,106.87561009086741
JPO Tanpa Nama,-6.2022571,106.8232032
JPO Tanpa Nama,-6.18320525,106.81149400000002
JPO Tanpa Nama,-6.18331835,106.81145934999999
JPO Tanpa Nama,-6.183015583824671,106.81140624513193
JPO Tanpa Nama,-6.183133350122839,106.81147783341082
JPO Tanpa Nama,-6.277217950000001,106.86872835
Jalan buntu perbatasan RT 002 dan RT 003,-6.1861988,106.90455265
jalan kecil RT 002,-6.1860374030172345,106.90409919465748
jalan kecil RT 002,-6.18607985,106.9042235
Jalan kecil RT 005,-6.185734389471788,106.90402835721616
JPO Tanpa Nama,-6.16888045,106.60520865000001
JPO Tanpa Nama,-6.168488400000001,106.606256
JPO Tanpa Nama,-6.11790995,106.66964335
JPO Tanpa Nama,-6.23298735,107.03320740000001
JPO Tanpa Nama,-6.25799385,106.96859265000002
JPO Tanpa Nama,-6.25793,106.9685949
JPO Tanpa Nama,-6.0973962,106.9374693
JPO Tanpa Nama,-6.09730555,106.9375689
JPO Tanpa Nama,-6.134780467541399,106.95012894115861
JPO Tanpa Nama,-6.203366675298921,106.80958042059642
JPO Tanpa Nama,-6.203526650000001,106.8093589
JPO Tanpa Nama,-6.2035423000000005,106.8096867
JPO Tanpa Nama,-6.2033735,106.8094937
JPO Tanpa Nama,-6.20369545,106.8095519
JPO Tanpa Nama,-6.203891361118168,106.80936031256522
JPO Tanpa Nama,-6.203742461118166,106.80919001256521
JPO Tanpa Nama,-6.203812932934374,106.80926526492914
JPO Tanpa Nama,-6.203886426360037,106.8092148376201
JPO Tanpa Nama,-6.203610932651057,106.8093610419986
JPO Tanpa Nama,-6.2051317,106.80754214999999
JPO Tanpa Nama,-6.2048966,106.80775185
JPO Tanpa Nama,-6.20465775,106.8079624
JPO Tanpa Nama,-6.20447265,106.80775245000001
JPO Tanpa Nama,-6.2047115,106.80754195
JPO Tanpa Nama,-6.2049465999999995,106.80733225
JPO Tanpa Nama,-6.1793181,106.83451310000002
JPO Tanpa Nama,-6.272004300000001,106.67979565
JPO Tanpa Nama,-6.273333249999999,106.68159715
JPO Tanpa Nama,-6.29777085,106.69431555
JPO Tanpa Nama,-6.297109359162705,106.6950076008236
JPO Tanpa Nama,-6.298933099999999,106.69649885
JPO Tanpa Nama,-6.242770449729832,106.91512165395046
JPO Tanpa Nama,-6.21565495,106.9257561
JPO Tanpa Nama,-6.30471015,106.6856978
JPO Tanpa Nama,-6.049454921119618,106.70015940082432
JPO Tanpa Nama,-6.3412866999999995,106.74044430000001
JPO Tanpa Nama,-6.2916727054026875,106.74123215609859
JPO Tanpa Nama,-6.32543585,106.7615649
JPO Tanpa Nama,-6.325474600000001,106.76157040000001
JPO Tanpa Nama,-6.3255123,106.7615764
JPO Tanpa Nama,-6.329858675813389,106.71484506047179
JPO Tanpa Nama,-6.2746578,106.6188381
JPO Tanpa Nama,-6.2983891,106.63850395000001
JPO Tanpa Nama,-6.2983326148104295,106.63839717086651
JPO Tanpa Nama,-6.297577300000001,106.63886905
JPO Tanpa Nama,-6.15251835,106.91933660000001
JPO Tanpa Nama,-6.36896985,106.893808
JPO Tanpa Nama,-6.3689414499999994,106.89374609999999
JPO Tanpa Nama,-6.3045438,106.8208454
JPO Tanpa Nama,-6.223997449999999,106.66266519999998
JPO Tanpa Nama,-6.30225585,106.6394024
JPO Tanpa Nama,-6.301982349999999,106.6395161
JPO Tanpa Nama,-6.3022761,106.63926305
JPO Tanpa Nama,-6.30189705,106.63945305
JPO Tanpa Nama,-6.214217536862442,107.02202026993818
JPO Tanpa Nama,-6.214407131854935,107.02076215950642
JPO Tanpa Nama,-6.2780261500000005,106.6761845
JPO Tanpa Nama,-6.278139597972294,106.67608960550938
JPO Tanpa Nama,-6.278255099999999,106.6760505
JPO Tanpa Nama,-6.278462541003447,106.6770395357818
JPO Tanpa Nama,-6.27844075,106.6772559
JPO Tanpa Nama,-6.375551794607555,106.7648233429959
JPO Tanpa Nama,-6.370576855201005,106.95866329150682
JPO Tanpa Nama,-6.370574579518906,106.95877377863135
JPO Tanpa Nama,-6.370455228952957,106.95864618705971
JPO Tanpa Nama,-6.3708164499999995,106.9587328
JPO Tanpa Nama,-6.370970418012549,106.958749192772
JPO Tanpa Nama,-6.37108825,106.95865895
JPO Tanpa Nama,-6.37096675,106.95828385
JPO Tanpa Nama,-6.3707650916843415,106.95826894071719
JPO Tanpa Nama,-6.370656,106.9584217
JPO Tanpa Nama,-6.370687003527456,106.95860476105737
JPO Tanpa Nama,-6.20768275,106.94971964999999
JPO Tanpa Nama,-6.207746,106.94975995000001
JPO Tanpa Nama,-6.207617750000001,106.9496787
JPO Tanpa Nama,-6.323585049999999,106.7154017
JPO Tanpa Nama,-6.3228909,106.70825395
JPO Tanpa Nama,-6.32243965,106.70830845
JPO Tanpa Nama,-6.323044003737022,106.70830549694652
JPO Tanpa Nama,-6.322690677393774,106.70846038769922
JPO Tanpa Nama,-6.093219270397974,106.74877847973308
JPO Tanpa Nama,-6.0936273,106.74825335
JPO Tanpa Nama,-6.3951124,106.7526886
JPO Tanpa Nama,-6.180900802674688,106.82258552935559
JPO Tanpa Nama,-6.180363149164522,106.82318950300301
JPO Tanpa Nama,-6.1673468023996785,106.82082973776029
JPO Tanpa Nama,-6.1678462636225655,106.82093982832801
JPO Tanpa Nama,-6.167794986035975,106.82071806572664
JPO Tanpa Nama,-6.291697313141169,106.6695510802117
JPO Tanpa Nama,-6.29149005,106.67005979999999
JPO Tanpa Nama,-6.2914084,106.67013155000001
JPO Tanpa Nama,-6.2914279,106.6696561
JPO Tanpa Nama,-6.29152555,106.66965105
JPO Tanpa Nama,-6.290519156338489,106.66946746446531
JPO Tanpa Nama,-6.29122456159173,106.66994794028628
JPO Tanpa Nama,-6.291193799757263,106.66979769883976
JPO Tanpa Nama,-6.29110255,106.66987175
JPO Tanpa Nama,-6.291304142721298,106.66970020813632
JPO Tanpa Nama,-6.290777387558737,106.66977601076073
JPO Tanpa Nama,-6.2706439,106.95168269999999
JPO Tanpa Nama,-6.2705486,106.95165
JPO Tanpa Nama,-6.3129367,106.7152363
JPO Tanpa Nama,-6.31324595,106.71533
Joging Trek Danau Munjul,-6.3467051160761185,106.89668133929479
JPO Tanpa Nama,-6.1804357487965795,106.7944384670422
JPO Tanpa Nama,-6.180133147732991,106.79449010151698
JPO Tanpa Nama,-6.181589999999999,106.79372895
JPO Tanpa Nama,-6.127199,106.78958515
JPO Tanpa Nama,-6.12712015,106.7891665
JPO Tanpa Nama,-6.1276399999999995,106.7894953
JPO Tanpa Nama,-6.127605098769188,106.78931668877757
JPO Tanpa Nama,-6.127177672494336,106.78982950544635
JPO Tanpa Nama,-6.37305705,106.8260764
JPO Tanpa Nama,-6.372702100764932,106.82581523252163
JPO Tanpa Nama,-6.37288975,106.8257378
JPO Tanpa Nama,-6.37204665,106.82558925000001
JPO Tanpa Nama,-6.371974801408083,106.82611612915518
JPO Tanpa Nama,-6.37206415,106.82581185000001
JPO Tanpa Nama,-6.372087499999999,106.82588720000003
JPO Tanpa Nama,-6.372236050000001,106.8261187
JPO Tanpa Nama,-6.372192926899312,106.82598395837034
JPO Tanpa Nama,-6.37229035,106.82612805000001
JPO Tanpa Nama,-6.37183455,106.82612200000001
JPO Tanpa Nama,-6.372090754736806,106.82583430028505
JPO Tanpa Nama,-6.372265929552253,106.82584619950701
JPO Tanpa Nama,-6.3721315999999995,106.82581465
JPO Tanpa Nama,-6.3721859,106.82427505000001
JPO Tanpa Nama,-6.3721572,106.82429915
JPO Tanpa Nama,-6.3729073,106.8253449
JPO Tanpa Nama,-6.372823725215089,106.82511501557684
JPO Tanpa Nama,-6.371781199999999,106.8239938
JPO Tanpa Nama,-6.3712889,106.82423259999999
JPO Tanpa Nama,-6.371264914731643,106.82446666811472
JPO Tanpa Nama,-6.3712742357806,106.82451699983372
JPO Tanpa Nama,-6.371279550000001,106.82445525
JPO Tanpa Nama,-6.371502698047965,106.82448062617023
JPO Tanpa Nama,-6.37148161365881,106.82452352869691
JPO Tanpa Nama,-6.371411845475877,106.82456029097861
JPO Tanpa Nama,-6.371453250000001,106.82454615000002
JPO Tanpa Nama,-6.3715011,106.8244705
JPO Tanpa Nama,-6.37147015,106.82450385
JPO Tanpa Nama,-6.370641294174508,106.82466652647109
JPO Tanpa Nama,-6.370192233573031,106.8239589126226
JPO Tanpa Nama,-6.37013765,106.8239466
JPO Tanpa Nama,-6.370563,106.8238891
JPO Tanpa Nama,-6.372355475970977,106.82493298902091
JPO Tanpa Nama,-6.370755181754004,106.82299508523387
JPO Tanpa Nama,-6.3707443999999995,106.822915
JPO Tanpa Nama,-6.372252516047655,106.82635715608616
JPO Tanpa Nama,-6.3723165,106.82627919999999
JPO Tanpa Nama,-6.26046505,106.921941
JPO Tanpa Nama,-6.1714816,106.90810195
Jalan Jati Waringin,-6.2465898499999994,106.90653065000002
Jalan Raya Basmol,-6.1721108000000005,106.74944550000001
Jalan Jati Waringin,-6.24674305,106.9072084
JPO Tanpa Nama,-6.137143399999999,106.79436365000001
JPO Tanpa Nama,-6.165784800000001,106.7061377
Jalan Soka,-6.1203289000000005,106.90165445
Jalan Beringin,-6.1203639,106.90289645
JPO Tanpa Nama,-6.14240825,106.89053534999998
JPO Tanpa Nama,-6.215613347874083,106.81766244277166
JPO Tanpa Nama,-6.2162026,106.8169035
JPO Tanpa Nama,-6.2161368,106.81686404999999
JPO Tanpa Nama,-6.21571295,106.81680345000001
Jalan Jenderal Sudirman,-6.2157769,106.81681764999999
Transjakarta Busway Koridor 1,-6.21594885,106.8168709
Transjakarta Busway Koridor 1,-6.2158627,106.81683885000001
Jalan Talang Betutu Ujung,-6.198503649999999,106.8177838
JPO Tanpa Nama,-6.194926048464732,106.82527757918211
JPO Tanpa Nama,-6.19467915,106.82535139999997
JPO Tanpa Nama,-6.181877500000001,106.81696995
JPO Tanpa Nama,-6.18977395,106.81427224999999
JPO Tanpa Nama,-6.324948821591641,106.64098299749176
JPO Tanpa Nama,-6.3244165500000005,106.64180105
JPO Tanpa Nama,-6.39504075,106.92157689999999
JPO Tanpa Nama,-6.259378921614241,106.69372709354917
JPO Tanpa Nama,-6.082501200000001,107.0021792
Jalan Scientia Boulevard Barat,-6.2577271,106.60855595
JPO Tanpa Nama,-6.11850515,107.0539947
JPO Tanpa Nama,-6.116921809845418,107.05233264173344
JPO Tanpa Nama,-6.118814272673567,107.05354134513458
JPO Tanpa Nama,-6.386383319472903,106.86292762849615
JPO Tanpa Nama,-6.2705322500000005,106.60468094999999
JPO Tanpa Nama,-6.27027965,106.60449990000001
JPO Tanpa Nama,-6.284504999999999,106.68586954999999
JPO Tanpa Nama,-6.2829604,106.622481
JPO Tanpa Nama,-6.19570525,106.84417520000001
Gang Haji Joan,-6.3422476,106.787418
Gang Jalan Haji Joan 2,-6.342075417053433,106.78653735589029
JPO Tanpa Nama,-6.2497294,106.99760195
JPO Tanpa Nama,-6.1812621,106.8244732
JPO Tanpa Nama,-6.1098704999999995,106.88406404999999
JPO Tanpa Nama,-6.271216450000001,106.8730738
JPO Tanpa Nama,-6.2500796,106.8748186
JPO Tanpa Nama,-6.25034615,106.8733282
JPO Tanpa Nama,-6.291923747550901,107.0390548993555
JPO Tanpa Nama,-6.3925342999999994,106.86778065
JPO Tanpa Nama,-6.30953605,106.88336480000001
Jalan Jati Raya,-6.12988865,106.89062924999999
JPO Tanpa Nama,-6.28410455,106.62013139999998
JPO Tanpa Nama,-6.188989299999999,106.8063378
JPO Tanpa Nama,-6.18912935,106.80633714999999
JPO Tanpa Nama,-6.1890573,106.80633744999999
JPO Tanpa Nama,-6.1893545,106.80668480000001
JPO Tanpa Nama,-6.19178725,106.80593110000001
JPO Tanpa Nama,-6.21937185,106.81609265
JPO Tanpa Nama,-6.2161284,106.82338209999999
JPO Tanpa Nama,-6.216057784961912,106.81709418878098
JPO Tanpa Nama,-6.188275399904941,106.82369796963893
JPO Tanpa Nama,-6.23348965,106.83101875
JPO Tanpa Nama,-6.23355815,106.83093095
JPO Tanpa Nama,-6.233362394700011,106.83120477106097
JPO Tanpa Nama,-6.23451625,106.8290758
JPO Tanpa Nama,-6.233788068946977,106.83019536257841
JPO Tanpa Nama,-6.22941288091094,106.8274445297571
JPO Tanpa Nama,-6.18919955,106.80338105
JPO Tanpa Nama,-6.232825718444696,106.8317019734922
JPO Tanpa Nama,-6.21872415,106.81693325
JPO Tanpa Nama,-6.1824081,106.81356930000001
JPO Tanpa Nama,-6.201447694657375,106.79985489940373
JPO Tanpa Nama,-6.220720050000001,106.8317567
JPO Tanpa Nama,-6.2238264,106.82505655
JPO Tanpa Nama,-6.17676305,106.63911415
Jalan Ingenieur Haji Juanda,-6.16992035,106.6340405
Depot TNI AL,-6.10793375,106.92329430000001
Jalan Dewa Kembar,-6.107335750000001,106.92527055
Jalan Jayawijaya,-6.1075699,106.92412909999999
JPO Tanpa Nama,-6.249306,106.957966
JPO Tanpa Nama,-6.2296945,107.02140080000001
JPO Tanpa Nama,-6.206907299999999,106.82901305
JPO Tanpa Nama,-6.22129965,106.80959730000001
JPO Tanpa Nama,-6.22769895,106.80165299999999
JPO Tanpa Nama,-6.2276742,106.80170369999999
JPO Tanpa Nama,-6.22132125,106.80961065
JPO Tanpa Nama,-6.22723835,106.80132365
JPO Tanpa Nama,-6.334262537314604,106.72623180257827
JPO Tanpa Nama,-6.32444355,106.72037814999999
JPO Tanpa Nama,-6.3240042,106.7203153
JPO Tanpa Nama,-6.230950469534421,106.82718041616246
JPO Tanpa Nama,-6.3653721999999995,106.82392855
JPO Tanpa Nama,-6.366711561016985,106.82554378285424
JPO Tanpa Nama,-6.366727063311983,106.8251187694558
JPO Tanpa Nama,-6.269730275393309,106.67149764863541
JPO Tanpa Nama,-6.2741309,106.6332807
JPO Tanpa Nama,-6.27398595,106.63325904999999
JPO Tanpa Nama,-6.276752785147928,106.63428293064636
JPO Tanpa Nama,-6.275493542203092,106.633843421681
JPO Tanpa Nama,-6.2767176,106.63460040000001
JPO Tanpa Nama,-6.250708449999999,106.62496075
JPO Tanpa Nama,-6.251969888276867,106.6241664593715
JPO Tanpa Nama,-6.249438624187187,106.62552942922139
JPO Tanpa Nama,-6.25118595,106.6255767
JPO Tanpa Nama,-6.2216399,106.86934934999998
Jalan Kedondong,-6.2646535,106.85257490000001
JPO Tanpa Nama,-6.1400476,107.04736464999999
JPO Tanpa Nama,-6.24510205,107.01822510000001
JPO Tanpa Nama,-6.222059547274973,106.80442285684505
JPO Tanpa Nama,-6.369280855110785,106.82723265365155
JPO Tanpa Nama,-6.368933300000001,106.82696020000002
JPO Tanpa Nama,-6.369223460761282,106.82981345206038
JPO Tanpa Nama,-6.364970700000001,106.8281483
JPO Tanpa Nama,-6.365410565680051,106.82817954679808
JPO Tanpa Nama,-6.365105356055508,106.82790347174742
JPO Tanpa Nama,-6.366511,106.82467045000001
JPO Tanpa Nama,-6.36662175,106.8252799
JPO Tanpa Nama,-6.3662155850904005,106.82587160839527
JPO Tanpa Nama,-6.368329561500577,106.83059783893023
JPO Tanpa Nama,-6.368119350000001,106.83029744999999
JPO Tanpa Nama,-6.368086,106.8303265
JPO Tanpa Nama,-6.366847050000001,106.82897189999998
JPO Tanpa Nama,-6.3668515,106.82870045
JPO Tanpa Nama,-6.367698799999999,106.8285059
JPO Tanpa Nama,-6.3675414162566595,106.82850025011754
JPO Tanpa Nama,-6.3669341,106.82868404999999
JPO Tanpa Nama,-6.367630599999999,106.82850585
JPO Tanpa Nama,-6.367487450064868,106.82850494072562
JPO Tanpa Nama,-6.366949449324299,106.82869876312093
JPO Tanpa Nama,-6.366847048712763,106.82882935000023
JPO Tanpa Nama,-6.367045382591466,106.82881768224546
JPO Tanpa Nama,-6.36693485,106.82808195000001
JPO Tanpa Nama,-6.36601319885619,106.8284484419594
JPO Tanpa Nama,-6.366462108131819,106.82826546554786
JPO Tanpa Nama,-6.36556045,106.82921429999998
JPO Tanpa Nama,-6.365630526690516,106.82973581843146
JPO Tanpa Nama,-6.3663057,106.8290133
JPO Tanpa Nama,-6.3335295,106.60607405
JPO Tanpa Nama,-6.333868787440888,106.60607871788316
JPO Tanpa Nama,-6.334169769135091,106.60618758386413
JPO Tanpa Nama,-6.334585704697193,106.60638553531864
JPO Tanpa Nama,-6.334789698092978,106.60664110895624
JPO Tanpa Nama,-6.33503618269389,106.60669624636088
JPO Tanpa Nama,-6.334903630577377,106.60666805642742
JPO Tanpa Nama,-6.3610104760999775,106.83176890183455
JPO Tanpa Nama,-6.3609211000000005,106.83170445
JPO Tanpa Nama,-6.36179897080348,106.83023519159309
JPO Tanpa Nama,-6.3367642,106.6967802
JPO Tanpa Nama,-6.336128867133275,106.69687747077896
Jalan Tandon Ciater,-6.330666606309257,106.69526045927947
JPO Tanpa Nama,-6.3295867,106.69513585
JPO Tanpa Nama,-6.271511256774801,107.0085378838704
Jalan K.H. Mohammad Seman,-6.270241,106.94682515
JPO Tanpa Nama,-6.2656452,106.94930895
JPO Tanpa Nama,-6.158053480234055,106.90886536863093
JPO Tanpa Nama,-6.1655994,106.92386335
JPO Tanpa Nama,-6.165583947914065,106.92394612202044
JPO Tanpa Nama,-6.165771253390459,106.92373862710944
JPO Tanpa Nama,-6.322397952560907,106.70798745728686
JPO Tanpa Nama,-6.322791151921076,106.70789127239023
JPO Tanpa Nama,-6.322364392174434,106.7077630933698
JPO Tanpa Nama,-6.322622194512916,106.70769174582728
JPO Tanpa Nama,-6.322603471904448,106.70744445367716
JPO Tanpa Nama,-6.17034155,107.01774515
JPO Tanpa Nama,-6.170324300000001,107.01702729999998
JPO Tanpa Nama,-6.1707543000000005,107.0174192
JPO Tanpa Nama,-6.17107365,107.0174207
JPO Tanpa Nama,-6.17137415,107.0174195
JPO Tanpa Nama,-6.17091755,107.01742
JPO Tanpa Nama,-6.17152845,107.01742095
JPO Tanpa Nama,-6.1716593500000005,107.0174222
La Spezia,-6.223566645840848,106.9970297859593
La Spezia,-6.22380230868195,106.99638309768919
Jalan Nn,-6.334286300000001,106.64890185
JPO Tanpa Nama,-6.3356125500000005,106.64933035
Jalan Gunung Sindur–Cibadung,-6.3901869,106.67264005
JPO Tanpa Nama,-6.3057698,106.709431
JPO Tanpa Nama,-6.218590649999999,106.8012386
JPO Tanpa Nama,-6.213142148877898,106.8039043046616
JPO Tanpa Nama,-6.2137224515724725,106.80206144390692
JPO Tanpa Nama,-6.215553874985574,106.79824556945748
JPO Tanpa Nama,-6.214833281192611,106.80254517793573
JPO Tanpa Nama,-6.214001499840349,106.80255853687346
JPO Tanpa Nama,-6.2136565926077445,106.80267069824197
JPO Tanpa Nama,-6.379304327801191,106.92416998982895
JPO Tanpa Nama,-6.3790619,106.92407349999999
JPO Tanpa Nama,-6.379043368462427,106.92367279807065
JPO Tanpa Nama,-6.367782061505465,106.95919277272968
JPO Tanpa Nama,-6.367822278933821,106.95938575841775
JPO Tanpa Nama,-6.294232758447836,106.79539809894146
JPO Tanpa Nama,-6.29429515,106.67543409999999
JPO Tanpa Nama,-6.29456575,106.6750681
JPO Tanpa Nama,-6.22310105,106.66245345
JPO Tanpa Nama,-6.222645389906785,106.66484826490277
JPO Tanpa Nama,-6.220852347818646,106.66366424119168
JPO Tanpa Nama,-6.222027063483159,106.66155736941576
JPO Tanpa Nama,-6.2991893999999995,106.8733356
JPO Tanpa Nama,-6.297521800000001,106.8740418
Jalan Taman Wisma Asri Raya,-6.209992,107.0272454
JPO Tanpa Nama,-6.223301209473119,106.99730206838484
JPO Tanpa Nama,-6.222677622734583,106.99754875391245
JPO Tanpa Nama,-6.31324895,106.91593885
JPO Tanpa Nama,-6.313136549999999,106.91556729999999
JPO Tanpa Nama,-6.3131182,106.91550665
JPO Tanpa Nama,-6.31323685,106.9153746
JPO Tanpa Nama,-6.312937,106.9154676
JPO Tanpa Nama,-6.3131315963189465,106.91547629099604
JPO Tanpa Nama,-6.313078900000001,106.91537675000001
JPO Tanpa Nama,-6.31280915,106.91559950000001
JPO Tanpa Nama,-6.313584049999999,106.9154104
JPO Tanpa Nama,-6.3140313,106.91522520000002
JPO Tanpa Nama,-6.31463075,106.91477105
Jalan Tol Akses Timur Priok,-6.0856952,106.92777065
Jalan Tol Akses Timur Priok,-6.100224379825738,106.94385877061116
JPO Tanpa Nama,-6.196368882075184,106.8487046224977
JPO Tanpa Nama,-6.196238,106.84900544999999
JPO Tanpa Nama,-6.196189022508592,106.84908136510118
JPO Tanpa Nama,-6.283693758091114,106.84615210926837
JPO Tanpa Nama,-6.20632525,106.88584120000002
JPO Tanpa Nama,-6.334037445850648,106.91836385828836
JPO Tanpa Nama,-6.3331727900342,106.91555183701226
JPO Tanpa Nama,-6.33461825,106.916064
JPO Tanpa Nama,-6.334581724232752,106.91590294347412
JPO Tanpa Nama,-6.333209001514568,106.91554147401108
JPO Tanpa Nama,-6.333702476892515,106.91581529731243
JPO Tanpa Nama,-6.332318419290873,106.91652870678934
JPO Tanpa Nama,-6.331063950000001,106.9206255
JPO Tanpa Nama,-6.33108265,106.92068775000001
JPO Tanpa Nama,-6.330621690674381,106.9207496942914
JPO Tanpa Nama,-6.328335409717197,106.92030288667316
JPO Tanpa Nama,-6.329441046573582,106.92002679191636
JPO Tanpa Nama,-6.3317212000000005,106.92044805
JPO Tanpa Nama,-6.32692038504399,106.9192908810692
JPO Tanpa Nama,-6.32605660917922,106.9207318117295
JPO Tanpa Nama,-6.3317872,106.92042795
JPO Tanpa Nama,-6.366399337751261,106.97911917100346
JPO Tanpa Nama,-6.366574311480985,106.97908957801855
JPO Tanpa Nama,-6.3814584,106.9615732
JPO Tanpa Nama,-6.38422585,106.9310718
JPO Tanpa Nama,-6.38226635,106.95746165
JPO Tanpa Nama,-6.3821823,106.95733775
JPO Tanpa Nama,-6.3815038,106.96160665
JPO Tanpa Nama,-6.286121449999999,107.00325285
JPO Tanpa Nama,-6.3266904,106.88670035
JPO Tanpa Nama,-6.3047963,106.93472545
JPO Tanpa Nama,-6.0935815,106.73977504999999
JPO Tanpa Nama,-6.09507755,106.73926075
JPO Tanpa Nama,-6.19254085,106.976466
JPO Tanpa Nama,-6.244414465889463,106.79315029050956
JPO Tanpa Nama,-6.245552441456533,106.79353343049655
JPO Tanpa Nama,-6.245604899999999,106.7934104
JPO Tanpa Nama,-6.240936280882394,106.7924715738596
JPO Tanpa Nama,-6.240160100000001,106.79239035
JPO Tanpa Nama,-6.240501699999999,106.79218255
JPO Tanpa Nama,-6.2405977332044,106.79219539240871
JPO Tanpa Nama,-6.240273463169695,106.79220792915822
JPO Tanpa Nama,-6.2405022,106.79225890000002
JPO Tanpa Nama,-6.241417350000001,106.79248595
JPO Tanpa Nama,-6.241404250000001,106.79244195
JPO Tanpa Nama,-6.2418144,106.79254694999999
JPO Tanpa Nama,-6.2418243,106.79251095000001
JPO Tanpa Nama,-6.242403362581373,106.79234035282767
JPO Tanpa Nama,-6.2429855,106.79244639999999
JPO Tanpa Nama,-6.2450796,106.7933477
JPO Tanpa Nama,-6.24509325,106.79331785
JPO Tanpa Nama,-6.24510745,106.79328675
JPO Tanpa Nama,-6.242147374036181,106.7926273401051
JPO Tanpa Nama,-6.241159077102321,106.79230952307327
JPO Tanpa Nama,-6.24201345,106.79250005
JPO Tanpa Nama,-6.244884186848083,106.79347136823914
JPO Tanpa Nama,-6.2410679,106.79219835
JPO Tanpa Nama,-6.242007930028476,106.7924734911776
JPO Tanpa Nama,-6.242032755935247,106.79271505242374
JPO Tanpa Nama,-6.2413658,106.79240625
JPO Tanpa Nama,-6.2415137391573445,106.79223830136272
JPO Tanpa Nama,-6.245385303433018,106.7931244334816
JPO Tanpa Nama,-6.241327064372789,106.79235790421343
JPO Tanpa Nama,-6.244887075981349,106.7931138280854
JPO Tanpa Nama,-6.245324615808972,106.79370212012749
JPO Tanpa Nama,-6.2435167895553985,106.79303659688797
JPO Tanpa Nama,-6.241354379459208,106.79236292796114
JPO Tanpa Nama,-6.245699195133579,106.79332292410957
JPO Tanpa Nama,-6.2447811,106.79302544999999
JPO Tanpa Nama,-6.243663970629691,106.79251255287141
JPO Tanpa Nama,-6.240313890700678,106.79225196023259
JPO Tanpa Nama,-6.2435413,106.79292369999999
JPO Tanpa Nama,-6.244813156831414,106.79297503796519
JPO Tanpa Nama,-6.2441747299028885,106.79313855141639
JPO Tanpa Nama,-6.2456416500632175,106.79473963294714
Jalan Gang Adil,-6.344253699999999,106.67728489999999
JPO Tanpa Nama,-6.342811887550235,106.68014941012765
JPO Tanpa Nama,-6.339803683170939,106.68179850564813
JPO Tanpa Nama,-6.339379608598867,106.680823767754
JPO Tanpa Nama,-6.339793915195682,106.68038087401267
JPO Tanpa Nama,-6.343222696993268,106.68027995884118
JPO Tanpa Nama,-6.343499772671676,106.67809129478778
JPO Tanpa Nama,-6.3451366867348415,106.67956317023744
JPO Tanpa Nama,-6.343955171664389,106.68028925985473
JPO Tanpa Nama,-6.346479962687266,106.67882719455031
JPO Tanpa Nama,-6.345137070575487,106.68056862174888
JPO Tanpa Nama,-6.34452567169575,106.67943421382603
JPO Tanpa Nama,-6.126101112639059,106.85851599950213
JPO Tanpa Nama,-6.126489131571532,106.85864187784503
JPO Tanpa Nama,-6.126051409093801,106.85826070543382
JPO Tanpa Nama,-6.12629875,106.8584977
JPO Tanpa Nama,-6.12611655,106.85819910000001
JPO Tanpa Nama,-6.1266030534699105,106.85665426718664
JPO Tanpa Nama,-6.1270511,106.8555066
Jalan Profesor Dokter Latumeten,-6.1640019056377415,106.7892166819917
Jalan Profesor Dokter Latumeten,-6.163567848365098,106.78998092590214
JPO Tanpa Nama,-6.12699875,106.85546565
JPO Tanpa Nama,-6.245349921595292,106.7943470537156
JPO Tanpa Nama,-6.245376382529787,106.79429665964649
Jalan Cemara II,-6.275919899999999,106.92430300000001
Jalan Cemara I,-6.275616599999999,106.92443109999999
Jalan Bontang,-6.2751937,106.92460679999999
JPO Tanpa Nama,-6.21439625,106.80363109999999
JPO Tanpa Nama,-6.21514925,106.80360665
JPO Tanpa Nama,-6.174274156202304,106.83834990433361
JPO Tanpa Nama,-6.2221966,106.80497965
JPO Tanpa Nama,-6.22186705,106.8054157
JPO Tanpa Nama,-6.174718707768099,106.83857354125342
JPO Tanpa Nama,-6.293837,106.62752885
JPO Tanpa Nama,-6.2935642000000005,106.6276301
JPO Tanpa Nama,-6.29351415,106.62861715
JPO Tanpa Nama,-6.293320003875186,106.62696936049969
JPO Tanpa Nama,-6.2926785,106.62987935
JPO Tanpa Nama,-6.2916327,106.62704045000001
JPO Tanpa Nama,-6.291956000000002,106.6268551
JPO Tanpa Nama,-6.168370999723892,106.8305827999711
JPO Tanpa Nama,-6.168369700274947,106.83043971839794
JPO Tanpa Nama,-6.23661205,106.9935279
JPO Tanpa Nama,-6.238220399999999,106.9930927
JPO Tanpa Nama,-6.233034950490023,106.99944908574807
JPO Tanpa Nama,-6.369303698736532,106.8333369657416
JPO Tanpa Nama,-6.368569269057921,106.8325675450331
JPO Tanpa Nama,-6.195330197860195,106.84989722211066
JPO Tanpa Nama,-6.195448599859069,106.85000372234346
JPO Tanpa Nama,-6.14181695,106.8136256
JPO Tanpa Nama,-6.1417968,106.8136366
JPO Tanpa Nama,-6.340854950000001,106.83255545
JPO Tanpa Nama,-6.132252125758126,106.83130544820824
JPO Tanpa Nama,-6.1318871,106.83110645
JPO Tanpa Nama,-6.132036449999999,106.83070774999999
JPO Tanpa Nama,-6.1315656,106.8461885
JPO Tanpa Nama,-6.1315161499999995,106.8464183
Jalan Gunung Sahari Raya,-6.130082725592848,106.83079566207032
JPO Tanpa Nama,-6.12942715,106.83317149999999
JPO Tanpa Nama,-6.339919493731504,106.8338680541326
JPO Tanpa Nama,-6.23508067055592,106.94112478666791
JPO Tanpa Nama,-6.234843746443574,106.94229769839264
JPO Tanpa Nama,-6.234798595139007,106.94273991156777
JPO Tanpa Nama,-6.235200146897635,106.94260987117066
JPO Tanpa Nama,-6.236996,106.94227785
JPO Tanpa Nama,-6.2368288931175195,106.94201789678368
JPO Tanpa Nama,-6.2365966,106.94121910000001
JPO Tanpa Nama,-6.23547889504151,106.94117165197251
JPO Tanpa Nama,-6.236097062457052,106.94087273376819
JPO Tanpa Nama,-6.2340532500000005,106.9416661
JPO Tanpa Nama,-6.232915589761162,106.94188367757435
JPO Tanpa Nama,-6.233096707629823,106.9414190285861
JPO Tanpa Nama,-6.233143892746233,106.94128096985526
JPO Tanpa Nama,-6.233041899928731,106.94163979997377
JPO Tanpa Nama,-6.232685380431224,106.94038954847522
JPO Tanpa Nama,-6.232383313026442,106.94048364706856
JPO Tanpa Nama,-6.232704150619405,106.94005314425117
JPO Tanpa Nama,-6.232566099897046,106.94061820088302
JPO Tanpa Nama,-6.232643453756174,106.94033056634342
JPO Tanpa Nama,-6.233207679797433,106.94199490935074
JPO Tanpa Nama,-6.12515015,106.80351175000001
JPO Tanpa Nama,-6.125311299999999,106.7977363
JPO Tanpa Nama,-6.14659365,106.8344211
JPO Tanpa Nama,-6.14657475,106.83414425
JPO Tanpa Nama,-6.151801750000001,106.8355035
JPO Tanpa Nama,-6.15184095,106.8353694
JPO Tanpa Nama,-6.140829800000001,106.8368106
JPO Tanpa Nama,-6.1407942,106.83683114999998
JPO Tanpa Nama,-6.1411745,106.83735865
JPO Tanpa Nama,-6.1411384,106.83737735
JPO Tanpa Nama,-6.13913505,106.83398650000001
JPO Tanpa Nama,-6.1390956,106.83400835
JPO Tanpa Nama,-6.13968635,106.8348895
JPO Tanpa Nama,-6.139594550000001,106.83494320000001
JPO Tanpa Nama,-6.122350700000001,106.79421465
JPO Tanpa Nama,-6.1221227,106.79421175
JPO Tanpa Nama,-6.15191915,106.8351557
JPO Tanpa Nama,-6.13385205,106.83178575
JPO Tanpa Nama,-6.13390485,106.8315774
JPO Tanpa Nama,-6.137528700000001,106.79306629999999
JPO Tanpa Nama,-6.137219099999999,106.79323315
JPO Tanpa Nama,-6.13727205,106.7927421
JPO Tanpa Nama,-6.142940278408417,106.79325218150395
JPO Tanpa Nama,-6.142932774834284,106.79373121846226
JPO Tanpa Nama,-6.1427879,106.79348974999999
JPO Tanpa Nama,-6.22344545,106.82223545
JPO Tanpa Nama,-6.136548207197841,106.8127370539054
JPO Tanpa Nama,-6.151892540152584,106.83526198555106
JPO Tanpa Nama,-6.15186615,106.83536695000001
JPO Tanpa Nama,-6.15668075,106.83673635
JPO Tanpa Nama,-6.1567056000000004,106.83661355000002
JPO Tanpa Nama,-6.1369245,106.83229030000001
JPO Tanpa Nama,-6.13689465,106.83255475
JPO Tanpa Nama,-6.15623055,106.8360911
JPO Tanpa Nama,-6.1562167,106.83614645
JPO Tanpa Nama,-6.1383346,106.81737675
JPO Tanpa Nama,-6.16078105,106.83382519999999
JPO Tanpa Nama,-6.179324449999999,106.78419790000001
JPO Tanpa Nama,-6.221322706736679,106.82078318673588
JPO Tanpa Nama,-6.134809649999999,106.78548270000002
JPO Tanpa Nama,-6.131790199999999,106.78764269999999
JPO Tanpa Nama,-6.13708075,106.79638525
JPO Tanpa Nama,-6.13676545,106.7963613
Jalan Tol Pelabuhan,-6.13185325,106.78774999999997
JPO Tanpa Nama,-6.14153175,106.81325014999999
JPO Tanpa Nama,-6.14149925,106.8132674
JPO Tanpa Nama,-6.14132595,106.81287135
JPO Tanpa Nama,-6.14129475,106.8128894
JPO Tanpa Nama,-6.141976100000001,106.8139316
JPO Tanpa Nama,-6.141951250000001,106.81394925000001
JPO Tanpa Nama,-6.1636182999999996,106.8081296
JPO Tanpa Nama,-6.1632749,106.8081162
JPO Tanpa Nama,-6.1488245,106.8163141
JPO Tanpa Nama,-6.1489939499999995,106.81682085
JPO Tanpa Nama,-6.14715195,106.81638339999999
JPO Tanpa Nama,-6.146926799999999,106.81588220000002
JPO Tanpa Nama,-6.14243475,106.81445835
Jalan Kali Besar Timur,-6.134915184822349,106.81137764410725
JPO Tanpa Nama,-6.13373775,106.8129047
JPO Tanpa Nama,-6.137126270073278,106.81427178443744
JPO Tanpa Nama,-6.137878766495481,106.8156200857103
JPO Tanpa Nama,-6.225661874948438,106.83052566959903
JPO Tanpa Nama,-6.11306665,106.74947099999999
JPO Tanpa Nama,-6.224757572917693,106.82559814398182
JPO Tanpa Nama,-6.174471226625132,106.81058725
JPO Tanpa Nama,-6.174477464839905,106.81056668128477
JPO Tanpa Nama,-6.17107075,106.81159775
JPO Tanpa Nama,-6.153829899999999,106.81760560000001
Jalan Tol Akses Timur Priok,-6.1075012,106.94481415
Jalan Tol Akses Timur Priok,-6.1075175,106.94493134999999
Jalan Tol Akses Timur Priok,-6.1165682449321706,106.94675218178112
Jalan Tol Akses Timur Priok,-6.1102571999999995,106.94482024999999
Jalan Tol Akses Timur Priok,-6.110258849999999,106.94494499999999
Jalan Tol Akses Timur Priok,-6.116628091485356,106.94665367286413
Jalan Tol Akses Timur Priok,-6.12164935,106.95126995
Jalan Tol Akses Timur Priok,-6.120753735649833,106.95825036552971
Jalan Tol Akses Timur Priok,-6.121438685468845,106.95382385833561
Jalan Tol Akses Timur Priok,-6.120956300627247,106.95279015118466
Jalan Tol Akses Timur Priok,-6.121960586931703,106.9506005699169
Jalan Tol Akses Timur Priok,-6.121724954769933,106.95426446888142
Jalan Tol Akses Timur Priok,-6.1218452230948035,106.9543733843384
Jalan Tol Akses Timur Priok,-6.120958002713591,106.95517133902277
Jalan Tol Akses Timur Priok,-6.121147246530861,106.95156327118971
Jalan Tol Akses Timur Priok,-6.112624740918959,106.9444659239766
Jalan Tol Akses Timur Priok,-6.112465956811314,106.94543978920724
Jalan Tol Akses Timur Priok,-6.107550094271643,106.9446596414612
Jalan Tol Akses Timur Priok,-6.107750053842137,106.94513988632976
Jalan Tol Akses Timur Priok,-6.100249072895331,106.94372328694084
Jalan Tol Akses Timur Priok,-6.088392674240227,106.93433733723504
Jalan Tol Akses Timur Priok,-6.089958538714476,106.93769712348166
JPO Tanpa Nama,-6.179238324877901,106.79644083337459
JPO Tanpa Nama,-6.126115799999999,106.80429295
JPO Tanpa Nama,-6.124640697469228,106.79463924542497
JPO Tanpa Nama,-6.12477595,106.7946581
JPO Tanpa Nama,-6.124682511236067,106.79433294841341
JPO Tanpa Nama,-6.147673000000001,106.8091899
JPO Tanpa Nama,-6.224729549999999,106.86894260000001
JPO Tanpa Nama,-6.1590533,106.79663684999998
JPO Tanpa Nama,-6.172493950000001,106.81998285000002
JPO Tanpa Nama,-6.17284005,106.81976275
JPO Tanpa Nama,-6.179119249999999,106.83189995000001
JPO Tanpa Nama,-6.18250585,106.83323265000001
JPO Tanpa Nama,-6.1605859999999995,106.81433345
JPO Tanpa Nama,-6.160493949999999,106.81432085
JPO Tanpa Nama,-6.314891796956948,106.72980712422965
JPO Tanpa Nama,-6.3149108,106.72988655
JPO Tanpa Nama,-6.249176,106.84264755
JPO Tanpa Nama,-6.2493695,106.84264519999999
JPO Tanpa Nama,-6.290292442492432,106.97315600302049
JPO Tanpa Nama,-6.158298950000001,106.79725934999999
JPO Tanpa Nama,-6.158276000000001,106.7972211
JPO Tanpa Nama,-6.158659200000001,106.79740515
JPO Tanpa Nama,-6.1586088,106.7973852
JPO Tanpa Nama,-6.1586429,106.7973687
JPO Tanpa Nama,-6.15976255,106.79785935
JPO Tanpa Nama,-6.15980945,106.79785420000002
JPO Tanpa Nama,-6.15914355,106.7976045
JPO Tanpa Nama,-6.15919315,106.79759775
JPO Tanpa Nama,-6.15984535,106.81846074999999
JPO Tanpa Nama,-6.18021175,106.8232146
JPO Tanpa Nama,-6.180292550000001,106.82263925
JPO Tanpa Nama,-6.180292330966533,106.8230517551548
JPO Tanpa Nama,-6.180993716119557,106.82269587863988
JPO Tanpa Nama,-6.17566573665202,106.82289765028008
JPO Tanpa Nama,-6.1756693998346215,106.82307055000352
JPO Tanpa Nama,-6.17212765,106.8232647
JPO Tanpa Nama,-6.1721162,106.822991
JPO Tanpa Nama,-6.1721103,106.82285535
JPO Tanpa Nama,-6.220280400000001,106.87444389999999
JPO Tanpa Nama,-6.180635222259036,106.82249186557141
JPO Tanpa Nama,-6.180797749999999,106.8225055
JPO Tanpa Nama,-6.1608366,106.81064015
JPO Tanpa Nama,-6.16139595,106.8080375
JPO Tanpa Nama,-6.16126105,106.80804635
JPO Tanpa Nama,-6.215579549999999,106.86622145
JPO Tanpa Nama,-6.2155699,106.86634945
JPO Tanpa Nama,-6.203913093693806,106.80189899767294
JPO Tanpa Nama,-6.20399222986413,106.80161934318738
JPO Tanpa Nama,-6.204010057829156,106.80153407792224
JPO Tanpa Nama,-6.204213722880112,106.80092514760558
JPO Tanpa Nama,-6.20341869871489,106.8032905125865
JPO Tanpa Nama,-6.203964235731161,106.80304397692271
JPO Tanpa Nama,-6.2042098999999995,106.8017098
JPO Tanpa Nama,-6.204503261510674,106.8003427544636
JPO Tanpa Nama,-6.204735533866037,106.79998913244621
JPO Tanpa Nama,-6.204919597684124,106.79966817017224
JPO Tanpa Nama,-6.205029734098947,106.80047031164042
JPO Tanpa Nama,-6.204972,106.79962814999999
JPO Tanpa Nama,-6.2049988452441065,106.79951424885253
JPO Tanpa Nama,-6.206515733249884,106.79828122799573
JPO Tanpa Nama,-6.20835145,106.79732535
JPO Tanpa Nama,-6.182707499999999,106.81949925
JPO Tanpa Nama,-6.197400350000001,106.87406675
JPO Tanpa Nama,-6.190344950215437,106.81592873715076
JPO Tanpa Nama,-6.19048625,106.81623005
JPO Tanpa Nama,-6.190781100000001,106.81622709999999
JPO Tanpa Nama,-6.16842125,106.81919694999999
JPO Tanpa Nama,-6.174372249999999,106.87643085
JPO Tanpa Nama,-6.170352403218029,106.81474103539222
JPO Tanpa Nama,-6.197872,106.8144552
JPO Tanpa Nama,-6.180700315641612,106.81059434988573
JPO Tanpa Nama,-6.17099617767341,106.81113378259415
JPO Tanpa Nama,-6.1278052,106.94066415000002
JPO Tanpa Nama,-6.127785449999999,106.94066300000001
JPO Tanpa Nama,-6.127802054427805,106.94035928219643
JPO Tanpa Nama,-6.127828097130768,106.9403590877952
JPO Tanpa Nama,-6.20236135,106.80665244999999
JPO Tanpa Nama,-6.2022431000000005,106.80675654999999
JPO Tanpa Nama,-6.202361277427956,106.8067730440452
JPO Tanpa Nama,-6.2086483,106.81744950000001
JPO Tanpa Nama,-6.20865935,106.81762255000001
JPO Tanpa Nama,-6.208642550886516,106.81747934519099
JPO Tanpa Nama,-6.1880967,106.8208834
JPO Tanpa Nama,-6.16179615,106.8818714
JPO Tanpa Nama,-6.1613684,106.8079414
JPO Tanpa Nama,-6.2128705,106.80106345
JPO Tanpa Nama,-6.212875400000001,106.80153630000001
JPO Tanpa Nama,-6.19093055,106.81504025000001
JPO Tanpa Nama,-6.21475695,106.80438305
JPO Tanpa Nama,-6.214424149999999,106.804393
JPO Tanpa Nama,-6.1937301499999995,106.79749860000001
JPO Tanpa Nama,-6.1937429,106.7972613
JPO Tanpa Nama,-6.193756150000001,106.79701475
JPO Tanpa Nama,-6.1969103,106.79780255
JPO Tanpa Nama,-6.19697715,106.79757295
JPO Tanpa Nama,-6.218823905235654,106.80747059442406
JPO Tanpa Nama,-6.2189840499999995,106.80770335
JPO Tanpa Nama,-6.21823205,106.80768910000002
Jalan Plaza Selatan,-6.223552410182592,106.8063080866865
JPO Tanpa Nama,-6.219049563781197,106.80746917298734
JPO Tanpa Nama,-6.2184061673972435,106.80747666468099
Jalan Plaza Barat,-6.21857469989104,106.80006304156923
JPO Tanpa Nama,-6.14326685,106.78688395
JPO Tanpa Nama,-6.14317155,106.78688055
JPO Tanpa Nama,-6.143154850000001,106.78687015
JPO Tanpa Nama,-6.143154,106.7868896
JPO Tanpa Nama,-6.14336625,106.7868875
JPO Tanpa Nama,-6.1434128999999995,106.78687264999999
JPO Tanpa Nama,-6.143409950000001,106.78690585
JPO Tanpa Nama,-6.1888087,106.80812715
JPO Tanpa Nama,-6.1887130500000005,106.80956019999999
JPO Tanpa Nama,-6.310759038777344,106.68452949311911
JPO Tanpa Nama,-6.310771099999999,106.68409085
JPO Tanpa Nama,-6.38296425,106.82058615
JPO Tanpa Nama,-6.1888955,106.80721045000001
JPO Tanpa Nama,-6.1424216000000005,106.7964187
JPO Tanpa Nama,-6.1928228999999995,106.8055354
JPO Tanpa Nama,-6.195538,106.8051253
JPO Tanpa Nama,-6.208713349999999,106.81774874999999
JPO Tanpa Nama,-6.1963528,106.82170585
JPO Tanpa Nama,-6.188595284237429,106.81321937098848
JPO Tanpa Nama,-6.2015741,106.8155096
JPO Tanpa Nama,-6.188351,106.814606
JPO Tanpa Nama,-6.201415549999999,106.80956474999999
JPO Tanpa Nama,-6.1608652500000005,106.84817709999999
JPO Tanpa Nama,-6.240249130547935,106.79877326313922
JPO Tanpa Nama,-6.24042745,106.7999592
JPO Tanpa Nama,-6.24043945,106.799644
JPO Tanpa Nama,-6.240452438180504,106.7995165107956
JPO Tanpa Nama,-6.24083635,106.79887155
JPO Tanpa Nama,-6.240812770714138,106.79892140772722
JPO Tanpa Nama,-6.241428153315211,106.79886574523506
JPO Tanpa Nama,-6.241364276389987,106.79863355554478
JPO Tanpa Nama,-6.240673569775392,106.79868352061627
JPO Tanpa Nama,-6.240451418167128,106.79890229135856
JPO Tanpa Nama,-6.24055535,106.79925765
JPO Tanpa Nama,-6.240600649999999,106.7993453
JPO Tanpa Nama,-6.240599202935083,106.79914153594017
JPO Tanpa Nama,-6.240507824818474,106.79952328506927
JPO Tanpa Nama,-6.240410711657728,106.79892941652322
JPO Tanpa Nama,-6.240465082828483,106.80000249129205
JPO Tanpa Nama,-6.2408817,106.79943295000001
JPO Tanpa Nama,-6.240417320047157,106.79992462972253
JPO Tanpa Nama,-6.22101195,106.8136548
JPO Tanpa Nama,-6.22117115,106.81342455000001
JPO Tanpa Nama,-6.2216597,106.813604
JPO Tanpa Nama,-6.2214827365631775,106.81413046949271
JPO Tanpa Nama,-6.21415255,106.808482
JPO Tanpa Nama,-6.213820813648475,106.80893331018385
JPO Tanpa Nama,-6.16115535,106.8470602
JPO Tanpa Nama,-6.161418149999999,106.8460608
JPO Tanpa Nama,-6.135146613252442,106.83200374877812
JPO Tanpa Nama,-6.1623512,106.84304865
JPO Tanpa Nama,-6.16207675,106.84405755
JPO Tanpa Nama,-6.1625457,106.84236785
JPO Tanpa Nama,-6.1626253,106.8420887
JPO Tanpa Nama,-6.1369575,106.83226895
JPO Tanpa Nama,-6.1442115,106.85750085
JPO Tanpa Nama,-6.144001949999999,106.85763364999998
JPO Tanpa Nama,-6.144266,106.85759515000001
JPO Tanpa Nama,-6.123960500000001,106.84052155
JPO Tanpa Nama,-6.1237968,106.84005095
JPO Tanpa Nama,-6.12359495,106.83967345
JPO Tanpa Nama,-6.12321055,106.8393945
JPO Tanpa Nama,-6.220282482886944,106.81355622130462
JPO Tanpa Nama,-6.218556559377179,106.81372555860601
JPO Tanpa Nama,-6.220215010351772,106.81081659885439
JPO Tanpa Nama,-6.218487478895427,106.81142590714401
JPO Tanpa Nama,-6.218419504239745,106.81117067510763
JPO Tanpa Nama,-6.1704973,106.85236785000001
JPO Tanpa Nama,-6.1704922,106.85224034999999
JPO Tanpa Nama,-6.1704872,106.85211509999999
JPO Tanpa Nama,-6.111566,106.7825098
JPO Tanpa Nama,-6.1722016,106.84594020000002
JPO Tanpa Nama,-6.17219315,106.84588115
JPO Tanpa Nama,-6.17218785,106.845844
JPO Tanpa Nama,-6.12682255,106.80473
JPO Tanpa Nama,-6.127858300000001,106.80676619999998
JPO Tanpa Nama,-6.1277112,106.80844585000001
JPO Tanpa Nama,-6.16577095,106.85122405
JPO Tanpa Nama,-6.13131685,106.80562595000002
JPO Tanpa Nama,-6.131703,106.80572765
JPO Tanpa Nama,-6.1523456,106.85469169999999
JPO Tanpa Nama,-6.15233735,106.85477085
JPO Tanpa Nama,-6.1339733,106.8116102
JPO Tanpa Nama,-6.1337153,106.81248124999999
JPO Tanpa Nama,-6.1336262,106.81278664999999
JPO Tanpa Nama,-6.165038300000001,106.84134365
JPO Tanpa Nama,-6.1950564,106.8144199
JPO Tanpa Nama,-6.16115045,106.83984375
JPO Tanpa Nama,-6.16038595,106.83954295000001
JPO Tanpa Nama,-6.142009099999999,106.8139077
JPO Tanpa Nama,-6.14171205,106.8136805
JPO Tanpa Nama,-6.1417606,106.81365535
JPO Tanpa Nama,-6.14127675,106.8125936
JPO Tanpa Nama,-6.15985225,106.83933225
JPO Tanpa Nama,-6.12080305480694,106.84664175504435
JPO Tanpa Nama,-6.189157966842734,106.84638906532837
JPO Tanpa Nama,-6.1891159,106.8463534
JPO Tanpa Nama,-6.1882367,106.8460955
JPO Tanpa Nama,-6.200828999999999,106.8281066
JPO Tanpa Nama,-6.2018059999999995,106.79956695
JPO Tanpa Nama,-6.1263433,106.82273744999999
JPO Tanpa Nama,-6.141825600000001,106.844803
JPO Tanpa Nama,-6.141783200000001,106.8447229
JPO Tanpa Nama,-6.2062326296248305,106.83857612118321
JPO Tanpa Nama,-6.206269801845813,106.83868000108967
JPO Tanpa Nama,-6.205237431463443,106.83407931188675
JPO Tanpa Nama,-6.1818126,106.83890654999998
JPO Tanpa Nama,-6.181514379611183,106.8388167224972
JPO Tanpa Nama,-6.20864275,106.84815239999999
JPO Tanpa Nama,-6.201427800056923,106.81583077249675
JPO Tanpa Nama,-6.20126885,106.81515615
Jalan Penataran,-6.2033986,106.84506045000002
JPO Tanpa Nama,-6.20266115,106.8491171
JPO Tanpa Nama,-6.1955031,106.81104239999999
JPO Tanpa Nama,-6.14922405,106.8393026
JPO Tanpa Nama,-6.17271385,106.8458115
JPO Tanpa Nama,-6.1727077,106.84575755
JPO Tanpa Nama,-6.1727217,106.84588035
JPO Tanpa Nama,-6.166609299999999,106.850326
JPO Tanpa Nama,-6.16657485,106.85028830000002
JPO Tanpa Nama,-6.1666618500000006,106.85038345000001
JPO Tanpa Nama,-6.193358206559497,106.81123975679851
JPO Tanpa Nama,-6.192450987617767,106.81216308934299
JPO Tanpa Nama,-6.1886189,106.8119443
JPO Tanpa Nama,-6.18871455,106.81202694999999
JPO Tanpa Nama,-6.188690283326,106.8119528688232
JPO Tanpa Nama,-6.188104,106.81547735000001
JPO Tanpa Nama,-6.1793916,106.82367975
JPO Tanpa Nama,-6.178281579231329,106.82500478246779
JPO Tanpa Nama,-6.1490689000000005,106.7932142
JPO Tanpa Nama,-6.1490293000000005,106.79329125
JPO Tanpa Nama,-6.14898705,106.79337345
JPO Tanpa Nama,-6.149302750000001,106.79334215
JPO Tanpa Nama,-6.1492603,106.79341515000002
JPO Tanpa Nama,-6.149215099999999,106.79349295
JPO Tanpa Nama,-6.14785515,106.7926127
JPO Tanpa Nama,-6.1478183,106.7926783
JPO Tanpa Nama,-6.1477807,106.79274524999998
JPO Tanpa Nama,-6.14813505,106.7927534
JPO Tanpa Nama,-6.148096,106.79281925000001
JPO Tanpa Nama,-6.14805535,106.7928878
JPO Tanpa Nama,-6.1486628,106.7930111
JPO Tanpa Nama,-6.148624249999999,106.79307854999999
JPO Tanpa Nama,-6.1485804,106.79315525
JPO Tanpa Nama,-6.122790297126045,106.83925462279242
JPO Tanpa Nama,-6.123239299999999,106.83931169999998
JPO Tanpa Nama,-6.123657,106.8396026
JPO Tanpa Nama,-6.12404895,106.8405051
JPO Tanpa Nama,-6.12387675,106.84002009999999
JPO Tanpa Nama,-6.1467607,106.79201725
JPO Tanpa Nama,-6.146722799999999,106.7920867
JPO Tanpa Nama,-6.14668325,106.79215925
JPO Tanpa Nama,-6.14693425,106.79210764999999
JPO Tanpa Nama,-6.1469005,106.79217765000001
JPO Tanpa Nama,-6.14686235,106.79225665
JPO Tanpa Nama,-6.1475285,106.79243625
JPO Tanpa Nama,-6.1474931,106.79249594999999
JPO Tanpa Nama,-6.14745255,106.79256445000001
JPO Tanpa Nama,-6.1477088,106.79253639999999
JPO Tanpa Nama,-6.1476758,106.79259735
JPO Tanpa Nama,-6.147639550000001,106.7926644
JPO Tanpa Nama,-6.199347746036125,106.85369691298769
JPO Tanpa Nama,-6.12402505,106.84112775
JPO Tanpa Nama,-6.15729055,106.8431262
JPO Tanpa Nama,-6.1576011,106.84320135
JPO Tanpa Nama,-6.1798136,106.81801915
JPO Tanpa Nama,-6.138427549999999,106.82882190000001
JPO Tanpa Nama,-6.1332375500000005,106.79246334999999
JPO Tanpa Nama,-6.13320495,106.792892
JPO Tanpa Nama,-6.1794778,106.82259735
JPO Tanpa Nama,-6.1794822499999995,106.82280994999999
JPO Tanpa Nama,-6.15787465,106.85156595000001
JPO Tanpa Nama,-6.157958799999999,106.8511056
JPO Tanpa Nama,-6.1426002,106.82926115000001
JPO Tanpa Nama,-6.13524245,106.82948905
JPO Tanpa Nama,-6.1354475,106.82955960000001
Jalan Aksara I,-6.31594345,106.7496798
JPO Tanpa Nama,-6.1359022,106.82643865
JPO Tanpa Nama,-6.136253249999999,106.82649375
JPO Tanpa Nama,-6.1454677,106.83412580000001
JPO Tanpa Nama,-6.1411043,106.82693040000001
JPO Tanpa Nama,-6.142708730799951,106.81181920638932
JPO Tanpa Nama,-6.14330235,106.8086426
JPO Tanpa Nama,-6.1432195,106.80864475
JPO Tanpa Nama,-6.14313125,106.80864705
JPO Tanpa Nama,-6.1428921,106.80792815
JPO Tanpa Nama,-6.1428897,106.80774840000001
JPO Tanpa Nama,-6.142890850000001,106.80783500000001
JPO Tanpa Nama,-6.150734,106.80760509999999
JPO Tanpa Nama,-6.13644375,106.82250259999999
JPO Tanpa Nama,-6.1370429,106.8216247
JPO Tanpa Nama,-6.1375184,106.81739110000001
JPO Tanpa Nama,-6.1378402,106.81743589999999
JPO Tanpa Nama,-6.346934856751378,106.67534434966845
JPO Tanpa Nama,-6.346869661944099,106.6753471992344
JPO Tanpa Nama,-6.33690165,106.69402215
JPO Tanpa Nama,-6.3370381,106.69375645
JPO Tanpa Nama,-6.3372303,106.69344345
JPO Tanpa Nama,-6.14640775,106.79183775000001
JPO Tanpa Nama,-6.146372899999999,106.7919043
JPO Tanpa Nama,-6.14633715,106.79197255
JPO Tanpa Nama,-6.14610435,106.7916714
JPO Tanpa Nama,-6.1460661000000005,106.79174515
JPO Tanpa Nama,-6.146029199999999,106.7918162
JPO Tanpa Nama,-6.14508745,106.79115385
JPO Tanpa Nama,-6.14505035,106.79122095
JPO Tanpa Nama,-6.145012400000001,106.79128954999999
JPO Tanpa Nama,-6.14318345,106.7921999
JPO Tanpa Nama,-6.142905100000001,106.79212670000001
JPO Tanpa Nama,-6.14290095,106.79206375000001
JPO Tanpa Nama,-6.152841380388113,106.82913419874153
JPO Tanpa Nama,-6.175295299999999,106.63898805
JPO Tanpa Nama,-6.15156455,106.82907159999999
JPO Tanpa Nama,-6.14005265,106.8213143
JPO Tanpa Nama,-6.181546,106.79374874999999
JPO Tanpa Nama,-6.17399805,106.79046439999999
JPO Tanpa Nama,-6.161042348548611,106.83082235269443
JPO Tanpa Nama,-6.196300300000001,106.8114967
JPO Tanpa Nama,-6.14301992933686,106.81481265529229
JPO Tanpa Nama,-6.1429020723675345,106.81518863241956
JPO Tanpa Nama,-6.142959045024272,106.8150128983909
Jalan Profesor Dokter Latumeten,-6.16116025,106.79044694999999
Jalan Profesor Dokter Latumeten,-6.16223,106.78997964999999
Jalan Profesor Dokter Latumeten,-6.1623341,106.78993419999999
Jalan Profesor Dokter Latumeten,-6.1618797,106.79013265
Jalan Profesor Dokter Latumeten,-6.161998999999999,106.79008055
Jalan Profesor Dokter Latumeten,-6.1621267500000005,106.79002474999999
Jalan Profesor Dokter Latumeten,-6.159988402949348,106.79095856104567
JPO Tanpa Nama,-6.1607512,106.79075954999999
JPO Tanpa Nama,-6.16101785,106.79064055
JPO Tanpa Nama,-6.16675905,106.79041670000001
JPO Tanpa Nama,-6.1483148,106.83266904999999
Jalan Profesor Dokter Latumeten,-6.16735555,106.78847425000001
Jalan Profesor Dokter Latumeten,-6.167256549999999,106.78849645
Jalan Tol Cawang–Pluit,-6.167231650000001,106.7883567
Jalan Profesor Dokter Latumeten,-6.1671581,106.7881364
Jalan Profesor Dokter Latumeten,-6.16724315,106.78811644999999
JPO Tanpa Nama,-6.1674895,106.7885386
JPO Tanpa Nama,-6.16751215,106.78863890000001
JPO Tanpa Nama,-6.1671191,106.7881127
JPO Tanpa Nama,-6.167166249999999,106.78810085
Jalan Tol Cawang–Pluit,-6.1671936,106.78825015
JPO Tanpa Nama,-6.1409532,106.8173079
Jalan Tol Cawang–Pluit,-6.148181947636076,106.7916385044474
Jalan Tol Cawang–Pluit,-6.1436178232567356,106.78920948335039
JPO Tanpa Nama,-6.15239855,106.79511345
JPO Tanpa Nama,-6.1524344,106.79490755000002
JPO Tanpa Nama,-6.152401749999999,106.79489135
JPO Tanpa Nama,-6.15244015,106.79536594999999
JPO Tanpa Nama,-6.15240615,106.79535565
JPO Tanpa Nama,-6.161203150000001,106.83279575
JPO Tanpa Nama,-6.161289999999999,106.8327592
JPO Tanpa Nama,-6.1613450499999995,106.83245965
JPO Tanpa Nama,-6.16144815,106.8322258
JPO Tanpa Nama,-6.1614722871122725,106.8323389555574
JPO Tanpa Nama,-6.161146948364498,106.83264490322713
JPO Tanpa Nama,-6.161312053424577,106.83226489257872
JPO Tanpa Nama,-6.171221445595758,106.83663009026014
JPO Tanpa Nama,-6.171475844294529,106.83557536025816
JPO Tanpa Nama,-6.171252544823665,106.83528399638926
JPO Tanpa Nama,-6.1664798,106.83907155
JPO Tanpa Nama,-6.1835631499999995,106.83436035
JPO Tanpa Nama,-6.1869301,106.83628379999999
JPO Tanpa Nama,-6.167233400000001,106.8374842
JPO Tanpa Nama,-6.167107399999999,106.83774170000001
JPO Tanpa Nama,-6.16764765,106.83663319999998
JPO Tanpa Nama,-6.17166535,106.83400255000001
JPO Tanpa Nama,-6.1660433,106.7976716
JPO Tanpa Nama,-6.1664499500000005,106.7976829
JPO Tanpa Nama,-6.1776021,106.84309904999999
JPO Tanpa Nama,-6.177497961646333,106.8430388418551
JPO Tanpa Nama,-6.1848467,106.79720284999999
JPO Tanpa Nama,-6.184868549999999,106.79664025000001
JPO Tanpa Nama,-6.161759999999998,106.8268474
JPO Tanpa Nama,-6.161946618312061,106.82678933716797
JPO Tanpa Nama,-6.17648565,106.84358465
JPO Tanpa Nama,-6.17399065,106.8431349
JPO Tanpa Nama,-6.1746078,106.843194
JPO Tanpa Nama,-6.171571,106.84294539999999
JPO Tanpa Nama,-6.1421193,106.8205729
JPO Tanpa Nama,-6.14218765,106.82054005
JPO Tanpa Nama,-6.1423059,106.8204829
JPO Tanpa Nama,-6.171835046592039,106.83468440648963
JPO Tanpa Nama,-6.167830061020777,106.8311973965143
JPO Tanpa Nama,-6.167981081705304,106.8312207608865
JPO Tanpa Nama,-6.16805055,106.8312042
JPO Tanpa Nama,-6.13355875,106.79207479999998
JPO Tanpa Nama,-6.1331620000000004,106.7925037
JPO Tanpa Nama,-6.1304673,106.79225055
JPO Tanpa Nama,-6.1281987,106.7920693
JPO Tanpa Nama,-6.12668196893774,106.79179422995549
JPO Tanpa Nama,-6.12680865,106.79166085
JPO Tanpa Nama,-6.126534550000001,106.79203575
JPO Tanpa Nama,-6.1265449,106.79190115
JPO Tanpa Nama,-6.1267285,106.7921477
JPO Tanpa Nama,-6.12700495,106.79212845
JPO Tanpa Nama,-6.127002677837529,106.79233117485136
JPO Tanpa Nama,-6.127011100000001,106.79223719999999
JPO Tanpa Nama,-6.12699885,106.79202665
JPO Tanpa Nama,-6.126727649999999,106.79220415
JPO Tanpa Nama,-6.16925685,106.83257275
JPO Tanpa Nama,-6.168426,106.83217395000001
JPO Tanpa Nama,-6.166738199999999,106.83314135
JPO Tanpa Nama,-6.166798699999999,106.8331259
JPO Tanpa Nama,-6.13040880285674,106.79217555016378
JPO Tanpa Nama,-6.167472,106.8278712
JPO Tanpa Nama,-6.1157710000000005,106.78792055
JPO Tanpa Nama,-6.1157237,106.7905188
JPO Tanpa Nama,-6.171096456898043,106.83343838106808
JPO Tanpa Nama,-6.191525520147707,106.82895844417615
JPO Tanpa Nama,-6.191645318956764,106.82877719465898
JPO Tanpa Nama,-6.14514715,106.8207731
JPO Tanpa Nama,-6.14514545,106.8207209
JPO Tanpa Nama,-6.145149099999999,106.82083329999999
JPO Tanpa Nama,-6.303161652156353,106.64397248134763
JPO Tanpa Nama,-6.30326955,106.64344209999999
JPO Tanpa Nama,-6.3033212,106.64318055
JPO Tanpa Nama,-6.3034701804098345,106.64247184422604
JPO Tanpa Nama,-6.303379675703995,106.64244235632012
JPO Tanpa Nama,-6.303017148077311,106.64411791424753
JPO Tanpa Nama,-6.302461498656842,106.644575793942
JPO Tanpa Nama,-6.302859879493819,106.64202352236926
JPO Tanpa Nama,-6.303084242693342,106.6432593850672
JPO Tanpa Nama,-6.3023503000000005,106.64208435
JPO Tanpa Nama,-6.301803119284049,106.64202633262711
JPO Tanpa Nama,-6.3032733,106.6439458
JPO Tanpa Nama,-6.17511925,106.83892970000001
JPO Tanpa Nama,-6.14410815,106.8208831
JPO Tanpa Nama,-6.14410645,106.8208376
JPO Tanpa Nama,-6.14410475,106.82079055
JPO Tanpa Nama,-6.3516943999999995,106.9082678
JPO Tanpa Nama,-6.124693000000001,106.79467790000001
JPO Tanpa Nama,-6.12464795,106.79444419999999
JPO Tanpa Nama,-6.1247883000000005,106.79433995
JPO Tanpa Nama,-6.1249041065637995,106.79451545564925
JPO Tanpa Nama,-6.125887793156594,106.83808892606717
JPO Tanpa Nama,-6.13544395,106.8152388
JPO Tanpa Nama,-6.133322307190699,106.81461183561457
JPO Tanpa Nama,-6.133628350135852,106.81473681603492
JPO Tanpa Nama,-6.125340899999999,106.79230845000001
JPO Tanpa Nama,-6.1252434000000004,106.79227559999998
JPO Tanpa Nama,-6.125207381631156,106.79226539195831
JPO Tanpa Nama,-6.1252257,106.7921971
JPO Tanpa Nama,-6.125272780192401,106.79214202048124
JPO Tanpa Nama,-6.125170775389561,106.79238376740062
JPO Tanpa Nama,-6.1831046,106.8247308
JPO Tanpa Nama,-6.178346263515567,106.84248533470779
JPO Tanpa Nama,-6.17809855,106.84212775
JPO Tanpa Nama,-6.177872750000001,106.84243980000001
JPO Tanpa Nama,-6.1785174000000005,106.84258614999999
JPO Tanpa Nama,-6.253629081139906,106.8717614770942
JPO Tanpa Nama,-6.180762454497981,106.82547703490208
JPO Tanpa Nama,-6.18069032118405,106.82720427074109
JPO Tanpa Nama,-6.289451633306011,106.84451801388558
JPO Tanpa Nama,-6.179024699999999,106.8349999
JPO Tanpa Nama,-6.187223899999999,106.83277050000002
JPO Tanpa Nama,-6.169295562138883,106.83249482379028
JPO Tanpa Nama,-6.16944928691234,106.83255090775091
JPO Tanpa Nama,-6.1744313,106.83034710000001
JPO Tanpa Nama,-6.1743986,106.83045385
JPO Tanpa Nama,-6.1785327,106.8318463
JPO Tanpa Nama,-6.17860175,106.83163345
JPO Tanpa Nama,-6.2254122,106.83451455
JPO Tanpa Nama,-6.2258321,106.8345915
JPO Tanpa Nama,-6.12532835,106.8005708
JPO Tanpa Nama,-6.12518835,106.8004265
JPO Tanpa Nama,-6.18743935,106.83172035000001
JPO Tanpa Nama,-6.125285899999999,106.80042135
JPO Tanpa Nama,-6.241598904995654,106.62858302648797
JPO Tanpa Nama,-6.241740191728985,106.63011841102188
JPO Tanpa Nama,-6.285067013405474,106.72902979623305
JPO Tanpa Nama,-6.285102941156763,106.72864605826463
JPO Tanpa Nama,-6.285133941079275,106.7287797163993
JPO Tanpa Nama,-6.2692502,106.80146379999998
JPO Tanpa Nama,-6.1270543,106.80452855
JPO Tanpa Nama,-6.18430105,106.8321756
JPO Tanpa Nama,-6.1848861,106.8322521
JPO Tanpa Nama,-6.18531385,106.83233915
JPO Tanpa Nama,-6.18528565,106.83228195
JPO Tanpa Nama,-6.182303100000001,106.83505195000002
JPO Tanpa Nama,-6.1374589,106.82910830000002
JPO Tanpa Nama,-6.1535924,106.81774395
JPO Tanpa Nama,-6.1536096,106.81767405
JPO Tanpa Nama,-6.15362635,106.817606
JPO Tanpa Nama,-6.1710095,106.83329995
JPO Tanpa Nama,-6.1710133604978274,106.83325698733411
JPO Tanpa Nama,-6.171026149999999,106.83333615000001
JPO Tanpa Nama,-6.165848,106.8350305
JPO Tanpa Nama,-6.165827999999999,106.83900274999999
JPO Tanpa Nama,-6.217434450000001,106.81938455
JPO Tanpa Nama,-6.2174844,106.819233
JPO Tanpa Nama,-6.222191349999998,106.84673000000001
JPO Tanpa Nama,-6.2224558000000005,106.84693405
JPO Tanpa Nama,-6.2229508,106.84718215000001
JPO Tanpa Nama,-6.1255121,106.83970049999999
JPO Tanpa Nama,-6.150714600000001,106.81170620000002
JPO Tanpa Nama,-6.13638085,106.8027719
JPO Tanpa Nama,-6.1245826999999995,106.84079564999999
JPO Tanpa Nama,-6.123358209163204,106.84435979464023
JPO Tanpa Nama,-6.1237507,106.84297194999999
JPO Tanpa Nama,-6.123812811485873,106.84231362691774
JPO Tanpa Nama,-6.12725794396419,106.84136613324617
JPO Tanpa Nama,-6.128095849999999,106.8048981
JPO Tanpa Nama,-6.128150799999999,106.80468185000001
JPO Tanpa Nama,-6.216762,106.84425575
JPO Tanpa Nama,-6.21671825,106.84434279999999
JPO Tanpa Nama,-6.12674255,106.8430366
JPO Tanpa Nama,-6.200954250000001,106.84102784999999
JPO Tanpa Nama,-6.2006356,106.84085765
JPO Tanpa Nama,-6.20033355,106.84067815
JPO Tanpa Nama,-6.2000448,106.8405239
JPO Tanpa Nama,-6.1997008000000005,106.8403611
JPO Tanpa Nama,-6.199377950000001,106.84022265
JPO Tanpa Nama,-6.19903275,106.84001835000001
JPO Tanpa Nama,-6.19879025,106.8399088
JPO Tanpa Nama,-6.19854535,106.83977205
JPO Tanpa Nama,-6.1980053999999996,106.8394929
JPO Tanpa Nama,-6.125318399999999,106.8410237
JPO Tanpa Nama,-6.12530835,106.8411339
JPO Tanpa Nama,-6.125346373253503,106.84148705300576
JPO Tanpa Nama,-6.133297,106.80626914999999
JPO Tanpa Nama,-6.133351299999999,106.80602765
JPO Tanpa Nama,-6.2189899,106.84531285
JPO Tanpa Nama,-6.21985125,106.84568859999999
JPO Tanpa Nama,-6.2198308,106.84574180000001
JPO Tanpa Nama,-6.221034949999999,106.846145
JPO Tanpa Nama,-6.22097885,106.8462231
JPO Tanpa Nama,-6.2085718000000005,106.8482436
Jalan Lodan Raya,-6.129951800000001,106.8304438
JPO Tanpa Nama,-6.1299331000000015,106.83312939999998
JPO Tanpa Nama,-6.1297258,106.83309270000001
JPO Tanpa Nama,-6.17561658881186,106.84152922825318
JPO Tanpa Nama,-6.156398,106.83655585000001
JPO Tanpa Nama,-6.156467149999998,106.8362915
JPO Tanpa Nama,-6.1564342,106.83641714999999
JPO Tanpa Nama,-6.156469877305422,106.83625815160613
JPO Tanpa Nama,-6.20246465,106.83987979999999
JPO Tanpa Nama,-6.20254965,106.84049585000001
JPO Tanpa Nama,-6.22525085,106.83834795
JPO Tanpa Nama,-6.2250973,106.83833645
JPO Tanpa Nama,-6.2251168,106.84132394999999
JPO Tanpa Nama,-6.2249452,106.84131105
JPO Tanpa Nama,-6.1951538,106.8207174
JPO Tanpa Nama,-6.1418155,106.80179319999999
JPO Tanpa Nama,-6.14183785,106.80134995
JPO Tanpa Nama,-6.141805132517942,106.80653469062334
JPO Tanpa Nama,-6.1418771,106.8064969
JPO Tanpa Nama,-6.14182995,106.8067784
JPO Tanpa Nama,-6.141774653285958,106.80674960197096
JPO Tanpa Nama,-6.1419494,106.80667205
JPO Tanpa Nama,-6.141918436981046,106.80676232738219
JPO Tanpa Nama,-6.141947611671642,106.80655855739744
JPO Tanpa Nama,-6.1386182747710025,106.81399253840435
JPO Tanpa Nama,-6.1386097,106.8136438
JPO Tanpa Nama,-6.1384834993106665,106.81404560173638
JPO Tanpa Nama,-6.13869932161819,106.81382130593252
JPO Tanpa Nama,-6.3734818,106.73844125
JPO Tanpa Nama,-6.138407313749863,106.81372670168143
JPO Tanpa Nama,-6.16870705,106.84275265
Jalan Bungur Besar VII,-6.1710162,106.84607839999998
JPO Tanpa Nama,-6.156864150000001,106.8366698
JPO Tanpa Nama,-6.1568983500000005,106.83652955
JPO Tanpa Nama,-6.1569308,106.83639655
JPO Tanpa Nama,-6.3358975,106.71140255
JPO Tanpa Nama,-6.34022165,106.714243
JPO Tanpa Nama,-6.33983485035881,106.7123343051274
JPO Tanpa Nama,-6.332938646291149,106.71313462107791
JPO Tanpa Nama,-6.336762109729736,106.71082054296336
JPO Tanpa Nama,-6.336657451262788,106.71049883089596
JPO Tanpa Nama,-6.336287966499757,106.71065272184312
Jalan Mars Raya,-6.316606200000001,106.77981805
JPO Tanpa Nama,-6.342974236388699,106.75850786702308
JPO Tanpa Nama,-6.34250955,106.75868564999999
JPO Tanpa Nama,-6.3431539,106.75816335
JPO Tanpa Nama,-6.3433121,106.75845810000001
JPO Tanpa Nama,-6.342778867150734,106.75862372953833
JPO Tanpa Nama,-6.3427989,106.7586828
JPO Tanpa Nama,-6.3428191555390425,106.75832313895786
JPO Tanpa Nama,-6.1688445000000005,106.8478666
JPO Tanpa Nama,-6.1670254,106.84479045
JPO Tanpa Nama,-6.1678116,106.82780475000001
JPO Tanpa Nama,-6.16845125,106.83040754999999
JPO Tanpa Nama,-6.1630533,106.8196365
JPO Tanpa Nama,-6.148131599999999,106.82889660000001
JPO Tanpa Nama,-6.1675928,106.82807435
JPO Tanpa Nama,-6.16769375,106.82805305
JPO Tanpa Nama,-6.15677697223869,106.81849806675405
JPO Tanpa Nama,-6.156791650000001,106.81849875
JPO Tanpa Nama,-6.156058402938136,106.81833989915368
JPO Tanpa Nama,-6.1530340500000005,106.8176747
JPO Tanpa Nama,-6.151203649999999,106.81724545
JPO Tanpa Nama,-6.15019535,106.8167921
JPO Tanpa Nama,-6.3013368,106.78124845
JPO Tanpa Nama,-6.161604287408853,106.82672407613137
JPO Tanpa Nama,-6.1616565,106.8265584
JPO Tanpa Nama,-6.1629727999999995,106.82667175
JPO Tanpa Nama,-6.162962138118231,106.82660196864337
JPO Tanpa Nama,-6.1628181,106.82667545
JPO Tanpa Nama,-6.16289335,106.82658135
JPO Tanpa Nama,-6.280480960518591,106.83920909312428
JPO Tanpa Nama,-6.16492475,106.8386005
JPO Tanpa Nama,-6.16589045,106.8389045
JPO Tanpa Nama,-6.1658266,106.839164
JPO Tanpa Nama,-6.17335605,106.8393698
JPO Tanpa Nama,-6.1674743285242135,106.8210939141674
JPO Tanpa Nama,-6.167301799999999,106.82111365
JPO Tanpa Nama,-6.16723195,106.8211001
JPO Tanpa Nama,-6.167226250000001,106.82100700000001
JPO Tanpa Nama,-6.1760224,106.8400711
JPO Tanpa Nama,-6.1761075,106.8399699
JPO Tanpa Nama,-6.1761935,106.83986765
JPO Tanpa Nama,-6.1829956,106.8430954
JPO Tanpa Nama,-6.1830572,106.8429002
JPO Tanpa Nama,-6.18434415,106.8441221
JPO Tanpa Nama,-6.18455745,106.84378054999999
JPO Tanpa Nama,-6.16727985,106.82281925000001
JPO Tanpa Nama,-6.16758625,106.82284279999999
JPO Tanpa Nama,-6.167431099999999,106.82283115000001
JPO Tanpa Nama,-6.1706622,106.83813355000001
JPO Tanpa Nama,-6.1705521999999995,106.83807605
JPO Tanpa Nama,-6.16705095,106.82551860000001
JPO Tanpa Nama,-6.1678665,106.83042904999999
JPO Tanpa Nama,-6.17566185,106.8227062
JPO Tanpa Nama,-6.17212515,106.82320465000001
Pedestrian Street,-6.205595505244029,106.95515702089978
Jalan Sensus IV,-6.231052296662735,106.86460616763972
JPO Tanpa Nama,-6.166857500000001,106.9235435
JPO Tanpa Nama,-6.16972155,106.82135339999999
JPO Tanpa Nama,-6.1697001767519355,106.82145885542417
JPO Tanpa Nama,-6.167804708924935,106.82118170121714
JPO Tanpa Nama,-6.167628321354094,106.82115322211907
JPO Tanpa Nama,-6.167906299999999,106.820768
JPO Tanpa Nama,-6.167263029832049,106.82090598860181
JPO Tanpa Nama,-6.1674871104927265,106.8207138574013
JPO Tanpa Nama,-6.167103750000001,106.84213135
JPO Tanpa Nama,-6.159455338559127,106.83745105665433
JPO Tanpa Nama,-6.158952775399799,106.83746847447847
JPO Tanpa Nama,-6.159053024647755,106.83720083654134
JPO Tanpa Nama,-6.1594422055648375,106.8372749191421
JPO Tanpa Nama,-6.16248115,106.83816785
JPO Tanpa Nama,-6.216962799999999,106.81550019999999
JPO Tanpa Nama,-6.21677915,106.81525749999999
JPO Tanpa Nama,-6.2172319,106.81562005
JPO Tanpa Nama,-6.16783485,106.8310822
JPO Tanpa Nama,-6.1678948,106.83121985
JPO Tanpa Nama,-6.2077945,106.82199225
JPO Tanpa Nama,-6.2078414,106.8222707
JPO Tanpa Nama,-6.30139165,106.64670385
JPO Tanpa Nama,-6.30139617255414,106.64666481407242
JPO Tanpa Nama,-6.301420790621919,106.646635560999
JPO Tanpa Nama,-6.301391799999999,106.64661115000001
JPO Tanpa Nama,-6.3015593,106.64658355
JPO Tanpa Nama,-6.3015303,106.6466053
JPO Tanpa Nama,-6.301477147850018,106.64662429290873
JPO Tanpa Nama,-6.301724422908818,106.6466141381175
JPO Tanpa Nama,-6.3015894972405055,106.6467459297783
JPO Tanpa Nama,-6.1673620499999995,106.82549135
JPO Tanpa Nama,-6.184578849999999,106.815006
JPO Tanpa Nama,-6.1850856499999995,106.81474560000001
JPO Tanpa Nama,-6.1848869,106.81519109999999
JPO Tanpa Nama,-6.1256751000000005,106.84559265
JPO Tanpa Nama,-6.220361915420517,106.83650313236848
JPO Tanpa Nama,-6.160826981946747,106.83369267364394
JPO Tanpa Nama,-6.16061605,106.83386565
JPO Tanpa Nama,-6.1913298,106.84802204999998
JPO Tanpa Nama,-6.19149065,106.8477635
JPO Tanpa Nama,-6.1937008,106.84885885
JPO Tanpa Nama,-6.19351395,106.8492027
JPO Tanpa Nama,-6.1961388500000005,106.84890135
JPO Tanpa Nama,-6.19618875,106.84895374999999
JPO Tanpa Nama,-6.241956699999999,106.62720325000001
JPO Tanpa Nama,-6.242308400000001,106.627183
JPO Tanpa Nama,-6.24241875,106.62877465
JPO Tanpa Nama,-6.17631825,106.8312268
JPO Tanpa Nama,-6.176486259240164,106.83130938635948
JPO Tanpa Nama,-6.1880831,106.8462781
JPO Tanpa Nama,-6.18828335,106.8459202
JPO Tanpa Nama,-6.1666968,106.83526504999999
JPO Tanpa Nama,-6.1667286,106.8351869
JPO Tanpa Nama,-6.1456459500000005,106.87607175
JPO Tanpa Nama,-6.1754189,106.84131819999999
JPO Tanpa Nama,-6.175705949999999,106.8413252
JPO Tanpa Nama,-6.1752552,106.84157275000001
JPO Tanpa Nama,-6.175512749999999,106.8416245
JPO Tanpa Nama,-6.1936365,106.84903895
JPO Tanpa Nama,-6.16376947551629,106.8386625557539
JPO Tanpa Nama,-6.1638687,106.8383628
JPO Tanpa Nama,-6.163988173708034,106.8384292707901
JPO Tanpa Nama,-6.1637011,106.83835245
JPO Tanpa Nama,-6.2330931,106.83423865
JPO Tanpa Nama,-6.302842,106.64408025
JPO Tanpa Nama,-6.30346765,106.64195000000001
JPO Tanpa Nama,-6.145658835887507,106.83415503684253
JPO Tanpa Nama,-6.1453139232548075,106.83413606369874
JPO Tanpa Nama,-6.146457050000001,106.83416254999999
JPO Tanpa Nama,-6.146541750000001,106.83442665000001
JPO Tanpa Nama,-6.13387483090981,106.67755860596964
JPO Tanpa Nama,-6.239254300000002,106.8778152
JPO Tanpa Nama,-6.239099749999999,106.8783028
JPO Tanpa Nama,-6.24532375,106.87550655000001
JPO Tanpa Nama,-6.24549785,106.87590805
JPO Tanpa Nama,-6.30305975,106.6419686
JPO Tanpa Nama,-6.302869135703003,106.6447504135318
JPO Tanpa Nama,-6.302835431136453,106.64465430053595
JPO Tanpa Nama,-6.303081022079923,106.64608974790694
JPO Tanpa Nama,-6.30169835,106.64651570000001
JPO Tanpa Nama,-6.301399418440421,106.64577563590055
JPO Tanpa Nama,-6.302568299969426,106.64603267762483
JPO Tanpa Nama,-6.302818579568076,106.64482495332996
JPO Tanpa Nama,-6.302791923565061,106.64501690407243
JPO Tanpa Nama,-6.302182640000469,106.64471181541077
JPO Tanpa Nama,-6.3013454499999995,106.64194965
JPO Tanpa Nama,-6.398039150000002,106.79692105000001
JPO Tanpa Nama,-6.39881105,106.79691485000001
JPO Tanpa Nama,-6.348868990230639,106.89682828090768
JPO Tanpa Nama,-6.3572706,106.8685694
JPO Tanpa Nama,-6.3576884499999995,106.86898699999999
Gang Sempit,-6.206950099999999,106.60699439999999
Jalan Gede 1,-6.206625600000001,106.60698785
Jalan Salak 6,-6.20549595,106.6090844
JPO Tanpa Nama,-6.205402250000001,106.60910119999998
JPO Tanpa Nama,-6.2240258,106.8492624
Gg H.Junaedi,-6.225804862649353,106.84545171033099
Gang,-6.224903458462599,106.84458364614927
Gg H.Junaedi,-6.22502060187598,106.84553356023109
gang Babe,-6.23556985,106.87325845
JPO Tanpa Nama,-6.389969727534467,106.8801677385892
Jalan tembusan 2,-6.2915071885825045,106.86372139201754
Jalan Belakang Masjid,-6.290274794457669,106.86626539282321
JPO Tanpa Nama,-6.220188626107266,106.83267057115145
JPO Tanpa Nama,-6.220402259437338,106.83220632099165
JPO Tanpa Nama,-6.220180462733809,106.83266202585187
JPO Tanpa Nama,-6.19166645,106.95412089999999
JPO Tanpa Nama,-6.1689208213649644,106.83208902339227
JPO Tanpa Nama,-6.168963767972213,106.83196633307315
JPO Tanpa Nama,-6.1715191692427975,106.83248118112078
JPO Tanpa Nama,-6.1719825,106.8316317
JPO Tanpa Nama,-6.17008132718573,106.83289750413847
JPO Tanpa Nama,-6.170978647694474,106.83239785450972
JPO Tanpa Nama,-6.172533397886385,106.83032873768977
JPO Tanpa Nama,-6.1721922195185,106.83113431741182
JPO Tanpa Nama,-6.287754852202329,106.90961701188102
JPO Tanpa Nama,-6.2912832,106.92621454999998
JPO Tanpa Nama,-6.290584843529123,106.92679468123085
JPO Tanpa Nama,-6.238595379903414,106.77555826854152
JPO Tanpa Nama,-6.239742171527935,106.85257365605179
Gang Gotong Royong 1,-6.226020129879324,106.96526751621982
Gg. H. Salih 1,-6.224827334232641,106.96681466821686
Gg. Makmur IV,-6.230751797681739,106.96325712618084
Gang haji wahab,-6.292558848408036,106.82927925408279
Jalan komplek,-6.290992040533991,106.83187244307771
JPO Tanpa Nama,-6.14734675,106.86101715
JPO Tanpa Nama,-6.1465714,106.8342968
Jalan Lapangan Tennis,-6.257418,106.8749222
Gang Kecil,-6.258465861911178,106.87358679800887
Gang Musik,-6.168773849999999,106.85717489999999
Jalan kecil,-6.305151049497535,106.82873002505184
JPO Tanpa Nama,-6.138139000000001,106.8327298
JPO Tanpa Nama,-6.1421768,106.833237
JPO Tanpa Nama,-6.14222355,106.8330704
JPO Tanpa Nama,-6.14213565,106.83338485
JPO Tanpa Nama,-6.14214825,106.8334352
JPO Tanpa Nama,-6.1420963,106.83342214999999
JPO Tanpa Nama,-6.150756785951785,106.86741374627304
JPO Tanpa Nama,-6.1369487,106.83239955000002
JPO Tanpa Nama,-6.3018749222755694,106.64783275984607
JPO Tanpa Nama,-6.302397658420735,106.64648086201899
JPO Tanpa Nama,-6.302299403215697,106.64921707265644
JPO Tanpa Nama,-6.303152473216114,106.64624792594365
JPO Tanpa Nama,-6.3031640458878355,106.64615315860514
JPO Tanpa Nama,-6.30332483592783,106.6478972932827
JPO Tanpa Nama,-6.2427322499999995,106.84375595
JPO Tanpa Nama,-6.241987549999999,106.84044175
JPO Tanpa Nama,-6.128092461287291,106.85197219655376
JPO Tanpa Nama,-6.2385354500000005,106.84481124999999
JPO Tanpa Nama,-6.23894965,106.84511325
JPO Tanpa Nama,-6.24154035,106.84433165
JPO Tanpa Nama,-6.219121977441361,106.8375148639709
jalan tikus rumah warga,-6.219000375077253,106.83839547826483
jalan tikus ke pasar,-6.219931961465901,106.83881497929886
JPO Tanpa Nama,-6.130423781373029,106.85509389658218
JPO Tanpa Nama,-6.1305379,106.8551139
JPO Tanpa Nama,-6.1657237,106.83504445
JPO Tanpa Nama,-6.166517904069173,106.83424498092045
JPO Tanpa Nama,-6.16626655,106.8339948
JPO Tanpa Nama,-6.167155092176799,106.83241733517265
JPO Tanpa Nama,-6.1336874,106.865228
JPO Tanpa Nama,-6.1551472,106.85994194999999
JPO Tanpa Nama,-6.15521135,106.8599497
JPO Tanpa Nama,-6.1552798,106.85995785
JPO Tanpa Nama,-6.1552657,106.8595732
JPO Tanpa Nama,-6.1378904,106.87011785
JPO Tanpa Nama,-6.13759645,106.8700689
gang pak rt #1,-6.223660703884303,106.83994819165925
gang pak rt #2,-6.223618,106.83999800000001
gang pak rt #3,-6.22357685,106.8401367
JPO Tanpa Nama,-6.24133080452177,106.7882829005346
JPO Tanpa Nama,-6.2317642499999994,106.8286314
JPO Tanpa Nama,-6.231723199999999,106.82857655000002
JPO Tanpa Nama,-6.1260019,106.8583342
JPO Tanpa Nama,-6.12617895,106.85821795000001
JPO Tanpa Nama,-6.1276414500000005,106.85910495
JPO Tanpa Nama,-6.23956375,106.86924795
JPO Tanpa Nama,-6.23956175,106.86938155
JPO Tanpa Nama,-6.132971760581275,106.85884255812181
JPO Tanpa Nama,-6.19670305,106.82959695
JPO Tanpa Nama,-6.1966268499999995,106.82956025
JPO Tanpa Nama,-6.19651265,106.82962795
JPO Tanpa Nama,-6.31826465,106.81748544999999
JPO Tanpa Nama,-6.318525449999999,106.81717429999999
JPO Tanpa Nama,-6.3428642,106.75855229999999
JPO Tanpa Nama,-6.34275055,106.7584657
JPO Tanpa Nama,-6.3034041,106.78436755
JPO Tanpa Nama,-6.2002407667255,106.83250470092986
JPO Tanpa Nama,-6.24110495,106.84462680000001
JPO Tanpa Nama,-6.2408357,106.8447746
JPO Tanpa Nama,-6.2396483499999995,106.8453288
JPO Tanpa Nama,-6.23910315,106.84519304999999
JPO Tanpa Nama,-6.24189885,106.8376564
Jalan Karomah Ramli I,-6.23169135,106.8416325
JPO Tanpa Nama,-6.19567405,106.8302219
JPO Tanpa Nama,-6.19564035,106.8299988
JPO Tanpa Nama,-6.1957978158789215,106.83000073013176
JPO Tanpa Nama,-6.195877419799447,106.83005282188641
JPO Tanpa Nama,-6.195710000000001,106.8290187
JPO Tanpa Nama,-6.15262235,106.87963995
JPO Tanpa Nama,-6.1526243,106.8795907
JPO Tanpa Nama,-6.15262625,106.87954160000001
JPO Tanpa Nama,-6.1394903,106.85987665
JPO Tanpa Nama,-6.1397717499999995,106.8599269
JPO Tanpa Nama,-6.199328499999999,106.83225619999997
JPO Tanpa Nama,-6.1994235,106.83304275
JPO Tanpa Nama,-6.199293839339874,106.83265397168095
JPO Tanpa Nama,-6.19931255231042,106.83260166761606
JPO Tanpa Nama,-6.19932753944637,106.83269858274902
JPO Tanpa Nama,-6.31622275,106.82055435
JPO Tanpa Nama,-6.3161452,106.8206836
JPO Tanpa Nama,-6.316121599999999,106.82097229999998
JPO Tanpa Nama,-6.315608750000001,106.8214676
JPO Tanpa Nama,-6.1472773499999995,106.8582313
JPO Tanpa Nama,-6.14705295,106.85810169999998
JPO Tanpa Nama,-6.211657561199221,106.80473655124102
JPO Tanpa Nama,-6.21078785,106.80529390000001
JPO Tanpa Nama,-6.20027835,106.8325031
JPO Tanpa Nama,-6.200212718283102,106.83251035109481
JPO Tanpa Nama,-6.2106475,106.80493285
JPO Tanpa Nama,-6.2106288951183695,106.80489053497745
JPO Tanpa Nama,-6.199411605506229,106.8329103583632
JPO Tanpa Nama,-6.199337701750236,106.83237238315014
JPO Tanpa Nama,-6.1993886,106.8327594
JPO Tanpa Nama,-6.19935315,106.83251725000001
JPO Tanpa Nama,-6.1638416,106.8569752
JPO Tanpa Nama,-6.246274,106.87206915
JPO Tanpa Nama,-6.2461243500000005,106.87211590000001
JPO Tanpa Nama,-6.246137799999999,106.87165945
JPO Tanpa Nama,-6.2439614500000005,106.86882305000002
JPO Tanpa Nama,-6.24384895,106.868485
JPO Tanpa Nama,-6.2441634,106.8688118
JPO Tanpa Nama,-6.24228645,106.84995975
JPO Tanpa Nama,-6.107550197904989,106.89225014368729
JPO Tanpa Nama,-6.107557200567112,106.89247364492245
JPO Tanpa Nama,-6.107586924784095,106.89285928533272
JPO Tanpa Nama,-6.2421916,106.8522363
JPO Tanpa Nama,-6.242256084281868,106.85222820524281
JPO Tanpa Nama,-6.24403785,106.8665507
JPO Tanpa Nama,-6.2438069,106.866627
JPO Tanpa Nama,-6.3157280999999985,106.82162470000002
JPO Tanpa Nama,-6.2353476,106.86773840000001
JPO Tanpa Nama,-6.23524495,106.8680176
JPO Tanpa Nama,-6.235112877812121,106.86779566602539
JPO Tanpa Nama,-6.22989485,106.86707835
JPO Tanpa Nama,-6.229894,106.86736619999999
JPO Tanpa Nama,-6.211904199999999,106.80562774999999
JPO Tanpa Nama,-6.239924565243764,106.85224687700422
JPO Tanpa Nama,-6.239943750000001,106.8524385
JPO Tanpa Nama,-6.2399067163737705,106.8522197771351
JPO Tanpa Nama,-6.2399056048157835,106.85267270572645
JPO Tanpa Nama,-6.239331447202895,106.85270225529497
JPO Tanpa Nama,-6.238956465693343,106.85268273553058
JPO Tanpa Nama,-6.24180675,106.85334455
JPO Tanpa Nama,-6.2401546020098175,106.85292127257131
JPO Tanpa Nama,-6.241396114654403,106.85251975624071
JPO Tanpa Nama,-6.240296137954055,106.85232441455118
JPO Tanpa Nama,-6.23823475,106.85280635000001
JPO Tanpa Nama,-6.23816285,106.8526829
JPO Tanpa Nama,-6.237494864932153,106.85267113168828
JPO Tanpa Nama,-6.23841145,106.8525866
JPO Tanpa Nama,-6.2385354500000005,106.8526503
JPO Tanpa Nama,-6.238048921567319,106.85293323852973
JPO Tanpa Nama,-6.237807544177608,106.85282985392334
JPO Tanpa Nama,-6.237980780016098,106.85253268859857
JPO Tanpa Nama,-6.2389714414581565,106.85241293351908
JPO Tanpa Nama,-6.238693926013217,106.85230067142389
JPO Tanpa Nama,-6.238522,106.85251975
JPO Tanpa Nama,-6.238782932513562,106.85266437637488
JPO Tanpa Nama,-6.266280769475079,106.79721819915858
Jl. Nusantara Raya,-6.206330400000001,107.02255844999999
JPO Tanpa Nama,-6.238136972571909,106.85314919712542
JPO Tanpa Nama,-6.2374963999999995,106.8533133
JPO Tanpa Nama,-6.236861028735572,106.85273760320096
JPO Tanpa Nama,-6.236634686848515,106.8529520500428
JPO Tanpa Nama,-6.2368919,106.8531497
JPO Tanpa Nama,-6.23692715,106.85326864999999
JPO Tanpa Nama,-6.237238439734756,106.85319649007666
JPO Tanpa Nama,-6.1579125,106.8513263
JPO Tanpa Nama,-6.155902184888687,106.843630441639
JPO Tanpa Nama,-6.155735460314273,106.8438972323952
JPO Tanpa Nama,-6.155902327185494,106.84395107920554
JPO Tanpa Nama,-6.2385575499999995,106.8526352
JPO Tanpa Nama,-6.238589978545891,106.852622285549
JPO Tanpa Nama,-6.239159810383079,106.8529406493757
JPO Tanpa Nama,-6.1473045,106.85823395
JPO Tanpa Nama,-6.3116977,106.8201689
JPO Tanpa Nama,-6.3116123,106.82017960000002
JPO Tanpa Nama,-6.3114144,106.82001410000001
JPO Tanpa Nama,-6.3114091,106.81992765
JPO Tanpa Nama,-6.31166175,106.81973675
JPO Tanpa Nama,-6.311575749999999,106.81974069999998
JPO Tanpa Nama,-6.311849,106.81997960000001
JPO Tanpa Nama,-6.3118409999999985,106.81989329999999
JPO Tanpa Nama,-6.311663650000001,106.82032029999999
JPO Tanpa Nama,-6.3119926,106.8199162
JPO Tanpa Nama,-6.3116100500000005,106.81958405
JPO Tanpa Nama,-6.3112619500000005,106.8199849
JPO Tanpa Nama,-6.311628352799708,106.81996025845979
JPO Tanpa Nama,-6.311629092012081,106.81995421124782
JPO Tanpa Nama,-6.2414004949296,106.85251235295517
JPO Tanpa Nama,-6.148933777650893,106.85855087161126
JPO Tanpa Nama,-6.148641351637303,106.85856265727445
JPO Tanpa Nama,-6.148716026490542,106.85826837504683
JPO Tanpa Nama,-6.3061112,106.8181211
JPO Tanpa Nama,-6.30617615,106.8185451
JPO Tanpa Nama,-6.305359796214563,106.818378843205
JPO Tanpa Nama,-6.305558119814126,106.81819315244465
JPO Tanpa Nama,-6.2433768,106.86309505
JPO Tanpa Nama,-6.2428152,106.86309729999999
JPO Tanpa Nama,-6.2255346,106.86691344999998
JPO Tanpa Nama,-6.2254881,106.8670695
JPO Tanpa Nama,-6.1667099,106.83317335
JPO Tanpa Nama,-6.17233235,106.8307811
JPO Tanpa Nama,-6.17170235,106.83226725
JPO Tanpa Nama,-6.171667599999999,106.83224849999999
JPO Tanpa Nama,-6.171184883587164,106.8322998011081
JPO Tanpa Nama,-6.1743916500000005,106.83050795
JPO Tanpa Nama,-6.174420100000001,106.8303275
JPO Tanpa Nama,-6.167649820758105,106.82063584612064
JPO Tanpa Nama,-6.22193565,106.8682077
JPO Tanpa Nama,-6.22192995,106.86794405
JPO Tanpa Nama,-6.171031848501835,106.8108181195987
JPO Tanpa Nama,-6.170928139313155,106.81081279355247
JPO Tanpa Nama,-6.171135211359145,106.81082913335153
JPO Tanpa Nama,-6.1710998267175645,106.81114166623779
JPO Tanpa Nama,-6.171123549999999,106.8109899
JPO Tanpa Nama,-6.17111045,106.8111116
JPO Tanpa Nama,-6.1711371,106.81086425
JPO Tanpa Nama,-6.1709093,106.8109747
JPO Tanpa Nama,-6.170900642967313,106.81112092429422
JPO Tanpa Nama,-6.170918699999999,106.81085010000001
JPO Tanpa Nama,-6.17090045,106.81109204999998
JPO Tanpa Nama,-6.170249938383757,106.81476467269543
JPO Tanpa Nama,-6.170443505158332,106.81480380411212
JPO Tanpa Nama,-6.170338359369066,106.81482631816763
JPO Tanpa Nama,-6.226236449999999,106.873784
JPO Tanpa Nama,-6.22185575,106.8680809
JPO Tanpa Nama,-6.239261750000002,106.8781228
JPO Tanpa Nama,-6.224759554390151,106.8664967988204
JPO Tanpa Nama,-6.169984145480512,106.8326482499289
JPO Tanpa Nama,-6.1696902990702895,106.83249032706846
JPO Tanpa Nama,-6.17005868389326,106.8325009268201
JPO Tanpa Nama,-6.169757331366909,106.83235805511008
JPO Tanpa Nama,-6.1700537,106.83258925
JPO Tanpa Nama,-6.1704004999999995,106.8327645
JPO Tanpa Nama,-6.1700456500000005,106.8323608
JPO Tanpa Nama,-6.170221810001678,106.8328158989949
JPO Tanpa Nama,-6.17028495,106.8327971
JPO Tanpa Nama,-6.1703478,106.83265130000001
JPO Tanpa Nama,-6.170369989395266,106.83259113921584
JPO Tanpa Nama,-6.17104155,106.83196465
JPO Tanpa Nama,-6.155726400000001,106.86385245
JPO Tanpa Nama,-6.155715000000001,106.86383135
JPO Tanpa Nama,-6.22511805,106.84186935
JPO Tanpa Nama,-6.1563132,106.86490559999999
JPO Tanpa Nama,-6.1563301,106.8649377
JPO Tanpa Nama,-6.223823450000001,106.83307774999999
JPO Tanpa Nama,-6.125553215046061,106.83445858936923
JPO Tanpa Nama,-6.15723685,106.86658514999999
JPO Tanpa Nama,-6.1572432500000005,106.86659689999999
JPO Tanpa Nama,-6.226644093852164,106.79773969710358
JPO Tanpa Nama,-6.1467392,106.87773035000001
JPO Tanpa Nama,-6.14664775,106.8765154
JPO Tanpa Nama,-6.145791369951687,106.87638320311666
JPO Tanpa Nama,-6.145755803791392,106.87617943137808
JPO Tanpa Nama,-6.1246483000000005,106.83197265000001
JPO Tanpa Nama,-6.124756033038217,106.83203244224882
JPO Tanpa Nama,-6.1233048,106.83398869999999
JPO Tanpa Nama,-6.123334517035066,106.83396827889118
JPO Tanpa Nama,-6.1232341160592645,106.83402930933069
JPO Tanpa Nama,-6.12327155,106.83401365
JPO Tanpa Nama,-6.125365100000001,106.83345475
JPO Tanpa Nama,-6.30614205,106.6424724
JPO Tanpa Nama,-6.3059963,106.6423063
JPO Tanpa Nama,-6.306270162342461,106.64251718436526
JPO Tanpa Nama,-6.304659127645625,106.69316323931542
JPO Tanpa Nama,-6.15010635,106.85272185
JPO Tanpa Nama,-6.239549659179995,106.8527484933917
JPO Tanpa Nama,-6.307790192430803,106.65708459730214
JPO Tanpa Nama,-6.2251061,106.86312415000002
JPO Tanpa Nama,-6.22528065,106.86313655000001
JPO Tanpa Nama,-6.13755355,106.87233419999998
JPO Tanpa Nama,-6.137552749999999,106.87224100000002
JPO Tanpa Nama,-6.1375519,106.8721477
JPO Tanpa Nama,-6.24292025,106.8547313
JPO Tanpa Nama,-6.243471850000001,106.8547279
JPO Tanpa Nama,-6.13941475,106.86754680000001
JPO Tanpa Nama,-6.1394851886051836,106.86729675571927
JPO Tanpa Nama,-6.13956155,106.8670698
JPO Tanpa Nama,-6.139453550000001,106.8676502
JPO Tanpa Nama,-6.13944505,106.86769835
JPO Tanpa Nama,-6.138102999999999,106.87208910000001
JPO Tanpa Nama,-6.1381118,106.8721644
JPO Tanpa Nama,-6.13809505,106.8720215
JPO Tanpa Nama,-6.1395395583235475,106.87058804864793
JPO Tanpa Nama,-6.1396206499999995,106.87062865
JPO Tanpa Nama,-6.139571148656454,106.87062020795382
JPO Tanpa Nama,-6.139565500000001,106.87096455
JPO Tanpa Nama,-6.1395094033201865,106.87095488056441
JPO Tanpa Nama,-6.1395087,106.8712836
JPO Tanpa Nama,-6.1394499,106.8712751
JPO Tanpa Nama,-6.2313264,106.8764833
JPO Tanpa Nama,-6.23157105,106.87586799999998
JPO Tanpa Nama,-6.2246875500000005,106.87241549999999
JPO Tanpa Nama,-6.224829599999999,106.87238345000002
JPO Tanpa Nama,-6.141515184930111,106.87092789740534
JPO Tanpa Nama,-6.174489430114883,106.82417236371427
JPO Tanpa Nama,-6.2206693278298015,106.86814504998306
JPO Tanpa Nama,-6.218734367607619,106.86765158034855
JPO Tanpa Nama,-6.224591950000001,106.81005590000001
JPO Tanpa Nama,-6.224587583502667,106.81002674724236
JPO Tanpa Nama,-6.2246427445870625,106.81004111148984
JPO Tanpa Nama,-6.224741048446502,106.81019071911844
JPO Tanpa Nama,-6.224645799999999,106.80953845
JPO Tanpa Nama,-6.2246448,106.80962935
JPO Tanpa Nama,-6.224615430860926,106.80961410214528
JPO Tanpa Nama,-6.224595763588456,106.80954492518974
JPO Tanpa Nama,-6.2247967386102445,106.80956722459261
JPO Tanpa Nama,-6.2249367,106.8096047
JPO Tanpa Nama,-6.2249432450783795,106.81024015141475
JPO Tanpa Nama,-6.2249724,106.8100989
JPO Tanpa Nama,-6.224892349999999,106.81009685000002
JPO Tanpa Nama,-6.22504075,106.81014529999999
JPO Tanpa Nama,-6.22493472490714,106.81014264875813
JPO Tanpa Nama,-6.22521585,106.809857
JPO Tanpa Nama,-6.22464005,106.80985175
JPO Tanpa Nama,-6.224914586725296,106.8099847478102
JPO Tanpa Nama,-6.225124198858392,106.80985503712856
JPO Tanpa Nama,-6.224915688403188,106.80971998362324
JPO Tanpa Nama,-6.298981749999999,106.88486245
JPO Tanpa Nama,-6.301069057335041,106.88640891014363
JPO Tanpa Nama,-6.300954083299939,106.88656879930879
JPO Tanpa Nama,-6.301008630160075,106.88623795598069
JPO Tanpa Nama,-6.301090043342328,106.886127240311
JPO Tanpa Nama,-6.300369786691917,106.88638517781615
JPO Tanpa Nama,-6.3010099498223955,106.88544495693603
JPO Tanpa Nama,-6.3004484000000005,106.8857059
JPO Tanpa Nama,-6.300500007608067,106.88579833438439
JPO Tanpa Nama,-6.300465965377012,106.8877956558533
JPO Tanpa Nama,-6.30099081166667,106.88766707189492
JPO Tanpa Nama,-6.300892292249776,106.88669551606662
JPO Tanpa Nama,-6.300358895806805,106.8879193298034
JPO Tanpa Nama,-6.300010888761403,106.88757036959265
JPO Tanpa Nama,-6.300359866910489,106.88669725477942
JPO Tanpa Nama,-6.300017808129931,106.88703249900999
JPO Tanpa Nama,-6.301227989375152,106.8870263343881
JPO Tanpa Nama,-6.30123235,106.88752819999998
JPO Tanpa Nama,-6.299961223351688,106.88730361487423
JPO Tanpa Nama,-6.301133085538529,106.88744978634674
JPO Tanpa Nama,-6.30024683637097,106.88767198305057
JPO Tanpa Nama,-6.300881162766995,106.8879020097133
JPO Tanpa Nama,-6.30119925,106.88763575000002
JPO Tanpa Nama,-6.301084263098742,106.88683122647593
JPO Tanpa Nama,-6.30016184741333,106.88683820811082
JPO Tanpa Nama,-6.301079871046079,106.8877607291534
JPO Tanpa Nama,-6.300157487263827,106.8877631130409
JPO Tanpa Nama,-6.300619118015316,106.88841485052866
JPO Tanpa Nama,-6.178903299839848,106.82750356195632
JPO Tanpa Nama,-6.1788895190516895,106.82672384819274
JPO Tanpa Nama,-6.22006035,106.87397605000001
JPO Tanpa Nama,-6.220253850000001,106.8748154
JPO Tanpa Nama,-6.21505245,106.87348915
JPO Tanpa Nama,-6.21528975,106.87349660000001
JPO Tanpa Nama,-6.228545150000001,106.86027790000001
JPO Tanpa Nama,-6.229000499999999,106.86034495
JPO Tanpa Nama,-6.22942425,106.86041374999999
JPO Tanpa Nama,-6.22865325,106.86157045
JPO Tanpa Nama,-6.22757345,106.86013025
JPO Tanpa Nama,-6.300524949999999,106.89119735
JPO Tanpa Nama,-6.26169105,106.81242610000001
JPO Tanpa Nama,-6.1943384,106.8217793
JPO Tanpa Nama,-6.194235257016722,106.82178768830524
JPO Tanpa Nama,-6.194313248372498,106.82178107715245
JPO Tanpa Nama,-6.2639223067370216,107.02178546371637
JPO Tanpa Nama,-6.2639265,107.0217004
JPO Tanpa Nama,-6.26398315,107.02185779999999
JPO Tanpa Nama,-6.26378095,107.02142045
JPO Tanpa Nama,-6.2640592,107.0222067
JPO Tanpa Nama,-6.254606750000001,106.96293735
Jalur KA Manggarai-Jatinegara,-6.208504787234413,106.84872265748483
Jalur KA Manggarai-Jatinegara,-6.208347511971737,106.848710559466
JPO Tanpa Nama,-6.1415218,106.88700754999999
JPO Tanpa Nama,-6.2435662,107.01374665
JPO Tanpa Nama,-6.2423886,107.01444609999999
JPO Tanpa Nama,-6.242356300000001,107.01436075000001
JPO Tanpa Nama,-6.244154950000001,107.01342975
JPO Tanpa Nama,-6.14273135,106.89071925
JPO Tanpa Nama,-6.215202499309834,106.87309435602887
JPO Tanpa Nama,-6.215211000956627,106.8728717810909
JPO Tanpa Nama,-6.21826345,106.87363055
JPO Tanpa Nama,-6.24694085,107.01793895000002
JPO Tanpa Nama,-6.247111000000001,107.01837115000001
JPO Tanpa Nama,-6.246867549999999,107.01818165
JPO Tanpa Nama,-6.2468149,107.01845829999999
JPO Tanpa Nama,-6.223516744862874,106.82308571960807
JPO Tanpa Nama,-6.30292365,106.64476375000001
JPO Tanpa Nama,-6.30289005,106.64475715
JPO Tanpa Nama,-6.3032238000000005,106.64613235000002
JPO Tanpa Nama,-6.303193050000001,106.64614474999999
JPO Tanpa Nama,-6.1464757,106.87126340000002
JPO Tanpa Nama,-6.30526145,106.88990185
JPO Tanpa Nama,-6.305022750000001,106.88989895
JPO Tanpa Nama,-6.3028308,106.8890636
JPO Tanpa Nama,-6.303344837758675,106.88898388786852
JPO Tanpa Nama,-6.30258095,106.8882103
JPO Tanpa Nama,-6.30284275,106.8855047
JPO Tanpa Nama,-6.2121107,106.8056434
JPO Tanpa Nama,-6.212045491314579,106.80562831919617
JPO Tanpa Nama,-6.2121339,106.80562950000001
JPO Tanpa Nama,-6.193074816675278,106.822836950391
JPO Tanpa Nama,-6.215661750000001,106.8661329
JPO Tanpa Nama,-6.2153979,106.86640265
JPO Tanpa Nama,-6.215875849999999,106.86641025
JPO Tanpa Nama,-6.2155506,106.86952185
JPO Tanpa Nama,-6.1926521999999995,106.82269155
JPO Tanpa Nama,-6.192653594757555,106.8227649001101
JPO Tanpa Nama,-6.1926542,106.8227969
JPO Tanpa Nama,-6.243490838550483,106.85543955650377
JPO Tanpa Nama,-6.243500056898724,106.8562921309906
JPO Tanpa Nama,-6.2421379,106.8381439
JPO Tanpa Nama,-6.242141601565264,106.83801663057321
JPO Tanpa Nama,-6.242196697024084,106.83805133730891
JPO Tanpa Nama,-6.32724745,106.68456040000001
JPO Tanpa Nama,-6.208735100000001,106.82988395000001
JPO Tanpa Nama,-6.2087202,106.8298876
JPO Tanpa Nama,-6.204834600000001,106.82496695
JPO Tanpa Nama,-6.20482425,106.82499285
JPO Tanpa Nama,-6.2048492,106.8250506
JPO Tanpa Nama,-6.256088410218136,107.01076021160709
JPO Tanpa Nama,-6.256588949999999,107.01002865000001
JPO Tanpa Nama,-6.2535155499999995,107.01024765
JPO Tanpa Nama,-6.2547998499999995,107.01038894999999
JPO Tanpa Nama,-6.2251344,106.858469
JPO Tanpa Nama,-6.2251344,106.8584092
JPO Tanpa Nama,-6.228178,106.8331617
JPO Tanpa Nama,-6.2367740000000005,106.8276283
JPO Tanpa Nama,-6.2391401,106.83047975
JPO Tanpa Nama,-6.2386758,106.8307691
JPO Tanpa Nama,-6.241277150000001,106.83524539999999
JPO Tanpa Nama,-6.24098545,106.83530879999999
JPO Tanpa Nama,-6.2413307,106.83769910000001
JPO Tanpa Nama,-6.22089245,106.86060280000001
JPO Tanpa Nama,-6.221341949999999,106.8604611
JPO Tanpa Nama,-6.24343965,106.8471654
JPO Tanpa Nama,-6.24369395,106.8471745
JPO Tanpa Nama,-6.221549700000001,106.860056
JPO Tanpa Nama,-6.30252985788597,106.89445894908387
JPO Tanpa Nama,-6.302644801202413,106.89454388367297
JPO Tanpa Nama,-6.302860250001107,106.89463484992613
JPO Tanpa Nama,-6.16785645,106.83039855
JPO Tanpa Nama,-6.204881849999999,106.82541475
JPO Tanpa Nama,-6.364929249999999,106.60909315
JPO Tanpa Nama,-6.36643595,106.60685285
JPO Tanpa Nama,-6.376786,106.6115531
Kampung Bojong Keong,-6.3834909,106.6176499
JPO Tanpa Nama,-6.33897305,106.64702270000001
JPO Tanpa Nama,-6.339376521755167,106.64668014825497
JPO Tanpa Nama,-6.1421939000000005,106.88524534999999
JPO Tanpa Nama,-6.217482073896732,106.86408139686009
JPO Tanpa Nama,-6.1431464,106.8823182
JPO Tanpa Nama,-6.14337585,106.8809838
JPO Tanpa Nama,-6.216810349999999,106.86207125
JPO Tanpa Nama,-6.1425748,106.8905621
JPO Tanpa Nama,-6.194385357946791,106.81911903172444
JPO Tanpa Nama,-6.24742525,106.87458674999999
JPO Tanpa Nama,-6.24716435,106.87529289999999
JPO Tanpa Nama,-6.12155199708611,106.83429207924625
JPO Tanpa Nama,-6.122031704039263,106.83495830499075
JPO Tanpa Nama,-6.214993699999999,106.86491905
JPO Tanpa Nama,-6.2148764,106.86497299999999
JPO Tanpa Nama,-6.2127339,106.861267
JPO Tanpa Nama,-6.214090199999999,106.8628467
JPO Tanpa Nama,-6.2139425500000005,106.86290579999998
Jalan Tol Lingkar Wiyoto Wiyono,-6.1503565,106.8887323
Jalan Tol Lingkar Wiyoto Wiyono,-6.151020930846698,106.88839858669046
Jalan Tol Lingkar Wiyoto Wiyono,-6.150134250000001,106.8887124
Jalan Tol Lingkar Wiyoto Wiyono,-6.1475709770767795,106.88963216049807
JPO Tanpa Nama,-6.14996475,106.8888496
JPO Tanpa Nama,-6.15031195,106.8888173
JPO Tanpa Nama,-6.150360750000001,106.8887417
JPO Tanpa Nama,-6.1503315,106.88868525
JPO Tanpa Nama,-6.150253149999999,106.8887205
JPO Tanpa Nama,-6.1501652,106.8887596
JPO Tanpa Nama,-6.1501339,106.888773
Jalan Yos Sudarso,-6.1492617,106.88889194999999
Jalan Yos Sudarso,-6.15006455,106.8885391
JPO Tanpa Nama,-6.1501097,106.8886677
JPO Tanpa Nama,-6.150058550000001,106.88853775
JPO Tanpa Nama,-6.1501397,106.88846185
JPO Tanpa Nama,-6.15008155,106.88848965
JPO Tanpa Nama,-6.1501409,106.88840955
JPO Tanpa Nama,-6.15020885,106.88833865000001
Jalan Yos Sudarso,-6.15116665,106.8879738
JPO Tanpa Nama,-6.194462504367566,106.82097811184728
JPO Tanpa Nama,-6.13528275,106.88677934999998
JPO Tanpa Nama,-6.2246103,106.8769983
JPO Tanpa Nama,-6.2247543499999995,106.8769833
JPO Tanpa Nama,-6.196172649999999,106.82256860000001
JPO Tanpa Nama,-6.196196859417497,106.8226780341935
JPO Tanpa Nama,-6.196202128416531,106.8223816187029
JPO Tanpa Nama,-6.197406786318857,106.82285440532334
JPO Tanpa Nama,-6.304421457623236,106.89936614585565
JPO Tanpa Nama,-6.303916385757191,106.89760543355183
Jembatan Penyeberangan Orang Stasiun Jatinegara,-6.2148567,106.8721601
Jembatan Penyeberangan Orang Stasiun Jatinegara,-6.2151121,106.87216345000002
JPO Tanpa Nama,-6.126563,106.88185835
JPO Tanpa Nama,-6.1951037499999995,106.82062214999999
JPO Tanpa Nama,-6.194421950000001,106.8197887
JPO Tanpa Nama,-6.19450001915166,106.82030620029815
JPO Tanpa Nama,-6.19436497848206,106.81915346415883
JPO Tanpa Nama,-6.194350442529119,106.81929439670864
JPO Tanpa Nama,-6.1943679,106.81907345
JPO Tanpa Nama,-6.194699771389336,106.82058130093343
JPO Tanpa Nama,-6.19435395,106.81904435000001
JPO Tanpa Nama,-6.19433335,106.81900885000002
JPO Tanpa Nama,-6.194262431804115,106.81864530305829
JPO Tanpa Nama,-6.19503645,106.82091045
JPO Tanpa Nama,-6.19433435,106.82111739999999
JPO Tanpa Nama,-6.19740535,106.82291795
JPO Tanpa Nama,-6.125807699999999,106.87807655
JPO Tanpa Nama,-6.1259897500000005,106.87914649999999
JPO Tanpa Nama,-6.20842965,106.86983754999999
Jalan Salam 12,-6.207217249999999,106.86563000000001
JPO Tanpa Nama,-6.20439945,106.87343125000001
JPO Tanpa Nama,-6.20555665,106.87362715
JPO Tanpa Nama,-6.2055183,106.87399855000001
JPO Tanpa Nama,-6.301643,106.8914499
JPO Tanpa Nama,-6.301506341938736,106.89144683463523
JPO Tanpa Nama,-6.3013335454714525,106.89196195717108
JPO Tanpa Nama,-6.3033477675496865,106.89750896526424
JPO Tanpa Nama,-6.303353069910136,106.89739862629771
JPO Tanpa Nama,-6.303002341064024,106.89757197914321
JPO Tanpa Nama,-6.303007371371068,106.8974555821966
JPO Tanpa Nama,-6.30268475,106.8975016
JPO Tanpa Nama,-6.3004621,106.90005085
JPO Tanpa Nama,-6.300591962273389,106.90005362264027
JPO Tanpa Nama,-6.300245115431827,106.8961093308442
JPO Tanpa Nama,-6.300298446989173,106.89595990603968
JPO Tanpa Nama,-6.299931450000001,106.8936485
JPO Tanpa Nama,-6.300484300000001,106.8940709
JPO Tanpa Nama,-6.300331149689362,106.89373318334573
JPO Tanpa Nama,-6.30088519786244,106.89250691672483
JPO Tanpa Nama,-6.305480913433295,106.89398526389851
JPO Tanpa Nama,-6.304824109086358,106.89958200895298
JPO Tanpa Nama,-6.3050409,106.89942429999999
JPO Tanpa Nama,-6.304900249999999,106.89937335
JPO Tanpa Nama,-6.304963909361155,106.89924910909946
JPO Tanpa Nama,-6.304956390123994,106.89949668273545
JPO Tanpa Nama,-6.30507665,106.89938745
JPO Tanpa Nama,-6.305105850000001,106.89944075
JPO Tanpa Nama,-6.3050753,106.899405
JPO Tanpa Nama,-6.3051872499999995,106.89927829999999
JPO Tanpa Nama,-6.30517435,106.8992318
JPO Tanpa Nama,-6.305054654332669,106.89931427566138
JPO Tanpa Nama,-6.305233598375633,106.89923249311839
JPO Tanpa Nama,-6.30527835,106.89927614999999
JPO Tanpa Nama,-6.305322500000001,106.89931920000002
JPO Tanpa Nama,-6.3053217,106.89914695
JPO Tanpa Nama,-6.3053969,106.89907345
JPO Tanpa Nama,-6.305452600000001,106.89902175000002
JPO Tanpa Nama,-6.305515848499499,106.8989557535259
JPO Tanpa Nama,-6.305411771567589,106.89889147903843
JPO Tanpa Nama,-6.305596850000001,106.89887435
JPO Tanpa Nama,-6.30556015,106.89891420000001
JPO Tanpa Nama,-6.30545715,106.8989638
JPO Tanpa Nama,-6.305468,106.89891789999999
JPO Tanpa Nama,-6.30554525,106.89884395000001
JPO Tanpa Nama,-6.305403328677558,106.89913466760014
JPO Tanpa Nama,-6.305287149999999,106.89873800000001
JPO Tanpa Nama,-6.305239321631899,106.8986879971578
JPO Tanpa Nama,-6.3051846000000005,106.89863815000001
JPO Tanpa Nama,-6.305159449999999,106.89876834999998
JPO Tanpa Nama,-6.30514025,106.89858795
JPO Tanpa Nama,-6.3013932161535715,106.89689135861188
JPO Tanpa Nama,-6.302209614072608,106.8954969749449
JPO Tanpa Nama,-6.301577467635273,106.89404247402432
JPO Tanpa Nama,-6.301859605511947,106.89458774125472
JPO Tanpa Nama,-6.301271434178186,106.89418672501384
JPO Tanpa Nama,-6.30024581417171,106.89470777265778
JPO Tanpa Nama,-6.30031005,106.89445405
JPO Tanpa Nama,-6.300389175927603,106.89421464024944
JPO Tanpa Nama,-6.211309096949301,106.95334329847054
JPO Tanpa Nama,-6.17598135,106.79111590000001
JPO Tanpa Nama,-6.3073937,106.83893575000002
JPO Tanpa Nama,-6.307299782087245,106.83888689449417
JPO Tanpa Nama,-6.307297650000001,106.83898865
JPO Tanpa Nama,-6.307451000178143,106.83883010457107
JPO Tanpa Nama,-6.30729615,106.83908029999999
JPO Tanpa Nama,-6.307410301450209,106.83915210855297
JPO Tanpa Nama,-6.3070614,106.83954255
JPO Tanpa Nama,-6.3069349537689305,106.83960782596385
JPO Tanpa Nama,-6.300497699999999,106.8944676
JPO Tanpa Nama,-6.301340107826687,106.8996590309042
JPO Tanpa Nama,-6.301686983576658,106.89937019366292
JPO Tanpa Nama,-6.302607391998075,106.89418635854797
JPO Tanpa Nama,-6.3020753,106.89464480000001
JPO Tanpa Nama,-6.302254189708636,106.89431560511039
JPO Tanpa Nama,-6.31951225,106.8613543
JPO Tanpa Nama,-6.3195615727864665,106.86119236782902
JPO Tanpa Nama,-6.319773046448553,106.86201615892284
JPO Tanpa Nama,-6.300014597633853,106.69171500186182
JPO Tanpa Nama,-6.299806038693651,106.69177002213904
JPO Tanpa Nama,-6.299599590088983,106.69182602881055
JPO Tanpa Nama,-6.30000295,106.69153105000001
JPO Tanpa Nama,-6.299587497079296,106.69159334476878
JPO Tanpa Nama,-6.3010461572335075,106.69376503594788
JPO Tanpa Nama,-6.3006426444271435,106.69351919927158
JPO Tanpa Nama,-6.301902543411129,106.69264745765248
JPO Tanpa Nama,-6.301949191386134,106.69269000921543
JPO Tanpa Nama,-6.301912807811641,106.69274644436345
JPO Tanpa Nama,-6.302895637684527,106.69218794256807
JPO Tanpa Nama,-6.2979873597593325,106.69282892727635
JPO Tanpa Nama,-6.303125602628668,106.8146753434983
JPO Tanpa Nama,-6.11668105,106.93570679999999
JPO Tanpa Nama,-6.247875349999999,106.90763290000001
JPO Tanpa Nama,-6.2478336500000005,106.90760085
JPO Tanpa Nama,-6.247961800000001,106.9074643
JPO Tanpa Nama,-6.247917122012055,106.90754911349707
JPO Tanpa Nama,-6.2463074,106.9064869
JPO Tanpa Nama,-6.24622123618814,106.90631827282354
Jalan Tol Bekasi–Cawang–Kampung Melayu,-6.243828354755769,106.89915947438216
Jalan Tol Bekasi–Cawang–Kampung Melayu,-6.240542667852101,106.89388625145573
JPO Tanpa Nama,-6.246505600000002,106.90722625000001
JPO Tanpa Nama,-6.246331255356308,106.90700302801835
JPO Tanpa Nama,-6.246360834770263,106.9071795638646
JPO Tanpa Nama,-6.38715185,106.72471375
JPO Tanpa Nama,-6.245960500000001,106.8884906
JPO Tanpa Nama,-6.24559625,106.88827220000002
JPO Tanpa Nama,-6.24520255,106.86816765
JPO Tanpa Nama,-6.245139549999999,106.86803105
JPO Tanpa Nama,-6.2046287,106.86410275
JPO Tanpa Nama,-6.1245075,106.8725965
Jalan Sawo Kecik VII,-6.22225295,106.85685620000001
JPO Tanpa Nama,-6.1364402,106.9678046
JPO Tanpa Nama,-6.16177175,106.7461017
JPO Tanpa Nama,-6.32216845,106.85008260000001
JPO Tanpa Nama,-6.32198775,106.85028890000001
JPO Tanpa Nama,-6.125365547209046,106.83228062152885
Gang Moncokerto I,-6.20491445,106.86581609999999
JPO Tanpa Nama,-6.205025864821782,106.86121960330834
JPO Tanpa Nama,-6.12023475,106.87247955
JPO Tanpa Nama,-6.208622500000001,106.85954459999999
JPO Tanpa Nama,-6.208762999999999,106.85918620000001
Jalan Sengon VI,-6.205106600000001,106.8647631
JPO Tanpa Nama,-6.20192715,106.86839375
JPO Tanpa Nama,-6.32672855,106.68028570000001
JPO Tanpa Nama,-6.3290937,106.6822176
JPO Tanpa Nama,-6.3315321105226054,106.68442302885101
JPO Tanpa Nama,-6.331552790746203,106.68453494753992
JPO Tanpa Nama,-6.200745749999999,106.8713189
JPO Tanpa Nama,-6.19936935,106.8625461
Jalan Kemuning Raya,-6.200469,106.86304145
JPO Tanpa Nama,-6.20106625,106.86298355
JPO Tanpa Nama,-6.201126799999999,106.86299205
JPO Tanpa Nama,-6.25681155,106.96154075
JPO Tanpa Nama,-6.2566347,106.9617272
JPO Tanpa Nama,-6.256930952604677,106.96169394601924
Jalan Kelapa Hijau,-6.2013245,106.86719635
Jalan Kelapa Hijau,-6.2013866586280715,106.8655620559696
Jalan Warakas Gang 8,-6.1255889,106.8794872
JPO Tanpa Nama,-6.3095976500000015,106.88390979999998
JPO Tanpa Nama,-6.309545553332295,106.88424551820246
JPO Tanpa Nama,-6.3097066,106.883811
JPO Tanpa Nama,-6.309713650000001,106.88372220000001
Jalan Kelapa Merah,-6.2012737470558505,106.86778564635966
Gang G,-6.1809756,106.84879425
JPO Tanpa Nama,-6.18082635,106.8481241
JPO Tanpa Nama,-6.3101729,106.88241165
JPO Tanpa Nama,-6.2955085,106.66666525
JPO Tanpa Nama,-6.295294144072977,106.66659918341921
JPO Tanpa Nama,-6.295278048446084,106.66627771359624
JPO Tanpa Nama,-6.29547405,106.66674895
JPO Tanpa Nama,-6.2027629,106.8572367
JPO Tanpa Nama,-6.202947449999999,106.8568682
JPO Tanpa Nama,-6.20543555,106.8580724
JPO Tanpa Nama,-6.205353499999999,106.85827215
JPO Tanpa Nama,-6.20715805,106.8587601
JPO Tanpa Nama,-6.207079950000001,106.8589437
JPO Tanpa Nama,-6.1999672,106.85468399999998
JPO Tanpa Nama,-6.200252900000001,106.85439215
JPO Tanpa Nama,-6.19930695,106.85415180000001
JPO Tanpa Nama,-6.1995957,106.85405639999999
JPO Tanpa Nama,-6.121463,106.8820747
JPO Tanpa Nama,-6.12170255,106.88214915
JPO Tanpa Nama,-6.12133525,106.68974355
JPO Tanpa Nama,-6.2247794,106.86637859999999
Jembatan Penyeberangan Orang Pasar Pramuka,-6.19670495,106.85719180000001
Jembatan Penyeberangan Orang Pasar Pramuka,-6.1970333,106.8574193
JPO Tanpa Nama,-6.19805675,106.8615313
JPO Tanpa Nama,-6.196061350000001,106.86126795
JPO Tanpa Nama,-6.19435545,106.86069185
JPO Tanpa Nama,-6.1946513,106.8608907
JPO Tanpa Nama,-6.187866749999999,106.82314765000001
JPO Tanpa Nama,-6.1878159,106.8232367
JPO Tanpa Nama,-6.187135400114293,106.82368242706389
JPO Tanpa Nama,-6.187220748946056,106.82361721112817
JPO Tanpa Nama,-6.1882798,106.8234257
JPO Tanpa Nama,-6.18835536216926,106.82342754976713
JPO Tanpa Nama,-6.18820424257249,106.82342613713793
JPO Tanpa Nama,-6.18827550055782,106.82360116891094
JPO Tanpa Nama,-6.18825069221454,106.82356569361383
JPO Tanpa Nama,-6.188200950000001,106.82357475
JPO Tanpa Nama,-6.188179329080734,106.82328553187588
JPO Tanpa Nama,-6.188033043676804,106.82337723345819
JPO Tanpa Nama,-6.1879406846384954,106.82331429841452
JPO Tanpa Nama,-6.1879389919753045,106.82320384948522
JPO Tanpa Nama,-6.1884123567375955,106.82322358155024
JPO Tanpa Nama,-6.18830365,106.8232603
JPO Tanpa Nama,-6.188072249999999,106.82329469999999
JPO Tanpa Nama,-6.187979880258303,106.8233195802583
JPO Tanpa Nama,-6.187495475836373,106.82337024202965
JPO Tanpa Nama,-6.18793835911116,106.82374657605868
JPO Tanpa Nama,-6.1884373,106.825001
JPO Tanpa Nama,-6.1871603,106.82332360000001
JPO Tanpa Nama,-6.18308235,106.85070075
JPO Tanpa Nama,-6.1831225,106.8502027
JPO Tanpa Nama,-6.1831227,106.85012655
JPO Tanpa Nama,-6.1831695,106.84978275
Jalan Pulo Gundul II,-6.18084475,106.8476312
Jalan Kramat Pulo Gundul IV,-6.18120055,106.8508946
JPO Tanpa Nama,-6.14135205,106.86641054999998
JPO Tanpa Nama,-6.14129825,106.86669425
JPO Tanpa Nama,-6.141213199999999,106.86714304999998
JPO Tanpa Nama,-6.1137600999999995,106.89327525
JPO Tanpa Nama,-6.11376455,106.89300935
JPO Tanpa Nama,-6.28847425,106.72985510000001
JPO Tanpa Nama,-6.28810995,106.72964640000001
JPO Tanpa Nama,-6.28796865,106.72937235
JPO Tanpa Nama,-6.3755032,106.6980717
JPO Tanpa Nama,-6.374965400000001,106.69769855
Jalan Batas Tangerang/Bogor–Parung,-6.38020025,106.6904191
JPO Tanpa Nama,-6.3814221,106.6922685
JPO Tanpa Nama,-6.3880326499999995,106.6958901
JPO Tanpa Nama,-6.3896877,106.69602885
JPO Tanpa Nama,-6.3789017,106.68857009999999
JPO Tanpa Nama,-6.37823535,106.6875525
JPO Tanpa Nama,-6.287897355254347,106.909451293395
JPO Tanpa Nama,-6.2878212,106.90989635
JPO Tanpa Nama,-6.21694505,106.7963495
JPO Tanpa Nama,-6.193702600000001,106.86927435
JPO Tanpa Nama,-6.171106149999999,106.8657657
JPO Tanpa Nama,-6.236820004721651,106.6055734021986
JPO Tanpa Nama,-6.236478079536042,106.60597979317572
JPO Tanpa Nama,-6.236811449999999,106.6061213
JPO Tanpa Nama,-6.236158000338572,106.60580699845949
JPO Tanpa Nama,-6.23631125,106.60551520000001
JPO Tanpa Nama,-6.236228636071459,106.60612859237872
JPO Tanpa Nama,-6.2366322499999995,106.60589495
JPO Tanpa Nama,-6.236557524514382,106.60574125629378
JPO Tanpa Nama,-6.236431180415717,106.60457047633261
JPO Tanpa Nama,-6.23640345,106.6045388
JPO Tanpa Nama,-6.23638955,106.6045792
JPO Tanpa Nama,-6.23641815,106.60461125
JPO Tanpa Nama,-6.23645985,106.60460135
JPO Tanpa Nama,-6.23644385,106.6045307
JPO Tanpa Nama,-6.23647155,106.6045608
JPO Tanpa Nama,-6.236163840018581,106.60442136692967
JPO Tanpa Nama,-6.236047336172147,106.60492760358021
JPO Tanpa Nama,-6.235802334070289,106.60509201717603
JPO Tanpa Nama,-6.1948256,106.86460139999998
JPO Tanpa Nama,-6.19683045,106.8631777
JPO Tanpa Nama,-6.109882649999999,106.8842825
JPO Tanpa Nama,-6.109797083543244,106.88417688619431
JPO Tanpa Nama,-6.109965804723219,106.88424102638818
JPO Tanpa Nama,-6.109961529604267,106.88410499461511
JPO Tanpa Nama,-6.1974184,106.8594056
Jalan Lada,-6.136706287661339,106.8143798975678
Jalan Lada,-6.136781083260762,106.81428501612118
JPO Tanpa Nama,-6.1676647,106.87316535
JPO Tanpa Nama,-6.1676473000000005,106.87322875
JPO Tanpa Nama,-6.1676327,106.87328595
JPO Tanpa Nama,-6.168847200000001,106.8704875
JPO Tanpa Nama,-6.1780937425634646,106.87064364503098
JPO Tanpa Nama,-6.115671077838591,106.88356336614963
JPO Tanpa Nama,-6.115563120862016,106.8836304988151
JPO Tanpa Nama,-6.3147698731858855,106.67598500920887
JPO Tanpa Nama,-6.314204999999999,106.67679395
JPO Tanpa Nama,-6.3141976,106.67685195
JPO Tanpa Nama,-6.314597915307882,106.67636959043892
JPO Tanpa Nama,-6.314231950000001,106.67671835
JPO Tanpa Nama,-6.3142665000000004,106.6766565
JPO Tanpa Nama,-6.31443495,106.67635005000001
JPO Tanpa Nama,-6.179671799999999,106.87137449999999
JPO Tanpa Nama,-6.13945545,106.8657351
JPO Tanpa Nama,-6.181236099999999,106.86794935
JPO Tanpa Nama,-6.1805363,106.86739465
JPO Tanpa Nama,-6.18226145,106.86888905
JPO Tanpa Nama,-6.1115803500000005,106.7107886
JPO Tanpa Nama,-6.1118916,106.71035005
JPO Tanpa Nama,-6.224687250000001,106.84741145
JPO Tanpa Nama,-6.1156006000000005,106.88695645000001
JPO Tanpa Nama,-6.1156746,106.8869556
JPO Tanpa Nama,-6.1157519,106.88695469999999
JPO Tanpa Nama,-6.115612950000001,106.88793075000001
JPO Tanpa Nama,-6.115691599999999,106.88793145
JPO Tanpa Nama,-6.115765550000001,106.88793220000001
JPO Tanpa Nama,-6.2153795,106.8730841
JPO Tanpa Nama,-6.2153590999280395,106.87305389319141
JPO Tanpa Nama,-6.215278673363735,106.87310165166348
JPO Tanpa Nama,-6.21536400113632,106.87286592950251
JPO Tanpa Nama,-6.215369900824,106.87294532987379
JPO Tanpa Nama,-6.2153734,106.87287375
JPO Tanpa Nama,-6.13180765,106.88835195000001
JPO Tanpa Nama,-6.2881394,106.6761823
JPO Tanpa Nama,-6.287540585480395,106.67573455299895
JPO Tanpa Nama,-6.2877570623338075,106.67577653977848
JPO Tanpa Nama,-6.2891447211412475,106.67662039429156
JPO Tanpa Nama,-6.289730105193649,106.67717485334606
JPO Tanpa Nama,-6.291934795129396,106.67580788800626
JPO Tanpa Nama,-6.291675865122949,106.67686020713177
JPO Tanpa Nama,-6.291981299999999,106.67653675000001
JPO Tanpa Nama,-6.290142415981559,106.67743695275259
JPO Tanpa Nama,-6.29018429525553,106.67745302572773
JPO Tanpa Nama,-6.29472830467704,106.67697566514771
JPO Tanpa Nama,-6.294133385205775,106.67716546775097
JPO Tanpa Nama,-6.294034750000001,106.6767323
JPO Tanpa Nama,-6.294538189471832,106.67682427795613
JPO Tanpa Nama,-6.291224190912326,106.67671275180815
JPO Tanpa Nama,-6.28945475,106.67775975
JPO Tanpa Nama,-6.300479532928665,106.65891600707342
JPO Tanpa Nama,-6.1264816,106.8902539
JPO Tanpa Nama,-6.16882,106.87058595
JPO Tanpa Nama,-6.179184700000001,106.86611119999999
JPO Tanpa Nama,-6.179130750000001,106.86617455000001
JPO Tanpa Nama,-6.17907095,106.86624474999999
JPO Tanpa Nama,-6.215589421129301,106.86654663553713
JPO Tanpa Nama,-6.289652951215852,106.65248235340991
JPO Tanpa Nama,-6.28997805,106.654754
JPO Tanpa Nama,-6.28992725,106.6547295
JPO Tanpa Nama,-6.290199045258485,106.65463676454527
JPO Tanpa Nama,-6.2903407842705965,106.6542399123583
JPO Tanpa Nama,-6.2903419000000005,106.65441615000002
JPO Tanpa Nama,-6.290243008475648,106.65437240255926
JPO Tanpa Nama,-6.289287932667784,106.65471754339157
JPO Tanpa Nama,-6.288671902338633,106.65433338676318
JPO Tanpa Nama,-6.289899693743392,106.65071966003293
JPO Tanpa Nama,-6.289605290146495,106.65222065603467
JPO Tanpa Nama,-6.289848401779687,106.65146855886672
JPO Tanpa Nama,-6.289990936593798,106.65175603138401
JPO Tanpa Nama,-6.289927791689245,106.65192727323853
JPO Tanpa Nama,-6.289860160577737,106.65220390706327
JPO Tanpa Nama,-6.289415976008469,106.6529972617903
JPO Tanpa Nama,-6.290175981608488,106.65247677904568
JPO Tanpa Nama,-6.289772138576087,106.65257677700934
JPO Tanpa Nama,-6.291098215003064,106.65176310380205
JPO Tanpa Nama,-6.290788961161215,106.65157249699135
JPO Tanpa Nama,-6.290545511588479,106.65365121391626
JPO Tanpa Nama,-6.290479266193181,106.65336289557864
JPO Tanpa Nama,-6.29169585966146,106.651838894818
JPO Tanpa Nama,-6.292058910800006,106.65197140408588
JPO Tanpa Nama,-6.292049349999999,106.65207225
JPO Tanpa Nama,-6.2901947705465115,106.65339840916974
JPO Tanpa Nama,-6.292230021353726,106.65320223620739
JPO Tanpa Nama,-6.290718962811476,106.65477507795019
JPO Tanpa Nama,-6.2902722820627295,106.65503186258832
JPO Tanpa Nama,-6.290641755419229,106.65471060734427
JPO Tanpa Nama,-6.29103505,106.65436535
JPO Tanpa Nama,-6.291906450000001,106.6535878
JPO Tanpa Nama,-6.292257846498035,106.65319378804519
JPO Tanpa Nama,-6.292576887504871,106.65277644537947
JPO Tanpa Nama,-6.289860549000815,106.64742293444053
JPO Tanpa Nama,-6.289981641237083,106.64893041260203
JPO Tanpa Nama,-6.2918546221772464,106.65437142311475
JPO Tanpa Nama,-6.291679650000001,106.65413945
JPO Tanpa Nama,-6.2918213000000005,106.65440810000001
JPO Tanpa Nama,-6.2919804500000005,106.6544151
JPO Tanpa Nama,-6.291683,106.65424855000002
JPO Tanpa Nama,-6.291912165660889,106.65446233160299
JPO Tanpa Nama,-6.287318641036478,106.65244446986783
JPO Tanpa Nama,-6.28463605,106.65011590000002
JPO Tanpa Nama,-6.228088696151044,106.65351522596181
JPO Tanpa Nama,-6.228213097019225,106.65346180164015
JPO Tanpa Nama,-6.227983211126916,106.6537075848264
JPO Tanpa Nama,-6.22840030607877,106.65291634665866
JPO Tanpa Nama,-6.228405254600003,106.65289154622762
JPO Tanpa Nama,-6.228238314248851,106.65577506190321
JPO Tanpa Nama,-6.2426354241148605,106.66882641151315
JPO Tanpa Nama,-6.3073891500000006,106.78824195
JPO Tanpa Nama,-6.3869123000000005,106.80885245000002
JPO Tanpa Nama,-6.385372167484055,106.81006609933338
JPO Tanpa Nama,-6.38480925,106.80940195
JPO Tanpa Nama,-6.382946209011302,106.80944784523429
JPO Tanpa Nama,-6.3829648500000005,106.80956710000001
JPO Tanpa Nama,-6.382959400000002,106.80952835000001
JPO Tanpa Nama,-6.2075575500000015,106.8685662
JPO Tanpa Nama,-6.2074121,106.8688185
JPO Tanpa Nama,-6.042411329614972,106.69466492905013
JPO Tanpa Nama,-6.0466355664693685,106.69504012728197
JPO Tanpa Nama,-6.042050190946896,106.69386417987107
JPO Tanpa Nama,-6.31533555,106.90606635
JPO Tanpa Nama,-6.26817565,106.82845950000001
JPO Tanpa Nama,-6.1837235,106.96102685
JPO Tanpa Nama,-6.1274293,106.85436999999999
Jalan Kampung Irian Gang 19,-6.1572538,106.86222155000002
Jalan Kampung Irian Gang 20,-6.1574981,106.86206494999999
Jalan Kampung Irian Gang 18,-6.157030649999999,106.862367
Jalan Kampung Irian Gang 17,-6.15679465,106.86252235
Jalan Kampung Irian Gang 16,-6.15656625,106.86266975000001
Jalan Tol Insinyur Wiyoto Wiyono,-6.1761707,106.87601635
JPO Tanpa Nama,-6.3071184,106.69420925
Jalan Swadaya,-6.3069651,106.6941376
JPO Tanpa Nama,-6.1923579,106.87380495
JPO Tanpa Nama,-6.19190925,106.87387484999999
Jalan Krida 9,-6.157479699999999,106.8597738
Gang Anggrek III,-6.1577424999999995,106.8596517
JPO Tanpa Nama,-6.22632535,106.84746045
JPO Tanpa Nama,-6.195278449999999,106.82874269999998
JPO Tanpa Nama,-6.1953803999999995,106.828735
JPO Tanpa Nama,-6.19540825,106.828997
JPO Tanpa Nama,-6.195213000000001,106.8290082
JPO Tanpa Nama,-6.19530975,106.82900265
JPO Tanpa Nama,-6.195176249999999,106.8287504
JPO Tanpa Nama,-6.122012850000001,106.88885744999999
Jembatan Penyebrangan Orang Pemuda Pramuka,-6.192269550000002,106.87459075
Jembatan Penyebrangan Orang Pemuda Pramuka,-6.1928269,106.87493570000001
JPO Tanpa Nama,-6.19745905,106.8742407
JPO Tanpa Nama,-6.19739545,106.87390540000001
JPO Tanpa Nama,-6.212884,106.86097965
JPO Tanpa Nama,-6.1929549999999995,106.86446495
JPO Tanpa Nama,-6.1925725,106.86436684999998
JPO Tanpa Nama,-6.388528,106.80985285
JPO Tanpa Nama,-6.163130036875562,106.87229519425205
JPO Tanpa Nama,-6.163123101347404,106.87229499920883
JPO Tanpa Nama,-6.121161349999999,106.88859950000001
Jalan Angsana,-6.19581425,106.86113215
JPO Tanpa Nama,-6.1924338,106.86843715
JPO Tanpa Nama,-6.1920598,106.86839735
JPO Tanpa Nama,-6.16151265,106.87131185000001
JPO Tanpa Nama,-6.388137788570198,106.8086002231026
JPO Tanpa Nama,-6.387867127227494,106.8085132283634
JPO Tanpa Nama,-6.387666075778091,106.80844025751475
JPO Tanpa Nama,-6.3879749,106.80714305
JPO Tanpa Nama,-6.38778615,106.80720120000001
JPO Tanpa Nama,-6.319368949999999,106.8812128
JPO Tanpa Nama,-6.290088152623124,107.00016162340307
JPO Tanpa Nama,-6.098578749999999,106.9611167
JPO Tanpa Nama,-6.38472565,106.80723689999999
Gang Bacan,-6.15972665,106.86959235
JPO Tanpa Nama,-6.1641784,106.8674991
JPO Tanpa Nama,-6.164524800000001,106.86753440000001
JPO Tanpa Nama,-6.1200272,106.88823785
JPO Tanpa Nama,-6.12003785,106.88819595000001
JPO Tanpa Nama,-6.12001675,106.8882785
JPO Tanpa Nama,-6.2113394,106.8587427
JPO Tanpa Nama,-6.211166717527638,106.85849516004411
JPO Tanpa Nama,-6.11870875,106.8877981
JPO Tanpa Nama,-6.1905251,106.87163634999999
JPO Tanpa Nama,-6.19212405,106.87474990000001
JPO Tanpa Nama,-6.187347,106.86661935000002
JPO Tanpa Nama,-6.18587695,106.8700562
JPO Tanpa Nama,-6.2964497999999995,106.89413645
JPO Tanpa Nama,-6.390700480345995,106.81675129525989
JPO Tanpa Nama,-6.3906652,106.81663764999999
JPO Tanpa Nama,-6.39067625,106.81670589999999
Jalan Haji Taiman Barat,-6.29358105,106.86804575
JPO Tanpa Nama,-6.180034,106.86360085
JPO Tanpa Nama,-6.169771504880416,106.86723558894784
JPO Tanpa Nama,-6.16954675,106.86713649999999
JPO Tanpa Nama,-6.1694652,106.86710055
Jalan Tol Pelabuhan II,-6.130068056560878,106.8131786614401
Jalan Tol Pelabuhan II,-6.1243852668934196,106.85476112512899
JPO Tanpa Nama,-6.2191348,106.83499115000001
JPO Tanpa Nama,-6.1228152473564545,106.6910079255653
JPO Tanpa Nama,-6.123136050951996,106.69075947911739
JPO Tanpa Nama,-6.1229059,106.6912569
JPO Tanpa Nama,-6.1230384812942855,106.69155510214654
JPO Tanpa Nama,-6.12491495,106.689772
JPO Tanpa Nama,-6.124811539986828,106.6897159776082
JPO Tanpa Nama,-6.124976018413113,106.69061231295173
JPO Tanpa Nama,-6.125680904883518,106.69167539758686
JPO Tanpa Nama,-6.117710799999999,106.691963
Jalan Purbaya,-6.1771591,106.84979440000002
JPO Tanpa Nama,-6.177211400000001,106.85031219999999
JPO Tanpa Nama,-6.1270325,106.65316825000001
JPO Tanpa Nama,-6.127114411152704,106.65320377945177
JPO Tanpa Nama,-6.126969607473084,106.65313534447507
JPO Tanpa Nama,-6.181155,106.86804910000001
JPO Tanpa Nama,-6.1811948,106.86800015
JPO Tanpa Nama,-6.1822777,106.86885004999999
JPO Tanpa Nama,-6.1822451,106.86892825
JPO Tanpa Nama,-6.184979950000001,106.86189075
JPO Tanpa Nama,-6.1199748,106.6644462
JPO Tanpa Nama,-6.120704902292913,106.66239937122891
JPO Tanpa Nama,-6.120115102240053,106.66418114284575
JPO Tanpa Nama,-6.119513415535948,106.66626226280322
JPO Tanpa Nama,-6.154340599999999,106.69024005
JPO Tanpa Nama,-6.1548703,106.6904114
JPO Tanpa Nama,-6.154374,106.69030969999999
Jalan Kutilang,-6.2204417,106.85538385000001
JPO Tanpa Nama,-6.22516505,106.85485664999997
JPO Tanpa Nama,-6.224817249999999,106.85494600000001
JPO Tanpa Nama,-6.2191969,106.83576824999999
JPO Tanpa Nama,-6.1153008949936005,106.89295755512718
JPO Tanpa Nama,-6.115176476652124,106.8929548350139
JPO Tanpa Nama,-6.115241652228364,106.89330929030312
JPO Tanpa Nama,-6.2050243,106.85031409999999
JPO Tanpa Nama,-6.2050386500000005,106.8503874
JPO Tanpa Nama,-6.2035058,106.85377055000001
JPO Tanpa Nama,-6.20237925,106.85373885000001
JPO Tanpa Nama,-6.18036255,106.86697720000001
JPO Tanpa Nama,-6.18031255,106.86703159999999
JPO Tanpa Nama,-6.18731575,106.87525294999999
JPO Tanpa Nama,-6.1873269,106.8756092
JPO Tanpa Nama,-6.274321446615808,106.63938896205063
JPO Tanpa Nama,-6.113985299999999,106.89338219999999
JPO Tanpa Nama,-6.1772987,106.8758054
JPO Tanpa Nama,-6.1773141,106.87632769999999
JPO Tanpa Nama,-6.1934165,106.8228856
JPO Tanpa Nama,-6.193414949999999,106.82304375000001
JPO Tanpa Nama,-6.17388805,106.87626795
JPO Tanpa Nama,-6.1744394,106.87677915
JPO Tanpa Nama,-6.173768750000001,106.8578184
JPO Tanpa Nama,-6.17413435,106.8578924
JPO Tanpa Nama,-6.18559005,106.8702052
JPO Tanpa Nama,-6.119935728635471,106.66517524997555
JPO Tanpa Nama,-6.119956957783481,106.66514364593377
JPO Tanpa Nama,-6.1200192,106.66514225
JPO Tanpa Nama,-6.268648639283497,106.632106312789
JPO Tanpa Nama,-6.271213081970807,106.6354602325104
JPO Tanpa Nama,-6.270748530443604,106.63554674624207
JPO Tanpa Nama,-6.2693338,106.63580375000001
JPO Tanpa Nama,-6.27167865,106.63539935
JPO Tanpa Nama,-6.27161135,106.63554210000001
JPO Tanpa Nama,-6.271656968199025,106.63558074609632
JPO Tanpa Nama,-6.270991791904247,106.63553125182044
JPO Tanpa Nama,-6.26973765,106.63572260000001
JPO Tanpa Nama,-6.26941780405316,106.63603147780225
JPO Tanpa Nama,-6.19225915,106.86835099999999
JPO Tanpa Nama,-6.185290500000001,106.83233385
JPO Tanpa Nama,-6.18528025,106.8323458
JPO Tanpa Nama,-6.18119515,106.86064849999998
JPO Tanpa Nama,-6.12746085,106.89511825
JPO Tanpa Nama,-6.192913300000001,106.85405044999999
JPO Tanpa Nama,-6.126678290702538,106.89374229144374
Jalan Tol Akses Tanjung Priok,-6.1266814,106.8936973
JPO Tanpa Nama,-6.119573600000001,106.88616435
JPO Tanpa Nama,-6.12949905,106.8896328
JPO Tanpa Nama,-6.167775849999999,106.87289935000001
JPO Tanpa Nama,-6.16736425,106.872749
JPO Tanpa Nama,-6.2232339,106.85216295000001
JPO Tanpa Nama,-6.22322155,106.85210434999999
JPO Tanpa Nama,-6.2232122,106.85205984999999
JPO Tanpa Nama,-6.140889087374806,106.90467104040314
JPO Tanpa Nama,-6.175038750000001,106.84615105
JPO Tanpa Nama,-6.1749035,106.84614455000002
Gang Kramat Pulo Dalam No. 4,-6.181419353291636,106.84636849719553
Gang Kramat Pulo Dalam No. 3,-6.181473549999999,106.84631850000001
JPO Tanpa Nama,-6.1820245,106.84569309999999
Gang Kramat Pulo Dalam No. 6,-6.1817949,106.84600875000001
Jalan Pulo Gundul,-6.18124605,106.85163635
JPO Tanpa Nama,-6.1745856,106.85493535
JPO Tanpa Nama,-6.1098957,106.89642314999999
JPO Tanpa Nama,-6.10989765,106.89628635
JPO Tanpa Nama,-6.183224849615834,106.84907079539163
JPO Tanpa Nama,-6.17051725,106.86683510000002
JPO Tanpa Nama,-6.1701235,106.8666549
JPO Tanpa Nama,-6.17261265,106.86238535
JPO Tanpa Nama,-6.1722167,106.86221689999999
JPO Tanpa Nama,-6.231369550000001,106.87632135
JPO Tanpa Nama,-6.14303775,106.8910281
JPO Tanpa Nama,-6.1205534,106.95480969999998
Gang Restu IV,-6.3185908,106.85847005
JPO Tanpa Nama,-6.17725655,106.85400874999999
Jalan Sunter Bendungan Jago,-6.1551129499999995,106.86117865
JPO Tanpa Nama,-6.18259550705528,106.85037771464417
JPO Tanpa Nama,-6.18308475,106.85069105
JPO Tanpa Nama,-6.18296805,106.85107295
JPO Tanpa Nama,-6.1806729,106.85915
JPO Tanpa Nama,-6.224469300000001,106.87698445000001
JPO Tanpa Nama,-6.2247470499999995,106.87702684999998
JPO Tanpa Nama,-6.1450169,106.8936033
JPO Tanpa Nama,-6.14389505,106.89156435
JPO Tanpa Nama,-6.166452747047067,106.8791347440521
JPO Tanpa Nama,-6.166751950000001,106.8790932
JPO Tanpa Nama,-6.1680828,106.88229845000001
JPO Tanpa Nama,-6.16771945,106.8825242
JPO Tanpa Nama,-6.146362900000001,106.89627155
JPO Tanpa Nama,-6.208687100000001,106.84313555
JPO Tanpa Nama,-6.20705665,106.8412884
Jalan Yos Sudarso,-6.152825099999999,106.88749890000001
JPO Tanpa Nama,-6.161748899999999,106.88168605
JPO Tanpa Nama,-6.25476715,106.86514805
JPO Tanpa Nama,-6.16197675,106.8819154
JPO Tanpa Nama,-6.17918955,106.8317855
JPO Tanpa Nama,-6.166637805929171,106.87907717847193
JPO Tanpa Nama,-6.167896900000001,106.88239759999999
JPO Tanpa Nama,-6.287289400000001,106.86611415
JPO Tanpa Nama,-6.135886436186465,107.00807082711553
JPO Tanpa Nama,-6.198247601470378,106.86157889941076
JPO Tanpa Nama,-6.166528137174753,106.87879789388153
JPO Tanpa Nama,-6.166390409816917,106.87872164847406
JPO Tanpa Nama,-6.166554500000001,106.87899685000001
JPO Tanpa Nama,-6.166513814416796,106.87867375348694
JPO Tanpa Nama,-6.242907600000001,106.851603
JPO Tanpa Nama,-6.243468999999999,106.851616
JPO Tanpa Nama,-6.2317145499999995,106.8759172
JPO Tanpa Nama,-6.328373699516455,106.60592669672008
JPO Tanpa Nama,-6.328467070220705,106.60582698367982
JPO Tanpa Nama,-6.334086364939969,106.60634925764533
JPO Tanpa Nama,-6.333918065889212,106.60573134479974
JPO Tanpa Nama,-6.20716595,106.8413059
JPO Tanpa Nama,-6.2072578,106.84116795
JPO Tanpa Nama,-6.1583055,106.85643325000001
JPO Tanpa Nama,-6.233558650000001,106.83155504999999
JPO Tanpa Nama,-6.2332628,106.8312583
JPO Tanpa Nama,-6.22077805,106.83203435
JPO Tanpa Nama,-6.2207154,106.83224115
JPO Tanpa Nama,-6.16412845,106.87865415
JPO Tanpa Nama,-6.214159748259024,106.83074634984713
JPO Tanpa Nama,-6.21417765,106.83054014999999
JPO Tanpa Nama,-6.2174698,106.830698
JPO Tanpa Nama,-6.22387485,106.83285375000001
JPO Tanpa Nama,-6.16541065,106.87806194999999
JPO Tanpa Nama,-6.1653112,106.87800580000001
JPO Tanpa Nama,-6.1651869,106.87793575000002
JPO Tanpa Nama,-6.1639466,106.87722595
JPO Tanpa Nama,-6.1640685,106.8770309
JPO Tanpa Nama,-6.16525425,106.87622965
JPO Tanpa Nama,-6.164601437966876,106.87643355247783
JPO Tanpa Nama,-6.247992699999999,106.9075096
JPO Tanpa Nama,-6.179551699999999,106.81275810000001
JPO Tanpa Nama,-6.17949975,106.81297864999999
JPO Tanpa Nama,-6.24619619453674,106.90642211017106
JPO Tanpa Nama,-6.246130232802808,106.90628985978333
JPO Tanpa Nama,-6.243329956580352,106.63173140239323
JPO Tanpa Nama,-6.2952299,106.67383995
JPO Tanpa Nama,-6.295142799285232,106.6739531152654
JPO Tanpa Nama,-6.294979775862084,106.67437420020006
JPO Tanpa Nama,-6.294772160193762,106.67470765568983
JPO Tanpa Nama,-6.24630405,106.90706765
JPO Tanpa Nama,-6.2464332,106.9069908
JPO Tanpa Nama,-6.24056865,106.89471585
JPO Tanpa Nama,-6.2400024,106.8455075
JPO Tanpa Nama,-6.23991495,106.8452661
JPO Tanpa Nama,-6.2399582,106.84538585
JPO Tanpa Nama,-6.123066005400079,106.86050282104647
JPO Tanpa Nama,-6.12318945,106.8601997
JPO Tanpa Nama,-6.19001005,106.66203505
JPO Tanpa Nama,-6.14281315,106.8910593
JPO Tanpa Nama,-6.1426922,106.89048775
Jalan Kramat Pulo Gundul,-6.183265349999999,106.84879805
JPO Tanpa Nama,-6.242744350000001,106.8585466
JPO Tanpa Nama,-6.1324453000000005,106.8287163
JPO Tanpa Nama,-6.343055770580786,106.90108329621133
JPO Tanpa Nama,-6.127687239847771,106.75949951565795
JPO Tanpa Nama,-6.12757605,106.75934140000001
JPO Tanpa Nama,-6.22435665,106.8515793
JPO Tanpa Nama,-6.2240357,106.85166615
JPO Tanpa Nama,-6.184319,106.81063085
JPO Tanpa Nama,-6.17030735,106.86674775
JPO Tanpa Nama,-6.16850905,106.87061539999998
JPO Tanpa Nama,-6.16195755,106.881946
JPO Tanpa Nama,-6.1617411,106.88161769999999
JPO Tanpa Nama,-6.221069,106.83212315
JPO Tanpa Nama,-6.21274755,106.83043194999999
JPO Tanpa Nama,-6.184294049999999,106.81076759999999
JPO Tanpa Nama,-6.2082429999999995,106.8299274
JPO Tanpa Nama,-6.208893249999999,106.83061255000003
Jalan Bahtera Raya,-6.117906451950366,106.76679920581036
JPO Tanpa Nama,-6.124449801046475,106.7525538175178
Jalan Pantai Indah Selatan 1,-6.1244310662193735,106.75257369373938
JPO Tanpa Nama,-6.394385649999999,106.60387184999999
JPO Tanpa Nama,-6.3920072999999995,106.60289915000001
JPO Tanpa Nama,-6.176155800495308,106.82236209268969
JPO Bersama BTN,-6.121254077259839,106.86162631409375
JPO Tanpa Nama,-6.119495673356782,106.86155286793858
JPO Tanpa Nama,-6.238225299999999,106.85853310000002
JPO Tanpa Nama,-6.226453899999999,106.88082305
JPO Tanpa Nama,-6.22674445,106.88065610000001
JPO Tanpa Nama,-6.184424699999999,106.84392025
JPO Tanpa Nama,-6.1258675,106.85804735
JPO Tanpa Nama,-6.1257907,106.85827895
JPO Tanpa Nama,-6.12845655,106.8546705
JPO Tanpa Nama,-6.128454700000002,106.85478804999998
Jalan Menteng Tenggulun,-6.20597225,106.84370165
Jalan Menteng Tenggulun,-6.2060355000000005,106.8437287
JPO Tanpa Nama,-6.15631095,106.7300177
JPO Tanpa Nama,-6.21293052389444,106.83021686626249
Jalan Tol Ulujami–Serpong,-6.3111024,106.6806874
JPO Bersama BTN,-6.1206746,106.8614241
JPO Bersama BTN,-6.121620881548231,106.86137296350624
JPO Tanpa Nama,-6.11802785,106.71545835
JPO Tanpa Nama,-6.164687649999999,106.74701790000002
JPO Tanpa Nama,-6.23367325,106.7531545
JPO Tanpa Nama,-6.3565199,106.91649985000001
JPO Tanpa Nama,-6.1963465885460876,106.85040587835233
JPO Tanpa Nama,-6.1954370999999995,106.84976545
JPO Tanpa Nama,-6.19539845,106.84970709999999
JPO Tanpa Nama,-6.291501283157429,106.88571076932006
Jalan Kong Isah,-6.165860150000001,107.05030585
JPO Tanpa Nama,-6.24284845,106.85900190000001
JPO Tanpa Nama,-6.33589295,106.71138515
JPO Tanpa Nama,-6.073684650000001,106.71383905
jembatan kali jambe,-6.2724893999999995,107.03189325
jembatan kali jambe,-6.272490400000001,107.03180914999999
Jalan pinggir kali jambe,-6.272251203876064,107.031891887777
jl. Neji studio,-6.271832279189862,107.03185169565769
JPO Tanpa Nama,-6.1683492161887585,106.83371874729531
JPO Tanpa Nama,-6.137045313479711,106.81446778440628
JPO Tanpa Nama,-6.13698115,106.81434050000001
JPO Tanpa Nama,-6.137007397177167,106.81443080883558
JPO Tanpa Nama,-6.137079449999999,106.8144792
JPO Tanpa Nama,-6.1370684,106.81451525
JPO Tanpa Nama,-6.133987255866436,106.81470901642642
JPO Tanpa Nama,-6.137179518628947,106.81312819222738
JPO Tanpa Nama,-6.137272360820735,106.81337075287443
JPO Tanpa Nama,-6.136625063751925,106.8131587607261
JPO Tanpa Nama,-6.24127591221858,106.80033237929815
JPO Tanpa Nama,-6.242510536194792,106.8001440754874
JPO Tanpa Nama,-6.241927273694127,106.80099347779397
JPO Tanpa Nama,-6.241190621319278,106.80085969918694
JPO Tanpa Nama,-6.242216310417311,106.80085449980253
JPO Tanpa Nama,-6.2423337010865705,106.80071912564696
JPO Tanpa Nama,-6.243190900413195,106.80082850000342
JPO Tanpa Nama,-6.243578795253423,106.79685194722484
JPO Tanpa Nama,-6.243964282820984,106.79445469408424
JPO Tanpa Nama,-6.241804058087942,106.79288457000752
JPO Tanpa Nama,-6.243866606788215,106.79332707978672
JPO Tanpa Nama,-6.245697797480003,106.79428505104853
JPO Tanpa Nama,-6.24523047454246,106.79461865697957
JPO Tanpa Nama,-6.245669090287408,106.79554261873864
JPO Tanpa Nama,-6.245807857499332,106.7992876143248
JPO Tanpa Nama,-6.245802694586585,106.79997089990322
JPO Tanpa Nama,-6.245188156815315,106.80266544624779
JPO Tanpa Nama,-6.243341074320111,106.80258590049309
JPO Tanpa Nama,-6.24368545,106.80303194999999
JPO Tanpa Nama,-6.2431946158431115,106.80121948448583
JPO Tanpa Nama,-6.243194699201378,106.80162470000894
JPO Tanpa Nama,-6.242166388587799,106.80214134991843
JPO Tanpa Nama,-6.241105599845068,106.80222504581108
JPO Tanpa Nama,-6.240551009245041,106.80157965660774
JPO Tanpa Nama,-6.24005125,106.8021587
JPO Tanpa Nama,-6.123562443953549,106.83844200802888
