Nama_Halte,Latitude,Longitude
18 Office Park,-6.299146,106.8321
ABA,-6.194149,106.83939
Acacia Residence,-6.263358,106.75675
ACC Simatupang,-6.304475,106.84858
ACE Hardware,-6.387532,106.82738
ACE Hardware Kelapa Gading,-6.157009,106.89905
Adam Malik 1,-6.236396,106.74776
Agrowisata Cilangkap,-6.339786,106.9013
Ahmad Yani Pisangan Baru,-6.211477,106.87374
Airy Eco Binus,-6.195282,106.78881
Akademi Farmasi Mahadhika,-6.312819,106.8693
Akbid Yaspen Tugu Ibu,-6.360213,106.8835
Akper Fatmawati Pondok Labu,-6.313187,106.79931
AKR Tower,-6.190732,106.76743
Akses Bawah Flyover Raya Bogor,-6.307687,106.86456
Akses Bawah Jembatan Marunda,-6.110376,106.94129
Akses Bawah Sungai Landak,-6.109857,106.94134
Akses Jembatan Ciliwung Balekambang,-6.283554,106.84945
Al Izhar Pondok Labu 1,-6.311534,106.79094
Al Izhar Pondok Labu 2,-6.311504,106.79104
Al Khairiyah School,-6.236593,106.9176
Al Mahbubiyah,-6.291866,106.81255
Al Wathoniyah 1,-6.192036,106.9353
Al Wathoniyah 2,-6.192425,106.93568
Aljabr Islamic School,-6.308023,106.80371
Allianz,-6.209233,106.83076
Ampera 2,-6.292641,106.81563
Ampera 3,-6.291196,106.81706
Ampera 4,-6.291345,106.8172
Ampera Garden,-6.288794,106.81818
Ampera Yos Sudarso,-6.122624,106.89322
Ananda Pulo Gadung,-6.185254,106.90716
Andara Margasatwa 2,-6.313577,106.80356
Andara Margasatwa 3,-6.312832,106.80338
Andara Margasatwa 4,-6.312578,106.80356
Aneka Apotek,-6.151647,106.87959
Aneka PIK Penggilingan,-6.202636,106.92867
Anggrek Neli Murni,-6.18968,106.79438
Antena II,-6.25033,106.79163
Apartemen Gading Nias,-6.154358,106.91615
Apartemen Kedoya Elok 2,-6.188259,106.76855
Transmart MH Thamrin 2,-6.207705,106.628074
Apartemen Simprug Teras,-6.232197,106.78874
Apotik Emilia Rawamangun,-6.202019,106.88477
Apotik Rini Rawamangun,-6.199914,106.88595
Aries Utama,-6.197385,106.75145
Aries Utama III,-6.197454,106.74602
Arion Mall,-6.193631,106.89068
Arsip Nasional RI 1,-6.279439,106.81987
Artha Gading 1,-6.144287,106.8907
ASMI 1,-6.17171,106.88889
ASMI 2,-6.172158,106.88894
Asrama Brimob Cilincing,-6.104565,106.93689
Asrama Haji Pondok Gede,-6.290541,106.88827
Asrama Marinir Marunda 1,-6.114597,106.95034
Asrama Marinir Marunda 2,-6.114579,106.95023
Asrama Polri Cideng,-6.178925,106.81262
Asshomadiyah Medicare Centre 1,-6.295486,106.89804
Asshomadiyah Medicare Centre 2,-6.29557,106.89825
Astek,-6.291175,106.66598
Aston Pluit 1,-6.124693,106.79511
Aston Pluit 2,-6.124268,106.79419
At Thahiriah 1,-6.210032,106.93803
At Thahiriah 2,-6.210011,106.93809
Atrium 2,-6.17687,106.84042
Aula Simfonia,-6.152158,106.8436
AURI Jatibaru,-6.182985,106.81407
Auto 2000,-6.25922,106.78922
Awab Dalam,-6.224877,106.8696
Ayam Kalasan Pisangan Lama,-6.210495,106.87869
Azhari Islamic School 1,-6.305186,106.77789
Azhari Islamic School 2,-6.305309,106.77796
Bacang Lubang Buaya,-6.288956,106.89696
Badan Diklat Kejaksaan RI,-6.304295,106.82095
Al Barkah,-6.219597,106.84565
Badan Penghubung Sulawesi Tengah,-6.175029,106.80734
Baileys Lagoon City,-6.315461,106.74677
Bakti Mulia 400,-6.275838,106.77675
Andara Margasatwa 1,-6.313858,106.803775
Arsip Nasional RI 2,-6.279323,106.819935
Baladewa Residence,-6.229648,106.91038
Balai Kartini,-6.234791,106.82457
Balai Kota 1,-6.180598,106.82847
Balai Nikah Kembangan Utara,-6.181467,106.73448
Balai Pertamina,-6.229555,106.79052
Balai Sudirman,-6.227043,106.84742
Bamed Health Care,-6.203485,106.73102
Bandar Djakarta Bekasi,-6.227085,106.99683
Bangau VI,-6.169278,106.84271
Bangunan Timur 1,-6.189634,106.88551
Bangunan Timur 2,-6.189526,106.88571
Bank Indonesia 2,-6.182667,106.82275
UPT. LLHD 1,-6.22577,106.83507
UPT. LLHD 2,-6.225501,106.83489
Bapindo Menteng,-6.187095,106.83566
Batalyon Kavaleri 1,-6.252806,106.65064
Batalyon Kavaleri 2,-6.252704,106.65081
Batan H Kaman,-6.296551,106.77338
Baung,-6.302036,106.83656
Baywalk 1,-6.109908,106.77828
Baywalk 2,-6.110359,106.77961
BBPK Jakarta,-6.302219,106.798
Bella Terra,-6.175296,106.89567
Benhil 1,-6.217304,106.8154
Benteng Betawi,-6.174158,106.65559
Bermis 1,-6.178022,106.89853
Bermis 2,-6.178353,106.89841
Beverly Tower,-6.291805,106.78636
Bhayangkara 1,-6.236949,106.64549
Bhayangkara 2,-6.236714,106.64559
Bidan Ningsih Joglo,-6.216023,106.72909
Bidara 1,-6.106097,106.9595
Bidara 2,-6.106075,106.95942
Bidara Cina 2,-6.22994,106.86709
Billy Moon,-6.248271,106.93093
Billy Moon 2,-6.248131,106.92944
Bintaro,-6.271245,106.75133
Bintaro Gg. Masjid,-6.27026,106.75217
Bintaro Kodam,-6.260196,106.76594
Bintaro Xchange,-6.286813,106.72865
Binus Kampus Kijang,-6.194535,106.78757
Binus Syahdan,-6.200725,106.78472
Binus University,-6.201811,106.78265
BKKBN 1,-6.252902,106.88084
BKKBN 2,-6.253103,106.88108
BKN 1,-6.258026,106.86955
BKN 2,-6.258262,106.86984
Blok A,-6.188462,106.81558
Blok E,-6.18497,106.81463
Blok F,-6.188552,106.81249
Blue Gas Pulo Gebang,-6.210605,106.95645
BNI Syariah,-6.227256,106.83291
Bona Indah Plaza,-6.301283,106.78084
Bongkaran Tanah Abang,-6.189421,106.81159
Boulevard Bukit Gading Raya,-6.15515,106.89579
Boulevard Hijau THB,-6.183321,106.98406
Boulevard Inspeksi Kali Sunter,-6.151094,106.88901
Boulevard Janur Elok Raya 1,-6.150581,106.90954
Boulevard Janur Elok Raya 2,-6.150553,106.90922
Boulevard Kelapa Cengkir Raya,-6.165966,106.90211
Boulevard Kelapa Hybrida Raya 1,-6.148453,106.90965
Boulevard Kelapa Hybrida Raya 2,-6.148396,106.90935
Boulevard Pelepah Raya,-6.159256,106.90317
BPHN,-6.259724,106.86834
BPJS Jaksel,-6.249682,106.84318
BPJS Kesehatan Sultan Hasanudin,-6.242517,106.80229
BPJS Ketenagakerjaan Marunda,-6.104983,106.93254
BPK Penabur Kelapa Gading,-6.147463,106.90796
BRI Jakarta Kota,-6.135104,106.80752
Bercabuana Sakti,-6.270086,106.76549
BRI Menteng,-6.186792,106.83514
Brimob Pejaten Barat 2,-6.270925,106.84644
BSD Plaza 1,-6.278263,106.66103
BSD Plaza 2,-6.280847,106.66305
BSI 1,-6.237724,106.76225
BSI 2,-6.237609,106.76252
BSI Cengkareng,-6.147973,106.72781
Bidara Cina 1,-6.22996,106.867336
BTC 2,-6.258258,107.0206
Buaran Plaza,-6.217983,106.9235
Buaran Raya,-6.220456,106.92176
Buddha Tzu Chi,-6.107998,106.73942
Budhaya Santo Agustinus,-6.220866,106.92346
Benhil PAM Jaya,-6.216775,106.8154
Budhi Medika Meruya Utara,-6.196934,106.73231
Budi Kemulyaan,-6.180223,106.8178
Budiwarman 1,-6.279071,106.87019
Bukit Duri,-6.21551,106.86293
Bulak Rantai,-6.284664,106.87123
Bulak Turi,-6.104952,106.97016
Bulak Turi 2,-6.105145,106.97009
Bulog,-6.237665,106.82917
Bumi Jatiwaringin,-6.275283,106.91282
Bumi Perkemahan Ragunan,-6.295825,106.82153
Bumiputera,-6.206839,106.82234
Bunda Hati Kudus Jelambar,-6.165552,106.78484
Bundaran Alam Sutera 1,-6.244107,106.64889
Bundaran Alam Sutera 2,-6.243905,106.64901
Bundaran Cipinang Kebembem,-6.211974,106.88891
Bundaran Harapan Indah,-6.183719,106.97727
Bundaran Senayan 1,-6.227445,106.80187
Bundaran Senayan 2,-6.227877,106.80068
Bundaran Stainless Harapan Indah,-6.178666,106.98132
Carrefour Buaran,-6.218653,106.9237
Carrefour Harapan Indah,-6.187189,106.97684
Carrefour Meruya Ilir,-6.197521,106.75129
Cawang Soetoyo 1,-6.24544,106.87548
Cawang Soetoyo 2,-6.245259,106.876
Cek & Ricek,-6.215349,106.72961
Cempaka,-6.277541,106.76223
Cempaka Putih Tengah,-6.176736,106.86444
Centennial Tower,-6.230377,106.82026
Centro Metro Broadway,-6.116362,106.76143
Cervino Village,-6.224355,106.85165
Chase Plaza,-6.210571,106.82129
Child Care Pre School,-6.257557,106.8009
Ciba,-6.342837,106.86901
Cibubur Indah II,-6.35207,106.88704
Cibubur Junction,-6.368735,106.89366
Cideng Timur,-6.166537,106.81073
Cikajang Wolter Monginsidi,-6.239122,106.81084
Cilandak,-6.29195,106.81519
Cililitan Besar 1,-6.263567,106.86709
Cililitan Besar 2,-6.263478,106.86694
Cililitan Kecil,-6.261889,106.86423
Cipinang Baru,-6.206806,106.89025
Cipinang Baru Bunder,-6.20713,106.88603
Taman Royal,-6.173369,106.66059
Cipinang Indah,-6.22943,106.89116
Cipinang Kb. Nanas 1,-6.231595,106.87615
Cipinang Kb. Nanas 2,-6.231453,106.87647
Cipinang Lontar,-6.214031,106.88836
Cipinang Lontar Rusun Polri,-6.206815,106.88785
Cipinang Melayu Kalimalang,-6.240168,106.88473
Cipinang Melayu Kalimalang 2,-6.24004,106.8828
Cipinang Melayu Kalimalang 3,-6.240143,106.88077
Cipinang Muara III Muara Jaya,-6.218869,106.8926
Cipta Karya Tata Ruang Pertahanan 1,-6.179781,106.81041
Kel. Semanan,-6.159888,106.70498
Cipulir 1,-6.237918,106.7749
City Walk Sudirman,-6.209468,106.81783
Classic Hotel,-6.162308,106.83007
Condet Raya,-6.280969,106.85517
CPI Belakang 1,-6.237437,106.89436
CPI Belakang 2,-6.237257,106.89416
Curug Kalimalang,-6.24774,106.92454
Cut Meutia,-6.187542,106.83294
Buperta Cibubur,-6.369608,106.896189
Cyberpark Karawaci,-6.222465,106.61844
Daarus Saada Duri Kosambi,-6.176932,106.7079
Dahlia Town House,-6.302547,106.78796
Dammara,-6.25419,106.83146
Dana Reksa,-6.181365,106.82451
Danau Agung 1,-6.147281,106.8582
Danau Tmp Kalibata,-6.255698,106.84944
Sbr. PGC,-6.263494,106.865419
Cilandak Town Square,-6.291993,106.799835
Pool Taksi Cawang,-6.248836,106.87801
Bundaran Semper,-6.128609,106.917585
D Mall,-6.386793,106.827726
Dapsus 1,-6.301135,106.79484
Dapsus 2,-6.301728,106.79463
Dapsus 4,-6.301649,106.79472
Darmawangsa Square,-6.253048,106.80116
Dato Tonggara,-6.283918,106.87222
Depo LRT Pegangsaan Dua,-6.15505,106.9137
Dewan Pers,-6.182996,106.82709
Dharma Bakti Cijantung,-6.318713,106.86463
Dinas Kebersihan Duren Sawit,-6.219815,106.92338
Dinas Lingkungan Hidup,-6.264168,106.87033
Dinas Olahraga Dan Pemuda,-6.219715,106.86802
Dinas Pengawasan Dan Penertiban Bangunan,-6.182268,106.81114
Dipo Lokomotif Tanah Abang,-6.182333,106.81089
Dipo Tower,-6.203007,106.80074
Direktorat Jenderal Hortikultura,-6.285538,106.8393
Direktorat Jenderal Pajak,-6.224628,106.81558
Green Lake City,-6.177644,106.71198
Dishub Jakut,-6.122876,106.89367
Dittopad,-6.174759,106.84823
Dittopad 2,-6.174618,106.85009
DPP FPI,-6.194368,106.80536
DPR MPR 1,-6.208517,106.80379
DPR MPR 2,-6.206314,106.80194
Dukuh 5,-6.289913,106.87753
Dukuh Atas 4,-6.204819,106.8221
Dukuh Permai Residence,-6.302631,106.8785
Duren Sawit,-6.233341,106.91006
Duren Tiga 1,-6.252132,106.82702
Duri Kepa 1,-6.185474,106.76836
Duri Kepa 2,-6.185432,106.76854
Dwijaya,-6.262287,106.78855
Ekowisata Mangrove,-6.121673,106.75482
EKS Komplek Gaya Motor,-6.105771,106.93063
Embun Pagi Islamic Elementary School,-6.248768,106.92911
Embun Pagi Islamic School,-6.247711,106.91892
Epiwalk Epicentrum,-6.217666,106.83547
Erha Clinic,-6.147269,106.89796
Essence Dharmawangsa,-6.257365,106.80495
Exit Tol UKI,-6.257445,106.87049
Farmasi RP Soeroso,-6.187939,106.83608
Fatmawati 1,-6.292571,106.79743
Fatmawati 2,-6.291994,106.79606
Flyover Bintaro,-6.25748,106.76478
Flyover Cipinang Lontar,-6.212876,106.88891
Flyover HBR Motik 1,-6.152627,106.84989
Flyover HBR Motik 2,-6.152807,106.8506
Yayasan Miftahussaadah,-6.136853,106.71421
Flyover Jatinegara Atas,-6.214553,106.87388
Flyover Jatinegara Bawah,-6.214707,106.87383
Klinik Persada Sari,-6.17728,106.72226
Flyover Karet,-6.215434,106.81867
Flyover Karet 2,-6.214808,106.81847
Flyover Klender 1,-6.213499,106.90245
Flyover Klender 2,-6.213721,106.90252
Flyover Ps. Klender 1,-6.211058,106.90153
Flyover Ps. Klender 2,-6.211371,106.90103
Flyover Pulo Gebang 1,-6.210497,106.95047
Flyover Pulo Gebang 2,-6.210438,106.95062
Flyover Radin Inten 1,-6.216112,106.92439
DPRD DKI Jakarta,-6.182886,106.82851
Empang 3,-6.263342,106.84318
Flyover Radin Inten 2,-6.215843,106.92408
Flyover Semanan Indah 1,-6.161654,106.72649
Flyover Semanan Indah 2,-6.161743,106.72693
Flyover Setiabudi,-6.202064,106.8281
Flyover Slipi Kemanggisan,-6.189613,106.79742
Flyover Tj. Barat,-6.303059,106.83998
Dapsus 3,-6.301777,106.795224
Akses Bawah Flyover Pondok Kopi,-6.217758,106.93843
Enggano 2,-6.110031,106.89246
Enggano 1,-6.110213,106.89246
Formindo Prima Agung,-6.120335,106.70853
Gading Harmony,-6.165901,106.90179
Gading Nirwana,-6.148645,106.91295
Gading Riveria,-6.148327,106.91277
Gading Serpong 1,-6.230729,106.64138
Gading Serpong 2,-6.230464,106.64147
Galeri Nasional,-6.178553,106.83182
Flyover Jatinegara 2,-6.215081,106.873832
Fresh Market PIK,-6.104023,106.741074
Galeri Niaga Mediterania 1,-6.116646,106.77135
Galur 1,-6.174567,106.85493
Galur 2,-6.174192,106.855
Gandaria City,-6.243912,106.7824
Perumahan Walikota Jakbar 1,-6.214325,106.72509
Gg. Ahmad Squadron,-6.268976,106.87751
Gg. Aim 1,-6.200344,106.9351
Gg. Aim 2,-6.200395,106.93515
Gg. Al Khoiriyah Cibubur,-6.363732,106.88431
Gg. Al Mawaddah Tengah,-6.287911,106.86292
Gg. Alfa Tanah Tinggi,-6.18272,106.84839
Gg. Ali,-6.307683,106.87636
Gg. Amd XXVIII Balekambang,-6.289318,106.85383
Gg. Anawinka Naga Raya,-6.223403,106.90762
Gg. Anggur Cipete Dalam,-6.276068,106.80052
Gg. Ani Raya Condet,-6.266674,106.86054
Gg. Arba Johar Baru,-6.185385,106.85234
Gg. Asem Ciracas,-6.321196,106.87024
Gg. Ash Shirot,-6.297253,106.89384
Gg. Asmat Petukangan,-6.244316,106.752
Gg. Ayama,-6.27204,106.8671
Gg. Baaburroyyani Cibubur,-6.360225,106.87397
Gg. Balai Rakyat Balekambang,-6.293289,106.85517
Gg. Bambu Batu Ampar,-6.281099,106.86023
Gg. Barokah Lingkar Timur,-6.19658,106.94405
Gg. Barokah Marunda,-6.12779,106.95874
Gg. Baronang Cibubur,-6.362516,106.88437
Gg. Baru,-6.302938,106.91195
Gg. Bengkel Kalisari,-6.33388,106.85263
Gg. Beringin V RS Soekanto,-6.22752,106.93304
Gg. Bhakti Lingkar Timur,-6.197075,106.94408
Gg. Bidan Baru,-6.327013,106.85027
Gg. Bina Citra Susukan,-6.312068,106.87178
Gg. Borobudur Ragunan,-6.306803,106.81679
Gg. Bungur IX Rambutan,-6.316983,106.88465
Gg. Buntu Sembar,-6.129992,106.91914
Gg. Burung Dalam,-6.137017,106.82132
Gg. CC Palmerah,-6.201889,106.7883
Gg. Cemara Cilandak KKO,-6.299412,106.81475
Gg. Cengkeh Lubang Buaya,-6.292786,106.90519
Gg. Ciliwung Cililitan,-6.263895,106.86222
Gg. Condet Raya Prepedan,-6.111906,106.70561
Gg. Damai I Rorotan,-6.150802,106.95604
Gg. Damai Lapangan Tembak,-6.347401,106.87448
Gg. Damai Lingkar Timur,-6.194933,106.94389
Gg. Delima III,-6.295721,106.90362
Gg. Elang II Kebantenan,-6.111453,106.92886
Gg. Elang V Kebantenan,-6.111645,106.92882
Gg. Ferry Cibubur,-6.348305,106.87656
Gg. Film Jagakarsa,-6.322356,106.81118
Gg. Giat Raya Ciracas,-6.330162,106.86968
Gg. Gotong Royong,-6.124932,106.89376
Gg. H Daimin Hs Meruya Selatan,-6.199156,106.74177
Gg. H Kebantenan III,-6.108365,106.93331
Gg. H Piran,-6.297323,106.89335
Gg. H Satiri Manshur,-6.173907,106.7485
Gg. H. Abdul Rohim Marunda,-6.120614,106.957
Puri Beta 1,-6.230596,106.72602
Gg. H. Abdullah Marunda,-6.125838,106.95684
Gambir 3,-6.178796,106.83095
Gg. H. Ahmad Nado,-6.304413,106.80243
Gg. H. Amsar,-6.218711,106.77095
Gg. H. Anim Semanan,-6.168368,106.70594
Gg. H. Ayub,-6.270874,106.79762
Gg. H. Bakri,-6.129891,106.90348
Gg. H. Bunen 1,-6.232949,106.88516
Gg. H. Bunen 2,-6.232848,106.88526
Gg. H. Dahlan,-6.293827,106.90412
Gg. H. Denas,-6.127115,106.90597
Gg. H. Doel Bojong Raya,-6.167321,106.73423
Gg. H. Emur Pondok Labu,-6.301858,106.79614
Gg. H. Ganan,-6.335534,106.81909
Gg. H. Gose Raya Cilangkap,-6.338181,106.89885
Gg. H. Jaid Petukangan,-6.246071,106.75194
Gg. H. Kamil,-6.185002,106.95902
Gg. H. Loong Tengah,-6.286959,106.86299
Gg. H. Mesir,-6.337868,106.81624
Gg. H. Mujeni Cililitan,-6.263903,106.86228
Gg. Beringin,-6.385137,106.829015
Gg. H. Naim Kembangan Utara,-6.182271,106.73464
Gg. H. Rosanih Baru,-6.325861,106.85016
Gg. H. Saibun Jati Padang,-6.289383,106.82903
Gg. H. Salihan Jati Padang,-6.296404,106.82833
Gg. H. Sanusi I Ulujami,-6.241758,106.76298
Gg. H. Seman Susukan,-6.327213,106.86898
Gg. H. Solihin 1 Tebet,-6.22337,106.84837
Gg. H. Syarip Sawah Mede,-6.099468,106.70596
Gg. H. Untung Rawa Buaya,-6.163734,106.73352
Gg. H. Yahya Balekambang,-6.287078,106.85064
Gg. H. Yusuf Jati Pdang,-6.292902,106.8287
Gg. Harapan I Jagakarsa,-6.313476,106.81269
Gg. Iman Utara Cibubur,-6.358625,106.88184
Gg. Industri IX Gunung Sahari,-6.144826,106.83425
Gg. Intip Petukangan,-6.228409,106.75242
Gg. Jambu,-6.295578,106.89744
Gg. Kancil I Lenteng Agung,-6.316507,106.83774
Gg. Kancil Marunda,-6.106711,106.96479
Gg. Kebembem 3,-6.208366,106.88486
Gg. Kelor 2,-6.211486,106.86066
Gg. Kembang II Pagelarang,-6.304986,106.91681
Gg. Kerang Raya Dadap,-6.09588,106.71551
Gg. Koperasi Ciracas,-6.327325,106.86902
Gg. Kurung KDW,-6.330806,106.88214
Gg. L Utan Panjang Timur,-6.166888,106.85256
Gg. Langgar II,-6.255477,106.79037
Gg. Langgar Kelapa Dua,-6.213042,106.76941
Gg. Lestari Cibubur,-6.347515,106.87465
Gg. Makmur II,-6.293741,106.90056
Gg. Makmur IV,-6.295125,106.90023
Gg. Manggis VIII Manggarai Selatan,-6.220354,106.84767
Gg. Manggis XIV Tj. Duren,-6.178683,106.78371
Gg. Mantap Cibubur,-6.364269,106.88611
Gg. Marang,-6.217246,106.74855
Gg. Masjid Al Istiqomah Tengah,-6.292614,106.86477
Gg. Masjid Al Khaerot Condet,-6.278232,106.85501
Gg. Mawar,-6.267096,106.88251
Gg. Mawar Kb. Jeruk,-6.197361,106.7672
Gg. Molen,-6.30713,106.87629
Gg. Muhi Pulo Gebang,-6.210145,106.95833
Gg. Mulia Manggarai Selatan,-6.220622,106.84887
Gg. Musholla Karang Tengah I,-6.310623,106.78289
Gg. Musholla Ragunan,-6.308196,106.81588
Gg. Nasim Badeh Susukan,-6.312485,106.87029
Gg. Nusa Indah Ciracas,-6.326137,106.86874
Gg. Oxport Kebantenan VII,-6.110279,106.92941
Gg. P Pertamina Marunda,-6.120683,106.95709
Gg. Padi Pelita Cipinang,-6.211832,106.8877
Gg. Pelangi Damai Raya,-6.248529,106.75345
Gg. Perjuangan Petukangan,-6.23389,106.75156
Gg. Petamburan I KS Tubun,-6.190162,106.80656
Gg. Poncol Malaka III,-6.14769,106.95627
Gg. Pos 5,-6.122442,106.92691
Gg. Pos Ayam,-6.120971,106.92694
Gg. Pos Komodor Halim,-6.265611,106.88321
Gg. Puskesmas Kebagusan Raya,-6.296645,106.8273
Gg. Randu,-6.221883,106.89946
Gg. Reformasi Damai Raya,-6.259917,106.80327
Gg. Remaja Rawa Kuning,-6.19841,106.96164
Gg. Robaya,-6.333288,106.82819
Gg. Rorotan 8,-6.16276,106.9618
Gg. Rukun Lingkar Timur,-6.198644,106.94442
Gg. Rw Ulujami Raya,-6.249665,106.7637
Gg. Sabar 2 Lingkar Timur,-6.199915,106.94488
Gg. Sabar Lingkar Timur,-6.199577,106.94473
Gg. Sadar IV,-6.292873,106.90228
Gg. Sadar Vb,-6.292697,106.9014
Gg. Sahabat Pulo Gebang,-6.212271,106.95588
Gg. Saminten,-6.379436,106.84923
Gg. Samudera Casa Goya,-6.198942,106.77778
Gg. Sapi,-6.304642,106.91132
Gg. Sawo 1,-6.20176,106.93513
Klinik Budhi Medika,-6.19695,106.73235
Gg. Sawo Joglo,-6.217751,106.75034
Gg. Sawo Rawabinong,-6.304571,106.91141
Gg. Sejahtera Lingkar Timur,-6.200604,106.94519
Gg. Kunir II,-6.133976,106.812432
Gg. Ramli KS Tubun,-6.192032,106.805896
Gg. Seruni V Cipinang Lontar,-6.215978,106.88992
Gg. Service,-6.297451,106.90346
Gg. Siluman Cililitan Besar,-6.264959,106.8747
Gg. Subuh,-6.211257,106.89058
Gg. Suka Damai,-6.295718,106.89906
Sbr. Jln. Merpati Putih Kembangan Utara,-6.173369,106.7335
Gg. Swadaya II Cibubur,-6.361451,106.88461
Gg. Swadaya Pagelarang,-6.302646,106.91686
Gg. T Palmerah,-6.20445,106.783
Gg. Tamansari Ragunan,-6.305488,106.81614
Sbr. Jln. Ruby Kembangan Utara,-6.179903,106.73422
Gg. Timbul Jaya Daan Mogot,-6.153096,106.72239
Gg. Tongolo,-6.267049,106.88252
Gg. Tresna Asih Cililitan,-6.263788,106.86849
Gg. Trijaya IV Tebet Timur,-6.232163,106.8528
Gg. U Palmerah,-6.202682,106.78279
Sbr. RS Grand Family,-6.123642,106.73895
Gg. Usaha Ciracas,-6.319908,106.8726
Gg. Wali Pertama Cijantung,-6.326462,106.85743
Gg. Waru,-6.305813,106.91201
Gardu PLN Gotong Royong,-6.225352,106.89697
Garuda Indonesia Pusat,-6.183069,106.82591
Garuda Indonesia Training Center,-6.175417,106.72178
Garuda Taman Mini 1,-6.290384,106.88174
Garuda Taman Mini 2,-6.290148,106.88162
Gas Alam,-6.382128,106.86633
Gatot Subroto LIPI 1,-6.226962,106.81723
Gatot Subroto LIPI 2,-6.226792,106.81771
GBI Sungai Yordan,-6.166828,106.7698
Gebu Minang,-6.225359,106.85576
Gedong Panjang 2,-6.132546,106.80606
Gedung ATC,-6.18872,106.80832
Sbr. Gg. Sawo Joglo,-6.217713,106.74968
Gedung OT,-6.166688,106.72772
Gedung Pertamina,-6.230483,106.78971
Gedung Pompa Cideng Siantar,-6.173284,106.80669
Gedung Pompa Pinang,-6.112304,106.90272
Gedung Pramuka,-6.111364,106.92566
Gedung Senam,-6.224141,106.92339
Gedung Wanita,-6.200921,106.83624
Gelael,-6.242811,106.8475
Gelanggang Remaja Ciracas,-6.33946,106.88226
Gelanggang Remaja Grogol Petamburan,-6.178373,106.78094
Gelanggang Remaja Pasar Minggu,-6.284615,106.83787
Gelanggang Remaja Tj. Priok,-6.13877,106.87193
Gelanggang TB Simatupang,-6.289097,106.77909
Gelora Bung Karno 2,-6.224126,106.80558
Gempol,-6.30729,106.89415
Gempol Baru 1,-6.186429,106.95439
Gerbang Tol Bambu Apus 2,-6.308108,106.89647
Gerbang Tol Joglo 1,-6.218914,106.74426
Gerbang Tol Joglo 2,-6.218702,106.74425
Gerbang Tol Kb. Jeruk,-6.190592,106.76752
Gerbang Tol Meruya Selatan 2,-6.20623,106.73836
Gerbang Tol Pondok Gede,-6.258346,106.91008
Gerbang Tol Tj. Duren,-6.173231,106.79049
Gerbang Tol Veteran,-6.261369,106.76721
Gelora Bung Karno 1,-6.224642,106.8056
Gereja Filipi,-6.104601,106.93692
Gereja HKBP Cilangkap,-6.334412,106.89744
Gereja HKBP Duren Sawit,-6.223308,106.91369
Gereja Katholik Salib Suci,-6.125765,106.91976
Gereja Oikumene,-6.262445,106.88707
Gereja Ora Et Labora,-6.110257,106.92607
Ruko Meruya Ilir,-6.197437,106.75067
Gereja Reformed Injili Indonesia,-6.153049,106.8443
Gereja Santa Anna 1,-6.233953,106.90998
Gereja Santa Anna 2,-6.234003,106.91014
Gereja Santa Maria Imakulata,-6.127632,106.70459
Gereja Sumber Kasih,-6.30282,106.78628
Gereja Tiberias Kelapa Gading,-6.151141,106.90404
Giant Ekspres Pondok Kopi,-6.226153,106.94363
Giant Pondok Gede 1,-6.278286,106.91327
Giant Pondok Gede 2,-6.277896,106.91309
Giant Rawamangun,-6.199861,106.89034
Gerbang Tol Meruya Selatan 1,-6.205553,106.738494
Gereja Santo Bonaventura,-6.17641,106.886672
Sbr. Gereja Jemaat Kiwi,-6.339179,106.87221
Gempol Baru 2,-6.186351,106.9547
GKJ Tj. Priok,-6.105058,106.93214
Global SeVilla Pulo Mas,-6.183941,106.88694
Goethe Institute,-6.189522,106.83138
Gojek Kemang Timur,-6.272963,106.82142
Golden Fatmawati,-6.276685,106.79761
Golf Bandar Kemayoran,-6.143748,106.85374
Gongseng,-6.326712,106.86376
GOR Cipayung 1,-6.308072,106.91922
GOR Cipayung 2,-6.30798,106.91932
GOR Ciracas,-6.325147,106.86413
GOR Handayani Kemanggisan,-6.187211,106.79
GOR Pondok Bambu,-6.223465,106.904
GOR Popki Cibubur,-6.3675,106.88923
GP Mall 1,-6.259636,107.01988
GP Mall 2,-6.259474,107.01987
GPIB Bukit Moria,-6.241727,106.84454
Gracious,-6.153865,106.80789
Graha Delta Tengah,-6.293105,106.85972
Graha Dirgantara,-6.255702,106.88296
Graha Kayu Manis,-6.288287,106.85201
Graha Kemenpora,-6.214153,106.79891
Graha Kirana,-6.150359,106.88755
Graha Mandiri,-6.197443,106.82533
Graha Morris,-6.15147,106.89798
Graha Pejaten,-6.277337,106.84187
Graha Sindu Bpk Penabur,-6.159971,106.83509
Graha Werdatama Pondok Labu,-6.309163,106.79461
Gramedia Harapan Indah,-6.17631,106.97427
Grand Boutique Centre,-6.13531,106.82948
Grand Cempaka Hotel,-6.173334,106.86075
Grand Centro Bintaro,-6.258839,106.75968
Grand Palm,-6.178166,106.71541
Grand Pasar Minggu,-6.290648,106.84236
Grand Sahid,-6.210975,106.82059
Grand Wijaya Dharmawangsa,-6.254752,106.80034
Green Permata,-6.229061,106.76065
Green Puri,-6.174128,106.70684
Green Terrace,-6.303484,106.88539
Green Terrace 2,-6.30478,106.88724
Greenlife Ciracas,-6.327194,106.88265
Grha Intirub,-6.265216,106.87599
Grha Intirub 2,-6.265491,106.87672
Grha Muncul Mekar,-6.209652,106.77093
Simpang Sabar Raya Petukangan 2,-6.236966,106.7526
Grii Kelapa Gading,-6.145063,106.90953
Griya Ardhya Garini 1,-6.259502,106.88953
Griya Ardhya Garini 2,-6.259544,106.88942
Griya Galaxy 126,-6.283553,106.86431
Griya Harapan Permai,-6.183297,106.98167
Griya Kukila Halim Perdanakusuma,-6.28456,106.90678
Griya Sujud Kayu Manis,-6.288991,106.85353
Groserindo,-6.249011,107.01686
JORR,-6.236104,106.75488
Gubah Al Haddad,-6.107712,106.89961
Gunawarman 1,-6.237947,106.80724
Graha Sucofindo,-6.251886,106.84248
Gunawarman 2,-6.234276,106.80756
Gunung Sahari Mangga Dua Barat,-6.137083,106.83229
Gunung Sahari Mangga Dua Timur,-6.137032,106.83254
H Soleh I Sukabumi Selatan,-6.219658,106.77847
Simpang Srengseng Meruya Ilir 1,-6.197437,106.75633
H. Agus Salim 2,-6.184459,106.8248
H. Alwi,-6.309595,106.8389
H. Naman Noer Ali,-6.248932,106.94208
H. Nawi Jln. Madrasah,-6.268026,106.79712
H. Nawi Jln. Timbul,-6.268439,106.79744
GOR Sumantri 2,-6.221038,106.83189
Halim PK,-6.241981,106.87792
Harco Mangga Dua,-6.135648,106.82957
Haris Hotel Kelapa Gading,-6.157718,106.91053
Hero Basuki Rahmat,-6.22764,106.88296
HKBP Petukangan,-6.236688,106.75099
HKBP Rawamangun,-6.196463,106.88597
Honda Letjen Suprapto,-6.174933,106.84973
Hotel Ambhara Blok M,-6.243499,106.80318
Hotel Borobudur 2,-6.159653,106.83912
Hotel Kalisma KS Tubun,-6.188855,106.80824
Hotel Mega Anggrek,-6.184825,106.78994
Jln. B Basmol Raya,-6.161993,106.751531
Harapan Indah Boulevard,-6.186073,106.97502
Hotel Melawai,-6.245857,106.79979
Hotel Mulia,-6.213782,106.79602
Hotel Olive 1,-6.217195,106.61882
Hotel Olive 2,-6.216591,106.61888
Hutan Kota Srengseng,-6.208678,106.76361
IBI-K 57,-6.334036,106.833
Ibik 57,-6.333957,106.833
Icon Residence,-6.201827,106.78268
Imigrasi Jaktim 1,-6.214787,106.88182
Imigrasi Jaktim 2,-6.214552,106.8818
Imigrasi Kelas 1 Jakut,-6.145052,106.89379
Imigrasi Kelas I Jaksel,-6.273244,106.77478
Indosiar 1,-6.163383,106.7755
Indosiar 2,-6.163521,106.77527
Industri SPBU Shell,-6.146556,106.83541
Infinia Park,-6.212589,106.84562
Jln. Jeruk Joglo Barat,-6.218007,106.7572
Institut Teknologi Budi Utomo 1,-6.221862,106.93932
Institut Teknologi Budi Utomo 2,-6.221926,106.93933
Intakindo,-6.208861,106.81018
Ir H Djuanda,-6.381864,106.86551
Iskandar Muda,-6.2443,106.78249
Islamic,-6.228521,106.61473
Islamic Centre Wasilah Subuh,-6.33663,106.89768
Istiqlal 1,-6.172371,106.83071
ITC Cipulir,-6.237701,106.76515
ITC Fatmawati,-6.26352,106.79716
ITC Mangga Dua,-6.136085,106.82549
ITC Roxy,-6.16737,106.80248
ITC Serpong 1,-6.286016,106.66493
ITC Serpong 2,-6.286624,106.66563
Jagakarsa St. Lenteng Agung,-6.332399,106.83506
Jagal 1,-6.190849,106.93465
Jagal 2,-6.190792,106.93472
Jaha,-6.292428,106.81245
Jakarta Islamic Centre 1,-6.119721,106.91704
Jakarta Islamic Centre 2,-6.122114,106.91694
Jakarta Islamic Hospital,-6.299909,106.86966
Jakarta Taipei School,-6.146149,106.90586
Jln. AA Sukabumi Selatan,-6.222492,106.77165
Jln. Abdulrahman Cibubur,-6.363666,106.88413
Jln. Acin Gaton,-6.329381,106.8825
Jln. Adam Malik,-6.237023,106.74712
Jln. Srengseng Raya 3,-6.213944,106.759758
Jln. Adiaksa II,-6.291913,106.78024
Jln. Adil,-6.297278,106.90291
Jln. Adil 2,-6.29588,106.90347
Jln. Al Baidho 1,-6.293763,106.9046
Jln. Al Falah Duri Kosambi,-6.178709,106.71726
Jln. Al Hidayah Balekambang,-6.288369,106.85204
H. Samali,-6.265888,106.84407
Jln. Al Hidayah Basmol,-6.163241,106.75058
Jln. Al Islamiyah Grogol Selatan,-6.225526,106.7765
Jln. Al Marbuk II Balekambang,-6.286247,106.85047
Jln. Albarkah I Cilandak,-6.285505,106.79964
Jln. Albarkah II Cilandak,-6.287157,106.80173
Jln. Alhidayah III,-6.298639,106.9064
Jln. AMD Manunggal V,-6.230374,106.75207
Jln. Ampel,-6.296916,106.89196
Jln. Ampera VI Gunung Sahari,-6.135162,106.83211
Jln. Anggrek Jagakarsa,-6.335708,106.81898
Jln. Anggrek Petukangan,-6.231319,106.75204
Jln. Anggrek Srengseng,-6.19818,106.75616
Jln. Anggur KDW,-6.334146,106.88073
Jln. Angkasa 1,-6.1508,106.84111
Jln. Angkasa Bundaran Kemayoran,-6.156032,106.85067
Jln. Anugrah Raya,-6.258951,106.91029
Jln. Ar Ridho,-6.308148,106.86935
Jln. Arus Jati,-6.208011,106.90193
Jln. As Syafiiyah Raya Cilangkap,-6.338197,106.89899
Jln. Aselih,-6.347277,106.79695
Jln. Aselih Cipedak,-6.352111,106.80147
Jln. Asem Cijantung,-6.326133,106.86322
Jln. Asem Pengantin Ali,-6.324709,106.88366
Jln. Asia Baru I,-6.169601,106.77103
Jln. Asmin 2,-6.308725,106.87205
Jln. Asshofa Raya,-6.213287,106.78166
Jln. Assirot 2 Grogol Selatan,-6.225565,106.7767
Jln. Assirot Dalam Grogol Selatan,-6.225649,106.77478
SMAN 85,-6.215171,106.75989
Jln. B Karang Anyar,-6.155646,106.82754
Jln. Bacang Lubang Buaya,-6.288935,106.89713
Jln. Bak Air 1,-6.115015,106.87245
Jln. Bakti,-6.249166,107.01577
Jln. Bakti Cililitan Besar,-6.265522,106.87663
Jln. Balap Sepeda IV,-6.189168,106.89107
Jln. Bambu Hubuny,-6.308983,106.89799
Jln. Bambu I Srengseng,-6.2067,106.75853
Jln. Bambu II Srengseng,-6.211011,106.75922
Jln. Bambu Kuning,-6.309556,106.89894
Jln. Bambu Ori I,-6.239082,106.9079
Jln. Bambu Ori Raya,-6.239118,106.90768
Jln. Bandengan Utara 1,-6.13609,106.80391
Jln. Bangka I,-6.240656,106.82043
Jln. Banjarsari II,-6.291119,106.79511
Jln. Barkah III Manggarai Selatan,-6.220809,106.85067
Jln. Baros,-6.311046,106.784
Jln. Baru 1,-6.196981,106.62583
Jln. Baru Tanah Merdeka,-6.307818,106.87362
Jln. Batang Hari Cideng Barat,-6.173482,106.81125
Jln. Batas Dua,-6.321501,106.83191
Jln. Batas II Baru,-6.329867,106.85238
Jln. Batu Permata V,-6.279588,106.86244
Jln. Batu Tulis I,-6.279668,106.86241
Jln. Batu Tulis II,-6.280482,106.86271
Jln. Batu Tulis III,-6.281059,106.86308
Jln. Batu Tulis Raya,-6.162969,106.82658
Jln. Batu Tumbuh,-6.272596,106.86722
Jln. BB Sukabumi Selatan,-6.221637,106.77171
Jln. BB Utara,-6.120279,106.79409
Jln. Bek Murad,-6.216717,106.81909
Jln. Belanak II Rawamangun,-6.200972,106.89065
Jln. Belanak III Rawamangun,-6.202063,106.89159
Jln. Belimbing Terusan,-6.115462,106.92147
Jln. Bendungan Hilir Gg. II,-6.21388,106.81353
Jln. Bendungan Hilir Gg. IV,-6.212824,106.81251
Jln. Bendungan Hilir Gg. V,-6.214506,106.81469
Jln. Bendungan Jatiluhur IV,-6.215133,106.81377
Jln. Bendungan Melayu,-6.129991,106.90354
Jln. Bendi Baru,-6.253319,106.77658
Jln. Balai Rakyat,-6.224651,106.8991
Jln. Berlian II Pondok Labu,-6.298412,106.79927
Jln. Bidara Raya Jati Pulo,-6.180551,106.80285
Jln. Bima Bojong Raya,-6.168827,106.73414
Jln. Bima I Cijantung,-6.326321,106.85853
Jln. Bima Kemanggisan,-6.185818,106.78728
Jln. Bina Lontar 1,-6.269343,106.91171
Jln. Bojong Indah Raya,-6.16196,106.73289
Jln. Bojong Indah Raya Klender,-6.230617,106.92586
Jln. Bojong Raya,-6.171085,106.72838
Jln. Bougenvil Indah,-6.181045,106.98008
Jln. Brigif Ciganjur,-6.344465,106.80398
Jln. Buah Cijantung,-6.329411,106.86572
Jln. Bakti II Baru,-6.329144,106.852027
Jln. Budi Jaya,-6.126053,106.884775
Jln. Budi Murni Raya Cilangkap,-6.33352,106.89479
Jln. Bulak Barat V Klender,-6.217018,106.90373
Jln. Bulak Sari,-6.263408,106.75665
Jln. Bulak Tengah II Klender,-6.217183,106.90374
Jln. Bulungan 2,-6.239771,106.79658
Jln. Bumi Pratama III,-6.296434,106.87835
Jln. Bumi Raya,-6.225173,106.91236
Jln. Bumi Sutera Cibubur,-6.350661,106.87776
Jln. Bunga Cempaka II Cipete,-6.26868,106.80636
Jln. Bungur Akses Term. 1,-6.311699,106.885
Jln. Bungur Akses Term. 2,-6.311895,106.8849
Jln. Bungur Besar VI,-6.171611,106.84386
Jln. Bungur Besar XVI,-6.163661,106.84089
Jln. Bungur I Rambutan,-6.313156,106.88475
Jln. Bungur II Rambutan,-6.313168,106.8847
Jln. Bungur IV Rambutan,-6.314442,106.88464
Jln. Bungur VIII Rambutan,-6.316023,106.88494
Jln. Bekasi Timur VI,-6.214956,106.87866
Jln. Bekasi Timur I Jatinegara,-6.215457,106.87083
Jln. Bungur,-6.248103,106.781349
Jln. Batu 1,-6.268886,106.846076
Jln. Busika Raya Ciracas,-6.330017,106.87304
Jln. Cakrawala,-6.264083,106.88424
Jln. Cakrawijaya II,-6.232475,106.88748
Jln. Catur Tunggal,-6.233585,106.88368
Jln. Cek Do Abdul Rahman,-6.29084,106.86563
Jln. Cempaka Bawah Jati Pulo,-6.180729,106.80286
Jln. Cempaka Putih Barat II,-6.174175,106.86034
Jln. Cempaka Putih Barat II B-C,-6.175286,106.85993
Jln. Cempaka Putih Barat III,-6.176146,106.86188
Jln. Cempaka Putih Tengah II,-6.176195,106.86816
Jln. Cempaka Putih Tengah XVI,-6.176206,106.86558
Jln. Cempaka Putih Tengah XXI,-6.176259,106.86817
Jln. Cempaka Putih Tengah XXVII,-6.176274,106.87167
Jln. Cempaka Putih Timur XII,-6.176707,106.87486
Jln. Cempaka Putih Timur XXIV,-6.176781,106.87485
Jln. Cempaka Raya,-6.175557,106.85976
Jln. Cempaka Srengseng Sawah,-6.34463,106.82821
Jln. Cempedak Pesanggrahan,-6.259823,106.75676
Jln. Cendana Cibubur,-6.352173,106.8783
Jln. Cibubur I,-6.346745,106.87343
Jln. Cibubur II,-6.347011,106.87369
Jln. Cibubur III,-6.348146,106.87635
Jln. Cibubur Indah V,-6.350069,106.88415
Jln. Cibubur IV,-6.34947,106.87613
Jln. Cibubur IV/Ii,-6.349071,106.87535
Jln. Cibubur VI,-6.353511,106.87832
Jln. Cibubur VIII,-6.358854,106.88213
Jln. Cideng Barat Dalam,-6.181322,106.8132
Jln. Cideng Timur I,-6.169801,106.81103
Jln. Cikoko Timur I,-6.244291,106.85863
Jln. Cilandak V,-6.287313,106.79558
Jln. Cilincing Bakti,-6.106467,106.93353
Jln. Cilincing Bakti VI,-6.106695,106.93901
Jln. Cilincing Baru Raya,-6.106927,106.92672
Jln. Cipayung Barat I,-6.330893,106.8881
Jln. Cipinang Jagal,-6.211166,106.89556
Jln. Cipinang Muara III,-6.220029,106.8995
Jln. Cipinang Tengah,-6.239989,106.88723
Jln. Cipinang Timur Persahabatan,-6.202447,106.89344
Jln. Citra Garden 3,-6.127106,106.7047
Jln. Curug Raya Kalimalang,-6.248303,106.92306
Jln. D Utan Panjang III,-6.168769,106.85249
Jln. Dahlia KDW,-6.348905,106.88437
Jln. Damai,-6.242741,106.90184
Jln. Damai IV Petukangan,-6.248117,106.75192
Jln. Damai Kalisari,-6.338531,106.86
Jln. Damai Lubang Buaya,-6.291394,106.90593
Jln. Damai Mandor Munding,-6.306868,106.91506
Jln. Damai PBSI Cilangkap,-6.332964,106.89167
Jln. Damai Raya,-6.248569,106.75674
Jln. Damai Susukan,-6.316684,106.87314
Jln. Danau Indah Timur,-6.150051,106.88153
Jln. Karya Bakti Srengseng,-6.220785,106.76032
Jln. Darma Wanita V,-6.161073,106.7317
Jln. Daud I Sukabumi Utara,-6.206437,106.77434
Jln. Delima I,-6.297724,106.9045
Jln. Delima Raya,-6.173827,106.78413
Jln. Delima V,-6.175306,106.78362
Jln. Depsos Raya,-6.263491,106.7663
Jln. Deri Ayama 1,-6.272384,106.86685
Jln. Dewi Sinta,-6.167442,106.91
Jln. Duku Gg. Mantang,-6.112126,106.90832
Jln. Duku Gg. Wisma,-6.112159,106.90977
Jln. Duku Lap Bola,-6.203162,106.75832
Jln. Duku Raya,-6.245761,106.78413
Jln. Dukuh II,-6.288462,106.87563
Jln. Dukuh III,-6.288611,106.8757
Jln. Dul Djaim Cipedak,-6.36178,106.80714
Jln. Duri Bulan Batu Ampar,-6.278857,106.8607
Jln. Duri Selatan III,-6.160101,106.80809
Jln. Duri Tol,-6.185319,106.77025
Jln. Duri Tss Raya,-6.156296,106.80807
Jln. Durian 1,-6.236427,106.75785
Jln. EE Sukabumi Selatan,-6.213416,106.77895
Jln. Elang Laut Kamal,-6.124468,106.74879
Jln. Ciujung Cideng Barat,-6.176623,106.812023
Sbr. Jln. Lapangan Bola II,-6.201889,106.76014
Jln. Elpa Putih II,-6.110053,106.88721
Jln. Flamboyan,-6.297424,106.89605
Jln. Flamboyan Berdikari,-6.120868,106.89439
Jln. Flamboyan Indah II,-6.175006,106.98186
Jln. Flamboyan Srengseng,-6.201831,106.75594
Jln. Gabus Raya,-6.301222,106.83623
Jln. Gading Ayu I,-6.148155,106.90987
Jln. Gading Batavia,-6.148939,106.90002
Jln. Gading Elok Timur IV,-6.168536,106.90603
Jln. Gading Mas Barat IV,-6.167384,106.91019
Jln. Gading Putih Raya,-6.175202,106.9006
Jln. Gading Putih Raya Utara,-6.167864,106.90497
Jln. Gading Raya,-6.165064,106.90626
Jln. Gaharu II Cilandak,-6.279992,106.79957
Jln. Galur Jaya,-6.174642,106.85441
Jln. Gambas Kodam Bintaro,-6.259766,106.7573
Jln. Gamprit Raya,-6.27691,106.91306
Jln. Giri Kencana Raya Cilangkap,-6.340412,106.90292
Jln. Gorontalo II,-6.11345,106.88277
Jln. Gorontalo III,-6.114008,106.88207
Jln. Gorontalo Sungai Bambu,-6.114713,106.88118
Jln. Gotong Royong,-6.260007,106.79662
Jln. Gotong Royong Cipinang Muara,-6.227649,106.89623
Jln. Grafika,-6.290158,106.77095
Jln. Guru Saleh,-6.257895,106.76611
Jln. H Briti B,-6.186247,106.75508
Jln. H Emuntipala I,-6.27689,106.8773
Jln. Hadiah Utama II,-6.161501,106.77987
Jln. H. Abdullah,-6.221319,106.77179
Jln. H. Ahmad,-6.262573,106.78857
Jln. H. Ali Solihin Cibubur,-6.359265,106.87595
Jln. H. Aman,-6.226789,106.92316
Jln. H. Aseni Raya,-6.171954,106.70693
Jln. H. Buang,-6.296921,106.89716
Jln. H. Buang Ulujami,-6.247805,106.76313
Jln. H. Daud,-6.223747,106.77167
Jln. H. Gandun,-6.311012,106.78671
Jln. H. Gari,-6.256091,106.75965
Jln. H. Hamid Semanan,-6.162457,106.70515
Jln. H. Ipin,-6.311098,106.79357
Jln. H. Jian 2B Cipete,-6.264499,106.80426
Jln. H. Jimin Petukangan,-6.233324,106.75159
Jln. H. Jipin Cijantung,-6.325726,106.86076
Jln. H. Jusin Susukan,-6.314775,106.8681
Jln. H. Kasam,-6.208405,106.7378
Jln. H. Khair,-6.30416,106.82083
Jln. H. Kincan Rawa Buaya,-6.164413,106.7355
Jln. H. Komeng Duri Kosambi,-6.178974,106.7194
Jln. H. Koon,-6.311078,106.78659
Jln. H. Mahi,-6.169169,106.96241
Jln. H. Maisin Petukangan,-6.236635,106.75249
Jln. H. Mali Duri Kosambi,-6.167927,106.72403
Jln. H. Marzuki Raya Bogor,-6.328327,106.86483
Jln. H. Mawar Sunter,-6.157856,106.86771
Jln. H. Minan Kamal,-6.103639,106.71059
Jln. H. Muala Palmerah,-6.198447,106.7877
Jln. H. Muhajar,-6.222549,106.77168
Jln. H. Muhi Pondok Pinang,-6.266435,106.77491
Jln. H. Muslim,-6.309044,106.79365
Jln. H. Nasir Srengseng,-6.205389,106.75825
Jln. H. Nirin I Petukangan,-6.247926,106.75195
Jln. H. Peeng Kb. Jeruk,-6.198859,106.7773
Jln. H. Raijin,-6.272541,106.86378
Jln. H. Ridi Swadarma,-6.235424,106.76077
Jln. H. Rohimin Swadarma,-6.232466,106.76069
Jln. H. Saidi,-6.303505,106.84433
Jln. H. Salihun Kb. Jeruk,-6.197429,106.77536
Jln. H. Selong Duri Kosambi,-6.171865,106.72212
Jln. H. Sholeh I,-6.220068,106.77181
Jln. H. Sholeh IA,-6.21933,106.77177
Jln. H. Sidan,-6.280439,106.88257
Jln. H. Tamin S,-6.16011,106.87705
Jln. H. Terin Pangkalan Jati,-6.327961,106.80054
Jln. Dermaga Raya,-6.219151,106.89969
Jln. H. Muhammad Sukabumi Utara,-6.20361,106.776069
Jln. H. Sanusi Taming,-6.184729,106.777871
Jln. Gempol Raya,-6.30739,106.89452
Jln. H. Tohir,-6.224866,106.77157
Jln. H. Ung,-6.164059,106.85306
Jln. H. Untung Bojong Raya,-6.170258,106.73355
Jln. H. Zainuddin,-6.259083,106.78936
Jln. Harun II Sukabumi Utara,-6.20364,106.77662
Jln. Ikan Hias Batu Ampar,-6.27255,106.86272
Jln. IKPN Bintaro,-6.25997,106.76787
Jln. Indraloka Gg. VIII,-6.154231,106.77871
Jln. Industri 1,-6.20329,106.62026
Jln. Industri 2,-6.203092,106.62023
Jln. Industri I,-6.147508,106.83679
Jln. Industri III,-6.146214,106.83492
Jln. Industri Suci Raya,-6.312223,106.86972
Jln. Industri Tj. Priok,-6.118624,106.86783
Jln. Irigasi THB,-6.18227,106.99334
Jln. Janur Elok IX,-6.144832,106.90223
Jln. Janur Hijau IV,-6.171558,106.89825
Jln. Janur Indah XI,-6.155924,106.90801
Jln. Jatinegara Timur III,-6.218533,106.86864
Jln. Jatinegara Timur IV,-6.222457,106.86816
Jln. Jatipadang Poncol,-6.297767,106.83089
Jln. Jaya Abadi,-6.275357,106.91273
Jln. Jelambar Barat IIIB,-6.150348,106.78321
Jln. Jembatan I Balekambang,-6.285812,106.8504
Jln. Jeruk Garut,-6.183912,106.7777
Puskesmas Kb. Jeruk,-6.198765,106.76534
Jln. Jeruk Nipis,-6.197556,106.76575
Jln. Jiban I Grogol Selatan,-6.233904,106.78375
Jln. Jiban II Grogol Selatan,-6.233634,106.78176
Jln. Kaimun Jaya,-6.292537,106.78705
Jln. Kaja II KDW,-6.330882,106.88203
Jln. Kaja Raya Ciracas,-6.328241,106.88214
Jln. Kalanada Dewa Kembar,-6.108078,106.92544
Jln. Kali Baru Timur VII,-6.166793,106.85223
Jln. Kaliabang Dukuh,-6.183299,106.98515
Jln. Kaliabang Rorotan,-6.128157,106.96325
Jln. Kalibaru Timur III,-6.171701,106.85198
Duri Kepa,-6.185266,106.76842
Jln. Kampung Baru,-6.170069,106.74932
Jln. Kampung Baru II Swadarma,-6.227325,106.76059
Jln. Kampung Baru Permai,-6.224943,106.77162
Jln. Kampung Baru V Swadarma,-6.224839,106.76071
Jln. Kampung Utan Cilandak KKO,-6.30194,106.81439
Jln. Kapuas Cideng Barat,-6.175132,106.81166
Jln. Kapuk Bambu Apus,-6.30636,106.91366
Jln. Karet Pasar Baru Barat IV,-6.209179,106.81756
Jln. Karet Pasar Baru Barat VII,-6.212105,106.81764
Jln. Kartika Meruya Selatan,-6.203099,106.73673
Jln. Karya 2,-6.295061,106.90028
Jln. Karya Bakti III Cijantung,-6.325758,106.86079
Jln. Karya Mandiri Srengseng,-6.219143,106.76028
Jln. Karet Pasar Baru Barat I,-6.204692,106.816351
Jln. Jeruk Manis,-6.197369,106.765629
Jln. Karya Sakti Srengseng,-6.216001,106.76008
Jln. Karya Sari Srengseng,-6.216531,106.76011
Jln. Karya Utama,-6.217168,106.76249
Jln. Kavling PGRI,-6.182399,106.99332
Jln. Kayu Putih I,-6.180885,106.892
Jln. Kayu Putih Utara C,-6.180097,106.89222
Jln. Kebagusan Dalam 1,-6.319264,106.83334
Jln. Kebagusan III,-6.309083,106.82708
Jln. Kebagusan Wates,-6.315014,106.82531
Jln. Kebantenan IV Gg. R,-6.109215,106.9311
Jln. Kebantenan V Asrama AIRUD,-6.107132,106.93225
Jln. Kebembem,-6.338355,106.82263
Jln. Kb. Bawang XII,-6.115597,106.88792
Jln. Kb. Bawang XIII,-6.11557,106.88687
Jln. Kb. Jahe II,-6.180487,106.81753
Jln. Kb. Kacang VIII,-6.187181,106.81827
Jln. Kb. Kacang X,-6.18713,106.8201
Jln. Kb. Nanas,-6.220356,106.78136
Jln. Kb. Nanas Utara,-6.231512,106.87125
Jln. Kb. Nanas V Grogol Utara,-6.219885,106.77855
Jln. Kb. Nanas V Permata Hijau,-6.220567,106.78137
Jln. Jelambar Utama Sakti VIII,-6.153541,106.77931
Jln. Kecapi,-6.17224,106.91058
Jln. Kelapa Cengkir Barat VIII,-6.163304,106.90375
Jln. Kelapa Dua,-6.216557,106.76997
Jln. Kelapa Gading III Cililitan Besar,-6.263858,106.86859
Jln. Kelapa Hybrida 10,-6.144495,106.90988
Jln. Kelapa Hybrida IV,-6.146604,106.90973
Jln. Kelapa Kopyor Barat IV,-6.168927,106.90405
Jln. Kelapa Kopyor Timur IV,-6.169029,106.90417
Jln. Kelapa Nias IV,-6.152909,106.90938
Jln. Kelapa Puyuh I,-6.17497,106.90231
Jln. Kelapa Puyuh II,-6.174869,106.9023
Kebon Jeruk,-6.194311,106.76887
Jln. Kemandoran VI Grogol Utara,-6.208236,106.78331
Jln. Kemandoran VII Grogol Utara,-6.209631,106.78344
Jln. Kemandoran VIII Grogol Utara,-6.211025,106.78358
Jln. Kemang III,-6.260088,106.81548
Kemang 4,-6.260102,106.81537
Jln. Kemang Selatan I,-6.264858,106.81618
Kemang Raya 40,-6.265429,106.81602
Kemang 8,-6.268802,106.81555
Jln. Kemang Timur XVII,-6.268651,106.82396
Jln. Kemanggisan Utama I,-6.189672,106.78914
Jln. Kemenyan Ciganjur,-6.339055,106.80508
Jln. Kencana Muria Setiabudi,-6.210088,106.83703
Jln. Kesadaran Kali Malang,-6.239286,106.88739
Jln. Kesehatan IV Cideng Timur,-6.172622,106.81142
Jln. Keselamatan 2 Manggarai Selatan,-6.220617,106.84867
Jln. Kayu Tinggi,-6.18465,106.94523
Jln. KH A Wahab I,-6.154911,106.72709
Jln. Kapuk 3,-6.217924,106.89993
Jln. Kapuk 2,-6.216186,106.90024
Jln. KH Abdul Hamid Duri Kosambi,-6.179,106.71959
Jln. KH Aja Meruya Selatan,-6.200687,106.74099
Jln. KH Cholil,-6.200518,106.78694
Jln. KH Djunaidi Palmerah,-6.196904,106.78776
Jln. Kober Balekambang,-6.282428,106.84937
Jln. Komarudin Timur Lingkar Timur,-6.196226,106.94401
Jln. Komplek Cakrawala,-6.11245,106.91587
Jln. Komplek Migas V Palmerah,-6.197003,106.78772
Jln. Komplek Polri Foremos,-6.335144,106.86794
Jln. Kota Bambu Selatan IV,-6.189285,106.80164
Jln. KPBD,-6.223548,106.77843
Jln. Kramat Cipedak,-6.363585,106.80336
Jln. Kramat I Rawabinong,-6.298205,106.9054
Jln. Kramat II Rawabinong,-6.298627,106.90654
Jln. Kramat III Rawabinong,-6.299055,106.90782
Jln. Kemandoran III Grogol Utara,-6.20692,106.785842
Jln. Kramat Lubang Buaya,-6.291363,106.90599
Jln. Kramat Pangeran Syarif,-6.28524,106.90141
Jln. Kramat V Rawabinong,-6.300009,106.91039
Jln. KRI Harimau,-6.253467,106.79112
Jln. Krupuk,-6.312683,106.91301
Jln. KS Tubun II,-6.1919,106.80579
Jln. Kumbang Cililitan,-6.269099,106.86019
Jln. Kunang Kunang 1,-6.256656,107.02149
Jln. Kunang Kunang 2,-6.25692,107.02125
Jln. Kuning Tua,-6.164733,106.90996
Jln. Kwitang Timur,-6.173788,106.85185
Jln. Lagoa Kanal,-6.111979,106.88416
Jln. Langgar,-6.218336,106.75392
Jln. Lapangan Bola II,-6.201787,106.76025
Jln. Lapangan Merah,-6.218499,106.75514
Jln. Lapangan Ros II Bukit Duri,-6.22434,106.85512
Jln. Lapangan Ros III Bukit Duri,-6.22093,106.85398
Jln. Lapangan Tenis Srengseng,-6.205207,106.7583
Jln. Leman Bambu Batas,-6.241589,106.89848
Jln. Lembah Palem Pondok Kelapa,-6.236358,106.93438
Margasatwa 1,-6.116038,106.76903
Jln. Limo Jatinegara Timur,-6.223388,106.86808
Jln. Lorong 19,-6.107881,106.89701
Jln. Lorong 22,-6.108141,106.89932
Jln. Lorong 4,-6.107701,106.89492
Jln. Kesatuan Cengkareng Barat,-6.149981,106.718308
Jln. Kemang Timur XI,-6.265529,106.823839
Jln. Kenanga,-6.287468,106.81848
Jln. Kemanggisan Utama VII,-6.191264,106.785618
Jln. Kesadaran Pool Bus 1,-6.182475,106.91309
Jln. Lorong 5,-6.107716,106.8955
Jln. Lotus Indah,-6.116215,106.76534
Jln. M Sarbini Munggang,-6.276747,106.85169
Jln. Madrasah Al Husna,-6.299956,106.77531
Jln. Madrasah Bambu Batas,-6.241656,106.89874
Jln. Madrasah Daan Mogot,-6.155691,106.70774
Jln. Madrasah Duri Kosambi,-6.179068,106.72159
Jln. Madrasah I Bojong Raya,-6.168523,106.7341
Jln. Madrasah II Sukabumi Selatan,-6.209608,106.78336
Jln. Madrasah Sukabumi Utara,-6.203292,106.77151
Jln. Majalah,-6.232603,106.88758
Jln. Majelis Meruya Ilir,-6.197218,106.75773
Jln. Makam,-6.238418,106.77745
Jln. Makmur,-6.30788,106.86715
Jln. Makmur Raya Bogor,-6.309281,106.86352
Jln. Malaka HB Rorotan,-6.142495,106.95634
Jln. MAN 2,-6.300627,106.88067
Jln. Mandala Selatan II,-6.173856,106.80019
Jln. Mandiri Ciracas,-6.316376,106.87326
Jln. Mandiri Tengah,-6.1591,106.90961
Jln. Mandor Munding,-6.307095,106.91558
Jln. Mangga,-6.27047,106.79737
Jln. Mangga Besar 13,-6.141214,106.82696
Jln. Mangga Besar 13 Raya,-6.147952,106.82669
Jln. Mangga Cibubur,-6.356542,106.88056
Jln. Mangga Dua I Utara,-6.137564,106.81894
Jln. Mangga Dua VIII,-6.13562,106.82825
Jln. Mangga KDW,-6.332033,106.88186
Jln. Manunggal Bakti Kalisari,-6.335016,106.85277
Jln. Manunggal II Ceger,-6.311199,106.88876
Jln. Manunggal II Petukangan,-6.245931,106.7519
Jln. Manunggal Meruya Selatan,-6.203307,106.73894
Jln. Manunggal XIII Raya Condet,-6.277929,106.85496
Jln. Marabahan Cideng,-6.172066,106.80538
Jln. Marunda Baru,-6.125303,106.95692
Jln. Masjid Al Anwar Sukabumi Selatan,-6.210884,106.78348
Jln. Masjid Al Ihsan,-6.280339,106.87117
Jln. Masjid Al Ikhlas,-6.23727,106.93436
Jln. Masjid Al Jadid I Baru,-6.328279,106.8512
Jln. Masjid Al Wustho,-6.245281,106.90494
SPBU H. Kelik,-6.208644,106.77029
Jln. Masjid Baabul Minan,-6.220471,106.741
Jln. Masjid Jatinegara,-6.219428,106.86879
Jln. Masjid Soeprapto,-6.277536,106.87806
Jln. Mawar Kav DKI,-6.208619,106.73068
Jln. Melati,-6.272865,106.8769
Jln. Melati Bhakti,-6.229557,106.9015
Jln. Melati Indah Pejuang,-6.180893,106.97951
Jln. Melati PKP,-6.339932,106.87859
Jln. Melati Senen,-6.176615,106.84444
Jln. Melati Tugu V,-6.121401,106.90793
Jln. Melur Tugu,-6.12276,106.90791
Jln. Melur Tugu VI,-6.124445,106.90783
Jln. Menteng,-6.113156,106.91703
Jln. Menteng Atas Raya,-6.214616,106.83799
Jln. Menteng Pulo II,-6.221456,106.84094
Jln. Merpati Putih Kembangan Utara,-6.173415,106.7336
Jln. Merpati Raya Pesanggrahan,-6.249642,106.75673
Jln. Mesjid Abidin,-6.229484,106.90194
Jln. Mesjid Al Mabruk,-6.28435,106.85293
Simpang Panjang Arteri Madrasah I,-6.21542,106.77446
Jln. Mesjid Attaqwa Kembangan Utara,-6.175315,106.7339
Jln. Mesjid I Benhil,-6.205368,106.80654
Jln. Metro Duta 1,-6.283107,106.78028
Jln. Metro Sunter Jaya,-6.137262,106.87422
Jln. Mini,-6.311142,106.90423
Jln. Mini I,-6.311268,106.90545
Jln. Minyak Raya,-6.253372,106.83813
Jln. Mokmer 1,-6.149426,106.83966
Jln. Muara 1,-6.304063,106.85061
Jln. Muhidin KDW,-6.335157,106.87957
Jln. Mujair Raya,-6.299485,106.83347
Jln. Mundu,-6.294375,106.88957
Jln. Murai II Jati Padang,-6.287663,106.82545
Jln. Musyawarah Panjang Arteri,-6.200859,106.76922
Jln. Mutiara Benhil,-6.209709,106.81236
Jln. Nagrak Marunda,-6.126878,106.95677
Jln. Nanggala Dewa Kembar,-6.10741,106.92535
Jln. Nangka,-6.306392,106.89015
Jln. Nangka 1,-6.303876,106.84724
Jln. Nangka Raya,-6.304178,106.84515
Jln. Nangka Tomang Asli,-6.178329,106.80409
Jln. Nimun Raya,-6.253204,106.77344
Jln. Nusa Indah II,-6.219858,106.93152
Jln. Nusa Indah V,-6.218179,106.93549
Jln. Nusa Indah VI,-6.218255,106.93619
Jln. Nusa Indah VII,-6.218457,106.93803
Jln. Olahraga I Raya Condet,-6.266695,106.86058
Jln. Otista III Komplek IV,-6.231907,106.87555
Jln. Otista III Selatan,-6.231786,106.86931
Jln. Otista III Utara,-6.23171,106.86936
Jln. Pahlawan,-6.300584,106.76211
Jln. Pahlawan Sukabumi Selatan,-6.223927,106.77164
Jln. Pakarena,-6.170344,106.90914
Jln. Pala,-6.294269,106.90439
Jln. Palatehan II,-6.241135,106.80129
Jln. Palem,-6.218201,106.75716
Jln. Palem Jepang Baru,-6.218391,106.61589
Jln. Palmerah Barat IV,-6.206862,106.78637
Jln. Palmerah Utara I,-6.202107,106.79887
Jln. Palmerah Utara II,-6.202805,106.79801
Jln. Panca Warga 3,-6.23362,106.88365
Jln. Panca Warga IV,-6.239508,106.88341
Jln. Pancoran Timur III,-6.249482,106.84661
Jln. Pancoran Timur V,-6.249467,106.84703
Jln. Pancoran Timur VII,-6.249444,106.84822
Jln. Pancoran Ulujami,-6.252292,106.76447
Jln. Pangeran Balekambang,-6.281031,106.85073
Jln. Pangkalan Jati VI,-6.254467,106.90953
Jln. Papandayan Muria Setiabudi,-6.209879,106.83677
Jln. Parkit Bulak Ringin,-6.349665,106.87296
Jln. Ps. Enjo,-6.211754,106.87872
Jln. Pasopati Dewa Kembar,-6.108065,106.92548
Jln. Pekan Raya,-6.151154,106.84215
Jln. Pelepah Elok I,-6.152983,106.90908
Jln. Pelepah Elok VIII,-6.149005,106.90064
Jln. Pemadam Kebakaran Cacing,-6.128677,106.93011
Jln. Pemancingan Srengseng,-6.206771,106.7586
Jln. Penataran,-6.20228,106.84418
Jln. Pendet,-6.172117,106.90895
Jln. Pendidikan Jatinegara Kaum,-6.212717,106.8977
Jln. Pengadegan Utara,-6.246563,106.85854
Jln. Pepaya V Jagakarsa,-6.320652,106.81847
Jln. Pepaya VI Jagakarsa,-6.32031,106.81852
Jln. Percetakan Susukan,-6.323535,106.86973
Jln. Perdagangan,-6.305576,106.91666
Jln. Perdagangan Bintaro,-6.27461,106.7633
Jln. Perkutut Bukit Duri,-6.220981,106.85438
Jln. Permata Indah 8,-6.182805,106.98805
Jln. Pertanian II,-6.302022,106.77751
Jln. Pesanggrahan,-6.308339,106.75598
Jln. Peta Utara,-6.144574,106.70249
Jln. Petak Baru,-6.139494,106.8079
Jln. Petamburan IIb,-6.189365,106.80175
Jln. Petamburan KS Tubun,-6.188778,106.80951
Jln. Petojo Barat Raya,-6.164893,106.81067
Jln. Petojo Barat V,-6.163077,106.81043
Jln. Petojo Selatan VII,-6.168829,106.81058
Jln. Petukangan Indah,-6.248575,106.75558
Jln. Pinang Gg II,-6.112326,106.90458
Jln. Pinang II Pondok Labu,-6.310414,106.79665
Jln. Pinang IIIb,-6.308157,106.79798
Jln. Pinang Kalijati 1 Pondok Labu,-6.306302,106.80102
Jln. Pinang Raya,-6.308942,106.79372
Jln. Pinang VI Pondok Labu,-6.30618,106.80099
Jln. Pintu Air II Pasar Baru,-6.164921,106.8302
Jln. Pintu Air V Pasar Baru,-6.163562,106.8293
Jln. Pisangan Lama I,-6.214711,106.875
Jln. Pisangan Lama II,-6.214575,106.87633
Jln. Pinang IV Pondok Labu,-6.307489,106.800487
Jln. Nanas Lap Bola,-6.200665,106.760634
Jln. Pancoran Indah 1,-6.2515,106.842747
Jln. Pelita,-6.25116,106.77818
Jln. Pam Lama I,-6.20374,106.805603
Jln. Olahraga 1 Raya Bogor,-6.267006,106.865951
Jln. Pisangan Lama III,-6.214491,106.87763
Jln. Plk II Cililitan Besar,-6.265021,106.87468
Jln. Pluit Raya 2,-6.125392,106.7978
Jln. Poncol Jaya 1,-6.239706,106.81889
Jln. Poncol Jaya 2,-6.239441,106.81883
Jln. Pondok Kelapa Selatan,-6.249524,106.93552
Jln. Pondok Labu 1A,-6.301927,106.79248
Jln. Pondok Pinang IV,-6.26655,106.775
Jln. Pontian Halim,-6.249205,106.89336
Jln. Martaip Sukabumi Selatan,-6.216977,106.77718
Jln. Primanota,-6.168008,106.91097
Jln. Pucung 1 Munggang,-6.27934,106.85085
Jln. Pucung 2 Munggang,-6.278959,106.85078
Jln. Pulau Sangiyang Lingkar Timur,-6.193412,106.94376
Jln. Pule Ciracas,-6.314331,106.8759
Jln. Pule I Cijantung,-6.326061,106.86306
Jln. Pulo Gundul,-6.186182,106.85155
Jln. Pulo Mas Barat VI,-6.177823,106.88231
Jln. Pulogayung Petukangan,-6.248536,106.75563
Jln. Puma Bundaran Kemayoran,-6.155895,106.85126
Jln. Pura Agung Taman Sari,-6.248963,106.89336
Jln. Putra III Jagakarsa,-6.335528,106.83154
Jln. Rajai Ulujami,-6.241707,106.76292
Jln. Rama IX,-6.299269,106.90856
Jln. Rasamala Dalam,-6.174938,106.80488
Jln. Rasela,-6.148562,106.8385
Jln. Ratu Melati 5,-6.168539,106.76987
Jln. Rawa Belong 2B,-6.200607,106.78708
Jln. Rawa Indah,-6.266569,106.91152
Jln. Rawa Kepa IX,-6.174091,106.80308
Jln. Rawa Segaran,-6.306765,106.8919
Jln. Raya Pelepah Indah,-6.153095,106.90661
Jln. Rejo,-6.259506,106.79685
Jln. Rela Menteng Pulo,-6.221416,106.84196
Jln. Rorotan IX Gg. IV,-6.160091,106.95916
Jln. Rorotan V Gg. 1,-6.136056,106.95477
Jln. Ruby Kembangan Utara,-6.179727,106.73419
Jln. Rukem Jaya 2,-6.178932,106.96168
Jln. S Kalimalang Tarum Barat,-6.248748,106.90841
Jln. Sabar 1 Petukangan,-6.240055,106.75249
Jln. Sahabat Kamal,-6.106197,106.70258
Jln. Salam IV,-6.20349,106.77897
Jln. Sambu Halim,-6.247047,106.89053
Jln. Sandratex 1,-6.293846,106.76507
Jln. Sandratex 2,-6.293633,106.76529
Jln. Saorma Kalisari,-6.338286,106.85875
Jln. Saraswati Cipete,-6.263214,106.8042
Jln. Satria VI Grogol,-6.165395,106.78837
Jln. Sawah Mede I,-6.0981,106.70801
Jln. Sawo III Pegambiran,-6.201116,106.89042
Jln. SDN Kap Pulo,-6.178232,106.71373
Jln. Sejahtera,-6.276295,106.91284
Jln. Selat Potinti,-6.23613,106.9164
Jln. Selatan Lap Bola,-6.204334,106.75804
Jln. Semanan II,-6.163679,106.70529
Jln. Sepakat,-6.297483,106.89612
Jln. Sepakat X Raya Cilangkap,-6.340473,106.90299
Jln. Serdang,-6.228906,106.91459
Jln. Seroja Cengkareng Barat,-6.147868,106.71954
Jln. Setia 1,-6.269279,106.91183
Jln. Siman Noar,-6.300103,106.88072
Jln. Simprug Golf 2,-6.227607,106.79042
Jln. Sindang Terusan,-6.111462,106.89934
Jln. Sitrun,-6.197192,106.76696
Jln. SMAN 63,-6.228154,106.74704
Jln. SMAN 64,-6.332331,106.89008
Jln. SMAN 99,-6.351933,106.8725
Jln. SMP 171,-6.313102,106.87528
Jln. SMP 175,-6.319534,106.82512
Jln. SMPN 147,-6.362267,106.88793
Jln. Sodong Raya Persahabatan,-6.202647,106.89628
Jln. SPG 7,-6.286157,106.9049
Jln. SPG 7 Al Baidho,-6.292667,106.90142
Jln. Srengseng Dalam Lap Bola,-6.203141,106.75978
Jln. Srengseng Raya 1,-6.217561,106.75992
Jln. Srengseng Raya 2,-6.217405,106.76064
Jln. Suci Raya Bogor,-6.318636,106.86474
Jln. Sanggau Cideng,-6.169607,106.803747
Jln. Sukabumi Selatan,-6.216704,106.76921
Jln. Sukamulya III Harapan Mulya,-6.170439,106.8524
Jln. Sumanggung 3,-6.171242,106.90278
Jln. Summagung II Barat,-6.172386,106.90189
Jln. Summagung II Timur,-6.17247,106.90203
Jln. Sunan Drajad,-6.193665,106.89479
Jln. Sungai Barito Sembar,-6.129487,106.91884
Jln. Sungai Landak,-6.109326,106.94138
Jln. Sungai Sambas VI,-6.246441,106.7978
Jln. Sunter Jaya V,-6.159128,106.87008
Jln. Sunter Jaya VI,-6.160663,106.8727
Jln. Supriyadi,-6.173794,106.65622
Jln. Swadarma I,-6.235473,106.76071
Jln. Swadarma III,-6.232719,106.76064
Jln. Swadarma Raya,-6.237451,106.76089
Jln. Swadarma Utara,-6.229106,106.76056
Jln. Swadarma Utara VI,-6.227071,106.76054
Jln. Swadaya I,-6.297164,106.89478
Jln. Swadaya Pln,-6.20965,106.90171
Jln. Swadaya Pos Rawa Kuning,-6.198443,106.96157
Jln. Swadaya Raya Jelambar,-6.159064,106.7781
Jln. Swakarsa III Pondok Kelapa,-6.244759,106.94249
Jln. Swasembada Barat II,-6.126116,106.88485
Jln. Sadar,-6.221149,106.84638
Jln. Siaga Bakti 2,-6.273291,106.84642
Jln. Swasembada Barat III,-6.125647,106.8849
Jln. Swasembada Barat IX,-6.123297,106.885
Sbr. Pemadam Grogol Utara,-6.213731,106.77765
Jln. Swasembada Barat VI,-6.124364,106.88501
Jln. Swasembada Barat VIII,-6.123894,106.88502
Jln. Swasembada Barat XI,-6.122565,106.88497
Jln. Swasembada Barat XII,-6.122157,106.88881
Jln. Swasembada Timur XV,-6.121072,106.88852
Jln. Tali Kota Bambu Selatan,-6.189326,106.79927
Jln. Taman Alfa Indah,-6.218503,106.75404
Jln. Taman Enau,-6.232643,106.93435
Jln. Limo Grogol Utara,-6.22506,106.77851
Jln. Taman Kemang,-6.255317,106.8095
Jln. Taman Malaka Utara 3 Gg D,-6.230639,106.93161
Jln. Taman Malaka Utara Gg A,-6.230712,106.9335
Jln. Taman Sari I,-6.161249,106.82678
Jln. Taman Sari X,-6.152959,106.82708
Jln. Taman Sari XI,-6.150017,106.82676
Jln. Tambora VI,-6.141703,106.80777
Jln. Tambora VI Gg. 2,-6.14285,106.80679
Jln. Sungai Musi Sembar,-6.130915,106.919826
Jln. Tanah Abang I,-6.173433,106.8214
Jln. Tanah Abang II,-6.175527,106.82046
Jln. Tanah Abang III,-6.177087,106.81961
Jln. Tanah Abang IV Cideng,-6.177539,106.81265
Jln. Tanah Abang V,-6.179361,106.8182
Jln. Tanah Sereal X,-6.155909,106.80818
Jln. Tanah Sereal XIII,-6.155353,106.80815
Jln. Tanah Tinggi III,-6.175078,106.84765
Jln. Tj. Duren Timur I,-6.181546,106.79251
Jln. Tj. Duren Timur Raya,-6.173797,106.78653
Jln. Tj. Duren Utara 8,-6.173847,106.78057
Jln. Tj. Duren Utara V,-6.173301,106.78304
Jln. Tj. Gedong,-6.166664,106.79388
Jln. Tari Klasik,-6.169164,106.91063
Jln. Tawakal VA,-6.16866,106.79501
Jln. Tawakal VIA,-6.169154,106.79411
Jln. Tebet Barat Dalam VIII,-6.241241,106.84754
Jln. Tebet Barat VIII,-6.238492,106.85002
Jln. Tebet Dalam VI A,-6.238984,106.84825
Jln. Tebet Timur III,-6.237629,106.85348
Jln. Tegal Amba Rt03,-6.223017,106.90648
Jln. Telepon Kota,-6.137233,106.81165
Jln. Teluk Mandar 1,-6.238715,106.90988
Jln. Teluk Mandar 2,-6.238944,106.91004
Jln. Teratai Cililitan,-6.269234,106.86015
Jln. Teratai Komplek Wijaya Kusuma,-6.225927,106.90634
Jln. Tiang Bendera III,-6.134768,106.80901
Jln. Timbul III,-6.350411,106.80329
Jln. Timbul IV,-6.350916,106.80771
Jln. Tipar Cibubur,-6.343819,106.8695
Jln. Swadaya Raya,-6.228145,106.917435
Jln. Timah Harapan Mulya,-6.171595,106.852347
Jln. Tipar Selatan I,-6.133679,106.92117
Jln. Tomang Tinggi Gg. 1,-6.170426,106.79911
Jln. Tomang Utara II,-6.170481,106.79915
Jln. Tpa II,-6.296656,106.89723
Jln. Trikora,-6.304918,106.86567
Jln. Tubagus Baddarudin,-6.21249,106.89767
Jln. Tugu Indah,-6.123127,106.92665
Simpang Ps. Patra 2,-6.182981,106.77982
Jln. Veteran 1,-6.253781,106.83581
Jln. Veteran 2,-6.253771,106.83574
Jln. Villa Ampera,-6.273183,106.81589
Jln. Warakas Gg 10,-6.12535,106.87833
Pondok Indah Plaza,-6.284041,106.780333
Jln. Warakas I Gg. 4,-6.116587,106.8783
Jln. Warakas I Gg. 5,-6.117289,106.87716
Jln. Warakas I Gg. 5B,-6.116724,106.87801
Jln. Warakas I Gg. 6,-6.117145,106.87749
Jln. Warakas I Gg. 8,-6.117623,106.87674
Jln. Warakas II,-6.117016,106.88045
Jln. Warakas III,-6.118168,106.88087
Jln. Warakas V,-6.124062,106.88285
Jln. Warakas VI Gg. 16,-6.126026,106.87572
Jln. Warakas VI Gg. 18,-6.126027,106.87471
Jln. Warakas VI Gg. 20,-6.126022,106.87367
Jln. Warung Sila Ciganjur,-6.344895,106.80396
Jln. Wijaya I,-6.231789,106.88646
Jln. Wr Supratman,-6.305661,106.75749
Jln. WW Sukabumi Selatan,-6.213665,106.77686
Jln. Yunus 2 Sukabumi Utara,-6.204318,106.78292
Jln. Zakarian I Sulaiman,-6.206147,106.78063
Jambul,-6.259055,106.86404
Jamsostek,-6.233804,106.82229
Jamsostek Gatot Subroto,-6.232925,106.82187
Janur Kuning Residence,-6.163191,106.90349
Jasa Marga Cililitan 1,-6.26477,106.87237
Jasa Marga Cililitan 2,-6.264703,106.87224
Jasa Warga,-6.380045,106.85354
Jasamarga Toll Road Maintenance,-6.291584,106.8807
Jatibening 1,-6.257161,106.94651
Jatibening 2,-6.257093,106.94168
Jatinegara Kaum Raya Bekasi,-6.203351,106.90407
Jatinegara Timur,-6.220486,106.86825
Jatipadang Raya,-6.293986,106.82335
Jelambar 1,-6.166461,106.78707
Jelambar 2,-6.166706,106.78643
Jembatan Biru,-6.142184,106.83342
Jln. Wisma Semar,-6.310457,106.805299
Jatinegara RS Premier 1,-6.221992,106.86818
Jembatan BKT Pendidikan Raya 1,-6.229216,106.91736
Jembatan BKT Pendidikan Raya 2,-6.229245,106.91753
Jembatan Cempaka Mas Utara,-6.16198,106.87432
Jembatan Kali Tegal Amba,-6.222926,106.90534
Jembatan Kapuk Kamal PIS1,-6.124383,106.75175
Jembatan Kayu Jati 1,-6.189407,106.88707
Jembatan Kayu Jati 2,-6.18936,106.88684
Jembatan Kayu Putih Selatan,-6.188486,106.89125
Jembatan Marunda Makmur,-6.105728,106.96801
Jembatan Merah 1,-6.221164,106.84618
Jembatan Merah 2,-6.146531,106.83442
Jembatan Merah 3,-6.147901,106.8343
Jembatan Pantai Indah Utara 1,-6.121889,106.75204
Jembatan Perempatan Cempaka Putih Timur,-6.176422,106.87311
Jembatan Pesakih Semanan,-6.155824,106.716
Jembatan Pintu 1,-6.300551,106.88367
Jembatan Pintu Satu,-6.300382,106.88363
Jembatan Raya Prepedan,-6.120539,106.70872
Jembatan Sapi Cilincing Bakti,-6.106641,106.93905
Jembatan St. Jayakarta,-6.14233,106.82384
Jembatan Tegal Amba,-6.222874,106.90536
JIEP 1,-6.192968,106.90579
Jiep 2,-6.192554,106.90569
Joe,-6.318127,106.83576
Joglo,-6.220009,106.74171
JPO Asrama Polri Cideng,-6.17963,106.81277
Jembatan Taman Kota,-6.15763,106.757458
Jembatan Pluit Karang Timur,-6.112866,106.784373
Jembatan Kota Intan,-6.131528,106.810346
Jembatan Sungai Landak 2,-6.10525,106.940063
JPO Barat Pondok Indah 1,-6.28723,106.77936
JPO Blok E,-6.184738,106.81492
JPO Mandiri,-6.184803,106.81513
JPO Perjuangan,-6.190412,106.76196
JPO Timur Pondok Indah 1,-6.287054,106.77989
Juraganan,-6.220342,106.79119
Bungur,-6.252688,106.78164
Kalibata City 1,-6.255951,106.85404
Kalibata City 2,-6.255816,106.85237
Kalideres 1,-6.154249,106.70544
Kalisari Lapan Balai Kimia,-6.342833,106.85814
Kampung Irian Gg. IV,-6.155068,106.86172
Kampung Jembatan Ngurah Rai,-6.216438,106.92909
Kampung Melayu Besar 2,-6.225314,106.86292
Kampung Melayu Kecil,-6.22499,106.86306
Kampung Padaengan 1,-6.189361,106.93472
Kampung Padaengan 2,-6.189465,106.93484
Juanda Istiqlal,-6.168147,106.83112
Kampus IISIP,-6.323176,106.83487
Kampus Uin 1,-6.307572,106.75603
Kampus Uin 2,-6.307533,106.75621
Kanisius,-6.185327,106.83551
Kantor Pos Dukuh,-6.291703,106.87567
Kantor Pos Fatmawati,-6.294496,106.79505
Kantor Pos Halim 1,-6.251277,106.88945
Kantor Pos Halim 2,-6.251103,106.88925
Kantor Pos Jaktim,-6.193674,106.9012
Kantor Pos Kebayoran Lama,-6.249119,106.778
Kantor Pos Kb. Jeruk,-6.197923,106.76353
Kantor Pos Lapangan Banteng,-6.16877,106.83507
Kantor Pos Mampang,-6.240216,106.82259
Kapin,-6.248853,106.93019
Karang Asri,-6.112414,106.77306
Karang Asri 2,-6.116073,106.77399
Karet Kuningan 1,-6.217406,106.83108
Karet Pedurenan 1,-6.221933,106.82093
Karet Tengsin,-6.20698,106.81696
Kartika Candra,-6.228333,106.81878
Kartini,-6.199557,106.82891
Jembatan Item 1,-6.130078,106.85492
JGC Indonesia,-6.292686,106.802416
Karet Sudirman 3,-6.212197,106.81995
Karet Sudirman 1,-6.212995,106.82
Kartini Hospital 1,-6.238072,106.76997
Kartini Hospital 2,-6.237876,106.76942
Kav Agraria Duren Sawit,-6.247691,106.91204
Kav Marinir Kalimalang,-6.247975,106.92659
Kav Polri Blok E Jagakarsa,-6.314309,106.81633
Kav Polri Blok H Jagakarsa,-6.312293,106.81629
Kavling DKI Meruya Selatan,-6.21501,106.73194
Kavling Pengadilan Jln. Dermaga,-6.222991,106.9072
Kayu Mas,-6.17911,106.90255
Kayu Tinggi,-6.184407,106.94383
Kayuringin 1,-6.245825,106.99277
Kayuringin 2,-6.245948,106.99247
KBN Marunda 1,-6.110057,106.94448
KBN Marunda 2,-6.110318,106.94452
KBN Sukapura,-6.143928,106.92219
Kebagusan Raya,-6.296314,106.82703
Kebantenan,-6.114554,106.9264
Kebayoran Baru Velbak 1,-6.239561,106.78532
Kb. Baru,-6.115869,106.92448
Kb. Jeruk 1,-6.194741,106.76878
Kb. Kangkung,-6.179638,106.644
Kb. Nanas,-6.221291,106.63364
Kec. Cengkareng 2,-6.150125,106.72713
Kec. Cilincing,-6.102739,106.93894
Kec. Cipayung,-6.328612,106.88789
Kec. Ciracas,-6.319948,106.88311
Kec. Grogol Petamburan,-6.178341,106.7833
Kec. Jagakarsa,-6.334534,106.82144
Kec. Johar Baru,-6.182189,106.85617
Kec. Kb. Jeruk,-6.198513,106.76455
Kec. Kelapa Gading,-6.162414,106.9078
Kec. Kembangan,-6.195068,106.74247
Kec. Kramat Jati,-6.284472,106.87141
Kec. Kramat Jati 2,-6.284729,106.87136
Kec. Makasar,-6.279139,106.87881
Kec. Palmerah,-6.199314,106.7877
Kec. Pasar Minggu,-6.285563,106.8353
JPO Blok G,-6.18863,106.81171
Kec. Pesanggrahan,-6.256912,106.7564
Kec. Pesanggrahan 1,-6.257396,106.75633
Kec. Pondok Gede,-6.280944,106.91355
Kec. Sawah Besar,-6.151629,106.8274
Kec. Tanah Abang,-6.200098,106.815
Kedawu Residence Ciracas,-6.338318,106.87967
Kedubes Malaysia,-6.22384,106.83259
Kehakiman,-6.176674,106.64456
Kelapa Cengkir Barat VIII,-6.164826,106.90622
Kelapa Cengkir Barat XI,-6.163816,106.9068
Kejaksaan Negeri Jakbar,-6.184648,106.73731
Kec. Tebet 1,-6.23204,106.84534
Kec. Tebet 2,-6.23151,106.84564
Kantor Pos Pondok Bambu,-6.231973,106.89742
Tanah Kusir,-6.256997,106.78168
Kelapa Dua Sasak 1,-6.205051,106.76931
Kelapa Gading Square,-6.149744,106.88993
Kelapa Gading Utama,-6.176481,106.89487
Kel. Balekambang,-6.28163,106.84996
Kel. Batu Ampar,-6.283309,106.85943
Kel. Benhil,-6.201552,106.80809
Kel. Cibubur,-6.349525,106.87666
Kel. Cijantung,-6.325792,106.8619
Kel. Cililitan,-6.259599,106.86875
Kel. Cilincing,-6.107088,106.93815
Kel. Ciracas,-6.328805,106.8775
Kel. Dukuh,-6.292349,106.877
Kel. Duren Sawit,-6.230817,106.91423
Kel. Duri Kosambi,-6.170102,106.7226
Kel. Halim Perdana Kusuma,-6.267932,106.87743
Kel. Jati Pulo,-6.175757,106.80318
Kel. Jelambar,-6.161564,106.78166
Kel. Kamal,-6.104683,106.70625
Kel. Kamal Muara,-6.098565,106.7143
Kel. Kayu Putih,-6.18578,106.88844
Kel. Kb. Kacang,-6.190837,106.81501
Kel. Kelapa Gading Timur,-6.166273,106.90243
Kel. Lagoa,-6.113902,106.91097
Kel. Gandaria Utara,-6.257036,106.789811
Kel. Makasar,-6.278463,106.87842
Simpang Rawa Belong Kemanggisan,-6.198872,106.78212
Kel. Meruya Selatan,-6.214842,106.73657
Kel. Pegangsaan Dua,-6.1546,106.91056
Kel. Penggilingan,-6.202675,106.93106
Kel. Pondok Labu,-6.306356,106.79867
Kel. Pondok Pinang,-6.269664,106.77512
Kel. Pulo,-6.250962,106.80962
Kel. Pulo Gebang,-6.215805,106.9546
Kel. Rawa Bunga,-6.221597,106.86956
Kel. Rorotan,-6.151739,106.95584
Sbr. Jln. Metro Kencana IV,-6.274106,106.782369
Kel. Semper Timur,-6.113762,106.92635
Jln. Adam Sukabumi Utara,-6.208434,106.78322
Kel. Srengseng,-6.203472,106.75694
Kel. Sukabumi Selatan,-6.217815,106.76976
Simpang Tj. Duren Timur 6,-6.182362,106.78363
Kel. Susukan,-6.312595,106.87518
Kel. Tambora,-6.146427,106.80716
Kel. Tanah Sereal,-6.158668,106.80826
Kel. Tanah Tinggi,-6.183861,106.84926
Kel. Tj. Priok,-6.113159,106.8813
Kel. Tengah,-6.290037,106.86477
Kel. Ulujami,-6.245279,106.76273
Kemanggisan Ilir Gg. III,-6.188313,106.79281
Kemayoran Landas Pacu Timur 1,-6.152433,106.8539
Kemayoran Landas Pacu Timur 2,-6.152025,106.85383
Kemenkes 1,-6.230706,106.83284
Kemenkes 2,-6.2287,106.83302
Kemensos,-6.198662,106.85328
Kementan,-6.294976,106.82448
Kementerian ESDM,-6.183203,106.82382
Kementerian Pertanian,-6.29705,106.82127
Kencana Tower Meruya Ilir,-6.198383,106.76266
Kesatriyaan,-6.206703,106.85835
KH Ahmad Dahlan,-6.247088,106.79194
Khong Guan Biscuit Factory,-6.332726,106.86768
Khong Guan Wahid Hasyim,-6.187193,106.82815
Kimia Farma Grogol Utara,-6.226509,106.77839
Kel. Grogol Utara,-6.208498,106.789239
Kel. Pondok Kopi,-6.229561,106.94374
Kel. Duri Kepa,-6.185277,106.773209
Kel. Lebak Bulus,-6.3035,106.784191
Kirana Boutique,-6.17413,106.8966
KKDM,-6.239629,106.88149
Klapa Village H. Naman,-6.238446,106.94173
Klapa Village Pondok Kelapa,-6.238159,106.94153
Klinik Annisa Ciracas,-6.329815,106.87439
Kementerian Pariwisata,-6.1795,106.82255
Kel. Senen,-6.172453,106.84292
Kel. Bintaro,-6.273047,106.76405
Keselamatan,-6.222946,106.84745
Kementerian Agama,-6.183405,106.82236
Klinik Dahlia Palmerah,-6.195102,106.78771
Klinik Darsa Medika Kamal,-6.099616,106.69901
Klinik Fakhira Manggarai Selatan,-6.220833,106.84955
Klinik Firdausy,-6.217111,106.85528
Klinik Hemodialisa Pandaoni Medika,-6.202247,106.89073
Klinik Johar Medika,-6.183726,106.85608
Klinik Kartika Pengadegan,-6.251312,106.85522
Klinik Kasih Medika,-6.187158,106.90063
Klinik Otista,-6.227394,106.86709
Simpang Hadiah,-6.161701,106.78412
Klinik Pratama Pesona Medika,-6.145812,106.82585
Klinik Sapta Mitra,-6.230813,106.93469
Klinik Win Medika,-6.220127,106.89839
Klinik Yadika Petukangan,-6.248481,106.75496
Klinik Andhika Rawa Buaya,-6.169275,106.73411
Kober Balekambang,-6.282601,106.84932
Kodam Bintaro,-6.25945,106.75871
Kodim Yos Sudarso,-6.136894,106.89186
Koja Trade Mall,-6.122508,106.91677
Kokoh Semesta,-6.1156,106.92682
Kolong Pusri,-6.184158,106.79167
Kolong Tol Guru Saleh,-6.257605,106.76529
Kolong Tol Jakarta Serpong 1,-6.256082,106.76049
Kolong Tol Jakarta Serpong 2,-6.256039,106.76062
Kolong Tol Raya Setu,-6.312329,106.91325
Komdak 1,-6.222333,106.81407
Kemayoran 1,-6.162734,106.84037
Komdak 2,-6.221715,106.81426
Kompas Gramedia,-6.210472,106.79598
Komplek Abadi 1,-6.229617,106.90793
Komplek Abadi 2,-6.229722,106.90813
Komplek Al,-6.297741,106.84018
Kebayoran Baru Velbak 2,-6.239272,106.78492
Komplek Bina Marga I,-6.233093,106.9348
Komplek BPPT,-6.194517,106.7556
Komplek Ddn Bintara Jaya,-6.242328,106.94271
Komplek Depkeu Kemanggisan Utama,-6.188926,106.78714
Komplek Deplu Raya,-6.273035,106.77057
Komplek Dirgantara III Halim PK,-6.284809,106.90458
Komplek Dittopad,-6.176224,106.86324
Komplek DKI Joglo,-6.223129,106.73732
Komplek Dolog Jaya,-6.24794,106.91572
Komplek DPR Bumi Sanggraha,-6.206268,106.94826
Komplek DPR I Kb. Jeruk,-6.198878,106.77685
Komplek DPR III Meruya Selatan,-6.214981,106.73294
Komplek Graha Indah Green Ville,-6.17073,106.77576
Komplek Hankam Cidodol,-6.227802,106.77836
Komplek Imigrasi Kertapawitan,-6.152789,106.72194
Komplek Jaya Motor Gg. H,-6.10705,106.93252
Komplek Kav DKI Utama,-6.207697,106.73052
Komplek Kejari Tebet Dalam,-6.241417,106.84542
Komplek Keuangan,-6.234028,106.84417
Komplek Keuangan Saaba,-6.215101,106.73151
Komplek Kijang Kencana,-6.194345,106.78962
Komplek Kodam Jaya Kb. Jeruk,-6.197819,106.77097
Komplek KPLP Marunda,-6.128493,106.95649
Komplek Lapan Pekayon,-6.341692,106.85947
Komplek Majapahit Permai,-6.169522,106.82111
Komplek Mandiri Giant Express 1,-6.297385,106.76499
Komplek Mandiri Giant Express 2,-6.297573,106.76499
Komplek Moneter,-6.205509,106.77026
Komplek Pelni,-6.380018,106.85409
Komplek Pemda 1,-6.212493,106.61943
Komplek Pemda 2,-6.212336,106.61938
Komplek Pertambangan Kelapa Dua,-6.216498,106.77065
Klinik Sasana Husada,-6.240267,106.79383
Komplek DDN 1,-6.303315,106.798727
Komplek Bukit Indah Ragunan,-6.310832,106.810033
Komplek Angkasa Halim PK,-6.26198,106.886507
Komplek Pertokoan Cempaka Putih,-6.173296,106.85976
Komplek Polri Cipinang Atas,-6.211745,106.88954
Komplek Polri Kalideres,-6.156402,106.7049
Komplek RSPP,-6.29621,106.79946
Komplek Ruko Interkota,-6.166979,106.72717
Komplek TNI AD Raya Cilangkap,-6.333687,106.89513
Komplek Unilever Meruya Selatan,-6.215488,106.7273
Komplek Wijaya Kusuma 1,-6.229588,106.90531
Komplek Wijaya Kusuma 2,-6.229694,106.90495
Komplek Wijaya Kusuma 3,-6.229042,106.90486
Komplek Wijaya Kusuma 4,-6.229031,106.90495
Komplek Zeni Kec. Pasar Rebo,-6.339304,106.86895
Komplek Zeni Raya Bogor,-6.340042,106.86903
Konsil Kedokteran Indonesia,-6.194458,106.83649
Koramil 03 Aselih,-6.350976,106.79599
Koramil Jln. Brigjen Katamso,-6.189138,106.80508
Casablanca,-6.22425,106.84452
KPAD Joglo,-6.215533,106.72707
KPK,-6.207575,106.8302
KPP Pratama Cilandak,-6.292521,106.80893
KPP Pratama Jakarta Pluit,-6.132331,106.82082
KPP Pratama Koja,-6.130276,106.89903
KPP Pratama Pasar Rebo,-6.301337,106.86865
KPP Pratama Tambora,-6.136138,106.81037
KPP Pratama Tanah Abang,-6.197731,106.8144
KPPU,-6.167212,106.8226
KPU,-6.199411,106.82749
Kramat Pela,-6.249958,106.79544
KUA Johar Baru,-6.180784,106.84778
KUA Kramat Jati,-6.291901,106.87559
Komplek Polri Duren Tiga,-6.254275,106.830853
KUA Palmerah,-6.194208,106.79191
KUA Pasar Minggu,-6.300085,106.82626
Kuningan Barat 1,-6.237361,106.82759
Kuningan Madya 2,-6.213358,106.83027
Kuningan Timur 2,-6.235912,106.82765
Kusuma Timur Vihara Dharma Bhakti,-6.144916,106.78076
Kwk Unkermil Timur II,-6.245641,106.91984
Lakesgilut TNI AU 1,-6.287631,106.89811
Lakesgilut TNI AU 2,-6.287858,106.89803
Lapangan Banteng 1,-6.1713,106.83368
Lapangan Banteng 2,-6.171659,106.83527
Lapangan Blok O Pengadegan,-6.248374,106.85793
Lapangan Bola Danu Setiawan,-6.252242,106.89466
Lapangan Hankam,-6.258139,106.76796
Lapangan Kaprina,-6.347866,106.88461
Lapangan PIK Penggilingan,-6.205229,106.92882
Lapangan Pondok Gede,-6.28213,106.91371
Lapangan Segitiga 1,-6.277167,106.88873
Lapangan Segitiga 2,-6.277336,106.88811
Lapangan VIra Cakti Sekkau,-6.273208,106.88509
Laut Banda,-6.23357,106.91345
Layur 2,-6.19339,106.89862
Lebak Bulus Jak Lingko,-6.289301,106.77299
Lembaga Ilmu Pengetahuan 1,-6.228921,106.81852
Lemigas,-6.237935,106.76689
Lenteng Agung,-6.322025,106.83629
Lenteng Agung Barat,-6.308962,106.83803
Les Belles Maisons 1,-6.262578,106.65378
Les Belles Maisons 2,-6.262386,106.65391
Lexington,-6.272782,106.76593
Limo,-6.225483,106.78881
Lintas Atas Kuningan Mampang,-6.237898,106.82676
Lion Center,-6.240451,106.87898
Lippo Mall Kramat Jati,-6.270835,106.86741
Litbang Depnaker Jaktim,-6.31213,106.86264
Litbang Pertanian,-6.285245,106.83725
Lodan Center P2,-6.128174,106.81492
Logistik Polri,-6.211521,106.88989
London School,-6.205065,106.81662
Lotte Mall Kelapa Gading 2,-6.154794,106.89603
Lotte Mart Kelapa Gading,-6.154215,106.89467
Komplek Perum Ad Cibubur,-6.365857,106.88841
Smabel,-6.225111,106.8546
Koramil Johar Baru,-6.181165,106.857577
Lion Metal 2,-6.185858,106.95209
Komplek Polri Ragunan,-6.283155,106.819289
Lion Metal 1,-6.1861,106.952727
Lotte Mart Serpong 1,-6.248159,106.64973
Lotte Mart Serpong 2,-6.248116,106.64991
Satrio 6,-6.222992,106.82306
LP3I,-6.286793,106.84369
LPP RRI 1,-6.252131,106.7913
LPP RRI 2,-6.252092,106.79141
LPPI 1,-6.261622,106.81565
LPPI,-6.262043,106.81581
Mabes Au Dinas Psikologi,-6.251267,106.88826
PLTU Pluit,-6.112358,106.78608
Madrasah Hasanatuddarain,-6.22101,106.90464
Mahaka Square,-6.149939,106.90213
Makam Pangeran Jayakarta,-6.202329,106.90056
Makam Serang 1,-6.197579,106.7351
Makam Serang 2,-6.197506,106.73537
Mako Ops AU I,-6.276548,106.88667
Malaka 1 Gg. 2 Rorotan,-6.138467,106.95453
Malaka 1 Gg. 3 Rorotan,-6.139309,106.95461
Malaka 1 Gg. 5 Rorotan,-6.137053,106.95474
Malaka 1 Gg. Veteran,-6.147191,106.95636
Malaka Country Estate,-6.223571,106.94223
Malaka Jaya RW11 Rorotan,-6.144631,106.9562
Mall Artha Gading,-6.144601,106.89146
Mall Bale Kota,-6.181306,106.64346
Mall Basura 1,-6.225218,106.87856
Mall Basura 2,-6.225004,106.87763
Mall Cijantung,-6.312041,106.86245
Mall Cipinang Indah 1,-6.239676,106.89405
Mall Kelapa Gading,-6.156338,106.90815
Madya Kebantenan,-6.114349,106.926264
Mall Metropolitan,-6.247861,106.99215
Mall Taman Palem 2,-6.139245,106.73032
Mall Thamrin City,-6.194341,106.81453
Mampang 5,-6.24539,106.82584
Mampang Prapatan 1,-6.242554,106.82585
MAN 11,-6.302587,106.78808
Man 15 Jakarta,-6.34233,106.88636
Man 18 Jakarta,-6.232575,106.94293
Man 2 Jakarta,-6.321342,106.88332
MAN 21,-6.158853,106.95786
Man 6 Jakarta,-6.359586,106.88281
Mandara Permai 5,-6.116188,106.76214
Mandara Permai 6,-6.11621,106.75871
Mandiri Griya Mampang,-6.240269,106.82884
Mangga Dua 1,-6.136254,106.82647
Mangga Dua Plaza,-6.135929,106.82836
Mangga Dua Square,-6.135311,106.83102
Manggala Wanabakti,-6.204951,106.79963
Jelambar,-6.166548,106.78651
Margasatwa 2,-6.116182,106.76908
Markas,-6.177758,106.77997
Markas Intai Amfibi Marunda,-6.114361,106.94998
Marlindo Marunda,-6.121746,106.95715
Masjid Ad Dawah,-6.164028,106.90686
Masjid Al Akhbar PWI 1,-6.233368,106.88872
Masjid Al Akhbar PWI 2,-6.233343,106.88858
Masjid Al Akhyar Cipete,-6.269685,106.80493
Masjid Al Bakrie,-6.219141,106.83784
Masjid Al Barakah Assyafiiyah,-6.220472,106.8508
Masjid Al Barkah 2,-6.184779,106.94595
Masjid Al Barkah Halim,-6.275791,106.8886
Masjid Al Barokah 1,-6.301819,106.91382
Masjid Al Barokah 2,-6.301798,106.91357
Masjid Al Birru Warrohmah,-6.336957,106.83006
Masjid Al Fida Komodor Halim,-6.262732,106.88514
Masjid Al Hawi Cililitan,-6.263505,106.86419
Masjid Al Hidayah,-6.216385,106.86296
Masjid Al Hidayah Cipete,-6.258835,106.80678
Masjid Al Hidayah Kebantenan,-6.112872,106.92713
Masjid Al Huda Balai Rakyat,-6.224484,106.90008
Masjid Al Huda Kemayoran,-6.163822,106.85274
Masjid Al Ichrom,-6.117469,106.71019
Masjid Al Istiqomah Tomang,-6.171213,106.79872
Masjid Al Jadid Cijantung,-6.326479,106.85232
Masjid Al Jihad Ulujami,-6.254771,106.76348
Ambassador,-6.224125,106.82663
Kuningan 18,-6.225239,106.83015
Mall Cipinang Indah 2,-6.240232,106.894691
Musholla Nurul Falah Kemanggisan,-6.189466,106.786394
MAN 4 Jakarta,-6.281415,106.772026
Margaguna 1,-6.263296,106.787564
Masjid Al Barkah 1,-6.184871,106.9456
Masjid Al Karomah Cipete,-6.273435,106.80064
Masjid Al Khoiriyah Jagakarsa,-6.327092,106.8294
Masjid Al Madinah,-6.204966,106.77928
Masjid Al Mukarromah Jampea,-6.108361,106.90098
Masjid Al Mukarromah Lagoa,-6.112929,106.91075
Masjid Al Mumin,-6.175528,106.90865
Masjid Al Munawaroh Sawah Besar,-6.144672,106.82641
Masjid Al Muqarrabin Cipinang,-6.211793,106.8851
Masjid Al Murtamiyyah Marunda,-6.107261,106.96159
Masjid Al Waqof,-6.110646,106.91733
Masjid Alfalah Annaniyah,-6.114116,106.70743
Masjid Alhikmah Duren Sawit,-6.239993,106.91261
Masjid Amar Maruf 1,-6.255234,107.02205
Masjid Amar Maruf 2,-6.255062,107.02206
Masjid Annur Pengadegan,-6.249483,106.84954
Masjid Annur Radio Dalam,-6.260666,106.78889
Masjid Arrahim Rawa Kompeni,-6.104862,106.68992
Masjid As Saadah Datuk Ibrahim,-6.276219,106.85564
Masjid As Saadah Raya Bekasi,-6.189577,106.96601
Masjid As Sudairi,-6.220626,106.8591
Masjid Assaadah Malaka Jaya,-6.22578,106.93879
Masjid Assuada,-6.194327,106.90544
Masjid Assudairi Rawamangun,-6.202394,106.88604
Masjid At Taqwa,-6.24055,106.6472
Masjid At Taqwa 1,-6.276957,106.84587
Masjid At Taqwa 2,-6.277593,106.84563
Masjid At Taqwa H. Ipin,-6.311402,106.79278
Masjid At Taqwa Karang Tengah,-6.151522,106.97204
Masjid Attahiriyah,-6.225242,106.86019
Masjid Baitul Hijrah Pondok Kopi,-6.218844,106.94692
Masjid Baitul Hilmi Tomang,-6.173897,106.79499
Masjid Baitul Mukhlish Serdang,-6.155614,106.85854
Masjid Baiturrahman 1,-6.210375,106.61931
Masjid Baiturrahman 2,-6.209473,106.61918
Masjid Baiturrahman Duren Sawit,-6.22628,106.91579
Masjid Baiturrohman Jati Pulo,-6.180697,106.80715
Masjid Darul Falah Petukangan 1,-6.23451,106.75144
Masjid Darul Falah Petukangan 2,-6.234767,106.75144
Masjid Darul Huda 1,-6.249332,106.89109
Masjid Darul Huda 2,-6.249131,106.89149
Masjid Darul Quran,-6.291176,106.77111
Masjid Darussalam Cipedak,-6.346656,106.81014
Masjid H. Andi Muhammad Ghalib,-6.312473,106.8908
Masjid Hifdzirrahim,-6.257359,106.75963
Masjid Jami Al Akhyar,-6.317992,106.81119
Masjid Jami Al Badariah Kemayoran,-6.153055,106.85922
Masjid Jami Al Barkah 1,-6.229411,106.91212
Masjid Jami Al Falah Pinang,-6.274058,106.77509
Masjid Jami Al Fallah,-6.111213,106.92576
Masjid Jami Al Hidayah Tomang,-6.171444,106.79616
Masjid Jami Al Ihsan Kemayoran,-6.163404,106.85285
Masjid Jami Al Inayah,-6.224554,106.86945
Masjid Jami Al Ittihadiyah,-6.16615,106.73488
Masjid Jami Al Khoiriyah,-6.136743,106.96787
Masjid Jami Al Makmur 1,-6.189195,106.81549
Masjid Jami Al Makmur 2,-6.18896,106.81516
Masjid Jami Al Makmur Klender,-6.212322,106.90082
Masjid Jami Al Mamur Bukit Duri,-6.225059,106.85606
Masjid Jami Al Muflihun,-6.255722,106.76884
Masjid Jami Al Muhsinin,-6.182612,106.99023
Masjid Jami Al Musyawaroh Sembar,-6.13143,106.91991
Margaguna 2,-6.26343,106.78772
Masjid Jami Al Wiqoyah,-6.326852,106.82337
Masjid Jami Al Wiqoyah 1,-6.326427,106.82379
Masjid Jami Al Wiqoyah 2,-6.326409,106.82375
Masjid Jami Al-Baidlo,-6.295729,106.89896
Masjid Jami Ar Ridho Jelambar,-6.152844,106.78376
Masjid Jami Ar Roghibin,-6.156361,106.9597
Masjid Jami As Shiroth,-6.225484,106.77768
Masjid Cut Meutia 1,-6.186763,106.834
Masjid Guru Amin,-6.258186,106.8434
Masjid Arrohmah,-6.314733,106.83653
Masjid Jami Assyakirin Kalimalang,-6.239262,106.88963
Masjid Jami Asy Syakirin,-6.351203,106.80153
Masjid Jami At Taqwa 1,-6.229509,106.89568
Masjid Jami At Taqwa 2,-6.229704,106.8962
Masjid Jami Al Barkah 2,-6.22955,106.91228
Masjid Jami At Taqwa 3,-6.229352,106.89527
Masjid Jami At Thoyyibah Cipinang,-6.214789,106.89002
Masjid Jami Attaubah 2,-6.231559,106.87297
Masjid Jami Baitul Muslim Susukan,-6.328246,106.86895
Masjid Jami Baiturrahmah Marunda,-6.127633,106.95715
Masjid Jami Baiturrahman,-6.216586,106.84412
Masjid Jami Daarul Muttaqien,-6.165096,106.70508
Masjid Jami Darussalam Pinang,-6.308075,106.79876
Masjid Jami Fathurrahman Ciracas,-6.318244,106.87303
Masjid Jami Hasbi,-6.273154,106.88027
SDN Palmerah 09,-6.207705,106.78805
Masjid Jami Nurul Ain 1,-6.227717,106.91976
Masjid Jami Nurul Ain 2,-6.227874,106.91942
Masjid Jami Nurul Iman Palmerah,-6.204227,106.7875
Masjid Jami Saadatul Muslimin,-6.26587,106.88085
Masjid Jami Unwanussaadah,-6.120175,106.92866
Masjid Luar Batang,-6.126266,106.8044
Masjid Nur Alimin 1,-6.302557,106.91772
Masjid Nur Alimin 2,-6.302584,106.91756
Masjid Nurul Falah,-6.257714,106.81326
Masjid Nurul Falah Ragunan,-6.301357,106.82121
Masjid Nurul Iman Joglo,-6.21731,106.76208
Masjid Nurul Iman Kubur Batu,-6.197613,106.74443
Masjid Nurul Istiqomah Pegadungan,-6.129558,106.70437
Masjid Nurul Jannah Marunda,-6.119283,106.95712
Masjid Nururrohman Pondok Kopi,-6.218564,106.94447
Masjid Pondok Indah 1,-6.261581,106.78234
Masjid Pondok Indah 2,-6.261469,106.78201
Masjid Raya Al Arraf Sukapura,-6.145395,106.92281
Masjid Raya Al Musyawarah Kelapa Gading,-6.154777,106.9091
SMPN 240,-6.26076,106.78895
Masjid Raya Al Musyawarah Kelapa Gading 2,-6.155338,106.90963
Masjid Raya KH Hasyim Asyari,-6.159272,106.71708
Masjid Raya Nurul Hidayah,-6.253434,106.77626
Masjid Safinatul Husna,-6.138183,106.71594
Masjid Syariful Azhar Sawah Besar,-6.14261,106.82655
Maspion Plaza,-6.141539,106.83352
Matraman 3,-6.200407,106.85452
Matraman 4,-6.199782,106.8545
Mayang Permai,-6.116421,106.75963
Mayestik 1,-6.242041,106.79116
Mediterania Boulevard,-6.116048,106.76505
Mediterania Garden Residences,-6.173818,106.7882
Mega Kuningan,-6.224556,106.82677
Mega Mall Bekasi,-6.250287,106.992
Megaria,-6.200045,106.84456
Megatama,-6.2473,106.91049
Melati Mas Residence 1,-6.271343,106.65549
Melati Mas Residence 2,-6.271291,106.65563
Melawai Plaza,-6.245853,106.80285
Menara Astra,-6.207361,106.8219
Menara Bidakara,-6.242012,106.84064
Menara Cardig,-6.251608,106.8804
Menara Duta,-6.208617,106.82986
Menara Kelapa Gading,-6.168901,106.91591
Menara Mandiri,-6.223667,106.8071
Menara Mulia,-6.225452,106.81678
Menara Pejompongan,-6.203753,106.80224
Menara Thamrin,-6.185275,106.82291
Menteng 1,-6.19851,106.82835
Menteng 2,-6.198706,106.82843
Merpati,-6.232175,106.84496
Meruya Taman Aries,-6.19167,106.74536
Mesindo Tekninesia,-6.153416,106.95539
Mesjid Nurul Huda Kebagusan,-6.314214,106.82536
Sbr. Kanisius,-6.185519,106.83586
MBAU,-6.245829,106.8428
Mess Perwira Cendrawasih,-6.252291,106.88403
Mess Polwan Esthi Bhakti Warapsari,-6.206804,106.81026
Mess Wirayudha 1,-6.241569,106.88041
Mess Wirayudha 2,-6.242076,106.88072
Metric PIK,-6.114346,106.75527
Metro Pondok Indah,-6.265966,106.78347
Sbr. Gandaria Jln. Jatayu,-6.246698,106.789714
MGK Kemayoran,-6.153437,106.84753
Menara Karya,-6.233275,106.831276
Masjid Jami Baitushobri Kembangan,-6.18479,106.73415
MI Al Ihsan Batu Ampar,-6.272358,106.86511
MI Arruhaniyah Rorotan,-6.135438,106.96744
MI Attarbiyatuddiniyah,-6.358236,106.87413
MI Imadun Najah Rorotan,-6.149081,106.95582
Midi Utama Cililitan 1,-6.264014,106.86929
Midi Utama Cililitan 2,-6.264028,106.86962
Midi Utama Condet Raya,-6.275675,106.85596
Midi Utama Danau Indah,-6.150877,106.87961
Midi Utama Green Ville,-6.172228,106.77685
Midi Utama H. Lebar 1,-6.2002,106.73196
Midi Utama H. Lebar 2,-6.200321,106.73181
Midi Utama Meruya Selatan 1,-6.212562,106.73772
Midi Utama Meruya Selatan 2,-6.212464,106.73767
Midi Utama Rorotan,-6.144886,106.95626
MIN 20 Jakarta,-6.122697,106.95723
MIN 8 Srengseng Sawah,-6.335943,106.82628
Minagapura,-6.214979,106.7345
Minangkabau,-6.214104,106.84341
Minimarket Benda Raya 1,-6.104146,106.70914
Minimarket Benda Raya 2,-6.10425,106.70862
Minimarket Kemanggisan 1,-6.193882,106.78631
Minimarket Kemanggisan 2,-6.193859,106.78638
Minimarket Pondok Kelapa,-6.228617,106.93539
Minimarket Pondok Kopi,-6.218369,106.93956
Minimarket Rorotan 2,-6.141598,106.95607
Minimarket Sunter Jaya 2,-6.154491,106.86168
Minimarket Warakas 3,-6.119336,106.8772
Mitra 10 Meruya Ilir,-6.196032,106.75605
Mitra Gading Villa,-6.144694,106.90375
Mitra Sunter,-6.149995,106.88648
Simpang Latumeten,-6.162982,106.79024
MNC Studios,-6.190376,106.76625
Moch Yusuf Raya 1,-6.379631,106.84094
Moch Yusuf Raya 2,-6.379677,106.84152
MOI Kelapa Gading,-6.15082,106.88904
Monas 1,-6.172531,106.82315
Monumen Pancasila Sakti 2,-6.286381,106.90506
MTsN 19,-6.304793,106.8017
MTsN 20 Jakarta,-6.205197,106.95983
MTsN 37,-6.09791,106.70237
MTsN 38,-6.158498,106.95721
MTsN 4 Jakarta,-6.34464,106.82613
MTsN 5,-6.103478,106.93916
Muara Angke,-6.110009,106.77471
Muara Dalam,-6.304439,106.85088
Muara Jaya Cipinang Muara III,-6.218829,106.89241
Multivision Tower,-6.212282,106.83292
Munggang 1,-6.276272,106.85299
Munggang 2,-6.276306,106.85291
Museum Bank Indonesia,-6.137242,106.81332
Museum Proklamasi,-6.200007,106.83113
Museum Satria Mandala,-6.230525,106.81963
Museum Textile,-6.188656,106.80954
Mushola Al Hidayah Batu Ampar,-6.274675,106.86059
Mushola Al Hidayah Bukit Duri,-6.222424,106.85522
Mushola Al Jihad Perintis Kemerdekaan,-6.173541,106.89171
Mushola Al Mubarok,-6.23918,106.75254
Mushola Al Muhajirin Cibubur,-6.360526,106.87535
Mushola Almujtahida Rorotan,-6.14607,106.95648
Mushola As Salam Batu Ampar,-6.271313,106.86033
Mushola At Taufiq,-6.261415,106.86704
Mushola Baitul Qorib,-6.153817,106.80799
Mushola Nurul Huda Petukangan,-6.247018,106.75185
Monas 2,-6.175999,106.82311
Monas 3,-6.178787,106.82304
Musholla Al Mukhlisin 1,-6.127835,106.9179
Musholla Al Mukhlisin 2,-6.127774,106.91799
Musholla Darussalam 1,-6.292685,106.90081
Musholla Darussalam 2,-6.292949,106.90079
Musholla Guru Saenan,-6.22191,106.90469
Musholla Nurul Hikmah Bulak Ringin,-6.353984,106.87366
Mutiara Pulo Dukuh,-6.302629,106.87781
Nabawi Islamic School,-6.205542,106.89008
Naga Ciracas,-6.331233,106.86725
Naga Jatiwaringin,-6.248395,106.90784
Naga Raya Duren Sawit,-6.224769,106.91146
Mushola Al Achyar Cipete,-6.262297,106.804125
Monumen Pancasila Sakti,-6.284784,106.905389
MTsN 3 Jakarta,-6.282637,106.771884
Kali Grogol Arah Utara,-6.16106,106.790684
Nifarro Park,-6.263007,106.84332
Nizamia Andalusia,-6.307781,106.8977
Nurul Fikri Buaran,-6.220706,106.91798
Nusantara,-6.227142,106.88136
Olieku Jln. Aries Permai,-6.197188,106.74819
One Belpark 1,-6.304695,106.79445
One Belpark 2,-6.303784,106.79445
One Park Residences,-6.245436,106.78844
Otorita Asahan,-6.223991,106.8159
Pabrik Plastik Sawah Mede,-6.096407,106.71066
Pacuan Kuda Pulo Mas 1,-6.179212,106.88719
Pacuan Kuda Pulo Mas 2,-6.179981,106.88736
Padang Golf Halim 1,-6.281821,106.89126
Padang Golf Halim 2,-6.281522,106.89131
Pademangan WTC Mangga Dua,-6.133347,106.83147
Pajak Dan Retribusi Cakung,-6.205256,106.9312
Pajak Dan Retribusi Duren Sawit,-6.230968,106.89767
Pajak Dan Retribusi Grogol Petamburan,-6.176435,106.7976
Pakualam,-6.232864,106.64262
Pal Batu 1,-6.224652,106.84731
Pal Batu 2,-6.224559,106.8446
Palem Semi 1,-6.218812,106.61807
Palem Semi 2,-6.220361,106.61649
Pam Jaya DKI,-6.203455,106.80794
Pancoran Tugu 2,-6.242943,106.8444
Pangeran Jayakarta 1,-6.137775,106.81766
Pangeran Jayakarta 2,-6.137528,106.81757
Pangkalan Jati,-6.24762,106.90755
Pangkalan Jati 1,-6.246775,106.90827
Pangkalan Jati 2,-6.247263,106.90777
Pangkalan Keramat Semanan Raya,-6.161376,106.70509
Pansoshan Anak Putra Utama I,-6.237027,106.91843
Panti Asuhan Anak Putra Utama 1,-6.219328,106.90499
Panti Asuhan Putera Mulia,-6.188966,106.88841
Panti Sosial Bina Laras,-6.31946,106.89013
Panti Sosial Bina Laras 1,-6.146185,106.71808
Ps. Anyar Bahari,-6.114292,106.8794
Ps. Asem Reges,-6.15812,106.82718
Ps. Asemka,-6.140507,106.81149
Pasar Baru Gedung Kesenian Jakarta,-6.166751,106.83524
Pasar Baru Timur 1,-6.162185,106.83798
Ps. Bebek Marunda 1,-6.110577,106.94804
Ps. Bebek Marunda 2,-6.111296,106.94801
Ps. Benda,-6.228043,106.91575
Ps. Bintang Mas,-6.207614,106.79025
Ps. Bintang Mas 1,-6.206829,106.79052
Ps. BKT Rorotan IX,-6.154535,106.96958
Ps. Bukit Duri,-6.217864,106.85394
Ps. Bulak,-6.21491,106.90398
Ps. Bulog,-6.189316,106.87831
Ps. Cempaka Putih 1,-6.172533,106.86244
Ps. Cibubur,-6.345631,106.87229
Ps. Cipinang Kebembem,-6.211809,106.88692
Ps. Ciplak,-6.23974,106.88002
Ps. Cipulir,-6.237895,106.76523
Ps. Deprok,-6.218279,106.89455
Ps. Duta Mas,-6.150642,106.78109
Ps. Enjo 2,-6.214775,106.87785
Ps. Gantung,-6.17688,106.80615
Mutiara Taman Palem,-6.136859,106.73136
Pancoran 1,-6.246552,106.84291
Ps. Gardu,-6.289962,106.89317
Ps. Gembrong Baru,-6.179762,106.86075
Ps. Hari Hari Kalideres,-6.148242,106.70271
Ps. Hek 1,-6.286298,106.87083
Ps. Hek 2,-6.286261,106.87094
Ps. Hipli Semanan,-6.156838,106.70633
Ps. Inpres Cipinang Besar,-6.22645,106.88078
Ps. Inpres Kebayoran,-6.235633,106.78445
Ps. Jelambar Polri,-6.160652,106.77891
Ps. Jongkok,-6.108844,106.93442
Ps. Kaget Pengadegan,-6.249871,106.85659
Ps. Kam 1,-6.231702,106.8742
Ps. Kam 2,-6.231603,106.87402
Ps. Kamal,-6.104484,106.70706
Ps. Kb. Pisang,-6.152506,106.78067
Ps. Kemayoran,-6.161032,106.8549
Ps. Kembang Kb. Jeruk,-6.206053,106.78309
Ps. Enjo 1,-6.215023,106.87779
Ps. Ciputat,-6.315761,106.746948
Kali Grogol Arah Selatan,-6.159755,106.791453
Ps. Kemiri 1,-6.164976,106.74928
Ps. Kemiri 2,-6.164851,106.74934
Ps. Kitara Baru,-6.155275,106.85849
Ps. Klender,-6.212603,106.901141
Ps. Kopro,-6.176185,106.78364
Ps. Kopro 2,-6.177343,106.78369
Ps. Kramat Jati 1,-6.269058,106.86691
Ps. Kramat Jati 2,-6.269037,106.86664
Ps. Lenteng Agung,-6.331072,106.83286
Ps. Lokbin Muria,-6.220614,106.83827
Ps. Malaka Rorotan,-6.13998,106.95493
Ps. Mandiri Kelapa Gading,-6.160819,106.90862
Ps. Mede,-6.286739,106.79553
Ps. Menteng Pulo,-6.221436,106.84529
Pasar Minggu,-6.284413,106.84414
Ps. Mini Halim,-6.251402,106.88812
Ps. Mitra,-6.145437,106.80695
Pancoran Soepomo,-6.241757,106.844289
Ps. Muara Karang,-6.116367,106.77824
Ps. Pagi Mangga Dua,-6.136636,106.82182
Ps. Palmerah 2,-6.207194,106.79624
Ps. Patra,-6.182096,106.78002
Ps. Pejagalan,-6.137452,106.80728
Ps. Pengampuan,-6.199338,106.76094
Ps. Pesanggrahan 2,-6.251811,106.75631
Ps. Pisang Rawa Buaya,-6.156887,106.72783
Ps. Poncol,-6.174945,106.84557
Ps. Pondok Bambu 1,-6.238102,106.90243
Ps. Pondok Bambu 2,-6.23817,106.90256
Ps. Pondok Gede,-6.285665,106.91158
Ps. Pondok Labu,-6.312034,106.79409
Ps. Pos Pengumben,-6.2178,106.76969
Ps. Pulo Gadung 1,-6.187336,106.90597
Ps. Pulo Gadung 2,-6.18751,106.90589
Ps. Pulo Gadung 4,-6.186369,106.90572
Ps. Puri,-6.184311,106.75371
Ps. Rawasari,-6.185624,106.87178
Ps. Santa,-6.238971,106.8126
Ps. Sayur Cipulir,-6.237807,106.7674
Ps. Senen Jaya,-6.177735,106.84216
Saadatudarain,-6.217713,106.79229
Jembatan Tiga,-6.133383,106.79267
Ps. Sinar Lagoa 1,-6.111659,106.90764
Ps. Sinar Lagoa 2,-6.111862,106.90767
Ps. Slipi,-6.190082,106.79564
Ps. Sukapura,-6.141104,106.92196
Ps. Sumur Batu 1,-6.164134,106.86486
Ps. Tebet Barat,-6.239925,106.84775
Ps. Tekstil Mangga Dua,-6.135953,106.82635
Ps. Timbul,-6.17289,106.79538
Ps. Tomas,-6.179192,106.81306
Ps. Ujung Menteng,-6.190104,106.96693
Ps. Ular Plumpang,-6.130359,106.89453
Ps. Warung Buncit,-6.255166,106.82493
Patal Senayan,-6.218636,106.79227
Patra Kuningan 1,-6.233264,106.8318
PAUD Bintang Pondok Bambu,-6.24536,106.90575
PAUD Tunas Bahari,-6.237005,106.91505
PD Pal Jaya,-6.204776,106.83034
Pecenongan 1,-6.16695,106.82572
Pecenongan 2,-6.167856,106.8275
Pedati,-6.225717,106.87473
Pedati 1,-6.223885,106.87445
Pedati 2,-6.222237,106.87435
Pedati Prumpung 1,-6.219904,106.87421
Pelabuhan Kali Adem,-6.104615,106.77094
Pelabuhan Sunda Kelapa,-6.125917,106.81076
Pemadam Ciracas,-6.328502,106.87906
Pemadam Grogol Utara,-6.213835,106.77772
Pemadam Jakpus,-6.161338,106.80889
Pemadam Kelapa Gading,-6.176102,106.90423
Ps. Pisang,-6.207851,106.79278
Pemadam Sektor V Cempaka Putih,-6.17417,106.86025
Pemadam Tj. Duren,-6.17371,106.78793
Pemakaman Kramat Mengkok,-6.139148,106.92206
Pengadegan Barat II,-6.249435,106.85148
Pengadegan Barat III,-6.250035,106.85296
Ps. Sumur Batu 2,-6.164584,106.864696
Pengadegan Barat VI,-6.250117,106.85397
Pengadegan Barat VII,-6.250143,106.85423
Pengadilan Agama 1A Jaktim,-6.340105,106.87746
Pengadilan Negeri Jaksel 1,-6.281672,106.81949
Pengadilan Negeri Jaksel 2,-6.280584,106.81982
Pengadilan Negeri Jakut,-6.126807,106.85654
Pengayoman,-6.175358,106.64801
Perempatan Cempaka Putih Barat XXVI,-6.176166,106.86402
Perempatan Cempaka Putih Timur,-6.176506,106.8732
Perempatan Warakas Gg 13,-6.123253,106.87623
Perguruan Advent VII Rawamangun,-6.198145,106.88812
Pengadegan Selatan III,-6.250816,106.854478
Jembatan Pejambon,-6.175454,106.83269
Perlintasan Bintaro Puspita 1,-6.264875,106.7569
Perlintasan Bintaro Puspita 2,-6.264838,106.75679
Perlintasan KA Rajawali,-6.147838,106.83729
Perlintasan Kereta Api Kebayoran,-6.240914,106.78098
Permai Koja 1,-6.113894,106.89287
Permai Koja 2,-6.113777,106.89326
Permata Eksekutif 1,-6.216906,106.76541
Permata Eksekutif 2,-6.216798,106.76524
Permata Hijau 1,-6.22257,106.79028
Permata Hijau RS Medika 2,-6.218114,106.777
Perpustakaan Dan Arsip Jakbar,-6.173831,106.77931
Perpustakaan Umum Daerah,-6.222302,106.83261
Persada Purnawira Halim,-6.259498,106.88584
Persahabatan,-6.20222,106.88512
Pertamina Kalideres Daan Mogot,-6.15571,106.70927
Pertamina Kilang Minyak,-6.108789,106.90537
Pertani,-6.256308,106.84325
Pertigaan Al Baidho 1,-6.293971,106.90439
Pertigaan Bintaro Taman Barat,-6.268807,106.75359
Pertigaan Cedang 1,-6.301603,106.9125
Pertigaan Cedang 2,-6.301587,106.91226
Pertigaan Cedang 3,-6.301885,106.91237
Pertigaan Ceger,-6.306265,106.88809
Pertigaan Dewi Sartika,-6.258864,106.864131
Pertigaan H. Naim Cilandak Barat,-6.287426,106.80233
Pertigaan H. Sadjim 2,-6.305402,106.91097
Pertigaan H. Sadjim 3,-6.305788,106.91087
Pertigaan H. Sadjim I,-6.305636,106.91091
Pertigaan Jengki Raya,-6.255038,106.87911
Pertigaan Manunggal Al-Baidho,-6.297607,106.89681
Pertigaan Pagelarang 1,-6.303704,106.91762
Pertigaan Pagelarang 2,-6.303794,106.91755
Pertigaan Rukun Setu,-6.307559,106.91562
Pertamina Bina Medika,-6.253111,106.77389
Pemadam Pos Tebet,-6.240021,106.84547
Pertigaan Pejaten Barat,-6.275464,106.82066
Pertigaan Setu Rukun,-6.307545,106.91557
Pertigaan Sunter Jaya V,-6.158637,106.87019
Perum Gading Kirana,-6.145766,106.90147
Perum Kedoya Garden,-6.1806,106.75004
Perum Mutiara Indah Rorotan,-6.156135,106.96231
Perum Pondok Kopi Indah,-6.221281,106.94164
Perum Pondok Kopi Indah 1,-6.221642,106.94136
Perum Pondok Kopi Indah 2,-6.221702,106.94141
Perum Qoriyah Toyibah,-6.197989,106.75892
Perum Rorotan Mas,-6.157328,106.95909
Perum Sunter Hijau,-6.156617,106.87899
Perum Taman Cipinang,-6.215186,106.88683
Perum Taman Kota 1,-6.160629,106.75631
Perum Taman Kota 2,-6.160549,106.75615
Perum Taman Malaka,-6.231412,106.92868
Perum Tpi 1,-6.197379,106.93513
Perum Tpi 2,-6.19745,106.93516
Perum Villa Kelapa Dua,-6.216674,106.76745
Perumahan BDN Cilandak,-6.284482,106.79946
Perumahan Buddha Tzu Chi 1,-6.107548,106.77192
Perumahan Buddha Tzu Chi 2,-6.107634,106.77184
Perumahan EKS Yon Angkub,-6.264169,106.87008
Perumahan Grand Malaka Rorotan,-6.148925,106.95577
Perumahan Mawar Joglo,-6.215254,106.72525
Perumahan Meruya Indah,-6.201783,106.7401
Perumahan Perwira Mabad,-6.20261,106.78274
Pertigaan Usman Harun,-6.254816,106.873685
Pertigaan Al-Baidho,-6.296144,106.899956
Perumahan Purna Dharma,-6.216334,106.77313
Perumahan TNI AU 1,-6.252552,106.90944
Perumahan TNI AU 2,-6.25262,106.90928
Taman Ayodya,-6.245687,106.79467
Perumahan Walikota Jakbar 2,-6.213297,106.72492
Perumnas Klender 2,-6.216652,106.9308
Pesona Kalisari,-6.337634,106.85748
Pesona Khayangan,-6.382532,106.83001
Pesona Square,-6.379606,106.84312
Petojo 1,-6.170105,106.81698
PGC Dalam,-6.261841,106.8657
PGP,-6.203394,106.93446
Pharmin,-6.182988,106.81306
Phe Tower Kebagusan,-6.299876,106.83323
PIK Avenue,-6.108595,106.73978
Pintu 2 Jembatan Semanan Raya,-6.155916,106.70954
Pintu 3 TMII,-6.305153,106.88853
Pintu Air Gempol 1,-6.183327,106.95957
Pintu Air Jembatan Merah,-6.146216,106.83417
Pintu Air Kalimati,-6.138809,106.8329
Pintu Air Menteng,-6.19598,106.83266
Pintu Air Sunda Kelapa,-6.126841,106.80995
Pintu II TMII,-6.297125,106.89246
Pintu II TMII Bawah,-6.296386,106.89057
Pintu Kawasan 1,-6.189631,106.90646
Pintu Kawasan 2,-6.1896,106.90629
Pintu Keluar Ps. Induk,-6.295914,106.87165
Pintu Masuk PIK 1,-6.203692,106.935101
Pintu Masuk PIK 2,-6.203882,106.93521
Pintu SMK 57,-6.291397,106.82357
Pintu Timur Ragunan,-6.312081,106.82569
Pintu Tol Cijago,-6.380896,106.86742
Piranti Baja,-6.118797,106.92869
PKB Pulo Gadung,-6.185733,106.90638
Sbr. Hotel Mulia,-6.214132,106.79537
PKPRI DKI Jakarta,-6.143493,106.83395
Plaza Adorama,-6.258301,106.81519
Plaza Blok M,-6.244978,106.79752
Plaza Europa,-6.221188,106.61667
Plaza Indonesia,-6.193733,106.8228
Plaza Kalibata,-6.256423,106.85566
Plaza Kemang 88,-6.270202,106.81539
Plaza Oleos,-6.29771,106.82965
Plaza Pp Condet 1,-6.302522,106.85729
Plaza Pp Condet 2,-6.302391,106.85775
Plaza Sentral,-6.216247,106.81676
PLN Corporate University 1,-6.300374,106.82113
PLN Corporate University 2,-6.300935,106.82136
PLN Duren Tiga 1,-6.254389,106.83416
PLN Duren Tiga 2,-6.254234,106.83445
PLN Kramat Jati,-6.283549,106.87163
PLN Pusat,-6.240011,106.80376
PLN Pusat Raya Tugu,-6.128057,106.92596
PLN Senayan,-6.216832,106.79325
PLTU,-6.113368,106.78533
Pluit 1,-6.115636,106.7909
Pluit Karang Indah,-6.117576,106.78311
Pluit Sakti,-6.122386,106.79432
Plumpang Ps. Ular,-6.129105,106.89405
Plumpang Pertamina 1,-6.127927,106.89336
PMD,-6.26919,106.84609
PMI,-6.241288,106.8351
Alfurqon,-6.184794,106.84433
Poins Square,-6.289207,106.77718
Polda Metro Jaya 1,-6.221726,106.80984
Polres Jakut,-6.116415,106.89341
Polsek Cipayung,-6.308731,106.89937
Polsek Ciputat 1,-6.310368,106.75502
Polsek Ciputat 2,-6.310464,106.7551
Polsek Duren Sawit,-6.247836,106.91726
Polsek Kelapa Gading,-6.162927,106.90748
Polsek Kemayoran,-6.159927,106.852
Polsek Kemayoran 2,-6.159595,106.85329
Polsek Kembangan,-6.198313,106.73945
Polsek Koja,-6.119814,106.91686
Polsek Makasar,-6.290974,106.8845
Polsek Pasar Rebo,-6.336745,106.8681
Polsek Tj. Priok,-6.115316,106.88029
Poltangan,-6.295763,106.84087
Poltek Bunda Kandung,-6.312052,106.83849
Poltekkes Jakarta I Cilandak,-6.30199,106.79027
Pom Bensin Ciputat,-6.321313,106.74627
Pom Bensin Mulyadi,-6.252929,107.02303
Pomad 2,-6.261758,106.84311
Pondok Kelapa Indah,-6.247534,106.92144
Pondok Kelapa Raya Kalimalang,-6.24883,106.9354
Pondok Yatim Kembang Kerep,-6.196073,106.74241
Pondok Molek,-6.284375,106.908629
Pompa Viaduct Ancol,-6.131663,106.83107
Ponpes Alhikmah Rorotan,-6.131569,106.95537
Ponpes Baitul Quran Al Ikhwan 1,-6.128812,106.96491
Ponpes Baitul Quran Al Ikhwan 2,-6.12889,106.96502
Ponpes Darunnajah,-6.24664,106.7628
Ponpes Musyarrofah,-6.22587,106.74483
Pool Blue Bird Cijantung,-6.321667,106.86516
Pool Blue Bird Puri 2,-6.160742,106.72685
Pool Express Tanah Kusir,-6.255345,106.76911
Pool Hiba Utama 1,-6.206384,106.90269
Pool Hiba Utama 2,-6.20608,106.90261
Pool Mayasari Bakti,-6.202095,106.90445
Pool PPD Ciputat,-6.331231,106.74851
Pool PPD Kec. Pulo Gadung,-6.199649,106.90477
Pool Taksi,-6.188631,106.93426
Port Medical Center,-6.110114,106.88939
Portal Darul Falah Petukangan,-6.22749,106.75234
Portal Taman Ratu 1,-6.16532,106.76995
Pos 9 Pelabuhan Jict,-6.107294,106.8957
Pos Bungur Batu Ampar,-6.277838,106.86067
Pos Bungur Batu Ampar IV,-6.277781,106.86072
Pos Jaga Trikora 1,-6.241638,106.87981
Pos Jaga Trikora 2,-6.241673,106.87978
Kota Bambu Arah Utara,-6.184489,106.79674
Pos Jaga Utama 2,-6.261242,106.88827
Pos Masuk Halim Squadron 1,-6.270578,106.87774
Pos Masuk Halim Squardon 2,-6.270523,106.87772
Pos Pantau Kostrad Petukangan,-6.230734,106.75348
Pos Pengampuan,-6.199264,106.76162
Pos Pengumben 1,-6.213215,106.77228
Pos Polisi Satrio,-6.225044,106.82827
Pos Rw 06 Pondok Bambu,-6.229454,106.90441
Pos RW 10 Jingga Raya,-6.163696,106.90887
Pos RW 16 Tj. Gedong,-6.167462,106.79333
Posh Harapan Indah Raya,-6.193852,106.97683
Pospol Bendungan Hilir,-6.213858,106.8131
Pom Ad 1,-6.261949,106.84328
Pospol Jati Bunder,-6.189707,106.81317
Pospol Makasar,-6.246997,106.90659
Pospol Pengumben,-6.216956,106.76965
Pospol PIK Penggilingan,-6.203442,106.93258
Pospol Pondok Kelapa,-6.238776,106.93434
Pospol Taman Aries,-6.195419,106.7442
Pospol Tomang 1,-6.174344,106.80497
Pospol Tomang 2,-6.174341,106.80489
PPI,-6.170855,106.82136
PPKD Jaktim,-6.247777,106.94236
Prajawangsa 1,-6.32145,106.86508
Praktekan Bangunan Barat 1,-6.189877,106.88165
Prasetya Mulya,-6.291895,106.78922
Pratama Abadi,-6.233124,106.64256
Premier Terrace,-6.329721,106.87537
PTT,-6.109953,106.88381
PTUN Jakarta,-6.196388,106.84025
PU Irigasi,-6.201479,106.81079
Pulo Asem,-6.193384,106.89463
Pulo Gadung 3,-6.181757,106.90867
Pulo Gadung 4,-6.184383,106.90798
Pulo Gadung 5,-6.182228,106.90901
Pulo Mas 1,-6.174644,106.89288
Pulo Mas Bypass 2,-6.177207,106.87582
Pulo Mas Residence,-6.175379,106.88744
Pulo Mas Ruko,-6.178306,106.89677
Punto Dewo Gardu 1,-6.289714,106.8927
Punto Dewo Gardu 2,-6.289746,106.89261
Puri Ardhya Garini,-6.25703,106.88392
Puri Botanical,-6.217893,106.74621
Puri Imperium,-6.210463,106.83229
Puri Park View,-6.192136,106.75572
Puri Margasatwa,-6.311493,106.808682
Portal Taman Ratu 2,-6.169674,106.769421
Praktekan Bangunan Barat 2,-6.189948,106.883043
Pospol Pemuda Kayu Jati V,-6.192853,106.886136
Pondok Gede Raya,-6.28939,106.880201
Sbr. ITC Fatmawati,-6.26343,106.7969
Pusat Buah Segar Green Ville,-6.169454,106.77281
Pusat Mode Tanah Abang,-6.18684,106.81579
Pusat Pelayanan Warga Summarecon,-6.14844,106.91495
Pusat Pengelolaan Komplek Kemayoran,-6.151371,106.84188
Pospol Daan Mogot Baru,-6.155056,106.713851
Term. Pulo Gadung,-6.183245,106.90868
Pusat Promosi Dan Pemasaran Hortikultura 1,-6.206283,106.77799
Pusat Promosi Ikan Hias,-6.183173,106.85602
Pusat Promosi Industri Kayu Mebel,-6.202854,106.90366
Pusdiklat Batan,-6.293368,106.772
Pusdiklat Bps Jagakarsa,-6.331167,106.83154
Pusdiklat Kemenag 1,-6.312075,106.75228
Pusdiklat Kemenag 2,-6.312209,106.75252
Pusdiklat Pajak Jln. Sakti IV,-6.188239,106.78441
Pusdiklatnas 1,-6.104867,106.9394
Pusdiklatnas 2,-6.104896,106.93944
Pusenlis,-6.187443,106.80804
Puskesmas Balekambang,-6.284147,106.85164
Puskesmas Batu Ampar,-6.283558,106.85936
Puskesmas Cakung,-6.198025,106.90511
Puskesmas Cibubur,-6.355699,106.87916
Puskesmas Cilincing,-6.103756,106.93943
Puskesmas Ciracas,-6.311774,106.87472
Puskesmas Duren Sawit,-6.241844,106.9109
Puskesmas Halim 1,-6.288345,106.89237
Puskesmas Halim 2,-6.267443,106.87732
Puskesmas Kebayoran Baru,-6.247225,106.80572
Puskesmas Kelapa Gading,-6.157489,106.90703
Puskesmas Kel. Dukuh,-6.302654,106.88026
Puskesmas Kel. Kamal II,-6.100938,106.69786
Puskesmas Kel. Papanggo,-6.129791,106.87234
Puskesmas Kel. Semper Barat II,-6.136069,106.92169
Puskesmas Kel. Warakas,-6.120743,106.87539
Puskesmas Kota Bambu Selatan,-6.186436,106.80737
Puskesmas Malaka Sari,-6.2306,106.92955
Puskesmas Meruya Utara,-6.199719,106.74148
Puri Kembangan,-6.188874,106.73514
Puri Mansion Apartement,-6.177925,106.72821
Puskesmas Cengkareng,-6.144546,106.72866
Potlot,-6.254634,106.84265
Puri Casablanca,-6.225081,106.8384
Puskesmas Pasar Minggu,-6.320616,106.82544
Puskesmas Pasar Rebo,-6.339083,106.86148
Puskesmas Petojo Utara,-6.168238,106.81088
Puskesmas Pondok Pinang,-6.277299,106.7727
Puskesmas Rawamangun,-6.197034,106.88839
Putaran Karang Tengah,-6.306832,106.78171
RA Kartini,-6.282151,106.77315
Raffles Christian School,-6.27959,106.77875
Ragunan 1,-6.305305,106.81831
Ragunan 2,-6.305283,106.81855
Ramayana Cengkareng,-6.153197,106.72803
Ramayana KDW,-6.351839,106.88432
Ramayana Semper,-6.127723,106.91711
Ratu Prabu,-6.292014,106.80853
Rawa Bambu,-6.294753,106.84078
Rawa Barat 1,-6.238813,106.8159
Rawa Binong Lubang Buaya,-6.297294,106.903
Rawa Buaya 1,-6.154142,106.72657
Rawa Buaya 2,-6.153725,106.72613
Rawa Selatan 1,-6.174148,106.85794
Rawa Selatan 2,-6.173813,106.85771
Raya Bekasi Pulo Gebang 1,-6.187709,106.96005
Raya Condet Munggang 1,-6.274032,106.85669
Raya Condet Munggang 2,-6.274052,106.85559
Raya Gading Bukit Indah,-6.147947,106.89919
Raya Penggilingan,-6.183068,106.93194
Raya Pulo Gebang Akses St. Cakung,-6.216671,106.95301
Rengas,-6.238871,106.81704
Rest Area Cibubur,-6.339993,106.89078
Rest Area Km 13 Jakarta Merak,-6.214583,106.68105
Rest Area Km 13 Merak Jakarta,-6.214273,106.67784
Rest Area TMII,-6.29467,106.8812
Rindang Alam,-6.310511,106.9003
Romantis PIK Penggilingan,-6.205114,106.92803
Rorotan BKT,-6.13934,106.96917
Rorotan IX Gg. V,-6.155712,106.95972
Roxy Square,-6.166209,106.79957
Roxy Square 1,-6.167189,106.79981
Roxy Square 2,-6.167221,106.79975
RPHU Rorotan,-6.13408,106.95508
RPTRA Dukuh,-6.301412,106.87583
RPTRA Kampung Pulo Asri,-6.277931,106.88373
Pusdikkes,-6.277665,106.869455
RPTRA Menara,-6.212997,106.73123
RPTRA Mutiara Rawabinong,-6.298029,106.90484
RPTRA Radar Pembangunan,-6.120156,106.89643
RPTRA Taman Apel,-6.1717,106.78412
RPTRA Udara Segar 126,-6.282793,106.86397
RS Adhiyaksa,-6.307077,106.8932
RS Anggrek Mas,-6.203194,106.77283
RS Asshobirin 1,-6.258627,106.65185
RS Asshobirin 2,-6.258481,106.65199
Kemanggisan Arah Utara,-6.189906,106.79694
RS Bhakti Mulia,-6.199881,106.80092
RS Budi Jaya,-6.218825,106.84519
RS Carolus,-6.196081,106.85054
RS Ciputra,-6.123683,106.70511
RS Citra Harapan,-6.185004,106.97723
RS Dharma Nugraha,-6.196153,106.88615
RS Dr Mintohardjo,-6.211193,106.81231
RS Duren Sawit,-6.229777,106.90969
RS Duren Sawit 2,-6.232262,106.91019
RS Fatmawati,-6.29354,106.79522
RS Gading Pluit,-6.166419,106.91558
RS Grand Family,-6.123468,106.73897
RS Haji Jakarta,-6.290313,106.88948
RS Harapan Bunda 1,-6.302069,106.86806
RS Harum,-6.24778,106.90951
RS Hermina,-6.22085,106.86512
RS Hermina Podomoro,-6.145342,106.86156
RS Islam Pondok Kopi,-6.220062,106.93908
RS Islam Pondok Kopi 1,-6.220444,106.94078
RS Islam Pondok Kopi 2,-6.220383,106.94075
RS Islam Sukapura,-6.140369,106.92205
RS Medika Permata Hijau 3,-6.218375,106.77849
RS Medika Permata Hijau 4,-6.218438,106.77855
RS Mediros,-6.179626,106.90387
RS Medistra,-6.240411,106.83412
RS Mitra Kelapa Gading,-6.152389,106.89745
RS Mitra Keluarga 2,-6.24088,106.99285
RS Moh Ridwan Meuraksa,-6.294684,106.88179
RS Mulyasari,-6.129501,106.90615
RS Omni Pulo Mas,-6.180347,106.88515
RS Pelabuhan Jakarta,-6.124553,106.9168
RS PIK,-6.112331,106.75294
RS PIK 2,-6.112549,106.75264
RS Polri Jaktim,-6.27067,106.86732
RS Pusdikkes,-6.277538,106.86917
RS Restu Kasih,-6.26606,106.86598
RS Setia Mitra 1,-6.281325,106.7964
RS Setia Mitra 2,-6.281358,106.79617
RS Siloam,-6.292071,106.78467
RS Siloam Kb. Jeruk,-6.190432,106.76302
RS Sukmul Sisma Medika,-6.112315,106.88236
RS Sumber Waras 1,-6.166392,106.79756
RS Sumber Waras 2,-6.166121,106.79784
RS Zahirah,-6.335452,106.82382
RSAU Dr Esnawan Antariksa 1,-6.256566,106.89152
RSAU Dr Esnawan Antariska 2,-6.256569,106.89139
RSCM 1,-6.198831,106.84636
RSIA Aries,-6.157776,106.80822
RSIA Asta Nugraha,-6.22182,106.91487
RSIA Bunda,-6.196714,106.83658
RSIA Bunda 2,-6.196015,106.83672
RSIA Bunda Aliyah 1,-6.233285,106.8966
RSIA Bunda Aliyah 2,-6.233177,106.89654
RSIA Duren Tiga 1,-6.253592,106.8413
RSIA Duren Tiga 2,-6.253509,106.84135
RSIA Kemang,-6.285839,106.8188
RSJ Dr Soeharto Heerdjan,-6.162636,106.78956
RSPAD 1,-6.176162,106.83987
RSPAD 3,-6.175462,106.83922
RSU Andhika,-6.344535,106.81428
RSU Dr Euis,-6.245428,106.94255
RSU Pekerja Sukapura,-6.145072,106.92271
Rsu Pengayoman,-6.214694,106.88352
RS Jantung Binawaluya,-6.30835,106.87106
RSIA Brawijaya Jln. H. Jian,-6.257311,106.806994
RS Pelni,-6.193474,106.805348
RSUD Cilincing,-6.112966,106.92607
RS Mata Menteng,-6.198015,106.837005
RSUD Ciracas,-6.345642,106.87358
RSUD Jagakarsa,-6.31636,106.81168
RSUD Koja,-6.108205,106.89982
RSUD Koja 1,-6.108976,106.8994
RSUD Koja 2,-6.108796,106.89934
RSUD Pasar Rebo 1,-6.304584,106.86212
RSUD Pasar Rebo 2,-6.304616,106.86245
RSUD Pesanggrahan,-6.258241,106.75706
RSUD Tj. Priok 1,-6.115837,106.88933
RSUD Tj. Priok 2,-6.115831,106.88872
RSUD Tarakan,-6.172239,106.81098
RSUD Tugu Koja,-6.127292,106.90605
RSUP Persahabatan,-6.203866,106.88582
Rukan Balai Pustaka,-6.198484,106.88611
Rukan Radin Inten II,-6.235567,106.92282
Rukan Teuku Umar,-6.195499,106.62391
Ruko Aries Niaga,-6.192569,106.74462
Ruko Boulevard Barat Raya,-6.152164,106.89078
Ruko BSD Sektor 7,-6.281034,106.66287
Ruko Bungur Besar,-6.161321,106.83979
Ruko Cempaka Mas,-6.161942,106.87466
Ruko Cordoba 1,-6.112419,106.74356
Ruko Cordoba 2,-6.112645,106.74356
Ruko Enggano,-6.10982,106.88493
Ruko Gading Bukit Indah,-6.149387,106.89917
Ruko Gading Bukit Indah 2,-6.150303,106.89865
Ruko Gading Kirana,-6.14617,106.89649
Ruko Gading Kirana 2,-6.146962,106.89798
Ruko Gading Kirana 3,-6.147948,106.89971
Ruko Grand Ancol,-6.131851,106.82349
RSPAD 2,-6.177322,106.83824
RS Pusat Pertamina 3,-6.239806,106.79431
RSUD Cengkareng,-6.142238,106.73398
RS Tria Dipa,-6.250297,106.84261
Ruko Mall Mangga Dua,-6.136684,106.82372
Ruko Mega Grosir Cempaka Mas,-6.167009,106.87376
Ps. Palmerah,-6.207817,106.79695
Ruko Moh Kahfi II,-6.335794,106.827
Ruko Molek,-6.284483,106.90799
Ruko Ps. Kebayoran Lama,-6.235822,106.78053
Ruko Permata Senayan 1,-6.219856,106.79176
Ruko Permata Senayan 2,-6.22148,106.79111
Ruko Pondok Pinang Centre,-6.27349,106.77388
Ruko Taman Cemara,-6.181009,106.97795
Ruko Taman Duta Mas,-6.148626,106.78088
Ruko Taman Kb. Jeruk,-6.197388,106.74818
Ruko Taman Sari 56,-6.155317,106.82712
Rumah Pompa Industri,-6.144634,106.83396
Rumah Sipitung,-6.100075,106.96054
Rusun Benhil,-6.201418,106.80789
Rusun Cinta Kasih Tzu Chi,-6.132625,106.73559
Rusun Cipinang Besar Selatan,-6.231625,106.88288
Rusun Jatinegara Barat,-6.223016,106.86585
Rusun Jatinegara Kaum Depan,-6.212768,106.89945
Rusun Kapuk Muara,-6.135667,106.76299
Rusun Kemayoran,-6.153101,106.85347
Rusun Klender,-6.216567,106.92868
Rusun Marunda,-6.097099,106.96231
Rusun Marunda 1,-6.098204,106.96232
Rusun Marunda 2,-6.09826,106.96218
Rusun Penjaringan,-6.130702,106.79487
Rusun Pesakih,-6.161468,106.71698
Rusun Pinus Elok Blok A,-6.201272,106.93757
Rusun Pondok Bambu,-6.241583,106.91085
Rusun Rawa Bebek,-6.196241,106.9658
Rusun Rempoa,-6.261641,106.7666
Rusun Rorotan,-6.151766,106.95512
Rusun Sukapura,-6.154874,106.92507
Rusun Tanah Abang 1,-6.192314,106.81481
Rusun Tanah Abang 2,-6.192171,106.81474
Rusun Waduk Pluit,-6.111456,106.80022
St. Palmerah,-6.208908,106.79706
Sabar Raya,-6.241485,106.75189
Sadar Raya Ciganjur 1,-6.342664,106.81256
Sadar Raya Ciganjur 2,-6.342711,106.8126
Saharjo UGM,-6.214596,106.84427
Sakura Garden City,-6.322444,106.88866
Sampoerna Strategic,-6.217152,106.81892
Samsat BSD,-6.291005,106.6658
Sangrila Indah 2,-6.237493,106.75906
Santa Maria,-6.21939,106.86445
Santo Lukas,-6.244763,106.84319
Sari Pan Pacific,-6.185037,106.82325
MH Thamrin 2,-6.188238,106.82277
MH Thamrin 3,-6.187125,106.82378
Sawo Kecik Raya,-6.224852,106.85489
SD 01 Taman Mpu Sendok,-6.231785,106.81025
SD Al Bayyinah Muhammadiyah,-6.355691,106.80966
SD Angkasa 7,-6.25083,106.88358
SD Diakonia 1,-6.112155,106.7893
SD Jatinegara Kaum,-6.19781,106.90496
SD Kairos Gracia,-6.142771,106.71729
SD Kartika X-2,-6.25388,106.75637
SD Kartika X-4,-6.259431,106.75611
SD Paskalis 1,-6.177104,106.84827
SD Pelita Jati Padang,-6.286616,106.82926
SD Santa Maria Gambir,-6.167007,106.82442
Kota Bambu Arah Selatan,-6.185221,106.79709
SDIT Assalaamah,-6.192633,106.96583
SDN Batu Ampar 07,-6.284671,106.86299
SDN Batu Ampar 12,-6.278157,106.86091
SDN Bendungan Hilir 01,-6.207519,106.80898
SDN Cakung Timur 05,-6.165556,106.96241
SDN Cempaka Putih Timur 03,-6.18514,106.86992
Rusun Tipar Cakung,-6.171493,106.93731
SD Diakonia 2,-6.112346,106.78905
SDN Cempaka Putih Timur 05,-6.185134,106.87003
SDN Cengkareng Barat 05,-6.149878,106.72239
SDN Cengkareng Timur 05,-6.149212,106.72804
SDN Cibubur 01,-6.354808,106.87871
SDN Cibubur 03/04/06/07,-6.344819,106.87381
SDN Cibubur 09/10/12/13,-6.35307,106.87298
SDN Cibubur 11,-6.34213,106.87377
SDN Cilandak Timur 01,-6.306334,106.81391
SDN Cilincing 09,-6.107565,106.93718
SDN Cipedak 03,-6.349096,106.80933
SDN Cipedak 05,-6.354478,106.80119
SDN Cipete Selatan 01,-6.272283,106.80167
SDN Cipinang Besar Selatan,-6.233133,106.88262
SDN Cipinang Besar Selatan 01,-6.228698,106.87859
SDN Ciracas 01,-6.326589,106.8639
SDN Ciracas 11/15,-6.323356,106.88389
SDN Dukuh 01,-6.287794,106.87406
SDN Dukuh 05,-6.298845,106.87932
SDN Duren Sawit 01,-6.226349,106.91359
SDN Duren Sawit 02,-6.22516,106.91453
SDN Duri Kepa 11,-6.186081,106.77526
SDN Grogol Selatan 01,-6.229143,106.7787
SDN Grogol Utara 03,-6.214998,106.7777
SDN Gunung Sahari 01,-6.166112,106.8417
SDN Jagakarsa 01,-6.328189,106.82025
SDN Jagakarsa 05,-6.336947,106.81847
SDN Jati 07,-6.202444,106.89727
SDN Jatipulo 08,-6.180282,106.79911
SDN Jelambar 08,-6.163394,106.78433
SDN Jelambar Baru 01,-6.147765,106.78324
SDN Joglo 03,-6.221939,106.73174
SDN Johar Baru 10,-6.181262,106.86023
SDN Kebagusan 01,-6.305274,106.82737
SDN Kb. Baru 09,-6.115952,106.92219
SDN Kelapa Dua 01,-6.207288,106.76927
SDN Kelapa Dua Wetan 01,-6.343207,106.8856
SDN Kelapa Dua Wetan 02,-6.347237,106.88299
SDN Kembangan Selatan 03,-6.177945,106.74782
SDN Kota Bambu 03,-6.188023,106.80801
SDN Lagoa,-6.112279,106.91169
SDN Lebak Bulus 01,-6.303559,106.78362
SDN Lebak Bulus 02,-6.303808,106.77775
SDN Lebak Bulus 03,-6.304028,106.77782
SDN Lubang Buaya 11,-6.294,106.90051
SDN Malakasari 13 15,-6.217487,106.92954
SDN Kalisari 01,-6.336151,106.854529
SDN Marunda 01,-6.124985,106.95892
Pal Batu 3,-6.225075,106.84149
SDN Meruya Utara 02,-6.198756,106.74133
SDN Meruya Utara 02 Pagi,-6.199267,106.74166
SDN Meruya Utara 03 04,-6.194736,106.75583
SDN Palmerah 07,-6.205766,106.7965
Sarinah,-6.188081,106.82317
SDN Pegangsaan Dua 06,-6.17679,106.9111
SDN Pegangsaan Dua 07,-6.175069,106.91123
SDN Pekayon 10,-6.340992,106.861
SDN Penggilingan,-6.205255,106.93004
SDN Penjaringan,-6.12527,106.80272
SDN Penjaringan 3,-6.12509,106.80254
SDN Pesanggrahan 10,-6.259714,106.75688
Kemanggisan Arah Selatan,-6.189781,106.79726
SDN Pisangan Timur 05/07,-6.211291,106.87457
SDN Pondok Jagung 1,-6.256261,106.65132
SDN Pondok Jagung 2,-6.256133,106.65144
SDN Pondok Kelapa 05,-6.240583,106.9428
SDN Pondok Labu 11,-6.313269,106.80221
SDN Pulo Gebang 13,-6.197112,106.96259
SDN Pulo Gebang 20,-6.208286,106.95916
SDN Ragunan 14,-6.298262,106.82634
SDN Rawamangun 05,-6.188814,106.88032
SDN Rorotan 01,-6.15738,106.95587
SDN Rorotan 02,-6.157419,106.9565
SDN Rorotan 03,-6.144153,106.95627
SDN Rorotan 07,-6.146566,106.95638
SDN Srengseng Sawah 01,-6.332965,106.8338
SDN Srengseng Sawah 07,-6.345273,106.83064
SDN Sukabumi Utara 03,-6.203549,106.77458
SDN Sukabumi Utara 04,-6.206569,106.77233
SDN Sukasari Enam 1,-6.189785,106.6419
SDN Sukasari Enam 2,-6.189308,106.64182
SDN Tanah Tinggi,-6.176001,106.84694
SDN Tengah 06,-6.292638,106.86181
Sbr. Adem Ayem,-6.173945,106.96356
Sbr. Agrowisata Cilangkap,-6.339822,106.90147
Sbr. Airy Eco Binus,-6.195238,106.78878
Sbr. Akademi Farmasi Mahadhika,-6.312606,106.86941
Sbr. Akper Fatmawati Pondok Labu,-6.313126,106.79938
Sbr. Akses Jembatan Ciliwung Balekambang,-6.283464,106.84945
Sbr. Al Jabr Islamic School,-6.308238,106.80364
Sbr. Al Khairiyah School,-6.236532,106.91761
Sbr. Anggur KDW,-6.334046,106.88116
Sbr. Apartemen Gading Nias,-6.154013,106.91607
Sbr. Apartemen Metro Sunter,-6.133956,106.87201
Sbr. Ayam Kalasan Pisangan Lama,-6.210406,106.87873
Sbr. Badan Penghubung Sulawesi Tengah,-6.175002,106.80728
Sbr. Bakti Mulya 400,-6.275921,106.77663
Sbr. Balai Nikah Kembangan Utara,-6.181498,106.73445
Sbr. Bamed Health Care,-6.20356,106.73105
Sbr. Binus Syahdan,-6.200762,106.785
Sbr. Bona Plaza Indah,-6.30108,106.78042
Sbr. BPJS Jaksel,-6.249724,106.84327
Sbr. BPK Penabur Kelapa Gading,-6.147832,106.90903
Sbr. Bukit Cinere Indah,-6.33992,106.78012
Sbr. Bumi Gotong Royong,-6.326549,106.8534
Sbr. Cakrawala I Gg 5,-6.112307,106.91351
Sbr. Cek & Ricek,-6.215396,106.72955
Sbr. Cempaka Putih Barat III,-6.176201,106.8618
Sbr. Cibubur Indah II,-6.352143,106.88715
Sbr. Cilandak KKO,-6.294056,106.81604
Sbr. Cilincing Baru Raya,-6.106928,106.9271
Sbr. Cipinang Jagal,-6.21091,106.89553
Sbr. Cipinang Lontar,-6.214204,106.88839
Sbr. Daarus Saada Duri Kosambi,-6.176867,106.70744
Sbr. Depo LRT Pegangsaan Dua,-6.154781,106.9137
Sbr. Dinas Kesehatan DKI Jakarta,-6.171269,106.81508
Sbr. DPP FPI,-6.194418,106.80523
Sbr. Dukuh Permai Residence,-6.302554,106.87861
Sbr. Duri Selatan III,-6.160083,106.80822
Sbr. Duta Merlin,-6.168488,106.82011
Sbr. EKS Komplek Gaya Motor,-6.105639,106.93077
Sbr. Embun Pagi Islamic School,-6.247844,106.91894
Sbr. Fedex Pondok Pinang,-6.280155,106.77234
Sbr. Fuso,-6.176222,106.87668
Sbr. Gg. 2 Rorotan IX,-6.157385,106.95785
Sbr. Gg. Ahmad Squadron,-6.269167,106.87759
Sbr. Gg. Al Mawaddah Tengah,-6.287951,106.86292
Sbr. Gg. Alfa Kayu Tinggi,-6.182675,106.8483
Sbr. Gg. Anawingka Naga Raya,-6.223549,106.90755
Sbr. Gg. Asem Ciracas,-6.321411,106.87015
Sbr. Gg. Asmat Petukangan,-6.244437,106.75203
Sbr. Gg. Balai Rakyat Balekambang,-6.293299,106.85521
Sbr. Gg. Bali III Kalideres,-6.15604,106.70369
Sbr. Gg. Barokah Lingkar Timur,-6.196525,106.94396
Sbr. Gg. Barokah Marunda,-6.127818,106.95885
Sbr. Gg. Baronang Cibubur,-6.362495,106.88432
Sbr. Gg. Baru,-6.302783,106.91193
Sbr. Gg. Beringin 4 RS Soekanto,-6.227684,106.93269
Sbr. Gg. Bhakti Lingkar Timur,-6.197386,106.94404
Sbr. Gg. Bina Citra,-6.312002,106.87183
Sbr. Gg. Borobudur Ragunan,-6.3068,106.81684
Sbr. Gg. Bulak I Rorotan,-6.132862,106.9553
Sbr. Gg. Bungur IX Rambutan,-6.316993,106.88461
Sbr. Gg. CC Palmerah,-6.202017,106.7883
Sbr. Gg. Cemara Cilandak KKO,-6.299539,106.81463
Sbr. Gg. Condet Raya Prepedan,-6.111835,106.70561
Sbr. Gg. Damai Lingkar Timur,-6.195487,106.94386
Sbr. Gg. Damai Lingkar Timur 2,-6.195348,106.94385
Gg. 2 Blok I,-6.116509,106.91529
Sbr. Gg. Film Jagakarsa,-6.322325,106.81114
Sbr. Gg. Giat Raya Ciracas,-6.330095,106.86996
Sbr. Gg. H Ahmad Nado,-6.304389,106.80236
Sbr. Gg. H Banjir,-6.12604,106.91896
Sbr. Gg. H Kebantenan III,-6.108371,106.9334
Sbr. Gg. H. Abdullah Marunda,-6.125689,106.95681
Sbr. Gg. H. Amsar,-6.218664,106.77088
Sbr. Gg. H. Anim Semanan,-6.168439,106.70621
Sbr. Gg. H. Emur Pondok Labu,-6.301816,106.79626
Sbr. Gg. H. Loong Tengah,-6.286908,106.863
Sbr. Gg. H. Mesir,-6.337621,106.81568
Sbr. Gg. H. Naim Kembangan Utara,-6.182403,106.73462
Sbr. Gg. H. Saibun Jati Padang,-6.289734,106.82889
Sbr. Gg. H. Untung Rawa Buaya,-6.163125,106.73351
Sbr. Gg. H. Yahya Balekambang,-6.287134,106.85062
Sbr. Gg. H. Yusuf Jati Padang,-6.29314,106.82863
Sbr. Gg. Kebembem II,-6.208692,106.88489
Sbr. Gg. Kerang Raya Dadap,-6.095784,106.71554
Sbr. Gg. Langga,-6.266354,106.88136
Sbr. Gg. Mantap Cibubur,-6.364144,106.88602
Sbr. Gg. Masjid Al Istiqomah Tengah,-6.292648,106.86459
Sbr. Gg. Muhi Pulo Gebang,-6.210823,106.95812
Sbr. Gg. Mundu II Tengah,-6.292947,106.86324
Sbr. Gg. Musholla Ragunan,-6.308188,106.81593
Sbr. Gg. Nusa Indah Ciracas,-6.326059,106.86869
Sbr. Gg. Oxport Kebantenan,-6.110926,106.92909
Sbr. Gg. Padi Pelita Cipinang,-6.211895,106.88755
Sbr. Gg. Puas Cibubur,-6.347245,106.87416
Sbr. Gg. Puskesmas Kebagusan Raya,-6.296651,106.82701
Sbr. Gg. Rawa Gurih,-6.284347,106.85365
Sbr. Gg. Rezeki Cijantung,-6.32655,106.85576
Sbr. Gg. Robaya,-6.333212,106.82825
Sbr. Gg. Rukun Lingkar Timur,-6.198378,106.94426
Sbr. Gg. Rukun Lubang Buaya,-6.290453,106.90658
Sbr. Gg. Rw Ulujami Raya,-6.24941,106.76355
Sbr. Gg. Sabar 2 Lingkar Timur,-6.199863,106.94476
Sbr. Gg. Saminten,-6.379273,106.84919
Sbr. Gg. Saorma Kalisari,-6.338269,106.85886
Sbr. Gg. Sejahtera Lingkar Timur,-6.200486,106.94504
Sbr. Gg. Swadaya Pagelarang,-6.302718,106.91662
Sbr. Gg. Trijaya IV Timur,-6.232282,106.85287
Sbr. Gg. Usaha Ciracas,-6.319845,106.87257
Sbr. Gg. Wali Pertama Cijantung,-6.326401,106.85771
Sbr. Gg. Warga Lubang Buaya,-6.287672,106.90589
Sbr. Gg. Waru,-6.305912,106.91221
Sbr. Gg. Yasto Cipete,-6.260998,106.80568
Sbr. Garuda Indonesia Training Center,-6.175248,106.72176
Sbr. GBI Sungai Yordan,-6.166387,106.76987
Sbr. Gedung Lapan Pekayon,-6.341942,106.85913
Sbr. Gedung Pompa Cideng Siantar,-6.173359,106.80682
Sbr. Gedung Pompa Pinang,-6.112351,106.90317
Sbr. Gelanggang Remaja Ciracas,-6.339531,106.88217
Sbr. Gelanggang Remaja Tj. Priok,-6.138765,106.87197
Sbr. Gereja HKBP Cilangkap,-6.334694,106.89746
Sbr. Gereja HKBP Duren Sawit,-6.223357,106.91359
Sbr. Gereja Kristen Jawa,-6.2014,106.88588
Sbr. Gereja Oikumene,-6.262305,106.88696
Sbr. Gereja Protestan Tugu,-6.123705,106.92338
Sbr. Gereja Sumber Kasih,-6.302784,106.78646
Sbr. Giant Ekspres Pondok Kopi,-6.226376,106.94372
Sbr. Goethe Institute,-6.189435,106.83131
Sbr. Golden Fatmawati,-6.27688,106.79783
Sbr. GOR Ciracas,-6.325507,106.86388
Sbr. GOR Pondok Bambu,-6.223572,106.90377
Jln. Panglima Polim IX,-6.24967,106.798809
Sbr. Graha Dirgantara,-6.255569,106.88303
Sbr. Graha Kencana,-6.190276,106.76529
Sbr. Grand Palm,-6.178345,106.71575
Sbr. Green Lake City,-6.177139,106.71077
Sbr. Green Puri,-6.174548,106.70682
Sbr. Green VIlle Maisonet,-6.173913,106.77902
Sbr. Grha Intirub,-6.265218,106.8758
Sbr. Griya Galaxy 126,-6.283359,106.86429
Sbr. Griya Harapan Permai,-6.183238,106.98168
Sbr. H Dahlan,-6.293781,106.90389
Sbr. H Satiri Manshur,-6.173971,106.74845
Sbr. H. Mahi,-6.169359,106.96241
Simpang Jln. Rawa Maja 1,-6.265816,106.799431
Sbr. Heinz Abc Kalideres,-6.152192,106.70266
Sbr. HKBP Petukangan,-6.236565,106.75155
Gg. Tampak Siring Cipete Dalam,-6.274609,106.80055
Sbr. Huntsman,-6.343053,106.86906
Sbr. Imigrasi Kelas I Jaksel,-6.273261,106.77464
Sbr. Industri SPBU Shell,-6.146667,106.83538
Sbr. Institut Teknologi Budi Utomo,-6.221694,106.93904
Sbr. Intilon,-6.151753,106.80766
Madrasah Aliyah Citra Cendekia,-6.35789,106.8006
Sbr. Jakarta Taipei School,-6.145918,106.90603
Sbr. Jln. Al Falah Duri Kosambi,-6.178691,106.71731
Sbr. Jln. Al Hidayah Basmol,-6.163322,106.75056
Sbr. Jln. Albarkah I Cilandak,-6.285954,106.79961
Sbr. Jln. Albarkah II Cilandak,-6.287195,106.80168
Sbr. Jln. Ampel,-6.296958,106.89182
Sbr. Jln. Anggrek Srengseng,-6.198239,106.75622
Sbr. Jln. Angkasa 1,-6.19059,106.96803
Sbr. Jln. Aselih Cipedak,-6.351786,106.80153
Sbr. Jln. Asem Pengantin Ali,-6.324578,106.88368
Sbr. Jln. Asia Baru I,-6.169483,106.77107
Sbr. Jln. Asshofa Raya,-6.213384,106.78163
Sbr. Jln. Assirot Dalam,-6.225602,106.77477
Sbr. Jln. B Basmol Raya,-6.16156,106.7519
Sbr. Jln. Bak Air 1,-6.115009,106.87222
Sbr. Jln. Bambu II Srengseng,-6.210918,106.75912
Sbr. Jln. Batu Tulis II,-6.280513,106.86283
Sbr. Jln. Belimbing Terusan,-6.115554,106.92156
Sbr. Jln. Bendungan Hilir Gg. IV,-6.212801,106.81255
Sbr. Jln. Beo,-6.256595,106.75966
Sbr. Jln. Berlian II Pondok Labu,-6.298155,106.79932
Sbr. Jln. Bhakti VII Palmerah,-6.193182,106.78365
Sbr. Jln. Bima I Cijantung,-6.326374,106.85833
Sbr. Jln. Bima Kemanggisan,-6.185664,106.78735
Sbr. Jln. Bojong Indah Raya,-6.161731,106.73261
Sbr. Jln. Buah Cijantung,-6.32942,106.86591
Sbr. Jln. Buaran III,-6.220582,106.91922
Sbr. Jln. Bumi Pratama III,-6.296413,106.8784
Sbr. Jln. Bumi Sutera Cibubur,-6.35043,106.87757
Sbr. Jln. Bunga Cempaka II Cipete,-6.268821,106.8063
Sbr. Jln. Bungur IV Rambutan,-6.314526,106.88457
Sbr. Jln. Bungur VIII Rambutan,-6.316067,106.88491
Sbr. Jln. Busika Raya Ciracas,-6.330074,106.87292
Sbr. Jln. Cakrawala,-6.264077,106.8843
Sbr. Jln. Cambela Permai,-6.097476,106.69996
Sbr. Gereja HKBP Cipete,-6.272336,106.80074
Sbr. Jln. Cibubur Indah V,-6.350015,106.88411
Sbr. Jln. Cibubur VI,-6.353616,106.87828
Sbr. Jln. Cibubur VII,-6.356483,106.88044
Sbr. Jln. Cikoko Timur I,-6.244364,106.85867
Sbr. Jln. Buaran I,-6.221043,106.91661
Jln. Raya Tugu,-6.12452,106.92245
Sbr. Jln. Cipinang Jaya,-6.214238,106.88701
Sbr. Jln. Cipinang Latihan,-6.216314,106.88695
Sbr. Jln. Dahlia KDW,-6.348824,106.88443
Sbr. Jln. Damai,-6.242744,106.90195
Sbr. Jln. Damai I Petukangan,-6.243883,106.75201
Sbr. Jln. Damai Kalisari,-6.338486,106.85983
Sbr. Jln. Danau Indah Timur,-6.149838,106.88152
Sbr. Jln. Danau Singkarak,-6.207773,106.8111
Sbr. Jln. Darma Wanita V,-6.160782,106.73104
Sbr. Jln. Darmajaya Pejaten,-6.278599,106.84482
Sbr. Jln. Daud I Sukabumi Utara,-6.206339,106.77822
Sbr. Jln. Duku Gg. Wisma,-6.112209,106.90977
Sbr. Jln. Duri Tol,-6.185032,106.76979
Sbr. Jln. Durian I,-6.236342,106.75756
Sbr. Jln. Ee Sukabumi Selatan,-6.213511,106.77886
Sbr. Jln. Elang Laut Kamal,-6.124307,106.74907
Sbr. Jln. Flamboyan Srengseng,-6.201447,106.75576
Sbr. Jln. Gading Putih Raya,-6.175263,106.90064
Sbr. Jln. Gaharu II Cilandak,-6.280132,106.79951
Sbr. Jln. Gorontalo II,-6.113392,106.88274
Sbr. Jln. Gorontalo III,-6.114097,106.88185
Sbr. Jln. Hadiah Utama II,-6.16148,106.77981
Sbr. Jln. H. Aseni Raya,-6.171967,106.70696
Sbr. Jln. H. Buang Ulujami,-6.247897,106.76309
Sbr. Jln. H. Hamid Semanan,-6.162417,106.70519
Sbr. Jln. H. Hanafi Cipinang,-6.22869,106.8933
Sbr. Jln. H. Jian 2B Cipete,-6.264625,106.8043
Sbr. Jln. H. Jimin Petukangan,-6.233448,106.75161
Sbr. Jln. H. Jusin Susukan,-6.314828,106.86812
Sbr. Jln. H. Kasam,-6.208234,106.73783
Sbr. Jln. H. Kincan Rawa Buaya,-6.164546,106.73543
Sbr. Jln. H. Mali Duri Kosambi,-6.167944,106.72406
Sbr. Jln. H. Matasan,-6.317581,106.82484
Sbr. Jln. H. Mawar Sunter,-6.157892,106.8677
Sbr. Jln. H. Minan Kamal,-6.103727,106.7106
Sbr. Jln. H. Muala Palmerah,-6.198462,106.78774
Sbr. Jln. H. Saibun Susukan,-6.316418,106.86727
Sbr. Jln. H. Sanusi Taming,-6.18466,106.77777
Sbr. Jln. H. Selong Duri Kosambi,-6.172036,106.72213
Sbr. Jln. H. Sholeh I,-6.220239,106.77179
Sbr. Jln. H. Sholeh IA,-6.219104,106.77174
Sbr. Jln. H. Sidan,-6.280408,106.88249
Sbr. Jln. H. Tamin S,-6.160047,106.87716
Sbr. Jln. H. Ung,-6.165145,106.85231
Sbr. Jln. Industri I,-6.147626,106.83678
Sbr. Jln. Industri Tj. Priok,-6.11859,106.86806
Sbr. Jln. Jeruk Garut,-6.183811,106.77775
Sbr. Jln. Jomas,-6.195735,106.75584
Sbr. Jln. Kaja Raya Ciracas,-6.328181,106.88213
Sbr. Jln. Kaliabang Dukuh,-6.183248,106.9852
Sbr. Jln. Kamboja Ujung,-6.183411,106.80311
Sbr. Jln. Kampung Bali XXXIII,-6.187046,106.82189
Sbr. Jln. Kampung Baru,-6.170013,106.74928
Sbr. Jln. Kampung Baru V,-6.225077,106.76062
Sbr. Jln. Kampung Baru VII,-6.223256,106.76062
Sbr. Jln. Kampung Utan,-6.301788,106.8143
Sbr. Jln. Kapuk Bambu Apus,-6.306466,106.91388
Sbr. Jln. Kapuk II,-6.215699,106.9002
Sbr. Jln. Kebagusan III,-6.309188,106.827
Sbr. Jln. Kb. Bawang XIII,-6.115811,106.8868
Sbr. Jln. Kemang II,-6.256487,106.8149
Sbr. Jln. Kemang Selatan VIII,-6.268532,106.8157
Sbr. Jln. Kemang Timur XI,-6.265417,106.8238
Sbr. Jln. KH Hasim,-6.185551,106.73182
Sbr. Jln. KH Syahdan,-6.200674,106.78256
Sbr. Jln. Kopi Selatan II,-6.231718,106.94295
Sbr. Jln. Kota Bambu Selatan VI,-6.185559,106.80503
Sbr. Jln. Kramat Cipedak,-6.363399,106.80298
Sbr. Jln. Kulintang,-6.173259,106.91
Sbr. Jln. Kuning Tua,-6.164771,106.91
Sbr. Jln. Lagoa Kanal,-6.111783,106.8841
Sbr. Jln. Lagoa Sinar,-6.112816,106.90777
Sbr. Jln. Lestari Kalisari,-6.333568,106.85273
Sbr. Jln. Duku Lap Bola,-6.203212,106.758342
Sbr. Jln. Kramat V,-6.299814,106.91016
Sbr. Jln. Limo Grogol Selatan,-6.225216,106.77841
Sbr. Jln. Lodan Dalam,-6.126106,106.81187
Sbr. Jln. Madrasah Duri Kosambi,-6.17899,106.72161
Sbr. Jln. Madrasah Sukabumi Utara,-6.203242,106.77145
Sbr. Jln. Makam,-6.238208,106.77737
Sbr. Jln. Malaka HB,-6.142374,106.95639
Sbr. Jln. Man 2,-6.300742,106.88071
Sbr. Jln. Mandor Munding,-6.306836,106.91572
Sbr. Jln. Mangga Dua Dalam,-6.140896,106.82525
Sbr. Jln. Mangga Kalisari,-6.33214,106.85278
Sbr. Jln. Mangga KDW,-6.332148,106.88178
Sbr. Jln. Mantang,-6.112096,106.90844
Sbr. Jln. Manunggal Bakti Kalisari,-6.334943,106.85268
Sbr. Jln. Manunggal II Ceger,-6.311137,106.88878
Sbr. Jln. Manunggal Meruya Selatan,-6.203268,106.73889
Sbr. Jln. Marabahan Cideng,-6.172054,106.80528
Sbr. Jln. Martaip Sukabumi Selatan,-6.217002,106.77735
Blok M,-6.243312,106.80175
Sbr. Jln. Melati PKP,-6.340019,106.87845
Sbr. Jln. Melawai X,-6.246621,106.79852
Sbr. Jln. Melur Tugu VI,-6.124483,106.90789
Sbr. Jln. Mesjid Attaqwa Kembangan Utara,-6.175138,106.73384
Sbr. Jln. Mesjid I Benhil,-6.205164,106.80649
Sbr. Jln. Metro Duta 1,-6.283181,106.7801
Sbr. Jln. Mini I,-6.311348,106.90555
Sbr. Jln. Muhidin KDW,-6.335121,106.87961
Sbr. Jln. Mundu,-6.294387,106.8895
Sbr. Jln. Nagrak Marunda,-6.126834,106.95683
Sbr. Jln. Nanas Lap Bola,-6.200877,106.76047
Sbr. Jln. Nanggala Dewa Kembar,-6.107408,106.9253
Sbr. Jln. Nusa Indah II,-6.2198,106.93143
Sbr. Jln. Palem Anggur,-6.130258,106.70645
Sbr. Jln. Pam Baru,-6.204959,106.80949
Sbr. Jln. Pancoran Timur VII,-6.249513,106.84799
Sbr. Jln. Pancoran Ulujami,-6.252225,106.76439
Sbr. Jln. Pangkalan Jati VI,-6.254277,106.90966
Sbr. Jln. Parkit Bulak Ringin,-6.349819,106.87293
Sbr. Jln. Pendet,-6.172344,106.9091
Sbr. Jln. Pengadegan Utara,-6.246224,106.85863
Sbr. Jln. Percetakan Susukan,-6.323469,106.86979
Sbr. Jln. Perdana I,-6.243081,106.75677
Sbr. Jln. Permata Indah 8,-6.182668,106.98794
Sbr. Jln. Pinang IIIb,-6.308184,106.79797
Sbr. Jln. Pinang IV Pondok Labu,-6.307453,106.80072
Sbr. Jln. Pondok Labu 1A,-6.301876,106.79244
Sbr. Jln. Prepedan Dalam,-6.119537,106.70911
Sbr. Jln. Primanota,-6.167907,106.9111
Sbr. Jln. Pulo Gundul,-6.186269,106.85159
Sbr. Jln. Rasamala Dalam,-6.174903,106.80482
Sbr. Jln. Ratu Melati 5,-6.168577,106.76978
Sbr. Jln. Rawa Kepa IX,-6.174075,106.80321
Sbr. Jln. Rorotan V Gg. 1,-6.136168,106.95481
Sbr. Jln. Sahabat Kamal,-6.106324,106.70248
Sbr. Jln. Salak Pesanggrahan,-6.251278,106.75643
Sbr. Jln. Sambu Halim,-6.24695,106.89046
Sbr. Jln. Sanggau Cideng,-6.170165,106.80401
Sbr. Jln. Saraswati Cipete,-6.263279,106.80417
Sbr. Jln. Sawah Mede I,-6.098023,106.70824
Sbr. Jln. Sawo I Pulo Gebang,-6.210869,106.9569
Sbr. Jln. Sawo II Tomang,-6.181519,106.80743
Sbr. Jln. Selat Potinti,-6.236086,106.91635
Sbr. Jln. Selatan Lap Bola,-6.204231,106.75798
Sbr. Jln. Semanan II,-6.163658,106.70524
Sbr. Jln. Sentosa Lingkar Timur,-6.199185,106.9445
Sbr. Jln. Sentosa Tambun Rengas,-6.176453,106.96247
Sbr. Jln. Serba Guna Cijantung,-6.325286,106.85145
Sbr. Jln. Siman Noar,-6.300101,106.88069
Sbr. Jln. Sindang Terusan,-6.111512,106.89939
Sbr. Jln. SMAN 63,-6.228267,106.74693
Sbr. Jln. SMAN 64,-6.332276,106.8898
Sbr. Jln. SMAN 99,-6.351941,106.87255
Sbr. Jln. SMP 175,-6.319433,106.82518
Sbr. Jln. SMPN 147,-6.362268,106.888
Sbr. Jln. SMPN 160,-6.311787,106.88941
Sbr. Jln. Srengseng Dalam,-6.203087,106.75971
Sbr. Jln. Sungai Barito Sembar,-6.129451,106.91868
Sbr. Jln. Sungai Musi Sembar,-6.130768,106.91963
Sbr. Jln. Sunter Jaya V,-6.159028,106.86971
Sbr. Jln. Sunter Jaya VI,-6.160574,106.87244
Sbr. Jln. Swadaya II,-6.297206,106.89481
Sbr. Jln. Swakarsa III,-6.244765,106.94258
Sbr. Jln. Swasembada Barat V,-6.125172,106.88492
Sbr. Jln. Swasembada Barat VI,-6.124327,106.88498
Sbr. Jln. Swasembada Barat VIII,-6.123873,106.88497
Sbr. Jln. Swasembada Barat XI,-6.122603,106.88493
Sbr. Jln. Taman Enau,-6.232561,106.93361
Sbr. Jln. Tanah Sereal XIII,-6.155226,106.80802
Sbr. Jln. Tari Klasik,-6.169296,106.91083
Sbr. Jln. Tebet Barat VI,-6.238694,106.84926
Sbr. Jln. Tebet Utara III,-6.225521,106.85245
Sbr. Jln. Tebet Utara IV,-6.227398,106.85274
Sbr. Jln. Timbul III,-6.35031,106.80301
Sbr. Jln. Tongkol Tj. Priok,-6.111513,106.88288
Sbr. Jln. Utama III Cengkareng,-6.149992,106.72471
Sbr. Jln. Warakas Gg 10,-6.125396,106.87834
Sbr. Jln. Warakas I Gg. 2,-6.116037,106.87902
Sbr. Jln. Warakas VI Gg. 17,-6.126061,106.87545
Sbr. Jln. Ww Sukabumi Selatan,-6.213704,106.7768
Sbr. Jln. Zakarian I Sulaiman,-6.206219,106.78035
Sbr. Jembatan Item,-6.130197,106.85511
Sbr. Jembatan Pintu Satu,-6.300665,106.88386
Sbr. Jembatan Serong,-6.182357,106.81818
Sbr. Jembatan Sukamulya III,-6.170489,106.85205
Sbr. Jl H Emuntipala I,-6.277035,106.87761
Sbr. JPO Perjuangan,-6.190522,106.76188
Sbr. Kaliabang Rorotan,-6.127857,106.96285
Jln. Kamboja Ujung,-6.18333,106.80307
Sbr. Kantor Pos Jaktim,-6.193429,106.90105
Sbr. Kantor Pos Pondok Pinang,-6.261853,106.77505
Sbr. Kebantenan IX,-6.108601,106.93245
Sbr. Kebantenan VIII,-6.109641,106.93032
Sbr. Kb. Jeruk Plaza,-6.190588,106.76027
Sbr. Kec. Cilincing,-6.102759,106.93881
Sbr. Kec. Cipayung,-6.328673,106.88785
Sbr. Kec. Ciracas,-6.320058,106.88301
Sbr. Kec. Jagakarsa,-6.334583,106.8216
Sbr. Kec. Johar Baru,-6.182256,106.8561
Sbr. Kec. Makasar,-6.279335,106.87881
Sbr. Kec. Palmerah,-6.199216,106.78775
Sbr. Kec. Pasar Minggu,-6.285526,106.83549
Sbr. Kel. Balekambang,-6.281594,106.84994
Sbr. Kel. Bintaro,-6.272947,106.76394
Sbr. Kel. Cibubur,-6.349555,106.87674
Sbr. Kel. Cijantung,-6.325807,106.86172
Sbr. Kel. Cilincing,-6.107109,106.93804
Sbr. Kel. Ciracas,-6.32881,106.87779
Sbr. Kel. Dukuh,-6.29239,106.87703
Sbr. Kel. Duri Kepa,-6.185524,106.77367
Sbr. Kel. Duri Kosambi,-6.170139,106.72259
Sbr. Kel. Grogol Utara,-6.208439,106.78927
Sbr. Kel. Jelambar,-6.161593,106.78153
SMPN 12,-6.24967,106.803139
Sbr. Kel. Kamal,-6.104722,106.70631
Sbr. Kel. Kamal Muara,-6.098646,106.71433
Sbr. Kel. Kayu Putih,-6.185784,106.88856
Sbr. Kel. Lebak Bulus,-6.303113,106.7847
Sbr. Kel. Marunda,-6.124999,106.95803
Sbr. Kel. Meruya Selatan,-6.214923,106.73657
Sbr. Kel. Pondok Labu,-6.30655,106.79871
Sbr. Kel. Rawa Bunga,-6.221718,106.86948
Sbr. Kel. Rorotan,-6.151699,106.95576
Sbr. Kel. Semper Timur,-6.114022,106.92653
Sbr. Kel. Serdang,-6.159149,106.85558
Sbr. Kel. Srengseng,-6.203332,106.75689
Sbr. Kel. Sukapura,-6.147804,106.92437
Sbr. Kel. Sumur Batu,-6.164306,106.87132
Sbr. Kel. Tambora,-6.146476,106.80706
Sbr. Kel. Tanah Sereal,-6.158955,106.80814
Sbr. Kel. Tanah Tinggi,-6.183851,106.8492
Sbr. Kel. Pondok Kopi,-6.229293,106.94377
Sbr. Kel. Tj. Priok,-6.113061,106.88155
Sbr. Sekolah Lamuel,-6.198765,106.80317
Sbr. Kel. Tengah,-6.289682,106.86461
Sbr. Kel. Ulujami,-6.245131,106.76287
Sbr. Kemanggisan Utama I,-6.189605,106.78937
Sbr. Kimia Farma Grogol Utara,-6.226678,106.77849
Bandengan,-6.136318,106.80347
Sbr. Klinik Annisa Ciracas,-6.32989,106.8742
Sbr. Klinik Fakhira Manggarai Selatan,-6.220793,106.85003
Sbr. Klinik Firdausy,-6.217191,106.85526
Sbr. Klinik Persada Sari,-6.177412,106.72242
Sbr. Klinik Sapta Mitra,-6.230764,106.93456
Sbr. Klinik Yadika Petukangan,-6.248516,106.75488
Sbr. Kodam Bintaro,-6.259531,106.75878
Sbr. Sekolah Sinar Dharma,-6.148846,106.80744
Sbr. Komarudin Timur Lingkar Timur,-6.196082,106.94392
Jln. Kota Bambu Raya,-6.186802,106.80783
Sbr. Komplek Bina Marga I,-6.233147,106.93473
Sbr. Komplek Bukit Indah Ragunan,-6.310874,106.81073
Sbr. Komplek Ddn Bintara Jaya,-6.242397,106.94263
Sbr. Komplek Depkeu Kemanggisan Utama,-6.189126,106.78735
Sbr. Komplek Deplu,-6.273064,106.77009
Sbr. Komplek Dittopad,-6.17615,106.86302
Sbr. Komplek DKI Joglo,-6.22313,106.73737
Sbr. Komplek Dolog Jaya,-6.248114,106.91592
Sbr. Komplek DPR III,-6.215021,106.73294
Sbr. Komplek Graha Indah Green Ville,-6.171488,106.7761
Sbr. Komplek Kemhan Cidodol,-6.227906,106.77846
Sbr. Komplek Kodam Jaya,-6.197871,106.77108
Sbr. Komplek Pertambangan Kelapa Dua,-6.216617,106.77072
Sbr. Komplek Pusbinal,-6.245186,106.90276
Sbr. Komplek RSPP,-6.296036,106.79926
Sbr. Komplek Sltp 200,-6.15911,106.95813
Sbr. Koramil 03 Aselih,-6.350932,106.79595
Sbr. Koramil Johar Baru,-6.181229,106.85744
Sbr. Koramil Pondok Gede,-6.282825,106.91394
Sbr. KPP Pratama Koja,-6.130153,106.89912
Sbr. KPP Pratama Tanah Abang Satu,-6.202037,106.80707
Sbr. KUA Johar Baru,-6.180825,106.84794
Sbr. KUA Palmerah,-6.194267,106.79198
Sbr. KUA Pasar Minggu,-6.300019,106.82631
Sbr. Kuningan Place,-6.213158,106.83499
Sbr. Lapangan Arcici,-6.182813,106.86922
Sbr. Lapangan Blok O Pengadegan,-6.248518,106.85791
Sbr. Lapangan Kaprina,-6.34739,106.88437
Sbr. Lapangan VIra Cakti Sekkau,-6.273256,106.88518
Sbr. Lexington,-6.272821,106.76621
Sbr. LP Cipinang,-6.214403,106.88451
Sbr. Madrasah Aliyah Citra Cendekia,-6.357553,106.80076
Sbr. Mahaka Square,-6.150389,106.90233
Sbr. Makam Pangeran Jayakarta,-6.202545,106.90171
Sbr. Malaka 1 Gg. 2 Rorotan,-6.138348,106.95458
Sbr. Malaka 1 Gg. 3 Rorotan,-6.139152,106.95456
Sbr. Malaka 1 Gg. 5 Rorotan,-6.13688,106.95482
Sbr. Malaka Country Estate,-6.223712,106.94235
Sbr. Mall Artha Gading,-6.144324,106.89301
Sbr. Mall Artha Gading 2,-6.143827,106.89206
Sbr. Man 15 Jakarta,-6.342372,106.88639
Sbr. Man 18 Jakarta,-6.232594,106.94286
Sbr. Man 6 Jakarta,-6.359896,106.88303
Sbr. Manhattan Hotel,-6.225591,106.83013
Sbr. Masjid Al Akhyar Cipete,-6.269658,106.8049
Sbr. Masjid Al Bakrie,-6.218907,106.8378
Sbr. Masjid Al Falah Pinang,-6.274229,106.77506
Sbr. Masjid Al Fida Komodor Halim,-6.262977,106.88503
Sbr. Masjid Al Hawi Cililitan,-6.263383,106.86437
Sbr. Masjid Al Hidayah Kebantenan,-6.112708,106.92728
Sbr. Masjid Al Ichrom,-6.117474,106.71026
Sbr. Masjid Al Istiqomah Tomang,-6.171221,106.79878
Sbr. Masjid Al Jihad Ulujami,-6.254818,106.76353
Sbr. Madrasah Hasanatuddarain,-6.221049,106.90458
Sbr. Komplek Pacul Mas,-6.221005,106.89961
Sbr. Komplek Kijang Kencana,-6.194844,106.789642
Sbr. Komplek Ddn 1,-6.303368,106.798734
Sbr. Masjid Al Karomah Cipete,-6.273486,106.80066
Sbr. Masjid Al Madinah,-6.205019,106.77929
Sbr. Masjid Al Mukarromah Lagoa,-6.112884,106.91091
Sbr. Masjid Al Mumin,-6.175579,106.90848
Sbr. Masjid Al Waqof,-6.11059,106.91725
Sbr. Masjid Alfalah Annaniyah,-6.113941,106.70719
Sbr. Masjid Almukmin Kemanggisan,-6.188208,106.79356
Sbr. Masjid Annur 20 Desember,-6.133682,106.70941
Sbr. Masjid Annur Pengadegan,-6.24951,106.84974
Sbr. Masjid Annur Tanah Abang,-6.189941,106.80648
Sbr. Masjid Ar Rohmah,-6.118964,106.89568
Sbr. Masjid Arrahim Rawa Kompeni,-6.104841,106.69008
Sbr. Masjid As Shiroth,-6.225515,106.77787
Sbr. Masjid Assaadah Malaka Jaya,-6.225898,106.93885
Sbr. Masjid At Taqwa Karang Tengah,-6.151164,106.97219
Sbr. Masjid At Taqwa Rawa Kuning,-6.20319,106.96027
TPU Cipedak,-6.35789,106.808483
Sbr. Masjid Baitul Hilmi Tomang,-6.173734,106.79508
Sbr. Masjid Darussalam Cipedak,-6.346174,106.8104
Sbr. Masjid El Syifa Ciganjur,-6.332948,106.80755
Sbr. Masjid H. Andi Muhammad Ghalib,-6.312385,106.89055
Sbr. Masjid Jami Al Akhyar,-6.318206,106.81119
Sbr. Masjid Jami Al Amin Gading,-6.178538,106.90397
Sbr. Masjid Jami Al Badariah Kemayoran,-6.1533,106.85895
Sbr. Masjid Jami Al Hidayah Tomang,-6.171452,106.79612
Sbr. Masjid Jami Al Ittihadiyah,-6.165049,106.73533
Sbr. Masjid Jami Al Muttaqin Balekambang,-6.283996,106.85052
Sbr. Masjid Jami Al Qoiriyah,-6.136697,106.9679
Sbr. Masjid Jami Ar Roghibin,-6.156697,106.95965
Sbr. Masjid Jami Asy Syakirin,-6.351065,106.80161
Sbr. Masjid Jami Baitul Muslim Susukan,-6.328115,106.86902
Sbr. Masjid Jami Baiturrahman Tomang,-6.172505,106.80357
Sbr. Masjid Jami Daarul Muttaqien,-6.165008,106.70515
Sbr. Masjid Jami Darussalam Pinang,-6.307844,106.79875
Sbr. Masjid Jami Fathur Ghofur,-6.353998,106.87841
Sbr. Masjid Jami Fathurrahman Ciracas,-6.318029,106.87302
Sbr. Masjid Jami Hasbi,-6.273084,106.88039
Sbr. Masjid Jami Saadatul Muslimin,-6.265843,106.88072
Sbr. Masjid Jami Unwanussaadah,-6.120217,106.92866
Sbr. Masjid Nurul Falah Grogol,-6.170757,106.78477
Sbr. Masjid Nurul Hidayah KDW,-6.338057,106.87976
Sbr. Masjid Nurul Huda Batu Ampar,-6.278212,106.86116
Sbr. Masjid Nurul Iman Kubur Batu,-6.197464,106.74467
Sbr. Masjid Nurul Jannah Marunda,-6.119226,106.95707
Sbr. Masjid Pasmar Marunda,-6.115928,106.95189
Sbr. Masjid Raya Baitul Muttaqin,-6.323614,106.86447
Sbr. Masjid Safinatul Husna,-6.13859,106.71616
Sbr. Menara Air Manggarai Selatan,-6.219137,106.85195
Kelurahan Baru Jagakarsa,-6.326724,106.822687
Sbr. Menara Kelapa Gading,-6.168817,106.91552
Sbr. Menara Pejompongan,-6.203624,106.80207
Sbr. Menteng Atas Raya,-6.214481,106.83797
Sbr. Mesindo Tekninesia,-6.153361,106.95544
Sbr. Mess Perwira Cendrawasih,-6.252205,106.88416
Sbr. Mess Polwan Esthi Bhakti Warapsari,-6.206604,106.81005
Sbr. Mgk Kemayoran,-6.153128,106.84671
Sbr. MI Al Ihsan Batu Ampar,-6.272435,106.86497
Sbr. MI Arruhaniyah Rorotan,-6.135394,106.96739
Sbr. MI Attarbiyatuddiniyah,-6.358301,106.87415
Sbr. Midi Utama Green Ville,-6.173087,106.77736
Sbr. Midi Utama Kalisari,-6.339658,106.86353
Sbr. MIN 8 Srengseng Sawah,-6.335959,106.82586
Sbr. Minagapura,-6.214946,106.73429
Sbr. Minimarket Pondok Kelapa,-6.228599,106.93531
Sbr. Minimarket Pondok Kopi,-6.218475,106.93962
Sbr. Minimarket Sunter Jaya 2,-6.154605,106.86171
Sbr. Minimarket Warakas 3,-6.1193,106.87721
Sbr. MNC Studios,-6.190241,106.7665
Sbr. MTsN 19,-6.304958,106.80155
Sbr. MTsN 20 Jakarta,-6.2052,106.95985
Sbr. MTsN 25 Jakarta,-6.214833,106.89575
Sbr. MTsN 38,-6.158574,106.95734
Sbr. MTsN 7 Model Jakarta,-6.321445,106.88334
Sbr. Multivision Tower,-6.212375,106.83303
Sbr. Mushola Al Achyar Cipete,-6.262475,106.80417
Sbr. SMAN 19,-6.141574,106.80894
Sbr. Mushola Al Hidayah Bukit Duri,-6.222635,106.85527
Sbr. Mushola Al Mubarok,-6.238954,106.7525
Sbr. Mushola Al Muhajirin Cibubur,-6.360664,106.87505
Sbr. Mushola As Salam Batu Ampar,-6.271206,106.86034
Sbr. Nabawi Islamic Shool,-6.205377,106.89027
Sbr. Pabrik Plastik Sawah Mede,-6.096495,106.71062
Sbr. Pam Jaya DKI,-6.203461,106.80803
Jln. Cibulan Raya,-6.241672,106.810223
Sbr. Panti Asuhan Anak Putra Utama 1,-6.219368,106.90492
Sbr. Panti Asuhan Desa Putra,-6.3391,106.82848
Sbr. Panti Asuhan Putera Mulia,-6.188919,106.88855
Sbr. Panti Sosial Bina Laras,-6.319153,106.89018
Sbr. Panti Sosial Bina Laras 1,-6.146651,106.71804
Sbr. Ps. Anyer Bahari,-6.114155,106.87947
Sbr. Ps. Benda,-6.228018,106.91561
Sbr. Ps. Bintang Mas,-6.207673,106.79033
Sbr. Ps. BKT Rorotan IX,-6.15444,106.96992
Sbr. Ps. Blok A,-6.248294,106.79779
Sbr. Ps. Bukit Duri,-6.217564,106.85417
Sbr. Ps. Bulak,-6.214906,106.90402
Sbr. Ps. Bulog,-6.189358,106.87839
Sbr. Ps. Cengkareng,-6.151851,106.72708
Sbr. Ps. Cibubur,-6.345726,106.87231
Sbr. Ps. Cipinang Kebembem,-6.211874,106.88678
Sbr. Ps. Deprok,-6.218408,106.89398
Sbr. Ps. Deprok 1,-6.217656,106.89506
Cipta Karya Tata Ruang Pertahanan 2,-6.179903,106.81049
Sbr. Ps. Hipli Semanan,-6.156922,106.70563
Sbr. Ps. Inpres Cipinang Besar,-6.226687,106.88059
Sbr. Ps. Jelambar Polri,-6.160684,106.77849
Sbr. Ps. Johar Baru,-6.184282,106.85584
Sbr. Ps. Jongkok,-6.108859,106.93453
Sbr. Ps. Kaget Pengadegan,-6.250485,106.85654
Sbr. Ps. Kamal,-6.104541,106.70712
Sbr. Ps. Kb. Pisang,-6.152426,106.7807
Sbr. Ps. Kembang,-6.206049,106.78317
Sbr. Ps. Kencar,-6.185544,106.80374
Sbr. Ps. Lokbin Muria,-6.221093,106.83844
Sbr. Ps. Malaka Rorotan,-6.14046,106.95523
Sbr. Ps. Mandiri Kelapa Gading,-6.160953,106.90872
Sbr. Ps. Menteng Pulo,-6.221484,106.84482
Sbr. Ps. Mitra,-6.145413,106.80705
Sbr. Ps. Pagi Raya Cilincing,-6.102788,106.93599
Sbr. Ps. Palad,-6.186795,106.90322
Sbr. Ps. Palmerah,-6.20749,106.79606
Sbr. Ps. Pengampuan,-6.199282,106.76093
Sbr. Ps. Pisang,-6.207759,106.79233
Sbr. Ps. Rawasari,-6.185708,106.87182
Sbr. Ps. Slipi,-6.190034,106.79557
Sbr. Ps. Tebet Barat,-6.239471,106.84771
Sbr. Ps. Timbul,-6.17296,106.7954
Sbr. Ps. Ular Plumpang,-6.13029,106.89447
Sbr. Ps. Warakas,-6.115584,106.8797
Sbr. PAUD Bina Keluarga Balita,-6.101793,106.69714
Sbr. PAUD Bintang Pondok Bambu,-6.245306,106.9058
Sbr. PAUD Tunas Bahari,-6.236813,106.915
Sbr. Pemadam Ciracas,-6.328416,106.87919
Sbr. Pengadegan Barat II,-6.249469,106.85114
Sbr. Pengadegan Selatan II,-6.251274,106.8558
Transjakarta Tanah Abang 1,-6.185496,106.81105
Sbr. Perum Gading Kirana,-6.145982,106.90123
Sbr. Perum Kedoya Garden,-6.180401,106.74982
Sbr. Perum Mutiara Indah Rorotan,-6.15611,106.96214
Sbr. Mutiara Taman Palem 1,-6.136725,106.73137
Sbr. Perum Qoriyah Toyibah,-6.19777,106.75877
Sbr. Perum Rorotan Mas,-6.157349,106.95938
Sbr. Perum Sunter Hijau,-6.156674,106.87902
Sbr. Perum Taman Malaka,-6.231282,106.92863
Sbr. Perumahan BDN Cilandak,-6.284324,106.79942
Sbr. Perumahan Mawar Joglo,-6.215335,106.7254
Sbr. Perumahan Meruya Indah,-6.201838,106.73995
Sbr. Perumahan Walikota Jakbar,-6.214257,106.72511
Sbr. Ps. Rawa Bening,-6.216795,106.87037
Sbr. Ps. Puri,-6.183939,106.753432
Sbr. Pesona Kalisari,-6.3376,106.85711
Sbr. Pesona Square,-6.379679,106.84426
Sbr. PGP,-6.203448,106.93456
Sbr. Pintu 2 TMII Bawah,-6.296173,106.8905
Sbr. Pintu III Taman Mini,-6.305526,106.88903
Sbr. Pintu Timur Ragunan,-6.31252,106.82568
Sbr. Piranti Baja,-6.118975,106.9288
Sbr. PKP Jakarta Islamic School,-6.339432,106.88349
Sbr. Plaza Kemang 88,-6.270024,106.81553
Sbr. PLN Kramat Jati,-6.283302,106.8716
Sbr. Pluit Karang Cantik,-6.111632,106.77866
Sbr. Polsek Ciracas,-6.290414,106.87138
Sbr. Polsek Jagakarsa,-6.350808,106.80775
Sbr. Polsek Makasar,-6.29086,106.8844
Sbr. Polsek Pasar Rebo,-6.336816,106.86826
Sbr. Polsek Pulo Gadung,-6.209444,106.89101
Sbr. Polsek Tj. Priok,-6.115168,106.88061
Sbr. Poltekkes Jakarta I Cilandak,-6.302041,106.7904
Sbr. Pondok Kelapa Indah,-6.247668,106.92134
Sbr. Pondok Kelapa Indah 2,-6.247643,106.92236
Sbr. Ponpes Alhikmah Rorotan,-6.131475,106.95542
Sbr. Ponpes Darunnajah,-6.246854,106.76288
Sbr. Ponpes Musyarrofah,-6.225969,106.74447
Sbr. Port Medical Center,-6.109966,106.88934
Sbr. Portal Taman Ratu 2,-6.169592,106.76959
Sbr. Pos Ayam,-6.120909,106.92693
Sbr. Pos RW 10 Jingga Raya,-6.163652,106.90893
Sbr. Pospol Pengumben,-6.217071,106.76961
Sbr. Pospol PIK Penggilingan,-6.203474,106.93242
Sbr. PPKD Jaktim,-6.247603,106.94229
Sbr. Premier Terrace,-6.329219,106.87629
Sbr. Pulau Sangiyang Lingkar Timur,-6.193497,106.9437
Sbr. Puri Ardhya Garini,-6.256831,106.88392
Sbr. Puri Margasatwa,-6.311422,106.80873
Sbr. Puri Swadaya,-6.237118,106.9196
Sbr. Pusat Promosi Industri Kayu Mebel,-6.202664,106.90336
Sbr. Puskesmas Cibubur,-6.355815,106.8793
Sbr. Puskesmas Halim 1,-6.288242,106.89231
Sbr. Puskesmas Jelambar II,-6.160915,106.78719
Sbr. Puskesmas Kel. Dukuh,-6.302682,106.88015
Sbr. Puskesmas Kel. Papanggo,-6.129782,106.87238
Sbr. Puskesmas Kel. Semper Barat II,-6.136274,106.92173
Sbr. Puskesmas Kel. Warakas,-6.12074,106.87534
Sbr. Puskesmas Malaka Sari,-6.230547,106.92954
Sbr. Puskesmas Meruya Utara,-6.199776,106.74153
Sbr. Puskesmas Pasar Minggu,-6.320987,106.82535
Sbr. Puskesmas Pasar Rebo,-6.33914,106.86168
Sbr. Puskesmas Pegangsaan Dua,-6.181057,106.9142
Sbr. Puskesmas Pondok Pinang,-6.277472,106.77274
Sbr. Puskesmas Rorotan,-6.15737,106.95696
Sbr. Puskesmas Setiabudi,-6.206882,106.83363
Sbr. Puskesmas Tambora,-6.14751,106.80728
Sbr. Raffles Christian School,-6.279423,106.77872
Sbr. Ramayana KDW,-6.351769,106.88424
Sbr. Ramayana Semper,-6.127078,106.9171
Sbr. Rorotan IX Gg. IV,-6.160238,106.95943
Sbr. Rorotan IX Gg. V,-6.155838,106.95974
Sbr. RPHU Rorotan,-6.134433,106.95507
Sbr. RPTRA Radar Pembangunan,-6.120126,106.89638
Sbr. RPTRA Udara Segar 126,-6.282577,106.86394
Sbr. RS Anggrek Mas,-6.203221,106.77291
Jln. Danau Singkarak,-6.207851,106.81109
Sbr. RS Bhakti Mulia,-6.199976,106.801
Sbr. RS Ciputra,-6.123741,106.70514
Sbr. RS Dr Mintohardjo,-6.211163,106.81237
Sbr. RS Dr Suyoto,-6.267609,106.7659
Sbr. RS Gading Pluit,-6.166641,106.91542
Sbr. RS Haji Jakarta,-6.290475,106.88914
Sbr. RS Hermina Podomoro,-6.145177,106.86148
Sbr. RS Islam Pondok Kopi,-6.220193,106.93904
Sbr. RS Islam Sukapura,-6.140258,106.92215
Sbr. RS Marinir Cilandak,-6.305692,106.81404
Sbr. RS Mediros,-6.179204,106.90379
Sbr. Popki Cibubur,-6.366785,106.888957
Sbr. RPTRA Menara,-6.213075,106.731326
Sbr. Portal Taman Ratu 1,-6.165523,106.769856
Sbr. RS Mitra Kelapa Gading,-6.152509,106.89752
Sbr. RS Mitra Keluarga Kalideres,-6.149421,106.70268
Sbr. RS Moh Ridwan Meuraksa,-6.294767,106.88167
Sbr. RS Mulyasari,-6.129618,106.90613
Sbr. RS Pelabuhan Jakarta,-6.125076,106.91678
Sbr. RS Siloam Kb. Jeruk,-6.190301,106.763
Sbr. RS Sukmul Sisma Medika,-6.112369,106.88238
Sbr. RS Zahirah,-6.335205,106.82312
Sbr. RSIA Aries,-6.15769,106.80809
Sbr. RSIA Asta Nugraha,-6.221838,106.91491
Sbr. RSUD Jagakarsa,-6.316361,106.81173
Sbr. RSUD Tanah Abang,-6.191139,106.81506
Sbr. Rsup Persahabatan,-6.204183,106.88599
Sbr. Rukan Balai Pustaka,-6.198728,106.88593
Sbr. Rukan Radin Inten II,-6.235496,106.92272
Sbr. Ruko Cempaka Mas,-6.161876,106.87476
Sbr. Ruko Gading Bukit Indah,-6.149535,106.89919
Sbr. Ruko Green Lake,-6.177206,106.71073
Sbr. Ruko Green Lake City,-6.177542,106.71191
Sbr. Ruko Moh Kahfi II,-6.335886,106.82713
Sbr. Ruko PIS 1,-6.123985,106.73789
Sbr. Ruko Taman Cemara,-6.180871,106.97758
Sbr. Rumkitban Bintaro,-6.258342,106.75628
Sbr. Rusun Rorotan,-6.151877,106.9552
Sbr. Sabar I Petukangan,-6.240136,106.75254
Sbr. Sakura Garden City,-6.322659,106.88857
Sbr. Sangrila Indah,-6.237318,106.75925
Sbr. SD Islam Al Izzah,-6.182733,106.97719
Sbr. SD Kartika X-2,-6.25399,106.75647
Sbr. SD Kartika X-4,-6.259265,106.75617
Sbr. SD Pelita Jati Padang,-6.287103,106.82924
Kali Besar Barat 1,-6.135487,106.81131
Sbr. SDN Batu Ampar 05,-6.284554,106.86413
Sbr. SDN Batu Ampar 07,-6.284669,106.86303
Sbr. SDN Bendungan Hilir 01,-6.207379,106.80896
Sbr. SDN Cakung Timur 05,-6.165855,106.9624
Sbr. SDN Cibubur 09/10/12/13,-6.353168,106.87309
Sbr. SDN Cibubur 11,-6.342004,106.87382
Sbr. SDN Cipedak 03,-6.349013,106.80931
Sbr. SDN Cipedak 05,-6.354871,106.80112
Sbr. SDN Cipete Selatan 01,-6.272215,106.8015
Sbr. SDN Dukuh 01,-6.287962,106.87417
Kali Besar,-6.135355,106.81143
Sbr. SDN Duren Sawit 01,-6.226237,106.91338
Sbr. SDN Duri Kepa 01,-6.186108,106.77589
Sbr. SDN Grogol Selatan 01,-6.229029,106.77871
Sbr. SDN Grogol Utara 03,-6.21504,106.77758
Sbr. SDN Jagakarsa 01,-6.328227,106.82021
Sbr. SDN Jagakarsa 05,-6.337,106.81848
Sbr. SDN Joglo 03,-6.221973,106.73169
Sbr. SDN Johar Baru 10,-6.181178,106.86028
Sbr. SDN Kalisari 01,-6.336199,106.85448
Sbr. SDN Kalisari 05,-6.336733,106.8551
Sbr. SDN Kap Pulo,-6.178155,106.71357
Sbr. SDN Kebagusan 01,-6.305229,106.82731
Sbr. SDN Kb. Baru 09,-6.116121,106.92195
Sbr. SDN Kb. Jeruk 08,-6.198507,106.76694
Sbr. SDN Kelapa Dua Wetan 01,-6.343218,106.88552
Sbr. SDN Kelapa Dua Wetan 04,-6.34726,106.88333
Sbr. SDN Kembangan Selatan 03,-6.177936,106.74776
Sbr. SDN Lagoa,-6.11223,106.91162
Sbr. SDN Lebak Bulus 01,-6.30353,106.7836
Sbr. SDN Meruya Utara 02,-6.198705,106.74151
Sbr. SDN Palmerah 07,-6.205628,106.79661
Sbr. SDN Palmerah 09,-6.207764,106.78798
Sbr. SDN Pegangsaan Dua 07,-6.175269,106.91112
Sbr. SDN Pondok Kelapa 05,-6.240433,106.94276
Sbr. SDN Pulo Gebang 13,-6.197029,106.96269
Sbr. SDN Pulo Gebang 20,-6.208103,106.95923
Sbr. SDN Rawamangun 05,-6.188748,106.88039
Sbr. SDN Rorotan 03,-6.144294,106.95622
Sbr. SDN Rorotan 07,-6.146513,106.95644
Sbr. SDN Semanan 01,-6.159879,106.70493
Sbr. SDN Srengseng Sawah 01,-6.332916,106.83378
Sbr. SDN Sukabumi Utara 03,-6.20345,106.77466
Sbr. SDN Sukabumi Utara 04,-6.206558,106.77249
Sbr. SDN Tengah 06,-6.292621,106.86173
Sbr. Sekolah Al Wahyu Cibubur,-6.365818,106.88734
Sbr. Sekolah Anglo Rawasari,-6.186448,106.87326
Sbr. Sekolah At Taqwa Karang Tengah,-6.150003,106.97192
Sbr. Sekolah Avicenna Jagakarsa,-6.336338,106.82992
Sbr. Sekolah Bethel,-6.196189,106.80484
Sbr. Sekolah Bhineka Tunggal Ika,-6.15058,106.80752
Sbr. Sekolah Corpatarin,-6.227355,106.94388
Sbr. Sekolah Daarun Naiim,-6.158908,106.70489
Sbr. Sekolah Fajar Sion,-6.138169,106.81723
Sbr. Sekolah Islam Al Azhar Jagakarsa,-6.330035,106.82621
Sbr. Sekolah Islam Gugusan Bintang,-6.333101,106.88173
Sbr. Sekolah Islam PB Soedirman,-6.314439,106.86316
Sbr. Sekolah Keperawatan YPDR,-6.311342,106.78859
Sbr. Sekolah Malahayati,-6.325906,106.8601
Sbr. Sekolah Mutiara Warakas,-6.116848,106.88045
Sbr. Sekolah Pelita II Kb. Jeruk,-6.16481,106.77141
Sbr. Sekolah Saint Caroline,-6.157308,106.87164
Sbr. Sekolah Santo Bhudaya Agustinus,-6.209788,106.8847
Sbr. Sekolah Segar Amanah Klender,-6.223898,106.90863
Sbr. Sekolah Tj. Priok,-6.114718,106.91093
Sbr. Sekolah Tarsisius 2,-6.199625,106.78244
Sbr. Sekolah Yanindo Jakarta,-6.119485,106.86672
Sbr. Sekretariat 06 Wijaya Kusuma,-6.155595,106.77781
Sbr. Seksi Dinas Pendidikan Makasar,-6.275565,106.87668
Sbr. Semar,-6.310513,106.8045
Sbr. Sentra Timur,-6.205428,106.94771
Sbr. Sentral Bisnis Harapan Indah,-6.191491,106.97667
Sbr. Simpang Hadiah,-6.161643,106.78415
Sbr. Sisma Medikal,-6.113231,106.91761
Sbr. SIT I-II PIK,-6.124122,106.74544
Sbr. SIT III PIK,-6.123717,106.74276
Sbr. Slb Angkasa,-6.255191,106.89134
Sbr. Slipi Jaya,-6.18974,106.79659
Sbr. SMA Advent XV Ciracas,-6.3444,106.88365
Sbr. SMA Angkasa 1,-6.249778,106.8827
Explorer Tanah Abang,-6.184305,106.81158
Sbr. SMAN 10,-6.14688,106.82645
Sbr. SMAN 108,-6.253964,106.76384
Sbr. SMAN 115,-6.1502,106.95594
Sbr. SMAN 21,-6.184462,106.88737
Sbr. SMAN 38,-6.335833,106.83481
Sbr. SMAN 42,-6.255924,106.89172
Sbr. SMAN 49,-6.324613,106.81985
Sbr. SMAN 5,-6.159405,106.86722
Sbr. SMAN 50,-6.219581,106.89599
Sbr. SMAN 51,-6.276735,106.86069
Sbr. SMAN 66,-6.306177,106.80368
Sbr. SMAN 67,-6.27548,106.88618
Sbr. SMAN 75,-6.13518,106.9216
Sbr. SMAN 78,-6.192081,106.78223
Sbr. SMAN 8,-6.218237,106.85982
Sbr. SMAN 85,-6.215296,106.75997
Sbr. SMAN 94,-6.167405,106.70503
Sbr. SMAN 95,-6.126402,106.70406
Sbr. SMK 57,-6.291191,106.82342
Sbr. SMK Al Hidayah 1,-6.308208,106.81387
Sbr. SMK Angkasa 2,-6.252021,106.88972
Sbr. SMK Averus Pondok Pinang,-6.274743,106.77353
Sbr. SMK Kartika X-2,-6.252352,106.75638
Sbr. SMK Kemala Bhayangkari I,-6.210192,106.89382
Sbr. SMK Malahayati Marunda,-6.124292,106.95707
Sbr. SMK Pelayaran Jakarta,-6.127415,106.87358
Sbr. SMK Satria Srengseng,-6.208822,106.75881
Sbr. SMKN 12,-6.115799,106.88564
Sbr. SMKN 22,-6.294235,106.85558
Sbr. SMKN 26,-6.19404,106.88602
Sbr. SMKN 4,-6.14141,106.95573
Sbr. SMKN 49,-6.129632,106.95568
Sbr. SMKN 52,-6.365166,106.88592
Sbr. SMKN 60,-6.186045,106.7721
Sbr. SMKN 63,-6.35165,106.79853
Sbr. SMP Dan SMK Bakti 17,-6.348139,106.80957
Sbr. SMP El Syifa Ciganjur,-6.334529,106.80675
Sbr. SMP Nurul Falah,-6.110663,106.92596
Sbr. SMPN 10,-6.163653,106.86516
Sbr. SMPN 128,-6.279045,106.88927
Sbr. SMPN 131,-6.362219,106.80175
Sbr. SMPN 134,-6.198687,106.7387
Transjakarta Tanah Abang 2,-6.183885,106.81165
Sbr. SMPN 143,-6.10854,106.93519
Sbr. SMPN 148,-6.218411,106.89498
Sbr. SMPN 166,-6.323289,106.81928
Sbr. SMPN 170,-6.178243,106.91321
Sbr. SMPN 179,-6.331236,106.85269
Sbr. SMPN 184,-6.340989,106.86352
Sbr. SMPN 190,-6.108313,106.70297
Sbr. SMPN 195,-6.230919,106.90988
Sbr. SMPN 205,-6.170212,106.70691
Sbr. SMPN 209,-6.288607,106.86376
Sbr. SMPN 222,-6.30897,106.8888
Sbr. SMPN 228,-6.161066,106.86641
Sbr. SMPN 229,-6.197581,106.77277
Sbr. SMPN 235,-6.254607,106.75642
Sbr. SMPN 245,-6.225803,106.73979
Sbr. SMPN 252,-6.239289,106.94229
Sbr. SMPN 258,-6.35701,106.8745
Sbr. SMPN 263,-6.29464,106.87828
Sbr. SMPN 27,-6.225368,106.9147
Sbr. SMPN 286,-6.17244,106.80145
Sbr. SMPN 36,-6.226772,106.87202
Sbr. SMPN 48,-6.233648,106.78036
Sbr. SMPN 75,-6.198665,106.76593
Sbr. SMPN 84,-6.115934,106.91123
Sbr. SMPN 88,-6.192751,106.79541
Sbr. SPBU Cilandak KKO,-6.295925,106.8156
Sbr. SPBU M Kahfi 1,-6.350204,106.80167
Sbr. SPBU Meruya Ilir,-6.197275,106.75357
Sbr. SPBU Puri Kembangan,-6.179303,106.74873
Sbr. SPBU Warung Jati,-6.286956,106.82555
Sbr. Standard Chartered,-6.217407,106.81934
Sbr. St. Gambir,-6.177188,106.83139
Sbr. St. Gg. Sentiong,-6.185904,106.85081
Sbr. St. Kalideres,-6.16592,106.70471
Sbr. St. Taman Kota,-6.158617,106.75717
Sbr. STIE Bhakti Pembangunan,-6.242711,106.75195
Sbr. STIE Rawamangun,-6.189758,106.88385
Sbr. STIKES Bhakti Pertiwi Jagakarsa,-6.330353,106.82728
Sbr. STIKES KESOSI Rawa Buaya,-6.169956,106.73395
Sbr. Sulaiman,-6.236486,106.74545
Sbr. Sunter Icon,-6.134808,106.85595
Sbr. Swadaya Raya,-6.228578,106.91633
Sbr. Taman Asem PPSU,-6.117057,106.86973
Sbr. Taman Bayu,-6.224526,106.91067
Sbr. Taman BMW,-6.12629,106.85763
Sbr. Taman Buni,-6.331421,106.80803
Sbr. Taman Enim,-6.11103,106.88419
Sbr. Taman Gorontalo,-6.112994,106.88324
Sbr. Taman Kayu Jati V,-6.190375,106.88677
Sbr. Taman Kebersihan Pegadungan,-6.14068,106.71708
Sbr. Taman Mahoni,-6.340551,106.87445
Sbr. Taman Malaka Barat 1D,-6.231198,106.92717
Sbr. Taman Mandiri Kelapa Gading,-6.142758,106.90991
Sbr. Taman Maramba,-6.176363,106.90712
Sbr. Taman Pangkalan Jati,-6.245966,106.90497
Sbr. Taman Permata Indah 1,-6.144081,106.78154
Sbr. Taman Semanan Indah,-6.163948,106.72551
Sbr. Taman Spatodhea,-6.32294,106.82445
Sbr. Taman Tulang Bawang,-6.176908,106.80858
Sbr. Taman Wiladatika,-6.369769,106.89298
Sbr. Tambun Rengas Rorotan,-6.157934,106.95537
Sbr. Tambun Utara,-6.163269,106.96186
Sbr. TDP,-6.245574,106.90948
Sbr. Tebet Barat Dalam VIII,-6.240847,106.84754
Sbr. Term. Kampung Rambutan,-6.306068,106.88003
Sbr. The Food Hall Kb. Jeruk,-6.190835,106.75796
Sbr. The Jakarta Post,-6.207699,106.79386
Sbr. The Pakubuwono Menteng,-6.187149,106.8263
Sbr. The Wave,-6.214426,106.8363
Sbr. Tip Top Rawamangun,-6.201238,106.8859
Sbr. TK Aisyiyah 4 Tebet Timur,-6.231061,106.85259
Sbr. TK Al Husna Petukangan Utara,-6.231887,106.74517
Sbr. TK Dinamika,-6.29502,106.90397
Sbr. TK Dwi Matra Cilandak,-6.282523,106.79945
Sbr. TK Hangtuah 2,-6.109601,106.92599
Sbr. STIE IBEK,-6.173531,106.797531
Sbr. TK Kartika VIII -13,-6.345264,106.82746
Sbr. TK Kreatif Komimo,-6.143029,106.87258
Sbr. TK Tarakanita 5,-6.202364,106.88301
Sbr. TK Tunas Harapan,-6.232157,106.75153
Sbr. TPA As Sholihin,-6.180049,106.90688
Sbr. TPU Basmol,-6.160299,106.75282
Sbr. TPU Budi Darma,-6.119884,106.92917
Sbr. TPU Grogol Selatan,-6.231588,106.78016
Sbr. TPU Karet Bivak,-6.201088,106.81384
Sbr. TPU Malaka,-6.22953,106.93514
Sbr. TPU Petamburan,-6.19759,106.80394
Sbr. TPU Pondok Kelapa,-6.23711,106.94312
Jln. Kemang 1,-6.255574,106.8118
Sbr. TPU Tegal Alur,-6.105923,106.70355
Sbr. TPU Utan Jati,-6.148096,106.71531
Sbr. Univ. Darma Persada,-6.230626,106.92427
Sbr. Univ. Mercu Buana,-6.210273,106.73786
Sbr. UP Angkutan Sekolah,-6.287471,106.87243
Sbr. UPPRD Ciracas,-6.365306,106.88728
Sbr. Villa Ampera,-6.273031,106.81562
Sbr. Villa Cibubur Indah,-6.360054,106.88891
Sbr. Waduk Pluit,-6.113824,106.79461
Sbr. Waduk Rawabadak,-6.126984,106.89517
Sbr. Wira Purusa,-6.23227,106.92252
Sbr. Wisma Pembina Petukangan Utara,-6.22576,106.7474
Sbr. Yamaha Music School Kemang,-6.262756,106.82364
Sbr. Yaspen Islam Al Mamur Ciganjur,-6.345422,106.80368
Sbr. Yayasan Adi Luhur Gedong,-6.292934,106.85577
Sbr. Yayasan Al Azhar Syuhada,-6.326612,106.8207
Sbr. Yayasan Al Fakhriyyah,-6.213737,106.77513
Sbr. Yayasan Alfitriyah Marunda,-6.129927,106.95553
Sbr. Yayasan Asih Budi,-6.22992,106.92008
Sbr. Yayasan Hidayatut Tholibin,-6.288845,106.80207
Sbr. Yayasan Islam Suci Susukan,-6.310841,106.87305
Sbr. Yayasan Miftahul Falah,-6.227379,106.87869
Sbr. Yayasan Miftahussaadah,-6.136916,106.71423
Sbr. Yayasan Perguruan Rakyat,-6.228811,106.89897
Sbr. Yayasan Santo Yakobus,-6.153375,106.91608
Sbr. YPI Asyaadah,-6.19093,106.94391
Sbr. Jln. Cilincing Bakti,-6.106478,106.93343
Sbr. Jln. Otista III Komplek III,-6.231873,106.87504
Sbr. Marunda Baru,-6.124819,106.95694
Sbr. MIN 20 Jakarta,-6.122856,106.95719
Sbr. SMAN 52,-6.122564,106.92435
Sekolah Al Huda 1,-6.149731,106.72736
Sekolah Anglo Rawasari,-6.186395,106.87293
Sekolah Arraudhah,-6.117556,106.91519
Sekolah At Taqwa Karang Tengah,-6.149841,106.97189
Sekolah Avicenna Jagakarsa,-6.336066,106.82948
Sekolah Bahasa Polri,-6.207629,106.89013
Sekolah Bethel KS Tubun,-6.196195,106.80497
Sekolah Bhineka Tunggal Ika,-6.150601,106.80763
Sekolah Bhudaya Santo Agustinus Cipinang,-6.209888,106.88474
Sekolah Bumi Husada Ciracas,-6.323141,106.8839
Sekolah Cahaya Sakti Otista I,-6.225391,106.86708
Sekolah Cita Buana,-6.316189,106.81425
Sekolah Daarun Naiim,-6.158985,106.70484
Sekolah Darul Maarif,-6.112794,106.92596
Sekolah Darussalam H. Ipin,-6.311351,106.79271
Sekolah Fadlurrahman,-6.271179,106.91207
Sekolah Fatimiyah Perdana Kusuma,-6.249936,106.88003
Sekolah Islam Al Azhar Jagakarsa,-6.330042,106.82612
Sekolah Islam Gugusan Bintang,-6.333055,106.8817
Sekolah Islam PB Soedirman,-6.314293,106.86298
Sekolah Katolik Abdi Siswa,-6.181618,106.77983
Sekolah Keperawatan YPDR,-6.311307,106.78843
Sekolah Malahayati,-6.325873,106.86006
Sekolah Muhammadiyah Gelong Baru 1,-6.176013,106.79662
Sekolah Muhammadiyah Gelong Baru 2,-6.176078,106.79672
Sekolah Muhammadiyah Grogol,-6.163319,106.79327
Sekolah Mutiara Warakas,-6.116593,106.88031
Sekolah Pami Jaya,-6.248519,106.92513
Sekolah Pelita II Kb. Jeruk,-6.164602,106.77199
Sekolah Pelita II Kb. Jeruk 2,-6.164944,106.77149
Sekolah Pinangsia,-6.138056,106.81607
Sekolah Purba Adhika 1,-6.311037,106.78555
Sekolah Purba Adhika 2,-6.311017,106.78548
Sekolah Remaja Sungai Bambu,-6.1262,106.88414
Sekolah Saint Caroline,-6.157258,106.87161
Sekolah Segar Amanah Klender,-6.223949,106.90863
Sekolah Sinar Dharma,-6.149156,106.80735
Sekolah Sumbangsih,-6.290013,106.8177
Sekolah Tj. Priok,-6.114743,106.91098
Sekolah Tarsisius 2,-6.199502,106.7824
Sekolah Tunas Cemerlang,-6.238978,106.90499
Sekolah Yadika Jatiwaringin,-6.264039,106.9111
Sekolah Yanindo Jakarta,-6.119479,106.86699
Sekolah Yapenda,-6.125204,106.89089
Sekolah Yayasan Daarussaadah Ciganjur,-6.338634,106.80511
Sekolahan Kwitang 6 PSKD,-6.241543,106.79607
Sekretariat 06 Wijaya Kusuma,-6.155725,106.77781
Seksi Dinas Pendidikan Makasar,-6.27554,106.87662
Selapa Polri,-6.286492,106.77119
Semar,-6.310566,106.80451
Senayan,-6.215918,106.794
Senopati,-6.230687,106.80809
Sentra Bisnis RE Martadinata,-6.131424,106.82592
Seskoal 1,-6.238155,106.77231
Seskoal 2,-6.238015,106.77247
Setiabudi Utara 2,-6.207513,106.8294
Setu 1,-6.313865,106.91199
Setu 2,-6.313833,106.91194
Sherwood,-6.153084,106.90713
Simpang Abdul Majid H. Saidi,-6.266188,106.80602
Simpang Acordion Musik Raya,-6.174135,106.90959
Sbr. Jln. Mutiara Benhil,-6.209626,106.81226
Simpang Ahmad Yani H. Ten,-6.188381,106.87591
Simpang Ahmad Yani Rawasari,-6.187925,106.87484
Simpang Akses Pitungan,-6.107847,106.95986
Simpang Al Baidho,-6.295933,106.89993
Simpang Al Barkah Dr Saharjo,-6.220395,106.84653
Simpang Alu Alu Tenggiri,-6.202252,106.89441
Simpang Anggrek Rosliana VII,-6.194473,106.79332
Simpang Anyelir,-6.308233,106.86383
Simpang Arion,-6.194109,106.89127
Simpang Asem II Bunga Flamboyan,-6.272424,106.80298
Sekolah Pusaka,-6.236888,106.89838
Sekolah Pah Tsung,-6.136693,106.73785
Sentraland Cengkareng,-6.139078,106.739378
Simpang Assirat Kampung Baru,-6.225764,106.77202
Simpang Balai Pustaka Timur Waru,-6.196611,106.88629
Simpang Bango Margasatwa,-6.310005,106.80361
Simpang Bantar Jati Hwarang,-6.311956,106.91849
Simpang Batu Ampar Condet Raya,-6.284139,106.85555
Simpang Batu Ampar IV Inerbang,-6.28148,106.86361
Simpang Batu Pandan 1,-6.284209,106.85689
Simpang Batu Pandan 2,-6.284097,106.85679
Simpang Bekasi Timur II,-6.219554,106.87386
Simpang Belly 1,-6.332931,106.86756
Simpang Belly 2,-6.332179,106.86749
Simpang Anggrek Garuda Rosliana,-6.194639,106.794953
Simpang Benda Raya Prepedan,-6.106666,106.70192
Simpang Betet Camar 1,-6.115612,106.92286
Simpang Betet Camar 2,-6.115382,106.92322
Simpang Bina Marga Raya Ceger,-6.314652,106.89243
Simpang Biru Laut Gading Mas,-6.166603,106.90896
Jln. Taman Jatibaru Timur,-6.182778,106.8129
Simpang Blok E,-6.184488,106.81525
Simpang Bojong Raya Kembangan Utara,-6.17092,106.7333
Simpang Bojong Raya Rawa Buaya,-6.159489,106.72975
Simpang Budaya Batu Ampar 1,-6.273166,106.86047
Simpang Budaya Batu Ampar 2,-6.272658,106.86094
Simpang Budi Sakti Raya,-6.188377,106.78328
Simpang Bukit Duri Selatan,-6.221135,106.85519
Simpang Bukit Duri Selatan 1,-6.218901,106.85316
Simpang Bukit Duri Selatan 2,-6.218776,106.85297
Simpang Bundaran Ikan Harapan Indah 3,-6.180471,106.98134
Simpang Bundaran Ikan Harapan Indah Raya 1,-6.181458,106.98134
Simpang Bundaran Ikan Harapan Indah Raya 2,-6.181454,106.98145
Simpang Bunga Flamboyan Asem II,-6.272213,106.80309
Simpang Bunga Flamboyan Melati,-6.269686,106.80352
Simpang Bunga Melati Flamboyan,-6.269955,106.80329
Simpang Bungur Mahakam,-6.31873,106.88377
Simpang Buni Tomang Asli,-6.177988,106.80471
Simpang Camar 1,-6.113327,106.91975
Simpang Camar 2,-6.113256,106.9193
Simpang Cemara Labu,-6.116039,106.91522
Simpang Cemara Waru,-6.11838,106.91521
Simpang Cempaka IV Raya 2,-6.1773,106.86047
Simpang Cempaka Putih Ahmad Yani,-6.176898,106.87556
Simpang Cempaka Putih Barat XXVI,-6.176241,106.86392
Simpang Cempaka Putih Tengah XIII,-6.176319,106.87085
Simpang Cendrawasih Hybrida Terusan,-6.14975,106.92309
Simpang Cibubur I Raya PKP,-6.340402,106.87372
Simpang Cibubur III/I,-6.344359,106.87407
Simpang Cilandak KKO Margasatwa,-6.310312,106.81375
Simpang Cilandak Tengah Raya 1,-6.291253,106.80188
Simpang Cilandak Tengah Raya 2,-6.291453,106.80187
Simpang Cilangkap Bina Marga,-6.331425,106.88808
Simpang Ciledug H. Mukhtar Raya,-6.236037,106.7441
Simpang Cipete Raya Dalam,-6.277545,106.80067
Simpang Cipeucang Cikeujang,-6.112302,106.89953
Simpang Cipinang Indah I,-6.232488,106.89124
Simpang Cipinang Indah II,-6.232796,106.89096
Simpang Cipinang Kebembem,-6.211837,106.88474
Simpang Cipinang Kebembem 1,-6.207671,106.88522
Simpang Cipinang Kebembem 2,-6.207826,106.88514
Simpang Cipinang Lontar Mulya Jaya,-6.217102,106.89005
Simpang Cipinang Nusa Indah,-6.233614,106.88985
Simpang Condet Baru 1,-6.284739,106.8582
Simpang Condet Baru 2,-6.284556,106.8582
Simpang Daan Mogot Gg. Macan,-6.163143,106.77313
Simpang Danau Indah Barat,-6.153342,106.87962
Simpang Danau Indah Raya,-6.15041,106.87981
Simpang Danau Permai Raya,-6.150208,106.87982
Simpang Danau Sunter Barat Utara,-6.140807,106.85704
Simpang Danau Sunter Utara Barat,-6.139853,106.85663
Simpang Darmawangsa XI Prapanca,-6.256381,106.80051
Simpang DDN Pondok Labu,-6.312668,106.79687
Simpang Demi Serong Jatibaru,-6.181147,106.81714
Simpang Deplu Raya,-6.27231,106.7649
Simpang Dewa Kembar,-6.110108,106.92617
Simpang Dewi Sartika Condet,-6.26274,106.86451
Simpang Dharmawangsa VIII,-6.253614,106.80792
Simpang Dinkes,-6.170376,106.81543
Simpang Dukuh Kramat Jaya,-6.112443,106.9171
Simpang Empat Pelita 2,-6.126386,106.88368
Simpang Fatmawati,-6.291232,106.79533
Simpang Gading Mas Biru Laut,-6.166526,106.90893
Simpang Gading Raya,-6.239038,106.90515
Simpang Gaharu MPR Raya,-6.28008,106.80245
Simpang Gandaria Kyai Maja,-6.24186,106.79
Simpang Gg. Macan Daan Mogot,-6.162659,106.77298
Simpang Garden City 2,-6.171597,106.96277
Simpang Gelong Baru Tengah Mandala,-6.174682,106.79525
Simpang Gelong Baru Tengah Utara,-6.174399,106.79489
Simpang Gongseng Raya H. Hasan,-6.325016,106.85048
Simpang Gongseng Raya Pondok Baru,-6.326483,106.85919
Simpang Gorda,-6.295655,106.89744
Simpang Gotong Royong 2,-6.125482,106.89331
Simpang Gunung Balong Karang Tengah,-6.303532,106.78163
Simpang Gunung Sahari III,-6.167903,106.84174
Simpang Gunung Sahari Martadinata,-6.130897,106.83094
Simpang Hadiah 2,-6.160749,106.78554
Simpang H. Ali Kramat Barat,-6.291941,106.86585
Simpang H. Ali Raya Tengah,-6.292558,106.85951
Simpang Cipete Dalam Raya,-6.277305,106.80074
Simpang Duren Bangka Timur,-6.259373,106.82754
Simpang Darmawangsa X,-6.257575,106.800224
Simpang H. Hasan Rambutan Baru,-6.328029,106.85027
Simpang H. Jian,-6.262225,106.80554
Simpang H. Jian Abdul Majid 2,-6.265754,106.80435
Simpang H. Jumat Kalisari,-6.335765,106.85376
Simpang H. Kelik Kelapa Dua,-6.208516,106.7692
Simpang H. Montong Sadar,-6.338094,106.81353
Simpang H. Muchtar Kejaksaan Raya,-6.225407,106.73791
Simpang H. Mukhtar Ciledug Raya,-6.236405,106.74432
Simpang H. Naim Cilandak Barat,-6.28749,106.8023
Simpang H. Ten Ahmad Yani,-6.188537,106.87606
Simpang Herman Susilo 1,-6.326889,106.81098
Simpang HH Meruya Ilir,-6.197859,106.7644
Simpang Hwarang Bantar Jati,-6.311959,106.91843
Simpang Indraloka 1,-6.157095,106.77782
Simpang Indraloka 2,-6.15703,106.77786
Simpang Inerbang Batu Ampar IV,-6.281504,106.86357
Gudang Minimarket 2,-6.12596,106.81406
Simpang Jln. 26 Utara,-6.238115,106.92227
Simpang Jln. Akses Tol Bintara,-6.219246,106.94976
Simpang Jln. BBD Sadar Raya,-6.339541,106.81331
Simpang Jln. Bongo Raya,-6.170743,106.91001
Simpang Jln. Bumi Raya,-6.225145,106.91238
Simpang Jln. H. Baserin 1,-6.244272,106.76324
Simpang Jln. H. Baserin 2,-6.244287,106.76328
Simpang Jln. Kaliabang Gatet,-6.182737,106.99133
Simpang Jln. Kalibaru Timur VI,-6.169095,106.85209
Jln. Bangka VII,-6.249515,106.81458
Simpang Jln. Kerja Bakti 7,-6.273778,106.87735
Simpang Jln. Kiwi Raya Bogor,-6.337797,106.86921
Simpang Jln. Kramat Jaya 1,-6.108656,106.91734
Simpang Jln. Kramat Jaya 2,-6.108692,106.91742
Simpang Jln. Lembah Aren,-6.232503,106.93103
Simpang Jln. Menteng,-6.113217,106.917
Simpang Jln. Mulia Jaya,-6.217859,106.8877
Simpang Jln. Perdatam 1,-6.239013,106.76338
Simpang Jln. Perdatam 2,-6.238833,106.76345
Simpang Jln. Peta Selatan,-6.145305,106.70275
Simpang Jln. Pisangan Lama,-6.211274,106.87876
Simpang Jln. Radius Halim,-6.24517,106.89228
Simpang Jln. Rawa Buaya,-6.160511,106.72757
Simpang Jln. Sadar Raya BBD,-6.339461,106.81333
Simpang Jln. Salam IV,-6.203626,106.77898
Simpang Jln. Tarian Raya Barat,-6.170599,106.9099
Simpang Jambore Lapangan Tembak,-6.352488,106.88789
Simpang Jatinegara Timur IV,-6.222277,106.86838
Simpang Jelambar Barat Utama I,-6.151226,106.78404
Simpang Jembatan Lima,-6.142897,106.80668
Simpang Jengkol Joglo 1,-6.219014,106.72985
Simpang Jengkol Joglo 2,-6.218995,106.72969
Simpang Kali Besar Barat,-6.136879,106.812169
Simpang Kali Caglak,-6.351441,106.87844
Simpang Kaliabang Rorotan 1,-6.154064,106.97107
Simpang Kaliabang Rorotan 2,-6.153794,106.97115
Simpang Kalimalang,-6.245523,106.90507
Simpang Kalimalang Pahlawan Revolusi,-6.245736,106.90569
Simpang Kalisari II,-6.335786,106.8537
Simpang Kalisari Raya Lapan,-6.339969,106.86403
Simpang Kampung Baru Assirat,-6.225618,106.77194
Simpang Kampung Jembatan 1,-6.208642,106.93576
Simpang Kampung Jembatan 2,-6.208426,106.93576
Simpang Karang Tengah,-6.310364,106.78098
Simpang Karang Tengah 1,-6.310523,106.78131
Simpang Karang Tengah Gunung Balong,-6.303402,106.78144
Simpang Kawi Raya,-6.209476,106.83322
Simpang Kayu Jati V Pemuda,-6.192962,106.88621
Simpang Kebantenan IX,-6.108573,106.9326
Simpang Kebantenan VIII,-6.109712,106.9303
Simpang Kb. Baru 1,-6.114963,106.92413
Simpang Kb. Baru 2,-6.114919,106.92406
Simpang Kejaksaan H. Muchtar Raya,-6.225361,106.73783
Simpang Kelapa Cengkir Flamboyan,-6.169191,106.90736
Simpang Kampung Kandang 1,-6.310784,106.812727
Simpang H. Saidi Abdul Majid,-6.266523,106.806262
Simpang H. Jian Abdul Majid 1,-6.265863,106.804395
Simpang Kelapa Cengkir Raya,-6.167577,106.90478
Simpang Kelapa Cengkir Raya 2,-6.167386,106.90489
Simpang Kelapa Cengkir Raya 3,-6.167429,106.90502
Simpang Kelapa Dua H. Kelik,-6.208532,106.76918
Simpang Kelapa Nias Pegangsaan,-6.154678,106.91592
Simpang Kelapa Peon,-6.317779,106.82486
Simpang Kemang 1,-6.25803,106.81504
Simpang Kemang Selatan 1,-6.274242,106.82066
Sbr. Jln. Bangka VII,-6.249515,106.814652
Simpang Kemang Timur Utara,-6.258729,106.82311
Simpang Kemang Utara IX,-6.257808,106.82444
Simpang Kemang Utara Timur,-6.258318,106.8231
Simpang Kembangan Raya 1,-6.176261,106.74795
Simpang Kembangan Raya 2,-6.176148,106.74794
Simpang Kembangan Utara Bojong Raya,-6.171175,106.73311
Simpang Kemuning Kamboja,-6.177041,106.80134
Simpang Kepu Arteri Kelapa Gading,-6.177303,106.91253
Simpang Kesemek 1,-6.113408,106.92089
Simpang Kesemek 2,-6.113324,106.92085
Simpang KH Abdulloh Karang Tengah 1,-6.147051,106.97188
Simpang KH Abdulloh Karang Tengah 2,-6.146607,106.97188
Simpang KH Hasyim Cideng Barat,-6.166007,106.81033
Simpang Kirai Jln. Damai V,-6.259705,106.8023
Simpang Kodam Bintaro Permai,-6.259127,106.75974
Simpang Kompas Damai Raya,-6.248504,106.75659
Simpang Kopi Bandengan Selatan,-6.135839,106.80689
Simpang Kopi Kali Besar Barat,-6.134507,106.81106
Simpang Kopi Roa Malaka,-6.134185,106.80986
Simpang Kota Bambu Utara I,-6.186126,106.80866
Simpang Kramat Barat H. Ali,-6.291904,106.86605
Simpang Kramat Jaya Baru,-6.185568,106.85239
Simpang Kramat Jaya Baru 2,-6.18412,106.85258
Simpang Kramat Jaya Baru 3,-6.184227,106.85378
Simpang Kramat Jaya Baru 4,-6.184193,106.85397
Simpang Kembangan Selatan,-6.184495,106.72967
Simpang Kramat Jaya Dukuh,-6.112507,106.91711
Simpang Kramat Jaya Waru,-6.118637,106.91682
Simpang Kunir Kemukus,-6.133731,106.81475
Simpang Labu Cemara,-6.116082,106.91503
Simpang Lagoa Ciampea,-6.108978,106.9077
Simpang Lapan Madrasah 2,-6.341683,106.86317
Simpang Lapangan Tembak Jambore,-6.352503,106.88795
Simpang Lapangan Tembak Raya Bogor,-6.343672,106.86917
Jln. Karet Pasar Baru Timur II,-6.203949,106.81636
Simpang Lima Semper,-6.128516,106.91756
Simpang Lima Senen,-6.179154,106.84241
Simpang Lima Wahid Hasyim,-6.187272,106.82961
Simpang Lingkar Duren Sawit,-6.220922,106.91561
Simpang Mabes Hankam Raya Ceger,-6.306299,106.88855
Simpang Madrasah I Panjang Arteri,-6.215609,106.77444
Simpang Mahoni Cempaka,-6.115972,106.91335
Simpang Malaka Raya Cilangkap,-6.337223,106.89782
Simpang Mandala Dwikora,-6.245022,106.8922
Simpang Mandala Maphalindo,-6.249189,106.89108
Simpang Mandala Raya Selatan,-6.175729,106.79887
Simpang Mandala Selatan Raya,-6.175717,106.79909
Simpang Mandala Selatan Timur,-6.17199,106.80098
Simpang Mandara Permai 1,-6.116358,106.75672
Simpang Mandara Permai 2,-6.116512,106.75622
Simpang Mangga Besar VIII,-6.150015,106.82562
Simpang Mangga Besar XI,-6.148616,106.82554
Simpang Mangga Semangka,-6.115742,106.91088
Simpang Mantang Terusan,-6.112776,106.90821
Simpang Manunggal Pintu 2,-6.297193,106.89291
Simpang Margasatwa Bango,-6.310201,106.80346
Simpang Margasatwa Cilandak KKO,-6.31022,106.81364
Simpang Masjid Condet Batu Ampar,-6.280831,106.86024
Simpang Kepu Kesadaran,-6.181065,106.914372
Simpang Blok A,-6.187206,106.816219
Simpang Kemanggisan Ilir III,-6.193204,106.785334
Simpang KH Taisir Rawa Belong 2,-6.200738,106.78767
Simpang Mabes Hankam,-6.30449,106.88585
Simpang Masjid Darul Falah 1,-6.236147,106.75128
Simpang Masjid Darul Falah 2,-6.236336,106.7513
Simpang Matraman 2,-6.201601,106.85144
Simpang Mawar Merah,-6.223833,106.93886
Simpang Media Massa,-6.231679,106.88636
Simpang Melati Tugu V,-6.121302,106.90799
Simpang Melur Tugu,-6.122641,106.90796
Simpang Merak Cipinang Indah,-6.234815,106.894
Simpang Meruya Ilir 1,-6.196682,106.75517
Simpang Meruya Ilir 2,-6.196802,106.75542
Simpang Meruya Ilir Selatan,-6.198844,106.74191
Simpang Meruya Ilir Srengseng,-6.196942,106.75667
Simpang Meruya Ilir Utara,-6.198612,106.74196
Simpang Meruya Panjang Arteri,-6.196626,106.76887
Simpang Mulya Jaya Cipinang Lontar,-6.217632,106.89025
Simpang Muwardi Raya,-6.162593,106.79232
Simpang Nusa Cipinang Indah,-6.233496,106.89006
Simpang Nusa Indah Teratai Putih,-6.217936,106.93129
Simpang Nusa Indah VI,-6.21821,106.93627
Simpang Otista III Selatan,-6.231874,106.86803
Simpang Otista III Utara,-6.231843,106.86776
Simpang Pahlawan Revolusi 2,-6.238373,106.89937
Simpang Pahlawan Revolusi Kalimalang,-6.245592,106.90576
Simpang Pakin 2,-6.128288,106.80562
Simpang Pakin 3,-6.129076,106.80514
Simpang Pangeran Komarudin 1,-6.184719,106.94319
Simpang Pangeran Komarudin 2,-6.184827,106.94326
Simpang Pangeran Komarudin 3,-6.185774,106.9433
Simpang Panglima Polim IX Wijaya,-6.249567,106.79993
Simpang Panjang Duri Kepa,-6.184205,106.76833
Simpang Panjang Kb. Jeruk 1,-6.198159,106.76922
Simpang Panjang Kb. Jeruk 2,-6.19808,106.76938
Simpang Ps. Bebek 1,-6.11034,106.94875
Simpang Ps. Bebek 2,-6.110133,106.94875
Simpang Ps. Deprok 1,-6.104282,106.70798
Simpang Ps. Deprok 2,-6.104331,106.70803
Simpang Ps. Kb. Pisang,-6.152576,106.78156
Simpang Ps. Pagi,-6.139106,106.811233
Simpang Ps. Pagi Raya Cilincing,-6.102924,106.93596
Simpang Ps. Patra 1,-6.182986,106.77995
Ampera 1,-6.292069,106.81774
Simpang Ps. Rawamangun,-6.198321,106.89001
Simpang Ps. Warakas 1,-6.115658,106.88001
Simpang Patra Lontar Raya,-6.182359,106.78119
Simpang Pedongkelan Cilincing Bakti,-6.108168,106.93406
Simpang Pegangsaan Dua Hybrida,-6.148745,106.91565
Simpang Pejompongan Dalam,-6.204269,106.80537
Simpang Penggilingan Baru I,-6.302681,106.88123
Simpang Penggilingan Baru Puskesmas,-6.301174,106.88115
Simpang Penyelesaian Tomang 1,-6.196632,106.72951
Simpang Pepaya Sagu Raya,-6.317485,106.81909
Simpang Perintis 1,-6.229048,106.88882
Gg. Abdul Hamid,-6.137241,106.81896
Simpang Perintis Pulo Mas Timur,-6.172481,106.88914
Simpang Permata Meruya 1,-6.195196,106.73953
Simpang Permata Meruya 2,-6.195059,106.73972
Simpang Perniagaan Tambora,-6.14163,106.80768
Simpang Persahabatan Raya,-6.206364,106.88575
Simpang Persahabatan Timur,-6.206614,106.88835
Simpang Pertengahan Cijantung,-6.326543,106.85613
Karet Sudirman 2,-6.213105,106.81936
Simpang Pisangan Lama III Selatan,-6.213529,106.87885
Simpang Pisangan Lama Selatan III,-6.21387,106.87884
Simpang Pisok Giring Giring,-6.16936,106.90739
Simpang Pitungan,-6.100212,106.9606
Simpang PKP Raya KDW,-6.340963,106.8873
Simpang Pluit Raya,-6.127123,106.80441
Simpang Poncol Raya Ciracas,-6.329862,106.86873
Simpang Pondok Bambu Batas 1,-6.241476,106.90061
Simpang Meruya Selatan Saaba,-6.21516,106.73771
Simpang Palmerah Barat Rawa Belong,-6.206786,106.783898
Simpang Ps. Warakas 2,-6.115576,106.880037
Simpang Patra Kepa,-6.183013,106.779963
Simpang Pondok Bambu Batas 2,-6.241533,106.90058
Simpang Pondok Bambu Batas 3,-6.241251,106.90098
Simpang Pondok Bambu Batas 4,-6.241275,106.90108
Simpang Pondok Baru Gongseng Raya,-6.326243,106.85929
Simpang Pos Pengumben Panjang Arteri,-6.215786,106.77421
Simpang Prepedan Benda Raya,-6.106575,106.70192
Simpang Pulo Asem Utara Bada,-6.188953,106.89146
Simpang Pulo Asem Utara Timur,-6.188074,106.89668
Simpang Pulo Mas Raya Timur,-6.178746,106.8856
Simpang Puskesmas Penggilingan Baru,-6.301457,106.88133
Simpang Radin Inten II Kalimalang,-6.247574,106.92049
Simpang Rajawali Cipinang Indah,-6.233049,106.89328
Simpang Rawa Barat,-6.238408,106.81489
Simpang Rawa Belong 2 KH Taisir,-6.200768,106.78765
Gg. Datuk,-6.341592,106.819427
Simpang Rawa Belong Sulaiman,-6.20612,106.78276
Simpang Rawa Buaya Bojong Raya,-6.159465,106.72952
Simpang Rawa Kepa Utama,-6.169911,106.80177
Simpang Rawa Kompeni Raya Prancis,-6.109565,106.68406
Simpang Rawa Kuning Raya Bekasi,-6.19067,106.9671
Simpang Rawasari Ahmad Yani,-6.187726,106.87473
Simpang Raya Bekasi Rawa Kuning,-6.190565,106.96723
Simpang Raya Bogor Cililitan,-6.264191,106.86585
Simpang Raya Bogor Suci,-6.318777,106.86512
Simpang Pinang I Pondok Labu,-6.308702,106.795996
Simpang Raya Ceger Bina Marga,-6.314974,106.89265
Simpang Raya Ceger Mabes Hankam,-6.306447,106.88835
Simpang Raya Cilincing Sungai Landak,-6.101579,106.93808
Harmoni Arah Utara,-6.162678,106.819663
Simpang Raya Condet Batu Ampar,-6.28409,106.85556
Simpang Raya KDW PKP,-6.340686,106.88691
Simpang Raya PKP Cibubur I,-6.34034,106.87371
Simpang Raya Poncol Susukan,-6.329861,106.86868
Simpang Raya Pondok Gede 1,-6.284753,106.91028
Simpang Raya Pondok Gede 2,-6.283372,106.91042
Simpang Raya Tengah H. Ali,-6.292515,106.85951
Simpang Raya Tengah Waru,-6.29326,106.85985
Simpang Rel Kereta Bintaro 1,-6.256533,106.76259
Simpang Rel Kereta Bintaro 2,-6.256574,106.76224
Simpang Rindang Warung Sila,-6.345832,106.81159
Simpang Roa Malaka Selatan,-6.134704,106.80998
Simpang Rukun 1,-6.308156,106.91758
Simpang Rukun 2,-6.308207,106.91766
Simpang Saaba Meruya Selatan,-6.214861,106.73735
Simpang Sabar Raya 1,-6.24116,106.75245
Simpang Sabar Raya 2,-6.241126,106.75249
Simpang Sabar Raya Petukangan 1,-6.236754,106.75243
Simpang Sadar H. Montong,-6.337924,106.81347
Simpang Sagu Pepaya Raya,-6.317811,106.81912
Simpang Sasak I Panjang Arteri,-6.206777,106.77019
Simpang Sawo Raya Rawa Kuning,-6.211064,106.95786
Simpang Selat Makasar Bali,-6.23997,106.91493
Simpang Semangka I,-6.179887,106.8059
Simpang Semangka II,-6.179984,106.80591
Simpang Semangka III,-6.180659,106.80608
Simpang Semangka Mahoni,-6.116007,106.91315
Simpang Serdang Kel. I,-6.227192,106.91484
Simpang Serdang Swadaya Raya 1,-6.227331,106.9148
Simpang Serdang Swadaya Raya 2,-6.227633,106.91484
Simpang Seroja Cempaka,-6.181809,106.7991
Simpang Rawa Belong Palmerah Barat,-6.206644,106.784036
Simpang Seruling Musik Raya,-6.17436,106.9095
Simpang Sinar Lagoa,-6.108986,106.90781
Simpang SMKN 35,-6.161102,106.81006
Simpang Squadron,-6.267009,106.87725
Simpang Srengseng Meruya Ilir 2,-6.197304,106.75623
Simpang STIP,-6.10795,106.95998
Simpang Sulaiman Rawa Belong,-6.20609,106.78269
Simpang Sumanggung 3,-6.170966,106.90279
Simpang Sungai Landak Raya Cilincing,-6.101625,106.93817
Simpang Sunter Indah Raya,-6.153695,106.87931
Simpang Sunter Jaya V,-6.158799,106.87009
Simpang Sunter Kemayoran Jaya,-6.153945,106.86067
Simpang Taman Malaka Barat Utara,-6.230627,106.92835
Simpang Taman Malaka Utara Barat,-6.230694,106.9284
Simpang Tanah Abang II Cideng,-6.175292,106.81209
Simpang Tanah Tinggi Timur,-6.174437,106.85231
Simpang Tanjakan AURI,-6.185306,106.95831
Simpang Tj. Duren Barat 1,-6.169914,106.7752
Simpang Tj. Duren Barat 2,-6.170356,106.77528
Simpang Tj. Duren Barat 3,-6.16966,106.77489
Simpang Tj. Duren Barat 6,-6.18221,106.78338
Simpang Tj. Duren Timur 5,-6.180482,106.78375
Simpang Kemang Selatan 2,-6.274106,106.82045
Simpang Tarakan Cideng Barat,-6.170569,106.81074
Simpang Tawakal Kyai Tapa,-6.166588,106.79544
Simpang Tawakal Raya VI,-6.169204,106.795
Simpang Tawakal VI Tomang Tinggi,-6.169966,106.79674
Simpang Tb Simatupang Tunda Bara,-6.292999,106.7987
Karet Pedurenan 2,-6.221462,106.82109
Wisma Eka Jiwa,-6.136853,106.82258
Simpang Tebet Barat Raya,-6.23012,106.85121
Simpang Tebet Raya Barat,-6.23023,106.85145
Museum Nasional,-6.176403,106.82263
Simpang Tebet Raya Utara,-6.229717,106.85244
Simpang Tebet Timur Raya,-6.230297,106.8525
Simpang Teratai Putih Nusa Indah,-6.218319,106.93118
Simpang Tiga 1,-6.210708,106.93903
Simpang Tiga 2,-6.210983,106.93935
Simpang Tiga Pulo Gebang Raya,-6.206982,106.95468
Simpang Toko 3 Tambora,-6.141611,106.81047
Simpang Tomang Asli Buni,-6.1779,106.80489
Simpang Tebet Utara Dalam Raya,-6.228727,106.85482
Simpang Tomang Asli Kamboja,-6.179197,106.80256
Simpang Tomang Asli Nusa Indah,-6.178936,106.80223
Simpang Tomang Tinggi Tawakal VI,-6.170244,106.79674
Simpang Tubagus Angke,-6.144122,106.78319
Simpang Utama Sakti,-6.151962,106.78157
Simpang Warakas Gg 13,-6.123272,106.87627
Simpang Warakas III,-6.118043,106.88086
Simpang Waru Cemara,-6.11862,106.91531
Simpang Waru Gedong,-6.29329,106.85793
Simpang Waru Kramat Jaya,-6.118678,106.91659
Simpang Waru Tengah,-6.293301,106.85862
Simpang Warung Sila Rindang,-6.345472,106.81167
Simpang Wijaya XIII Panglima Polim,-6.249559,106.79998
Simpang Z Sukabumi Selatan 1,-6.218681,106.77024
Simpang Z Sukabumi Selatan 2,-6.218721,106.77027
Simprug 1,-6.223678,106.7902
Simprug 2,-6.225306,106.78929
Sinarmas Land,-6.277996,106.6612
Singgalang,-6.236849,106.78782
Sisma Medikal,-6.113174,106.91771
SIT I-II PIK,-6.124299,106.74558
SIT III PIK,-6.123856,106.74238
Situ Gintung 2,-6.301629,106.76139
Skywalk ITC Mangga Dua,-6.136363,106.8237
Kebon Sirih Arah Utara,-6.182776,106.8228
Slamet Riyadi 2,-6.207639,106.85911
SLB 01,-6.307004,106.78025
SLB Pangudi Luhur,-6.187212,106.75526
Slbn 7 Jakarta,-6.233213,106.88266
Slipi Jaya,-6.189512,106.79636
SMA Advent XV Ciracas,-6.344393,106.88349
SMA Angkasa 1,-6.24975,106.88267
SMA Angkasa 2,-6.276218,106.88766
SMA Budi Utomo,-6.167046,106.838
SMA Cengkareng 1,-6.14307,106.71742
Slipi Petamburan 1,-6.201338,106.799974
SMA Islam As Syafiiyah 01,-6.220766,106.85339
SMA Kartika,-6.260596,106.75896
SMA Kartika X-1,-6.26069,106.75891
SMA Muhammadiyah 5,-6.235661,106.85353
SMAK Penabur Enam 1,-6.114247,106.77389
SMAK Penabur Enam 2,-6.115644,106.77506
SMAN 10 Bekasi,-6.176243,106.98173
SMAN 100,-6.228401,106.88494
SMAN 104,-6.302703,106.85941
Simpang Tenggiri Tongkol Raya,-6.112055,106.882804
SMAN 10,-6.146558,106.826537
Simpang Tenggiri Muka,-6.111317,106.882803
SMAN 108,-6.253902,106.76371
SMAN 109,-6.344687,106.83351
SMAN 112,-6.191027,106.75626
SMAN 113,-6.293268,106.90306
SMAN 24,-6.210598,106.79631
SMAN 28,-6.286109,106.83318
SMAN 42,-6.255854,106.89179
SMAN 49,-6.324742,106.81981
SMAN 5,-6.159519,106.86711
SMAN 50,-6.220085,106.89616
SMAN 51,-6.276921,106.86075
SMAN 52,-6.122613,106.92425
SMAN 61,-6.236929,106.89823
SMAN 65,-6.200842,106.76904
SMAN 66,-6.306231,106.80379
SMAN 67,-6.276266,106.88657
SMAN 75,-6.135264,106.92169
SMAN 8,-6.218257,106.85954
SMAN 84,-6.144834,106.70458
SMAN 94,-6.167345,106.70496
Smarthomm,-6.131055,106.82819
SMK Al Hidayah 1,-6.30829,106.81377
SMK Angkasa 2,-6.252043,106.88984
SMK Averus Pondok Pinang,-6.274852,106.77358
SMK Darussalam,-6.319946,106.74598
SMK Hatawana,-6.229468,106.87871
SMK Jakarta 1,-6.147207,106.70267
SMK Jakpus 1,-6.175714,106.81961
SMK Kartika X-2,-6.252716,106.75631
SMK Kemala Bhayangkari I,-6.210043,106.89408
SMK Ora Et Labora,-6.247473,106.79999
SMK Pelayaran Jakarta,-6.127438,106.87358
SMK Ristek Kikin,-6.206887,106.93519
SMK Sahid Jakarta,-6.314831,106.87418
SMK Sari Putra,-6.114752,106.92115
SMK Satria Srengseng,-6.208852,106.75889
SMK Swadaya Global School,-6.247161,106.91976
SMK Tj. Priok 2,-6.113836,106.91102
SMK Tunas Markatin,-6.196619,106.88842
SMKN 12,-6.115571,106.88546
SMKN 22,-6.294243,106.85554
SMKN 26,-6.193898,106.88623
SMKN 28,-6.284944,106.79578
SMKN 32,-6.22951,106.8493
SMKN 33,-6.180671,106.90662
SMKN 38,-6.181971,106.8174
SMKN 4,-6.141156,106.95555
SMKN 48,-6.219401,106.92361
SMKN 49,-6.129409,106.95577
SMKN 5,-6.212826,106.87364
SMKN 50,-6.228003,106.89039
SMKN 52,-6.365228,106.88588
SMKN 54,-6.155175,106.86089
SMKN 56,-6.119094,106.79423
SMKN 60,-6.185923,106.77188
SMKN 63,-6.351697,106.79855
SMKN 7,-6.197969,106.89201
SMKN Jasalena Marunda,-6.127384,106.95669
SMP Dan SMK Bakti 17,-6.348009,106.80965
SMP El Syifa Ciganjur,-6.334125,106.80695
SMP Islam Al Azhar 19,-6.36591,106.88823
SMP Model Ar Riyadh Insan Cendikia,-6.183258,106.98411
SMP Muhammadiyah 2,-6.162466,106.84286
SMP Nurul Falah,-6.110951,106.92581
SMP Paskalis 1,-6.178698,106.84843
SMP PGRI 9,-6.332922,106.89179
SMPN 10,-6.163478,106.86518
SMPN 106,-6.314971,106.87411
SMPN 115,-6.225709,106.85488
SMPN 124,-6.258975,106.82624
SMPN 126,-6.28437,106.86419
SMPN 127,-6.198939,106.7783
SMPN 128,-6.279105,106.88936
SMPN 129,-6.126144,106.87638
SMPN 131,-6.362279,106.8017
SMPN 134,-6.198759,106.73871
SMPN 137,-6.180076,106.86676
SMPN 143,-6.108442,106.93549
SMPN 154,-6.250068,106.85288
SMPN 165,-6.22418,106.90285
SMPN 166,-6.323318,106.81923
SMPN 170,-6.178079,106.9132
SMPN 174,-6.311716,106.87463
SMPN 177,-6.261215,106.75713
SMK Bina Darma DKI,-6.220551,106.92073
Simpang Tunda Bara TB Simatupang,-6.292609,106.798193
SDN 03 Bali Mester,-6.214718,106.86485
SMPN 188,-6.307289,106.87793
SMPN 190,-6.108399,106.70296
SMPN 199,-6.230971,106.94309
SMPN 203,-6.336859,106.85528
SMPN 205,-6.170396,106.70696
SMPN 209,-6.288613,106.86372
SMPN 214,-6.25378,106.89073
SMPN 222,-6.308849,106.88887
SMPN 228,-6.160715,106.86653
SMPN 229,-6.19752,106.77284
SMPN 245,-6.225869,106.73983
SMPN 252,-6.239351,106.94234
SMPN 258,-6.357133,106.87444
SMPN 263,-6.29461,106.87865
SMPN 272,-6.293328,106.90319
SMPN 286,-6.172383,106.80142
SMPN 289,-6.138058,106.9218
SMPN 43,-6.240281,106.82639
SMPN 48,-6.233393,106.78025
SMPN 6 Bekasi,-6.28259,106.91272
SMPN 68,-6.278279,106.79964
SMPN 78,-6.173538,106.85226
SMPN 8,-6.201167,106.84291
SMPN 80,-6.249971,106.88347
SMK Karya Teladan,-6.258596,106.84351
SMPN 85,-6.31244,106.79533
SMPN 88,-6.192887,106.79532
SMPN 89,-6.178359,106.78195
SMU 79,-6.225412,106.83865
South City Cinere,-6.34504,106.767638
SPBG Jakpro,-6.117747,106.79188
SPBG Klender,-6.213742,106.90492
SPBU Bintaro Pondok Betung,-6.261488,106.75659
SPBU Cilandak KKO,-6.29585,106.81551
SPBU Gedong Panjang,-6.130757,106.80557
SPBU Industri Kemayoran,-6.14864,106.83832
SPBU M Kahfi 1,-6.350044,106.80175
SPBU Pinang Ranti 1,-6.291256,106.88859
SPBU Pinang Ranti 2,-6.291064,106.88845
SPBU Puri Kembangan,-6.179421,106.74876
SPBU Setu,-6.305882,106.91644
SPBU Shell Rempoa,-6.265358,106.76615
SPBU Slipi,-6.189919,106.79321
SPBU Srengseng Raya,-6.218822,106.76037
SPBU Yos Sudarso,-6.145808,106.88999
STAI Az Ziyadah 1,-6.22292,106.90467
STAI Az Ziyadah 2,-6.222785,106.90469
Viva Futsal,-6.218724,106.81944
St. Blok A Dharmawangsa,-6.254652,106.79733
St. Blok A Petogogan,-6.254711,106.79713
St. Cawang 2,-6.242605,106.85849
St. Cawang 3,-6.242724,106.85853
St. Cikini Barat,-6.199614,106.84183
St. Cikini Selatan,-6.200967,106.84287
Pegangsaan Timur,-6.199263,106.84205
St. Cipete Raya 1,-6.278374,106.79746
St. Cipete Raya 2,-6.278423,106.79716
St. Duren Kalibata,-6.254264,106.85531
St. Duren Kalibata 1,-6.255579,106.85422
St. Duren Kalibata 3,-6.255192,106.85492
St. Duren Kalibata 4,-6.255071,106.85506
St. Gambir 1,-6.178206,106.83152
St. Gg. Sentiong,-6.185997,106.85083
St. Gondangdia 2,-6.185054,106.8323
St. Jakarta Kota Baru,-6.137749,106.81631
St. Jayakarta 1,-6.14097,106.82305
St. Jayakarta 2,-6.140453,106.82291
St. Juanda,-6.16693,106.83064
St. Kalideres,-6.166146,106.70466
St. Karet,-6.200377,106.81546
St. Kebayoran,-6.239001,106.78198
St. Kebayoran 2,-6.235723,106.78285
St. Klender 1,-6.213598,106.89787
St. Klender Baru,-6.217782,106.93957
St. Klender Muka,-6.212928,106.89948
St. Lenteng Agung 1,-6.330883,106.83542
St. LRT Boulevard Selatan 2,-6.169685,106.89943
St. LRT Boulevard Selatan 3,-6.168457,106.9002
St. LRT Boulevard Utara 1,-6.159158,106.90631
St. LRT Boulevard Utara 2,-6.159539,106.90573
St. LRT Equestrian 1,-6.1846,106.89111
St. LRT Equestrian 2,-6.182205,106.8914
St. LRT Pegangsaan Dua,-6.156857,106.91386
St. LRT Pulo Mas 1,-6.177067,106.8937
St. LRT Pulo Mas 2,-6.177613,106.89308
St. LRT Pulo Mas 3,-6.176534,106.89379
St. LRT Velodrome 1,-6.191381,106.89127
St. LRT Velodrome 2,-6.192994,106.89107
St. Mangga Besar,-6.149163,106.82706
St. Duren Kalibata 2,-6.256101,106.855806
St. Grogol,-6.161785,106.789934
SPBU Meruya Ilir,-6.197309,106.753939
SMPN 79,-6.157289,106.856804
St. MRT Blok M 1,-6.245156,106.798264
St. MRT Lebak Bulus,-6.289421,106.77436
St. Pasar Minggu 1,-6.283156,106.84468
St. Lenteng Agung 2,-6.331342,106.83467
St. Pesing,-6.161726,106.77127
St. Rawa Buaya,-6.163471,106.72374
St. Sawah Besar 2,-6.161426,106.82806
St. Sudirman 2,-6.201883,106.82277
St. Tanah Tinggi 1,-6.175601,106.6465
St. Tanah Tinggi 2,-6.175459,106.64576
St. Tj. Barat 2,-6.307681,106.8386
St. Tebet 1,-6.225576,106.85862
St. Tebet 3,-6.225604,106.85923
St. Tebet Pintu Barat,-6.226641,106.85819
St. Univ. Pancasila Jak Lingko,-6.338987,106.83458
STBA Pertiwi,-6.261526,106.864
Stella Maris 1,-6.112083,106.79282
Stella Maris 2,-6.112308,106.79234
STIAMI 1,-6.377387,106.83318
STIAMI 2,-6.377369,106.83281
STIE Rawamangun,-6.189799,106.88422
STIE Trianandra,-6.226176,106.89875
STIKES Bhakti Pertiwi Jagakarsa,-6.330365,106.82714
STIP,-6.104402,106.95904
STIS,-6.231063,106.86716
STM Cendrawasih,-6.216418,106.77393
STM Mandiri,-6.389279,106.82612
STMIK Jakarta,-6.257157,106.78985
STMT Trisakti 1,-6.231933,106.87782
STMT Trisakti 2,-6.231981,106.8777
STMT Trisakti 3,-6.230904,106.87854
STPDN,-6.28439,106.81899
STT PLN,-6.168512,106.72742
Sudin Kebersihan Senen,-6.168882,106.84355
Sudin Pencatatan Sipil 1,-6.203668,106.89009
Sudin Pencatatan Sipil 2,-6.203555,106.89029
Sulaiman,-6.236379,106.74545
Sumur Bor 1,-6.153332,106.71854
Sumur Bor 3,-6.152746,106.71878
Sunter Boulevard Barat 1,-6.149527,106.88866
Sunter Icon,-6.135417,106.85589
Sunter Karya 1,-6.137921,106.86993
Sunter Karya 2,-6.137641,106.86996
Sunter Karya 3,-6.13744,106.87112
Sunter Kelapa Gading 1,-6.142707,106.89049
Sunter Kelapa Gading 2,-6.143194,106.891
Sunter Muara,-6.144072,106.85763
Sunter Permai Indah 1,-6.149457,106.88515
Sunter Permai Indah 2,-6.149751,106.88647
Superindo Bulak Kapal 1,-6.24914,107.02344
Superindo Bulak Kapal 2,-6.249488,107.02384
Superindo Meruya Ilir,-6.197636,106.74562
Supriyadi,-6.308998,106.87046
Surabaya,-6.201305,106.84116
Sutera Niaga 2,-6.240488,106.6474
Suzuki,-6.193509,106.93555
Suzuki Panjang Arteri,-6.191998,106.76896
Swadaya,-6.253975,106.83288
Syibi,-6.350345,106.83272
Taman Anggrek,-6.17624,106.79281
Taman Asem PPSU Tj. Priok,-6.117021,106.86998
STIKES KESOSI Rawa Buaya,-6.169618,106.734097
STIE IBEK,-6.173481,106.7975
STIE Bhakti Pembangunan,-6.24266,106.751891
St. MRT Fatmawati,-6.292526,106.794354
Taman Bambu 1,-6.302506,106.91524
Taman Bambu 2,-6.302619,106.91542
Taman Barito Sembar,-6.132105,106.92023
Taman Bayu,-6.2241,106.91027
Taman BMW,-6.125862,106.85843
Taman Buaran Indah,-6.216979,106.92356
Taman Bugis,-6.115827,106.88827
Taman Buni,-6.331063,106.80825
Taman DDN,-6.312565,106.7965
Taman Duren Sawit,-6.240353,106.92157
Taman Elok 1,-6.195743,106.93526
STIE Bisnis,-6.153634,106.72636
Taman Enim,-6.11099,106.88412
Taman Gg. Kelor,-6.21124,106.85879
Taman Gorontalo,-6.113101,106.88321
Taman Hutan Tebet,-6.238056,106.85332
Taman Intirub 1,-6.265957,106.87819
Taman Intirub 2,-6.265962,106.87807
Taman Ismail Marzuki,-6.19163,106.83847
Taman Jln. Bhakti 1,-6.105653,106.94035
Taman Jln. Bhakti 2,-6.105763,106.94029
Taman Jogging Kelapa Gading 1,-6.161115,106.90612
Taman Jogging Kelapa Gading 2,-6.161241,106.90506
Taman Jogging Kelapa Gading 3,-6.161135,106.90477
Taman Juang 1,-6.179515,106.80546
Taman Juang 2,-6.179604,106.80554
Taman Kayu Jati V,-6.19034,106.88672
Taman Kebersihan Pegadungan,-6.140697,106.71714
Taman Kompleks IIAPCO,-6.271539,106.82286
Taman Kota Intan,-6.131785,106.81236
Taman Kota Plumpang,-6.127924,106.89399
Taman Lenteng Agung,-6.322961,106.83569
Taman Lestari Indah,-6.296499,106.77774
Taman Mahoni,-6.340472,106.87479
Taman Malaka Barat 1D,-6.231106,106.92698
Taman Malaka Selatan 1 Gg E,-6.230689,106.93163
Taman Malaka Selatan 1B,-6.23076,106.93343
Taman Malaka Selatan 2,-6.232454,106.93131
Taman Mandiri Kelapa Gading,-6.142848,106.91007
Taman Maramba,-6.17623,106.90716
Taman Margahayu 1,-6.248137,107.02075
Taman Margahayu 2,-6.24846,107.02153
Taman Martha Tiahahu,-6.242892,106.79838
Taman Mataram,-6.232899,106.80053
Taman Melawai,-6.246321,106.79999
Taman Menteng,-6.195931,106.82884
Taman Menteng 1,-6.19559,106.82999
Taman Meruya Ilir,-6.198772,106.73948
Taman Modern 1,-6.185359,106.94843
Taman Modern 2,-6.185154,106.94806
Taman Panglima Polim,-6.251369,106.79751
Taman Patimura,-6.232872,106.80081
Taman Persahabatan,-6.206699,106.88653
Taman PIK Penggilingan,-6.2042,106.93176
Taman Puring,-6.240966,106.78873
Taman Puring 2,-6.242596,106.78793
Taman Rasuna Tower 10,-6.218581,106.83599
Taman Rasuna Tower 17,-6.217105,106.83598
Taman Rekreasi Wiladatika,-6.369751,106.89248
Taman Resort Mediterania,-6.117276,106.77326
Taman Ria,-6.213308,106.80236
Taman Segitiga Cibubur,-6.36869,106.88971
Taman Semanan Indah,-6.163993,106.72545
Taman Simpang Jatinegara,-6.217541,106.87352
Taman Spatodhea,-6.322818,106.82439
Taman Sunter,-6.150072,106.85779
Taman Suropati,-6.200037,106.83234
Taman Suryo,-6.233753,106.81265
Taman Tulang Bawang,-6.176606,106.80842
Taman Ut Aheme,-6.227704,106.92256
Taman Wahidin,-6.166873,106.83918
Tamini Square 1,-6.291762,106.88073
Tanah Abang 2,-6.181926,106.81409
Tanah Abang AURI,-6.186064,106.81536
Tanah Abang Blok B,-6.188459,106.81447
Tanah Abang Blok G,-6.18865,106.81293
Tanah Baru Cipedak,-6.363462,106.80684
Tanah Koja,-6.209364,106.90161
Taman Panglima Polim XVI,-6.252189,106.799121
Tanah Pasir Gedong Panjang,-6.129596,106.805057
Taman Elok 2,-6.195475,106.935359
Tangerang City 2,-6.19454,106.63475
Tangerang City Mall 1,-6.194185,106.63605
Tj. Duren Utara,-6.171543,106.78721
Tj. Mas Raya,-6.308428,106.8391
Taufik Hidayat Arena,-6.340259,106.87678
Taman Rosita,-6.237444,106.84456
Taman Kemang Raya,-6.255214,106.81045
TDP,-6.245518,106.90957
Tamini Square 2,-6.291651,106.880938
Taman Pangkalan Jati Kalimalang,-6.245986,106.905275
Tegal Parang 1,-6.239791,106.83149
Tegal Parang 2,-6.238571,106.83054
Tegalan 1,-6.202401,106.85652
Tegalan 2,-6.202921,106.85729
Tegalan 3,-6.204747,106.858
Telkom Grapari,-6.18222,106.83297
Telkom Tj. Priok,-6.11025,106.8842
Telkom Tebet,-6.224064,106.8516
Telkomsel Cempaka Putih,-6.173603,106.86006
Telkomsel Jln. Nangka,-6.304254,106.84593
Teraskota,-6.295262,106.66658
Term. Bayangan Kota Intan,-6.130949,106.81172
Term. BSD,-6.306375,106.68536
Term. Depok,-6.39164,106.82466
Term. Depok Baru,-6.391068,106.82251
Term. Grogol,-6.166565,106.79025
Term. Grogol 2,-6.16618,106.79329
Term. Kampung Melayu,-6.224804,106.86697
Term. Kampung Melayu 2,-6.224516,106.86685
Term. Klender,-6.221557,106.93248
Term. Muara Angke 1,-6.109045,106.77353
Term. Muara Angke 2,-6.109001,106.77349
Term. Pasar Minggu,-6.283048,106.84371
Term. Pasar Minggu 2,-6.282492,106.84455
Term. Pinang Ranti,-6.291029,106.88599
Term. Poris Plawad,-6.172859,106.66501
Term. Ragunan,-6.305594,106.8202
Term. Rawa Buaya,-6.15943,106.72564
Term. Rawamangun,-6.198002,106.89099
Term. Rawamangun 1,-6.198204,106.8902
Term. Tanah Merdeka,-6.106652,106.92171
Term. Tj. Priok 1,-6.1098,106.88118
Term. Tj. Priok 2,-6.109718,106.8834
Teuku Cik Ditiro,-6.200319,106.83741
Teuku Nyak Arief,-6.2312,106.7892
THB Cluster Nirwana,-6.182299,106.99536
The Food Hall Kb. Jeruk,-6.190971,106.75768
The Jakarta Post,-6.207798,106.79365
The Mansion Bougenvile,-6.14795,106.85518
The Wave,-6.214587,106.83642
Theresia,-6.191324,106.82931
Timah Jln. Margasatwa,-6.313202,106.80228
Tip Top Rawamangun,-6.201153,106.88606
Tirta Mas,-6.185798,106.8913
Tirtayasa 1,-6.239279,106.80756
TIS Square,-6.243169,106.84798
Titanium Square,-6.340766,106.86931
TK Aisyiyah 4 Tebet Timur,-6.231258,106.85268
TK Al Husna Petukangan Utara,-6.231921,106.74521
TK Angkasa 8,-6.285191,106.90125
TK Dinamika,-6.295133,106.90388
TK Dwi Matra Cilandak,-6.283064,106.79947
TK Hangtuah 2,-6.10975,106.926
TK Harapan Setu,-6.306639,106.91926
TK Kreatif Komimo,-6.14303,106.87254
TK Nurul Ihsan Raya Pulo Gebang,-6.214198,106.95546
TK Rahmania Ragunan,-6.316021,106.81651
TK Tarakanita 5,-6.202111,106.88295
TK Tunas Harapan,-6.23205,106.75149
TK Yasporbi Kemanggisan,-6.186766,106.78815
TMII Pintu 3,-6.30539,106.890202
Tol Bekasi Timur 2,-6.261696,107.01832
Tol Kb. Jeruk 2,-6.189835,106.76681
Tongtek,-6.21662,106.8628
Tosari 2,-6.198915,106.82295
Tosari 3,-6.200069,106.82335
Total Buah Rawamangun,-6.196598,106.88975
TPA As Sholihin,-6.179921,106.90687
TMP Kalibata,-6.25547,106.84402
Term. Senen,-6.17356,106.84213
Tebet Balai Sudirman,-6.226949,106.84757
Tebet Barat Dalam,-6.239317,106.84535
TPI,-6.292336,106.88879
TPU Basmol,-6.160331,106.75275
TPU Budi Darma,-6.119774,106.9292
Term. Kampung Rambutan,-6.309153,106.882038
TPU Grogol Selatan,-6.231611,106.78025
TPU Karet Bivak,-6.201241,106.814
TPU Kb. Nanas 1,-6.23219,106.88051
TPU Kb. Nanas 2,-6.232106,106.88017
TPU Kb. Pala 2,-6.265549,106.88013
TPU Malaka,-6.229347,106.93522
TPU Petamburan,-6.197624,106.80418
TPU Pondok Kelapa,-6.237272,106.94293
TPU Rawa Kuning,-6.201735,106.96052
TPU Tegal Alur,-6.105927,106.70342
Trans Utama Cibubur,-6.344818,106.87132
Transjakarta Pintu 1,-6.252682,106.87358
Transjakarta Pintu 2,-6.25497,106.87651
Transjakarta Pool Klender,-6.205191,106.90301
Transjakarta Pool Rawa Buaya,-6.159048,106.72692
Transvision,-6.240036,106.82842
TTI Center,-6.2862,106.8339
TU Gas 2,-6.192206,106.90495
Tugu Batas Marunda Rorotan,-6.130868,106.95545
Tugu Batas Rorotan Marunda,-6.13095,106.95541
Tugu Inti Persada Nusantara 1,-6.095925,106.71816
Tugu Inti Persada Nusantara 2,-6.095764,106.71828
Tugu Proklamasi,-6.202606,106.847711
Tugu Proklamasi 2,-6.203214,106.845575
Tugu Tani 1,-6.181662,106.83288
Tugu Tani 2,-6.183129,106.83496
TVRI,-6.213698,106.80086
UIA Kampus 2,-6.261443,106.91072
UKRIDA,-6.172372,106.7887
UMJ 1,-6.296065,106.76544
UMJ 2,-6.295705,106.76554
UNAS,-6.280337,106.83891
Univ. Borobudur 1,-6.24157,106.89641
Univ. Borobudur 2,-6.241463,106.89608
Univ. Borobudur 3,-6.243609,106.89906
Univ. Borobudur 4,-6.243707,106.89891
Univ. Darma Persada 2,-6.230546,106.92473
Univ. Indonesia,-6.353357,106.83186
Univ. Islam As Syafiiah,-6.26237,106.91073
Univ. Mercu Buana,-6.210786,106.73783
Univ. Moestopo Bintaro,-6.258469,106.76529
Univ. Sahid 2,-6.235598,106.84415
Univ. Satya Negara,-6.241863,106.78286
Univ. Satyagama,-6.143228,106.7295
Univ. Tarumanegara,-6.169759,106.78866
Univ. Tarumanegara 2,-6.169747,106.7877
Univ. Tarumanegara Cilandak KKO,-6.293511,106.81635
Univ. Trisakti,-6.168658,106.7885
Univ. Trisakti 2,-6.166868,106.79098
UNKRIS,-6.263734,106.91095
UP Angkutan Sekolah,-6.287636,106.87258
Utan Panjang,-6.169541,106.85209
Velodrome 2,-6.193324,106.88802
Victoria Park 1,-6.201633,106.62053
Victoria Park 2,-6.197681,106.62187
Vidyasana Bahasa,-6.25487,106.89129
Viekontama Perkasa Cibubur,-6.344548,106.87076
Villa Bukit Gading,-6.157028,106.89966
Villa Cibubur Indah,-6.360621,106.8886
Villa Delima,-6.308803,106.78105
Villa Kelapa Dua,-6.216829,106.76684
Waduk Pluit,-6.11331,106.79483
Waduk Rawabadak,-6.127037,106.89523
Waduk Setiabudi Jln. Gembira,-6.205469,106.82993
Wahidin 2,-6.169193,106.83975
Veteran,-6.259892,106.76777
TPU Bungur,-6.247208,106.77889
Transvision Jln. Tebet Raya,-6.2295,106.84731
Univ. Sahid 1,-6.235851,106.84435
UBM,-6.131138,106.818276
TU Gas 1,-6.192509,106.904801
Kantor Walikota Jakbar 2,-6.184852,106.73705
Kantor Walikota Jaksel,-6.249147,106.80791
Kantor Walikota Jakut 1,-6.11906,106.89304
Warga,-6.273295,106.84656
Wisma Mandiri 2,-6.18333,106.82382
Warung Mangga 1,-6.225899,106.63778
Warung Mangga 2,-6.225732,106.63785
Waterboom Jakarta 1,-6.112974,106.74925
Waterboom Jakarta 2,-6.113197,106.74901
Wijaya Kusuma,-6.333008,106.83567
Wira Purusa,-6.232229,106.92264
Wisma 77,-6.189545,106.79915
Wisma Asia II,-6.189386,106.79791
Wisma Atlet Radin Inten,-6.223513,106.92322
Wisma BCA,-6.295293,106.66633
Gg. H. Bontong,-6.328009,106.824253
H. Agus Salim 1,-6.186454,106.82504
Wisma Laena Tebet,-6.223586,106.85008
Wisma Mandiri,-6.18372,106.82322
Wisma Nusantara,-6.193425,106.82319
Wisma Pembina Petukangan Utara,-6.225773,106.74743
Wisma Pemda Riau,-6.189306,106.80001
Wisma Rimadi Kemanggisan,-6.188233,106.79513
Wisma SMR,-6.150176,106.88771
Wisma Subud,-6.28496,106.79596
Wolter Monginsidi,-6.238799,106.81376
WTC Mangga Dua,-6.134694,106.8314
WTC Matahari 1,-6.266812,106.65449
WTC Matahari 2,-6.266719,106.65469
Yado I,-6.253745,106.79098
Yado III,-6.255284,106.79037
Yamaha Music School Kemang,-6.262746,106.82369
Yaspen Islam Al Mamur Ciganjur,-6.345678,106.80344
Yayasan Adi Luhur Gedong,-6.293022,106.85571
Yayasan Al Azhar Syuhada,-6.326569,106.82067
Yayasan Al Fakhriyyah,-6.21378,106.77525
Yayasan Al Kholidin,-6.246823,106.80566
Yayasan Al Muhajirin Pondok Kopi,-6.2214,106.94172
Yayasan Alkahfi Jakbar,-6.198896,106.76889
Yayasan Asih Budi,-6.229867,106.92007
Yayasan At Taufiq Gg. R,-6.109205,106.93104
Yayasan Hidayatut Tholibin,-6.289066,106.8021
Yayasan Islam Suci Susukan,-6.310909,106.87305
Yayasan Mambaul Ula,-6.25935,106.8643
Yayasan Masjid Nurul Huda,-6.178921,106.79864
Yayasan Muhammadiyah 1,-6.197045,106.81442
Yayasan Muhammadiyah 2,-6.196871,106.81431
Yayasan Nurul Ihsan Pulo Gebang,-6.215076,106.95527
Yayasan Panti Nugraha,-6.304477,106.80438
Yayasan Perguruan Rakyat 2,-6.228468,106.89862
Yayasan Santo Yakobus,-6.153306,106.91601
Yodya Tower,-6.243066,106.87651
Yon Arhanud - 10 Pesanggrahan,-6.258076,106.75626
YPI Asyaadah,-6.191129,106.94382
YTKI,-6.235142,106.82424
Kolam Renang Halim,-6.258146,106.88412
PKP,-6.340253,106.88548
Gg. Pancong,-6.146605,106.92363
BNI Sukapura,-6.142639,106.92193
Jln. Permata Meruya,-6.192114,106.73714
Ps. Jabon Meruya,-6.200732,106.72901
Kantor PJU,-6.196096,106.72987
Sbr. SDN Ragunan 14,-6.298247,106.82639
Jln. Andara Raya,-6.327861,106.80061
Jln. Bintara IV,-6.219675,106.95236
SMPN 1,-6.192985,106.83895
Perguruan Cikini,-6.1948,106.83964
Depo Kontainer Tj. Priok 1,-6.1117,106.877
Depo Kontainer Tj. Priok 2,-6.11153,106.87694
Pos 1 Pelabuhan Tj. Priok,-6.11324,106.8743
Sbr. Pos 1 Pelabuhan Tj. Priok,-6.11341,106.87442
Jln. Samudera 1,-6.11658,106.87053
Sbr. Jln. Samudera 1,-6.11637,106.87055
PLTU Ancol,-6.12188,106.86263
Yayasan Perguruan Rakyat 1,-6.228602,106.8987
Stadion BMW,-6.12436,106.85721
Jln. RS Paru-Paru,-6.12671,106.85168
Muara Bahari,-6.12707,106.84974
Jembatan Muara Bahari,-6.1274,106.84813
St. Ancol,-6.12792,106.84511
YPI Al Huda Kb. Jeruk,-6.202234,106.769216
Budi Mulia 2,-6.13074,106.84195
Budi Mulia 1,-6.13078,106.842
SMA 40,-6.13136,106.84143
Sbr. SMA 40,-6.1313,106.84154
Kel. Pademangan,-6.13253,106.84023
Sbr. Kel. Pademangan,-6.13246,106.84019
Pemadam Mampang Prapatan,-6.239988,106.82684
Sbr. SDN Pademangan Barat 07,-6.13404,106.83799
Jln. B,-6.13446,106.83491
Sbr. Jln. B,-6.13442,106.83492
Jln. Ancol Barat 1,-6.1294,106.82006
Sbr. Jln. Ancol Barat 1,-6.12935,106.81994
Musala Al Ishlah,-6.12776,106.81757
Sbr. Musala Al Ishlah,-6.12769,106.81764
Jln. Ancol III,-6.12661,106.81605
Sbr. Jln. Ancol III,-6.12658,106.81616
Gudang Minimarket 1,-6.12606,106.81423
Rusun Karang Anyar,-6.153256,106.82748
Masjid Bahari 1,-6.12411,106.8132
Masjid Bahari 2,-6.12396,106.81329
Kel. Ancol,-6.12447,106.81738
Jln. Ancol Barat 6,-6.12481,106.81983
Puskesmas Ancol,-6.12458,106.81744
Pademangan 1,-6.1337,106.83177
Polsek Pademangan,-6.12944,106.84317
Teater Mobil 1,-6.12975,106.83565
Teater Mobil 2,-6.12959,106.83563
Pintu Keluar Ancol,-6.12647,106.84732
St. Ancol Pintu 2,-6.12825,106.84368
St. Ancol Pintu 3,-6.12877,106.84083
Jln. Budi Mulia Utara,-6.1292,106.83856
Ancol Pintu 2,-6.12719,106.84461
Jln. Cikini 7,-6.188444,106.83714
St. Cikini Timur,-6.197689,106.8409
Salemba UI 1,-6.193943,106.84899
RS M Ridwan,-6.191533,106.84774
Jln. Raden Saleh 1,-6.189766,106.84533
Puskesmas Kenari,-6.190775,106.84347
RS Cikini,-6.192227,106.84167
Garasi Parna Raya,-6.14638,106.92353
ASSA,-6.149222,106.92471
Gg. Sabar,-6.144707,106.92247
Masjid Cut Nyak Dien,-6.1874,106.8317
Museum Kebangkitan,-6.178915,106.83877
STIP 2,-6.104694,106.95903
Pantai Maju,-6.093637,106.75068
The Violin,-6.093301,106.74942
Melody Golf 2,-6.091992,106.74599
Seberang Food Street,-6.093258,106.74379
The Piano,-6.094772,106.74292
Galeri Niaga Mediterania 2,-6.116486,106.77142
Bandengan Selatan 2,-6.137076,106.79632
Gold Coast,-6.102693,106.74065
Food Street,-6.092201,106.74388
Melody Golf,-6.091746,106.7461
Selatan St. Gondangdia,-6.187059,106.8329
RS Aulia,-6.334599,106.82753
Puskesmas Setiabudi,-6.206893,106.83367
Simpang Kawi Raya 2,-6.209438,106.83325
Kuningan Madya Dalam,-6.210548,106.8324
Kuningan Utama,-6.21335,106.83547
Jln. Dadap,-6.129073,106.85503
Puskesmas Sunter Agung I,-6.132513,106.85557
Polres Metro Jakpus,-6.159496,106.8514
Sunter Muara 1,-6.144331,106.85745
SPBU Limo Cinere 1,-6.343161,106.77878
Institut Kesehatan Indonesia,-6.154063,106.89392
SDN Sunter Agung 09,-6.127638,106.85898
Sbr. SDN Sunter Agung 09,-6.127635,106.85913
RS Dr. Sulianti Saroso,-6.130291,106.86142
Sbr. RS Dr. Sulianti Saroso,-6.130496,106.86145
Jln. Sunter Permai 1,-6.131277,106.8625
Jln. Sunter Permai 2,-6.131551,106.86248
Sbr. BNN Jakarta Utara,-6.132604,106.86425
BNN Jakarta Utara,-6.132871,106.86411
Tebet Eco Park Selatan,-6.241601,106.85237
Tebet Eco Park Selatan 1,-6.239199,106.85181
Tebet Eco Park Selatan 2,-6.240297,106.85297
Tebet Eco Park Selatan 3,-6.241699,106.85365
Jln. Sukatani Raya,-6.120244,106.7155
Jln. Menceng Raya,-6.123454,106.71804
Jln. Menceng Raya 1,-6.12641,106.72055
Sbr. SDN Tegal Alur 02 & 04 Pagi,-6.118204,106.71397
Jln. Malioboro,-6.125705,106.72006
Jln. Menceng Raya 2,-6.126485,106.72068
Jln. Prima,-6.123869,106.71834
Jln. Menvo,-6.125565,106.71984
Sbr. Masjid Raya Baiturrohman,-6.122268,106.71707
Masjid Raya Baiturrohman,-6.122444,106.71712
SDN Tegal Alur 02 & 04 Pagi,-6.118231,106.71392
Jln. Radjiman 2,-6.190406,106.92334
Pasar Pulo Jaya,-6.195007,106.92255
Pangarengan,-6.200434,106.92249
Sbr. Gg. H. Sayuti I,-6.212774,106.92351
Pulo Jaya,-6.194979,106.92242
Pertamina Term. Priok,-6.107837,106.90132
Tanah Merdeka 2,-6.108023,106.92116
Jln. Dewa Ruci,-6.108278,106.92123
Pure Dalam,-6.108391,106.92016
Jln. B Lagoa Terusan 2,-6.108628,106.91505
Jln. Cilincing Raya 1,-6.108981,106.90852
Jln. Lingkar Islamic Centre,-6.124086,106.91736
Pool Pangkalan Jati,-6.248386,106.91713
Jln. Masjid Darul Falah,-6.227149,106.75283
Sbr. SMK Nurul Huda,-6.176843,106.93604
Sbr. RS Aulia,-6.334599,106.82757
Gg. H Sayuti I,-6.212751,106.92367
Sbr. Jln. Anggrek Raya,-6.205181,106.92273
Rajiman 2,-6.200191,106.92225
Jln. Radjiman 1,-6.190263,106.92314
Jln. Balai Kimia,-6.343677,106.85802
Jln. Dahlia 10,-6.176465,106.94342
Jln. Inspeksi Kayu Tinggi,-6.180735,106.94333
Jln. Inspeksi Pam,-6.180363,106.9427
Jln. Raya Cakung Cilincing Barat 1,-6.176553,106.94263
Jln. Raya Cakung Cilincing Barat 2,-6.171729,106.94239
Pertamina Marine III,-6.108387,106.90567
Bogasari,-6.108568,106.90968
Jln. Sindang Laut,-6.108114,106.91444
Jln. Kalibaru Barat IV,-6.108031,106.91856
Sbr. Jln. Jaya Wijaya,-6.107488,106.92408
Jln. Jaya Wijaya,-6.107566,106.92412
Jln. Kramat Jaya,-6.10836,106.9171
Jln. A Lagoa,-6.10907,106.90983
Sbr. Gg. Kumis,-6.201387,106.95581
Gg. Damai,-6.196948,106.9559
Gg. Jaimah,-6.196894,106.95593
Gg. Kumis,-6.201403,106.95585
Jln. Permata Kalideres,-6.120315,106.71548
Sbr. Jln. Gunung Sahari IX,-6.152852,106.83563
Sbr. Jln. Tebet Timur Dalam IV L,-6.232161,106.85844
Jln. Tebet Timur Dalam XI,-6.235253,106.8585
Sbr. Jln. Tebet Timur Dalam 7J,-6.238823,106.85856
Rusun Harum Tebet,-6.235196,106.85195
Jln. Tebet Barat Raya,-6.233919,106.85064
Jln. Tebet Barat Raya 1,-6.230502,106.85157
Simpang Tebet Raya Timur 1,-6.229718,106.85286
Simpang Tebet Utara Dalam Raya 1,-6.228738,106.85462
Tebet Eco Park Utara,-6.237129,106.85238
Jln. Puri Tjapang Indah,-6.335267,106.84901
Jln. Caraka Buana II,-6.333842,106.84581
Jln. Saraceen,-6.330468,106.84553
Jln. Kobangdiklat II,-6.326922,106.84468
Tribuana,-6.323315,106.84662
Jln. H. Hasan,-6.32223,106.84819
Kantor Kelurahan Baru,-6.323671,106.8512
Gg. Permata Indah III,-6.324311,106.8551
Gg. Palem II,-6.324522,106.85631
Pejaten 1,-6.278228,106.82969
Pejaten 2,-6.278368,106.82994
Jati Padang 1,-6.285553,106.8261
Jati Padang 2,-6.285637,106.82632
Gg. Elektro,-6.114359,106.80286
Gg. Marlina,-6.117402,106.80334
Gg. VIII Muara Baru,-6.122869,106.80402
Jln. Kayu Besar Dalam,-6.122739,106.73129
Jln. Kedoya Raya,-6.158333,106.76795
Jln. Pesing Poglar,-6.157602,106.76748
Jln. R. Anggun,-6.16126,106.76966
Sbr. Gg. Elektro,-6.114391,106.80278
Sbr. Gg. Marlina,-6.117521,106.80326
Jln.Tebet Barat V,-6.233979,106.847438
Sbr. Gg. VIII Muara Baru,-6.122885,106.80408
Sbr. Jln. R. Anggun,-6.161055,106.76992
Jln. Jakarta Garden Boulevard,-6.170763,106.94975
Jln. Michigan,-6.171216,106.95183
Jln. Lake Garden Boulevard,-6.171771,106.95653
Jln. Cidodol Raya,-6.229749,106.77195
Sbr. MI Nurul Hakim,-6.226067,106.75777
SDN 06 Petukangan Utara,-6.224762,106.75837
Sbr. SDN 06 Petukangan Utara,-6.225193,106.75818
MI Nurul Hakim,-6.226216,106.75784
Sbr. Jln. Palem V,-6.22609,106.75473
Puskesmas Petukangan Utara,-6.226706,106.75292
Jln. Kawi Guntur,-6.20973,106.8333
Jln. Kejaksaan Pondok Bambu,-6.23807,106.89957
Blok M Jalur 3,-6.243426,106.80188
Blok M Jalur 4,-6.243474,106.80188
Masjid Adz Zikra Karang Anyar,-6.158253,106.82759
St. Sawah Besar 1,-6.159888,106.82767
Tegal Parang Arah Barat,-6.238863,106.83022
Blok M Jalur 2,-6.243369,106.80188
Ancol,-6.127563,106.83039
Gambir,-6.174612,106.8304
Karet Kuningan 2,-6.217312,106.83068
Timur St. Manggarai,-6.209763,106.8511
RS Pusat Pertamina 2,-6.241189,106.79301
Jln. Palatehan,-6.240057,106.800758
FX Sudirman,-6.225532,106.8037
Benhil 3,-6.21601,106.81632
Jembatan Serong,-6.182204,106.81814
Tosari 1,-6.199166,106.82334
Kementerian PUPR,-6.236169,106.80156
GBK Pintu 7,-6.222095,106.80861
IRTI,-6.1803,106.82618
Wahidin 1,-6.169862,106.83936
Atrium 1,-6.177759,106.8412
Perpustakaan Nasional,-6.180673,106.82643
Summitmas,-6.225826,106.80402
Sbr. Bercabuana Sakti,-6.269784,106.76547
Simpang Kramat II,-6.235583,106.78529
Mayestik 2,-6.241772,106.79096
Sbr. Jln. Depsos Raya,-6.263684,106.76637
Exit Tol Veteran Bintaro,-6.262649,106.76654
RS Dr Suyoto,-6.267779,106.76599
Graha Nusantara,-6.276867,106.76244
Simpang Deplu Veteran Raya,-6.271822,106.76451
Masjid Ar Rayyan Kementerian BUMN,-6.183117,106.82536
Sbr. MNC Center,-6.182744,106.83084
Panti Perwira,-6.181245,106.8374
Jln. Kesadaran Pool Bus 2,-6.182447,106.91465
Jln. Tanjakan AURI,-6.187017,106.95789
Jln. Satria,-6.190189,106.96755
Sbr. Ps. Ujung Menteng,-6.189773,106.96653
Rusun Cakung Barat Albo,-6.16751,106.93243
SMKN 42,-6.144079,106.72937
Polsek Cengkareng 1,-6.146466,106.72881
Puri Agung,-6.150977,106.72798
Jln. KH Hasim,-6.185382,106.73139
Jln. Puri Harum 1,-6.187331,106.73816
Kantor Walikota Jakbar 1,-6.187147,106.73816
Taman Palem Lestari,-6.139986,106.72956
Jln. Gunung Galunggung 1,-6.142286,106.73712
Mall Taman Palem 1,-6.139762,106.73287
Soepomo,-6.224741,106.84751
Sbr. Transvision Tebet,-6.229498,106.8471
Ps. Pedok,-6.234107,106.84435
Jln. Bina Harapan,-6.254258,106.84271
Carrefour Pejaten Barat,-6.267834,106.84529
YBK,-6.270872,106.8466
SPBU Jln. Guru,-6.318164,106.83745
SMAN 38,-6.336201,106.83579
Kota Kasablanka,-6.224688,106.84246
Simpang Tebet Raya Timur,-6.22987,106.85278
Sbr. Taman Kompleks IIAPCO,-6.271465,106.82253
Jln. Swakarsa IV Pondok Kelapa,-6.243335,106.94262
Sekolah Penabur Gunung Sahari,-6.170336,106.840296
Jln. Panjang Cidodol Raya,-6.230035,106.771836
RSCM 2,-6.197078,106.84803
Jak Lingko Tanah Abang 3,-6.183415,106.81179
Istiqlal,-6.172252,106.83093
ASEAN,-6.239889,106.79897
Gambir 2,-6.178929,106.83106
Tegal Parang Arah Timur,-6.239005,106.83106
Perintis Kemerdekaan,-6.171797,106.8888
Pisangan,-6.205526,106.87378
Balai Kota,-6.180488,106.82646
Kota,-6.13679,106.8149
Bermis,-6.178203,106.89859
Bidara Cina,-6.229724,106.86721
BNN,-6.24651,106.87318
Buaran,-6.215132,106.91768
Buncit Indah,-6.274333,106.83029
Bundaran Senayan,-6.227869,106.80094
Cakung Cilincing,-6.184223,106.94231
CBD Ciledug,-6.223629,106.70904
Cempaka Putih,-6.174207,106.87642
Cipinang,-6.213664,106.88986
Cipulir,-6.237818,106.76541
CSW 1,-6.23994,106.79843
CSW 2,-6.239861,106.79783
Rasuna Said,-6.221618,106.832245
Duren Tiga,-6.252377,106.82697
Galur,-6.174388,106.85485
Gedong Panjang,-6.132617,106.80596
Gelanggang Remaja,-6.235445,106.86795
Glodok,-6.1445,106.81545
Halimun,-6.205137,106.83338
Jati Padang,-6.285431,106.82626
Halimun 2,-6.20509,106.83357
Jembatan Baru,-6.154831,106.73038
Jembatan Besi,-6.152005,106.7949
Jembatan Dua,-6.143279,106.79352
Jln. Raya Casablanca,-6.225525,106.833807
Masjid Cut Meutia 2,-6.187451,106.83381
Kalideres,-6.154412,106.7055
Kampung Melayu,-6.224673,106.86682
Kampung Rambutan,-6.309885,106.88216
Kampung Sumur,-6.214412,106.91189
Cawang Cililitan,-6.257751,106.87
Lapangan Banteng,-6.166063,106.83906
Bundaran HI Astra,-6.193021,106.823
Harmoni Lama,-6.165928,106.82044
Cawang Sentral,-6.250309,106.8736
Jembatan Merah,-6.146731,106.83427
Pejambon,-6.173503,106.83472
Cempaka Mas,-6.166584,106.87591
Simpang Cempaka,-6.165888,106.8792
Cempaka Baru,-6.170398,106.86659
Pasar Baru,-6.166129,106.83483
Gunung Sahari,-6.136817,106.83237
Pulo Nangka,-6.154634,106.7381
Damai,-6.163376,106.77514
Grogol,-6.166824,106.78971
Dukuh Atas 2 (Archived),-6.2033,106.82378
Jatinegara,-6.221412,106.86807
Warung Buncit,-6.256977,106.82808
RSPAD,-6.175485,106.83674
Cawang Baru,-6.243607,106.86876
Makasar,-6.290154,106.88116
Ciliwung Arah Timur,-6.243012,106.86354
Denpasar Arah Barat,-6.233551,106.82208
Denpasar Arah Timur,-6.232602,106.82162
Grogol Reformasi,-6.16717,106.78818
Mambo,-6.11015,106.89242
Kebon Nanas,-6.231659,106.87637
Simpang Cawang,-6.244771,106.87598
Simpang Buaran,-6.215982,106.92438
Klender,-6.213596,106.90306
Flyover Cipinang,-6.214632,106.88227
Pancoran Arah Barat,-6.241672,106.8372
Flyover Jatinegara (Archive),-6.215175,106.87356
Kayu Putih Rawasari,-6.187453,106.87542
Kebayoran Lama,-6.23834,106.77752
SDN Pademangan Barat 07,-6.13396,106.83798
Kejaksaan Agung,-6.2405,106.79844
Cakung,-6.18324,106.92998
Petukangan D'MASIV,-6.236466,106.74786
Senayan Bank Jakarta,-6.224217,106.8058
Kelapa Dua Sasak,-6.205551,106.76953
Senen Raya,-6.176251,106.84023
Kramat Sentiong,-6.18798,106.84595
Kwitang,-6.181051,106.83866
Layur,-6.193539,106.89909
Lebak Bulus,-6.289413,106.77415
Mampang Prapatan,-6.242699,106.82572
Mangga Dua,-6.136148,106.82597
Masjid Agung,-6.236483,106.79845
Mayestik,-6.241921,106.79077
Pademangan,-6.133704,106.83164
Pakin,-6.127982,106.80474
Pal Putih,-6.184631,106.84402
Mja Rawa Bambu,-6.292069,106.84179
Perdatam,-6.249502,106.84284
Pasar Baru Timur,-6.162272,106.83811
Pasar Cempaka Putih,-6.172325,106.86246
Pasar Enjo,-6.214881,106.87819
Pasar Genjing,-6.194446,106.86092
STIE YAI Senen,-6.183885,106.84333
Pasar Pulo Gadung,-6.187434,106.90591
Pasar Rumput,-6.207125,106.84112
Pecenongan,-6.16771,106.82819
Pedongkelan,-6.167962,106.88246
Pejaten,-6.278404,106.82972
Pemuda Pramuka,-6.192795,106.87498
Pemuda Rawamangun,-6.193488,106.89165
Pancoran Tugu,-6.2433,106.84388
Penjaringan,-6.126306,106.79203
Permata Hijau,-6.221427,106.78325
Pesakih,-6.154803,106.71527
Petojo,-6.169984,106.81698
Pinang Ranti,-6.291075,106.88634
Pluit,-6.115795,106.79037
Polda Metro Jaya,-6.221094,106.81028
Pondok Pinang,-6.28217,106.77204
Pos Pengumben,-6.212935,106.77226
Pulo Gebang,-6.213275,106.953327
Pulo Mas,-6.174736,106.89277
Pulo Mas Bypass,-6.176953,106.876
Sbr. H. Samali,-6.265816,106.8442
Puri Beta 2,-6.230532,106.72371
Ragunan,-6.305769,106.81949
Rawa Barat,-6.238947,106.81624
Karet Kuningan,-6.21667,106.830737
Kuningan Madya,-6.213414,106.830472
Mangga Besar Lama,-6.15217,106.81736
Karet,-6.212457,106.82003
Museum Sejarah Jakarta,-6.13393,106.81209
Pramuka Sari,-6.192238,106.86858
Underpass Kuningan,-6.234731,106.82902
Flyover Kuningan,-6.202761,106.82771
Pasar Induk,-6.294215,106.87203
Kramat Jati,-6.268822,106.86663
Underpass Lebak Bulus,-6.286761,106.77999
Pondok Indah,-6.267231,106.78365
Kebayoran,-6.238413,106.78323
Arteri,-6.218401,106.77761
Kedoya Panjang,-6.174495,106.76585
Kedoya,-6.164435,106.76301
Hutan Kota Kemayoran 2,-6.135487,106.84744
Pancoran Arah Timur,-6.241571,106.83808
Simpang Tebet Raya Barat 1,-6.229448,106.84879
Koja,-6.11413,106.89309
Halim,-6.23907,106.878
Jln. Narada 1,-6.178929,106.849719
Sbr. St. Manggarai,-6.209626,106.8504
Landasan Pacu,-6.152181,106.85424
Mangga Dua Raya,-6.137611,106.81792
Pluit Selatan,-6.125258,106.79971
Pulo Gadung,-6.183325,106.90885
Pulo Gadung (Archive),-6.183098,106.90872
Rawa Buaya,-6.153916,106.72619
Rawa Selatan,-6.173925,106.85809
Raya Bekasi Pulo Gebang,-6.187604,106.95987
Masjid Jami Al Muttaqin Balekambang,-6.284041,106.8506
Seskoal,-6.238064,106.77121
Simprug,-6.233935,106.78647
Masjid Jami Matraman,-6.201844,106.85085
Stasiun Klender,-6.213532,106.89866
Plaza St. Manggarai,-6.210225,106.85099
Sumur Bor,-6.153046,106.71929
Jaga Jakarta,-6.178287,106.84197
Rawa Terate,-6.182622,106.91561
Sunter Kelapa Gading,-6.1429,106.89076
Taman Kota,-6.157176,106.75789
Simpang Tebet Barat IX 2,-6.238345,106.85188
Simpang Tebet Barat IX 1,-6.238417,106.85198
Tebet Eco Park Arah Timur,-6.243056,106.85208
Tanjung Priok,-6.10959,106.88214
Tebet Eco Park Arah Barat,-6.243338,106.85212
Tegalan,-6.203101,106.85715
Tipar Cakung,-6.183387,106.92463
Tosari Lama,-6.198397,106.82313
Ujung Menteng,-6.189222,106.96483
Utan Kayu,-6.192728,106.86457
Utan Kayu Rawamangun,-6.197515,106.87404
Velodrome,-6.193468,106.8883
Walikota Jakarta Timur,-6.21254,106.94537
Tanah Tinggi,-6.171373,106.852189
Walikota Jakarta Utara Arah Utara,-6.118842,106.89314
Warung Jati,-6.262364,106.82977
Sawah Besar Lama,-6.16041,106.81922
Simpang Kramat Jaya Baru 1,-6.184392,106.85245
Sumur Batu,-6.168676,106.87027
Roxy,-6.166294,106.79675
Pemuda Merdeka,-6.19241,106.90489
Kayu Jati,-6.193267,106.88367
Rawamangun,-6.192931,106.88033
Salemba,-6.193373,106.84891
Paseban,-6.196781,106.85102
Kesatrian,-6.208533,106.85929
Trikora,-6.301956,106.86803
Tebet Eco Park Utara 1,-6.23716,106.85246
Tanjung Duren Arah Barat,-6.175587,106.79223
Tanjung Duren Arah Timur,-6.175799,106.79308
Tomang Raya,-6.176875,106.80037
Tarakan,-6.171146,106.81011
Sbr. RPTRA Pesona Manggarai,-6.213105,106.85284
Sbr. SMA Islam As Syafiiyah 01,-6.220785,106.85332
Petamburan,-6.20203,106.79989
Sbr. Jembatan Kecil Sunter Agung,-6.12848,106.85502
Ps. Johar Baru,-6.18433,106.85545
Jakarta International Stadium,-6.126689,106.85587
Kodamar,-6.162043,106.88169
Sunter Utara,-6.139776,106.8592
Tegal Mampang,-6.240213,106.83102
Pasar Santa,-6.239207,106.80777
Flyover Jatinegara,-6.215139,106.874152
Sbr. SDN 01 Manggarai,-6.21353,106.85597
Kel. Kalisari,-6.33716,106.85613
Kel. Serdang,-6.158869,106.85615
Swadarma ParagonCorp,-6.23755,106.76065
Senen TOYOTA Rangga,-6.178211,106.84251
Sbr. Kalibata Square,-6.255574,106.851671
Sbr. Kel. Kalisari,-6.33716,106.85623
Danau Agung,-6.146869,106.85805
St. Tebet 2,-6.225525,106.85813
Stasiun Tebet,-6.225503,106.85814
Sbr. Kel. Tebet Timur,-6.229283,106.85835
Slamet Riyadi 1,-6.208434,106.85904
Jln. Danau Agung 1,-6.148568,106.859212
Sbr. Graha Delta Tengah,-6.293006,106.8596
Jln. Matraman Raya 1,-6.209196,106.85975
Sbr. Mushola Al Hidayah Batu Ampar,-6.274609,106.86054
Sbr. Ps. Gembrong Baru,-6.179851,106.8608
St. Pondok Jati,-6.209196,106.86216
Gg. Mundu II Tengah,-6.293006,106.86333
Ciliwung Arah Barat,-6.243292,106.86359
Ps. Serdang 1,-6.156262,106.86474
Flyover Kampung Melayu,-6.22506,106.86483
Disperindagkop,-6.170503,106.88819
Mahatma Gading School,-6.166284,106.89036
Jln. Casablanca IX,-6.160373,106.89385
Perumahan Bukit Gading Mediterania,-6.156953,106.89532
Semanggi,-6.22111,106.81354
Bendungan Hilir,-6.217137,106.81528
Rusunawa Marunda Blok D3,-6.09627,106.9608
Sbr. Rusun Marunda,-6.09733,106.96235
SMK Nurul Huda,-6.17684,106.93592
Rusun Nagrak,-6.12462,106.94823
Jln. Lorong 104 Timur 1,-6.11405,106.895
Ps. Serdang 2,-6.156262,106.86483
Sbr. Sekretariat Kelurahan Lagoa,-6.11791,106.90356
Jln. Mengkudu Dalam,-6.11807,106.90654
Kantor Kecamatan Koja,-6.118253,106.910282
Sbr. Gg. I Jln. Cipeucang V,-6.114358,106.900941
Jln. Mahoni Koja,-6.11847,106.91334
Wisma Islamic Centre,-6.1235,106.91691
Sbr. Jln. Komplek Yuka,-6.12603,106.91702
Jln. Batu Tumbuh I,-6.13187,106.91804
SPBU Tugu Selatan,-6.13437,106.91585
Jln. Rawa Indah 1,-6.13756,106.91453
Jln. Gading Griya Lestari,-6.1412,106.91444
Jln. Rawa Indah 2,-6.14467,106.91482
Jln. Raya Kelapa Hybrida 1,-6.1485,106.91582
Flyover Pramuka,-6.19891,106.8545
Matraman,-6.19998,106.85443
Jln. Pegangsaan Dua 5,-6.16952,106.91776
Jln. Pegangsaan Dua 7,-6.17285,106.91792
Sbr. Jln. H. Oyar,-6.1767,106.9183
Jln. Pegangsaan Dua 9,-6.1804,106.91847
Simpang Jln. Pegangsaan Dua,-6.18223,106.9185
Jln. Pegangsaan Dua 10,-6.18042,106.91838
Jln. H. Oyar,-6.17692,106.91824
Jln. Pegangsaan Dua 8,-6.1729,106.91772
Jln. Pegangsaan Dua 6,-6.16943,106.91749
Jln. Rawa Indah 3,-6.14469,106.9147
Simpang Suci Raya Bogor,-6.318807,106.86517
Sbr. Jln. Rawa Indah,-6.13755,106.91444
Sbr. SPBU Tugu Selatan,-6.13436,106.91575
Jln. Kampung Batu Tumbuh,-6.13191,106.91791
Sbr. Jln. Cempaka Putih Tengah XVI,-6.176251,106.86547
Sbr. Jln. Mahoni Koja,-6.11853,106.91334
Sbr. Kantor Kecamatan Koja,-6.11832,106.91023
Sbr. Jln. Mengkudu Dalam,-6.11814,106.90659
Sekretariat Kelurahan Lagoa,-6.11801,106.9036
Flyover Raya Bogor,-6.3065,106.8657
Gg. I Jln. Cipeucang V,-6.11442,106.90155
Jln. Cikijang Timur 2,-6.11432,106.89839
Jln. Lorong 104 Timur 2,-6.11414,106.89504
Koperasi,-6.285978,106.83071
Kel. Jati Padang,-6.285899,106.83476
SMU Balai Rakyat,-6.285105,106.83694
Karang Pol,-6.286162,106.83146
Mampang Prapatan 2,-6.242094,106.82556
Jln. Rawamangun Selatan 1,-6.202007,106.8799
Jln. Bujana Tirta Raya 2,-6.205537,106.87659
Ahmad Yani Bea Cukai 1,-6.205555,106.87398
Simpang Ps. Enjo,-6.211062,106.87438
PGC,-6.2619,106.8657
Imigrasi 2,-6.256774,106.8282
Duren Tiga 2,-6.251908,106.82677
Kantor Lurah Gandul,-6.34007,106.79381
Gerbang Tol Brigif,-6.343523,106.79725
Bujana Tirta,-6.20385,106.878636
Jln. Kayu Manis X,-6.209244,106.86272
Sbr. Taman Gg. Kelor,-6.211317,106.85882
Jln. Deri Ayama 2,-6.272336,106.86687
Sbr. SMPN 137,-6.179851,106.86697
St. Manggarai,-6.210961,106.85129
Manggarai 1,-6.208717,106.84808
Sbr. RSIA Tambak,-6.206658,106.84894
Jln. Pisangan Baru Utara 2,-6.208644,106.86702
Sbr. Jln. Manggarai Utara 5,-6.211332,106.85441
Simpang Manggarai Utara,-6.212697,106.85724
Bank BRI Kayu Manis,-6.20651,106.86232
Gg. Oyot,-6.207791,106.86593
Jln. Pisangan Baru Utara 1,-6.208584,106.86702
Sbr. Kantor Kel. Pisangan Baru,-6.209053,106.87114
Jln. Arjuna III,-6.208673,106.87365
Ahmad Yani Bea Cukai 2,-6.205673,106.87359
Universitas Terbuka,-6.201686,106.87294
Jln. Bujana Tirta Raya 1,-6.205467,106.87659
Kampus Frans Seda,-6.204283,106.87857
Jln. Rawamangun Selatan 2,-6.201932,106.8799
GI Pulo Mas,-6.201197,106.88038
Kel. Rawamangun,-6.199099,106.8808
TPU Kemiri Rawamangun,-6.19676,106.88091
Jln. Rawamangun Muka Timur,-6.198014,106.88224
Jembatan Gantung,-6.155513,106.74946
Juanda,-6.168048,106.83089
Matraman Baru,-6.21288,106.86115
Manggarai,-6.20888,106.84739
MH Thamrin,-6.188149,106.82299
Tosari,-6.196892,106.82309
Velbak,-6.239433,106.78552
Gunung Agung,-6.181755,106.83717
SPBU Jln. DI Panjaitan,-6.233702,106.8766
Permata Hijau RS Medika 3,-6.218209,106.77756
Sbr. Jln. Mampang Prapatan VI,-6.247118,106.82606
Jln. Pangkal Jati 9,-6.252644,106.90605
Taman Sari,-6.1493,106.81669
Simpang Pramuka,-6.192192,106.87401
Jln. H. Saibun Susukan,-6.31643,106.86732
Bali Mester,-6.215744,106.86632
Jati Barat,-6.290967,106.82365
Cililitan,-6.262494,106.86635
Cikoko Arah Barat,-6.243359,106.85815
Cikoko Arah Timur,-6.243028,106.85814
Simpang Kuningan,-6.23725,106.82794
Stasiun Jatinegara,-6.215601,106.86805
Jln. Pangkalan Jati VI A,-6.25476,106.90641
Buncit Indah 2,-6.274071,106.83047
Sbr. Kel. Ps. Minggu,-6.285514,106.84058
Robinson,-6.285104,106.84358
Jln. Pertanian III,-6.287641,106.84267
Poltangan 1,-6.294464,106.84131
Mega Cinere,-6.33334,106.78282
Jln. Cinere Raya 2,-6.33358,106.78281
Jln. H. Zakaria,-6.326645,106.83391
Jln. Karet Pasar Baru Timur 5,-6.208563,106.82011
Jln. Sangkuriang,-6.185153,106.95836
Mushola Al Barkah,-6.184846,106.95902
Pintu Air Gempol 2,-6.182993,106.95959
Sbr. Rukem Jaya 1,-6.179099,106.9616
Jln. Sentosa Tambun Rengas,-6.176636,106.96234
Jln. Adem Ayem,-6.174171,106.96342
Penggilingan 1,-6.214459,106.93945
Penggilingan 2,-6.214423,106.93973
Walikota Jakarta Timur 1,-6.212327,106.94515
Walikota Jakarta Timur 2,-6.212722,106.94472
Pesakih 1,-6.154564,106.71537
Pesakih 2,-6.154977,106.71523
Polsek Penjaringan,-6.125179,106.80118
Kasi Dikdas 1,-6.222363,106.92318
Kasi Dikdas 2,-6.222079,106.92336
Widya Chandra Telkomsel Arah Barat,-6.227392,106.81763
Honda,-6.3466,106.7767
Pengadilan Negeri Jaktim 2,-6.212604,106.94082
Kodim 0505 1,-6.211958,106.94722
Kodim 0505 2,-6.212305,106.94717
Sbr. Golf Bandar Kemayoran,-6.1437,106.85384
Sbr. The Mansion Bougenvile,-6.147922,106.85525
Jln. Jembatan Merah,-6.145356,106.83323
Taman Pangeran Jayakarta,-6.144557,106.83199
Gedung Baja,-6.143784,106.83084
Ruko Pangeran Jayakarta,-6.14274,106.82927
Roda Mas Baja Intan,-6.141794,106.82785
Jln. Pecah Kulit Pangeran Jayakarta,-6.140153,106.82135
Sbr. Baywalk 2,-6.110582,106.77963
Sbr. Baywalk 1,-6.110098,106.77832
Sbr. PLTU Pluit,-6.112189,106.78596
Kota 1,-6.137079,106.81431
Jln. Mangga Dua I Selatan,-6.139517,106.81915
Jln. Gatep,-6.14025,106.82307
Gg. Souw Beng Kong,-6.140939,106.82675
Jln. Pangeran Jayakarta,-6.142671,106.82952
Sbr. Jln.Tebet Barat Raya,-6.233911,106.85073
Sbr. Rusun Harum Tebet,-6.235159,106.85202
Tebet Eco Park Selatan 4,-6.239215,106.8519
Tebet Eco Park Selatan 5,-6.241581,106.85242
Jln. Pluit Karang Utara 1,-6.11042,106.7755
RPTRA Jakpro Asri,-6.112221,106.78125
AEON Mall,-6.171923,106.95283
Sbr. Pulau Sangiyang Lingkar Timur 2,-6.193302,106.94369
JGC Utama,-6.171049,106.94337
Megasetia Agung Kimia,-6.156405,106.95565
SDN Cakung Barat 07,-6.191691,106.94308
Jln. Tebet Timur Dalam VIII J,-6.242064,106.85845
Waduk Papanggo,-6.127219,106.87284
Jln. Bisma Raya 2,-6.132686,106.86793
Jln. Danau Sunter Barat 1,-6.130709,106.85524
Ps. Bambu Kuning,-6.131875,106.85546
Sbr. Sunter Agung,-6.132599,106.85538
Sbr. Ps. Bambu Kuning,-6.131895,106.85525
Sbr. SMAN 41,-6.130773,106.85304
Hutan Kota Kemayoran 1,-6.131979,106.84675
Wisma Atlet Pademangan,-6.134442,106.84675
Sbr. Ps. Tumpah Pademangan,-6.141145,106.83754
Jln. Hidup Baru,-6.1398,106.8352
Ps. Pademangan Timur 2,-6.13508,106.84298
SDN Pademangan Timur 05 07,-6.133036,106.84412
SDN Pademangan Timur 03,-6.131736,106.8455
Jln. Pademangan Raya VII,-6.129427,106.84571
Jln. Bisma Raya 1,-6.132295,106.86841
Jln. Gg. Swadaya IV,-6.183073,106.923302
Sbr. IGI,-6.182757,106.918795
Al-Wathoniyah,-6.18371,106.923718
Jln. Swadaya IV,-6.186551,106.923454
Jln. Radjiman Widyodiningrat,-6.189533,106.923317
Jln. Yamaha Pintu II,-6.192741,106.922861
Masjid Al-Marzuqiyah,-6.20353,106.922932
Sbr. Jln. Rawabadung,-6.209004,106.922874
Masjid An Nur Khadijah,-6.236256,106.922619
Jln. Klp. Hijau,-6.249153,106.939132
Jln. Inspeksi Kalimalang Lampiri,-6.249943,106.938978
SPBU Raden Intan II,-6.241814,106.920742
Jln. Rawabadung,-6.208988,106.922724
Sbr. Al-Wathoniyah,-6.184075,106.923562
PTC Pulo Gadung 1,-6.182782,106.916384
Makam Wakaf,-6.182589,106.911403
Sbr. PTC Pulo Gadung,-6.182581,106.916037
SDN Rawa Terate,-6.188059,106.923138
Rusun Jatinegara Kaum,-6.211814,106.899422
Rusun Tambora,-6.147327,106.798676
Jln. Warung Jati Barat,-6.281767,106.827611
PLN GIS Kemang,-6.279113,106.828569
SMK Patria Wisata,-6.276938,106.824823
Pengadilan Negeri Jaktim 1,-6.212253,106.940401
JPO Benyamin Sueb,-6.131046135840449,106.84656635595532
Gg. Jenan,-6.286078,106.827709
Jln. Pejaten Barat XI,-6.276618,106.823186
SMK Mitra Pembangunan,-6.278973,106.815759
Puskesmas Cilandak Timur,-6.279169,106.815006
Jln. Puri Muara III,-6.278312,106.809503
Jln. Pangeran Antasari,-6.27516,106.808476
Asem,-6.271497,106.808574
Sbr. Prapanca Apartment,-6.263316,106.808158
TPU Koba,-6.260605,106.808031
Jln. Pangeran Antasari III,-6.257481,106.807869
St. MRT Blok A,-6.257009,106.796912
Jln. Barito II,-6.248884,106.795853
Sbr. Barito Park,-6.245185,106.793862
Jln. Pakubuwono VI,-6.239586,106.786544
Ps. Burung Barito,-6.242755,106.793087
Barito Park,-6.244906,106.793828
SMP Tarakanita 5,-6.246421,106.794721
Sbr. Jln. Barito II,-6.248808,106.795903
Sbr. Ps. Keramik Panglima Polim,-6.25237,106.797453
Jln. Prapanca Raya,-6.25612,106.803634
Sbr. Essence Dharmawangsa,-6.257303,106.805181
Jln. Cempaka III,-6.261689,106.808327
Pulo Mas 2,-6.175088,106.892871
Sbr. Jln. Abdul Majid Raya,-6.265937,106.808605
Puri Sakti,-6.273029,106.80887
Sbr. Jln. Pangeran Antasari,-6.275209,106.808665
Jln. Puri Muara I,-6.278207,106.809114
Sbr. Puskesmas Cilandak Timur,-6.2791,106.815021
Sbr. SMK Mitra Pembangunan,-6.27888,106.815687
Jln. Pejaten Barat I,-6.276432,106.82287
Sbr. SMK Patria Wisata,-6.276784,106.824822
Sbr. PLN GIS Kemang,-6.278819,106.828545
Ramayana Raya Ragunan,-6.285458,106.840823
Sbr. KPAI,-6.189345,106.833207
Badan Restorasi Gambut RI,-6.191286,106.833203
Bundaran Taman Gondangdia 1,-6.194297,106.833189
SDN Gondangdia 01,-6.194574,106.828791
Sbr. Jln. H. Nian,-6.245178,106.757087
Jln. H. Nian,-6.245506,106.757121
Sbr. Grand Pasar Minggu,-6.291203,106.842592
Kelok 9 Kalimalang,-6.246918,106.909598
Ciputra,-6.173485,106.728486
Jln. H. Mading Kembangan,-6.184607,106.735986
Puri Matahari,-6.18335,106.729925
Sbr. Masjid Al Murtamiyyah Marunda,-6.107181,106.961388
Sbr. Gg. Kancil Marunda,-6.106605,106.964807
Bluegreen Office,-6.176874,106.7287
Term. Kampung Melayu 4,-6.224715,106.86642
Gading Orchard,-6.14963,106.92147
SDN 04 Malaka Jaya,-6.221398,106.935402
Jln. Bunga Rampai Raya,-6.224609,106.934811
Jln. Malaka Raya 2,-6.226263,106.926865
SKKT Pondok Bambu,-6.223195,106.895498
Jln. Aneka Elok,-6.223167,106.89138
Jln. Cipinang Jaya Raya,-6.219144,106.886964
Masjid Al Iman Cipinang,-6.222614,106.887298
Jln. Aneka Elok 2,-6.223013,106.891085
Sbr. SKKT Pondok Bambu,-6.223134,106.895501
Jln. Duren Sawit Dermaga 2,-6.220991,106.911835
Jln. Delima Raya 2,-6.221581,106.926624
Jln. Malaka Raya 3,-6.225994,106.930991
Kemenkeu,-6.172447,106.837483
Jln. Narada 2,-6.178869,106.84974
Sbr. Gg. Mushola Baburrahman,-6.179744,106.851689
Jln. Pulo Gundul 1,-6.183279,106.851529
Sbr. Jln. Kramat Jaya Baru I,-6.184272,106.855191
Sbr. Ps. Johar 1,-6.185144,106.85605
Jln. Johar Baru 1,-6.185179,106.858524
Al Mukhlisin,-6.128569,106.792084
BSD City 1,-6.299429,106.666678
Jln. Malaka Raya,-6.22693,106.9298
Sbr. Jln. Delima Raya 2,-6.22132,106.92657
Bumi Malaka 2,-6.22049,106.92543
Jln. Duren Sawit Dermaga,-6.22114,106.91274
Sbr. Masjid Al Iman Cipinang,-6.22324,106.88734
Jln. Abdul Majid Raya,-6.265291,106.808348
Sbr. Gg. Jenan,-6.286172,106.827707
Gg. Ampera BMW Astra,-6.292546,106.790025
Hotel Maharadja,-6.240241,106.825109
Jln. Cengkeh,-6.130729,106.812052
Jln. H. Aom Kramat Pela,-6.248632,106.79038
Jln. Kb. Nanas 1,-6.215928,106.630553
Jln. Kb. Nanas 2,-6.216153,106.630491
Jln. Pluit Mas Selatan 1,-6.135231,106.792691
Jln. Pulo Nangka Barat II,-6.173922,106.89158
Jln. Tongkol,-6.127715,106.810285
Kantor Pos Pondok Pinang,-6.261808,106.77516
Kota Ayodhya,-6.200639,106.628274
Lodan Center P1,-6.130168,106.816511
Masjid Baitul Iman Sunter,-6.156872,106.868717
Masjid Jami Attaubah 1,-6.231522,106.872671
Pesing Polgar 1,-6.157848,106.7663
Plaza Festival,-6.220212,106.833047
Pluit Karang Karya Timur,-6.13055,106.792273
Ranch Market Pondok Indah,-6.263048,106.7847
Ruko Cordoba 3,-6.110884,106.741082
SDN 01 02 03,-6.219572,106.845492
SDN Batu Ampar 02 03,-6.279021,106.860825
SDN Cikokol,-6.200519,106.628075
SDN Pondok Pinang 01 03,-6.269871,106.775044
SDN Sumur Batu 03 04,-6.158431,106.867626
SDN Tj. Duren Utara 06 07,-6.184032,106.783329
Gg. Lele Sunter Kemayoran,-6.158253,106.86842
Sbr. Gg. H. Satra Cipete,-6.278013,106.805082
Sbr. Jln. H. Aom,-6.248716,106.790516
Sbr. Jln. Lodan Dalam VI,-6.127362,106.814459
Sbr. Masjid Alhikmah Duren Sawit,-6.240048,106.912601
Sbr. PLN Tj. Priok,-6.121744,106.893611
Sbr. Pondok Indah Plaza,-6.284056,106.780121
Sbr. SDN Sumur Batu 03 04,-6.1584,106.867697
Sbr. SD Angkasa 1,-6.25276,106.890077
Sekolah Kairos Gracia,-6.146672,106.701572
Sekolah PGRI Penggilingan,-6.216995,106.933775
Serpong BSD,-6.299109,106.665659
Simpang Kemang 1A,-6.256692,106.812992
Singapore International School,-6.149554,106.915842
SMAN 13,-6.117484,106.89346
St. MRT Haji Nawi 1,-6.266345,106.797485
St. MRT Haji Nawi 2,-6.266056,106.797262
Transmart MH Thamrin 1,-6.207554,106.628311
Lapangan Arcici,-6.18326,106.86908
Jln. Tiong,-6.219243,106.81991
Pelabuhan Tanjung Priok,-6.104003,106.880535
St. Gondangdia 1,-6.1869,106.8327
PMI DKI Jakarta,-6.181486,106.838009
Rutan Salemba,-6.189042,106.860836
Sudinkes,-6.189449,106.859617
Sbr. BPPK Jakarta,-6.190102,106.858644
BPPK Jakarta,-6.189843,106.858846
Ps. Johar Baru 1,-6.185137,106.855981
Jln. Kramat Jaya Baru I,-6.184338,106.855207
Jln. Kramat Sentiong 1,-6.185732,106.852234
Sbr. Gg. Gotong Royong,-6.351182,106.892011
Gg. Mangga Danau Sunter,-6.148146,106.87379
Jln. Alam Raya,-6.143251,106.697487
Jln. Citra Garden VII,-6.145459,106.700533
Jln. Danau Indah Barat IA,-6.147518,106.87886
Jln. Peta Barat,-6.139522,106.691657
Jln. Rawa Lele,-6.141068,106.692956
Kantor RW 06 Sunter Jaya,-6.151832,106.871689
Masjid Jami' Almarhumah,-6.141687,106.694413
Sbr. Jln. Alam Raya,-6.143129,106.697565
SMP PGRI 3 Jakarta,-6.352286,106.817547
SATLAK Johar Baru,-6.186499,106.861084
Taman Rawasari,-6.193136,106.858823
Taman Pramuka,-6.194029,106.860802
Jln. Pramuka 5,-6.192861,106.863425
Jln. Kemuning 1,-6.194125,106.864567
Jln. H. Lele,-6.352287,106.815798
Jln. Pramuka 4,-6.193536,106.862829
Jln. Kemuning Raya 1,-6.197144,106.864674
Jln. Galur Sari Barat 2,-6.200101,106.864719
Jln. Galur Sari X 2,-6.200803,106.866788
Jln. Galur Sari Timur 2,-6.201961,106.869061
SDN Utan Kayu Selatan 23 Pagi,-6.203858,106.87078
Jln. Rasamala,-6.206328,106.871422
Masjid Asy Syamsu,-6.208704,106.872661
Jln. Pisangan Baru Tengah 1,-6.21118,106.872812
Danau Sunter Barat,-6.14686,106.8695
Jembatan Pedati Raya,-6.22682,106.87054
Jln. Galur Sari Timur 1,-6.202028,106.868839
Jln. Galur Sari X 1,-6.200847,106.86681
Jln. Galur Sari Barat 1,-6.200105,106.864653
Jln. Kemuning 3,-6.198954,106.863273
Jln. Kayu Manis Timur 1,-6.197243,106.861595
Jln. Pramuka 1,-6.195283,106.860021
Ps. Pramuka,-6.196962,106.857532
Jln. Pramuka 2,-6.198719,106.855036
Sbr. Ps. Pramuka,-6.196793,106.857075
Jln. Pramuka 3,-6.194932,106.85986
Jln. Percetakan Negara V,-6.19308,106.858771
BPOM,-6.189488,106.859405
Ditjenkes,-6.188895,106.861183
Sbr. SATLAK Johar Baru,-6.186471,106.86101
Jln. Johar Baru 2,-6.185228,106.858652
Jln. Pulo Gundul 2,-6.183229,106.851486
Gg. Mushola Baburrahman,-6.179741,106.851642
Perempatan Jln. Cempaka Putih Tengah XIII,-6.176256,106.87065
Jln. Tanah Tinggi IV,-6.178099,106.847887
Gg. Raidi,-6.328297,106.83406
Sbr. LP3I,-6.286689,106.843962
Awaludin 2,-6.199127,106.814572
Sbr. SDN Gunung Sahari 01,-6.166091,106.841843
Ps. Cakung 1,-6.182424,106.935415
Gg. Masjid Nurul Jannah,-6.242995,106.759126
Jln. Masjid Al Ikhlas Petukangan,-6.241838,106.758427
Jln. Lebak Bulus Raya,-6.289748,106.770854
Jln. Malaka III,-6.226244,106.926968
Graha Jasindo,-6.18492,106.835449
Mampang 10,-6.249742,106.826708
Imam Bonjol,-6.196105,106.824377
Jln. HM. Nashir,-6.132433,106.920356
Jln. Lorong 26,-6.110317,106.899335
Jln. Pesanggrahan Meruya Utara,-6.19303,106.755736
Pintu Tol Pondok Gede Selatan,-6.289177,106.876882
Sunter Karya,-6.137625,106.87081
Jln. Raya Inpres,-6.286217,106.862878
Sawah Besar Arah Utara,-6.157418,106.81846
Mangga Besar Arah Selatan,-6.153943,106.817952
Jln. M. Khafi,-6.311739,106.813142
Mangga Besar,-6.15325,106.817536
Sbr. Madrasah Al Husna,-6.300031,106.775563
Jln. Karang Tengah Raya,-6.309964,106.78105
Sbr. Gg. H. Jamin,-6.288658,106.906645
Gg. Rukun Lubang Buaya,-6.290369,106.906529
Jl. Marunda Makmur I,-6.107259,106.959837
Jl. Marunda Makmur II,-6.10721,106.9599
SDN 11 Batu Ampar,-6.284068,106.85835
Jln. Komodor 2,-6.266972,106.883357
Gg. Nangka Halim,-6.266664,106.881701
Sbr. Jln. Kamboja Halim,-6.265656,106.879334
Sbr. Jln. Gorda,-6.289592,106.89572
Sbr. Gg. Andong,-6.285949,106.89938
Gg. Andong Halim,-6.286138,106.899315
Jln. Gorda,-6.289593,106.89598
Jln. Komodor,-6.26692,106.883386
SD Angkasa 1,-6.252707,106.890229
Sbr. Jln. Kapuk III,-6.217219,106.899917
Klinik Pratama Cipinang,-6.21023,106.892517
Jln. Kramat Jaya Raya,-6.126441,106.916947
Gg. H. Abdul Hamid,-6.133096,106.920898
Sbr. Jln. Tipar Selatan II,-6.134485,106.9215
Gg. Bambu Sukapura,-6.1369,106.9217
Gg. Pojok Sukapura,-6.138529,106.921936
Kampung Budaya Betawi Sukapura,-6.142087,106.922
Jln. Anggrek Cililitan,-6.265484,106.861274
Jln. Otista Raya,-6.226494,106.867232
Jln. Tebet Timur Dalam III,-6.230881,106.858358
Ragunan 3,-6.305729,106.820162
Jln. Pringgondani,-6.310813,106.806964
Jln. Andara Raya Cilandak,-6.314503,106.803633
Sbr. Jln. Pringgodani,-6.310713,106.806879
Sbr. Gg. Musholla II,-6.31719,106.817773
Jln. Pepaya Raya,-6.321994,106.818789
Jln. Raya Jagakarsa,-6.326915,106.82391
Sbr. SDN Utan Kayu Selatan 23 Pagi,-6.203949,106.870877
SPBU Jagakarsa,-6.329435,106.825314
Gg. H. Tohir,-6.328911,106.833574
Gg. H. Ali,-6.327369,106.833219
Jln. Raya Lenteng Agung,-6.335654,106.83535
Gg. Durian,-6.337381,106.834892
Gg. Sawo Jagakarsa,-6.340934,106.834082
Jln. Sumarso,-6.33723,106.834433
Simpang Ubin,-6.330948,106.828959
Gg. Keramat,-6.329124,106.825056
Sbr. G. H. Bontong,-6.328018,106.824205
Gg. Musholla II,-6.317252,106.817877
BNN 2,-6.245687,106.871111
Gg. Warga Lubang Buaya,-6.287618,106.90573
Sawah Besar,-6.157368,106.818661
Harmoni,-6.162687,106.81992
Cawang Sentral 2,-6.249647,106.873659
Jln. M. Khafi 1,-6.353258,106.801395
Jln. Kelinci,-6.34032,106.804673
Sbr. TDC Jagakarsa,-6.343049,106.804283
Jln. Pasir,-6.336591,106.806156
Sbr. Gg. Cermai,-6.324671,106.811372
Simpang Jln. Paso,-6.316025,106.816128
Jln. Pepaya Raya 2,-6.321705,106.818523
Sbr. Jln. Manggis,-6.325073,106.811469
Sbr. Jln. Pasir,-6.33645,106.806294
Sbr. Jln. H. Khayar,-6.341809,106.80462
Masjid Pasmar Marunda,-6.116057,106.95214
Sbr. Jln. Kelinci,-6.340332,106.804777
Jln. Blimbing III,-6.199933,106.760607
Jln. Panjang Kelapa Dua,-6.203685,106.769576
Sbr. Komplek KPLP Marunda,-6.128898,106.956376
Gg. Bulak I Rorotan,-6.132931,106.955238
Yayasan Alfitriyah Marunda,-6.130149,106.955535
Sbr. SMKN Jasalena Marunda,-6.127631,106.956696
Sbr. Marlindo Marunda,-6.121898,106.957188
Jln. Srengseng Sawah 1,-6.345005,106.831484
Gg. Berdikari,-6.343622,106.833138
Jln. Cupang,-6.338209,106.817918
Jln. Penggilingan Baru I,-6.302868,106.881033
Gg. Fatahillah II,-6.363519,106.887408
Sbr. Jln. Nusa I Cililitan,-6.264402,106.871284
Kementerian Agama Jakarta Timur,-6.218908,106.947344
Masjid Jami Al Falah Duren Sawit,-6.236489,106.917076
Jln. R. E. Martadinata,-6.130036,106.83429
Jln. Prepedan Dalam,-6.119399,106.709211
RS Mitra Kemayoran,-6.151321,106.857094
Sbr. Jln. Ancol Selatan,-6.134139,106.855696
Simpang Jln. Cemara,-6.12663,106.85721
Simpang Jln. Tridasawarsa,-6.126978,106.855884
Kantor Kel. Pisangan Baru,-6.209141,106.87123
Jln. Danau Sunter Barat 2,-6.139546,106.856814
Jln. Danau Agung 2,-6.14544,106.859926
Simpang Jln. Agung Permai 1,-6.144773,106.863349
Simpang Jln. Agung Permai Raya,-6.14433,106.86592
Komplek Paradise Timur Raya,-6.14381,106.8688
Simpang Jln. Sunter Karya,-6.143679,106.8696
Bank Capital Sunter,-6.137625,106.871634
Sbr. Jln. Warakas I Gg. 8,-6.117617,106.87667
Jln. Tenggiri Tj. Priok,-6.114067,106.879436
Jln. Tenggiri Raya,-6.11397,106.88007
Jln. Warakas Raya,-6.115242,106.879873
Jln. Danau Sunter Utara,-6.138032,106.875968
Jln. Danau Sunter Utara 1,-6.13751,106.87303
Jln. Agung Tengah 9,-6.143854,106.869613
Danau Agung 13,-6.144993,106.863245
Jln. Danau Agung 5,-6.145583,106.860074
Sbr. SDIT At Tahiriyah,-6.329288,106.876315
Jln. Munggang,-6.276186,106.852082
Jln. 26,-6.238158,106.921889
Binus Syahdan 2,-6.200618,106.785795
Gardu Induk Plumpang,-6.130848,106.895362
Jln. Swasembada Timur 5,-6.124986,106.893289
Simpang Jln. Mundu,-6.118265,106.910752
Kuningan,-6.228794,106.833205
Lotte Mall Kuningan 1,-6.223317,106.822903
GOR Sumantri 1,-6.220899,106.83225
Apartemen Metro Sunter,-6.13396,106.87208
Perguruan Nurul Iman,-6.213944,106.872569
Bintaro Park View,-6.257977,106.75969
Rusun Karet Tengsin,-6.205575,106.810424
Cilandak Tengah,-6.292028,106.802056
Tol Kb. Jeruk 1,-6.190197,106.767587
St. Gambir 2,-6.175681,106.830729
Tanah Merdeka 1,-6.308129,106.874542
Polsek Tanah Abang,-6.201325,106.809577
KPP Pratama Tanah Abang Satu,-6.202066,106.806803
St. Juanda 2,-6.167648,106.830273
Gg. Nanas,-6.303821,106.842852
Budiwarman 2,-6.279048,106.870363
Jln. Margasatwa Barat,-6.310776,106.814218
Cawang,-6.245863,106.871143
Simpang Kemanggisan Ilir Raya,-6.193066,106.784647
Pengadegan Barat XIII,-6.250622,106.854464
Jln. Kramat IV Rawabinong,-6.299375,106.909219
Menara Air Manggarai Selatan,-6.219086,106.852119
RPTRA Teratai Tebet Timur,-6.235589,106.853483
Apartemen Kedoya Elok 1,-6.18847,106.768804
Sbr. SMPN 200,-6.15813,106.955908
Sekolah Lemuel,-6.198212,106.803304
SDN Cipete Utara 09,-6.258171,106.803413
Sbr. Komplek Polri Foremos,-6.334651,106.867778
Sbr. Kec. Pesanggrahan,-6.257055,106.75629
Patra Kuningan,-6.232677,106.832087
Sbr. Jln. Kemang Timur XVII,-6.26893,106.823895
Puskesmas Kel. Gunung,-6.239677,106.790264
Pulo Kamboja,-6.215638,106.793732
PIK2 Pantjoran,-6.089429,106.741383
Jln. Tebet Dalam If,-6.223877,106.849087
Kel. Pesanggrahan 2,-6.255333,106.756496
Slipi Petamburan 3,-6.200982,106.799123
Ps. Kebayoran Lama 1,-6.239184,106.783043
Sbr. Ps. Inpres Kebayoran,-6.235935,106.784487
Flyover Cakung Barat,-6.188763,106.942098
Mikro PKL Penggilingan,-6.210761,106.939658
RSIA Resti Mulya,-6.208816,106.941931
Jln. Komarudin Lama 4,-6.199157,106.943051
YP IPPI Jakarta,-6.199997,106.9403
SDN 09 Pagi,-6.200781,106.940765
Jln. Komarudin Lama 3,-6.208288,106.942103
Jln. Keamanan,-6.239174,106.899841
Guardian Apotek,-6.176403,106.87262
Jln. Bunga Rampai 1,-6.225472,106.931992
Jln. Ulujami Raya,-6.238067,106.763721
Bundaran Senayan 3,-6.228433,106.799963
Galunggung,-6.204399,106.823381
Jln. Sawo III,-6.216352,106.844169
Kampus 2 Uin,-6.305634,106.757674
BNN 1,-6.246874,106.873696
Taman Bidara Makmur,-6.10692,106.96398
Metro Sunter,-6.137241,106.87315
Lapangan Terbang Transera,-6.167062,106.974902
Pasar Modern 1,-6.168464,106.974478
Sekolah Saint John,-6.159808,106.973798
Universitas Esa Unggul,-6.15827,106.972931
M Bloc,-6.241445,106.798552
Sbr. Jln. Olahraga V,-6.188493,106.790215
Tanah Merdeka Arah Timur,-6.307866,106.87389
Tanah Merdeka Arah Barat,-6.308216,106.87393
Pedati Prumpung,-6.22016,106.87439
Flyover Jatinegara 1,-6.215301,106.87356
Sbr. SPBU Transera,-6.159464,106.974888
Jln. Mesjid Al Munir,-6.271471,106.87728
Sbr. Jln. Masjid Al Munir,-6.271471,106.87734
Jln. Cipinang Pulo Maja,-6.218994,106.878918
Jln. Warakas I Gg. 2,-6.116038,106.87912
Sbr. SDN Dukuh 05,-6.298697,106.87925
Simpang Ps. Warakas 3,-6.115511,106.87993
Ps. Ciplak Cibesel,-6.236104,106.88067
Simpang Raya Ciracas Pengantin Ali,-6.328009,106.88245
Jln. Cipinang Jaya IIE,-6.221647,106.883067
Sbr. Masjid At Tin,-6.298697,106.88317
PKP Jakarta Islamic School,-6.339371,106.88328
Simpang Makaham Bungur,-6.318807,106.88377
Jln. Swasembada Barat V,-6.124938,106.88497
Grha Sera,-6.14965,106.88503
Sbr. Persada Purnawira Halim,-6.259198,106.88547
Simpang Perintis 2,-6.229105,106.88833
Pos Jaga Utama 1,-6.26076,106.88872
Velodrome 1,-6.193624,106.88875
Sunter Boulevard Barat,-6.14965,106.889
Jln. Masjid Almuqorrobin Kalimalang,-6.239887,106.89057
Jln. Cipinang Bali III,-6.239272,106.89136
Cipinang BKT,-6.229448,106.89288
Sbr. Gereja Santo Fransiskus Xaverius,-6.115887,106.892918
Walikota Jakarta Utara Arah Selatan,-6.118845,106.89347
Plumpang,-6.12848,106.8937
Sbr. Komplek Beacukai Pondok Bambu,-6.23585,106.89745
Komplek Beacukai Pondok Bambu,-6.23585,106.89759
St. Klender 2,-6.213433,106.89787
Sbr. Klinik Win Medika,-6.22016,106.89843
Sbr. Dirjen Anggaran,-6.227253,106.898692
Sbr. Royal Tasneem,-6.32605,106.8987
Royal Tasneem,-6.32605,106.8988
Dirjen Anggaran,-6.227253,106.89881
Sbr. Balai Rakyat,-6.224423,106.89902
Seskoal 3,-6.237989,106.771629
Jln. Otista 1A,-6.225623,106.866815
Perkasa Sunter Agung,-6.13891,106.878756
Agung Karya,-6.138513,106.878478
Astra Sunter,-6.141305,106.886521
Jln. Agung Barat 30,-6.139775,106.859889
SLTP 140,-6.139516,106.859929
Danau Agung Sunter,-6.139341,106.880226
BKKBN Sunter Utara,-6.139092,106.861951
Jln. Metro Kencana IV,-6.274261,106.782542
Layur 1,-6.193666,106.89905
Jln. Darmawangsa X,-6.257378,106.802938
Jln. Gn. Merapi,-6.141509,106.733066
Simpang Pahlawan Revolusi 1,-6.238668,106.899442
Gg. H. Abdul Rohman,-6.224423,106.90061
URINDO Kampus A,-6.31643,106.9007
Jln. Pinang 2,-6.11447,106.90313
Jln. Pinang 1,-6.11447,106.90319
Jln. Ultra Violet,-6.166096,106.90568
Sbr. Balai Benih Ikan Ciganjur,-6.363493,106.80535
Simpang Pinggir Kali Sunter,-6.112358,106.90584
Gedung Judo Kelapa Gading,-6.162982,106.90728
Gg. Suzuki,-6.184571,106.90797
Masjid Raya Al Musyawarah Kelapa Gading 1,-6.154881,106.91055
SDIT Al Huda Kelapa Gading,-6.171373,106.91094
SMPN 84,-6.115887,106.91118
Warung Jengkol,-6.182362,106.9113
Sbr. Jln. Gading Griya Lestari,-6.14122,106.91433
Jln. Kel. Raya,-6.229105,106.91435
Simpang Selat Bali Makasar,-6.239988,106.91498
Jln. Komplek Yuka,-6.12596,106.91688
Jln. Batu Zamrut I,-6.184288,106.882873
Sbr. Pansoshan Anak Putra Utama I,-6.236966,106.91837
IGI,-6.182981,106.91917
St. LRT Harjamukti 1,-6.372529,106.895331
Jln. H. Mawar Gg. VII,-6.154408,106.870126
Kantor Kec. Kemayoran,-6.156194,106.864137
Sbr. RS Mitra Keluarga Kemayoran,-6.152715,106.85773
Puri Swadaya,-6.23716,106.91961
Simpang Jln. 26 Selatan,-6.238345,106.92222
Jln. Anggrek Raya,-6.205168,106.9229
Gereja Protestan Tugu,-6.123642,106.92353
Kel. Sukapura,-6.148568,106.9245
Term. Pulo Gebang,-6.21267,106.953234
Dukuh Atas,-6.205702,106.82223
Mall Daan Mogot Baru,-6.151181,106.714828
Apartemen Capitol Kwitang,-6.180529,106.839168
Jln. Kramat Kwitang,-6.179892,106.840711
Sbr. Koko Semesta,-6.115511,106.92671
Flyover Pondok Kopi,-6.216689,106.93054
United Tractors 1,-6.18326,106.93243
Jln. Nusa Indah IV,-6.218007,106.93406
Pemadam Pondok Kelapa Raya,-6.238668,106.93425
Jln. Terentang Elok 2,-6.198811,106.940422
Sbr. SDN Pulo Gebang 03,-6.199009,106.942723
Sbr. Madrasah Ibtidaiyah Al-Huda,-6.197115,106.942862
Pertigaan Jln. Komarudin Lama,-6.193683,106.9432
Simpang Jln. P. Komarudin,-6.185269,106.942624
Sbr. Kantor RW 3 Cakung Barat,-6.18807,106.942525
Sbr. SDN Cakung Barat 07,-6.191769,106.94319
Gg. Sawo 2,-6.201669,106.93518
Madrasah Ibtidaiyah Al-Huda,-6.197036,106.943001
Jln. Komarudin Lama 5,-6.199078,106.94315
Sbr. Gg. Kabel Komarudin,-6.201944,106.942842
Sbr. Jln. Pendidikan,-6.204464,106.942768
Gg. H. Tolo,-6.206388,106.94299
Jln. Komarudin Lama 2,-6.21018,106.941871
St. Klender Baru 1,-6.217129,106.939354
Jln. Boulevard Raya,-6.198762,106.938259
Gerbang SHIA 1,-6.115699,106.682083
Jln. Cengkareng Golf Club 1,-6.122737,106.671478
Jln. Cengkareng Golf Club 3,-6.124498,106.667022
Terminal Kargo 1,-6.125241,106.664939
Terminal Kargo 2,-6.124955,106.663437
Perkantoran Soekarno-Hatta,-6.125623,106.657075
Jln. Husein Sastranegara,-6.114483,106.685818
Bundaran Cargo,-6.122768,106.662274
Sbr. Sowan Wisata Belanja,-6.120001,106.675609
RSUD Kalideres,-6.145855,106.708636
SMPN 186,-6.134671,106.69124
Sbr. Jln. Peta Barat 1,-6.128896,106.687205
Jln. Husein Sastranegara 2,-6.130586,106.684658
Stasiun KA Bandara,-6.127043,106.65319
Imigrasi SHIA,-6.125316,106.657133
Jln. Peta Barat 1,-6.128875,106.687331
Sbr. SMPN 186,-6.134681,106.691365
Sbr. Jln. Rawa Lele 1,-6.137952,106.691745
Soewarna Foodhall 1,-6.123878,106.669521
Jln. Rawa Lele 1,-6.137234,106.691433
Sbr. Rusun Pinus Elok Blok B,-6.198872,106.939217
Rusun Pinus Elok Blok B,-6.198762,106.939316
Penggilingan,-6.214132,106.93961
Sbr. Klapa Village H. Naman,-6.238417,106.94181
Simpang Jln. Komarudin Lama,-6.193574,106.943338
Gg. Umbang Lingkar Timur,-6.189303,106.94454
Sentra Timur,-6.20556,106.94787
Stasiun Cakung,-6.218994,106.95269
Jln. Pratama I Rorotan,-6.141574,106.95616
Sbr. Jln. Agung Timur 3,-6.14482,106.8815
SMP Dwi Cakti Cipinang,-6.218582,106.875842
SDN CBU 1,-6.215583,106.875604
Sbr. Jln. Cipinang Pulo Maja,-6.218911,106.878784
SDN CBU 10,-6.220336,106.880009
Kel. Marunda,-6.124938,106.95818
Sbr. Jln. Cipinang Jaya DD,-6.224068,106.884967
Sbr. Jln. Cipinang Jaya LL,-6.226328,106.884023
Sbr. SDN Cipinang Muara 2 Pagi,-6.227412,106.885187
Jln. H. Hanafi,-6.228604,106.893134
Sbr. Gg. Guru,-6.224854,106.893676
Gg. Masjid Jami Nurul Iman,-6.224605,106.893827
Jln. Perintis,-6.227963,106.889152
SDN Cipinang Muara 2 Pagi,-6.227446,106.885074
Jln. Cipinang Jaya IIE 2,-6.221685,106.883179
Sbr. SDN CBU 10,-6.2202,106.87991
Sbr. TPU Rawa Kuning,-6.201844,106.96049
Sbr. SMP Dwi Cakti Cipinang,-6.218572,106.87577
Sbr. SDN CBU 1,-6.215611,106.875536
Pedati Prumpung 2,-6.220157,106.874746
Jln. Cipinang Jaya LL,-6.226306,106.883955
Jln. Cipinang Jaya DD,-6.224161,106.884856
Pedati 3,-6.221974,106.874913
Sbr. Jln. Tongkol,-6.12778,106.81019
Sbr. Pintu Air Sunda Kelapa,-6.126868,106.809883
Sbr. Pelabuhan Sunda Kelapa,-6.125876,106.810768
Jln. Lodan Dalam VI,-6.12727,106.81448
Sbr. Lodan Center P2,-6.128148,106.815011
Sbr. Lodan Center P1,-6.13007,106.8166
Vihara Mahavira Graha Pusat,-6.130687,106.825562
Masjid Jami Al-Mukarromah,-6.131707,106.820563
Jln. Agung Karya VI,-6.13687,106.88
Jln. Gaya Motor Raya,-6.13449,106.8841
Masjid Astra,-6.1352,106.8869
Jln. Gaya Motor 1,-6.13801,106.887
Simpang Danau Sunter Selatan,-6.14211,106.8869
Waduk Sunter Selatan,-6.14416,106.8856
Sbr. Jln. Agung Timur 1,-6.14549,106.8774
Sbr. Jln. Agung Indah 1,-6.14621,106.8735
Sbr. SDIT Assalaamah,-6.192351,106.96612
Gelanggang Olahraga Dayung Sunter,-6.147452,106.866372
Pulau Kecil Danau Sunter,-6.14831,106.8618
Sbr. Taman Sunter,-6.14978,106.8576
Sbr. Pulau Kecil Danau Sunter,-6.14814,106.8616
Sbr. Gelanggang Olahraga Dayung Sunter,-6.1473,106.8663
Sbr. Danau Sunter Barat,-6.14674,106.8691
Jln. Agung Indah 1,-6.14609,106.8727
Jln. Agung Timur 1,-6.14537,106.8769
Jln. Agung Timur 3,-6.14474,106.8808
Sbr. Waduk Sunter Selatan,-6.14396,106.8854
Kantor Camat Tj. Priok,-6.116895,106.892946
Kedondong,-6.383095,106.82952
Balai Kota Depok 2,-6.394973,106.82277
Simpang Rawa Bokor,-6.114804,106.689168
Jln. Bugis,-6.115792,106.890323
St. LRT Kampung Rambutan,-6.309878,106.884201
Sbr. St. LRT Kampung Rambutan,-6.309939,106.884196
Museum Nasional Visible Storage,-6.307188,106.89653
Lapangan Banteng 3,-6.170403,106.833083
Sbr. Taman Gorontalo 1,-6.112923,106.88361
TK Hang Tuah I,-6.114586,106.883646
Taman Kebon Bawang,-6.115156,106.891571
Jln. Yos Sudarso 1,-6.140137,106.891051
Jln. Gaya Motor Raya 1,-6.136009,106.889432
Jln. Cipinang Baru Timur,-6.202198,106.889743
Jln. Gaya Motor Raya 2,-6.135833,106.889589
Kodim 0502 Jakut,-6.13599,106.892002
RS Puri Medika,-6.128483,106.893344
PLN Tj. Priok,-6.121219,106.893136
Plasa Telkom Jakut,-6.117759,106.892984
Sbr. TK Hang Tuah I,-6.114699,106.88351
Taman Gorontalo 1,-6.113825,106.883541
Sbr. Politeknik Astra,-6.13735,106.887211
Sbr. Danau Sunter Timur,-6.144362,106.886318
Jln. Danau Sunter Selatan 5,-6.147333,106.885426
St. LRT Equestrian 3,-6.183192,106.891611
Jln. Utan Kayu Jati I,-6.192689,106.884227
Sbr. Sekolah Diponegoro 1,-6.195597,106.88345
Simpang Balai Pustaka Barat Waru,-6.196587,106.885644
SMP 31 Muhammadiyah,-6.198118,106.882915
Sekolah Diponegoro 1,-6.195595,106.883304
Sbr. Jln. Utan Kayu Jati I,-6.192556,106.884112
STIE Rawamangun 2,-6.190296,106.88414
Sekolah St. Fransiskus,-6.185686,106.880897
Jln. Angkur,-6.186646,106.885174
Sbr. Jln. Kayu Putih Utara C,-6.179829,106.892015
Gereja Toraja Kelapa Gading,-6.169516,106.888184
Sbr. Mahatma Gading School,-6.166345,106.890251
Sbr. Jln. Boulevard Bukit Gading Raya,-6.163458,106.891974
Sbr. Jln. Casablanca IX,-6.160247,106.893433
101 Urban Jakarta,-6.157649,106.894606
Jln. Danau Sunter Selatan 6,-6.147329,106.885169
Jln. Danau Sunter Selatan 4,-6.143637,106.886258
Jln. Parang Tritis Raya,-6.129762,106.822175
Sbr. UBM,-6.131462,106.818744
Jln. Danau Sunter Utara 2,-6.140813,106.886053
Politeknik Astra,-6.137279,106.887116
Cipulir 2,-6.237747,106.774871
Gg. Keluarga,-6.200811,106.783612
Sbr. Gg. Tamansari Ragunan,-6.305518,106.816202
Kota Harapan Indah 1,-6.193598,106.97335
Sbr. Gg. Swadaya 2 Basmol,-6.162402,106.751261
Jln. Trikora Halim 1,-6.246953,106.881572
Sbr. TK Angkasa 4,-6.242905,106.884472
Sbr. Taman Trikora,-6.243068,106.881431
Taman Trikora,-6.242994,106.881409
TK Angkasa 4,-6.242958,106.884533
Jln. Wangko 2,-6.245735,106.882299
Jln. Trikora Halim 2,-6.246896,106.881669
Jln. Wangko 1,-6.245583,106.882351
Kp. Kemandoran,-6.123263,106.686607
Perumahan Taman Mahkota,-6.119168,106.688577
Term. Kampung Rambutan 3,-6.309795,106.883088
Sbr. Jln. Pertiwi,-6.30889,106.87583
Sbr. Jln. Saluran Ciracas,-6.33686,106.88778
Sbr. Jln. Raya Ciracas,-6.329108,106.8857
Jln. H. Usman Ciracas,-6.328864,106.884
Gg. Sawo Ciracas,-6.328346,106.87581
Sbr. Lapangan Bola Centex,-6.326376,106.87651
Sbr. Gg. Senggol,-6.323216,106.87692
Jln. Pule,-6.316598,106.87929
Jln. Tanah Merdeka Selatan 1,-6.315675,106.87962
Sbr. Jln. Tanah Merdeka IV,-6.312012,106.87933
Dewan Masjid Ciracas,-6.309673,106.87912
Sbr. SDN 02 Pagi Rambutan,-6.309252,106.87664
Sbr. Dewan Masjid Ciracas,-6.309665,106.87927
Jln. Tanah Merdeka IV,-6.312016,106.87948
Sbr. Jln. Tanah Merdeka V,-6.31338,106.87959
Jln. Tanah Merdeka Selatan,-6.315685,106.87975
Sbr. Jln. Pule,-6.31667,106.87942
SDN 06 Ciracas,-6.317632,106.87856
SMP 208 Ciracas,-6.320181,106.87752
Gg. Senggol,-6.32323,106.87706
Lapangan Bola Centex,-6.326471,106.87666
Sbr. Gg. Sawo Ciracas,-6.328468,106.87594
Sbr. Jln. H. Usman Ciracas,-6.328721,106.88396
Jln. Raya Ciracas,-6.32897,106.88575
Sbr. Jln. Asam Kelapa Dua Wetan,-6.33435,106.8873
Jln. Saluran Ciracas,-6.336904,106.88758
Jln. Asem Kelapa Dua Wetan,-6.334282,106.88715
Simpang Jln. Cipayung Raya,-6.331503,106.88661
Sbr. SDN 06 Ciracas,-6.317462,106.87849
Jln. Tanah Merdeka V,-6.313088,106.87941
Sbr. Gg. Makmur,-6.30912,106.8944
Pos Polisi Podomoro,-6.148788,106.859408
Jln. Sunter Jaya 2A,-6.152872,106.861255
Sbr. Gg. Beringin Sunter,-6.154139,106.863449
Komplek Depkes Sunter Jaya,-6.15527,106.865873
Sbr. Jln. H. Amsir,-6.154997,106.867753
Sbr. Jln. H. Mawar Gg. VII,-6.154235,106.870133
Jln. Benteng Mas,-6.151296,106.871911
Jln. Benteng Mas VI,-6.14937,106.872991
Taman Danau Sunter,-6.145975,106.876406
Jln. Gading Raya IV,-6.168824,106.888556
Sbr. Taman Danau Sunter,-6.146146,106.876282
Danau Sunter 1,-6.146806,106.879006
Jln. Kencana Timur,-6.127454,106.729619
Pusat Edukasi Anti Korupsi KPK,-6.21177,106.83069
Residence 8 Munjul,-6.355624,106.893614
Pompa Tekan Sunter,-6.12547,106.857918
Sbr. Gedung Serbaguna Gempol,-6.31178,106.8941
Taman Kelinci Bambu Apus,-6.31479,106.8955
Jln. Palem Kartika,-6.31512,106.8978
Sbr. Palm One Residence,-6.31489,106.8998
Simpang Daan Mogot I,-6.166507,106.7843
Pertigaan Jln. Asem,-6.329473,106.886539
Sbr. Pertigaan Jln. Asem,-6.329252,106.886151
Sbr. Gg. Swadaya I,-6.31771,106.9013
Masjid Jami Nurul Ikhlas,-6.32102,106.9013
URINDO Kampus B,-6.32257,106.9004
Sbr. Masjid Al Barokah Cipayung,-6.32405,106.8996
Kota Harapan Indah 2,-6.193912,106.97356
Pertigaan Jln. TPU Cipayung,-6.32761,106.8982
Pertigaan Masjid Nurul Cipayung,-6.32646,106.896
Gg. Japar,-6.32385,106.8946
Pertigaan Gg. Bahagia,-6.32149,106.8943
Jln. Masjid IV A,-6.32241,106.8927
Sbr. Jln. Masjid I,-6.32311,106.8904
Jln. Keluarga,-6.32076,106.8895
Masjid Nauroh Abdurrahman,-6.3198,106.8915
Pertigaan Jln. Seira Tanimbar,-6.32042,106.8928
Sbr. Pertigaan Gg. Bahagia,-6.32151,106.8944
Sbr. Gg. Japar,-6.3238,106.8947
Bamboe Madani Residence,-6.3264,106.8961
Pondok Pesantren Nurul Qolbi,-6.32729,106.8982
Masjid Al Barokah Cipayung,-6.32396,106.8995
SMPN 283,-6.32253,106.8999
Sbr. Masjid Jami Nurul Ikhlas,-6.32101,106.9012
Gg. Swadaya I,-6.31797,106.9015
Sbr. URINDO Kampus A,-6.31645,106.9006
Palm One Residence,-6.31502,106.8999
Sbr. Jln. Palem Kartika,-6.31523,106.8978
Sbr. Taman Kelinci Bambu Apus,-6.31488,106.8954
Sbr. Pertigaan Jln. Bambu Apus,-6.3141,106.8938
Gedung Serbaguna Gempol,-6.31189,106.8939
Gg. Makmur,-6.30909,106.8943
Sunan Giri 2,-6.193461,106.883669
UNJ 2,-6.193073,106.880095
Pramuka BPKP 2,-6.192333,106.873631
Pramuka LIA 2,-6.19246,106.868312
Pramuka LIA 1,-6.192054,106.868453
Pramuka BPKP 1,-6.191932,106.873939
UNJ 1,-6.192708,106.879957
Ps. Cakung 2,-6.182523,106.935438
Tipar Cakung 1,-6.183262,106.924819
Tipar Cakung 2,-6.18363,106.925189
Ps. Gembrong,-6.22447,106.877283
Jln. Raya St. Cakung,-6.217128,106.952382
Sbr. Gg. H. Tolo,-6.206317,106.942878
Jln. Pendidikan,-6.20449,106.942665
Gg. Kabel Komarudin,-6.201964,106.942766
Jln. Terentang Elok 1,-6.198919,106.940427
Jln. Nanas II,-6.19973,106.93774
Jln. Kecapi 2,-6.199739,106.937584
Pasar Modern Harapan Indah,-6.168544,106.97431
Sbr. Meranti Elok 2,-6.197598,106.939112
Sbr. Jln. Agathis Elok,-6.196178,106.939122
Simpang Jln. Mahoni Elok,-6.195764,106.939439
Jln. Agathis Elok,-6.196198,106.939231
Jln. Meranti Elok 2,-6.197638,106.939231
Sbr. Jln. SMPN 180,-6.319876,106.901295
Pertigaan Jln. Bambu Apus,-6.313746,106.894021
Transera Harapan Indah,-6.152257,106.975764
Pondok Indah Mall 3,-6.264341,106.782185
Gg. Buaya Senen,-6.172646,106.840925
OJK Wahidin,-6.170629,106.837713
Wijaya IX Panglima Polim,-6.24737,106.802246
Sbr. SMPN 12,-6.249761,106.803295
Sbr. Jln. Panglima Polim IX,-6.249727,106.798811
Yayasan Pangudi Luhur,-6.263921,106.795424
Jln. H. Nawi Raya,-6.263949,106.79136
Pondok Indah Mall 1,-6.263197,106.78479
Pondok Indah Mall 2,-6.264403,106.782455
Sbr. Masjid Al Musyawarah Pondok Indah,-6.26398,106.779282
Sbr. SMK Makarya Jakarta,-6.261495,106.777293
Masjid Al Musyawarah Pondok Indah,-6.263833,106.779346
Tanah Apit,-6.182793,106.97608
Kantor Kecamatan Cipinang Cempedak,-6.230357,106.875937
Terrace 2 Pondok Indah,-6.263038,106.777367
Sbr. Wijaya IX Panglima Polim,-6.247439,106.802174
Jln. Niaga Hijau 1,-6.284509,106.775304
Scientia Square Park,-6.257678,106.616805
Tomang Mandala 1,-6.177003,106.80006
Greenwich Park 2,-6.27724,106.635259
FBL 2,-6.291133,106.63978
Edutown 1,-6.302423,106.641743
Gramedia,-6.291251,106.639463
Qbig 1,-6.284613,106.638391
Greenwich Park 1,-6.277418,106.635101
Cluster Catalina,-6.270784,106.631102
Sbr. Omaha Village,-6.260572,106.630333
Menteng Village,-6.258212,106.62506
Perumnas Klender 1,-6.216779,106.930538
Jln. Benda,-6.273754,106.816374
Sbr. Jln. Benda,-6.273746,106.816261
Jln. Taman Margasatwa Raya,-6.282904,106.827325
Jln. Ampera Raya,-6.275218,106.820874
Simpang Pejaten Barat Ampera,-6.276309,106.820629
Jln. Cipete VIII,-6.277846,106.802297
Gelanggang Remaja 1,-6.235618,106.867838
Gg. Tampak Siring Fatmawati,-6.275068,106.797834
Gg. H. Satra Cipete,-6.277961,106.804959
Sbr. Jln. Madrasah 2 Selatan,-6.279782,106.816759
Sbr. Simpang Pejaten Barat Ampera,-6.276281,106.820527
Sbr. Jln. Warung Jati Barat,-6.281952,106.827915
Gg. Sekolah Kencana I,-6.281134,106.783795
Sekolah Kristen Tirtamarta,-6.284297,106.787533
Sbr. Jakarta Intercultural School,-6.284435,106.788734
SPBU Terogong,-6.28235,106.791645
Jln. Caringin Utara,-6.282943,106.79249
Sbr. SMKN 20,-6.283544,106.794151
RPTRA Taman Gajah,-6.277596,106.799845
Jln. Cipete IX,-6.277748,106.80271
Jln. Madrasah 2 Selatan,-6.27984,106.816751
Sbr. RPTRA Taman Gajah,-6.277693,106.799687
SMKN 20,-6.283564,106.793838
Jln. Caringin Utara I,-6.283217,106.792919
Sbr. SPBU Terogong,-6.28238,106.791733
Jakarta Intercultural School,-6.284456,106.788769
Sbr. Sekolah Kristen Tirtamarta,-6.284374,106.787303
Gg. Sekolah Duta V,-6.281591,106.784258
Sbr. Carrefour Harapan Indah,-6.186454,106.97716
SMPN 56 Jakarta,-6.290571,106.812646
Yayasan Al Mahbubiyah,-6.28942,106.812629
SMPN 212 Jakarta,-6.282763,106.813277
Sbr. TPU Jeruk Purut,-6.2795,106.81356
Gg. Masjid Benda Raya,-6.275207,106.816062
Bundaran Jln. Kemang Selatan 2,-6.273125,106.81333
Jln. Puri Sakti 2,-6.272837,106.810819
Puri Sakti 2,-6.273018,106.808563
Sbr. TK Darussalam,-6.27172,106.807303
Jln. Asem II,-6.272519,106.803979
Jln. Asem V 2,-6.269608,106.802498
Jln. Sasak 1,-6.267173,106.801789
Sbr. RPTRA Taman Sawo,-6.262352,106.799774
Pasar Damai Raya 1,-6.26023,106.797459
Sbr. Karya Utama Gandaria Utara,-6.260927,106.793593
Jln. Ps. Inpres Gandaria Utara,-6.259899,106.791044
Sbr. SDN Gandaria Utara 11,-6.258281,106.790641
Simpang Jln. BRI Radio Dalam 1,-6.257276,106.790678
Gg. Jatayu V,-6.247006,106.787801
RSUD Kebayoran,-6.248418,106.785294
Gg. Pucuk Merah,-6.247277,106.784613
Gandaria Arteri Pondok Indah,-6.246667,106.781421
Masjid Jami Darussalam Kebayoran Lama,-6.240536,106.782725
Gg. Baru 3 Kebayoran Lama,-6.24036,106.781547
Gg. Penghulu Kebayoran Lama,-6.240165,106.780696
Ps. Kebayoran Lama,-6.237055,106.780537
SMAN 29,-6.237095,106.783941
Gg. Jaman Kebayoran Lama,-6.24011,106.783152
Jln. Asem IX,-6.27091,106.800932
Simpang Jln. Bungur II,-6.248612,106.7844
Gandaria City 2,-6.245578,106.784308
1 Park,-6.24587,106.78648
Sbr. Gg. Jatayu V,-6.246856,106.787886
Simpang Jln. BRI Radio Dalam 2,-6.257091,106.790758
SDN Gandaria Utara 11,-6.258272,106.791022
Sbr. Jln. Ps. Inpres Gandaria Utara,-6.25995,106.791136
Karya Utama Gandaria Utara,-6.260876,106.793443
Pasar Damai Raya 2,-6.260133,106.797719
RPTRA Taman Sawo,-6.262307,106.799864
Jln. Cipete Utara IV,-6.264592,106.800064
Simpang Rawa Maja 2,-6.265724,106.799495
Jln. Sasak 2,-6.267209,106.801877
Jln. Asem V 1,-6.269501,106.802653
Sbr. Jln. Asem IX,-6.271111,106.800983
Sbr. Jln. Asem II,-6.27241,106.803993
TK Darussalam,-6.271641,106.8073
Jln. Puri Sakti 1,-6.272734,106.810929
Bundaran Jln. Kemang Selatan 1,-6.272955,106.813396
Sbr. Gg. Masjid Benda Raya,-6.275141,106.816169
TPU Jeruk Purut,-6.279464,106.813645
Sbr. SMPN 212 Jakarta,-6.282588,106.813411
Simpang Masjid Al Barkah 2,-6.284557,106.811631
Sbr. TK Al Mahri,-6.286629,106.81221
Sbr. Yayasan Al Mahbubiyah,-6.28949,106.812745
Sbr. SMPN 56 Jakarta,-6.290507,106.812816
Gg. H. Mamad,-6.249238,106.782983
TK Al Mahri,-6.286634,106.812095
Simpang Masjid Al Barkah 1,-6.284636,106.811622
SD Islam Al Izzah,-6.182778,106.97729
Sbr. Jln. Cipete Utara IV,-6.26451,106.800043
Simpang Jln. Kenanga Indah,-6.177644,106.9817
St. Kereta Cepat Halim,-6.245363,106.885494
Dukuh Atas 5,-6.204686,106.824286
Simpang Herman Susilo 2,-6.326266,106.810998
Masjid El Syifa Ciganjur,-6.333178,106.807277
Simpang Cempaka IV Raya 1,-6.178123,106.860618
Jln. Komplek Pelindo II,-6.11072,106.937034
Sbr. Jln. Komplek Pelindo II,-6.110541,106.93687
SMPN 172,-6.21793,106.952403
Jln. Dr. Sumarno,-6.21232,106.943325
Danau Sunter,-6.14121,106.85699
Bekasi Barat,-6.250045,106.99167
Jembatan Item,-6.13098,106.85515
Kemayoran,-6.15889,106.85151
RS Mitra Keluarga 1,-6.240672,106.99317
Jln. Kemang Raya,-6.255413,106.814254
Jamsostek 2,-6.233593,106.822976
TPU Rawabunga,-6.224475,106.871158
Sbr. TPU Rawabunga,-6.224677,106.871643
Sbr. Ps. Gardu,-6.289788,106.893679
Simpang Garden City 1,-6.172045,106.96297
Jln. Serdang Baru XIII,-6.157415,106.866508
SMA Taman Madya 1,-6.157284,106.857019
Sbr. Child Care Pre School,-6.257475,106.801105
Gedung Manggala,-6.204508,106.800242
Jamsostek 3,-6.232321,106.820842
Jln. Kemang Utara V,-6.257929,106.822076
Jln. Kemang Utara 1,-6.257051,106.819
Jln. Bangka Barat IV,-6.253306,106.814308
Jln. Bangka X,-6.252162,106.814326
Summarecon Bekasi,-6.225566,107.00281
Gg. Amal IV,-6.246651,106.815287
Masjid Jami Al-Aqwam,-6.244103,106.816066
Jln. Bangka Buntu I,-6.24169,106.817388
Jln. Kemang Utara IA,-6.257292,106.816136
Simpang Kemang Utara,-6.258059,106.823176
Jln. Adityawarman,-6.244835,106.80489
SMKN 6 Kebayoran Baru,-6.243225,106.80792
Jln. Cibulan 1,-6.239619,106.81054
Sbr. Jln. Bangka Buntu I,-6.241724,106.817425
Sbr. Masjid Jami Al-Aqwam,-6.244113,106.816127
Sbr. Gg. Amal IV,-6.246669,106.815371
Sbr. Jln. Bangka Barat IV,-6.254418,106.814566
Jln. Bungur Kemang,-6.257587,106.820277
Jln. Cikajang,-6.243002,106.809275
Sbr. Jln. Citra Garden VII,-6.144103,106.700831
Makam Pahlawan,-6.255675,106.844019
SDN Lenteng Agung 09 Jagakarsa,-6.319317,106.83339
Sbr. Jln. Batas Dua,-6.321522,106.831958
Sbr. Gg. H. Salam,-6.324364,106.830117
Sbr. Setu Babakan 1,-6.337511,106.824039
Sbr. Jln. Kebembem,-6.338441,106.822702
Terminal Bekasi,-6.249502,107.01339
Jln. Perikanan,-6.344855,106.816116
Jln. H. M. Nalim,-6.348776,106.813316
Jln. Moch. Kahfi II,-6.35493,106.810498
Sbr. TPU Cipedak,-6.357983,106.808589
Sbr. Jln. Dul. Djaim Cipedak,-6.361797,106.807215
Sbr. TPU Islam Tanah Baru,-6.365533,106.807586
TPU Islam Tanah Baru,-6.365547,106.807457
Monumen Nasional,-6.176248,106.82286
Cililitan Kecil 2,-6.261811,106.8643
BTC,-6.258292,107.02069
Bulak Kapal 2,-6.251121,107.02366
Pinangsia,-6.221526,106.61673
Sbr. Simpang Klp. 3 Jagakarsa,-6.330555,106.828708
Simpang Klp. 3 Jagakarsa,-6.330521,106.828858
Bulak Kapal 1,-6.250708,107.02395
Simpang Duren Bangka Timur 2,-6.259274,106.827766
Sbr. Jln. Cipedak Raya,-6.357372,106.810345
Gg. H. Benih Srengseng Sawah,-6.356269,106.812674
TPU Srengseng Sawah,-6.35009,106.819807
Masjid Baitul Ma'mur,-6.345876,106.820888
Gg. Damai Srengseng Sawah,-6.346229,106.824798
Sbr. Jln. Kemang Utara 1,-6.257173,106.818984
Sbr. Jln. Kemang Utara IA,-6.257343,106.816281
Jln. Angsana Kemanggisan,-6.194934,106.78208
Lapangan Bola Meruya Ilir,-6.197423,106.76661
Mall Taman Palem 3,-6.140548,106.73011
Roxy Hasyim Ashari,-6.165833,106.80925
RSUD Boulevard Raya,-6.13781,106.7304
Ruko Kemanggisan Raya,-6.196763,106.78222
Rusun Flamboyan,-6.131366,106.72427
Rusun Pulo Gebang,-6.201478,106.94975
Sbr. Jln. Angsana Kemanggisan,-6.194813,106.78213
Simpang Tj. Duren Raya,-6.173776,106.78377
RS Pluit,-6.125386,106.79987
Sbr. SMPN 124,-6.258665,106.826208
Rusun Jati Rawasari,-6.183517,106.86389
Bengkel Jln. Letjen Suprapto,-6.174721,106.85362
Jln. I Gusti Ngurah Rai 1,-6.216178,106.92742
Jln. I Gusti Ngurah Rai 2,-6.216375,106.92745
Kel. Penjaringan,-6.125396,106.80071
RSUD Tarakan 3,-6.17135,106.80998
ITC Roxy Mas 1,-6.16616,106.80491
Simpang KH. Moh. Mansyur,-6.165745,106.807795
Sunan Giri 1,-6.193014,106.882943
Jln. Olahraga V,-6.188544,106.790242
Jln. Malaka 1,-6.224104,106.926633
Jln. Tanah Tinggi I,-6.1754,106.84541
Menara MTH,-6.242955,106.85501
ITC Roxy Mas 2,-6.165939,106.804801
Pintu Tol Citeureup 2,-6.485142,106.873398
Pintu Tol Citeureup 1,-6.485352,106.872031
Sekolah Al Wahyu Cibubur,-6.365855,106.88733
St. Cawang,-6.242883,106.85928
Tanah Abang,-6.182335,106.81406
Dopusbekbar TNI,-6.1087,106.92296
SMAN 73,-6.111643,106.92374
Jln. Cakung Cilincing 8,-6.118429,106.9259
Jln. Cakung Cilincing 7,-6.125732,106.92885
Jln. Cakung Cilincing 6,-6.127876,106.93033
Jln. Cakung Cilincing Raya 2,-6.126037,106.9282
Jln. Cakung Cilincing Raya 3,-6.118932,106.92535
Jln. Angin Sejuk I,-6.112834,106.92369
Jln. Angin Mamiri,-6.10912,106.92259
Sbr. Jln. Kebantenan V,-6.111703,106.93356
Sbr. Gg. Nusantara 1,-6.11347,106.93004
Gg. Nusantara 1,-6.113296,106.92993
Jln. Kebantenan V,-6.111599,106.93334
Jln. Pedongkelan Raya,-6.110917,106.9353
Jln. Warung Jati Barat V,-6.269297,106.83107
Pintu Air Juanda,-6.167859,106.82997
Gg. Damai Tanah Merah,-6.139737,106.90924
GBI Tanah Merah,-6.139901,106.90929
Jln. Perjuangan Raya 1,-6.137019,106.90824
Jln. Perjuangan Raya 3,-6.136313,106.90448
Jln. Perjuangan Raya 4,-6.136335,106.90425
Jln. Gading Sengon Raya 2,-6.140116,106.90324
Rawa Sengon,-6.142574,106.90094
Flyover Raya Bogor 1,-6.30669,106.8655
Jln. Raya Kelapa Hybrida 2,-6.14892,106.91569
Simpang Kapuk Cengkareng,-6.133709,106.730451
Flyover Jatibaru,-6.184188,106.811752
Istora Senayan,-6.219468,106.798379
Jln. Gandaria Pekayon,-6.345197,106.867907
Jln. Perdana Kusuma,-6.154761,106.770108
Jembatan Genit 1,-6.149925,106.77284
Jembatan Genit 2,-6.15217,106.771301
Jembatan Tiga 1,-6.133861,106.792932
Kampung Gusti 1,-6.144345,106.777955
Kampung Gusti 2,-6.144118,106.778379
Kampus Senayan,-6.229233,106.796966
Lapangan Panahan,-6.21373,106.801949
Makam Wijaya Kusuma,-6.145182,106.776039
Masjid Al Mubarokah,-6.143338,106.789928
Masjid Jami Baiturrahman Tomang,-6.17224,106.80335
Masjid Jami Nurul Islam 1,-6.146381,106.774858
Masjid Jami Nurul Islam 2,-6.14638,106.774574
Masjid Raya Uswatun Hasanah,-6.158576,106.764117
Pakubuwono,-6.235831,106.790005
Ps. Jembatan Dua,-6.143061,106.793008
Ps. Rawa Jabon Meruya,-6.201519,106.728401
Penas Kalimalang 1,-6.239263,106.877862
Plaza Senayan 1,-6.224748,106.798376
Plaza Senayan 2,-6.227047,106.798379
Pondok Indah 3,-6.267399,106.783749
Pool PPD,-6.154911,106.769716
Jln. Green Mansion,-6.158298,106.763929
Rusun Cakung Km2,-6.18453,106.935452
Sbr. Istora Senayan,-6.218067,106.798071
Sbr. Makam Wijaya Kusuma,-6.145109,106.775759
Sbr. Plaza Senayan,-6.224597,106.798165
Sbr. Sinabung,-6.234053,106.793023
Senayan City,-6.227767,106.798089
Simpang Jembatan Dua,-6.138236,106.793296
Simpang Mandala Timur Selatan,-6.172059,106.801116
Simpang Mandala Utara,-6.169751,106.801326
Sinabung,-6.233817,106.793184
SMKN 30,-6.235188,106.791388
Taman Harapan Indah,-6.143565,106.787526
Taman Permata Indah 1,-6.143862,106.781619
Taman Suropati 2,-6.19969,106.833202
Tanah Pasir,-6.130454,106.792621
Sbr. Kantor Walikota Jaksel,-6.248988,106.807097
Sbr. Puskesmas Cilandak Timur 1,-6.279059,106.814733
Taman Kudus,-6.202491,106.824708
Jln. Swadaya Utama Kalideres,-6.157231,106.702837
Sbr. Gg. SMPN 197,-6.170661,106.760332
SDN Kedoya Utara 01,-6.173748,106.759467
Sbr. SDN Kedoya Utara 01,-6.173841,106.759541
Sbr. SMAN 57 Jakbar,-6.17528,106.75871
Sbr. Jln. Adhikarya I,-6.177082,106.757964
Salwa Islamic School,-6.178502,106.757309
Jln. Pilar II,-6.182442,106.761656
Gg. Masjid Jami Al Iman,-6.182999,106.75921
Jln. Puri Kembangan,-6.18273,106.757767
Jln. Manunggal V,-6.181642,106.757633
Jln. H. Marzuki,-6.180698,106.757244
Jln. Benda Raya 4,-6.109831,106.698355
Jln. Benda Raya 1,-6.107483,106.700354
Pospol Tegal Alur,-6.104729,106.708149
Tegal Alur 6,-6.106068,106.708679
Tegal Alur 4,-6.109525,106.710938
Sbr. SDN Tegal Alur 06/07 & 21 Sore,-6.113733,106.71278
Simpang Jln. Lingkungan III,-6.114734,106.712008
Rumah Abu Purwah,-6.126365,106.724461
Jln. Kalindra II,-6.127991,106.725831
Sekolah Wawasan Nusantara,-6.142092,106.752642
Sbr. Jln. Berlian,-6.146518,106.750728
Sbr. Sekolah Wawasan Nusantara,-6.142011,106.752715
Jln. Adhikarya I,-6.177208,106.757781
SMAN 57 Jakbar,-6.175297,106.758588
Jln. Perternakan II,-6.146502,106.767134
Jln. Peternakan III,-6.141472,106.759301
SDN Kedaung Kaliangke 14,-6.143611,106.750791
Jln. Berlian,-6.146467,106.750795
Sbr. Masjid Al Barokah,-6.144081,106.763355
Sbr. Jln. Zamrud,-6.141224,106.751655
Sbr. SDN Kedaung Kaliangke 14,-6.143607,106.750731
Sbr. Jln. Peternakan III,-6.14154,106.759538
Sbr. Jln. Peternakan II,-6.146592,106.767227
Masjid Al Mujahidin,-6.148821,106.768812
Jln. Pertenakan Raya,-6.150101,106.771731
SMK PGRI 35,-6.145739,106.739229
Jln. Jati,-6.14704,106.737058
Sbr. SMK PGRI 35,-6.145685,106.739201
Yayasan Avicena Al Fath,-6.145148,106.741841
Sbr. Salwa Islamic School,-6.178617,106.757395
Jln. H. Musirin 2,-6.180426,106.760855
SDN Kedoya Selatan 01,-6.183632,106.761229
Pemakaman Wakaf Kedoya Utara,-6.170674,106.760199
Sbr. Komplek Polri Kalideres,-6.156683,106.704971
Sbr. Yayasan Avicena Al Fath,-6.144868,106.742173
Masjid Jami Al Mubarok,-6.328564,106.833394
Jln. Bang Pitung,-6.212594,106.783353
Jln. Jembatan Tinggi,-6.190112,106.812695
Slipi Kemanggisan 1,-6.190271,106.796849
Pasar Rumput 1,-6.207363,106.841524
Pasar Rumput 2,-6.20717,106.841618
RS Harapan Kita 1,-6.184915,106.796638
RS Harapan Kita 2,-6.184941,106.797242
Jembatan Baru 1,-6.155029,106.730794
Jembatan Baru 2,-6.154695,106.730574
Universitas Gunadarma,-6.213335,106.951255
Sbr. Mall Daan Mogot,-6.151116,106.715032
Gelora Hall Basket,-6.215303,106.798257
Slipi Kemanggisan 2,-6.190268,106.797409
Perpustakaan Riset BPK,-6.206333,106.8027
Sbr. DPR MPR 1,-6.208123,106.8042
Stadion GBK,-6.214401,106.799145
Graha Pejaten 2,-6.277266,106.840407
Jembatan Tiga Arah Utara,-6.133383,106.79267
Kebon Sirih Arah Selatan,-6.184195,106.8232317
Pancoran Tugu Arah Barat,-6.2433,106.84388
Asean,-6.239911,106.79897
Simpang Ragunan Ar-Raudhah,-6.294671,106.822135
Setiabudi Integritas,-6.209157,106.830202
Pancoran Tugu Arah Timur,-6.243082,106.84392
Jembatan Tiga Arah Selatan,-6.133377,106.79273
Sunter Kelapa Gading Arah Utara,-6.14293,106.890714
Sunter Kelapa Gading Arah Selatan,-6.142928,106.890928
Plumpang Arah Selatan,-6.128473,106.893784
Koja Arah Utara,-6.114165,106.893085
Koja Arah Selatan,-6.114384,106.893157
Plumpang Arah Utara,-6.128475,106.89373
Widya Chandra Telkomsel Arah Timur,-6.226484,106.817397
SPBU Gg. Swadaya III,-6.130437,106.729783
Perumahan KFT 1,-6.134665,106.729819
Jln. Gelong Baru Utara,-6.175678,106.79315
Sbr. Duta Indah Square 1,-6.137948,106.783643
Sbr. Simpang Bidara Raya,-6.137511,106.788113
Simpang Terusan Bandengan,-6.13747,106.792031
Simpang Bidara Raya,-6.137765,106.788171
Duta Indah Square 1,-6.138075,106.783452
Penjaringan 2,-6.127555,106.792365
Jln. Aladin,-6.143605,106.784672
Pintu Utara Green Garden,-6.161726,106.762887
Kedoya 1,-6.164578,106.76282
Kedoya 2,-6.164505,106.76317
Jln. Bangka II,-6.241207,106.819269
Jln. Bangka Raya,-6.254179,106.814418
Sbr. Ps. Klender,-6.21293,106.900747
Jembatan Tiga 2,-6.133343,106.79246
Tol Barat 2,-6.250045,106.99167
Bulak Kapal 3,-6.250708,107.02395
BTC 1,-6.258214,107.0207294
Kemensos Bekasi Timur,-6.254139,107.022369
Bulak Kapal 4,-6.251121,107.02366
Penjaringan 1,-6.126005,106.7917802
Cakung United Tractors 1,-6.183102,106.929355
Cakung United Tractors 2,-6.183354,106.929504
Musholla Nurul Islam Tipar Cakung,-6.173191,106.936107
Sbr. Musholla Nurul Islam Tipar Cakung,-6.173173,106.936233
Jln. Rusunawa Cakung Barat,-6.16836899,106.93433046
Sbr. Jln. Rusunawa Cakung Barat,-6.16842232,106.93446457
Komplek Rusun Griya Tipar Cakung,-6.17179299,106.93571448
Sbr. Komplek Rusun Griya Tipar Cakung,-6.1718409,106.935596
Sbr. JIEP Grha Dayaguna,-6.206844,106.917631
Sbr. Jln. Hang Lekir III,-6.229936,106.797644
Simpang Jln. Pakubuwono VI,-6.23314,106.797099
Hang Lekir,-6.231815,106.794504
Tomang Raya 2,-6.176951,106.800493
RSUD Tarakan 2,-6.170963,106.810325
Petojo 2,-6.169834,106.816857
Sbr. Sekolah PGRI Penggilingan,-6.217208,106.934008
Pasar Teluk Gong,-6.138233,106.78167
Jln. Tomang Utara 1,-6.16629964,106.7987448
Sbr. Klinik Dahlia Palmerah,-6.19513,106.787659
Jln. Salman Kb. Jeruk,-6.197946,106.776539
Sbr. Jln. Salman Kb. Jeruk,-6.197933,106.77629
Sbr. TK Nurul Ihsan Raya Pulo Gebang,-6.21421256,106.95551991
Gg. Asrama Palad,-6.21650571,106.95361018
Sbr. Jln. Kemandoran IV Palmerah,-6.206785,106.78573
Simpang Jln. RM Margono,-6.202135,106.816041
JIEXPO Kemayoran,-6.144845,106.848645
Akses Bawah Flyover Slipi,-6.201044,106.799406
SDN Pulogebang 02,-6.20358933,106.95568621
Sbr. SDN Pulogebang 02,-6.20361599,106.9557935
Gg. Adjid,-6.17448098,106.85788214
Sbr. Gg. Adjid,-6.17452898,106.85779095
Polsek Teluk Intan,-6.138351,106.786122
Jl. Gusti Permata,-6.139565,106.777777
Jl.Gusti Permata 1,-6.143698,106.778016
Sbr. Gusti Permata 1,-6.143678,106.777901
Sbr. Gusti Permata,-6.139596,106.777712
Sbr. Polsek Teluk Intan,-6.13811,106.786287
Sbr. Simpang Terusan Bandengan,-6.137152,106.791888
Bandengan Indah,-6.136777,106.796265
Lapangan Urip Sumoharjo,-6.213892,106.863112
Jln. Pulolio 2,-6.19343,106.906937
Jln. Rawa Terate III,-6.195285,106.910875
Jln. Pulokambing Raya 1,-6.198673,106.910239
Sbr. Jln. Pulosidik,-6.201941,106.910125
Jln. Pulo Ayang 1,-6.204828,106.912739
Jln. Pulo Ayang 2,-6.206231,106.913885
Sbr. Jln. Rawa Sumur II,-6.207998,106.917009
Sbr. Komplek Pergudangan JIEP,-6.203919,106.917556
Bundaran JIEP 2,-6.201342,106.917438
Jln. Rawa Gelam I,-6.198149,106.917346
Sbr. Pasifik Logistik Berikat,-6.194185,106.917162
Jln. Pulo Lentut,-6.189662,106.916997
Jln. Rawa Bali I,-6.186104,106.916868
Sbr. Jln. Rawa Bali I,-6.185608,106.917058
Sbr. Jln. Pulo Lentut,-6.189706,106.917232
Pasifik Logistik Berikat,-6.194044,106.917401
Sbr. Jln. Rawa Gelam I,-6.198065,106.91756
Bundaran JIEP 1,-6.20129,106.917658
Komplek Pergudangan JIEP,-6.203918,106.917754
Jln. Kp. Sumur,-6.210588,106.918007
Jln. Pulobuaran Raya 1,-6.213389,106.918093
Jln. Pulobuaran Raya 2,-6.213192,106.917857
Sbr. Jln. Kp. Sumur,-6.210588,106.917779
Jln. Rawa Sumur II,-6.208188,106.916895
Pasar Teluk Gong 1,-6.138125,106.781842
JIEP Grha Dayaguna,-6.206854,106.917882
Jln. Pulosidik,-6.201953,106.909868
Jln. Pulokambing Raya 2,-6.198571,106.910034
Jln. Pulo Kambing I,-6.196647,106.910672
Sbr. Jln. Rawa Terate III,-6.195302,106.910654
Jln. Pulolio 1,-6.193596,106.906772
St. Klender 3,-6.213714,106.90048
SDN Pekayon 09 Pagi,-6.3419698,106.8608039
Masjid Jami Imam Hanafi,-6.3452744,106.8610561
SMA 106 Jakarta,-6.3464946,106.8602464
Jln. Pendidikan Pekayon,-6.3472186,106.859709
SDN Pekayon 11,-6.346624,106.861595
SDN Pekayon 03,-6.3451205,106.862724
Gg. Merpati,-6.3444546,106.864768
Gg. H. Entong,-6.340673,106.868902
Jln. Gkpo Immanuel,-6.3404385,106.8669216
Depan Flyover Raya Bogor,-6.30647,106.86609
Putaran Pasar Rebo,-6.306777,106.86579
Akses Bawah Flyover Raya Bogor 2,-6.306687,106.864709
Akses Bawah Flyover Raya Bogor 3,-6.305959,106.86511
Jln. Pulo Ayang 3,-6.206227,106.913575
Jln. Pulo Ayang 4,-6.204276,106.91224
Sbr. Jln. Pulo Kambing I,-6.196729,106.910886
Simpang St. Senen,-6.176376,106.844109
Sbr. SDN Cempaka Putih Barat 03,-6.177401,106.858602
SDN 09 Pagi dan Petang,-6.231112,106.771847
Transport Hub Dukuh Atas,-6.201888,106.823784
Pengendapan JIEP,-6.20486,106.917525
Stasiun Cakung 1,-6.218956,106.952637
Jln. Pariaman,-6.209661,106.84508
Jln. Sultan Agung,-6.209154,106.847721
Gg. Subur Pesanggrahan,-6.254431,106.765013
Sbr. Gg. Subur Pesanggrahan,-6.254261,106.764825
Jembatan Sungai Landak 1,-6.104445,106.939674
Gg. Swadaya 1 F,-6.133471,106.937602
Jembatan Sungai Landak 3,-6.104387,106.939824
Sbr. Jln. Anyar Utara,-6.157613,106.778096
Jln. Anyar Utara,-6.1575515,106.778156
Tanah Merah,-6.142042,106.908619
Tanah Merah 2,-6.141422,106.907363
Simpang Jln. Malibu Raya,-6.136621,106.735503
Sbr. Jln. Malibu Raya,-6.136709,106.735487
SD Duri Kosambi 09,-6.166253,106.724616
Komplek Interkota Indah,-6.166199,106.724539
Museum Bahari 1,-6.127791,106.808406
Simpang Tiga Pulo Gebang Raya 2,-6.207045,106.95427
Sbr. Ps. Gembrong Cempaka Baru,-6.179937,106.859433
SDN Cempaka Putih Barat 03,-6.177294,106.85868
Jembatan Pesakih Semanan 2,-6.155756,106.716247
Sbr. Masjid Raya KH Hasyim Asyari,-6.1591254,106.717238
SMKS 1 Citra Adhi Pratama,-6.123564,106.730882
Golf Lake Residence,-6.1276508,106.73039
Gg. H. Rahman Pulo Gebang,-6.208816,106.957002
Simpang Banjir Kanal Timur,-6.212364,106.955977
SDN Kapuk Muara 03,-6.137923,106.76348
Jln. Kapuk Utara I,-6.140187,106.767293
Jln. Swadaya 4 Kapuk,-6.14101,106.770916
Jln. C. Teluk Gong,-6.1385027,106.778072
Sbr. Jln. C. Teluk Gong,-6.1386097,106.778357
Masjid Al Musyarofah Kapuk,-6.1414989,106.774219
Sbr. Jln. Swadaya 4 Kapuk,-6.1411866,106.770708
Sbr. Jln. Kapuk Utara I,-6.1404129,106.767273
Sbr. SDN Muara Kapuk 03,-6.1383262,106.763188
United Tractors 2,-6.183603,106.932413
Sbr. Masjid Al Musyarofah Kapuk,-6.14131,106.773849
Jln. Madrasah,-6.3425898,106.86093
Latuharhary 1,-6.202993,106.826775
Penas Kalimalang 2,-6.239205,106.878232
Ps. Gembrong Cempaka Baru,-6.180038,106.85958
MTsN 25 Jakarta,-6.21504882,106.89569378
Sbr. United Tractors Belakang,-6.18722,106.933342
Rusun PIK Penggilingan,-6.205682,106.929107
United Tractors Belakang,-6.187249,106.93321
SMP Pelita Tiga,-6.204245,106.873837
Utan Kayu Rawamangun 2,-6.197557,106.874243
Utan Kayu Rawamangun 1,-6.197461,106.873873
Pedati 4,-6.224863,106.875223
Samsat Jakarta Timur,-6.229495,106.876182
SPBU Jln. DI Panjaitan 2,-6.234979,106.87775
Lapangan Blok S,-6.237034,106.814301
Sbr. SMK Ristek Kikin,-6.206863,106.935245
Pemuda Rawamangun 1,-6.193355,106.891988
Sbr. SMPN 165,-6.224139,106.902753
Puskesmas Tambora,-6.147343,106.807131
Simpang Kampung Kandang 2,-6.310675,106.812998
Pintu Barat Ragunan 1,-6.310857,106.816274
Jln. Damai Musyawarah,-6.310581,106.805349
Simpang Adiaksa,-6.298081,106.774834
Sbr. Sekolah Charitas Pondok Labu,-6.304734,106.798908
Sbr. Yayasan Panti Nugraha,-6.304701,106.803989
Simpang Bango Tridharma Raya,-6.303372,106.804459
Simpang Tridharma Bango Raya,-6.303235,106.804553
Sekolah Charitas Pondok Labu,-6.304608,106.798844
Sbr. BBPK Jakarta,-6.30231,106.797969
Simpang Damai Raya H. Jian,-6.260636,106.805769
Gereja HKBP Cipete,-6.272414,106.800801
Jln. H Mahid,-6.292651,106.888881
Kesatrian Kowal Cut Nyak Dhien,-6.194786,106.814364
Sbr. Polsek Duren Sawit,-6.248008,106.916744
Sbr. Gg. Pos Komodor,-6.265372,106.883464
Gerbang Pemuda Arah Barat,-6.213906,106.80841
Gerbang Pemuda Arah Timur,-6.214159,106.809044
Sbr. Bidan Ningsih Joglo,-6.216013,106.729143
Kantor Lurah Cakung Barat,-6.173953,106.933672
Sbr. Kantor Lurah Cakung Barat,-6.174014,106.93354
Masjid Jami Al-Mujahidin,-6.170408,106.934758
Sbr. Masjid Jami Al-Mujahidin,-6.170508,106.934868
RPTRA Rusun Cakung Barat,-6.172817,106.93299
Sbr. RPTRA Rusun Cakung Barat,-6.172759,106.933033
Cakung Barat Tower,-6.169922,106.932786
Polisi Militer Pluit,-6.10917,106.77635
Sbr. Rusun Tipar Cakung,-6.17159,106.937391
RPTRA Rusun Tipar Cakung,-6.169219,106.938691
Pengendapan Moch. Kahfi II,-6.359481,106.807539
Sbr. Pengendapan Moch. Kahfi II,-6.359476,106.8077
Pancoran 3,-6.241448,106.835877
Jln. Komodor Halim,-6.265709,106.878667
Taman Intirub 3,-6.265848,106.877859
Jln. H. Kelik,-6.209929,106.759005
Jln. Bintaro Permai IV,-6.265717,106.756822
Sbr. Jln. Bintaro Permai IV,-6.265618,106.756741
Jln. Bintaro Tengah,-6.2696317,106.7546629
Jln. Taman Bintaro Barat,-6.2710197,106.7552776
Pool Taksi Tanah Kusir,-6.255691,106.777436
Kementan 2,-6.29463,106.82363
Masjid Jami Bintaro Raya,-6.2724436,106.7514653
Jln. Bintaro Utama I,-6.2723619,106.7541979
Kramat Sentiong 1,-6.188395,106.846447
Simpang Jln. Kramat Lontar,-6.189686,106.847198
Gerbang South City Cinere,-6.346676,106.776872
Gerbang Tol Brigif 2,-6.343374,106.797286
Sbr. Grand Lovina Residence,-6.337589,106.792229
Sbr. Bumi Pusaka Cinere,-6.336036,106.789723
Jln. Bumi Daya Raya,-6.334768,106.787005
SDN Cinere 01 02,-6.336166,106.78188
Jln. H. Jaeran Cinere,-6.338835,106.780685
Polsek Cinere,-6.341315,106.779586
Simpang Jln. St. Angke,-6.14354,106.80095
Jln. Jelambar Jaya 4,-6.151369,106.791664
Pengendapan Jln. Elang,-6.152972,106.923294
Cipinang 1,-6.213527,106.889956
Sbr. Tegal Alur 2,-6.1105047,106.7116093
Pasar Menceng,-6.12631,106.72217
Perum. Taman Kencana 1,-6.1267,106.72864
Ruko Sedayu Square,-6.1244,106.72992
Simpang Kapuk Kamal,-6.121389,106.731259
SDN Pejagalan 1,-6.138484,106.777655
Sbr. Jln. 21 Teluk Gong,-6.135259,106.777295
Sbr. Jln. Lele,-6.131332,106.777058
Jln. Tlk Nimbung,-6.12902,106.777147
Sbr. Jln. Lele Penjaringan,-6.129831,106.779437
Sbr. Jln. Teluk Utara,-6.132365,106.781853
Sbr. Jln. Komplek Mazda Raya Penjaringan,-6.1348,106.784084
Simpang Jln. Hanoman 6,-6.146648,106.784531
Sbr. Gg. Seni Abadi 2,-6.149889,106.784877
Jln. Jelambar Selatan XV,-6.150709,106.787032
Sbr. SMPN 159 Jakarta,-6.152082,106.796394
Simpang Jln. Jemb. Besi Raya,-6.151807,106.800666
Jln. Sawah Lio,-6.14705,106.80106
Kantor Lurah Pekojan,-6.13946,106.80051
Simpang Pemangalan Raya,-6.135199,106.806497
Jln. Pluit Dalam,-6.130154,106.79425
Jln. Komplek Mazda Raya Penjaringan,-6.134833,106.784005
Jln Teluk Utara,-6.13245,106.781764
Jln. Lele,-6.131284,106.777206
Jln. 21 Teluk Gong,-6.135295,106.777381
Sbr. SDN Pejagalan 1,-6.1385,106.77771
Sbr. Jln. Tlk Nimbung,-6.12904466,106.77722812
Cengkareng Business Center,-6.113455,106.691095
Sbr. Perum. Taman Kencana 1,-6.12688,106.72875
Jln Jaya 7,-6.12808,106.7258
Sbr. Pasar Menceng,-6.12637,106.7222
Sbr. Benda Raya 1,-6.1076,106.70032
Sbr. Jln. Benda Raya 4,-6.10988,106.69844
Sbr. SMPN 278 Jakarta,-6.11067,106.69793
Jln. Lele Penjaringan,-6.1298714,106.77939534
Rumah Abu Purwah 2,-6.12647,106.7244
Rumah Dinas BRI Cipete,-6.278045,106.806472
Gereja St. Stefanus,-6.291888,106.791696
Gg. Langga,-6.266543,106.881652
Antena III,-6.250129,106.791759
St. Palmerah 1,-6.209138,106.796946
Jln. Duren Tiga Raya,-6.25341,106.837249
STEKPI,-6.25555,106.849985
Jakarta International Velodrome,-6.193299,106.88942
Jln. Gunung Sahari IX,-6.153856,106.836185
Depo Transjakarta Pesing,-6.158262,106.765312
Simpang Jln. Surya Timur,-6.167913,106.76286
Parkir Puri Botanical,-6.217634,106.737391
Kantor Lurah Joglo,-6.220131,106.735505
Sbr. Jln. Djamar Joglo,-6.218994,106.73199
Yayasan As-Salam Joglo,-6.223482,106.731846
Jln. Arcadia Larangan Indah,-6.225742,106.730571
Sbr. Masjid Al Muhajirin Swadaya,-6.229117,106.730192
Jln. Swadaya V,-6.232088,106.730528
Kantor Kelurahan Larangan Utara,-6.231631,106.727857
Jln. Puri Beta Raya,-6.230616,106.726062
Sbr. Kantor Kelurahan Larangan Utara,-6.231485,106.728087
Masjid Al Muhajirin Swadaya,-6.2291,106.73007
Sbr. Jln. Arcadia Larangan Indah,-6.225748,106.730452
Sbr. Yayasan As-Salam Joglo,-6.223381,106.73182
Jln. Djamar Joglo,-6.21891,106.73199
Sbr. Kantor Lurah Joglo,-6.219987,106.73549
Sbr. Puri Botanical,-6.217589,106.737254
Jln. Al Mubarok Raya,-6.221293,106.731151
Jln. Al Mubarok II,-6.221289,106.731059
BS Puri Beta 2,-6.230588,106.723795
Gg. Kunir III,-6.133298,106.813623
Sbr. St. Bojong Indah,-6.160223,106.737438
Gg. Kopaja,-6.161222,106.734352
Sbr. Gg. Kopaja,-6.161159,106.734284
Puskesmas Kembangan,-6.181852,106.741796
Jln. Kembang Agung Utama,-6.181754,106.743022
Jln. Kembang Ayu,-6.184553,106.743063
Jln. Puri Indah Raya 1,-6.186496,106.744261
Jln. Puri Indah Raya 2,-6.186379,106.747516
Jln. Kembangan Abadi VII,-6.185929,106.750532
Pasar Puri Indah,-6.185297,106.753182
Sekolah IPEKA Puri,-6.186503,106.749724
Jln. Puri Indah Raya 3,-6.186719,106.745434
Sekolah Notre Dame,-6.18684,106.742145
Lippo Mall Puri,-6.18683,106.739575
Sbr. RS Pondok Indah Puri Indah,-6.186795,106.735612
Menara Mandiri Wijaya Kusuma,-6.158857,106.76896
Sbr. Simpang Jln. Surya Timur,-6.167794,106.762794
Ps. Keramik Panglima Polim,-6.251937,106.797287
Sbr. Cakrawala I Gg 3,-6.112328,106.914692
Sbr. Pintu Utara Green Garden,-6.161375,106.763176
Sbr. Cakrawala I Gg 1,-6.112416,106.915872
Jln. Kb. Pala II,-6.214527,106.861909
Sbr. Jln. Jeruk Raya,-6.330917,106.829158
Jln. Tanah Kusir 2,-6.258279,106.781587
St. Tj. Barat 1,-6.306797,106.839623
Grand Dhika City,-6.262149,107.018435
Symphony of The Sea,-6.1223,106.843935
Sbr. Kementerian PUPR,-6.236633,106.801954
Simpang Lebak Bulus Raya,-6.289281,106.771557
Kedutaan Besar Jepang,-6.191119,106.822804
Jln. Memberamo 2,-6.1303034,106.9230882
Jln. S. Citanduy Raya,-6.1293309,106.9244064
Sbr. Jln. S. Bengawan Solo,-6.1284844,106.9255233
Shelter Pasar Seni,-6.12554,106.839646
Gerbang Barat,-6.128862,106.833471
Dufan Selatan,-6.127339,106.834006
Ecovention,-6.128268,106.836727
Halilintar,-6.12284,106.834262
Pantai Indah,-6.121714,106.834394
Danau Monumen,-6.12397,106.84024
Shelter Ocean Dream Samudra,-6.12482,106.84176
Shelter Seaworld,-6.126699,106.84277
Shelter Gondola,-6.125294,106.841571
Transjakarta Ancol,-6.12723856,106.83082978
TOD,-6.133724,106.63553
Gerbang Timur,-6.122832,106.84413
Jln. Taman Kb. Sirih,-6.182679,106.816386
Mall Beach City,-6.117376,106.858241
Jln. Jeruk Purut,-6.291692,106.814078
Jln. Plumpang Semper,-6.130663,106.897099
Shelter Ombak Laut,-6.117245,106.856226
Beach Pool Selatan,-6.120813,106.847911
TransBende,-6.119298,106.852672
Beach Pool Utara,-6.12065,106.847853
Lagoon,-6.119833,106.85064
Masjid Ar-Raudhah,-6.293846,106.821474
Jln. Gopal Tanah Pasir,-6.129946,106.797824
Jln. Gg. Remaco,-6.129811,106.801446
Jln. Pedurenan,-6.277194,106.820336
Simpang Dharmawangsa Raya,-6.248443,106.806309
Ibnu Chaldun,-6.192503,106.877698
Sbr. SDN Jagakarsa 09,-6.319953,106.810704
Pos Pemadam Cipulir,-6.235493313,106.7719384
PLN GIS New Senayan,-6.227644085,106.7718803
Jln. Persatuan 1,-6.226329,106.771478
Jln. Persatuan 2,-6.226442578,106.7685564
Jln. H. Tohir 1,-6.225122,106.769991
Sbr. PLN GIS New Senayan,-6.227641834,106.7719362
Sbr. Pos Pemadam Cipulir,-6.235474647,106.7719995
Sbr. Jln. Mandor Hasan,-6.325141,106.895474
Jln. Mandor Hasan,-6.325111,106.895558
Yayasan Darul 'Izzah,-6.153734,106.730977
Perumahan Cengkareng Elok,-6.151179,106.731017
Sekolah Kasih Bagi Bangsa,-6.150334,106.731993
Jln. Nurul Amal,-6.149172,106.732009
Jln. Kincir Raya,-6.147748,106.732255
Simpang Jln. Fajar Baru Utara,-6.14669,106.73446
Jln. Fajar Baru 10,-6.146691,106.735577
Sbr. Jln. Tanamas,-6.145724,106.74501
Sbr. SMA Katolik Bintang Kejora,-6.146697,106.74772
Sbr. Jln. Waru 1B,-6.14804,106.74813
Sbr. Gg. Sumur,-6.14104,106.75367
Sbr. Jln. Kapuk Pulo Peternakan,-6.138839,106.755349
Masjid Al Barokah,-6.14394,106.763254
Sbr. Jln. Peternakan Raya,-6.148912,106.768808
Jln. Kapuk Pulo Peternakan,-6.138889,106.755321
ACS,-6.129259,106.647884
Gereja Jemaat Kiwi,-6.339041,106.87215
Terminal 1A,-6.129437,106.656463
Kargo,-6.122869,106.662157
Stasiun Kereta Bandara,-6.126999,106.653183
ACD,-6.129905,106.645687
Terminal 2,-6.12259,106.65267
Jln. Pedongkalan Raya,-6.14783,106.74992
Jln. Melati Indah,-6.14847,106.74983
Jln. Waru 1B,-6.14806,106.74803
SMA Katolik Bintang Kejora,-6.14685,106.747759
Jln. Tanamas,-6.14585,106.74511
Jln. Fajar Baru Utara,-6.146754,106.7346615
Masjid Nurul Amal,-6.146758,106.732675
Sbr. Jln. Kincir Raya,-6.147706,106.732386
Sbr. Jln. Nurul Amal,-6.148984,106.73213
Sbr. Sekolah Kasih Bagi Bangsa,-6.150411,106.731929
Jln. Nusa Indah,-6.151192,106.731147
Pasar Cengkareng,-6.15149,106.73073
Komplek Strada Cengkareng,-6.14674,106.735719
Pasar Cengkareng 1,-6.151463,106.728641
Jln. Zamrud,-6.141187,106.751617
Simpang Pramuka 1,-6.191823,106.873279
Simpang Pramuka 2,-6.192457,106.874554
Lebak Bulus 1,-6.289461,106.775019
TIP TOP Ciputat,-6.331969,106.748759
Ecomarket,-6.126352,106.837941
Ecopark,-6.123226,106.835371
Marina,-6.12219,106.830067
MCD,-6.120205,106.849975
Bande,-6.119273,106.854699
Lagoon Selatan,-6.119851,106.851091
Putri Duyung,-6.122595,106.839192
Pasar Genjing 1,-6.19448,106.860512
Sbr. Jln. Swadaya Utama Kalideres,-6.157486,106.702849
Royal Palem 2,-6.136572,106.733708
Royal Palem 1,-6.138033,106.733108
Jln. Kemang Raya Bangka,-6.271978,106.815199
Sbr. Cagar Budaya Batu Penggilingan,-6.199742,106.931625
Cagar Budaya Batu Penggilingan,-6.19982,106.93166
Jln. Raya Gudang Peluru,-6.117693,106.954127
Sbr. SMPN 231,-6.12599,106.924383
Sbr. Jln. Raya Gereja Tugu,-6.125047,106.923664
Gg. Bhineka I,-6.125248,106.921592
Masjid Al Hidayah Raya Tugu,-6.128482,106.917858
Sbr. Jln. Raya Gudang Peluru,-6.117751,106.9543
SMK Malahayati Marunda,-6.124274,106.957128
Jln. Sungai Kendal,-6.13934187,106.96893203
Jln. Peta Barat 2,-6.144507,106.701797
Gg. Musolah,-6.109386,106.70369
Jln. Darma Wanita 3,-6.154842,106.728007
Utan Kayu 1,-6.1926,106.864449
Utan Kayu 2,-6.192932,106.864505
Jln. Drainase Cakung 1,-6.12271,106.94054
Simpang Jln. Pulo Lentut,-6.189456,106.910404
SMAN 21,-6.18462,106.887504
Gedung Pompa Rawa Malang,-6.12618,106.940501
RW 10 Kelurahan Semper Timur,-6.124768,106.940525
TPU Semper,-6.11936,106.940539
Kampung Rawa Malang,-6.115301,106.940525
Kampung Bulak Cabe,-6.107954,106.940481
Sbr. Kampung Bulak Cabe,-6.107943,106.940579
Sbr. Rusun Pelindo Cilincing,-6.11187,106.940572
Sbr. Kampung Rawa Malang,-6.115296,106.940569
Sbr. TPU Semper,-6.119356,106.940591
Jln. Drainase Cakung 2,-6.122716,106.940575
Sbr. RW 10 Kelurahan Semper Timur,-6.124768,106.940565
Sbr. Gedung Pompa Rawa Malang,-6.126012,106.94058
Kantor Pos Cikini,-6.187198,106.836462
Flavor Bliss,-6.244152,106.650826
Olivia,-6.235809,106.659002
Mall,-6.22232,106.65501
IKEA,-6.220566,106.662876
Terminal 3,-6.11963,106.66687
IKEA JGC,-6.171735,106.95336
Renata,-6.223681,106.66344
Escala 1,-6.221311,106.658532
Escala 2,-6.223133,106.654803
Prominence,-6.228327,106.656763
Onyx,-6.235076,106.659931
Sports Center,-6.239559,106.657872
Sutera Utama,-6.2436,106.653625
Blok M Jalur 5,-6.24352454,106.80187762
Simpang Cipendawa 1,-6.298414,106.9841836
Komsen,-6.292867,106.959434
Simpang Cipendawa 2,-6.298157,106.9842236
Shelter PIK 2,-6.039902,106.696259
Nice,-6.05573,106.68815
San Antonio,-6.065454,106.692396
Sedayu Watertown,-6.068288,106.700565
Menara Syariah,-6.067936,106.705381
Aloha,-6.070722,106.713422
Pantai Pasir Putih 1,-6.075021,106.715967
Marketing Gallery,-6.080762,106.72034
Pantai Pasir Putih,-6.081725,106.720699
Thamrin CBD,-6.068146,106.707039
Spring Ville,-6.066049,106.692734
Tokyo Riverside Selatan,-6.041968,106.693331
Mega Kuningan PIK 2,-6.046159,106.695515
Simpang Jln. Kemenyan Sadar 1,-6.340393,106.812552
Simpang Jln. Kemenyan Sadar 2,-6.340433,106.812575
Sbr. Marketing Office Vida,-6.323381,106.985064
SMAN 55,-6.253441,106.838278
Pool BMP Ciputat,-6.338867,106.749601
Jln. H. Abdul Kodir,-6.268463,106.80873
Simpang Parung Bingung 1,-6.394852,106.773347
Simpang Parung Bingung 2,-6.394896,106.773218
Komplek Pusbinal,-6.245315,106.901732
Mall Bellanova Sentul,-6.565897,106.844813
Sentul,-6.5318515,106.851737
Term. Sawangan,-6.402891,106.771737
Simpang Sentul,-6.531293,106.85176
Botani Square,-6.601931,106.806343
Exit Tol Desari 1,-6.395414,106.782752
Exit Tol Desari 2,-6.395577,106.782866
Simpang Empat 2,-6.08768,106.73211
Monumen Pancakarsa,-6.532481,106.853647
Woodlinx Indonesia,-6.272803,106.821395
Jln. Tiang Dua Sawangan,-6.396032,106.778268
Gg. H. Sara Sawangan,-6.396044,106.776901
Simpang Empat 1,-6.086658,106.732805
Gapura Rusun Pulo Jahe,-6.19497,106.932009
Jln. Villa Utama,-6.248358,106.989007
Jembatan Chandrabaga,-6.248011,106.977509
Jln. Borobudur Malabar,-6.249793,106.967513
Grand Kota Bintang,-6.249426,106.957556
Jln. Satria Raya,-6.247456,106.977307
Rumah Sakit Kayuringin Kalimalang,-6.248133,106.983735
Jln. Lele Kayuringin,-6.247482,106.990111
GOR Betos Cut Mutia,-6.253622,107.009717
Rawa Baru Cut Mutia,-6.254882,107.006722
Unisma,-6.256671,107.005371
Sbr. Unisma,-6.256588,107.00509
Melati Cut Mutia,-6.254313,107.006918
Sbr. GOR Betos Cut Mutia,-6.252882,107.010894
Sbr. Pintu Ragunan Barat,-6.310513,106.816031
Gg. Ikhlas,-6.339249,106.835719
RS Pusat Pertamina 1,-6.240963,106.793305
Sbr. Simpang Meruya Selatan Saaba,-6.215043,106.737758
Masjid At Tin,-6.298148,106.883111
BP3IP Sunter,-6.137721,106.875825
RPTRA Rawasari Ceria,-6.191507,106.858505
Sbr. RPTRA Rawasari Ceria,-6.191556,106.858564
Sbr. Depo Damri Cawang,-6.244892,106.8776
Swasembada Barat XXII,-6.117123,106.885078
RS Pondok Indah Puri Indah,-6.186634,106.735512
Sbr. Jln. Agung Indah 3,-6.143097,106.873903
Polimedia,-6.345808,106.827057
Sbr. TK Tunas Muda I IKKT,-6.196087,106.793533
Samping RS Patria IKKT,-6.196944,106.792831
Sbr. Jln. H. Daud Srengseng,-6.2158155,106.7696139
Jln. Taman S. Parman,-6.171029,106.788977
Museum Sejarah Jakarta 1,-6.133757,106.812624
Institut Teknologi Budi Utomo,-6.221618,106.93914
Bimbel Calistung,-6.222933,106.93901
Jln. Buaran III,-6.22065,106.91916
Koperasi Serba Usaha,-6.222036,106.89954
LP Cipinang,-6.214568,106.88574
Jln. Bekasi Timur V,-6.21507,106.87685
Jln. Jatinegara Timur II,-6.218464,106.87018
Jln. Mawar Merah VI,-6.2211,106.93749
Jln. Mawar Merah 3 Selatan,-6.22392,106.93857
Jln Bunga Rampai Raya Utara,-6.22469,106.93654
RPTRA Bunga Rampai Raya,-6.2246,106.9337
Simpang Jln. Bunga Rampai Raya,-6.22454,106.93248
Jln. Malaka 4,-6.22595,106.93134
Sbr. Jln. Malaka Raya 4,-6.227409,106.928276
Jln. Malaka Raya Gg. 1,-6.22511,106.92668
Jln. Delima VI,-6.22272,106.92638
Buaran Raya 2,-6.22051,106.92268
Jln. Lkr. Duren Sawit,-6.22151,106.91501
Jln. Duren Sawit Barat,-6.22125,106.91103
Yudistira,-6.22111,106.91009
Sbr. Jln. Dermaga Baru,-6.22134,106.90655
Sbr. Jln. Kapuk Dermaga,-6.21988,106.90283
Sbr. Gg. H. Iyang,-6.21903,106.90085
Simpang Cipinang Muara 2,-6.22324,106.89868
Terminal 1B,-6.130107,106.654756
Halte Grand,-6.24888,106.985948
TK Angkasa 5,-6.261783,106.886133
SDN Pondok Bambu 04,-6.22315,106.8962
Jln. Cipinang Elok,-6.2237,106.88888
Jln. Cipinang Elok II,-6.22239,106.88621
Sbr. SMAN 53,-6.2211,106.8861
Gg. Swadaya V,-6.21724,106.88701
Jln. Cipinang Latihan,-6.21621,106.88682
Sbr. Gg. Swadaya V,-6.217144,106.88709
Sbr. Jln. Cipinang Elok II,-6.222249,106.886357
Sbr. Jln. Cipinang Elok,-6.223568,106.88889
Sbr. Jln. Cipinang Muara 2,-6.223188,106.893763
Sbr. SDN Pondok Bambu 04,-6.223104,106.896347
Jln. Kapuk Dermaga,-6.21984,106.90284
Jln. Chober,-6.2212,106.90714
Sbr. Yudistira,-6.22106,106.90999
Sbr. Jln. Duren Sawit Dermaga,-6.22096,106.91267
Sbr. Jln. Lkr. Duren Sawit,-6.221367,106.915031
Sbr. Buaran Raya 2,-6.220418,106.92255
Sbr. Jln. Demila VI,-6.222798,106.926496
Sbr. Jln. Malaka Raya Gg. 1,-6.225259,106.926797
Jln. Malaka Raya 4,-6.22731,106.92837
SMAN 53,-6.221102,106.886189
Jln. Krendang Utara,-6.147955,106.804679
Jln. Agung Indah 3,-6.142981,106.873567
Jembatan Pekojan 3,-6.14186,106.800642
Jln. Bandengan Utara Raya,-6.13635,106.80107
Masjid Alhidayah,-6.15353,106.80169
Jln. Krendang Selatan 1,-6.15394,106.80223
SDN Duri Utara 01,-6.15408,106.8037
Sekolah Garuda,-6.1545,106.80518
Komplek Garuda,-6.15408,106.80701
Jln. Subur,-6.165898,106.80277
Jln. Arteri Klp. Gading 2,-6.173105,106.913893
Puri Botanical Meruya Selatan,-6.216389,106.73753
Sbr. SMK PGRI 11 Jakarta,-6.14155,106.95369
Jln. Rorotan VI GG 1,-6.141592,106.952497
Rusun Padat Karya,-6.1442487,106.947873
Jln. H. Satriya,-6.141558,106.952394
SMK PGRI 11 Jakarta,-6.141502,106.95359
Kantor Kelurahan Palmeriam,-6.207031,106.861643
Ps. Pal Meriam,-6.205144,106.860393
Sbr. Puskesmas Palmeriam,-6.205553,106.858883
Jln. Arteri Klp. Gading 3,-6.174057,106.9138736
Jln. Rorotan VI,-6.141429,106.955596
Rusun Daan Mogot,-6.160795,106.716741
Sbr. Rusun Daan Mogot,-6.160819,106.716897
Pemadam Jagakarsa,-6.315442,106.811651
Perlintasan Bendi Utama,-6.2496,106.7745
Jln. Mastrip,-6.30665,106.87794
Indosiar 4,-6.163158,106.774183
Sbr. Masjid Nurul Iman Palmerah,-6.203893,106.787549
RPTRA Joglo,-6.223039,106.734561
Sbr. RPTRA Joglo,-6.22307,106.734843
Jln. Lontar V,-6.121165,106.910913
Warkop Sarena,-6.121064,106.913267
Perempatan Jln. Mahoni No.1A,-6.118279,106.913367
Perempatan Jln. Mahoni No.45,-6.116412,106.913463
Simpang Jl. Lontar V,-6.121166,106.9100286
Jln. Walang Baru VIIA,-6.124792,106.9058897
Jln. Walang Baru Raya,-6.1253804,106.9057851
Jln. Damai 74,-6.353245,106.801453
Masjid Nurussalam Slipi,-6.197954,106.793115
Jln. Mebel,-6.322249,106.87697
Mampang VI,-6.246821,106.826244
Sbr. Jln. Mebel,-6.322037,106.877039
Universitas Paramadina,-6.314085,106.906893
Sbr. Universitas Paramadina,-6.313963,106.906757
Taman Intirub 4,-6.265608,106.877359
Jln. Nusa I Cililitan,-6.26447,106.871292
Sbr. Paud Al Arif,-6.291757,106.855033
Sbr. Jln. Anggrek Cililitan,-6.265546,106.861358
Paud Al Arif,-6.291787,106.854991
Balai Proteksi Tanaman,-6.356863,106.890258
Sbr. Balai Proteksi Tanaman,-6.356879,106.890122
Gang H. Mansur,-6.220236,106.738936
Komplek DPR/MPR,-6.218987,106.73738
Sbr. Puri Botanical 2,-6.216582,106.737442
Sbr. Univ. Mercu Buana 1,-6.210853,106.737778
Sbr. Univ. Mercu Buana 2,-6.209714,106.738025
Jln. H. Merin,-6.206079,106.738285
Simpang Meruya Saaba,-6.214744,106.737722
Sbr. Komplek DPR/MPR,-6.218763,106.737398
Biker Plus Joglo,-6.220089,106.738724
Sbr. SPBU Joglo,-6.220314,106.740625
Koperasi Usaha Kelurahan Grogol,-6.164028,106.794375
Sbr. Pasar Grogol,-6.162982,106.796643
Yayasan Al-Muhadjirin Grogol,-6.158782,106.796097
IPAL Grogol,-6.158907,106.792721
Jln. Dr. Makaliwe II,-6.161712,106.791496
Jln. Dr. Makaliwe I,-6.161675,106.796174
Pasar Grogol,-6.162341,106.796742
Sbr. Sekolah Muhammadiyah Grogol,-6.163317,106.793447
Sbr. UHAMKA,-6.307117,106.873141
SDN Susukan 09 Pagi,-6.30512,106.872706
Sbr. Uhamka Kampus B,-6.303862,106.870943
Sbr. Mushola Al-Murtado Ciracas,-6.303463,106.867825
Banggalawa Hotel,-6.30326,106.867062
FEB Uhamka,-6.304861,106.866078
Simpang Ps. Jumat,-6.289086,106.771167
Rusun Pelindo Cilincing,-6.112471,106.940519
Gg. H. Abdul Wahab,-6.254462,106.826383
Permata Hijau 1 Arteri,-6.221879,106.783854
Simprug 3,-6.234013,106.786561
Simprug 4,-6.233851,106.786415
Stasiun Jatinegara 1,-6.215398,106.868838
TKIT Puzzle,-6.331736,106.820549
Sbr. TKIT Puzzle,-6.331556,106.820549
Jln. Rini Ampera Raya,-6.288252,106.818388
Universitas Mpu Tantular,-6.226034,106.876847
Gang Reva,-6.125872,106.877139
Jln. Tirta Sari,-6.199644,106.873374
Jln. Makmur VI,-6.310418,106.86719
Jln. Manggis Pangeran Jayakarta,-6.139928,106.820651
Jln. Pam Baru,-6.204511,106.809219
SDN Lebak Bulus 04,-6.307311,106.78075
Jln. Tebet Timur Dalam VIII X,-6.242073,106.857548
Gereja Bethel Mawar Saron,-6.146829,106.912574
Kantor Kesehatan Pelabuhan 1,-6.111447,106.875273
Satuan Angkutan Perairan,-6.110271,106.878882
Pelni,-6.106975,106.880753
Museum Maritim Indonesia,-6.107066,106.883687
Simpang 8,-6.107361,106.890358
Pelindo,-6.108735,106.882959
KSOP Utama Tanjung Priok,-6.109693,106.880363
Kesehatan Pelabuhan 2,-6.111592,106.875311
Polsek Ciracas,-6.290099,106.871429
Sbr. Gg. H. Sain,-6.3558,106.87443
Sumur Bor 2,-6.153118,106.718416
Jln. Pondok Randu,-6.170589,106.727683
Karya Baru,-6.212955,106.783292
Simpang Madrasah Jln. H. Kelik,-6.209277,106.760977
Nuansa Cilangkap,-6.343057,106.903172
Masjid Al-Mubarok,-6.22859,106.75237
Depan SDN 06 Petukangan Utara,-6.225074,106.758134
Jln. Palem VIII Petukangan,-6.224957,106.75935
Sbr. Taman Alfa Indah Blok J,-6.223983,106.756618
Taman Alfa Indah Blok K,-6.223002,106.755833
Sbr. Taman Alfa Indah Blok F,-6.221622,106.754231
Taman Alfa Indah Blok F,-6.221622,106.754332
Sbr. Taman Alfa Indah Blok K,-6.222812,106.755836
Taman Alfa Indah Blok J,-6.22398,106.756874
Kampung Rambutan 1,-6.30955,106.881859
Pasar Cakung,-6.182474,106.935491
Ruko Harapan Indah,-6.164138,106.97471
Kantor Kecamatan Medan Satria,-6.180809,106.97371
Cakung Park,-6.19061,106.968591
Sbr. Cut Mutia 3,-6.25983,107.002874
Cut Mutia 5,-6.261772,106.998722
Cut Mutia 6,-6.26013,106.995965
Pekayon Ahmad Yani,-6.256687,106.991033
Simpang Pekayon Ahmad Yani,-6.255577,106.990605
Ruko Jakasampurna,-6.249171,106.970456
Sbr. Simpang Pekayon Ahmad Yani,-6.256384,106.991094
Simpang Rw. Panjang Ahmad Yani,-6.258797,106.994226
Cut Mutia 4,-6.260739,106.99719
Sbr. Cut Mutia 5,-6.26156,106.99871
Cut Mutia 3,-6.25989,107.002524
Blok M Jalur 6,-6.243573,106.801877
Swadaya Slipi,-6.19677,106.798047
Sekolah Ibu Pertiwi,-6.19427,106.797634
Jln. Chandrabaga,-6.251047,106.979074
Kedasih,-6.30005,107.166582
Kasuari,-6.29972,107.16333
Boulevard Arcade,-6.30034,107.15268
Rukan Golf Island Blok L,-6.092104,106.746271
Ebony 1,-6.08613,106.73712
Cafe Walk,-6.278034,107.047399
Living Plaza Cikarang,-6.298812,107.148946
Hollywood Junction,-6.292992,107.170464
Ebony 2,-6.08694,106.73285
Jln. Industri Raya 2,-6.313811,107.141298
Shibuya,-6.038719,106.695139
North Point,-6.050311,106.694243
Verde,-6.05771,106.68565
Osaka,-6.05739,106.68057
Riverside,-6.062179,106.689062
Central Market,-6.091779,106.746561
Cluster Tampa,-6.065548,106.689905
Cluster Nashville,-6.066763,106.68993
Cluster Springville,-6.066848,106.690039
Cluster Atlanta,-6.062965,106.685399
Cluster Scarlet,-6.061853,106.685256
Cluster Magenta,-6.062119,106.685382
Cluster Cleveland - Virginia,-6.063781,106.687437
Magenta,-6.065431,106.689903
Osaka Residence,-6.057379,106.68035
Euro Asia,-6.05315,106.68351
Simprug Residences,-6.05267,106.68675
Cluster Hawai / Longbeach / Miami,-6.047808,106.691967
Cluster Denver / Arcadia,-6.048354,106.690432
Cluster Florida,-6.030535,106.637421
Cluster Alabama,-6.030451,106.63648
Cluster Baltimore,-6.02977,106.63612
Cluster California,-6.027984,106.636179
Cluster Dallas,-6.024034,106.63687
Cluster Georgia,-6.020843,106.637498
Rukan Millennials,-6.02357,106.63818
District Otomotif,-6.05392,106.69838
BNI,-6.06457,106.70019
Menara Syariah 1,-6.0657,106.70753
Spike Airdome,-6.06484,106.69969
Cluster Palm Spring,-6.0620561,106.6947325
Cluster Riverside & Oranges Grove,-6.0602991,106.6917629
Cluster San Antonio,-6.064806,106.695294
NICE East Gate,-6.05622,106.69413
Center Point,-6.046422,106.695074
Galaxy,-6.049351,106.69926
Indonesia Design District,-6.050652,106.703511
Community Park 1,-6.05856,106.70861
The Bund,-6.064474,106.709286
Community Park,-6.059138,106.708365
Senopati Villas,-6.052014,106.704977
Universitas Tarakanita,-6.23585,106.93051
Arista 1,-6.23799,106.93088
Arista 2,-6.23803,106.93102
Simpang Janur,-6.23971,106.9307
Jln. Kelapa Muda 1,-6.23981,106.92852
Lapangan Kp. Tipar,-6.23971,106.9265
Jln. Mayang,-6.2395,106.92335
TK Islam Al Muhajirin,-6.2414,106.92276
Klp. Kuning Raya 1,-6.24403,106.92244
Klp. Kuning Raya 2,-6.24604,106.92357
RPTRA Ikapola,-6.24706,106.93519
Pd. Kelapa Raya 1,-6.24434,106.93454
Pd. Kelapa Raya 2,-6.24166,106.93426
Pemadam 2,-6.23937,106.9343
SMAN 91 Jakarta,-6.23944,106.93251
Jln. Satu Maret,-6.13119,106.70353
Jln. Tanjung Pura,-6.13329,106.70207
Musholah Al Ikhlas Maja,-6.13164,106.70012
TK Pertiwi Tanjung Pura,-6.12984,106.69799
Mentari Intercultural School,-6.12605,106.69988
Samping SMAN 95,-6.12556,106.70312
Jln. Rajawali Utara,-6.13357,106.84524
Rusun Bandar Kemayoran Tower 2,-6.13694,106.84575
Rusun Bandar Kemayoran Tower 5,-6.13865,106.84584
Jln. Rajawali Selatan Raya,-6.14315,106.84496
JIEXPO Kemayoran Pintu 2,-6.14504,106.84866
Rusunawa Ujung Menteng,-6.18608,106.97038
Raya Bekasi I,-6.19175,106.97067
Raya Bekasi II,-6.19197,106.97055
Rusun Rawa Bebek II,-6.20007,106.96579
Rusun Rawa Bebek 1,-6.20009,106.96574
Halte Metland Menteng,-6.18885,106.96413
Taman Terpadu Pademangan,-6.14344,106.84161
Kav. Marinir Kalimalang,-6.247975,106.92659
Jln. Tanjung Pura II,-6.12956,106.697691
Sbr. Simpang Patra Kepa,-6.1784669,106.7795134
Mako Paspampres,-6.174852,106.815808
Sbr. Jln. Parang Tritis Raya,-6.129779,106.822003
Ps. Palmerah 1,-6.207144,106.797271
Tokyo Chikusei,-6.040245,106.692507
Jln. Industri Raya 1,-6.31086,107.1433
Permata Hijau RS Medika 1,-6.219258,106.778909
Sbr. RS Pelni Petamburan,-6.192631,106.805643
Tanah Kusir Kodam 2,-6.25732,106.78156
Puskesmas Kec. Grogol Petamburan,-6.149895,106.776583
Jln. Cendrawasih 2,-6.25642,106.780297
Sbr. Kantor Kelurahan Bambu Apus,-6.3059,106.90665
Kantor Kelurahan Bambu Apus,-6.30574,106.90677
Sbr. RSUD Cipayung,-6.3073,106.905689
Masjid Jami' Al-Itisham,-6.31067,106.90582
Simpang Jln. Mini I,-6.30873,106.90607
Sbr. Jln. Panti Sosial TKI,-6.30514,106.90835
Jln. Panti Sosial TKI,-6.30518,106.90833
Jln. Mini I Terusan,-6.30944,106.90578
Sbr. Masjid Jami' Al-Itisham,-6.31086,106.90578
RSUD Cipayung,-6.307316,106.905627
Halte Manggarai Temporer 1,-6.209127,106.847159
Halte Manggarai Temporer 2,-6.209383,106.847603
Sahid Sudirman Center,-6.211581,106.817992
Muara Karang Raya,-6.116812,106.780164
Jln. SMPN 180,-6.319752,106.901457
Simpang RP Soeroso,-6.191676,106.836118
Jln. Salihara,-6.282732,106.838159
Cawang Sentral 1,-6.250658,106.873748
Pasadena,-6.06226,106.6382
Marketing Gallery Pasadena,-6.05677,106.64093
Tzu Chi School,-6.03399,106.64083
District 36,-6.03055,106.63868
Permata Hijau Residence,-6.02192,106.6377
Bizpark,-6.01917,106.63659
Pasir Putih Residences,-6.02786,106.67983
Soho Manhattan,-6.02937,106.68429
Marina Bay Loft,-6.03178,106.68873
Pasir Putih Residences 1,-6.02837,106.67961
Marketing Office Millenials,-6.0249,106.63918
Rukan Millennials 1,-6.02369,106.63836
Cluster Dallas 1,-6.02406,106.63702
Chevalier School,-6.02591,106.63682
Cluster California 1,-6.02772,106.63634
Cluster Baltimore 1,-6.02967,106.63625
Cluster Alabama 1,-6.03033,106.63657
Cluster Florida 1,-6.0304,106.63751
Sbr. District 36,-6.03042,106.63864
Tzu Chi School 1,-6.03356,106.64113
Marketing Gallery Pasadena 1,-6.05674,106.64126
Pasadena 1,-6.06226,106.63862
Pertigaan Duren Tiga Raya,-6.254231,106.827971
Jln. Boulevard Bukit Gading Raya,-6.161801,106.893004
Simpang Anggrek Rosliana Garuda,-6.194662,106.794881
Universitas Pancasila,-6.339371,106.83396
Universitas Pancasila 2,-6.342183,106.83335
Anggrek Rosliana 1,-6.195184,106.7946
Anggrek Rosliana 2,-6.195253,106.79473
Sbr. SMA 23,-6.172662,106.798103
Jln. Gedong Panjang 1,-6.133254,106.806
Sbr. Jln. Palmerah Utara II,-6.202382,106.798625
Kober Ulujami,-6.253363,106.764727
Slipi Petamburan 2,-6.20118,106.799804
H. Moh Nail,-6.379388,106.850351
Epicentrum Selatan,-6.22414,106.83303
Kuningan 1,-6.227471,106.83328
Patra Kuningan 2,-6.231311,106.83301
Kuningan Timur 1,-6.235112,106.82885
Setiabudi Integritas 1,-6.210363,106.83059
Tugu Insurance,-6.215254,106.830852
Halimun 1,-6.205097,106.832551
