{
"type": "FeatureCollection",
"name": "pow_solar_accumulated",
"crs": { "type": "name", "properties": { "name": "urn:ogc:def:crs:OGC:1.3:CRS84" } },
"features": [
{ "type": "Feature", "properties": { "asset_id": "BRT-001", "asset_name": "Halte CSW Integrasi", "category": "brt", "category_display": "Halte BRT TransJakarta", "city_regency": "Jakarta Selatan", "postal_code": "12160", "source_raw_file": "data/raw/transjakarta/transjakarta_stations.csv", "raw_lat": -6.23994, "raw_lon": 106.79843, "google_building_id": "buildings/GhIJn1JxqKH1GMAREbOc1hqzWkA", "google_maps_url": "https://www.google.com/maps/search/?api=1&query=-6.239901,106.798672", "google_center_lat": -6.2399009, "google_center_lon": 106.7986716, "spatial_drift_meters": 27.06, "drift_status": "VALID (< 30m)", "imagery_date": "2025-08-16", "quality_tier": "BASE", "whole_roof_area_m2": 1111.11, "max_roof_area_m2": 856.11, "roof_suitability_ratio_pct": 77.0, "building_footprint_m2": 1276.93, "roof_coverage_ratio_pct": 87.0, "gap_unsegmented_pct": 13.0, "gap_unsegmented_m2": 165.82, "gap_unpanelled_m2": 255.0, "total_gap_m2": 420.83, "total_segments_count": 8, "pitch_range": "1.8° – 21.8°", "weighted_pitch_deg": 7.2, "max_panels_count": 436, "sunshine_hours_annual": 1626.39, "panel_capacity_wp": 400, "installed_capacity_kwp": 174.4, "google_dc_mwh": 263.14, "annual_generation_kwh": 226913.3, "annual_generation_mwh": 226.91, "carbon_offset_factor": 809.0, "ghg_reduction_tons_co2": 183.57, "path_dsm_geotiff": "data/raw/solar/data_layers/dsm/brt/brt-001_dsm.tif", "path_rgb_geotiff": "data/raw/solar/data_layers/rgb/brt/brt-001_rgb.tif", "path_mask_geotiff": "data/raw/solar/data_layers/mask/brt/brt-001_mask.tif", "path_flux_geotiff": "data/raw/solar/data_layers/annual_flux/brt/brt-001_annual_flux.tif", "preview_rgb_png": "data/processed/previews/brt-001_rgb.png", "preview_panels_png": "data/processed/previews/brt-001_panels_overlay.png", "preview_segments_png": "data/processed/previews/brt-001_segments_overlay.png", "preview_dsm_png": "data/processed/previews/brt-001_dsm_elevation.png", "preview_mask_png": "data/processed/previews/brt-001_roof_mask.png", "preview_flux_png": "data/processed/previews/brt-001_flux_heatmap.png", "gap_category": "Gap Sedikit" }, "geometry": { "type": "Point", "coordinates": [ 106.79843, -6.23994 ] } },
{ "type": "Feature", "properties": { "asset_id": "BRT-002", "asset_name": "Halte Tosari", "category": "brt", "category_display": "Halte BRT TransJakarta", "city_regency": "Jakarta Pusat", "postal_code": "10310", "source_raw_file": "data/raw/transjakarta/transjakarta_stations.csv", "raw_lat": -6.19709, "raw_lon": 106.82306, "google_building_id": "buildings/GhIJR4iIV9_JGMARL9PH6a20WkA", "google_maps_url": "https://www.google.com/maps/search/?api=1&query=-6.197089,106.823058", "google_center_lat": -6.1970894, "google_center_lon": 106.8230583, "spatial_drift_meters": 0.2, "drift_status": "VALID (< 30m)", "imagery_date": "2025-08-16", "quality_tier": "BASE", "whole_roof_area_m2": 323.85, "max_roof_area_m2": 215.99, "roof_suitability_ratio_pct": 66.7, "building_footprint_m2": 356.98, "roof_coverage_ratio_pct": 90.7, "gap_unsegmented_pct": 9.3, "gap_unsegmented_m2": 33.13, "gap_unpanelled_m2": 107.86, "total_gap_m2": 140.99, "total_segments_count": 2, "pitch_range": "11.2° – 42.4°", "weighted_pitch_deg": 32.9, "max_panels_count": 110, "sunshine_hours_annual": 1511.26, "panel_capacity_wp": 400, "installed_capacity_kwp": 44.0, "google_dc_mwh": 57.79, "annual_generation_kwh": 53196.3, "annual_generation_mwh": 53.2, "carbon_offset_factor": 809.0, "ghg_reduction_tons_co2": 43.04, "path_dsm_geotiff": "data/raw/solar/data_layers/dsm/brt/brt-002_dsm.tif", "path_rgb_geotiff": "data/raw/solar/data_layers/rgb/brt/brt-002_rgb.tif", "path_mask_geotiff": "data/raw/solar/data_layers/mask/brt/brt-002_mask.tif", "path_flux_geotiff": "data/raw/solar/data_layers/annual_flux/brt/brt-002_annual_flux.tif", "preview_rgb_png": "data/processed/previews/brt-002_rgb.png", "preview_panels_png": "data/processed/previews/brt-002_panels_overlay.png", "preview_segments_png": "data/processed/previews/brt-002_segments_overlay.png", "preview_dsm_png": "data/processed/previews/brt-002_dsm_elevation.png", "preview_mask_png": "data/processed/previews/brt-002_roof_mask.png", "preview_flux_png": "data/processed/previews/brt-002_flux_heatmap.png", "gap_category": "Gap Sedikit" }, "geometry": { "type": "Point", "coordinates": [ 106.82306, -6.19709 ] } },
{ "type": "Feature", "properties": { "asset_id": "BRT-003", "asset_name": "Halte Bundaran Senayan", "category": "brt", "category_display": "Halte BRT TransJakarta", "city_regency": "Jakarta Selatan", "postal_code": "10270", "source_raw_file": "data/raw/transjakarta/transjakarta_stations.csv", "raw_lat": -6.22787, "raw_lon": 106.80094, "google_building_id": "buildings/ChIJSZk-Wk_xaS4R62r5YxG5ot0", "google_maps_url": "https://www.google.com/maps/search/?api=1&query=-6.227873,106.800941", "google_center_lat": -6.2278729, "google_center_lon": 106.800941, "spatial_drift_meters": 0.34, "drift_status": "VALID (< 30m)", "imagery_date": "2025-08-16", "quality_tier": "BASE", "whole_roof_area_m2": 227.93, "max_roof_area_m2": 178.68, "roof_suitability_ratio_pct": 78.4, "building_footprint_m2": 246.99, "roof_coverage_ratio_pct": 92.3, "gap_unsegmented_pct": 7.7, "gap_unsegmented_m2": 19.06, "gap_unpanelled_m2": 49.24, "total_gap_m2": 68.31, "total_segments_count": 1, "pitch_range": "13.0° – 13.0°", "weighted_pitch_deg": 13.0, "max_panels_count": 91, "sunshine_hours_annual": 1620.6, "panel_capacity_wp": 400, "installed_capacity_kwp": 36.4, "google_dc_mwh": 56.92, "annual_generation_kwh": 47191.94, "annual_generation_mwh": 47.19, "carbon_offset_factor": 809.0, "ghg_reduction_tons_co2": 38.18, "path_dsm_geotiff": "data/raw/solar/data_layers/dsm/brt/brt-003_dsm.tif", "path_rgb_geotiff": "data/raw/solar/data_layers/rgb/brt/brt-003_rgb.tif", "path_mask_geotiff": "data/raw/solar/data_layers/mask/brt/brt-003_mask.tif", "path_flux_geotiff": "data/raw/solar/data_layers/annual_flux/brt/brt-003_annual_flux.tif", "preview_rgb_png": "data/processed/previews/brt-003_rgb.png", "preview_panels_png": "data/processed/previews/brt-003_panels_overlay.png", "preview_segments_png": "data/processed/previews/brt-003_segments_overlay.png", "preview_dsm_png": "data/processed/previews/brt-003_dsm_elevation.png", "preview_mask_png": "data/processed/previews/brt-003_roof_mask.png", "preview_flux_png": "data/processed/previews/brt-003_flux_heatmap.png", "gap_category": "Gap Sedikit" }, "geometry": { "type": "Point", "coordinates": [ 106.80094, -6.22787 ] } },
{ "type": "Feature", "properties": { "asset_id": "BRT-004", "asset_name": "Halte Monas", "category": "brt", "category_display": "Halte BRT TransJakarta", "city_regency": "Jakarta Pusat", "postal_code": "10110", "source_raw_file": "data/raw/transjakarta/transjakarta_stations.csv", "raw_lat": -6.17598, "raw_lon": 106.82329, "google_building_id": "buildings/GhIJxBKbVjW0GMARu8nfv7C0WkA", "google_maps_url": "https://www.google.com/maps/search/?api=1&query=-6.175984,106.823288", "google_center_lat": -6.1759843, "google_center_lon": 106.8232877, "spatial_drift_meters": 0.54, "drift_status": "VALID (< 30m)", "imagery_date": "2025-07-26", "quality_tier": "BASE", "whole_roof_area_m2": 164.79, "max_roof_area_m2": 143.34, "roof_suitability_ratio_pct": 87.0, "building_footprint_m2": 164.79, "roof_coverage_ratio_pct": 100.0, "gap_unsegmented_pct": 0.0, "gap_unsegmented_m2": 0.0, "gap_unpanelled_m2": 21.45, "total_gap_m2": 21.45, "total_segments_count": 1, "pitch_range": "0.3° – 0.3°", "weighted_pitch_deg": 0.3, "max_panels_count": 73, "sunshine_hours_annual": 1626.18, "panel_capacity_wp": 400, "installed_capacity_kwp": 29.2, "google_dc_mwh": 46.98, "annual_generation_kwh": 37987.49, "annual_generation_mwh": 37.99, "carbon_offset_factor": 809.0, "ghg_reduction_tons_co2": 30.73, "path_dsm_geotiff": "data/raw/solar/data_layers/dsm/brt/brt-004_dsm.tif", "path_rgb_geotiff": "data/raw/solar/data_layers/rgb/brt/brt-004_rgb.tif", "path_mask_geotiff": "data/raw/solar/data_layers/mask/brt/brt-004_mask.tif", "path_flux_geotiff": "data/raw/solar/data_layers/annual_flux/brt/brt-004_annual_flux.tif", "preview_rgb_png": "data/processed/previews/brt-004_rgb.png", "preview_panels_png": "data/processed/previews/brt-004_panels_overlay.png", "preview_segments_png": "data/processed/previews/brt-004_segments_overlay.png", "preview_dsm_png": "data/processed/previews/brt-004_dsm_elevation.png", "preview_mask_png": "data/processed/previews/brt-004_roof_mask.png", "preview_flux_png": "data/processed/previews/brt-004_flux_heatmap.png", "gap_category": "Gap Sedikit" }, "geometry": { "type": "Point", "coordinates": [ 106.82329, -6.17598 ] } },
{ "type": "Feature", "properties": { "asset_id": "BRT-005", "asset_name": "Halte Harmoni", "category": "brt", "category_display": "Halte BRT TransJakarta", "city_regency": "Jakarta Pusat", "postal_code": "10130", "source_raw_file": "data/raw/transjakarta/transjakarta_stations.csv", "raw_lat": -6.16579, "raw_lon": 106.82042, "google_building_id": "buildings/ChIJZWR_Ltj1aS4RmbmULYoudXU", "google_maps_url": "https://www.google.com/maps/search/?api=1&query=-6.165787,106.820418", "google_center_lat": -6.1657868, "google_center_lon": 106.8204179, "spatial_drift_meters": 0.42, "drift_status": "VALID (< 30m)", "imagery_date": "2025-07-26", "quality_tier": "BASE", "whole_roof_area_m2": 323.18, "max_roof_area_m2": 235.63, "roof_suitability_ratio_pct": 72.9, "building_footprint_m2": 367.94, "roof_coverage_ratio_pct": 87.8, "gap_unsegmented_pct": 12.2, "gap_unsegmented_m2": 44.75, "gap_unpanelled_m2": 87.56, "total_gap_m2": 132.31, "total_segments_count": 3, "pitch_range": "8.0° – 21.2°", "weighted_pitch_deg": 13.8, "max_panels_count": 120, "sunshine_hours_annual": 1620.02, "panel_capacity_wp": 400, "installed_capacity_kwp": 48.0, "google_dc_mwh": 71.1, "annual_generation_kwh": 62208.93, "annual_generation_mwh": 62.21, "carbon_offset_factor": 809.0, "ghg_reduction_tons_co2": 50.33, "path_dsm_geotiff": "data/raw/solar/data_layers/dsm/brt/brt-005_dsm.tif", "path_rgb_geotiff": "data/raw/solar/data_layers/rgb/brt/brt-005_rgb.tif", "path_mask_geotiff": "data/raw/solar/data_layers/mask/brt/brt-005_mask.tif", "path_flux_geotiff": "data/raw/solar/data_layers/annual_flux/brt/brt-005_annual_flux.tif", "preview_rgb_png": "data/processed/previews/brt-005_rgb.png", "preview_panels_png": "data/processed/previews/brt-005_panels_overlay.png", "preview_segments_png": "data/processed/previews/brt-005_segments_overlay.png", "preview_dsm_png": "data/processed/previews/brt-005_dsm_elevation.png", "preview_mask_png": "data/processed/previews/brt-005_roof_mask.png", "preview_flux_png": "data/processed/previews/brt-005_flux_heatmap.png", "gap_category": "Gap Sedikit" }, "geometry": { "type": "Point", "coordinates": [ 106.82042, -6.16579 ] } },
{ "type": "Feature", "properties": { "asset_id": "BRT-006", "asset_name": "Halte Ragunan", "category": "brt", "category_display": "Halte BRT TransJakarta", "city_regency": "Jakarta Selatan", "postal_code": "12550", "source_raw_file": "data/raw/transjakarta/transjakarta_stations.csv", "raw_lat": -6.30583, "raw_lon": 106.81965, "google_building_id": "buildings/ChIJrfnQvv3taS4RHp4TjnDb1Hk", "google_maps_url": "https://www.google.com/maps/search/?api=1&query=-6.305826,106.819651", "google_center_lat": -6.3058255, "google_center_lon": 106.8196513, "spatial_drift_meters": 0.52, "drift_status": "VALID (< 30m)", "imagery_date": "2024-10-26", "quality_tier": "BASE", "whole_roof_area_m2": 308.39, "max_roof_area_m2": 198.32, "roof_suitability_ratio_pct": 64.3, "building_footprint_m2": 477.39, "roof_coverage_ratio_pct": 64.6, "gap_unsegmented_pct": 35.4, "gap_unsegmented_m2": 169.01, "gap_unpanelled_m2": 110.07, "total_gap_m2": 279.07, "total_segments_count": 2, "pitch_range": "3.6° – 19.7°", "weighted_pitch_deg": 9.6, "max_panels_count": 101, "sunshine_hours_annual": 1612.96, "panel_capacity_wp": 400, "installed_capacity_kwp": 40.4, "google_dc_mwh": 58.63, "annual_generation_kwh": 52130.99, "annual_generation_mwh": 52.13, "carbon_offset_factor": 809.0, "ghg_reduction_tons_co2": 42.17, "path_dsm_geotiff": "data/raw/solar/data_layers/dsm/brt/brt-006_dsm.tif", "path_rgb_geotiff": "data/raw/solar/data_layers/rgb/brt/brt-006_rgb.tif", "path_mask_geotiff": "data/raw/solar/data_layers/mask/brt/brt-006_mask.tif", "path_flux_geotiff": "data/raw/solar/data_layers/annual_flux/brt/brt-006_annual_flux.tif", "preview_rgb_png": "data/processed/previews/brt-006_rgb.png", "preview_panels_png": "data/processed/previews/brt-006_panels_overlay.png", "preview_segments_png": "data/processed/previews/brt-006_segments_overlay.png", "preview_dsm_png": "data/processed/previews/brt-006_dsm_elevation.png", "preview_mask_png": "data/processed/previews/brt-006_roof_mask.png", "preview_flux_png": "data/processed/previews/brt-006_flux_heatmap.png", "gap_category": "Gap Besar" }, "geometry": { "type": "Point", "coordinates": [ 106.81965, -6.30583 ] } },
{ "type": "Feature", "properties": { "asset_id": "BRT-007", "asset_name": "Halte Kampung Melayu", "category": "brt", "category_display": "Halte BRT TransJakarta", "city_regency": "Jakarta Timur", "postal_code": "13310", "source_raw_file": "data/raw/transjakarta/transjakarta_stations.csv", "raw_lat": -6.22431, "raw_lon": 106.86698, "google_building_id": "buildings/ChIJb2nrRHjzaS4Rvnbh-sX56J0", "google_maps_url": "https://www.google.com/maps/search/?api=1&query=-6.224311,106.866983", "google_center_lat": -6.2243107, "google_center_lon": 106.8669829, "spatial_drift_meters": 0.33, "drift_status": "VALID (< 30m)", "imagery_date": "2024-10-26", "quality_tier": "BASE", "whole_roof_area_m2": 120.71, "max_roof_area_m2": 78.54, "roof_suitability_ratio_pct": 65.1, "building_footprint_m2": 193.74, "roof_coverage_ratio_pct": 62.3, "gap_unsegmented_pct": 37.7, "gap_unsegmented_m2": 73.03, "gap_unpanelled_m2": 42.17, "total_gap_m2": 115.2, "total_segments_count": 3, "pitch_range": "1.3° – 11.3°", "weighted_pitch_deg": 6.7, "max_panels_count": 40, "sunshine_hours_annual": 1581.41, "panel_capacity_wp": 400, "installed_capacity_kwp": 16.0, "google_dc_mwh": 23.98, "annual_generation_kwh": 20242.05, "annual_generation_mwh": 20.24, "carbon_offset_factor": 809.0, "ghg_reduction_tons_co2": 16.38, "path_dsm_geotiff": "data/raw/solar/data_layers/dsm/brt/brt-007_dsm.tif", "path_rgb_geotiff": "data/raw/solar/data_layers/rgb/brt/brt-007_rgb.tif", "path_mask_geotiff": "data/raw/solar/data_layers/mask/brt/brt-007_mask.tif", "path_flux_geotiff": "data/raw/solar/data_layers/annual_flux/brt/brt-007_annual_flux.tif", "preview_rgb_png": "data/processed/previews/brt-007_rgb.png", "preview_panels_png": "data/processed/previews/brt-007_panels_overlay.png", "preview_segments_png": "data/processed/previews/brt-007_segments_overlay.png", "preview_dsm_png": "data/processed/previews/brt-007_dsm_elevation.png", "preview_mask_png": "data/processed/previews/brt-007_roof_mask.png", "preview_flux_png": "data/processed/previews/brt-007_flux_heatmap.png", "gap_category": "Gap Besar" }, "geometry": { "type": "Point", "coordinates": [ 106.86698, -6.22431 ] } },
{ "type": "Feature", "properties": { "asset_id": "BRT-008", "asset_name": "Halte Pulo Gadung", "category": "brt", "category_display": "Halte BRT TransJakarta", "city_regency": "Jakarta Timur", "postal_code": "13260", "source_raw_file": "data/raw/transjakarta/transjakarta_stations.csv", "raw_lat": -6.1826, "raw_lon": 106.90904, "google_building_id": "buildings/ChIJxcoCXtL0aS4RGOVXc78a3ZQ", "google_maps_url": "https://www.google.com/maps/search/?api=1&query=-6.182595,106.909037", "google_center_lat": -6.1825946, "google_center_lon": 106.9090373, "spatial_drift_meters": 0.67, "drift_status": "VALID (< 30m)", "imagery_date": "2024-10-26", "quality_tier": "BASE", "whole_roof_area_m2": 559.06, "max_roof_area_m2": 390.75, "roof_suitability_ratio_pct": 69.9, "building_footprint_m2": 771.61, "roof_coverage_ratio_pct": 72.5, "gap_unsegmented_pct": 27.5, "gap_unsegmented_m2": 212.56, "gap_unpanelled_m2": 168.31, "total_gap_m2": 380.87, "total_segments_count": 10, "pitch_range": "19.2° – 30.5°", "weighted_pitch_deg": 27.9, "max_panels_count": 199, "sunshine_hours_annual": 1687.85, "panel_capacity_wp": 400, "installed_capacity_kwp": 79.6, "google_dc_mwh": 121.65, "annual_generation_kwh": 107482.49, "annual_generation_mwh": 107.48, "carbon_offset_factor": 809.0, "ghg_reduction_tons_co2": 86.95, "path_dsm_geotiff": "data/raw/solar/data_layers/dsm/brt/brt-008_dsm.tif", "path_rgb_geotiff": "data/raw/solar/data_layers/rgb/brt/brt-008_rgb.tif", "path_mask_geotiff": "data/raw/solar/data_layers/mask/brt/brt-008_mask.tif", "path_flux_geotiff": "data/raw/solar/data_layers/annual_flux/brt/brt-008_annual_flux.tif", "preview_rgb_png": "data/processed/previews/brt-008_rgb.png", "preview_panels_png": "data/processed/previews/brt-008_panels_overlay.png", "preview_segments_png": "data/processed/previews/brt-008_segments_overlay.png", "preview_dsm_png": "data/processed/previews/brt-008_dsm_elevation.png", "preview_mask_png": "data/processed/previews/brt-008_roof_mask.png", "preview_flux_png": "data/processed/previews/brt-008_flux_heatmap.png", "gap_category": "Gap Sedang" }, "geometry": { "type": "Point", "coordinates": [ 106.90904, -6.1826 ] } },
{ "type": "Feature", "properties": { "asset_id": "KRL-032", "asset_name": "Stasiun KRL Manggarai Sentral", "category": "krl", "category_display": "KRL Commuter Line", "city_regency": "Jakarta Selatan", "postal_code": "12850", "source_raw_file": "data/raw/krl/krl_stations.csv", "raw_lat": -6.21017, "raw_lon": 106.849935, "google_building_id": "buildings/ChIJx6Y3I3H0aS4RMX7C5Jw8YAI", "google_maps_url": "https://www.google.com/maps/search/?api=1&query=-6.210189,106.849856", "google_center_lat": -6.2101892, "google_center_lon": 106.8498556, "spatial_drift_meters": 9.03, "drift_status": "VALID (< 30m)", "imagery_date": "2025-08-16", "quality_tier": "BASE", "whole_roof_area_m2": 9871.97, "max_roof_area_m2": 8696.58, "roof_suitability_ratio_pct": 88.1, "building_footprint_m2": 13129.91, "roof_coverage_ratio_pct": 75.2, "gap_unsegmented_pct": 24.8, "gap_unsegmented_m2": 3257.94, "gap_unpanelled_m2": 1175.39, "total_gap_m2": 4433.33, "total_segments_count": 15, "pitch_range": "0.4° – 28.9°", "weighted_pitch_deg": 5.9, "max_panels_count": 4429, "sunshine_hours_annual": 1652.85, "panel_capacity_wp": 400, "installed_capacity_kwp": 1771.6, "google_dc_mwh": 2863.0, "annual_generation_kwh": 2342546.71, "annual_generation_mwh": 2342.55, "carbon_offset_factor": 809.0, "ghg_reduction_tons_co2": 1895.12, "path_dsm_geotiff": "data/raw/solar/data_layers/dsm/krl/krl-032_dsm.tif", "path_rgb_geotiff": "data/raw/solar/data_layers/rgb/krl/krl-032_rgb.tif", "path_mask_geotiff": "data/raw/solar/data_layers/mask/krl/krl-032_mask.tif", "path_flux_geotiff": "data/raw/solar/data_layers/annual_flux/krl/krl-032_annual_flux.tif", "preview_rgb_png": "data/processed/previews/krl-032_rgb.png", "preview_panels_png": "data/processed/previews/krl-032_panels_overlay.png", "preview_segments_png": "data/processed/previews/krl-032_segments_overlay.png", "preview_dsm_png": "data/processed/previews/krl-032_dsm_elevation.png", "preview_mask_png": "data/processed/previews/krl-032_roof_mask.png", "preview_flux_png": "data/processed/previews/krl-032_flux_heatmap.png", "gap_category": "Gap Sedang" }, "geometry": { "type": "Point", "coordinates": [ 106.849935, -6.21017 ] } },
{ "type": "Feature", "properties": { "asset_id": "KRL-001", "asset_name": "Stasiun KRL Jakarta Kota", "category": "krl", "category_display": "KRL Commuter Line", "city_regency": "Jakarta Barat", "postal_code": "11110", "source_raw_file": "data/raw/krl/krl_stations.csv", "raw_lat": -6.137583, "raw_lon": 106.81462, "google_building_id": "buildings/ChIJj3l0NgD2aS4Rdf2IvAf8tzk", "google_maps_url": "https://www.google.com/maps/search/?api=1&query=-6.137362,106.815217", "google_center_lat": -6.1373618, "google_center_lon": 106.8152171, "spatial_drift_meters": 70.45, "drift_status": "REVIEW (> 30m)", "imagery_date": "2025-07-26", "quality_tier": "BASE", "whole_roof_area_m2": 10407.02, "max_roof_area_m2": 9242.45, "roof_suitability_ratio_pct": 88.8, "building_footprint_m2": 19764.63, "roof_coverage_ratio_pct": 52.7, "gap_unsegmented_pct": 47.3, "gap_unsegmented_m2": 9357.61, "gap_unpanelled_m2": 1164.57, "total_gap_m2": 10522.18, "total_segments_count": 10, "pitch_range": "0.7° – 18.1°", "weighted_pitch_deg": 5.8, "max_panels_count": 4707, "sunshine_hours_annual": 1660.78, "panel_capacity_wp": 400, "installed_capacity_kwp": 1882.8, "google_dc_mwh": 2838.87, "annual_generation_kwh": 2501530.86, "annual_generation_mwh": 2501.53, "carbon_offset_factor": 809.0, "ghg_reduction_tons_co2": 2023.74, "path_dsm_geotiff": "data/raw/solar/data_layers/dsm/krl/krl-001_dsm.tif", "path_rgb_geotiff": "data/raw/solar/data_layers/rgb/krl/krl-001_rgb.tif", "path_mask_geotiff": "data/raw/solar/data_layers/mask/krl/krl-001_mask.tif", "path_flux_geotiff": "data/raw/solar/data_layers/annual_flux/krl/krl-001_annual_flux.tif", "preview_rgb_png": "data/processed/previews/krl-001_rgb.png", "preview_panels_png": "data/processed/previews/krl-001_panels_overlay.png", "preview_segments_png": "data/processed/previews/krl-001_segments_overlay.png", "preview_dsm_png": "data/processed/previews/krl-001_dsm_elevation.png", "preview_mask_png": "data/processed/previews/krl-001_roof_mask.png", "preview_flux_png": "data/processed/previews/krl-001_flux_heatmap.png", "gap_category": "Gap Besar" }, "geometry": { "type": "Point", "coordinates": [ 106.81462, -6.137583 ] } },
{ "type": "Feature", "properties": { "asset_id": "KRL-002", "asset_name": "Stasiun KRL Tanah Abang", "category": "krl", "category_display": "KRL Commuter Line", "city_regency": "Jakarta Pusat", "postal_code": "10250", "source_raw_file": "data/raw/krl/krl_stations.csv", "raw_lat": -6.185713, "raw_lon": 106.810894, "google_building_id": "buildings/ChIJ83wUloT2aS4RrCRDTmN5ahg", "google_maps_url": "https://www.google.com/maps/search/?api=1&query=-6.185491,106.810941", "google_center_lat": -6.1854914, "google_center_lon": 106.8109411, "spatial_drift_meters": 25.18, "drift_status": "VALID (< 30m)", "imagery_date": "2025-08-16", "quality_tier": "BASE", "whole_roof_area_m2": 2943.24, "max_roof_area_m2": 2534.95, "roof_suitability_ratio_pct": 86.1, "building_footprint_m2": 4578.0, "roof_coverage_ratio_pct": 64.3, "gap_unsegmented_pct": 35.7, "gap_unsegmented_m2": 1634.75, "gap_unpanelled_m2": 408.29, "total_gap_m2": 2043.05, "total_segments_count": 4, "pitch_range": "0.9° – 5.2°", "weighted_pitch_deg": 1.5, "max_panels_count": 1291, "sunshine_hours_annual": 1651.4, "panel_capacity_wp": 400, "installed_capacity_kwp": 516.4, "google_dc_mwh": 811.36, "annual_generation_kwh": 682227.32, "annual_generation_mwh": 682.23, "carbon_offset_factor": 809.0, "ghg_reduction_tons_co2": 551.92, "path_dsm_geotiff": "data/raw/solar/data_layers/dsm/krl/krl-002_dsm.tif", "path_rgb_geotiff": "data/raw/solar/data_layers/rgb/krl/krl-002_rgb.tif", "path_mask_geotiff": "data/raw/solar/data_layers/mask/krl/krl-002_mask.tif", "path_flux_geotiff": "data/raw/solar/data_layers/annual_flux/krl/krl-002_annual_flux.tif", "preview_rgb_png": "data/processed/previews/krl-002_rgb.png", "preview_panels_png": "data/processed/previews/krl-002_panels_overlay.png", "preview_segments_png": "data/processed/previews/krl-002_segments_overlay.png", "preview_dsm_png": "data/processed/previews/krl-002_dsm_elevation.png", "preview_mask_png": "data/processed/previews/krl-002_roof_mask.png", "preview_flux_png": "data/processed/previews/krl-002_flux_heatmap.png", "gap_category": "Gap Besar" }, "geometry": { "type": "Point", "coordinates": [ 106.810894, -6.185713 ] } },
{ "type": "Feature", "properties": { "asset_id": "KRL-003", "asset_name": "Stasiun KRL Pasar Senen", "category": "krl", "category_display": "KRL Commuter Line", "city_regency": "Jakarta Pusat", "postal_code": "10410", "source_raw_file": "data/raw/krl/krl_stations.csv", "raw_lat": -6.1755, "raw_lon": 106.84285, "google_building_id": "buildings/ChIJedPTNrX1aS4RVUQQZcDdvmQ", "google_maps_url": "https://www.google.com/maps/search/?api=1&query=-6.175399,106.842903", "google_center_lat": -6.1753986, "google_center_lon": 106.8429027, "spatial_drift_meters": 12.69, "drift_status": "VALID (< 30m)", "imagery_date": "2025-07-26", "quality_tier": "BASE", "whole_roof_area_m2": 870.14, "max_roof_area_m2": 757.93, "roof_suitability_ratio_pct": 87.1, "building_footprint_m2": 1465.56, "roof_coverage_ratio_pct": 59.4, "gap_unsegmented_pct": 40.6, "gap_unsegmented_m2": 595.42, "gap_unpanelled_m2": 112.21, "total_gap_m2": 707.63, "total_segments_count": 1, "pitch_range": "6.4° – 6.4°", "weighted_pitch_deg": 6.4, "max_panels_count": 386, "sunshine_hours_annual": 1643.51, "panel_capacity_wp": 400, "installed_capacity_kwp": 154.4, "google_dc_mwh": 248.6, "annual_generation_kwh": 203005.89, "annual_generation_mwh": 203.01, "carbon_offset_factor": 809.0, "ghg_reduction_tons_co2": 164.23, "path_dsm_geotiff": "data/raw/solar/data_layers/dsm/krl/krl-003_dsm.tif", "path_rgb_geotiff": "data/raw/solar/data_layers/rgb/krl/krl-003_rgb.tif", "path_mask_geotiff": "data/raw/solar/data_layers/mask/krl/krl-003_mask.tif", "path_flux_geotiff": "data/raw/solar/data_layers/annual_flux/krl/krl-003_annual_flux.tif", "preview_rgb_png": "data/processed/previews/krl-003_rgb.png", "preview_panels_png": "data/processed/previews/krl-003_panels_overlay.png", "preview_segments_png": "data/processed/previews/krl-003_segments_overlay.png", "preview_dsm_png": "data/processed/previews/krl-003_dsm_elevation.png", "preview_mask_png": "data/processed/previews/krl-003_roof_mask.png", "preview_flux_png": "data/processed/previews/krl-003_flux_heatmap.png", "gap_category": "Gap Besar" }, "geometry": { "type": "Point", "coordinates": [ 106.84285, -6.1755 ] } },
{ "type": "Feature", "properties": { "asset_id": "KRL-004", "asset_name": "Stasiun KRL Jatinegara", "category": "krl", "category_display": "KRL Commuter Line", "city_regency": "Jakarta Timur", "postal_code": "13110", "source_raw_file": "data/raw/krl/krl_stations.csv", "raw_lat": -6.214925, "raw_lon": 106.870339, "google_building_id": "buildings/ChIJ8ZSc8IH0aS4R4-Upw8xXxL0", "google_maps_url": "https://www.google.com/maps/search/?api=1&query=-6.214878,106.870573", "google_center_lat": -6.2148785, "google_center_lon": 106.8705735, "spatial_drift_meters": 26.43, "drift_status": "VALID (< 30m)", "imagery_date": "2025-08-16", "quality_tier": "BASE", "whole_roof_area_m2": 6413.09, "max_roof_area_m2": 5488.14, "roof_suitability_ratio_pct": 85.6, "building_footprint_m2": 12255.58, "roof_coverage_ratio_pct": 52.3, "gap_unsegmented_pct": 47.7, "gap_unsegmented_m2": 5842.5, "gap_unpanelled_m2": 924.95, "total_gap_m2": 6767.45, "total_segments_count": 14, "pitch_range": "0.2° – 8.1°", "weighted_pitch_deg": 2.5, "max_panels_count": 2795, "sunshine_hours_annual": 1646.43, "panel_capacity_wp": 400, "installed_capacity_kwp": 1118.0, "google_dc_mwh": 1777.37, "annual_generation_kwh": 1472568.87, "annual_generation_mwh": 1472.57, "carbon_offset_factor": 809.0, "ghg_reduction_tons_co2": 1191.31, "path_dsm_geotiff": "data/raw/solar/data_layers/dsm/krl/krl-004_dsm.tif", "path_rgb_geotiff": "data/raw/solar/data_layers/rgb/krl/krl-004_rgb.tif", "path_mask_geotiff": "data/raw/solar/data_layers/mask/krl/krl-004_mask.tif", "path_flux_geotiff": "data/raw/solar/data_layers/annual_flux/krl/krl-004_annual_flux.tif", "preview_rgb_png": "data/processed/previews/krl-004_rgb.png", "preview_panels_png": "data/processed/previews/krl-004_panels_overlay.png", "preview_segments_png": "data/processed/previews/krl-004_segments_overlay.png", "preview_dsm_png": "data/processed/previews/krl-004_dsm_elevation.png", "preview_mask_png": "data/processed/previews/krl-004_roof_mask.png", "preview_flux_png": "data/processed/previews/krl-004_flux_heatmap.png", "gap_category": "Gap Besar" }, "geometry": { "type": "Point", "coordinates": [ 106.870339, -6.214925 ] } },
{ "type": "Feature", "properties": { "asset_id": "KRL-005", "asset_name": "Stasiun KRL Sudirman", "category": "krl", "category_display": "KRL Commuter Line", "city_regency": "Jakarta Pusat", "postal_code": "10310", "source_raw_file": "data/raw/krl/krl_stations.csv", "raw_lat": -6.202408, "raw_lon": 106.823449, "google_building_id": "buildings/ChIJy66UBhz0aS4Rc0gvIpLJYa8", "google_maps_url": "https://www.google.com/maps/search/?api=1&query=-6.202400,106.823461", "google_center_lat": -6.2024, "google_center_lon": 106.8234605, "spatial_drift_meters": 1.55, "drift_status": "VALID (< 30m)", "imagery_date": "2025-08-16", "quality_tier": "BASE", "whole_roof_area_m2": 516.48, "max_roof_area_m2": 359.33, "roof_suitability_ratio_pct": 69.6, "building_footprint_m2": 631.86, "roof_coverage_ratio_pct": 81.7, "gap_unsegmented_pct": 18.3, "gap_unsegmented_m2": 115.39, "gap_unpanelled_m2": 157.15, "total_gap_m2": 272.53, "total_segments_count": 7, "pitch_range": "4.7° – 25.4°", "weighted_pitch_deg": 10.5, "max_panels_count": 183, "sunshine_hours_annual": 1653.49, "panel_capacity_wp": 400, "installed_capacity_kwp": 73.2, "google_dc_mwh": 117.22, "annual_generation_kwh": 96828.64, "annual_generation_mwh": 96.83, "carbon_offset_factor": 809.0, "ghg_reduction_tons_co2": 78.33, "path_dsm_geotiff": "data/raw/solar/data_layers/dsm/krl/krl-005_dsm.tif", "path_rgb_geotiff": "data/raw/solar/data_layers/rgb/krl/krl-005_rgb.tif", "path_mask_geotiff": "data/raw/solar/data_layers/mask/krl/krl-005_mask.tif", "path_flux_geotiff": "data/raw/solar/data_layers/annual_flux/krl/krl-005_annual_flux.tif", "preview_rgb_png": "data/processed/previews/krl-005_rgb.png", "preview_panels_png": "data/processed/previews/krl-005_panels_overlay.png", "preview_segments_png": "data/processed/previews/krl-005_segments_overlay.png", "preview_dsm_png": "data/processed/previews/krl-005_dsm_elevation.png", "preview_mask_png": "data/processed/previews/krl-005_roof_mask.png", "preview_flux_png": "data/processed/previews/krl-005_flux_heatmap.png", "gap_category": "Gap Sedikit" }, "geometry": { "type": "Point", "coordinates": [ 106.823449, -6.202408 ] } },
{ "type": "Feature", "properties": { "asset_id": "KRL-006", "asset_name": "Stasiun KRL Duren Kalibata", "category": "krl", "category_display": "KRL Commuter Line", "city_regency": "Jakarta Selatan", "postal_code": "12750", "source_raw_file": "data/raw/krl/krl_stations.csv", "raw_lat": -6.25466, "raw_lon": 106.85534, "google_building_id": "buildings/ChIJJz_np63zaS4RmFcvoAS4UTk", "google_maps_url": "https://www.google.com/maps/search/?api=1&query=-6.254663,106.855337", "google_center_lat": -6.2546627, "google_center_lon": 106.8553369, "spatial_drift_meters": 0.46, "drift_status": "VALID (< 30m)", "imagery_date": "2025-08-16", "quality_tier": "BASE", "whole_roof_area_m2": 1100.68, "max_roof_area_m2": 901.27, "roof_suitability_ratio_pct": 81.9, "building_footprint_m2": 1769.41, "roof_coverage_ratio_pct": 62.2, "gap_unsegmented_pct": 37.8, "gap_unsegmented_m2": 668.73, "gap_unpanelled_m2": 199.41, "total_gap_m2": 868.14, "total_segments_count": 1, "pitch_range": "9.1° – 9.1°", "weighted_pitch_deg": 9.1, "max_panels_count": 459, "sunshine_hours_annual": 1568.29, "panel_capacity_wp": 400, "installed_capacity_kwp": 183.6, "google_dc_mwh": 265.1, "annual_generation_kwh": 230350.51, "annual_generation_mwh": 230.35, "carbon_offset_factor": 809.0, "ghg_reduction_tons_co2": 186.35, "path_dsm_geotiff": "data/raw/solar/data_layers/dsm/krl/krl-006_dsm.tif", "path_rgb_geotiff": "data/raw/solar/data_layers/rgb/krl/krl-006_rgb.tif", "path_mask_geotiff": "data/raw/solar/data_layers/mask/krl/krl-006_mask.tif", "path_flux_geotiff": "data/raw/solar/data_layers/annual_flux/krl/krl-006_annual_flux.tif", "preview_rgb_png": "data/processed/previews/krl-006_rgb.png", "preview_panels_png": "data/processed/previews/krl-006_panels_overlay.png", "preview_segments_png": "data/processed/previews/krl-006_segments_overlay.png", "preview_dsm_png": "data/processed/previews/krl-006_dsm_elevation.png", "preview_mask_png": "data/processed/previews/krl-006_roof_mask.png", "preview_flux_png": "data/processed/previews/krl-006_flux_heatmap.png", "gap_category": "Gap Besar" }, "geometry": { "type": "Point", "coordinates": [ 106.85534, -6.25466 ] } },
{ "type": "Feature", "properties": { "asset_id": "KRL-007", "asset_name": "Stasiun KRL Tanjung Priuk", "category": "krl", "category_display": "KRL Commuter Line", "city_regency": "Jakarta Utara", "postal_code": "14310", "source_raw_file": "data/raw/krl/krl_stations.csv", "raw_lat": -6.110941, "raw_lon": 106.881149, "google_building_id": "buildings/ChIJaf0RIbkfai4RevWi2Qn9F6o", "google_maps_url": "https://www.google.com/maps/search/?api=1&query=-6.110941,106.881149", "google_center_lat": -6.1109409, "google_center_lon": 106.8811492, "spatial_drift_meters": 0.02, "drift_status": "VALID (< 30m)", "imagery_date": "2025-07-26", "quality_tier": "BASE", "whole_roof_area_m2": 12109.95, "max_roof_area_m2": 9582.15, "roof_suitability_ratio_pct": 79.1, "building_footprint_m2": 14508.43, "roof_coverage_ratio_pct": 83.5, "gap_unsegmented_pct": 16.5, "gap_unsegmented_m2": 2398.49, "gap_unpanelled_m2": 2527.8, "total_gap_m2": 4926.29, "total_segments_count": 35, "pitch_range": "0.4° – 31.4°", "weighted_pitch_deg": 9.2, "max_panels_count": 4880, "sunshine_hours_annual": 1705.5, "panel_capacity_wp": 400, "installed_capacity_kwp": 1952.0, "google_dc_mwh": 3212.68, "annual_generation_kwh": 2663311.3, "annual_generation_mwh": 2663.31, "carbon_offset_factor": 809.0, "ghg_reduction_tons_co2": 2154.62, "path_dsm_geotiff": "data/raw/solar/data_layers/dsm/krl/krl-007_dsm.tif", "path_rgb_geotiff": "data/raw/solar/data_layers/rgb/krl/krl-007_rgb.tif", "path_mask_geotiff": "data/raw/solar/data_layers/mask/krl/krl-007_mask.tif", "path_flux_geotiff": "data/raw/solar/data_layers/annual_flux/krl/krl-007_annual_flux.tif", "preview_rgb_png": "data/processed/previews/krl-007_rgb.png", "preview_panels_png": "data/processed/previews/krl-007_panels_overlay.png", "preview_segments_png": "data/processed/previews/krl-007_segments_overlay.png", "preview_dsm_png": "data/processed/previews/krl-007_dsm_elevation.png", "preview_mask_png": "data/processed/previews/krl-007_roof_mask.png", "preview_flux_png": "data/processed/previews/krl-007_flux_heatmap.png", "gap_category": "Gap Sedikit" }, "geometry": { "type": "Point", "coordinates": [ 106.881149, -6.110941 ] } },
{ "type": "Feature", "properties": { "asset_id": "MRT-003", "asset_name": "Stasiun MRT Cipete Raya", "category": "mrt", "category_display": "MRT Jakarta", "city_regency": "Jakarta Selatan", "postal_code": "12420", "source_raw_file": "data/raw/mrt_lrt/mrt_stations.csv", "raw_lat": -6.278342, "raw_lon": 106.797326, "google_building_id": "buildings/ChIJpeCp35TxaS4RDUmeARBfs3I", "google_maps_url": "https://www.google.com/maps/search/?api=1&query=-6.278361,106.797312", "google_center_lat": -6.2783606, "google_center_lon": 106.7973123, "spatial_drift_meters": 2.56, "drift_status": "VALID (< 30m)", "imagery_date": "2025-08-16", "quality_tier": "BASE", "whole_roof_area_m2": 3850.96, "max_roof_area_m2": 3224.16, "roof_suitability_ratio_pct": 83.7, "building_footprint_m2": 4459.47, "roof_coverage_ratio_pct": 86.4, "gap_unsegmented_pct": 13.6, "gap_unsegmented_m2": 608.52, "gap_unpanelled_m2": 626.8, "total_gap_m2": 1235.32, "total_segments_count": 12, "pitch_range": "2.0° – 23.9°", "weighted_pitch_deg": 15.7, "max_panels_count": 1642, "sunshine_hours_annual": 1645.6, "panel_capacity_wp": 400, "installed_capacity_kwp": 656.8, "google_dc_mwh": 1026.12, "annual_generation_kwh": 864661.49, "annual_generation_mwh": 864.66, "carbon_offset_factor": 809.0, "ghg_reduction_tons_co2": 699.51, "path_dsm_geotiff": "data/raw/solar/data_layers/dsm/mrt/mrt-003_dsm.tif", "path_rgb_geotiff": "data/raw/solar/data_layers/rgb/mrt/mrt-003_rgb.tif", "path_mask_geotiff": "data/raw/solar/data_layers/mask/mrt/mrt-003_mask.tif", "path_flux_geotiff": "data/raw/solar/data_layers/annual_flux/mrt/mrt-003_annual_flux.tif", "preview_rgb_png": "data/processed/previews/mrt-003_rgb.png", "preview_panels_png": "data/processed/previews/mrt-003_panels_overlay.png", "preview_segments_png": "data/processed/previews/mrt-003_segments_overlay.png", "preview_dsm_png": "data/processed/previews/mrt-003_dsm_elevation.png", "preview_mask_png": "data/processed/previews/mrt-003_roof_mask.png", "preview_flux_png": "data/processed/previews/mrt-003_flux_heatmap.png", "gap_category": "Gap Sedikit" }, "geometry": { "type": "Point", "coordinates": [ 106.797326, -6.278342 ] } },
{ "type": "Feature", "properties": { "asset_id": "MRT-001", "asset_name": "Stasiun MRT Lebak Bulus", "category": "mrt", "category_display": "MRT Jakarta", "city_regency": "Jakarta Selatan", "postal_code": "12440", "source_raw_file": "data/raw/osm/stations_jakarta.gpkg", "raw_lat": -6.289354, "raw_lon": 106.774716, "google_building_id": "buildings/ChIJk8a7lc3xaS4RDsS1VBOckck", "google_maps_url": "https://www.google.com/maps/search/?api=1&query=-6.289411,106.774745", "google_center_lat": -6.2894109, "google_center_lon": 106.7747454, "spatial_drift_meters": 7.11, "drift_status": "VALID (< 30m)", "imagery_date": "2024-10-26", "quality_tier": "BASE", "whole_roof_area_m2": 5632.58, "max_roof_area_m2": 4910.85, "roof_suitability_ratio_pct": 87.2, "building_footprint_m2": 9567.35, "roof_coverage_ratio_pct": 58.9, "gap_unsegmented_pct": 41.1, "gap_unsegmented_m2": 3934.77, "gap_unpanelled_m2": 721.73, "total_gap_m2": 4656.5, "total_segments_count": 5, "pitch_range": "0.9° – 19.0°", "weighted_pitch_deg": 4.3, "max_panels_count": 2501, "sunshine_hours_annual": 1624.37, "panel_capacity_wp": 400, "installed_capacity_kwp": 1000.4, "google_dc_mwh": 1493.22, "annual_generation_kwh": 1300019.0, "annual_generation_mwh": 1300.02, "carbon_offset_factor": 809.0, "ghg_reduction_tons_co2": 1051.71, "path_dsm_geotiff": "data/raw/solar/data_layers/dsm/mrt/mrt-001_dsm.tif", "path_rgb_geotiff": "data/raw/solar/data_layers/rgb/mrt/mrt-001_rgb.tif", "path_mask_geotiff": "data/raw/solar/data_layers/mask/mrt/mrt-001_mask.tif", "path_flux_geotiff": "data/raw/solar/data_layers/annual_flux/mrt/mrt-001_annual_flux.tif", "preview_rgb_png": "data/processed/previews/mrt-001_rgb.png", "preview_panels_png": "data/processed/previews/mrt-001_panels_overlay.png", "preview_segments_png": "data/processed/previews/mrt-001_segments_overlay.png", "preview_dsm_png": "data/processed/previews/mrt-001_dsm_elevation.png", "preview_mask_png": "data/processed/previews/mrt-001_roof_mask.png", "preview_flux_png": "data/processed/previews/mrt-001_flux_heatmap.png", "gap_category": "Gap Besar" }, "geometry": { "type": "Point", "coordinates": [ 106.774716, -6.289354 ] } },
{ "type": "Feature", "properties": { "asset_id": "MRT-002", "asset_name": "Stasiun MRT Fatmawati", "category": "mrt", "category_display": "MRT Jakarta", "city_regency": "Jakarta Selatan", "postal_code": "12430", "source_raw_file": "data/raw/osm/stations_jakarta.gpkg", "raw_lat": -6.292482, "raw_lon": 106.792404, "google_building_id": "buildings/ChIJ0Z7aCd3xaS4RwuuX-G4pHic", "google_maps_url": "https://www.google.com/maps/search/?api=1&query=-6.292451,106.792528", "google_center_lat": -6.2924507, "google_center_lon": 106.7925279, "spatial_drift_meters": 14.13, "drift_status": "VALID (< 30m)", "imagery_date": "2025-08-16", "quality_tier": "BASE", "whole_roof_area_m2": 3642.58, "max_roof_area_m2": 3210.41, "roof_suitability_ratio_pct": 88.1, "building_footprint_m2": 4927.01, "roof_coverage_ratio_pct": 73.9, "gap_unsegmented_pct": 26.1, "gap_unsegmented_m2": 1284.43, "gap_unpanelled_m2": 432.17, "total_gap_m2": 1716.6, "total_segments_count": 9, "pitch_range": "0.4° – 43.8°", "weighted_pitch_deg": 3.4, "max_panels_count": 1635, "sunshine_hours_annual": 1638.33, "panel_capacity_wp": 400, "installed_capacity_kwp": 654.0, "google_dc_mwh": 1007.37, "annual_generation_kwh": 857172.01, "annual_generation_mwh": 857.17, "carbon_offset_factor": 809.0, "ghg_reduction_tons_co2": 693.45, "path_dsm_geotiff": "data/raw/solar/data_layers/dsm/mrt/mrt-002_dsm.tif", "path_rgb_geotiff": "data/raw/solar/data_layers/rgb/mrt/mrt-002_rgb.tif", "path_mask_geotiff": "data/raw/solar/data_layers/mask/mrt/mrt-002_mask.tif", "path_flux_geotiff": "data/raw/solar/data_layers/annual_flux/mrt/mrt-002_annual_flux.tif", "preview_rgb_png": "data/processed/previews/mrt-002_rgb.png", "preview_panels_png": "data/processed/previews/mrt-002_panels_overlay.png", "preview_segments_png": "data/processed/previews/mrt-002_segments_overlay.png", "preview_dsm_png": "data/processed/previews/mrt-002_dsm_elevation.png", "preview_mask_png": "data/processed/previews/mrt-002_roof_mask.png", "preview_flux_png": "data/processed/previews/mrt-002_flux_heatmap.png", "gap_category": "Gap Sedang" }, "geometry": { "type": "Point", "coordinates": [ 106.792404, -6.292482 ] } },
{ "type": "Feature", "properties": { "asset_id": "MRT-004", "asset_name": "Stasiun MRT Blok M BCA", "category": "mrt", "category_display": "MRT Jakarta", "city_regency": "Jakarta Selatan", "postal_code": "12130", "source_raw_file": "data/raw/osm/stations_jakarta.gpkg", "raw_lat": -6.244462, "raw_lon": 106.798132, "google_building_id": "buildings/ChIJDywBb2zxaS4Rn6JFcz_EnZ8", "google_maps_url": "https://www.google.com/maps/search/?api=1&query=-6.244463,106.798135", "google_center_lat": -6.2444626, "google_center_lon": 106.7981351, "spatial_drift_meters": 0.35, "drift_status": "VALID (< 30m)", "imagery_date": "2025-08-16", "quality_tier": "BASE", "whole_roof_area_m2": 3357.62, "max_roof_area_m2": 2375.9, "roof_suitability_ratio_pct": 70.8, "building_footprint_m2": 3607.13, "roof_coverage_ratio_pct": 93.1, "gap_unsegmented_pct": 6.9, "gap_unsegmented_m2": 249.51, "gap_unpanelled_m2": 981.72, "total_gap_m2": 1231.23, "total_segments_count": 49, "pitch_range": "5.1° – 20.3°", "weighted_pitch_deg": 12.4, "max_panels_count": 1210, "sunshine_hours_annual": 1643.97, "panel_capacity_wp": 400, "installed_capacity_kwp": 484.0, "google_dc_mwh": 755.86, "annual_generation_kwh": 636544.02, "annual_generation_mwh": 636.54, "carbon_offset_factor": 809.0, "ghg_reduction_tons_co2": 514.96, "path_dsm_geotiff": "data/raw/solar/data_layers/dsm/mrt/mrt-004_dsm.tif", "path_rgb_geotiff": "data/raw/solar/data_layers/rgb/mrt/mrt-004_rgb.tif", "path_mask_geotiff": "data/raw/solar/data_layers/mask/mrt/mrt-004_mask.tif", "path_flux_geotiff": "data/raw/solar/data_layers/annual_flux/mrt/mrt-004_annual_flux.tif", "preview_rgb_png": "data/processed/previews/mrt-004_rgb.png", "preview_panels_png": "data/processed/previews/mrt-004_panels_overlay.png", "preview_segments_png": "data/processed/previews/mrt-004_segments_overlay.png", "preview_dsm_png": "data/processed/previews/mrt-004_dsm_elevation.png", "preview_mask_png": "data/processed/previews/mrt-004_roof_mask.png", "preview_flux_png": "data/processed/previews/mrt-004_flux_heatmap.png", "gap_category": "Gap Sedikit" }, "geometry": { "type": "Point", "coordinates": [ 106.798132, -6.244462 ] } },
{ "type": "Feature", "properties": { "asset_id": "MRT-005", "asset_name": "Stasiun MRT ASEAN", "category": "mrt", "category_display": "MRT Jakarta", "city_regency": "Jakarta Selatan", "postal_code": "12120", "source_raw_file": "data/raw/osm/stations_jakarta.gpkg", "raw_lat": -6.238814, "raw_lon": 106.798379, "google_building_id": "buildings/ChIJLyG3dWrxaS4RQta0OHx_MvE", "google_maps_url": "https://www.google.com/maps/search/?api=1&query=-6.238698,106.798420", "google_center_lat": -6.2386983, "google_center_lon": 106.79842, "spatial_drift_meters": 13.64, "drift_status": "VALID (< 30m)", "imagery_date": "2025-08-16", "quality_tier": "BASE", "whole_roof_area_m2": 3873.08, "max_roof_area_m2": 3322.33, "roof_suitability_ratio_pct": 85.8, "building_footprint_m2": 4677.35, "roof_coverage_ratio_pct": 82.8, "gap_unsegmented_pct": 17.2, "gap_unsegmented_m2": 804.26, "gap_unpanelled_m2": 550.75, "total_gap_m2": 1355.01, "total_segments_count": 9, "pitch_range": "2.9° – 13.4°", "weighted_pitch_deg": 5.8, "max_panels_count": 1692, "sunshine_hours_annual": 1623.86, "panel_capacity_wp": 400, "installed_capacity_kwp": 676.8, "google_dc_mwh": 1035.73, "annual_generation_kwh": 879220.43, "annual_generation_mwh": 879.22, "carbon_offset_factor": 809.0, "ghg_reduction_tons_co2": 711.29, "path_dsm_geotiff": "data/raw/solar/data_layers/dsm/mrt/mrt-005_dsm.tif", "path_rgb_geotiff": "data/raw/solar/data_layers/rgb/mrt/mrt-005_rgb.tif", "path_mask_geotiff": "data/raw/solar/data_layers/mask/mrt/mrt-005_mask.tif", "path_flux_geotiff": "data/raw/solar/data_layers/annual_flux/mrt/mrt-005_annual_flux.tif", "preview_rgb_png": "data/processed/previews/mrt-005_rgb.png", "preview_panels_png": "data/processed/previews/mrt-005_panels_overlay.png", "preview_segments_png": "data/processed/previews/mrt-005_segments_overlay.png", "preview_dsm_png": "data/processed/previews/mrt-005_dsm_elevation.png", "preview_mask_png": "data/processed/previews/mrt-005_roof_mask.png", "preview_flux_png": "data/processed/previews/mrt-005_flux_heatmap.png", "gap_category": "Gap Sedikit" }, "geometry": { "type": "Point", "coordinates": [ 106.798379, -6.238814 ] } },
{ "type": "Feature", "properties": { "asset_id": "MRT-006", "asset_name": "Stasiun MRT Senayan", "category": "mrt", "category_display": "MRT Jakarta", "city_regency": "Jakarta Pusat", "postal_code": "12190", "source_raw_file": "data/raw/osm/stations_jakarta.gpkg", "raw_lat": -6.226, "raw_lon": 106.8035, "google_building_id": "buildings/GhIJ1zUbI_jnGMARQSptKWyzWkA", "google_maps_url": "https://www.google.com/maps/search/?api=1&query=-6.226408,106.803689", "google_center_lat": -6.2264078, "google_center_lon": 106.8036891, "spatial_drift_meters": 49.93, "drift_status": "REVIEW (> 30m)", "imagery_date": "2023-10-28", "quality_tier": "BASE", "whole_roof_area_m2": 131.51, "max_roof_area_m2": 72.65, "roof_suitability_ratio_pct": 55.2, "building_footprint_m2": 177.22, "roof_coverage_ratio_pct": 74.2, "gap_unsegmented_pct": 25.8, "gap_unsegmented_m2": 45.71, "gap_unpanelled_m2": 58.85, "total_gap_m2": 104.57, "total_segments_count": 3, "pitch_range": "2.4° – 13.7°", "weighted_pitch_deg": 5.6, "max_panels_count": 37, "sunshine_hours_annual": 1443.04, "panel_capacity_wp": 400, "installed_capacity_kwp": 14.8, "google_dc_mwh": 20.62, "annual_generation_kwh": 17085.55, "annual_generation_mwh": 17.09, "carbon_offset_factor": 809.0, "ghg_reduction_tons_co2": 13.82, "path_dsm_geotiff": "data/raw/solar/data_layers/dsm/mrt/mrt-006_dsm.tif", "path_rgb_geotiff": "data/raw/solar/data_layers/rgb/mrt/mrt-006_rgb.tif", "path_mask_geotiff": "data/raw/solar/data_layers/mask/mrt/mrt-006_mask.tif", "path_flux_geotiff": "data/raw/solar/data_layers/annual_flux/mrt/mrt-006_annual_flux.tif", "preview_rgb_png": "data/processed/previews/mrt-006_rgb.png", "preview_panels_png": "data/processed/previews/mrt-006_panels_overlay.png", "preview_segments_png": "data/processed/previews/mrt-006_segments_overlay.png", "preview_dsm_png": "data/processed/previews/mrt-006_dsm_elevation.png", "preview_mask_png": "data/processed/previews/mrt-006_roof_mask.png", "preview_flux_png": "data/processed/previews/mrt-006_flux_heatmap.png", "gap_category": "Gap Sedang" }, "geometry": { "type": "Point", "coordinates": [ 106.8035, -6.226 ] } },
{ "type": "Feature", "properties": { "asset_id": "MRT-007", "asset_name": "Stasiun MRT Dukuh Atas BNI", "category": "mrt", "category_display": "MRT Jakarta", "city_regency": "Jakarta Pusat", "postal_code": "10230", "source_raw_file": "data/raw/osm/stations_jakarta.gpkg", "raw_lat": -6.200796, "raw_lon": 106.822788, "google_building_id": "buildings/ChIJx4G6uR70aS4RQDdV4y1UoVI", "google_maps_url": "https://www.google.com/maps/search/?api=1&query=-6.200928,106.822854", "google_center_lat": -6.2009283, "google_center_lon": 106.8228537, "spatial_drift_meters": 16.41, "drift_status": "VALID (< 30m)", "imagery_date": "2025-08-16", "quality_tier": "BASE", "whole_roof_area_m2": 180.61, "max_roof_area_m2": 131.56, "roof_suitability_ratio_pct": 72.8, "building_footprint_m2": 277.49, "roof_coverage_ratio_pct": 65.1, "gap_unsegmented_pct": 34.9, "gap_unsegmented_m2": 96.89, "gap_unpanelled_m2": 49.05, "total_gap_m2": 145.94, "total_segments_count": 3, "pitch_range": "2.8° – 6.9°", "weighted_pitch_deg": 4.3, "max_panels_count": 67, "sunshine_hours_annual": 1636.35, "panel_capacity_wp": 400, "installed_capacity_kwp": 26.8, "google_dc_mwh": 42.73, "annual_generation_kwh": 35083.29, "annual_generation_mwh": 35.08, "carbon_offset_factor": 809.0, "ghg_reduction_tons_co2": 28.38, "path_dsm_geotiff": "data/raw/solar/data_layers/dsm/mrt/mrt-007_dsm.tif", "path_rgb_geotiff": "data/raw/solar/data_layers/rgb/mrt/mrt-007_rgb.tif", "path_mask_geotiff": "data/raw/solar/data_layers/mask/mrt/mrt-007_mask.tif", "path_flux_geotiff": "data/raw/solar/data_layers/annual_flux/mrt/mrt-007_annual_flux.tif", "preview_rgb_png": "data/processed/previews/mrt-007_rgb.png", "preview_panels_png": "data/processed/previews/mrt-007_panels_overlay.png", "preview_segments_png": "data/processed/previews/mrt-007_segments_overlay.png", "preview_dsm_png": "data/processed/previews/mrt-007_dsm_elevation.png", "preview_mask_png": "data/processed/previews/mrt-007_roof_mask.png", "preview_flux_png": "data/processed/previews/mrt-007_flux_heatmap.png", "gap_category": "Gap Besar" }, "geometry": { "type": "Point", "coordinates": [ 106.822788, -6.200796 ] } },
{ "type": "Feature", "properties": { "asset_id": "MRT-008", "asset_name": "Stasiun MRT Bundaran HI", "category": "mrt", "category_display": "MRT Jakarta", "city_regency": "Jakarta Pusat", "postal_code": "10350", "source_raw_file": "data/raw/osm/stations_jakarta.gpkg", "raw_lat": -6.191864, "raw_lon": 106.823008, "google_building_id": "buildings/GhIJuFhmJWjEGMAR_0wkza60WkA", "google_maps_url": "https://www.google.com/maps/search/?api=1&query=-6.191821,106.823169", "google_center_lat": -6.1918213, "google_center_lon": 106.8231694, "spatial_drift_meters": 18.46, "drift_status": "VALID (< 30m)", "imagery_date": "2024-10-26", "quality_tier": "BASE", "whole_roof_area_m2": 19.69, "max_roof_area_m2": 9.82, "roof_suitability_ratio_pct": 49.9, "building_footprint_m2": 19.69, "roof_coverage_ratio_pct": 100.0, "gap_unsegmented_pct": 0.0, "gap_unsegmented_m2": 0.0, "gap_unpanelled_m2": 9.88, "total_gap_m2": 9.88, "total_segments_count": 1, "pitch_range": "19.5° – 19.5°", "weighted_pitch_deg": 19.5, "max_panels_count": 5, "sunshine_hours_annual": 1338.68, "panel_capacity_wp": 400, "installed_capacity_kwp": 2.0, "google_dc_mwh": 2.22, "annual_generation_kwh": 2141.89, "annual_generation_mwh": 2.14, "carbon_offset_factor": 809.0, "ghg_reduction_tons_co2": 1.73, "path_dsm_geotiff": "data/raw/solar/data_layers/dsm/mrt/mrt-008_dsm.tif", "path_rgb_geotiff": "data/raw/solar/data_layers/rgb/mrt/mrt-008_rgb.tif", "path_mask_geotiff": "data/raw/solar/data_layers/mask/mrt/mrt-008_mask.tif", "path_flux_geotiff": "data/raw/solar/data_layers/annual_flux/mrt/mrt-008_annual_flux.tif", "preview_rgb_png": "data/processed/previews/mrt-008_rgb.png", "preview_panels_png": "data/processed/previews/mrt-008_panels_overlay.png", "preview_segments_png": "data/processed/previews/mrt-008_segments_overlay.png", "preview_dsm_png": "data/processed/previews/mrt-008_dsm_elevation.png", "preview_mask_png": "data/processed/previews/mrt-008_roof_mask.png", "preview_flux_png": "data/processed/previews/mrt-008_flux_heatmap.png", "gap_category": "Gap Sedikit" }, "geometry": { "type": "Point", "coordinates": [ 106.823008, -6.191864 ] } },
{ "type": "Feature", "properties": { "asset_id": "LRT-014", "asset_name": "Stasiun LRT Dukuh Atas", "category": "lrt", "category_display": "LRT", "city_regency": "Jakarta Pusat", "postal_code": "12910", "source_raw_file": "data/raw/mrt_lrt/lrt_jabodebek_stations.geojson", "raw_lat": -6.204828, "raw_lon": 106.82553, "google_building_id": "buildings/ChIJlbC7BRv0aS4RB0sO1N-weGg", "google_maps_url": "https://www.google.com/maps/search/?api=1&query=-6.204863,106.825604", "google_center_lat": -6.2048629, "google_center_lon": 106.8256039, "spatial_drift_meters": 9.04, "drift_status": "VALID (< 30m)", "imagery_date": "2025-08-16", "quality_tier": "BASE", "whole_roof_area_m2": 1808.91, "max_roof_area_m2": 1525.68, "roof_suitability_ratio_pct": 84.3, "building_footprint_m2": 2909.96, "roof_coverage_ratio_pct": 62.2, "gap_unsegmented_pct": 37.8, "gap_unsegmented_m2": 1101.05, "gap_unpanelled_m2": 283.22, "total_gap_m2": 1384.28, "total_segments_count": 4, "pitch_range": "2.2° – 11.2°", "weighted_pitch_deg": 3.4, "max_panels_count": 777, "sunshine_hours_annual": 1638.0, "panel_capacity_wp": 400, "installed_capacity_kwp": 310.8, "google_dc_mwh": 501.27, "annual_generation_kwh": 407271.77, "annual_generation_mwh": 407.27, "carbon_offset_factor": 809.0, "ghg_reduction_tons_co2": 329.48, "path_dsm_geotiff": "data/raw/solar/data_layers/dsm/lrt/lrt-014_dsm.tif", "path_rgb_geotiff": "data/raw/solar/data_layers/rgb/lrt/lrt-014_rgb.tif", "path_mask_geotiff": "data/raw/solar/data_layers/mask/lrt/lrt-014_mask.tif", "path_flux_geotiff": "data/raw/solar/data_layers/annual_flux/lrt/lrt-014_annual_flux.tif", "preview_rgb_png": "data/processed/previews/lrt-014_rgb.png", "preview_panels_png": "data/processed/previews/lrt-014_panels_overlay.png", "preview_segments_png": "data/processed/previews/lrt-014_segments_overlay.png", "preview_dsm_png": "data/processed/previews/lrt-014_dsm_elevation.png", "preview_mask_png": "data/processed/previews/lrt-014_roof_mask.png", "preview_flux_png": "data/processed/previews/lrt-014_flux_heatmap.png", "gap_category": "Gap Besar" }, "geometry": { "type": "Point", "coordinates": [ 106.82553, -6.204828 ] } },
{ "type": "Feature", "properties": { "asset_id": "LRT-001", "asset_name": "Stasiun LRT Rasuna Said", "category": "lrt", "category_display": "LRT", "city_regency": "Jakarta Selatan", "postal_code": "12940", "source_raw_file": "data/raw/osm/stations_jakarta.gpkg", "raw_lat": -6.221588, "raw_lon": 106.832289, "google_building_id": "buildings/ChIJRUTOKPfzaS4R-u9swZIhrT0", "google_maps_url": "https://www.google.com/maps/search/?api=1&query=-6.221659,106.832263", "google_center_lat": -6.2216592, "google_center_lon": 106.8322628, "spatial_drift_meters": 8.43, "drift_status": "VALID (< 30m)", "imagery_date": "2025-08-16", "quality_tier": "BASE", "whole_roof_area_m2": 2451.69, "max_roof_area_m2": 1806.47, "roof_suitability_ratio_pct": 73.7, "building_footprint_m2": 3009.53, "roof_coverage_ratio_pct": 81.5, "gap_unsegmented_pct": 18.5, "gap_unsegmented_m2": 557.85, "gap_unpanelled_m2": 645.22, "total_gap_m2": 1203.06, "total_segments_count": 22, "pitch_range": "1.3° – 42.1°", "weighted_pitch_deg": 7.2, "max_panels_count": 920, "sunshine_hours_annual": 1636.9, "panel_capacity_wp": 400, "installed_capacity_kwp": 368.0, "google_dc_mwh": 568.2, "annual_generation_kwh": 481904.1, "annual_generation_mwh": 481.9, "carbon_offset_factor": 809.0, "ghg_reduction_tons_co2": 389.86, "path_dsm_geotiff": "data/raw/solar/data_layers/dsm/lrt/lrt-001_dsm.tif", "path_rgb_geotiff": "data/raw/solar/data_layers/rgb/lrt/lrt-001_rgb.tif", "path_mask_geotiff": "data/raw/solar/data_layers/mask/lrt/lrt-001_mask.tif", "path_flux_geotiff": "data/raw/solar/data_layers/annual_flux/lrt/lrt-001_annual_flux.tif", "preview_rgb_png": "data/processed/previews/lrt-001_rgb.png", "preview_panels_png": "data/processed/previews/lrt-001_panels_overlay.png", "preview_segments_png": "data/processed/previews/lrt-001_segments_overlay.png", "preview_dsm_png": "data/processed/previews/lrt-001_dsm_elevation.png", "preview_mask_png": "data/processed/previews/lrt-001_roof_mask.png", "preview_flux_png": "data/processed/previews/lrt-001_flux_heatmap.png", "gap_category": "Gap Sedikit" }, "geometry": { "type": "Point", "coordinates": [ 106.832289, -6.221588 ] } },
{ "type": "Feature", "properties": { "asset_id": "LRT-002", "asset_name": "Stasiun LRT Pancoran", "category": "lrt", "category_display": "LRT", "city_regency": "Jakarta Selatan", "postal_code": "12780", "source_raw_file": "data/raw/osm/stations_jakarta.gpkg", "raw_lat": -6.242099, "raw_lon": 106.838562, "google_building_id": "buildings/ChIJoeBk08DzaS4RRxIbKPxEZxY", "google_maps_url": "https://www.google.com/maps/search/?api=1&query=-6.242110,106.838459", "google_center_lat": -6.2421098, "google_center_lon": 106.8384589, "spatial_drift_meters": 11.46, "drift_status": "VALID (< 30m)", "imagery_date": "2025-08-16", "quality_tier": "BASE", "whole_roof_area_m2": 1332.18, "max_roof_area_m2": 1058.36, "roof_suitability_ratio_pct": 79.4, "building_footprint_m2": 1426.07, "roof_coverage_ratio_pct": 93.4, "gap_unsegmented_pct": 6.6, "gap_unsegmented_m2": 93.89, "gap_unpanelled_m2": 273.82, "total_gap_m2": 367.72, "total_segments_count": 6, "pitch_range": "1.1° – 27.9°", "weighted_pitch_deg": 20.7, "max_panels_count": 539, "sunshine_hours_annual": 1623.98, "panel_capacity_wp": 400, "installed_capacity_kwp": 215.6, "google_dc_mwh": 330.78, "annual_generation_kwh": 280104.05, "annual_generation_mwh": 280.1, "carbon_offset_factor": 809.0, "ghg_reduction_tons_co2": 226.6, "path_dsm_geotiff": "data/raw/solar/data_layers/dsm/lrt/lrt-002_dsm.tif", "path_rgb_geotiff": "data/raw/solar/data_layers/rgb/lrt/lrt-002_rgb.tif", "path_mask_geotiff": "data/raw/solar/data_layers/mask/lrt/lrt-002_mask.tif", "path_flux_geotiff": "data/raw/solar/data_layers/annual_flux/lrt/lrt-002_annual_flux.tif", "preview_rgb_png": "data/processed/previews/lrt-002_rgb.png", "preview_panels_png": "data/processed/previews/lrt-002_panels_overlay.png", "preview_segments_png": "data/processed/previews/lrt-002_segments_overlay.png", "preview_dsm_png": "data/processed/previews/lrt-002_dsm_elevation.png", "preview_mask_png": "data/processed/previews/lrt-002_roof_mask.png", "preview_flux_png": "data/processed/previews/lrt-002_flux_heatmap.png", "gap_category": "Gap Sedikit" }, "geometry": { "type": "Point", "coordinates": [ 106.838562, -6.242099 ] } },
{ "type": "Feature", "properties": { "asset_id": "LRT-003", "asset_name": "Stasiun LRT Cikoko", "category": "lrt", "category_display": "LRT", "city_regency": "Jakarta Selatan", "postal_code": "12770", "source_raw_file": "data/raw/osm/stations_jakarta.gpkg", "raw_lat": -6.244038, "raw_lon": 106.858026, "google_building_id": "buildings/ChIJz5DxM6TzaS4RwvdPbMyhRr0", "google_maps_url": "https://www.google.com/maps/search/?api=1&query=-6.244038,106.858026", "google_center_lat": -6.2440375, "google_center_lon": 106.8580264, "spatial_drift_meters": 0.07, "drift_status": "VALID (< 30m)", "imagery_date": "2025-08-16", "quality_tier": "BASE", "whole_roof_area_m2": 6309.57, "max_roof_area_m2": 5264.29, "roof_suitability_ratio_pct": 83.4, "building_footprint_m2": 6968.47, "roof_coverage_ratio_pct": 90.5, "gap_unsegmented_pct": 9.5, "gap_unsegmented_m2": 658.9, "gap_unpanelled_m2": 1045.28, "total_gap_m2": 1704.18, "total_segments_count": 19, "pitch_range": "2.9° – 22.4°", "weighted_pitch_deg": 14.8, "max_panels_count": 2681, "sunshine_hours_annual": 1593.25, "panel_capacity_wp": 400, "installed_capacity_kwp": 1072.4, "google_dc_mwh": 1613.5, "annual_generation_kwh": 1366878.12, "annual_generation_mwh": 1366.88, "carbon_offset_factor": 809.0, "ghg_reduction_tons_co2": 1105.8, "path_dsm_geotiff": "data/raw/solar/data_layers/dsm/lrt/lrt-003_dsm.tif", "path_rgb_geotiff": "data/raw/solar/data_layers/rgb/lrt/lrt-003_rgb.tif", "path_mask_geotiff": "data/raw/solar/data_layers/mask/lrt/lrt-003_mask.tif", "path_flux_geotiff": "data/raw/solar/data_layers/annual_flux/lrt/lrt-003_annual_flux.tif", "preview_rgb_png": "data/processed/previews/lrt-003_rgb.png", "preview_panels_png": "data/processed/previews/lrt-003_panels_overlay.png", "preview_segments_png": "data/processed/previews/lrt-003_segments_overlay.png", "preview_dsm_png": "data/processed/previews/lrt-003_dsm_elevation.png", "preview_mask_png": "data/processed/previews/lrt-003_roof_mask.png", "preview_flux_png": "data/processed/previews/lrt-003_flux_heatmap.png", "gap_category": "Gap Sedikit" }, "geometry": { "type": "Point", "coordinates": [ 106.858026, -6.244038 ] } },
{ "type": "Feature", "properties": { "asset_id": "LRT-004", "asset_name": "Stasiun LRT Cawang", "category": "lrt", "category_display": "LRT", "city_regency": "Jakarta Timur", "postal_code": "13630", "source_raw_file": "data/raw/osm/stations_jakarta.gpkg", "raw_lat": -6.245892, "raw_lon": 106.871254, "google_building_id": "buildings/GhIJISoRJqH7GMARwv4yVbi3WkA", "google_maps_url": "https://www.google.com/maps/search/?api=1&query=-6.245907,106.871260", "google_center_lat": -6.2459074, "google_center_lon": 106.8712598, "spatial_drift_meters": 1.83, "drift_status": "VALID (< 30m)", "imagery_date": "2025-08-16", "quality_tier": "BASE", "whole_roof_area_m2": 4842.98, "max_roof_area_m2": 4194.15, "roof_suitability_ratio_pct": 86.6, "building_footprint_m2": 5690.31, "roof_coverage_ratio_pct": 85.1, "gap_unsegmented_pct": 14.9, "gap_unsegmented_m2": 847.32, "gap_unpanelled_m2": 648.83, "total_gap_m2": 1496.15, "total_segments_count": 20, "pitch_range": "5.8° – 41.4°", "weighted_pitch_deg": 21.6, "max_panels_count": 2136, "sunshine_hours_annual": 1626.39, "panel_capacity_wp": 400, "installed_capacity_kwp": 854.4, "google_dc_mwh": 1335.48, "annual_generation_kwh": 1111668.38, "annual_generation_mwh": 1111.67, "carbon_offset_factor": 809.0, "ghg_reduction_tons_co2": 899.34, "path_dsm_geotiff": "data/raw/solar/data_layers/dsm/lrt/lrt-004_dsm.tif", "path_rgb_geotiff": "data/raw/solar/data_layers/rgb/lrt/lrt-004_rgb.tif", "path_mask_geotiff": "data/raw/solar/data_layers/mask/lrt/lrt-004_mask.tif", "path_flux_geotiff": "data/raw/solar/data_layers/annual_flux/lrt/lrt-004_annual_flux.tif", "preview_rgb_png": "data/processed/previews/lrt-004_rgb.png", "preview_panels_png": "data/processed/previews/lrt-004_panels_overlay.png", "preview_segments_png": "data/processed/previews/lrt-004_segments_overlay.png", "preview_dsm_png": "data/processed/previews/lrt-004_dsm_elevation.png", "preview_mask_png": "data/processed/previews/lrt-004_roof_mask.png", "preview_flux_png": "data/processed/previews/lrt-004_flux_heatmap.png", "gap_category": "Gap Sedikit" }, "geometry": { "type": "Point", "coordinates": [ 106.871254, -6.245892 ] } },
{ "type": "Feature", "properties": { "asset_id": "LRT-005", "asset_name": "Stasiun LRT Halim", "category": "lrt", "category_display": "LRT", "city_regency": "Jakarta Timur", "postal_code": "13610", "source_raw_file": "data/raw/osm/stations_jakarta.gpkg", "raw_lat": -6.245851, "raw_lon": 106.887328, "google_building_id": "buildings/ChIJoacFIBjzaS4RUkrLRysO1PM", "google_maps_url": "https://www.google.com/maps/search/?api=1&query=-6.245887,106.887327", "google_center_lat": -6.2458871, "google_center_lon": 106.8873272, "spatial_drift_meters": 4.02, "drift_status": "VALID (< 30m)", "imagery_date": "2025-08-16", "quality_tier": "BASE", "whole_roof_area_m2": 1204.75, "max_roof_area_m2": 865.93, "roof_suitability_ratio_pct": 71.9, "building_footprint_m2": 1421.62, "roof_coverage_ratio_pct": 84.7, "gap_unsegmented_pct": 15.3, "gap_unsegmented_m2": 216.86, "gap_unpanelled_m2": 338.83, "total_gap_m2": 555.69, "total_segments_count": 12, "pitch_range": "4.2° – 18.7°", "weighted_pitch_deg": 5.8, "max_panels_count": 441, "sunshine_hours_annual": 1650.63, "panel_capacity_wp": 400, "installed_capacity_kwp": 176.4, "google_dc_mwh": 284.95, "annual_generation_kwh": 232937.23, "annual_generation_mwh": 232.94, "carbon_offset_factor": 809.0, "ghg_reduction_tons_co2": 188.45, "path_dsm_geotiff": "data/raw/solar/data_layers/dsm/lrt/lrt-005_dsm.tif", "path_rgb_geotiff": "data/raw/solar/data_layers/rgb/lrt/lrt-005_rgb.tif", "path_mask_geotiff": "data/raw/solar/data_layers/mask/lrt/lrt-005_mask.tif", "path_flux_geotiff": "data/raw/solar/data_layers/annual_flux/lrt/lrt-005_annual_flux.tif", "preview_rgb_png": "data/processed/previews/lrt-005_rgb.png", "preview_panels_png": "data/processed/previews/lrt-005_panels_overlay.png", "preview_segments_png": "data/processed/previews/lrt-005_segments_overlay.png", "preview_dsm_png": "data/processed/previews/lrt-005_dsm_elevation.png", "preview_mask_png": "data/processed/previews/lrt-005_roof_mask.png", "preview_flux_png": "data/processed/previews/lrt-005_flux_heatmap.png", "gap_category": "Gap Sedikit" }, "geometry": { "type": "Point", "coordinates": [ 106.887328, -6.245851 ] } },
{ "type": "Feature", "properties": { "asset_id": "LRT-006", "asset_name": "Stasiun LRT Velodrome Jakarta", "category": "lrt", "category_display": "LRT", "city_regency": "Jakarta Timur", "postal_code": "13220", "source_raw_file": "data/raw/mrt_lrt/lrt_jkt_stations.geojson", "raw_lat": -6.191892, "raw_lon": 106.891147, "google_building_id": "buildings/GhIJUu-MRavEGMARETBtjgW5WkA", "google_maps_url": "https://www.google.com/maps/search/?api=1&query=-6.191892,106.891147", "google_center_lat": -6.1918917, "google_center_lon": 106.8911467, "spatial_drift_meters": 0.05, "drift_status": "VALID (< 30m)", "imagery_date": "2025-08-16", "quality_tier": "BASE", "whole_roof_area_m2": 2727.41, "max_roof_area_m2": 2203.11, "roof_suitability_ratio_pct": 80.8, "building_footprint_m2": 3141.57, "roof_coverage_ratio_pct": 86.8, "gap_unsegmented_pct": 13.2, "gap_unsegmented_m2": 414.16, "gap_unpanelled_m2": 524.3, "total_gap_m2": 938.46, "total_segments_count": 11, "pitch_range": "2.4° – 14.7°", "weighted_pitch_deg": 5.4, "max_panels_count": 1122, "sunshine_hours_annual": 1680.25, "panel_capacity_wp": 400, "installed_capacity_kwp": 448.8, "google_dc_mwh": 718.29, "annual_generation_kwh": 603277.21, "annual_generation_mwh": 603.28, "carbon_offset_factor": 809.0, "ghg_reduction_tons_co2": 488.05, "path_dsm_geotiff": "data/raw/solar/data_layers/dsm/lrt/lrt-006_dsm.tif", "path_rgb_geotiff": "data/raw/solar/data_layers/rgb/lrt/lrt-006_rgb.tif", "path_mask_geotiff": "data/raw/solar/data_layers/mask/lrt/lrt-006_mask.tif", "path_flux_geotiff": "data/raw/solar/data_layers/annual_flux/lrt/lrt-006_annual_flux.tif", "preview_rgb_png": "data/processed/previews/lrt-006_rgb.png", "preview_panels_png": "data/processed/previews/lrt-006_panels_overlay.png", "preview_segments_png": "data/processed/previews/lrt-006_segments_overlay.png", "preview_dsm_png": "data/processed/previews/lrt-006_dsm_elevation.png", "preview_mask_png": "data/processed/previews/lrt-006_roof_mask.png", "preview_flux_png": "data/processed/previews/lrt-006_flux_heatmap.png", "gap_category": "Gap Sedikit" }, "geometry": { "type": "Point", "coordinates": [ 106.891147, -6.191892 ] } },
{ "type": "Feature", "properties": { "asset_id": "LRT-007", "asset_name": "Stasiun LRT Pegangsaan Dua", "category": "lrt", "category_display": "LRT", "city_regency": "Jakarta Utara", "postal_code": "14250", "source_raw_file": "data/raw/mrt_lrt/lrt_jkt_stations.geojson", "raw_lat": -6.157856, "raw_lon": 106.915232, "google_building_id": "buildings/ChIJXen8gcuKaS4Rk1VHz-hynnU", "google_maps_url": "https://www.google.com/maps/search/?api=1&query=-6.157856,106.915232", "google_center_lat": -6.1578561, "google_center_lon": 106.9152316, "spatial_drift_meters": 0.05, "drift_status": "VALID (< 30m)", "imagery_date": "2025-07-05", "quality_tier": "BASE", "whole_roof_area_m2": 1020.4, "max_roof_area_m2": 883.6, "roof_suitability_ratio_pct": 86.6, "building_footprint_m2": 1072.6, "roof_coverage_ratio_pct": 95.1, "gap_unsegmented_pct": 4.9, "gap_unsegmented_m2": 52.2, "gap_unpanelled_m2": 136.81, "total_gap_m2": 189.01, "total_segments_count": 4, "pitch_range": "10.6° – 13.6°", "weighted_pitch_deg": 11.7, "max_panels_count": 450, "sunshine_hours_annual": 1702.05, "panel_capacity_wp": 400, "installed_capacity_kwp": 180.0, "google_dc_mwh": 297.38, "annual_generation_kwh": 245095.57, "annual_generation_mwh": 245.1, "carbon_offset_factor": 809.0, "ghg_reduction_tons_co2": 198.28, "path_dsm_geotiff": "data/raw/solar/data_layers/dsm/lrt/lrt-007_dsm.tif", "path_rgb_geotiff": "data/raw/solar/data_layers/rgb/lrt/lrt-007_rgb.tif", "path_mask_geotiff": "data/raw/solar/data_layers/mask/lrt/lrt-007_mask.tif", "path_flux_geotiff": "data/raw/solar/data_layers/annual_flux/lrt/lrt-007_annual_flux.tif", "preview_rgb_png": "data/processed/previews/lrt-007_rgb.png", "preview_panels_png": "data/processed/previews/lrt-007_panels_overlay.png", "preview_segments_png": "data/processed/previews/lrt-007_segments_overlay.png", "preview_dsm_png": "data/processed/previews/lrt-007_dsm_elevation.png", "preview_mask_png": "data/processed/previews/lrt-007_roof_mask.png", "preview_flux_png": "data/processed/previews/lrt-007_flux_heatmap.png", "gap_category": "Gap Sedikit" }, "geometry": { "type": "Point", "coordinates": [ 106.915232, -6.157856 ] } },
{ "type": "Feature", "properties": { "asset_id": "TERM-001", "asset_name": "Terminal Bus Tanjung Priok", "category": "terminal", "category_display": "Terminal Bus", "city_regency": "Jakarta Utara", "postal_code": "14310", "source_raw_file": "data/raw/osm/terminals_jakarta.geojson", "raw_lat": -6.112102, "raw_lon": 106.880937, "google_building_id": "buildings/ChIJO-tS67gfai4RO3TrPsNqK-0", "google_maps_url": "https://www.google.com/maps/search/?api=1&query=-6.112102,106.880936", "google_center_lat": -6.1121017, "google_center_lon": 106.8809365, "spatial_drift_meters": 0.06, "drift_status": "VALID (< 30m)", "imagery_date": "2025-07-26", "quality_tier": "BASE", "whole_roof_area_m2": 977.78, "max_roof_area_m2": 632.26, "roof_suitability_ratio_pct": 64.7, "building_footprint_m2": 1449.41, "roof_coverage_ratio_pct": 67.5, "gap_unsegmented_pct": 32.5, "gap_unsegmented_m2": 471.63, "gap_unpanelled_m2": 345.52, "total_gap_m2": 817.15, "total_segments_count": 12, "pitch_range": "1.0° – 13.4°", "weighted_pitch_deg": 3.0, "max_panels_count": 322, "sunshine_hours_annual": 1706.98, "panel_capacity_wp": 400, "installed_capacity_kwp": 128.8, "google_dc_mwh": 212.11, "annual_generation_kwh": 175887.57, "annual_generation_mwh": 175.89, "carbon_offset_factor": 809.0, "ghg_reduction_tons_co2": 142.29, "path_dsm_geotiff": "data/raw/solar/data_layers/dsm/terminal/term-001_dsm.tif", "path_rgb_geotiff": "data/raw/solar/data_layers/rgb/terminal/term-001_rgb.tif", "path_mask_geotiff": "data/raw/solar/data_layers/mask/terminal/term-001_mask.tif", "path_flux_geotiff": "data/raw/solar/data_layers/annual_flux/terminal/term-001_annual_flux.tif", "preview_rgb_png": "data/processed/previews/term-001_rgb.png", "preview_panels_png": "data/processed/previews/term-001_panels_overlay.png", "preview_segments_png": "data/processed/previews/term-001_segments_overlay.png", "preview_dsm_png": "data/processed/previews/term-001_dsm_elevation.png", "preview_mask_png": "data/processed/previews/term-001_roof_mask.png", "preview_flux_png": "data/processed/previews/term-001_flux_heatmap.png", "gap_category": "Gap Besar" }, "geometry": { "type": "Point", "coordinates": [ 106.880937, -6.112102 ] } },
{ "type": "Feature", "properties": { "asset_id": "TERM-002", "asset_name": "Terminal Terpadu Rawamangun", "category": "terminal", "category_display": "Terminal Bus", "city_regency": "Jakarta Timur", "postal_code": "13220", "source_raw_file": "OSM Node / BPTJ / Dishub DKI", "raw_lat": -6.1963, "raw_lon": 106.8856, "google_building_id": "buildings/ChIJE77RH5X0aS4RElvb1jYkWqE", "google_maps_url": "https://www.google.com/maps/search/?api=1&query=-6.196285,106.885737", "google_center_lat": -6.1962852, "google_center_lon": 106.8857372, "spatial_drift_meters": 15.26, "drift_status": "VALID (< 30m)", "imagery_date": "2025-08-16", "quality_tier": "BASE", "whole_roof_area_m2": 1271.35, "max_roof_area_m2": 1050.5, "roof_suitability_ratio_pct": 82.6, "building_footprint_m2": 1457.66, "roof_coverage_ratio_pct": 87.2, "gap_unsegmented_pct": 12.8, "gap_unsegmented_m2": 186.31, "gap_unpanelled_m2": 220.85, "total_gap_m2": 407.16, "total_segments_count": 8, "pitch_range": "3.3° – 49.2°", "weighted_pitch_deg": 22.8, "max_panels_count": 535, "sunshine_hours_annual": 1668.57, "panel_capacity_wp": 400, "installed_capacity_kwp": 214.0, "google_dc_mwh": 332.77, "annual_generation_kwh": 285659.44, "annual_generation_mwh": 285.66, "carbon_offset_factor": 809.0, "ghg_reduction_tons_co2": 231.1, "path_dsm_geotiff": "data/raw/solar/data_layers/dsm/terminal/term-002_dsm.tif", "path_rgb_geotiff": "data/raw/solar/data_layers/rgb/terminal/term-002_rgb.tif", "path_mask_geotiff": "data/raw/solar/data_layers/mask/terminal/term-002_mask.tif", "path_flux_geotiff": "data/raw/solar/data_layers/annual_flux/terminal/term-002_annual_flux.tif", "preview_rgb_png": "data/processed/previews/term-002_rgb.png", "preview_panels_png": "data/processed/previews/term-002_panels_overlay.png", "preview_segments_png": "data/processed/previews/term-002_segments_overlay.png", "preview_dsm_png": "data/processed/previews/term-002_dsm_elevation.png", "preview_mask_png": "data/processed/previews/term-002_roof_mask.png", "preview_flux_png": "data/processed/previews/term-002_flux_heatmap.png", "gap_category": "Gap Sedikit" }, "geometry": { "type": "Point", "coordinates": [ 106.8856, -6.1963 ] } },
{ "type": "Feature", "properties": { "asset_id": "TERM-003", "asset_name": "Terminal Kampung Rambutan", "category": "terminal", "category_display": "Terminal Bus", "city_regency": "Jakarta Timur", "postal_code": "13830", "source_raw_file": "OSM Way / Dishub DKI", "raw_lat": -6.312118, "raw_lon": 106.885193, "google_building_id": "buildings/ChIJ1yUHfWntaS4RdiRuzpKnBY8", "google_maps_url": "https://www.google.com/maps/search/?api=1&query=-6.312118,106.885193", "google_center_lat": -6.3121177, "google_center_lon": 106.8851928, "spatial_drift_meters": 0.04, "drift_status": "VALID (< 30m)", "imagery_date": "2023-08-08", "quality_tier": "BASE", "whole_roof_area_m2": 1920.78, "max_roof_area_m2": 1423.58, "roof_suitability_ratio_pct": 74.1, "building_footprint_m2": 1961.23, "roof_coverage_ratio_pct": 97.9, "gap_unsegmented_pct": 2.1, "gap_unsegmented_m2": 40.45, "gap_unpanelled_m2": 497.2, "total_gap_m2": 537.65, "total_segments_count": 9, "pitch_range": "0.4° – 11.8°", "weighted_pitch_deg": 1.8, "max_panels_count": 725, "sunshine_hours_annual": 1654.37, "panel_capacity_wp": 400, "installed_capacity_kwp": 290.0, "google_dc_mwh": 397.5, "annual_generation_kwh": 383814.72, "annual_generation_mwh": 383.81, "carbon_offset_factor": 809.0, "ghg_reduction_tons_co2": 310.51, "path_dsm_geotiff": "data/raw/solar/data_layers/dsm/terminal/term-003_dsm.tif", "path_rgb_geotiff": "data/raw/solar/data_layers/rgb/terminal/term-003_rgb.tif", "path_mask_geotiff": "data/raw/solar/data_layers/mask/terminal/term-003_mask.tif", "path_flux_geotiff": "data/raw/solar/data_layers/annual_flux/terminal/term-003_annual_flux.tif", "preview_rgb_png": "data/processed/previews/term-003_rgb.png", "preview_panels_png": "data/processed/previews/term-003_panels_overlay.png", "preview_segments_png": "data/processed/previews/term-003_segments_overlay.png", "preview_dsm_png": "data/processed/previews/term-003_dsm_elevation.png", "preview_mask_png": "data/processed/previews/term-003_roof_mask.png", "preview_flux_png": "data/processed/previews/term-003_flux_heatmap.png", "gap_category": "Gap Sedikit" }, "geometry": { "type": "Point", "coordinates": [ 106.885193, -6.312118 ] } },
{ "type": "Feature", "properties": { "asset_id": "TERM-004", "asset_name": "Terminal Kalideres", "category": "terminal", "category_display": "Terminal Bus", "city_regency": "Jakarta Barat", "postal_code": "11840", "source_raw_file": "OSM Way / Dishub DKI", "raw_lat": -6.154446, "raw_lon": 106.705697, "google_building_id": "buildings/ChIJhXoHVhH4aS4RiahCOdczmKs", "google_maps_url": "https://www.google.com/maps/search/?api=1&query=-6.154455,106.705815", "google_center_lat": -6.1544553, "google_center_lon": 106.7058146, "spatial_drift_meters": 13.04, "drift_status": "VALID (< 30m)", "imagery_date": "2024-09-19", "quality_tier": "BASE", "whole_roof_area_m2": 157.27, "max_roof_area_m2": 102.1, "roof_suitability_ratio_pct": 64.9, "building_footprint_m2": 166.81, "roof_coverage_ratio_pct": 94.3, "gap_unsegmented_pct": 5.7, "gap_unsegmented_m2": 9.54, "gap_unpanelled_m2": 55.16, "total_gap_m2": 64.7, "total_segments_count": 5, "pitch_range": "1.5° – 5.2°", "weighted_pitch_deg": 3.0, "max_panels_count": 52, "sunshine_hours_annual": 1703.56, "panel_capacity_wp": 400, "installed_capacity_kwp": 20.8, "google_dc_mwh": 35.1, "annual_generation_kwh": 28347.26, "annual_generation_mwh": 28.35, "carbon_offset_factor": 809.0, "ghg_reduction_tons_co2": 22.93, "path_dsm_geotiff": "data/raw/solar/data_layers/dsm/terminal/term-004_dsm.tif", "path_rgb_geotiff": "data/raw/solar/data_layers/rgb/terminal/term-004_rgb.tif", "path_mask_geotiff": "data/raw/solar/data_layers/mask/terminal/term-004_mask.tif", "path_flux_geotiff": "data/raw/solar/data_layers/annual_flux/terminal/term-004_annual_flux.tif", "preview_rgb_png": "data/processed/previews/term-004_rgb.png", "preview_panels_png": "data/processed/previews/term-004_panels_overlay.png", "preview_segments_png": "data/processed/previews/term-004_segments_overlay.png", "preview_dsm_png": "data/processed/previews/term-004_dsm_elevation.png", "preview_mask_png": "data/processed/previews/term-004_roof_mask.png", "preview_flux_png": "data/processed/previews/term-004_flux_heatmap.png", "gap_category": "Gap Sedikit" }, "geometry": { "type": "Point", "coordinates": [ 106.705697, -6.154446 ] } },
{ "type": "Feature", "properties": { "asset_id": "TERM-005", "asset_name": "Terminal Baranangsiang Bogor", "category": "terminal", "category_display": "Terminal Bus", "city_regency": "Kota Bogor", "postal_code": "16143", "source_raw_file": "OSM Node / BPTJ", "raw_lat": -6.604245, "raw_lon": 106.806041, "google_building_id": "buildings/ChIJXeKe09zFaS4RwZFux_UMpjw", "google_maps_url": "https://www.google.com/maps/search/?api=1&query=-6.604239,106.806063", "google_center_lat": -6.6042389, "google_center_lon": 106.8060629, "spatial_drift_meters": 2.51, "drift_status": "VALID (< 30m)", "imagery_date": "2024-02-22", "quality_tier": "BASE", "whole_roof_area_m2": 227.47, "max_roof_area_m2": 145.3, "roof_suitability_ratio_pct": 63.9, "building_footprint_m2": 333.26, "roof_coverage_ratio_pct": 68.3, "gap_unsegmented_pct": 31.7, "gap_unsegmented_m2": 105.78, "gap_unpanelled_m2": 82.17, "total_gap_m2": 187.95, "total_segments_count": 2, "pitch_range": "3.5° – 15.9°", "weighted_pitch_deg": 6.3, "max_panels_count": 74, "sunshine_hours_annual": 1569.38, "panel_capacity_wp": 400, "installed_capacity_kwp": 29.6, "google_dc_mwh": 43.7, "annual_generation_kwh": 37162.89, "annual_generation_mwh": 37.16, "carbon_offset_factor": 809.0, "ghg_reduction_tons_co2": 30.06, "path_dsm_geotiff": "data/raw/solar/data_layers/dsm/terminal/term-005_dsm.tif", "path_rgb_geotiff": "data/raw/solar/data_layers/rgb/terminal/term-005_rgb.tif", "path_mask_geotiff": "data/raw/solar/data_layers/mask/terminal/term-005_mask.tif", "path_flux_geotiff": "data/raw/solar/data_layers/annual_flux/terminal/term-005_annual_flux.tif", "preview_rgb_png": "data/processed/previews/term-005_rgb.png", "preview_panels_png": "data/processed/previews/term-005_panels_overlay.png", "preview_segments_png": "data/processed/previews/term-005_segments_overlay.png", "preview_dsm_png": "data/processed/previews/term-005_dsm_elevation.png", "preview_mask_png": "data/processed/previews/term-005_roof_mask.png", "preview_flux_png": "data/processed/previews/term-005_flux_heatmap.png", "gap_category": "Gap Besar" }, "geometry": { "type": "Point", "coordinates": [ 106.806041, -6.604245 ] } },
{ "type": "Feature", "properties": { "asset_id": "TERM-006", "asset_name": "Terminal Jatijajar Depok", "category": "terminal", "category_display": "Terminal Bus", "city_regency": "Kota Depok", "postal_code": "16451", "source_raw_file": "OSM Node / BPTJ", "raw_lat": -6.426272, "raw_lon": 106.858721, "google_building_id": "buildings/ChIJiWm2VlHqaS4R6EhBwPH1aVU", "google_maps_url": "https://www.google.com/maps/search/?api=1&query=-6.426231,106.858677", "google_center_lat": -6.4262312, "google_center_lon": 106.8586765, "spatial_drift_meters": 6.69, "drift_status": "VALID (< 30m)", "imagery_date": "2024-03-19", "quality_tier": "BASE", "whole_roof_area_m2": 1727.15, "max_roof_area_m2": 1350.93, "roof_suitability_ratio_pct": 78.2, "building_footprint_m2": 1952.29, "roof_coverage_ratio_pct": 88.5, "gap_unsegmented_pct": 11.5, "gap_unsegmented_m2": 225.14, "gap_unpanelled_m2": 376.22, "total_gap_m2": 601.37, "total_segments_count": 10, "pitch_range": "0.1° – 39.8°", "weighted_pitch_deg": 8.1, "max_panels_count": 688, "sunshine_hours_annual": 1668.38, "panel_capacity_wp": 400, "installed_capacity_kwp": 275.2, "google_dc_mwh": 437.33, "annual_generation_kwh": 367309.81, "annual_generation_mwh": 367.31, "carbon_offset_factor": 809.0, "ghg_reduction_tons_co2": 297.15, "path_dsm_geotiff": "data/raw/solar/data_layers/dsm/terminal/term-006_dsm.tif", "path_rgb_geotiff": "data/raw/solar/data_layers/rgb/terminal/term-006_rgb.tif", "path_mask_geotiff": "data/raw/solar/data_layers/mask/terminal/term-006_mask.tif", "path_flux_geotiff": "data/raw/solar/data_layers/annual_flux/terminal/term-006_annual_flux.tif", "preview_rgb_png": "data/processed/previews/term-006_rgb.png", "preview_panels_png": "data/processed/previews/term-006_panels_overlay.png", "preview_segments_png": "data/processed/previews/term-006_segments_overlay.png", "preview_dsm_png": "data/processed/previews/term-006_dsm_elevation.png", "preview_mask_png": "data/processed/previews/term-006_roof_mask.png", "preview_flux_png": "data/processed/previews/term-006_flux_heatmap.png", "gap_category": "Gap Sedikit" }, "geometry": { "type": "Point", "coordinates": [ 106.858721, -6.426272 ] } },
{ "type": "Feature", "properties": { "asset_id": "TERM-007", "asset_name": "Terminal Poris Plawad Tangerang", "category": "terminal", "category_display": "Terminal Bus", "city_regency": "Kota Tangerang", "postal_code": "15141", "source_raw_file": "OSM Node / Dishub Kota Tangerang", "raw_lat": -6.173007, "raw_lon": 106.664461, "google_building_id": "buildings/ChIJa1D2zPr4aS4RF9MiKka-Kl0", "google_maps_url": "https://www.google.com/maps/search/?api=1&query=-6.173151,106.664517", "google_center_lat": -6.1731509, "google_center_lon": 106.6645168, "spatial_drift_meters": 17.15, "drift_status": "VALID (< 30m)", "imagery_date": "2025-07-26", "quality_tier": "BASE", "whole_roof_area_m2": 861.25, "max_roof_area_m2": 634.23, "roof_suitability_ratio_pct": 73.6, "building_footprint_m2": 985.73, "roof_coverage_ratio_pct": 87.4, "gap_unsegmented_pct": 12.6, "gap_unsegmented_m2": 124.48, "gap_unpanelled_m2": 227.03, "total_gap_m2": 351.5, "total_segments_count": 9, "pitch_range": "4.0° – 29.2°", "weighted_pitch_deg": 20.9, "max_panels_count": 323, "sunshine_hours_annual": 1646.22, "panel_capacity_wp": 400, "installed_capacity_kwp": 129.2, "google_dc_mwh": 195.67, "annual_generation_kwh": 170153.27, "annual_generation_mwh": 170.15, "carbon_offset_factor": 809.0, "ghg_reduction_tons_co2": 137.65, "path_dsm_geotiff": "data/raw/solar/data_layers/dsm/terminal/term-007_dsm.tif", "path_rgb_geotiff": "data/raw/solar/data_layers/rgb/terminal/term-007_rgb.tif", "path_mask_geotiff": "data/raw/solar/data_layers/mask/terminal/term-007_mask.tif", "path_flux_geotiff": "data/raw/solar/data_layers/annual_flux/terminal/term-007_annual_flux.tif", "preview_rgb_png": "data/processed/previews/term-007_rgb.png", "preview_panels_png": "data/processed/previews/term-007_panels_overlay.png", "preview_segments_png": "data/processed/previews/term-007_segments_overlay.png", "preview_dsm_png": "data/processed/previews/term-007_dsm_elevation.png", "preview_mask_png": "data/processed/previews/term-007_roof_mask.png", "preview_flux_png": "data/processed/previews/term-007_flux_heatmap.png", "gap_category": "Gap Sedikit" }, "geometry": { "type": "Point", "coordinates": [ 106.664461, -6.173007 ] } },
{ "type": "Feature", "properties": { "asset_id": "TERM-008", "asset_name": "Terminal Induk Kota Bekasi", "category": "terminal", "category_display": "Terminal Bus", "city_regency": "Kota Bekasi", "postal_code": "17111", "source_raw_file": "OSM Way / Dishub Kota Bekasi", "raw_lat": -6.249067, "raw_lon": 107.014729, "google_building_id": "buildings/ChIJG8Vn44aOaS4RvzdlDe--ERU", "google_maps_url": "https://www.google.com/maps/search/?api=1&query=-6.249067,107.014729", "google_center_lat": -6.2490671, "google_center_lon": 107.0147287, "spatial_drift_meters": 0.03, "drift_status": "VALID (< 30m)", "imagery_date": "2025-09-13", "quality_tier": "BASE", "whole_roof_area_m2": 271.25, "max_roof_area_m2": 190.46, "roof_suitability_ratio_pct": 70.2, "building_footprint_m2": 351.4, "roof_coverage_ratio_pct": 77.2, "gap_unsegmented_pct": 22.8, "gap_unsegmented_m2": 80.14, "gap_unpanelled_m2": 80.79, "total_gap_m2": 160.93, "total_segments_count": 2, "pitch_range": "5.9° – 17.6°", "weighted_pitch_deg": 8.2, "max_panels_count": 97, "sunshine_hours_annual": 1657.09, "panel_capacity_wp": 400, "installed_capacity_kwp": 38.8, "google_dc_mwh": 61.98, "annual_generation_kwh": 51436.0, "annual_generation_mwh": 51.44, "carbon_offset_factor": 809.0, "ghg_reduction_tons_co2": 41.61, "path_dsm_geotiff": "data/raw/solar/data_layers/dsm/terminal/term-008_dsm.tif", "path_rgb_geotiff": "data/raw/solar/data_layers/rgb/terminal/term-008_rgb.tif", "path_mask_geotiff": "data/raw/solar/data_layers/mask/terminal/term-008_mask.tif", "path_flux_geotiff": "data/raw/solar/data_layers/annual_flux/terminal/term-008_annual_flux.tif", "preview_rgb_png": "data/processed/previews/term-008_rgb.png", "preview_panels_png": "data/processed/previews/term-008_panels_overlay.png", "preview_segments_png": "data/processed/previews/term-008_segments_overlay.png", "preview_dsm_png": "data/processed/previews/term-008_dsm_elevation.png", "preview_mask_png": "data/processed/previews/term-008_roof_mask.png", "preview_flux_png": "data/processed/previews/term-008_flux_heatmap.png", "gap_category": "Gap Sedang" }, "geometry": { "type": "Point", "coordinates": [ 107.014729, -6.249067 ] } },
{ "type": "Feature", "properties": { "asset_id": "AIR-001", "asset_name": "Bandara Soekarno-Hatta (Terminal 3)", "category": "airport", "category_display": "Bandara", "city_regency": "Kota Tangerang", "postal_code": "15126", "source_raw_file": "data/raw/osm/airports_jakarta.geojson", "raw_lat": -6.11993, "raw_lon": 106.662502, "google_building_id": "buildings/ChIJ-U7OnkICai4RhMxzhhHDMaA", "google_maps_url": "https://www.google.com/maps/search/?api=1&query=-6.119930,106.662502", "google_center_lat": -6.1199302, "google_center_lon": 106.662502, "spatial_drift_meters": 0.02, "drift_status": "VALID (< 30m)", "imagery_date": "2025-07-26", "quality_tier": "BASE", "whole_roof_area_m2": 1985.89, "max_roof_area_m2": 1596.37, "roof_suitability_ratio_pct": 80.4, "building_footprint_m2": 3053.39, "roof_coverage_ratio_pct": 65.0, "gap_unsegmented_pct": 35.0, "gap_unsegmented_m2": 1067.5, "gap_unpanelled_m2": 389.52, "total_gap_m2": 1457.02, "total_segments_count": 2, "pitch_range": "3.9° – 7.7°", "weighted_pitch_deg": 6.0, "max_panels_count": 813, "sunshine_hours_annual": 1705.36, "panel_capacity_wp": 400, "installed_capacity_kwp": 325.2, "google_dc_mwh": 528.14, "annual_generation_kwh": 443667.03, "annual_generation_mwh": 443.67, "carbon_offset_factor": 809.0, "ghg_reduction_tons_co2": 358.93, "path_dsm_geotiff": "data/raw/solar/data_layers/dsm/airport/air-001_dsm.tif", "path_rgb_geotiff": "data/raw/solar/data_layers/rgb/airport/air-001_rgb.tif", "path_mask_geotiff": "data/raw/solar/data_layers/mask/airport/air-001_mask.tif", "path_flux_geotiff": "data/raw/solar/data_layers/annual_flux/airport/air-001_annual_flux.tif", "preview_rgb_png": "data/processed/previews/air-001_rgb.png", "preview_panels_png": "data/processed/previews/air-001_panels_overlay.png", "preview_segments_png": "data/processed/previews/air-001_segments_overlay.png", "preview_dsm_png": "data/processed/previews/air-001_dsm_elevation.png", "preview_mask_png": "data/processed/previews/air-001_roof_mask.png", "preview_flux_png": "data/processed/previews/air-001_flux_heatmap.png", "gap_category": "Gap Besar" }, "geometry": { "type": "Point", "coordinates": [ 106.662502, -6.11993 ] } },
{ "type": "Feature", "properties": { "asset_id": "AIR-002", "asset_name": "Bandara Soekarno-Hatta (Terminal 2)", "category": "airport", "category_display": "Bandara", "city_regency": "Kota Tangerang", "postal_code": "15126", "source_raw_file": "OSM Aeroway / PT Angkasa Pura II", "raw_lat": -6.127129, "raw_lon": 106.652921, "google_building_id": "buildings/ChIJZdFMNBMCai4RacOSuHP5HJw", "google_maps_url": "https://www.google.com/maps/search/?api=1&query=-6.127129,106.652921", "google_center_lat": -6.1271287, "google_center_lon": 106.6529208, "spatial_drift_meters": 0.04, "drift_status": "VALID (< 30m)", "imagery_date": "2025-07-26", "quality_tier": "BASE", "whole_roof_area_m2": 2662.51, "max_roof_area_m2": 1932.14, "roof_suitability_ratio_pct": 72.6, "building_footprint_m2": 2863.95, "roof_coverage_ratio_pct": 93.0, "gap_unsegmented_pct": 7.0, "gap_unsegmented_m2": 201.44, "gap_unpanelled_m2": 730.37, "total_gap_m2": 931.81, "total_segments_count": 33, "pitch_range": "2.3° – 24.3°", "weighted_pitch_deg": 13.2, "max_panels_count": 984, "sunshine_hours_annual": 1720.99, "panel_capacity_wp": 400, "installed_capacity_kwp": 393.6, "google_dc_mwh": 646.82, "annual_generation_kwh": 541905.84, "annual_generation_mwh": 541.91, "carbon_offset_factor": 809.0, "ghg_reduction_tons_co2": 438.4, "path_dsm_geotiff": "data/raw/solar/data_layers/dsm/airport/air-002_dsm.tif", "path_rgb_geotiff": "data/raw/solar/data_layers/rgb/airport/air-002_rgb.tif", "path_mask_geotiff": "data/raw/solar/data_layers/mask/airport/air-002_mask.tif", "path_flux_geotiff": "data/raw/solar/data_layers/annual_flux/airport/air-002_annual_flux.tif", "preview_rgb_png": "data/processed/previews/air-002_rgb.png", "preview_panels_png": "data/processed/previews/air-002_panels_overlay.png", "preview_segments_png": "data/processed/previews/air-002_segments_overlay.png", "preview_dsm_png": "data/processed/previews/air-002_dsm_elevation.png", "preview_mask_png": "data/processed/previews/air-002_roof_mask.png", "preview_flux_png": "data/processed/previews/air-002_flux_heatmap.png", "gap_category": "Gap Sedikit" }, "geometry": { "type": "Point", "coordinates": [ 106.652921, -6.127129 ] } },
{ "type": "Feature", "properties": { "asset_id": "AIR-003", "asset_name": "Bandara Soekarno-Hatta (Terminal 1)", "category": "airport", "category_display": "Bandara", "city_regency": "Kota Tangerang", "postal_code": "15126", "source_raw_file": "OSM Aeroway / PT Angkasa Pura II", "raw_lat": -6.130116, "raw_lon": 106.656915, "google_building_id": "buildings/GhIJBUExdz2FGMARdKj12QuqWkA", "google_maps_url": "https://www.google.com/maps/search/?api=1&query=-6.130116,106.656915", "google_center_lat": -6.1301158, "google_center_lon": 106.6569151, "spatial_drift_meters": 0.02, "drift_status": "VALID (< 30m)", "imagery_date": "2025-07-26", "quality_tier": "BASE", "whole_roof_area_m2": 1225.22, "max_roof_area_m2": 1038.72, "roof_suitability_ratio_pct": 84.8, "building_footprint_m2": 1336.56, "roof_coverage_ratio_pct": 91.7, "gap_unsegmented_pct": 8.3, "gap_unsegmented_m2": 111.34, "gap_unpanelled_m2": 186.5, "total_gap_m2": 297.84, "total_segments_count": 1, "pitch_range": "1.0° – 1.0°", "weighted_pitch_deg": 1.0, "max_panels_count": 529, "sunshine_hours_annual": 1701.18, "panel_capacity_wp": 400, "installed_capacity_kwp": 211.6, "google_dc_mwh": 334.44, "annual_generation_kwh": 287976.19, "annual_generation_mwh": 287.98, "carbon_offset_factor": 809.0, "ghg_reduction_tons_co2": 232.97, "path_dsm_geotiff": "data/raw/solar/data_layers/dsm/airport/air-003_dsm.tif", "path_rgb_geotiff": "data/raw/solar/data_layers/rgb/airport/air-003_rgb.tif", "path_mask_geotiff": "data/raw/solar/data_layers/mask/airport/air-003_mask.tif", "path_flux_geotiff": "data/raw/solar/data_layers/annual_flux/airport/air-003_annual_flux.tif", "preview_rgb_png": "data/processed/previews/air-003_rgb.png", "preview_panels_png": "data/processed/previews/air-003_panels_overlay.png", "preview_segments_png": "data/processed/previews/air-003_segments_overlay.png", "preview_dsm_png": "data/processed/previews/air-003_dsm_elevation.png", "preview_mask_png": "data/processed/previews/air-003_roof_mask.png", "preview_flux_png": "data/processed/previews/air-003_flux_heatmap.png", "gap_category": "Gap Sedikit" }, "geometry": { "type": "Point", "coordinates": [ 106.656915, -6.130116 ] } },
{ "type": "Feature", "properties": { "asset_id": "AIR-004", "asset_name": "Bandara Halim Perdanakusuma", "category": "airport", "category_display": "Bandara", "city_regency": "Jakarta Timur", "postal_code": "13610", "source_raw_file": "OSM Aeroway / PT Angkasa Pura II", "raw_lat": -6.26095, "raw_lon": 106.897272, "google_building_id": "buildings/ChIJs1lg0tvyaS4RoH7IAMwXVSc", "google_maps_url": "https://www.google.com/maps/search/?api=1&query=-6.260950,106.897272", "google_center_lat": -6.2609504, "google_center_lon": 106.8972723, "spatial_drift_meters": 0.06, "drift_status": "VALID (< 30m)", "imagery_date": "2025-08-16", "quality_tier": "BASE", "whole_roof_area_m2": 4596.99, "max_roof_area_m2": 4286.44, "roof_suitability_ratio_pct": 93.2, "building_footprint_m2": 7859.17, "roof_coverage_ratio_pct": 58.5, "gap_unsegmented_pct": 41.5, "gap_unsegmented_m2": 3262.18, "gap_unpanelled_m2": 310.55, "total_gap_m2": 3572.73, "total_segments_count": 1, "pitch_range": "2.7° – 2.7°", "weighted_pitch_deg": 2.7, "max_panels_count": 2183, "sunshine_hours_annual": 1651.26, "panel_capacity_wp": 400, "installed_capacity_kwp": 873.2, "google_dc_mwh": 1304.75, "annual_generation_kwh": 1153501.88, "annual_generation_mwh": 1153.5, "carbon_offset_factor": 809.0, "ghg_reduction_tons_co2": 933.18, "path_dsm_geotiff": "data/raw/solar/data_layers/dsm/airport/air-004_dsm.tif", "path_rgb_geotiff": "data/raw/solar/data_layers/rgb/airport/air-004_rgb.tif", "path_mask_geotiff": "data/raw/solar/data_layers/mask/airport/air-004_mask.tif", "path_flux_geotiff": "data/raw/solar/data_layers/annual_flux/airport/air-004_annual_flux.tif", "preview_rgb_png": "data/processed/previews/air-004_rgb.png", "preview_panels_png": "data/processed/previews/air-004_panels_overlay.png", "preview_segments_png": "data/processed/previews/air-004_segments_overlay.png", "preview_dsm_png": "data/processed/previews/air-004_dsm_elevation.png", "preview_mask_png": "data/processed/previews/air-004_roof_mask.png", "preview_flux_png": "data/processed/previews/air-004_flux_heatmap.png", "gap_category": "Gap Besar" }, "geometry": { "type": "Point", "coordinates": [ 106.897272, -6.26095 ] } },
{ "type": "Feature", "properties": { "asset_id": "PKG-001", "asset_name": "Gedung Parkir Binus University", "category": "parking", "category_display": "Gedung Parkir", "city_regency": "Jakarta Barat", "postal_code": "11530", "source_raw_file": "data/raw/osm/parking_jakarta.gpkg", "raw_lat": -6.202025, "raw_lon": 106.780171, "google_building_id": "buildings/ChIJ-ZqV8tz2aS4R66vud36uOOg", "google_maps_url": "https://www.google.com/maps/search/?api=1&query=-6.202051,106.780141", "google_center_lat": -6.202051, "google_center_lon": 106.7801414, "spatial_drift_meters": 4.37, "drift_status": "VALID (< 30m)", "imagery_date": "2024-10-26", "quality_tier": "BASE", "whole_roof_area_m2": 1805.56, "max_roof_area_m2": 1413.76, "roof_suitability_ratio_pct": 78.3, "building_footprint_m2": 2043.89, "roof_coverage_ratio_pct": 88.3, "gap_unsegmented_pct": 11.7, "gap_unsegmented_m2": 238.33, "gap_unpanelled_m2": 391.8, "total_gap_m2": 630.13, "total_segments_count": 11, "pitch_range": "0.2° – 10.6°", "weighted_pitch_deg": 2.7, "max_panels_count": 720, "sunshine_hours_annual": 1628.42, "panel_capacity_wp": 400, "installed_capacity_kwp": 288.0, "google_dc_mwh": 450.89, "annual_generation_kwh": 375187.25, "annual_generation_mwh": 375.19, "carbon_offset_factor": 809.0, "ghg_reduction_tons_co2": 303.53, "path_dsm_geotiff": "data/raw/solar/data_layers/dsm/parking/pkg-001_dsm.tif", "path_rgb_geotiff": "data/raw/solar/data_layers/rgb/parking/pkg-001_rgb.tif", "path_mask_geotiff": "data/raw/solar/data_layers/mask/parking/pkg-001_mask.tif", "path_flux_geotiff": "data/raw/solar/data_layers/annual_flux/parking/pkg-001_annual_flux.tif", "preview_rgb_png": "data/processed/previews/pkg-001_rgb.png", "preview_panels_png": "data/processed/previews/pkg-001_panels_overlay.png", "preview_segments_png": "data/processed/previews/pkg-001_segments_overlay.png", "preview_dsm_png": "data/processed/previews/pkg-001_dsm_elevation.png", "preview_mask_png": "data/processed/previews/pkg-001_roof_mask.png", "preview_flux_png": "data/processed/previews/pkg-001_flux_heatmap.png", "gap_category": "Gap Sedikit" }, "geometry": { "type": "Point", "coordinates": [ 106.780171, -6.202025 ] } },
{ "type": "Feature", "properties": { "asset_id": "PKG-002", "asset_name": "Lippo Mall Puri 1 Multilevel Parking", "category": "parking", "category_display": "Gedung Parkir", "city_regency": "Jakarta Barat", "postal_code": "11610", "source_raw_file": "data/raw/osm/parking_jakarta.gpkg", "raw_lat": -6.190303, "raw_lon": 106.739152, "google_building_id": "buildings/ChIJP5TI02_3aS4RMDetB10Lwo8", "google_maps_url": "https://www.google.com/maps/search/?api=1&query=-6.190303,106.739152", "google_center_lat": -6.190303, "google_center_lon": 106.7391522, "spatial_drift_meters": 0.02, "drift_status": "VALID (< 30m)", "imagery_date": "2024-09-19", "quality_tier": "BASE", "whole_roof_area_m2": 9061.94, "max_roof_area_m2": 7163.05, "roof_suitability_ratio_pct": 79.0, "building_footprint_m2": 15749.14, "roof_coverage_ratio_pct": 57.5, "gap_unsegmented_pct": 42.5, "gap_unsegmented_m2": 6687.2, "gap_unpanelled_m2": 1898.89, "total_gap_m2": 8586.09, "total_segments_count": 21, "pitch_range": "0.2° – 79.0°", "weighted_pitch_deg": 18.3, "max_panels_count": 3648, "sunshine_hours_annual": 1677.98, "panel_capacity_wp": 400, "installed_capacity_kwp": 1459.2, "google_dc_mwh": 2101.57, "annual_generation_kwh": 1958804.16, "annual_generation_mwh": 1958.8, "carbon_offset_factor": 809.0, "ghg_reduction_tons_co2": 1584.67, "path_dsm_geotiff": "data/raw/solar/data_layers/dsm/parking/pkg-002_dsm.tif", "path_rgb_geotiff": "data/raw/solar/data_layers/rgb/parking/pkg-002_rgb.tif", "path_mask_geotiff": "data/raw/solar/data_layers/mask/parking/pkg-002_mask.tif", "path_flux_geotiff": "data/raw/solar/data_layers/annual_flux/parking/pkg-002_annual_flux.tif", "preview_rgb_png": "data/processed/previews/pkg-002_rgb.png", "preview_panels_png": "data/processed/previews/pkg-002_panels_overlay.png", "preview_segments_png": "data/processed/previews/pkg-002_segments_overlay.png", "preview_dsm_png": "data/processed/previews/pkg-002_dsm_elevation.png", "preview_mask_png": "data/processed/previews/pkg-002_roof_mask.png", "preview_flux_png": "data/processed/previews/pkg-002_flux_heatmap.png", "gap_category": "Gap Besar" }, "geometry": { "type": "Point", "coordinates": [ 106.739152, -6.190303 ] } },
{ "type": "Feature", "properties": { "asset_id": "PKG-003", "asset_name": "Gedung Parkir Sarinah", "category": "parking", "category_display": "Gedung Parkir", "city_regency": "Jakarta Pusat", "postal_code": "10350", "source_raw_file": "data/raw/osm/parking_jakarta.gpkg", "raw_lat": -6.188265, "raw_lon": 106.824655, "google_building_id": "buildings/GhIJWgZ8BOjAGMARADiSEca0WkA", "google_maps_url": "https://www.google.com/maps/search/?api=1&query=-6.188297,106.824649", "google_center_lat": -6.1882972, "google_center_lon": 106.8246489, "spatial_drift_meters": 3.64, "drift_status": "VALID (< 30m)", "imagery_date": "2025-08-16", "quality_tier": "BASE", "whole_roof_area_m2": 1050.01, "max_roof_area_m2": 816.84, "roof_suitability_ratio_pct": 77.8, "building_footprint_m2": 1296.48, "roof_coverage_ratio_pct": 81.0, "gap_unsegmented_pct": 19.0, "gap_unsegmented_m2": 246.47, "gap_unpanelled_m2": 233.17, "total_gap_m2": 479.64, "total_segments_count": 6, "pitch_range": "2.4° – 22.5°", "weighted_pitch_deg": 9.2, "max_panels_count": 416, "sunshine_hours_annual": 1645.3, "panel_capacity_wp": 400, "installed_capacity_kwp": 166.4, "google_dc_mwh": 259.76, "annual_generation_kwh": 219022.2, "annual_generation_mwh": 219.02, "carbon_offset_factor": 809.0, "ghg_reduction_tons_co2": 177.19, "path_dsm_geotiff": "data/raw/solar/data_layers/dsm/parking/pkg-003_dsm.tif", "path_rgb_geotiff": "data/raw/solar/data_layers/rgb/parking/pkg-003_rgb.tif", "path_mask_geotiff": "data/raw/solar/data_layers/mask/parking/pkg-003_mask.tif", "path_flux_geotiff": "data/raw/solar/data_layers/annual_flux/parking/pkg-003_annual_flux.tif", "preview_rgb_png": "data/processed/previews/pkg-003_rgb.png", "preview_panels_png": "data/processed/previews/pkg-003_panels_overlay.png", "preview_segments_png": "data/processed/previews/pkg-003_segments_overlay.png", "preview_dsm_png": "data/processed/previews/pkg-003_dsm_elevation.png", "preview_mask_png": "data/processed/previews/pkg-003_roof_mask.png", "preview_flux_png": "data/processed/previews/pkg-003_flux_heatmap.png", "gap_category": "Gap Sedikit" }, "geometry": { "type": "Point", "coordinates": [ 106.824655, -6.188265 ] } },
{ "type": "Feature", "properties": { "asset_id": "PKG-004", "asset_name": "Gedung Parkir Central Park Mall", "category": "parking", "category_display": "Gedung Parkir", "city_regency": "Jakarta Barat", "postal_code": "11440", "source_raw_file": "data/raw/osm/parking_jakarta.gpkg", "raw_lat": -6.174033, "raw_lon": 106.791709, "google_building_id": "buildings/ChIJP2wEXF72aS4RqEaAIyG5Uc4", "google_maps_url": "https://www.google.com/maps/search/?api=1&query=-6.174033,106.791709", "google_center_lat": -6.1740327, "google_center_lon": 106.7917094, "spatial_drift_meters": 0.06, "drift_status": "VALID (< 30m)", "imagery_date": "2025-07-26", "quality_tier": "BASE", "whole_roof_area_m2": 605.16, "max_roof_area_m2": 473.22, "roof_suitability_ratio_pct": 78.2, "building_footprint_m2": 605.16, "roof_coverage_ratio_pct": 100.0, "gap_unsegmented_pct": 0.0, "gap_unsegmented_m2": 0.0, "gap_unpanelled_m2": 131.94, "total_gap_m2": 131.94, "total_segments_count": 3, "pitch_range": "29.3° – 35.6°", "weighted_pitch_deg": 30.4, "max_panels_count": 241, "sunshine_hours_annual": 1624.45, "panel_capacity_wp": 400, "installed_capacity_kwp": 96.4, "google_dc_mwh": 137.31, "annual_generation_kwh": 125277.66, "annual_generation_mwh": 125.28, "carbon_offset_factor": 809.0, "ghg_reduction_tons_co2": 101.35, "path_dsm_geotiff": "data/raw/solar/data_layers/dsm/parking/pkg-004_dsm.tif", "path_rgb_geotiff": "data/raw/solar/data_layers/rgb/parking/pkg-004_rgb.tif", "path_mask_geotiff": "data/raw/solar/data_layers/mask/parking/pkg-004_mask.tif", "path_flux_geotiff": "data/raw/solar/data_layers/annual_flux/parking/pkg-004_annual_flux.tif", "preview_rgb_png": "data/processed/previews/pkg-004_rgb.png", "preview_panels_png": "data/processed/previews/pkg-004_panels_overlay.png", "preview_segments_png": "data/processed/previews/pkg-004_segments_overlay.png", "preview_dsm_png": "data/processed/previews/pkg-004_dsm_elevation.png", "preview_mask_png": "data/processed/previews/pkg-004_roof_mask.png", "preview_flux_png": "data/processed/previews/pkg-004_flux_heatmap.png", "gap_category": "Gap Sedikit" }, "geometry": { "type": "Point", "coordinates": [ 106.791709, -6.174033 ] } },
{ "type": "Feature", "properties": { "asset_id": "PKG-005", "asset_name": "Gedung Parkir Kejaksaan Agung", "category": "parking", "category_display": "Gedung Parkir", "city_regency": "Jakarta Selatan", "postal_code": "12130", "source_raw_file": "data/raw/osm/parking_jakarta.gpkg", "raw_lat": -6.240563, "raw_lon": 106.796498, "google_building_id": "buildings/ChIJUZfG72rxaS4Rf26MYMPY5FU", "google_maps_url": "https://www.google.com/maps/search/?api=1&query=-6.240582,106.796453", "google_center_lat": -6.2405821, "google_center_lon": 106.796453, "spatial_drift_meters": 5.41, "drift_status": "VALID (< 30m)", "imagery_date": "2025-08-16", "quality_tier": "BASE", "whole_roof_area_m2": 3169.9, "max_roof_area_m2": 2560.48, "roof_suitability_ratio_pct": 80.8, "building_footprint_m2": 3448.48, "roof_coverage_ratio_pct": 91.9, "gap_unsegmented_pct": 8.1, "gap_unsegmented_m2": 278.59, "gap_unpanelled_m2": 609.42, "total_gap_m2": 888.01, "total_segments_count": 9, "pitch_range": "6.5° – 77.4°", "weighted_pitch_deg": 10.9, "max_panels_count": 1304, "sunshine_hours_annual": 1640.73, "panel_capacity_wp": 400, "installed_capacity_kwp": 521.6, "google_dc_mwh": 796.17, "annual_generation_kwh": 684642.69, "annual_generation_mwh": 684.64, "carbon_offset_factor": 809.0, "ghg_reduction_tons_co2": 553.88, "path_dsm_geotiff": "data/raw/solar/data_layers/dsm/parking/pkg-005_dsm.tif", "path_rgb_geotiff": "data/raw/solar/data_layers/rgb/parking/pkg-005_rgb.tif", "path_mask_geotiff": "data/raw/solar/data_layers/mask/parking/pkg-005_mask.tif", "path_flux_geotiff": "data/raw/solar/data_layers/annual_flux/parking/pkg-005_annual_flux.tif", "preview_rgb_png": "data/processed/previews/pkg-005_rgb.png", "preview_panels_png": "data/processed/previews/pkg-005_panels_overlay.png", "preview_segments_png": "data/processed/previews/pkg-005_segments_overlay.png", "preview_dsm_png": "data/processed/previews/pkg-005_dsm_elevation.png", "preview_mask_png": "data/processed/previews/pkg-005_roof_mask.png", "preview_flux_png": "data/processed/previews/pkg-005_flux_heatmap.png", "gap_category": "Gap Sedikit" }, "geometry": { "type": "Point", "coordinates": [ 106.796498, -6.240563 ] } },
{ "type": "Feature", "properties": { "asset_id": "PKG-006", "asset_name": "Gedung Parkir DIPO Tower", "category": "parking", "category_display": "Gedung Parkir", "city_regency": "Jakarta Barat", "postal_code": "10260", "source_raw_file": "data/raw/osm/parking_jakarta.gpkg", "raw_lat": -6.202536, "raw_lon": 106.800984, "google_building_id": "buildings/ChIJq4IT-Lv2aS4REVIInQ9KD9Y", "google_maps_url": "https://www.google.com/maps/search/?api=1&query=-6.202536,106.800984", "google_center_lat": -6.2025357, "google_center_lon": 106.800984, "spatial_drift_meters": 0.03, "drift_status": "VALID (< 30m)", "imagery_date": "2025-08-16", "quality_tier": "BASE", "whole_roof_area_m2": 2298.52, "max_roof_area_m2": 1584.59, "roof_suitability_ratio_pct": 68.9, "building_footprint_m2": 2638.32, "roof_coverage_ratio_pct": 87.1, "gap_unsegmented_pct": 12.9, "gap_unsegmented_m2": 339.8, "gap_unpanelled_m2": 713.93, "total_gap_m2": 1053.73, "total_segments_count": 26, "pitch_range": "1.6° – 42.8°", "weighted_pitch_deg": 9.7, "max_panels_count": 807, "sunshine_hours_annual": 1608.05, "panel_capacity_wp": 400, "installed_capacity_kwp": 322.8, "google_dc_mwh": 464.13, "annual_generation_kwh": 415262.73, "annual_generation_mwh": 415.26, "carbon_offset_factor": 809.0, "ghg_reduction_tons_co2": 335.95, "path_dsm_geotiff": "data/raw/solar/data_layers/dsm/parking/pkg-006_dsm.tif", "path_rgb_geotiff": "data/raw/solar/data_layers/rgb/parking/pkg-006_rgb.tif", "path_mask_geotiff": "data/raw/solar/data_layers/mask/parking/pkg-006_mask.tif", "path_flux_geotiff": "data/raw/solar/data_layers/annual_flux/parking/pkg-006_annual_flux.tif", "preview_rgb_png": "data/processed/previews/pkg-006_rgb.png", "preview_panels_png": "data/processed/previews/pkg-006_panels_overlay.png", "preview_segments_png": "data/processed/previews/pkg-006_segments_overlay.png", "preview_dsm_png": "data/processed/previews/pkg-006_dsm_elevation.png", "preview_mask_png": "data/processed/previews/pkg-006_roof_mask.png", "preview_flux_png": "data/processed/previews/pkg-006_flux_heatmap.png", "gap_category": "Gap Sedikit" }, "geometry": { "type": "Point", "coordinates": [ 106.800984, -6.202536 ] } },
{ "type": "Feature", "properties": { "asset_id": "PKG-007", "asset_name": "Gedung Parkir Epicentrum Walk", "category": "parking", "category_display": "Gedung Parkir", "city_regency": "Jakarta Selatan", "postal_code": "12940", "source_raw_file": "data/raw/osm/parking_jakarta.gpkg", "raw_lat": -6.217873, "raw_lon": 106.835464, "google_building_id": "buildings/ChIJNWMYbfbzaS4RSCv5EAYlNJo", "google_maps_url": "https://www.google.com/maps/search/?api=1&query=-6.217850,106.835061", "google_center_lat": -6.2178502, "google_center_lon": 106.8350613, "spatial_drift_meters": 44.59, "drift_status": "REVIEW (> 30m)", "imagery_date": "2025-08-16", "quality_tier": "BASE", "whole_roof_area_m2": 373.64, "max_roof_area_m2": 282.75, "roof_suitability_ratio_pct": 75.7, "building_footprint_m2": 515.35, "roof_coverage_ratio_pct": 72.5, "gap_unsegmented_pct": 27.5, "gap_unsegmented_m2": 141.71, "gap_unpanelled_m2": 90.89, "total_gap_m2": 232.6, "total_segments_count": 3, "pitch_range": "3.9° – 22.0°", "weighted_pitch_deg": 13.6, "max_panels_count": 144, "sunshine_hours_annual": 1546.54, "panel_capacity_wp": 400, "installed_capacity_kwp": 57.6, "google_dc_mwh": 83.66, "annual_generation_kwh": 71264.39, "annual_generation_mwh": 71.26, "carbon_offset_factor": 809.0, "ghg_reduction_tons_co2": 57.65, "path_dsm_geotiff": "data/raw/solar/data_layers/dsm/parking/pkg-007_dsm.tif", "path_rgb_geotiff": "data/raw/solar/data_layers/rgb/parking/pkg-007_rgb.tif", "path_mask_geotiff": "data/raw/solar/data_layers/mask/parking/pkg-007_mask.tif", "path_flux_geotiff": "data/raw/solar/data_layers/annual_flux/parking/pkg-007_annual_flux.tif", "preview_rgb_png": "data/processed/previews/pkg-007_rgb.png", "preview_panels_png": "data/processed/previews/pkg-007_panels_overlay.png", "preview_segments_png": "data/processed/previews/pkg-007_segments_overlay.png", "preview_dsm_png": "data/processed/previews/pkg-007_dsm_elevation.png", "preview_mask_png": "data/processed/previews/pkg-007_roof_mask.png", "preview_flux_png": "data/processed/previews/pkg-007_flux_heatmap.png", "gap_category": "Gap Sedang" }, "geometry": { "type": "Point", "coordinates": [ 106.835464, -6.217873 ] } },
{ "type": "Feature", "properties": { "asset_id": "PKG-008", "asset_name": "Gedung Parkir Mega Mall Pluit", "category": "parking", "category_display": "Gedung Parkir", "city_regency": "Jakarta Utara", "postal_code": "14450", "source_raw_file": "data/raw/osm/parking_jakarta.gpkg", "raw_lat": -6.11552, "raw_lon": 106.786193, "google_building_id": "buildings/ChIJmUmYkL0dai4RWrYOM7Yu7ys", "google_maps_url": "https://www.google.com/maps/search/?api=1&query=-6.115520,106.786193", "google_center_lat": -6.11552, "google_center_lon": 106.7861929, "spatial_drift_meters": 0.01, "drift_status": "VALID (< 30m)", "imagery_date": "2025-07-26", "quality_tier": "BASE", "whole_roof_area_m2": 656.59, "max_roof_area_m2": 479.11, "roof_suitability_ratio_pct": 73.0, "building_footprint_m2": 712.78, "roof_coverage_ratio_pct": 92.1, "gap_unsegmented_pct": 7.9, "gap_unsegmented_m2": 56.19, "gap_unpanelled_m2": 177.48, "total_gap_m2": 233.67, "total_segments_count": 8, "pitch_range": "2.4° – 12.4°", "weighted_pitch_deg": 5.3, "max_panels_count": 244, "sunshine_hours_annual": 1699.19, "panel_capacity_wp": 400, "installed_capacity_kwp": 97.6, "google_dc_mwh": 158.15, "annual_generation_kwh": 132672.98, "annual_generation_mwh": 132.67, "carbon_offset_factor": 809.0, "ghg_reduction_tons_co2": 107.33, "path_dsm_geotiff": "data/raw/solar/data_layers/dsm/parking/pkg-008_dsm.tif", "path_rgb_geotiff": "data/raw/solar/data_layers/rgb/parking/pkg-008_rgb.tif", "path_mask_geotiff": "data/raw/solar/data_layers/mask/parking/pkg-008_mask.tif", "path_flux_geotiff": "data/raw/solar/data_layers/annual_flux/parking/pkg-008_annual_flux.tif", "preview_rgb_png": "data/processed/previews/pkg-008_rgb.png", "preview_panels_png": "data/processed/previews/pkg-008_panels_overlay.png", "preview_segments_png": "data/processed/previews/pkg-008_segments_overlay.png", "preview_dsm_png": "data/processed/previews/pkg-008_dsm_elevation.png", "preview_mask_png": "data/processed/previews/pkg-008_roof_mask.png", "preview_flux_png": "data/processed/previews/pkg-008_flux_heatmap.png", "gap_category": "Gap Sedikit" }, "geometry": { "type": "Point", "coordinates": [ 106.786193, -6.11552 ] } },
{ "type": "Feature", "properties": { "asset_id": "MALL-001", "asset_name": "Pondok Indah Mall 1", "category": "mall", "category_display": "Pusat Perbelanjaan / Mall", "city_regency": "Jakarta Selatan", "postal_code": "12310", "source_raw_file": "data/raw/osm/commercial_jakarta.geojson", "raw_lat": -6.265332, "raw_lon": 106.784584, "google_building_id": "buildings/ChIJnR66SqTxaS4Rb_d9QN6tw0Y", "google_maps_url": "https://www.google.com/maps/search/?api=1&query=-6.265363,106.784537", "google_center_lat": -6.2653632, "google_center_lon": 106.7845368, "spatial_drift_meters": 6.27, "drift_status": "VALID (< 30m)", "imagery_date": "2025-08-16", "quality_tier": "BASE", "whole_roof_area_m2": 15415.01, "max_roof_area_m2": 10667.99, "roof_suitability_ratio_pct": 69.2, "building_footprint_m2": 20001.64, "roof_coverage_ratio_pct": 77.1, "gap_unsegmented_pct": 22.9, "gap_unsegmented_m2": 4586.63, "gap_unpanelled_m2": 4747.02, "total_gap_m2": 9333.65, "total_segments_count": 101, "pitch_range": "0.3° – 74.7°", "weighted_pitch_deg": 3.9, "max_panels_count": 5433, "sunshine_hours_annual": 1645.38, "panel_capacity_wp": 400, "installed_capacity_kwp": 2173.2, "google_dc_mwh": 3454.11, "annual_generation_kwh": 2860585.07, "annual_generation_mwh": 2860.59, "carbon_offset_factor": 809.0, "ghg_reduction_tons_co2": 2314.21, "path_dsm_geotiff": "data/raw/solar/data_layers/dsm/mall/mall-001_dsm.tif", "path_rgb_geotiff": "data/raw/solar/data_layers/rgb/mall/mall-001_rgb.tif", "path_mask_geotiff": "data/raw/solar/data_layers/mask/mall/mall-001_mask.tif", "path_flux_geotiff": "data/raw/solar/data_layers/annual_flux/mall/mall-001_annual_flux.tif", "preview_rgb_png": "data/processed/previews/mall-001_rgb.png", "preview_panels_png": "data/processed/previews/mall-001_panels_overlay.png", "preview_segments_png": "data/processed/previews/mall-001_segments_overlay.png", "preview_dsm_png": "data/processed/previews/mall-001_dsm_elevation.png", "preview_mask_png": "data/processed/previews/mall-001_roof_mask.png", "preview_flux_png": "data/processed/previews/mall-001_flux_heatmap.png", "gap_category": "Gap Sedang" }, "geometry": { "type": "Point", "coordinates": [ 106.784584, -6.265332 ] } },
{ "type": "Feature", "properties": { "asset_id": "MALL-002", "asset_name": "Grand Indonesia Shopping Town", "category": "mall", "category_display": "Pusat Perbelanjaan / Mall", "city_regency": "Jakarta Pusat", "postal_code": "10230", "source_raw_file": "OSM Way / Djarum Group", "raw_lat": -6.195288, "raw_lon": 106.820549, "google_building_id": "buildings/ChIJffUqtSH0aS4RBNnwMMXpGx8", "google_maps_url": "https://www.google.com/maps/search/?api=1&query=-6.195288,106.820549", "google_center_lat": -6.1952879, "google_center_lon": 106.8205486, "spatial_drift_meters": 0.05, "drift_status": "VALID (< 30m)", "imagery_date": "2025-08-16", "quality_tier": "BASE", "whole_roof_area_m2": 22581.19, "max_roof_area_m2": 18280.69, "roof_suitability_ratio_pct": 81.0, "building_footprint_m2": 32060.58, "roof_coverage_ratio_pct": 70.4, "gap_unsegmented_pct": 29.6, "gap_unsegmented_m2": 9479.39, "gap_unpanelled_m2": 4300.49, "total_gap_m2": 13779.88, "total_segments_count": 40, "pitch_range": "1.8° – 66.8°", "weighted_pitch_deg": 13.7, "max_panels_count": 9310, "sunshine_hours_annual": 1643.51, "panel_capacity_wp": 400, "installed_capacity_kwp": 3724.0, "google_dc_mwh": 5458.78, "annual_generation_kwh": 4896349.16, "annual_generation_mwh": 4896.35, "carbon_offset_factor": 809.0, "ghg_reduction_tons_co2": 3961.14, "path_dsm_geotiff": "data/raw/solar/data_layers/dsm/mall/mall-002_dsm.tif", "path_rgb_geotiff": "data/raw/solar/data_layers/rgb/mall/mall-002_rgb.tif", "path_mask_geotiff": "data/raw/solar/data_layers/mask/mall/mall-002_mask.tif", "path_flux_geotiff": "data/raw/solar/data_layers/annual_flux/mall/mall-002_annual_flux.tif", "preview_rgb_png": "data/processed/previews/mall-002_rgb.png", "preview_panels_png": "data/processed/previews/mall-002_panels_overlay.png", "preview_segments_png": "data/processed/previews/mall-002_segments_overlay.png", "preview_dsm_png": "data/processed/previews/mall-002_dsm_elevation.png", "preview_mask_png": "data/processed/previews/mall-002_roof_mask.png", "preview_flux_png": "data/processed/previews/mall-002_flux_heatmap.png", "gap_category": "Gap Sedang" }, "geometry": { "type": "Point", "coordinates": [ 106.820549, -6.195288 ] } },
{ "type": "Feature", "properties": { "asset_id": "MALL-003", "asset_name": "Senayan City", "category": "mall", "category_display": "Pusat Perbelanjaan / Mall", "city_regency": "Jakarta Pusat", "postal_code": "10270", "source_raw_file": "OSM Way / Agung Podomoro Land", "raw_lat": -6.22734, "raw_lon": 106.797246, "google_building_id": "buildings/ChIJwft7XEjxaS4RLITSrHsUBiY", "google_maps_url": "https://www.google.com/maps/search/?api=1&query=-6.227428,106.796974", "google_center_lat": -6.2274281, "google_center_lon": 106.7969739, "spatial_drift_meters": 31.63, "drift_status": "REVIEW (> 30m)", "imagery_date": "2025-08-16", "quality_tier": "BASE", "whole_roof_area_m2": 9921.27, "max_roof_area_m2": 7730.52, "roof_suitability_ratio_pct": 77.9, "building_footprint_m2": 13235.28, "roof_coverage_ratio_pct": 75.0, "gap_unsegmented_pct": 25.0, "gap_unsegmented_m2": 3314.01, "gap_unpanelled_m2": 2190.76, "total_gap_m2": 5504.77, "total_segments_count": 39, "pitch_range": "0.7° – 73.9°", "weighted_pitch_deg": 11.8, "max_panels_count": 3937, "sunshine_hours_annual": 1628.57, "panel_capacity_wp": 400, "installed_capacity_kwp": 1574.8, "google_dc_mwh": 2301.5, "annual_generation_kwh": 2051742.04, "annual_generation_mwh": 2051.74, "carbon_offset_factor": 809.0, "ghg_reduction_tons_co2": 1659.86, "path_dsm_geotiff": "data/raw/solar/data_layers/dsm/mall/mall-003_dsm.tif", "path_rgb_geotiff": "data/raw/solar/data_layers/rgb/mall/mall-003_rgb.tif", "path_mask_geotiff": "data/raw/solar/data_layers/mask/mall/mall-003_mask.tif", "path_flux_geotiff": "data/raw/solar/data_layers/annual_flux/mall/mall-003_annual_flux.tif", "preview_rgb_png": "data/processed/previews/mall-003_rgb.png", "preview_panels_png": "data/processed/previews/mall-003_panels_overlay.png", "preview_segments_png": "data/processed/previews/mall-003_segments_overlay.png", "preview_dsm_png": "data/processed/previews/mall-003_dsm_elevation.png", "preview_mask_png": "data/processed/previews/mall-003_roof_mask.png", "preview_flux_png": "data/processed/previews/mall-003_flux_heatmap.png", "gap_category": "Gap Sedang" }, "geometry": { "type": "Point", "coordinates": [ 106.797246, -6.22734 ] } },
{ "type": "Feature", "properties": { "asset_id": "MALL-004", "asset_name": "Summarecon Mall Kelapa Gading", "category": "mall", "category_display": "Pusat Perbelanjaan / Mall", "city_regency": "Jakarta Utara", "postal_code": "14240", "source_raw_file": "OSM Way / Summarecon Agung", "raw_lat": -6.157399, "raw_lon": 106.908366, "google_building_id": "buildings/ChIJ2cq63jP1aS4RXnDZ3SOS34s", "google_maps_url": "https://www.google.com/maps/search/?api=1&query=-6.157354,106.908668", "google_center_lat": -6.1573535, "google_center_lon": 106.9086678, "spatial_drift_meters": 33.75, "drift_status": "REVIEW (> 30m)", "imagery_date": "2025-07-05", "quality_tier": "BASE", "whole_roof_area_m2": 38420.69, "max_roof_area_m2": 28147.56, "roof_suitability_ratio_pct": 73.3, "building_footprint_m2": 52286.64, "roof_coverage_ratio_pct": 73.5, "gap_unsegmented_pct": 26.5, "gap_unsegmented_m2": 13865.95, "gap_unpanelled_m2": 10273.13, "total_gap_m2": 24139.08, "total_segments_count": 156, "pitch_range": "0.3° – 29.6°", "weighted_pitch_deg": 4.4, "max_panels_count": 14335, "sunshine_hours_annual": 1712.95, "panel_capacity_wp": 400, "installed_capacity_kwp": 5734.0, "google_dc_mwh": 9500.16, "annual_generation_kwh": 7857638.28, "annual_generation_mwh": 7857.64, "carbon_offset_factor": 809.0, "ghg_reduction_tons_co2": 6356.82, "path_dsm_geotiff": "data/raw/solar/data_layers/dsm/mall/mall-004_dsm.tif", "path_rgb_geotiff": "data/raw/solar/data_layers/rgb/mall/mall-004_rgb.tif", "path_mask_geotiff": "data/raw/solar/data_layers/mask/mall/mall-004_mask.tif", "path_flux_geotiff": "data/raw/solar/data_layers/annual_flux/mall/mall-004_annual_flux.tif", "preview_rgb_png": "data/processed/previews/mall-004_rgb.png", "preview_panels_png": "data/processed/previews/mall-004_panels_overlay.png", "preview_segments_png": "data/processed/previews/mall-004_segments_overlay.png", "preview_dsm_png": "data/processed/previews/mall-004_dsm_elevation.png", "preview_mask_png": "data/processed/previews/mall-004_roof_mask.png", "preview_flux_png": "data/processed/previews/mall-004_flux_heatmap.png", "gap_category": "Gap Sedang" }, "geometry": { "type": "Point", "coordinates": [ 106.908366, -6.157399 ] } },
{ "type": "Feature", "properties": { "asset_id": "MALL-005", "asset_name": "Central Park Mall", "category": "mall", "category_display": "Pusat Perbelanjaan / Mall", "city_regency": "Jakarta Barat", "postal_code": "11470", "source_raw_file": "OSM Way / Agung Podomoro Land", "raw_lat": -6.17762, "raw_lon": 106.790668, "google_building_id": "buildings/ChIJheWvnV_2aS4RDKa1R0Kqyqs", "google_maps_url": "https://www.google.com/maps/search/?api=1&query=-6.177620,106.790668", "google_center_lat": -6.1776204, "google_center_lon": 106.790668, "spatial_drift_meters": 0.04, "drift_status": "VALID (< 30m)", "imagery_date": "2025-07-26", "quality_tier": "BASE", "whole_roof_area_m2": 18170.18, "max_roof_area_m2": 14438.02, "roof_suitability_ratio_pct": 79.5, "building_footprint_m2": 31411.83, "roof_coverage_ratio_pct": 57.8, "gap_unsegmented_pct": 42.2, "gap_unsegmented_m2": 13241.65, "gap_unpanelled_m2": 3732.16, "total_gap_m2": 16973.81, "total_segments_count": 29, "pitch_range": "0.3° – 78.9°", "weighted_pitch_deg": 17.0, "max_panels_count": 7353, "sunshine_hours_annual": 1600.36, "panel_capacity_wp": 400, "installed_capacity_kwp": 2941.2, "google_dc_mwh": 4132.38, "annual_generation_kwh": 3765578.83, "annual_generation_mwh": 3765.58, "carbon_offset_factor": 809.0, "ghg_reduction_tons_co2": 3046.35, "path_dsm_geotiff": "data/raw/solar/data_layers/dsm/mall/mall-005_dsm.tif", "path_rgb_geotiff": "data/raw/solar/data_layers/rgb/mall/mall-005_rgb.tif", "path_mask_geotiff": "data/raw/solar/data_layers/mask/mall/mall-005_mask.tif", "path_flux_geotiff": "data/raw/solar/data_layers/annual_flux/mall/mall-005_annual_flux.tif", "preview_rgb_png": "data/processed/previews/mall-005_rgb.png", "preview_panels_png": "data/processed/previews/mall-005_panels_overlay.png", "preview_segments_png": "data/processed/previews/mall-005_segments_overlay.png", "preview_dsm_png": "data/processed/previews/mall-005_dsm_elevation.png", "preview_mask_png": "data/processed/previews/mall-005_roof_mask.png", "preview_flux_png": "data/processed/previews/mall-005_flux_heatmap.png", "gap_category": "Gap Besar" }, "geometry": { "type": "Point", "coordinates": [ 106.790668, -6.17762 ] } },
{ "type": "Feature", "properties": { "asset_id": "MALL-006", "asset_name": "Kota Kasablanka", "category": "mall", "category_display": "Pusat Perbelanjaan / Mall", "city_regency": "Jakarta Selatan", "postal_code": "12960", "source_raw_file": "OSM Way / Pakuwon Jati", "raw_lat": -6.223255, "raw_lon": 106.842697, "google_building_id": "buildings/ChIJfe9lx4zzaS4R_cvVw7vu0hw", "google_maps_url": "https://www.google.com/maps/search/?api=1&query=-6.223209,106.842496", "google_center_lat": -6.2232095, "google_center_lon": 106.8424959, "spatial_drift_meters": 22.8, "drift_status": "VALID (< 30m)", "imagery_date": "2025-08-16", "quality_tier": "BASE", "whole_roof_area_m2": 934.4, "max_roof_area_m2": 795.24, "roof_suitability_ratio_pct": 85.1, "building_footprint_m2": 997.57, "roof_coverage_ratio_pct": 93.7, "gap_unsegmented_pct": 6.3, "gap_unsegmented_m2": 63.17, "gap_unpanelled_m2": 139.16, "total_gap_m2": 202.33, "total_segments_count": 3, "pitch_range": "8.6° – 12.6°", "weighted_pitch_deg": 8.9, "max_panels_count": 405, "sunshine_hours_annual": 1548.76, "panel_capacity_wp": 400, "installed_capacity_kwp": 162.0, "google_dc_mwh": 241.89, "annual_generation_kwh": 200718.84, "annual_generation_mwh": 200.72, "carbon_offset_factor": 809.0, "ghg_reduction_tons_co2": 162.38, "path_dsm_geotiff": "data/raw/solar/data_layers/dsm/mall/mall-006_dsm.tif", "path_rgb_geotiff": "data/raw/solar/data_layers/rgb/mall/mall-006_rgb.tif", "path_mask_geotiff": "data/raw/solar/data_layers/mask/mall/mall-006_mask.tif", "path_flux_geotiff": "data/raw/solar/data_layers/annual_flux/mall/mall-006_annual_flux.tif", "preview_rgb_png": "data/processed/previews/mall-006_rgb.png", "preview_panels_png": "data/processed/previews/mall-006_panels_overlay.png", "preview_segments_png": "data/processed/previews/mall-006_segments_overlay.png", "preview_dsm_png": "data/processed/previews/mall-006_dsm_elevation.png", "preview_mask_png": "data/processed/previews/mall-006_roof_mask.png", "preview_flux_png": "data/processed/previews/mall-006_flux_heatmap.png", "gap_category": "Gap Sedikit" }, "geometry": { "type": "Point", "coordinates": [ 106.842697, -6.223255 ] } },
{ "type": "Feature", "properties": { "asset_id": "MALL-007", "asset_name": "Summarecon Mall Serpong", "category": "mall", "category_display": "Pusat Perbelanjaan / Mall", "city_regency": "Kab. Tangerang", "postal_code": "15810", "source_raw_file": "OSM Way / Summarecon Agung", "raw_lat": -6.240672, "raw_lon": 106.628575, "google_building_id": "buildings/ChIJvf3hiQr8aS4RX-dJStWr8As", "google_maps_url": "https://www.google.com/maps/search/?api=1&query=-6.240579,106.628319", "google_center_lat": -6.2405791, "google_center_lon": 106.6283194, "spatial_drift_meters": 30.08, "drift_status": "REVIEW (> 30m)", "imagery_date": "2025-07-26", "quality_tier": "BASE", "whole_roof_area_m2": 28145.26, "max_roof_area_m2": 21129.81, "roof_suitability_ratio_pct": 75.1, "building_footprint_m2": 39477.83, "roof_coverage_ratio_pct": 71.3, "gap_unsegmented_pct": 28.7, "gap_unsegmented_m2": 11332.57, "gap_unpanelled_m2": 7015.44, "total_gap_m2": 18348.02, "total_segments_count": 94, "pitch_range": "1.0° – 24.0°", "weighted_pitch_deg": 6.0, "max_panels_count": 10761, "sunshine_hours_annual": 1633.25, "panel_capacity_wp": 400, "installed_capacity_kwp": 4304.4, "google_dc_mwh": 6788.8, "annual_generation_kwh": 5624114.23, "annual_generation_mwh": 5624.11, "carbon_offset_factor": 809.0, "ghg_reduction_tons_co2": 4549.9, "path_dsm_geotiff": "data/raw/solar/data_layers/dsm/mall/mall-007_dsm.tif", "path_rgb_geotiff": "data/raw/solar/data_layers/rgb/mall/mall-007_rgb.tif", "path_mask_geotiff": "data/raw/solar/data_layers/mask/mall/mall-007_mask.tif", "path_flux_geotiff": "data/raw/solar/data_layers/annual_flux/mall/mall-007_annual_flux.tif", "preview_rgb_png": "data/processed/previews/mall-007_rgb.png", "preview_panels_png": "data/processed/previews/mall-007_panels_overlay.png", "preview_segments_png": "data/processed/previews/mall-007_segments_overlay.png", "preview_dsm_png": "data/processed/previews/mall-007_dsm_elevation.png", "preview_mask_png": "data/processed/previews/mall-007_roof_mask.png", "preview_flux_png": "data/processed/previews/mall-007_flux_heatmap.png", "gap_category": "Gap Sedang" }, "geometry": { "type": "Point", "coordinates": [ 106.628575, -6.240672 ] } },
{ "type": "Feature", "properties": { "asset_id": "MALL-008", "asset_name": "Gandaria City Mall", "category": "mall", "category_display": "Pusat Perbelanjaan / Mall", "city_regency": "Jakarta Selatan", "postal_code": "12240", "source_raw_file": "OSM Way / Pakuwon Jati", "raw_lat": -6.244332, "raw_lon": 106.783551, "google_building_id": "buildings/ChIJ7RT9SRfxaS4Rd-vaEgpxJ9c", "google_maps_url": "https://www.google.com/maps/search/?api=1&query=-6.244332,106.783551", "google_center_lat": -6.2443323, "google_center_lon": 106.7835511, "spatial_drift_meters": 0.04, "drift_status": "VALID (< 30m)", "imagery_date": "2025-08-16", "quality_tier": "BASE", "whole_roof_area_m2": 17218.87, "max_roof_area_m2": 14194.54, "roof_suitability_ratio_pct": 82.4, "building_footprint_m2": 25382.19, "roof_coverage_ratio_pct": 67.8, "gap_unsegmented_pct": 32.2, "gap_unsegmented_m2": 8163.32, "gap_unpanelled_m2": 3024.33, "total_gap_m2": 11187.65, "total_segments_count": 30, "pitch_range": "1.3° – 78.6°", "weighted_pitch_deg": 9.9, "max_panels_count": 7229, "sunshine_hours_annual": 1632.76, "panel_capacity_wp": 400, "installed_capacity_kwp": 2891.6, "google_dc_mwh": 4238.21, "annual_generation_kwh": 3777034.99, "annual_generation_mwh": 3777.03, "carbon_offset_factor": 809.0, "ghg_reduction_tons_co2": 3055.62, "path_dsm_geotiff": "data/raw/solar/data_layers/dsm/mall/mall-008_dsm.tif", "path_rgb_geotiff": "data/raw/solar/data_layers/rgb/mall/mall-008_rgb.tif", "path_mask_geotiff": "data/raw/solar/data_layers/mask/mall/mall-008_mask.tif", "path_flux_geotiff": "data/raw/solar/data_layers/annual_flux/mall/mall-008_annual_flux.tif", "preview_rgb_png": "data/processed/previews/mall-008_rgb.png", "preview_panels_png": "data/processed/previews/mall-008_panels_overlay.png", "preview_segments_png": "data/processed/previews/mall-008_segments_overlay.png", "preview_dsm_png": "data/processed/previews/mall-008_dsm_elevation.png", "preview_mask_png": "data/processed/previews/mall-008_roof_mask.png", "preview_flux_png": "data/processed/previews/mall-008_flux_heatmap.png", "gap_category": "Gap Besar" }, "geometry": { "type": "Point", "coordinates": [ 106.783551, -6.244332 ] } },
{ "type": "Feature", "properties": { "asset_id": "RS-007", "asset_name": "RSUD Tarakan Jakarta", "category": "hospital", "category_display": "Rumah Sakit", "city_regency": "Jakarta Pusat", "postal_code": "10150", "source_raw_file": "data/raw/osm/hospitals_jakarta.gpkg", "raw_lat": -6.17155, "raw_lon": 106.81025, "google_building_id": "buildings/ChIJ2Xm5Cnz2aS4RbXwtb-MNEeM", "google_maps_url": "https://www.google.com/maps/search/?api=1&query=-6.171636,106.810223", "google_center_lat": -6.1716364, "google_center_lon": 106.8102227, "spatial_drift_meters": 10.07, "drift_status": "VALID (< 30m)", "imagery_date": "2025-07-26", "quality_tier": "BASE", "whole_roof_area_m2": 1124.94, "max_roof_area_m2": 779.53, "roof_suitability_ratio_pct": 69.3, "building_footprint_m2": 1588.11, "roof_coverage_ratio_pct": 70.8, "gap_unsegmented_pct": 29.2, "gap_unsegmented_m2": 463.17, "gap_unpanelled_m2": 345.41, "total_gap_m2": 808.58, "total_segments_count": 14, "pitch_range": "3.4° – 27.7°", "weighted_pitch_deg": 9.4, "max_panels_count": 397, "sunshine_hours_annual": 1634.33, "panel_capacity_wp": 400, "installed_capacity_kwp": 158.8, "google_dc_mwh": 245.68, "annual_generation_kwh": 207625.09, "annual_generation_mwh": 207.63, "carbon_offset_factor": 809.0, "ghg_reduction_tons_co2": 167.97, "path_dsm_geotiff": "data/raw/solar/data_layers/dsm/hospital/rs-007_dsm.tif", "path_rgb_geotiff": "data/raw/solar/data_layers/rgb/hospital/rs-007_rgb.tif", "path_mask_geotiff": "data/raw/solar/data_layers/mask/hospital/rs-007_mask.tif", "path_flux_geotiff": "data/raw/solar/data_layers/annual_flux/hospital/rs-007_annual_flux.tif", "preview_rgb_png": "data/processed/previews/rs-007_rgb.png", "preview_panels_png": "data/processed/previews/rs-007_panels_overlay.png", "preview_segments_png": "data/processed/previews/rs-007_segments_overlay.png", "preview_dsm_png": "data/processed/previews/rs-007_dsm_elevation.png", "preview_mask_png": "data/processed/previews/rs-007_roof_mask.png", "preview_flux_png": "data/processed/previews/rs-007_flux_heatmap.png", "gap_category": "Gap Sedang" }, "geometry": { "type": "Point", "coordinates": [ 106.81025, -6.17155 ] } },
{ "type": "Feature", "properties": { "asset_id": "RS-001", "asset_name": "RSUPN Dr. Cipto Mangunkusumo", "category": "hospital", "category_display": "Rumah Sakit", "city_regency": "Jakarta Pusat", "postal_code": "10430", "source_raw_file": "data/raw/osm/hospitals_jakarta.gpkg", "raw_lat": -6.197071, "raw_lon": 106.847492, "google_building_id": "buildings/ChIJ6Rst9Gn0aS4RPeqEL93CrkQ", "google_maps_url": "https://www.google.com/maps/search/?api=1&query=-6.197071,106.847492", "google_center_lat": -6.1970708, "google_center_lon": 106.8474924, "spatial_drift_meters": 0.05, "drift_status": "VALID (< 30m)", "imagery_date": "2025-08-16", "quality_tier": "BASE", "whole_roof_area_m2": 4509.99, "max_roof_area_m2": 3365.53, "roof_suitability_ratio_pct": 74.6, "building_footprint_m2": 6222.47, "roof_coverage_ratio_pct": 72.5, "gap_unsegmented_pct": 27.5, "gap_unsegmented_m2": 1712.48, "gap_unpanelled_m2": 1144.46, "total_gap_m2": 2856.94, "total_segments_count": 44, "pitch_range": "2.5° – 48.8°", "weighted_pitch_deg": 20.7, "max_panels_count": 1714, "sunshine_hours_annual": 1635.29, "panel_capacity_wp": 400, "installed_capacity_kwp": 685.6, "google_dc_mwh": 1042.95, "annual_generation_kwh": 896925.01, "annual_generation_mwh": 896.93, "carbon_offset_factor": 809.0, "ghg_reduction_tons_co2": 725.61, "path_dsm_geotiff": "data/raw/solar/data_layers/dsm/hospital/rs-001_dsm.tif", "path_rgb_geotiff": "data/raw/solar/data_layers/rgb/hospital/rs-001_rgb.tif", "path_mask_geotiff": "data/raw/solar/data_layers/mask/hospital/rs-001_mask.tif", "path_flux_geotiff": "data/raw/solar/data_layers/annual_flux/hospital/rs-001_annual_flux.tif", "preview_rgb_png": "data/processed/previews/rs-001_rgb.png", "preview_panels_png": "data/processed/previews/rs-001_panels_overlay.png", "preview_segments_png": "data/processed/previews/rs-001_segments_overlay.png", "preview_dsm_png": "data/processed/previews/rs-001_dsm_elevation.png", "preview_mask_png": "data/processed/previews/rs-001_roof_mask.png", "preview_flux_png": "data/processed/previews/rs-001_flux_heatmap.png", "gap_category": "Gap Sedang" }, "geometry": { "type": "Point", "coordinates": [ 106.847492, -6.197071 ] } },
{ "type": "Feature", "properties": { "asset_id": "RS-002", "asset_name": "RSAB Harapan Kita", "category": "hospital", "category_display": "Rumah Sakit", "city_regency": "Jakarta Barat", "postal_code": "11420", "source_raw_file": "data/raw/osm/hospitals_jakarta.gpkg", "raw_lat": -6.184767, "raw_lon": 106.798546, "google_building_id": "buildings/ChIJoSQhTIz2aS4RuRNcZzEL34s", "google_maps_url": "https://www.google.com/maps/search/?api=1&query=-6.184767,106.798546", "google_center_lat": -6.1847668, "google_center_lon": 106.7985459, "spatial_drift_meters": 0.02, "drift_status": "VALID (< 30m)", "imagery_date": "2025-08-16", "quality_tier": "BASE", "whole_roof_area_m2": 13245.14, "max_roof_area_m2": 9476.12, "roof_suitability_ratio_pct": 71.5, "building_footprint_m2": 16751.03, "roof_coverage_ratio_pct": 79.1, "gap_unsegmented_pct": 20.9, "gap_unsegmented_m2": 3505.89, "gap_unpanelled_m2": 3769.02, "total_gap_m2": 7274.91, "total_segments_count": 91, "pitch_range": "0.5° – 28.7°", "weighted_pitch_deg": 12.5, "max_panels_count": 4826, "sunshine_hours_annual": 1646.43, "panel_capacity_wp": 400, "installed_capacity_kwp": 1930.4, "google_dc_mwh": 3004.6, "annual_generation_kwh": 2542621.11, "annual_generation_mwh": 2542.62, "carbon_offset_factor": 809.0, "ghg_reduction_tons_co2": 2056.98, "path_dsm_geotiff": "data/raw/solar/data_layers/dsm/hospital/rs-002_dsm.tif", "path_rgb_geotiff": "data/raw/solar/data_layers/rgb/hospital/rs-002_rgb.tif", "path_mask_geotiff": "data/raw/solar/data_layers/mask/hospital/rs-002_mask.tif", "path_flux_geotiff": "data/raw/solar/data_layers/annual_flux/hospital/rs-002_annual_flux.tif", "preview_rgb_png": "data/processed/previews/rs-002_rgb.png", "preview_panels_png": "data/processed/previews/rs-002_panels_overlay.png", "preview_segments_png": "data/processed/previews/rs-002_segments_overlay.png", "preview_dsm_png": "data/processed/previews/rs-002_dsm_elevation.png", "preview_mask_png": "data/processed/previews/rs-002_roof_mask.png", "preview_flux_png": "data/processed/previews/rs-002_flux_heatmap.png", "gap_category": "Gap Sedang" }, "geometry": { "type": "Point", "coordinates": [ 106.798546, -6.184767 ] } },
{ "type": "Feature", "properties": { "asset_id": "RS-003", "asset_name": "RSUP Fatmawati", "category": "hospital", "category_display": "Rumah Sakit", "city_regency": "Jakarta Selatan", "postal_code": "12430", "source_raw_file": "data/raw/osm/hospitals_jakarta.gpkg", "raw_lat": -6.295996, "raw_lon": 106.796709, "google_building_id": "buildings/ChIJVdWk3eDxaS4RmHCGhLRIvMg", "google_maps_url": "https://www.google.com/maps/search/?api=1&query=-6.295996,106.796709", "google_center_lat": -6.2959961, "google_center_lon": 106.7967086, "spatial_drift_meters": 0.05, "drift_status": "VALID (< 30m)", "imagery_date": "2025-08-16", "quality_tier": "BASE", "whole_roof_area_m2": 3868.47, "max_roof_area_m2": 2919.81, "roof_suitability_ratio_pct": 75.5, "building_footprint_m2": 4717.86, "roof_coverage_ratio_pct": 82.0, "gap_unsegmented_pct": 18.0, "gap_unsegmented_m2": 849.39, "gap_unpanelled_m2": 948.66, "total_gap_m2": 1798.06, "total_segments_count": 31, "pitch_range": "0.5° – 31.2°", "weighted_pitch_deg": 7.5, "max_panels_count": 1487, "sunshine_hours_annual": 1642.12, "panel_capacity_wp": 400, "installed_capacity_kwp": 594.8, "google_dc_mwh": 925.83, "annual_generation_kwh": 781386.57, "annual_generation_mwh": 781.39, "carbon_offset_factor": 809.0, "ghg_reduction_tons_co2": 632.14, "path_dsm_geotiff": "data/raw/solar/data_layers/dsm/hospital/rs-003_dsm.tif", "path_rgb_geotiff": "data/raw/solar/data_layers/rgb/hospital/rs-003_rgb.tif", "path_mask_geotiff": "data/raw/solar/data_layers/mask/hospital/rs-003_mask.tif", "path_flux_geotiff": "data/raw/solar/data_layers/annual_flux/hospital/rs-003_annual_flux.tif", "preview_rgb_png": "data/processed/previews/rs-003_rgb.png", "preview_panels_png": "data/processed/previews/rs-003_panels_overlay.png", "preview_segments_png": "data/processed/previews/rs-003_segments_overlay.png", "preview_dsm_png": "data/processed/previews/rs-003_dsm_elevation.png", "preview_mask_png": "data/processed/previews/rs-003_roof_mask.png", "preview_flux_png": "data/processed/previews/rs-003_flux_heatmap.png", "gap_category": "Gap Sedikit" }, "geometry": { "type": "Point", "coordinates": [ 106.796709, -6.295996 ] } },
{ "type": "Feature", "properties": { "asset_id": "RS-004", "asset_name": "RSUD Pasar Minggu", "category": "hospital", "category_display": "Rumah Sakit", "city_regency": "Jakarta Selatan", "postal_code": "12550", "source_raw_file": "data/raw/osm/hospitals_jakarta.gpkg", "raw_lat": -6.294071, "raw_lon": 106.81988, "google_building_id": "buildings/ChIJbSfBhwHyaS4RNdVrLyuhXe8", "google_maps_url": "https://www.google.com/maps/search/?api=1&query=-6.294185,106.819975", "google_center_lat": -6.2941849, "google_center_lon": 106.8199749, "spatial_drift_meters": 16.44, "drift_status": "VALID (< 30m)", "imagery_date": "2025-08-16", "quality_tier": "BASE", "whole_roof_area_m2": 3455.47, "max_roof_area_m2": 2694.0, "roof_suitability_ratio_pct": 78.0, "building_footprint_m2": 4686.59, "roof_coverage_ratio_pct": 73.7, "gap_unsegmented_pct": 26.3, "gap_unsegmented_m2": 1231.12, "gap_unpanelled_m2": 761.47, "total_gap_m2": 1992.6, "total_segments_count": 18, "pitch_range": "0.7° – 22.1°", "weighted_pitch_deg": 5.3, "max_panels_count": 1372, "sunshine_hours_annual": 1647.77, "panel_capacity_wp": 400, "installed_capacity_kwp": 548.8, "google_dc_mwh": 801.22, "annual_generation_kwh": 723437.69, "annual_generation_mwh": 723.44, "carbon_offset_factor": 809.0, "ghg_reduction_tons_co2": 585.26, "path_dsm_geotiff": "data/raw/solar/data_layers/dsm/hospital/rs-004_dsm.tif", "path_rgb_geotiff": "data/raw/solar/data_layers/rgb/hospital/rs-004_rgb.tif", "path_mask_geotiff": "data/raw/solar/data_layers/mask/hospital/rs-004_mask.tif", "path_flux_geotiff": "data/raw/solar/data_layers/annual_flux/hospital/rs-004_annual_flux.tif", "preview_rgb_png": "data/processed/previews/rs-004_rgb.png", "preview_panels_png": "data/processed/previews/rs-004_panels_overlay.png", "preview_segments_png": "data/processed/previews/rs-004_segments_overlay.png", "preview_dsm_png": "data/processed/previews/rs-004_dsm_elevation.png", "preview_mask_png": "data/processed/previews/rs-004_roof_mask.png", "preview_flux_png": "data/processed/previews/rs-004_flux_heatmap.png", "gap_category": "Gap Sedang" }, "geometry": { "type": "Point", "coordinates": [ 106.81988, -6.294071 ] } },
{ "type": "Feature", "properties": { "asset_id": "RS-005", "asset_name": "RSUD Koja", "category": "hospital", "category_display": "Rumah Sakit", "city_regency": "Jakarta Utara", "postal_code": "14220", "source_raw_file": "data/raw/osm/hospitals_jakarta.gpkg", "raw_lat": -6.108769, "raw_lon": 106.900075, "google_building_id": "buildings/ChIJiQKsDJIfai4RT5G7eL1GJ1k", "google_maps_url": "https://www.google.com/maps/search/?api=1&query=-6.108769,106.900075", "google_center_lat": -6.1087695, "google_center_lon": 106.9000755, "spatial_drift_meters": 0.08, "drift_status": "VALID (< 30m)", "imagery_date": "2025-07-26", "quality_tier": "BASE", "whole_roof_area_m2": 4175.19, "max_roof_area_m2": 2855.01, "roof_suitability_ratio_pct": 68.4, "building_footprint_m2": 5127.84, "roof_coverage_ratio_pct": 81.4, "gap_unsegmented_pct": 18.6, "gap_unsegmented_m2": 952.66, "gap_unpanelled_m2": 1320.18, "total_gap_m2": 2272.83, "total_segments_count": 28, "pitch_range": "1.2° – 77.3°", "weighted_pitch_deg": 16.5, "max_panels_count": 1454, "sunshine_hours_annual": 1718.96, "panel_capacity_wp": 400, "installed_capacity_kwp": 581.6, "google_dc_mwh": 875.17, "annual_generation_kwh": 799799.06, "annual_generation_mwh": 799.8, "carbon_offset_factor": 809.0, "ghg_reduction_tons_co2": 647.04, "path_dsm_geotiff": "data/raw/solar/data_layers/dsm/hospital/rs-005_dsm.tif", "path_rgb_geotiff": "data/raw/solar/data_layers/rgb/hospital/rs-005_rgb.tif", "path_mask_geotiff": "data/raw/solar/data_layers/mask/hospital/rs-005_mask.tif", "path_flux_geotiff": "data/raw/solar/data_layers/annual_flux/hospital/rs-005_annual_flux.tif", "preview_rgb_png": "data/processed/previews/rs-005_rgb.png", "preview_panels_png": "data/processed/previews/rs-005_panels_overlay.png", "preview_segments_png": "data/processed/previews/rs-005_segments_overlay.png", "preview_dsm_png": "data/processed/previews/rs-005_dsm_elevation.png", "preview_mask_png": "data/processed/previews/rs-005_roof_mask.png", "preview_flux_png": "data/processed/previews/rs-005_flux_heatmap.png", "gap_category": "Gap Sedikit" }, "geometry": { "type": "Point", "coordinates": [ 106.900075, -6.108769 ] } },
{ "type": "Feature", "properties": { "asset_id": "RS-006", "asset_name": "RSUD Cengkareng", "category": "hospital", "category_display": "Rumah Sakit", "city_regency": "Jakarta Barat", "postal_code": "11730", "source_raw_file": "data/raw/osm/hospitals_jakarta.gpkg", "raw_lat": -6.142965, "raw_lon": 106.734887, "google_building_id": "buildings/ChIJLZ20r_z3aS4RxngxJRUkuIE", "google_maps_url": "https://www.google.com/maps/search/?api=1&query=-6.142912,106.734750", "google_center_lat": -6.142912, "google_center_lon": 106.7347499, "spatial_drift_meters": 16.26, "drift_status": "VALID (< 30m)", "imagery_date": "2024-09-19", "quality_tier": "BASE", "whole_roof_area_m2": 5723.0, "max_roof_area_m2": 4465.12, "roof_suitability_ratio_pct": 78.0, "building_footprint_m2": 6931.77, "roof_coverage_ratio_pct": 82.6, "gap_unsegmented_pct": 17.4, "gap_unsegmented_m2": 1208.77, "gap_unpanelled_m2": 1257.88, "total_gap_m2": 2466.65, "total_segments_count": 33, "pitch_range": "1.2° – 36.7°", "weighted_pitch_deg": 8.2, "max_panels_count": 2274, "sunshine_hours_annual": 1702.36, "panel_capacity_wp": 400, "installed_capacity_kwp": 909.6, "google_dc_mwh": 1454.87, "annual_generation_kwh": 1238771.07, "annual_generation_mwh": 1238.77, "carbon_offset_factor": 809.0, "ghg_reduction_tons_co2": 1002.16, "path_dsm_geotiff": "data/raw/solar/data_layers/dsm/hospital/rs-006_dsm.tif", "path_rgb_geotiff": "data/raw/solar/data_layers/rgb/hospital/rs-006_rgb.tif", "path_mask_geotiff": "data/raw/solar/data_layers/mask/hospital/rs-006_mask.tif", "path_flux_geotiff": "data/raw/solar/data_layers/annual_flux/hospital/rs-006_annual_flux.tif", "preview_rgb_png": "data/processed/previews/rs-006_rgb.png", "preview_panels_png": "data/processed/previews/rs-006_panels_overlay.png", "preview_segments_png": "data/processed/previews/rs-006_segments_overlay.png", "preview_dsm_png": "data/processed/previews/rs-006_dsm_elevation.png", "preview_mask_png": "data/processed/previews/rs-006_roof_mask.png", "preview_flux_png": "data/processed/previews/rs-006_flux_heatmap.png", "gap_category": "Gap Sedikit" }, "geometry": { "type": "Point", "coordinates": [ 106.734887, -6.142965 ] } },
{ "type": "Feature", "properties": { "asset_id": "RS-008", "asset_name": "RS Pusat Pertamina", "category": "hospital", "category_display": "Rumah Sakit", "city_regency": "Jakarta Selatan", "postal_code": "12120", "source_raw_file": "data/raw/osm/hospitals_jakarta.gpkg", "raw_lat": -6.240166, "raw_lon": 106.792968, "google_building_id": "buildings/ChIJe_yPPBXxaS4RF9gjKKWR91Q", "google_maps_url": "https://www.google.com/maps/search/?api=1&query=-6.240051,106.792995", "google_center_lat": -6.2400514, "google_center_lon": 106.7929951, "spatial_drift_meters": 13.09, "drift_status": "VALID (< 30m)", "imagery_date": "2025-08-16", "quality_tier": "BASE", "whole_roof_area_m2": 10519.81, "max_roof_area_m2": 8030.94, "roof_suitability_ratio_pct": 76.3, "building_footprint_m2": 12769.41, "roof_coverage_ratio_pct": 82.4, "gap_unsegmented_pct": 17.6, "gap_unsegmented_m2": 2249.59, "gap_unpanelled_m2": 2488.87, "total_gap_m2": 4738.47, "total_segments_count": 72, "pitch_range": "0.7° – 34.4°", "weighted_pitch_deg": 5.8, "max_panels_count": 4090, "sunshine_hours_annual": 1633.92, "panel_capacity_wp": 400, "installed_capacity_kwp": 1636.0, "google_dc_mwh": 2500.79, "annual_generation_kwh": 2138479.86, "annual_generation_mwh": 2138.48, "carbon_offset_factor": 809.0, "ghg_reduction_tons_co2": 1730.03, "path_dsm_geotiff": "data/raw/solar/data_layers/dsm/hospital/rs-008_dsm.tif", "path_rgb_geotiff": "data/raw/solar/data_layers/rgb/hospital/rs-008_rgb.tif", "path_mask_geotiff": "data/raw/solar/data_layers/mask/hospital/rs-008_mask.tif", "path_flux_geotiff": "data/raw/solar/data_layers/annual_flux/hospital/rs-008_annual_flux.tif", "preview_rgb_png": "data/processed/previews/rs-008_rgb.png", "preview_panels_png": "data/processed/previews/rs-008_panels_overlay.png", "preview_segments_png": "data/processed/previews/rs-008_segments_overlay.png", "preview_dsm_png": "data/processed/previews/rs-008_dsm_elevation.png", "preview_mask_png": "data/processed/previews/rs-008_roof_mask.png", "preview_flux_png": "data/processed/previews/rs-008_flux_heatmap.png", "gap_category": "Gap Sedikit" }, "geometry": { "type": "Point", "coordinates": [ 106.792968, -6.240166 ] } },
{ "type": "Feature", "properties": { "asset_id": "MKT-001", "asset_name": "Pasar Mayestik Kebayoran Baru", "category": "market", "category_display": "Pasar Tradisional", "city_regency": "Jakarta Selatan", "postal_code": "12130", "source_raw_file": "data/raw/osm/markets_jakarta.geojson", "raw_lat": -6.24232, "raw_lon": 106.791039, "google_building_id": "buildings/ChIJv1nNXhTxaS4RTFcCeMRkSlM", "google_maps_url": "https://www.google.com/maps/search/?api=1&query=-6.242320,106.791039", "google_center_lat": -6.2423203, "google_center_lon": 106.7910394, "spatial_drift_meters": 0.06, "drift_status": "VALID (< 30m)", "imagery_date": "2025-08-16", "quality_tier": "BASE", "whole_roof_area_m2": 277.67, "max_roof_area_m2": 182.61, "roof_suitability_ratio_pct": 65.8, "building_footprint_m2": 343.29, "roof_coverage_ratio_pct": 80.9, "gap_unsegmented_pct": 19.1, "gap_unsegmented_m2": 65.62, "gap_unpanelled_m2": 95.06, "total_gap_m2": 160.67, "total_segments_count": 7, "pitch_range": "3.0° – 24.3°", "weighted_pitch_deg": 11.4, "max_panels_count": 93, "sunshine_hours_annual": 1644.29, "panel_capacity_wp": 400, "installed_capacity_kwp": 37.2, "google_dc_mwh": 57.37, "annual_generation_kwh": 48934.05, "annual_generation_mwh": 48.93, "carbon_offset_factor": 809.0, "ghg_reduction_tons_co2": 39.59, "path_dsm_geotiff": "data/raw/solar/data_layers/dsm/market/mkt-001_dsm.tif", "path_rgb_geotiff": "data/raw/solar/data_layers/rgb/market/mkt-001_rgb.tif", "path_mask_geotiff": "data/raw/solar/data_layers/mask/market/mkt-001_mask.tif", "path_flux_geotiff": "data/raw/solar/data_layers/annual_flux/market/mkt-001_annual_flux.tif", "preview_rgb_png": "data/processed/previews/mkt-001_rgb.png", "preview_panels_png": "data/processed/previews/mkt-001_panels_overlay.png", "preview_segments_png": "data/processed/previews/mkt-001_segments_overlay.png", "preview_dsm_png": "data/processed/previews/mkt-001_dsm_elevation.png", "preview_mask_png": "data/processed/previews/mkt-001_roof_mask.png", "preview_flux_png": "data/processed/previews/mkt-001_flux_heatmap.png", "gap_category": "Gap Sedikit" }, "geometry": { "type": "Point", "coordinates": [ 106.791039, -6.24232 ] } },
{ "type": "Feature", "properties": { "asset_id": "MKT-002", "asset_name": "Pasar Tanah Abang (Blok A)", "category": "market", "category_display": "Pasar Tradisional", "city_regency": "Jakarta Pusat", "postal_code": "10240", "source_raw_file": "OSM Way / Perumda Pasar Jaya", "raw_lat": -6.188291, "raw_lon": 106.818495, "google_building_id": "buildings/ChIJURWyjSf0aS4RcJ-_rUn9t5Y", "google_maps_url": "https://www.google.com/maps/search/?api=1&query=-6.188332,106.818439", "google_center_lat": -6.188332, "google_center_lon": 106.8184386, "spatial_drift_meters": 7.72, "drift_status": "VALID (< 30m)", "imagery_date": "2025-08-16", "quality_tier": "BASE", "whole_roof_area_m2": 867.03, "max_roof_area_m2": 608.7, "roof_suitability_ratio_pct": 70.2, "building_footprint_m2": 915.04, "roof_coverage_ratio_pct": 94.8, "gap_unsegmented_pct": 5.2, "gap_unsegmented_m2": 48.01, "gap_unpanelled_m2": 258.33, "total_gap_m2": 306.34, "total_segments_count": 14, "pitch_range": "3.7° – 19.3°", "weighted_pitch_deg": 7.9, "max_panels_count": 310, "sunshine_hours_annual": 1623.05, "panel_capacity_wp": 400, "installed_capacity_kwp": 124.0, "google_dc_mwh": 193.7, "annual_generation_kwh": 161007.02, "annual_generation_mwh": 161.01, "carbon_offset_factor": 809.0, "ghg_reduction_tons_co2": 130.25, "path_dsm_geotiff": "data/raw/solar/data_layers/dsm/market/mkt-002_dsm.tif", "path_rgb_geotiff": "data/raw/solar/data_layers/rgb/market/mkt-002_rgb.tif", "path_mask_geotiff": "data/raw/solar/data_layers/mask/market/mkt-002_mask.tif", "path_flux_geotiff": "data/raw/solar/data_layers/annual_flux/market/mkt-002_annual_flux.tif", "preview_rgb_png": "data/processed/previews/mkt-002_rgb.png", "preview_panels_png": "data/processed/previews/mkt-002_panels_overlay.png", "preview_segments_png": "data/processed/previews/mkt-002_segments_overlay.png", "preview_dsm_png": "data/processed/previews/mkt-002_dsm_elevation.png", "preview_mask_png": "data/processed/previews/mkt-002_roof_mask.png", "preview_flux_png": "data/processed/previews/mkt-002_flux_heatmap.png", "gap_category": "Gap Sedikit" }, "geometry": { "type": "Point", "coordinates": [ 106.818495, -6.188291 ] } },
{ "type": "Feature", "properties": { "asset_id": "MKT-003", "asset_name": "Pasar Induk Kramat Jati", "category": "market", "category_display": "Pasar Tradisional", "city_regency": "Jakarta Timur", "postal_code": "13540", "source_raw_file": "OSM Way / Perumda Pasar Jaya", "raw_lat": -6.294296, "raw_lon": 106.871321, "google_building_id": "buildings/ChIJ26IE2oPyaS4Ru5XfCNcrnrY", "google_maps_url": "https://www.google.com/maps/search/?api=1&query=-6.294296,106.871321", "google_center_lat": -6.2942964, "google_center_lon": 106.8713212, "spatial_drift_meters": 0.05, "drift_status": "VALID (< 30m)", "imagery_date": "2025-08-16", "quality_tier": "BASE", "whole_roof_area_m2": 3078.43, "max_roof_area_m2": 1863.41, "roof_suitability_ratio_pct": 60.5, "building_footprint_m2": 3437.38, "roof_coverage_ratio_pct": 89.6, "gap_unsegmented_pct": 10.4, "gap_unsegmented_m2": 358.95, "gap_unpanelled_m2": 1215.01, "total_gap_m2": 1573.97, "total_segments_count": 48, "pitch_range": "3.3° – 21.4°", "weighted_pitch_deg": 14.1, "max_panels_count": 949, "sunshine_hours_annual": 1629.32, "panel_capacity_wp": 400, "installed_capacity_kwp": 379.6, "google_dc_mwh": 597.29, "annual_generation_kwh": 494791.78, "annual_generation_mwh": 494.79, "carbon_offset_factor": 809.0, "ghg_reduction_tons_co2": 400.29, "path_dsm_geotiff": "data/raw/solar/data_layers/dsm/market/mkt-003_dsm.tif", "path_rgb_geotiff": "data/raw/solar/data_layers/rgb/market/mkt-003_rgb.tif", "path_mask_geotiff": "data/raw/solar/data_layers/mask/market/mkt-003_mask.tif", "path_flux_geotiff": "data/raw/solar/data_layers/annual_flux/market/mkt-003_annual_flux.tif", "preview_rgb_png": "data/processed/previews/mkt-003_rgb.png", "preview_panels_png": "data/processed/previews/mkt-003_panels_overlay.png", "preview_segments_png": "data/processed/previews/mkt-003_segments_overlay.png", "preview_dsm_png": "data/processed/previews/mkt-003_dsm_elevation.png", "preview_mask_png": "data/processed/previews/mkt-003_roof_mask.png", "preview_flux_png": "data/processed/previews/mkt-003_flux_heatmap.png", "gap_category": "Gap Sedikit" }, "geometry": { "type": "Point", "coordinates": [ 106.871321, -6.294296 ] } },
{ "type": "Feature", "properties": { "asset_id": "MKT-004", "asset_name": "Pasar Senen (Blok III)", "category": "market", "category_display": "Pasar Tradisional", "city_regency": "Jakarta Pusat", "postal_code": "10410", "source_raw_file": "OSM Way / Perumda Pasar Jaya", "raw_lat": -6.174303, "raw_lon": 106.844168, "google_building_id": "buildings/ChIJF8O0IbX1aS4RzGZ5KJfVw5M", "google_maps_url": "https://www.google.com/maps/search/?api=1&query=-6.174303,106.844168", "google_center_lat": -6.1743029, "google_center_lon": 106.8441683, "spatial_drift_meters": 0.03, "drift_status": "VALID (< 30m)", "imagery_date": "2025-07-26", "quality_tier": "BASE", "whole_roof_area_m2": 6383.6, "max_roof_area_m2": 4730.2, "roof_suitability_ratio_pct": 74.1, "building_footprint_m2": 10979.9, "roof_coverage_ratio_pct": 58.1, "gap_unsegmented_pct": 41.9, "gap_unsegmented_m2": 4596.3, "gap_unpanelled_m2": 1653.39, "total_gap_m2": 6249.7, "total_segments_count": 36, "pitch_range": "0.2° – 23.8°", "weighted_pitch_deg": 7.3, "max_panels_count": 2409, "sunshine_hours_annual": 1670.37, "panel_capacity_wp": 400, "installed_capacity_kwp": 963.6, "google_dc_mwh": 1553.87, "annual_generation_kwh": 1287656.37, "annual_generation_mwh": 1287.66, "carbon_offset_factor": 809.0, "ghg_reduction_tons_co2": 1041.71, "path_dsm_geotiff": "data/raw/solar/data_layers/dsm/market/mkt-004_dsm.tif", "path_rgb_geotiff": "data/raw/solar/data_layers/rgb/market/mkt-004_rgb.tif", "path_mask_geotiff": "data/raw/solar/data_layers/mask/market/mkt-004_mask.tif", "path_flux_geotiff": "data/raw/solar/data_layers/annual_flux/market/mkt-004_annual_flux.tif", "preview_rgb_png": "data/processed/previews/mkt-004_rgb.png", "preview_panels_png": "data/processed/previews/mkt-004_panels_overlay.png", "preview_segments_png": "data/processed/previews/mkt-004_segments_overlay.png", "preview_dsm_png": "data/processed/previews/mkt-004_dsm_elevation.png", "preview_mask_png": "data/processed/previews/mkt-004_roof_mask.png", "preview_flux_png": "data/processed/previews/mkt-004_flux_heatmap.png", "gap_category": "Gap Besar" }, "geometry": { "type": "Point", "coordinates": [ 106.844168, -6.174303 ] } },
{ "type": "Feature", "properties": { "asset_id": "MKT-005", "asset_name": "Pasar Glodok", "category": "market", "category_display": "Pasar Tradisional", "city_regency": "Jakarta Barat", "postal_code": "11120", "source_raw_file": "OSM Way / Perumda Pasar Jaya", "raw_lat": -6.142718, "raw_lon": 106.814121, "google_building_id": "buildings/ChIJbwgV7wb2aS4RGT_YaE8zD4w", "google_maps_url": "https://www.google.com/maps/search/?api=1&query=-6.142824,106.814235", "google_center_lat": -6.1428245, "google_center_lon": 106.8142355, "spatial_drift_meters": 17.33, "drift_status": "VALID (< 30m)", "imagery_date": "2025-07-26", "quality_tier": "BASE", "whole_roof_area_m2": 2304.37, "max_roof_area_m2": 1722.04, "roof_suitability_ratio_pct": 74.7, "building_footprint_m2": 3042.04, "roof_coverage_ratio_pct": 75.8, "gap_unsegmented_pct": 24.2, "gap_unsegmented_m2": 737.67, "gap_unpanelled_m2": 582.33, "total_gap_m2": 1320.0, "total_segments_count": 22, "pitch_range": "1.7° – 33.8°", "weighted_pitch_deg": 5.8, "max_panels_count": 877, "sunshine_hours_annual": 1651.12, "panel_capacity_wp": 400, "installed_capacity_kwp": 350.8, "google_dc_mwh": 554.74, "annual_generation_kwh": 463370.6, "annual_generation_mwh": 463.37, "carbon_offset_factor": 809.0, "ghg_reduction_tons_co2": 374.87, "path_dsm_geotiff": "data/raw/solar/data_layers/dsm/market/mkt-005_dsm.tif", "path_rgb_geotiff": "data/raw/solar/data_layers/rgb/market/mkt-005_rgb.tif", "path_mask_geotiff": "data/raw/solar/data_layers/mask/market/mkt-005_mask.tif", "path_flux_geotiff": "data/raw/solar/data_layers/annual_flux/market/mkt-005_annual_flux.tif", "preview_rgb_png": "data/processed/previews/mkt-005_rgb.png", "preview_panels_png": "data/processed/previews/mkt-005_panels_overlay.png", "preview_segments_png": "data/processed/previews/mkt-005_segments_overlay.png", "preview_dsm_png": "data/processed/previews/mkt-005_dsm_elevation.png", "preview_mask_png": "data/processed/previews/mkt-005_roof_mask.png", "preview_flux_png": "data/processed/previews/mkt-005_flux_heatmap.png", "gap_category": "Gap Sedang" }, "geometry": { "type": "Point", "coordinates": [ 106.814121, -6.142718 ] } },
{ "type": "Feature", "properties": { "asset_id": "MKT-006", "asset_name": "Pasar Santa", "category": "market", "category_display": "Pasar Tradisional", "city_regency": "Jakarta Selatan", "postal_code": "12170", "source_raw_file": "OSM Way / Perumda Pasar Jaya", "raw_lat": -6.2397, "raw_lon": 106.811324, "google_building_id": "buildings/ChIJG20pN2fxaS4RzBxUlCIddAM", "google_maps_url": "https://www.google.com/maps/search/?api=1&query=-6.239743,106.811365", "google_center_lat": -6.2397435, "google_center_lon": 106.8113651, "spatial_drift_meters": 6.64, "drift_status": "VALID (< 30m)", "imagery_date": "2025-08-16", "quality_tier": "BASE", "whole_roof_area_m2": 186.4, "max_roof_area_m2": 123.7, "roof_suitability_ratio_pct": 66.4, "building_footprint_m2": 230.12, "roof_coverage_ratio_pct": 81.0, "gap_unsegmented_pct": 19.0, "gap_unsegmented_m2": 43.72, "gap_unpanelled_m2": 62.7, "total_gap_m2": 106.42, "total_segments_count": 3, "pitch_range": "4.6° – 9.2°", "weighted_pitch_deg": 6.6, "max_panels_count": 63, "sunshine_hours_annual": 1623.91, "panel_capacity_wp": 400, "installed_capacity_kwp": 25.2, "google_dc_mwh": 40.21, "annual_generation_kwh": 32738.03, "annual_generation_mwh": 32.74, "carbon_offset_factor": 809.0, "ghg_reduction_tons_co2": 26.49, "path_dsm_geotiff": "data/raw/solar/data_layers/dsm/market/mkt-006_dsm.tif", "path_rgb_geotiff": "data/raw/solar/data_layers/rgb/market/mkt-006_rgb.tif", "path_mask_geotiff": "data/raw/solar/data_layers/mask/market/mkt-006_mask.tif", "path_flux_geotiff": "data/raw/solar/data_layers/annual_flux/market/mkt-006_annual_flux.tif", "preview_rgb_png": "data/processed/previews/mkt-006_rgb.png", "preview_panels_png": "data/processed/previews/mkt-006_panels_overlay.png", "preview_segments_png": "data/processed/previews/mkt-006_segments_overlay.png", "preview_dsm_png": "data/processed/previews/mkt-006_dsm_elevation.png", "preview_mask_png": "data/processed/previews/mkt-006_roof_mask.png", "preview_flux_png": "data/processed/previews/mkt-006_flux_heatmap.png", "gap_category": "Gap Sedikit" }, "geometry": { "type": "Point", "coordinates": [ 106.811324, -6.2397 ] } },
{ "type": "Feature", "properties": { "asset_id": "MKT-007", "asset_name": "Pasar Jatinegara", "category": "market", "category_display": "Pasar Tradisional", "city_regency": "Jakarta Timur", "postal_code": "13310", "source_raw_file": "OSM Way / Perumda Pasar Jaya", "raw_lat": -6.215726, "raw_lon": 106.866321, "google_building_id": "buildings/ChIJUyRXHoD0aS4RouW8BOELo9o", "google_maps_url": "https://www.google.com/maps/search/?api=1&query=-6.215730,106.866298", "google_center_lat": -6.21573, "google_center_lon": 106.8662976, "spatial_drift_meters": 2.62, "drift_status": "VALID (< 30m)", "imagery_date": "2025-08-16", "quality_tier": "BASE", "whole_roof_area_m2": 213.51, "max_roof_area_m2": 143.34, "roof_suitability_ratio_pct": 67.1, "building_footprint_m2": 213.51, "roof_coverage_ratio_pct": 100.0, "gap_unsegmented_pct": 0.0, "gap_unsegmented_m2": 0.0, "gap_unpanelled_m2": 70.17, "total_gap_m2": 70.17, "total_segments_count": 2, "pitch_range": "14.2° – 19.2°", "weighted_pitch_deg": 18.9, "max_panels_count": 73, "sunshine_hours_annual": 1489.91, "panel_capacity_wp": 400, "installed_capacity_kwp": 29.2, "google_dc_mwh": 40.71, "annual_generation_kwh": 34804.24, "annual_generation_mwh": 34.8, "carbon_offset_factor": 809.0, "ghg_reduction_tons_co2": 28.16, "path_dsm_geotiff": "data/raw/solar/data_layers/dsm/market/mkt-007_dsm.tif", "path_rgb_geotiff": "data/raw/solar/data_layers/rgb/market/mkt-007_rgb.tif", "path_mask_geotiff": "data/raw/solar/data_layers/mask/market/mkt-007_mask.tif", "path_flux_geotiff": "data/raw/solar/data_layers/annual_flux/market/mkt-007_annual_flux.tif", "preview_rgb_png": "data/processed/previews/mkt-007_rgb.png", "preview_panels_png": "data/processed/previews/mkt-007_panels_overlay.png", "preview_segments_png": "data/processed/previews/mkt-007_segments_overlay.png", "preview_dsm_png": "data/processed/previews/mkt-007_dsm_elevation.png", "preview_mask_png": "data/processed/previews/mkt-007_roof_mask.png", "preview_flux_png": "data/processed/previews/mkt-007_flux_heatmap.png", "gap_category": "Gap Sedikit" }, "geometry": { "type": "Point", "coordinates": [ 106.866321, -6.215726 ] } },
{ "type": "Feature", "properties": { "asset_id": "MKT-008", "asset_name": "Pasar Baru", "category": "market", "category_display": "Pasar Tradisional", "city_regency": "Jakarta Pusat", "postal_code": "10710", "source_raw_file": "OSM Way / Perumda Pasar Jaya", "raw_lat": -6.164901, "raw_lon": 106.833467, "google_building_id": "buildings/ChIJKR7KlsX1aS4RZqP25p0SMBc", "google_maps_url": "https://www.google.com/maps/search/?api=1&query=-6.164837,106.833580", "google_center_lat": -6.1648366, "google_center_lon": 106.8335801, "spatial_drift_meters": 14.41, "drift_status": "VALID (< 30m)", "imagery_date": "2025-07-26", "quality_tier": "BASE", "whole_roof_area_m2": 224.43, "max_roof_area_m2": 162.98, "roof_suitability_ratio_pct": 72.6, "building_footprint_m2": 314.99, "roof_coverage_ratio_pct": 71.3, "gap_unsegmented_pct": 28.7, "gap_unsegmented_m2": 90.55, "gap_unpanelled_m2": 61.46, "total_gap_m2": 152.01, "total_segments_count": 4, "pitch_range": "2.7° – 20.1°", "weighted_pitch_deg": 11.9, "max_panels_count": 83, "sunshine_hours_annual": 1633.21, "panel_capacity_wp": 400, "installed_capacity_kwp": 33.2, "google_dc_mwh": 50.36, "annual_generation_kwh": 43377.97, "annual_generation_mwh": 43.38, "carbon_offset_factor": 809.0, "ghg_reduction_tons_co2": 35.09, "path_dsm_geotiff": "data/raw/solar/data_layers/dsm/market/mkt-008_dsm.tif", "path_rgb_geotiff": "data/raw/solar/data_layers/rgb/market/mkt-008_rgb.tif", "path_mask_geotiff": "data/raw/solar/data_layers/mask/market/mkt-008_mask.tif", "path_flux_geotiff": "data/raw/solar/data_layers/annual_flux/market/mkt-008_annual_flux.tif", "preview_rgb_png": "data/processed/previews/mkt-008_rgb.png", "preview_panels_png": "data/processed/previews/mkt-008_panels_overlay.png", "preview_segments_png": "data/processed/previews/mkt-008_segments_overlay.png", "preview_dsm_png": "data/processed/previews/mkt-008_dsm_elevation.png", "preview_mask_png": "data/processed/previews/mkt-008_roof_mask.png", "preview_flux_png": "data/processed/previews/mkt-008_flux_heatmap.png", "gap_category": "Gap Sedang" }, "geometry": { "type": "Point", "coordinates": [ 106.833467, -6.164901 ] } },
{ "type": "Feature", "properties": { "asset_id": "UNIV-001", "asset_name": "Perpustakaan Pusat UI Depok", "category": "university", "category_display": "Universitas / Kampus", "city_regency": "Kota Depok", "postal_code": "16424", "source_raw_file": "data/raw/osm/education_jakarta.geojson", "raw_lat": -6.364712, "raw_lon": 106.831379, "google_building_id": "buildings/ChIJaVTiNhfsaS4RQT6lXss0IFQ", "google_maps_url": "https://www.google.com/maps/search/?api=1&query=-6.364712,106.831379", "google_center_lat": -6.3647117, "google_center_lon": 106.8313788, "spatial_drift_meters": 0.04, "drift_status": "VALID (< 30m)", "imagery_date": "2024-02-22", "quality_tier": "BASE", "whole_roof_area_m2": 2699.74, "max_roof_area_m2": 2057.81, "roof_suitability_ratio_pct": 76.2, "building_footprint_m2": 3209.25, "roof_coverage_ratio_pct": 84.1, "gap_unsegmented_pct": 15.9, "gap_unsegmented_m2": 509.51, "gap_unpanelled_m2": 641.94, "total_gap_m2": 1151.44, "total_segments_count": 29, "pitch_range": "18.5° – 38.1°", "weighted_pitch_deg": 29.7, "max_panels_count": 1048, "sunshine_hours_annual": 1612.27, "panel_capacity_wp": 400, "installed_capacity_kwp": 419.2, "google_dc_mwh": 602.35, "annual_generation_kwh": 540692.11, "annual_generation_mwh": 540.69, "carbon_offset_factor": 809.0, "ghg_reduction_tons_co2": 437.42, "path_dsm_geotiff": "data/raw/solar/data_layers/dsm/university/univ-001_dsm.tif", "path_rgb_geotiff": "data/raw/solar/data_layers/rgb/university/univ-001_rgb.tif", "path_mask_geotiff": "data/raw/solar/data_layers/mask/university/univ-001_mask.tif", "path_flux_geotiff": "data/raw/solar/data_layers/annual_flux/university/univ-001_annual_flux.tif", "preview_rgb_png": "data/processed/previews/univ-001_rgb.png", "preview_panels_png": "data/processed/previews/univ-001_panels_overlay.png", "preview_segments_png": "data/processed/previews/univ-001_segments_overlay.png", "preview_dsm_png": "data/processed/previews/univ-001_dsm_elevation.png", "preview_mask_png": "data/processed/previews/univ-001_roof_mask.png", "preview_flux_png": "data/processed/previews/univ-001_flux_heatmap.png", "gap_category": "Gap Sedikit" }, "geometry": { "type": "Point", "coordinates": [ 106.831379, -6.364712 ] } },
{ "type": "Feature", "properties": { "asset_id": "UNIV-002", "asset_name": "Institut Pertanian Bogor Dramaga", "category": "university", "category_display": "Universitas / Kampus", "city_regency": "Kab. Bogor", "postal_code": "16680", "source_raw_file": "OSM Way / IPB University", "raw_lat": -6.555272, "raw_lon": 106.725016, "google_building_id": "buildings/ChIJb7iDwazEaS4Rxi8GCYR8sVg", "google_maps_url": "https://www.google.com/maps/search/?api=1&query=-6.555232,106.724775", "google_center_lat": -6.5552322, "google_center_lon": 106.7247747, "spatial_drift_meters": 27.02, "drift_status": "VALID (< 30m)", "imagery_date": "2025-03-08", "quality_tier": "BASE", "whole_roof_area_m2": 281.71, "max_roof_area_m2": 161.01, "roof_suitability_ratio_pct": 57.2, "building_footprint_m2": 335.66, "roof_coverage_ratio_pct": 83.9, "gap_unsegmented_pct": 16.1, "gap_unsegmented_m2": 53.95, "gap_unpanelled_m2": 120.69, "total_gap_m2": 174.64, "total_segments_count": 9, "pitch_range": "2.4° – 25.4°", "weighted_pitch_deg": 19.4, "max_panels_count": 82, "sunshine_hours_annual": 1563.81, "panel_capacity_wp": 400, "installed_capacity_kwp": 32.8, "google_dc_mwh": 46.62, "annual_generation_kwh": 41034.34, "annual_generation_mwh": 41.03, "carbon_offset_factor": 809.0, "ghg_reduction_tons_co2": 33.2, "path_dsm_geotiff": "data/raw/solar/data_layers/dsm/university/univ-002_dsm.tif", "path_rgb_geotiff": "data/raw/solar/data_layers/rgb/university/univ-002_rgb.tif", "path_mask_geotiff": "data/raw/solar/data_layers/mask/university/univ-002_mask.tif", "path_flux_geotiff": "data/raw/solar/data_layers/annual_flux/university/univ-002_annual_flux.tif", "preview_rgb_png": "data/processed/previews/univ-002_rgb.png", "preview_panels_png": "data/processed/previews/univ-002_panels_overlay.png", "preview_segments_png": "data/processed/previews/univ-002_segments_overlay.png", "preview_dsm_png": "data/processed/previews/univ-002_dsm_elevation.png", "preview_mask_png": "data/processed/previews/univ-002_roof_mask.png", "preview_flux_png": "data/processed/previews/univ-002_flux_heatmap.png", "gap_category": "Gap Sedikit" }, "geometry": { "type": "Point", "coordinates": [ 106.725016, -6.555272 ] } },
{ "type": "Feature", "properties": { "asset_id": "UNIV-003", "asset_name": "Universitas Trisakti Grogol", "category": "university", "category_display": "Universitas / Kampus", "city_regency": "Jakarta Barat", "postal_code": "11440", "source_raw_file": "OSM Way / Universitas Trisakti", "raw_lat": -6.168517, "raw_lon": 106.790388, "google_building_id": "buildings/ChIJYU5qwlz2aS4RZ2_8vvL_W3Y", "google_maps_url": "https://www.google.com/maps/search/?api=1&query=-6.168517,106.790388", "google_center_lat": -6.1685171, "google_center_lon": 106.7903881, "spatial_drift_meters": 0.02, "drift_status": "VALID (< 30m)", "imagery_date": "2025-07-26", "quality_tier": "BASE", "whole_roof_area_m2": 2559.93, "max_roof_area_m2": 2077.44, "roof_suitability_ratio_pct": 81.2, "building_footprint_m2": 3429.63, "roof_coverage_ratio_pct": 74.6, "gap_unsegmented_pct": 25.4, "gap_unsegmented_m2": 869.7, "gap_unpanelled_m2": 482.49, "total_gap_m2": 1352.19, "total_segments_count": 10, "pitch_range": "1.5° – 29.9°", "weighted_pitch_deg": 6.1, "max_panels_count": 1058, "sunshine_hours_annual": 1642.61, "panel_capacity_wp": 400, "installed_capacity_kwp": 423.2, "google_dc_mwh": 672.14, "annual_generation_kwh": 556121.53, "annual_generation_mwh": 556.12, "carbon_offset_factor": 809.0, "ghg_reduction_tons_co2": 449.9, "path_dsm_geotiff": "data/raw/solar/data_layers/dsm/university/univ-003_dsm.tif", "path_rgb_geotiff": "data/raw/solar/data_layers/rgb/university/univ-003_rgb.tif", "path_mask_geotiff": "data/raw/solar/data_layers/mask/university/univ-003_mask.tif", "path_flux_geotiff": "data/raw/solar/data_layers/annual_flux/university/univ-003_annual_flux.tif", "preview_rgb_png": "data/processed/previews/univ-003_rgb.png", "preview_panels_png": "data/processed/previews/univ-003_panels_overlay.png", "preview_segments_png": "data/processed/previews/univ-003_segments_overlay.png", "preview_dsm_png": "data/processed/previews/univ-003_dsm_elevation.png", "preview_mask_png": "data/processed/previews/univ-003_roof_mask.png", "preview_flux_png": "data/processed/previews/univ-003_flux_heatmap.png", "gap_category": "Gap Sedang" }, "geometry": { "type": "Point", "coordinates": [ 106.790388, -6.168517 ] } },
{ "type": "Feature", "properties": { "asset_id": "UNIV-004", "asset_name": "Universitas Tarumanagara Kampus 1", "category": "university", "category_display": "Universitas / Kampus", "city_regency": "Jakarta Barat", "postal_code": "11440", "source_raw_file": "OSM Way / UNTAR", "raw_lat": -6.168867, "raw_lon": 106.790254, "google_building_id": "buildings/ChIJYU5qwlz2aS4RZ2_8vvL_W3Y", "google_maps_url": "https://www.google.com/maps/search/?api=1&query=-6.168517,106.790388", "google_center_lat": -6.1685171, "google_center_lon": 106.7903881, "spatial_drift_meters": 41.64, "drift_status": "REVIEW (> 30m)", "imagery_date": "2025-07-26", "quality_tier": "BASE", "whole_roof_area_m2": 2559.93, "max_roof_area_m2": 2077.44, "roof_suitability_ratio_pct": 81.2, "building_footprint_m2": 3429.63, "roof_coverage_ratio_pct": 74.6, "gap_unsegmented_pct": 25.4, "gap_unsegmented_m2": 869.7, "gap_unpanelled_m2": 482.49, "total_gap_m2": 1352.19, "total_segments_count": 10, "pitch_range": "1.5° – 29.9°", "weighted_pitch_deg": 6.1, "max_panels_count": 1058, "sunshine_hours_annual": 1642.61, "panel_capacity_wp": 400, "installed_capacity_kwp": 423.2, "google_dc_mwh": 672.14, "annual_generation_kwh": 556121.53, "annual_generation_mwh": 556.12, "carbon_offset_factor": 809.0, "ghg_reduction_tons_co2": 449.9, "path_dsm_geotiff": "data/raw/solar/data_layers/dsm/university/univ-004_dsm.tif", "path_rgb_geotiff": "data/raw/solar/data_layers/rgb/university/univ-004_rgb.tif", "path_mask_geotiff": "data/raw/solar/data_layers/mask/university/univ-004_mask.tif", "path_flux_geotiff": "data/raw/solar/data_layers/annual_flux/university/univ-004_annual_flux.tif", "preview_rgb_png": "data/processed/previews/univ-004_rgb.png", "preview_panels_png": "data/processed/previews/univ-004_panels_overlay.png", "preview_segments_png": "data/processed/previews/univ-004_segments_overlay.png", "preview_dsm_png": "data/processed/previews/univ-004_dsm_elevation.png", "preview_mask_png": "data/processed/previews/univ-004_roof_mask.png", "preview_flux_png": "data/processed/previews/univ-004_flux_heatmap.png", "gap_category": "Gap Sedang" }, "geometry": { "type": "Point", "coordinates": [ 106.790254, -6.168867 ] } },
{ "type": "Feature", "properties": { "asset_id": "UNIV-005", "asset_name": "Universitas Bina Nusantara Anggrek", "category": "university", "category_display": "Universitas / Kampus", "city_regency": "Jakarta Barat", "postal_code": "11530", "source_raw_file": "OSM Way / BINUS University", "raw_lat": -6.201942, "raw_lon": 106.781169, "google_building_id": "buildings/ChIJf-Qex9z2aS4R2dps6dBhFf8", "google_maps_url": "https://www.google.com/maps/search/?api=1&query=-6.201941,106.781456", "google_center_lat": -6.2019408, "google_center_lon": 106.7814565, "spatial_drift_meters": 31.78, "drift_status": "REVIEW (> 30m)", "imagery_date": "2024-10-26", "quality_tier": "BASE", "whole_roof_area_m2": 4979.55, "max_roof_area_m2": 3980.13, "roof_suitability_ratio_pct": 79.9, "building_footprint_m2": 5919.98, "roof_coverage_ratio_pct": 84.1, "gap_unsegmented_pct": 15.9, "gap_unsegmented_m2": 940.43, "gap_unpanelled_m2": 999.42, "total_gap_m2": 1939.86, "total_segments_count": 22, "pitch_range": "0.5° – 14.5°", "weighted_pitch_deg": 3.4, "max_panels_count": 2027, "sunshine_hours_annual": 1638.49, "panel_capacity_wp": 400, "installed_capacity_kwp": 810.8, "google_dc_mwh": 1261.01, "annual_generation_kwh": 1062787.69, "annual_generation_mwh": 1062.79, "carbon_offset_factor": 809.0, "ghg_reduction_tons_co2": 859.79, "path_dsm_geotiff": "data/raw/solar/data_layers/dsm/university/univ-005_dsm.tif", "path_rgb_geotiff": "data/raw/solar/data_layers/rgb/university/univ-005_rgb.tif", "path_mask_geotiff": "data/raw/solar/data_layers/mask/university/univ-005_mask.tif", "path_flux_geotiff": "data/raw/solar/data_layers/annual_flux/university/univ-005_annual_flux.tif", "preview_rgb_png": "data/processed/previews/univ-005_rgb.png", "preview_panels_png": "data/processed/previews/univ-005_panels_overlay.png", "preview_segments_png": "data/processed/previews/univ-005_segments_overlay.png", "preview_dsm_png": "data/processed/previews/univ-005_dsm_elevation.png", "preview_mask_png": "data/processed/previews/univ-005_roof_mask.png", "preview_flux_png": "data/processed/previews/univ-005_flux_heatmap.png", "gap_category": "Gap Sedikit" }, "geometry": { "type": "Point", "coordinates": [ 106.781169, -6.201942 ] } },
{ "type": "Feature", "properties": { "asset_id": "UNIV-006", "asset_name": "Universitas Negeri Jakarta Rawamangun", "category": "university", "category_display": "Universitas / Kampus", "city_regency": "Jakarta Timur", "postal_code": "13220", "source_raw_file": "OSM Way / UNJ", "raw_lat": -6.194784, "raw_lon": 106.87819, "google_building_id": "buildings/ChIJ43BHSO30aS4Rhby8FMyQA9Q", "google_maps_url": "https://www.google.com/maps/search/?api=1&query=-6.194592,106.878232", "google_center_lat": -6.1945921, "google_center_lon": 106.8782318, "spatial_drift_meters": 21.83, "drift_status": "VALID (< 30m)", "imagery_date": "2024-10-26", "quality_tier": "BASE", "whole_roof_area_m2": 417.59, "max_roof_area_m2": 296.5, "roof_suitability_ratio_pct": 71.0, "building_footprint_m2": 609.22, "roof_coverage_ratio_pct": 68.5, "gap_unsegmented_pct": 31.5, "gap_unsegmented_m2": 191.64, "gap_unpanelled_m2": 121.09, "total_gap_m2": 312.72, "total_segments_count": 6, "pitch_range": "5.1° – 18.3°", "weighted_pitch_deg": 14.3, "max_panels_count": 151, "sunshine_hours_annual": 1611.03, "panel_capacity_wp": 400, "installed_capacity_kwp": 60.4, "google_dc_mwh": 92.35, "annual_generation_kwh": 77844.98, "annual_generation_mwh": 77.84, "carbon_offset_factor": 809.0, "ghg_reduction_tons_co2": 62.98, "path_dsm_geotiff": "data/raw/solar/data_layers/dsm/university/univ-006_dsm.tif", "path_rgb_geotiff": "data/raw/solar/data_layers/rgb/university/univ-006_rgb.tif", "path_mask_geotiff": "data/raw/solar/data_layers/mask/university/univ-006_mask.tif", "path_flux_geotiff": "data/raw/solar/data_layers/annual_flux/university/univ-006_annual_flux.tif", "preview_rgb_png": "data/processed/previews/univ-006_rgb.png", "preview_panels_png": "data/processed/previews/univ-006_panels_overlay.png", "preview_segments_png": "data/processed/previews/univ-006_segments_overlay.png", "preview_dsm_png": "data/processed/previews/univ-006_dsm_elevation.png", "preview_mask_png": "data/processed/previews/univ-006_roof_mask.png", "preview_flux_png": "data/processed/previews/univ-006_flux_heatmap.png", "gap_category": "Gap Besar" }, "geometry": { "type": "Point", "coordinates": [ 106.87819, -6.194784 ] } },
{ "type": "Feature", "properties": { "asset_id": "UNIV-007", "asset_name": "UIN Syarif Hidayatullah Jakarta", "category": "university", "category_display": "Universitas / Kampus", "city_regency": "Kota Tangerang Selatan", "postal_code": "15412", "source_raw_file": "OSM Way / UIN Jakarta", "raw_lat": -6.306743, "raw_lon": 106.754542, "google_building_id": "buildings/ChIJ3QXJ5tvvaS4RF0tIdlbVzoQ", "google_maps_url": "https://www.google.com/maps/search/?api=1&query=-6.306762,106.754274", "google_center_lat": -6.3067621, "google_center_lon": 106.7542744, "spatial_drift_meters": 29.65, "drift_status": "VALID (< 30m)", "imagery_date": "2024-08-14", "quality_tier": "BASE", "whole_roof_area_m2": 2174.04, "max_roof_area_m2": 1474.63, "roof_suitability_ratio_pct": 67.8, "building_footprint_m2": 2835.07, "roof_coverage_ratio_pct": 76.7, "gap_unsegmented_pct": 23.3, "gap_unsegmented_m2": 661.03, "gap_unpanelled_m2": 699.41, "total_gap_m2": 1360.45, "total_segments_count": 37, "pitch_range": "0.3° – 32.3°", "weighted_pitch_deg": 20.1, "max_panels_count": 751, "sunshine_hours_annual": 1646.41, "panel_capacity_wp": 400, "installed_capacity_kwp": 300.4, "google_dc_mwh": 439.88, "annual_generation_kwh": 395664.27, "annual_generation_mwh": 395.66, "carbon_offset_factor": 809.0, "ghg_reduction_tons_co2": 320.09, "path_dsm_geotiff": "data/raw/solar/data_layers/dsm/university/univ-007_dsm.tif", "path_rgb_geotiff": "data/raw/solar/data_layers/rgb/university/univ-007_rgb.tif", "path_mask_geotiff": "data/raw/solar/data_layers/mask/university/univ-007_mask.tif", "path_flux_geotiff": "data/raw/solar/data_layers/annual_flux/university/univ-007_annual_flux.tif", "preview_rgb_png": "data/processed/previews/univ-007_rgb.png", "preview_panels_png": "data/processed/previews/univ-007_panels_overlay.png", "preview_segments_png": "data/processed/previews/univ-007_segments_overlay.png", "preview_dsm_png": "data/processed/previews/univ-007_dsm_elevation.png", "preview_mask_png": "data/processed/previews/univ-007_roof_mask.png", "preview_flux_png": "data/processed/previews/univ-007_flux_heatmap.png", "gap_category": "Gap Sedang" }, "geometry": { "type": "Point", "coordinates": [ 106.754542, -6.306743 ] } },
{ "type": "Feature", "properties": { "asset_id": "UNIV-008", "asset_name": "Universitas Multimedia Nusantara", "category": "university", "category_display": "Universitas / Kampus", "city_regency": "Kab. Tangerang", "postal_code": "15810", "source_raw_file": "OSM Way / Kompas Gramedia", "raw_lat": -6.25687, "raw_lon": 106.61831, "google_building_id": "buildings/ChIJk9552Xr8aS4RXDv5nUzI34s", "google_maps_url": "https://www.google.com/maps/search/?api=1&query=-6.256870,106.618310", "google_center_lat": -6.2568697, "google_center_lon": 106.6183102, "spatial_drift_meters": 0.04, "drift_status": "VALID (< 30m)", "imagery_date": "2025-07-26", "quality_tier": "BASE", "whole_roof_area_m2": 3177.72, "max_roof_area_m2": 2242.38, "roof_suitability_ratio_pct": 70.6, "building_footprint_m2": 3598.68, "roof_coverage_ratio_pct": 88.3, "gap_unsegmented_pct": 11.7, "gap_unsegmented_m2": 420.96, "gap_unpanelled_m2": 935.34, "total_gap_m2": 1356.3, "total_segments_count": 25, "pitch_range": "1.0° – 21.1°", "weighted_pitch_deg": 7.4, "max_panels_count": 1142, "sunshine_hours_annual": 1628.63, "panel_capacity_wp": 400, "installed_capacity_kwp": 456.8, "google_dc_mwh": 712.77, "annual_generation_kwh": 595167.5, "annual_generation_mwh": 595.17, "carbon_offset_factor": 809.0, "ghg_reduction_tons_co2": 481.49, "path_dsm_geotiff": "data/raw/solar/data_layers/dsm/university/univ-008_dsm.tif", "path_rgb_geotiff": "data/raw/solar/data_layers/rgb/university/univ-008_rgb.tif", "path_mask_geotiff": "data/raw/solar/data_layers/mask/university/univ-008_mask.tif", "path_flux_geotiff": "data/raw/solar/data_layers/annual_flux/university/univ-008_annual_flux.tif", "preview_rgb_png": "data/processed/previews/univ-008_rgb.png", "preview_panels_png": "data/processed/previews/univ-008_panels_overlay.png", "preview_segments_png": "data/processed/previews/univ-008_segments_overlay.png", "preview_dsm_png": "data/processed/previews/univ-008_dsm_elevation.png", "preview_mask_png": "data/processed/previews/univ-008_roof_mask.png", "preview_flux_png": "data/processed/previews/univ-008_flux_heatmap.png", "gap_category": "Gap Sedikit" }, "geometry": { "type": "Point", "coordinates": [ 106.61831, -6.25687 ] } },
{ "type": "Feature", "properties": { "asset_id": "SCH-001", "asset_name": "SMAN 70 Jakarta Bulungan", "category": "school", "category_display": "Sekolah Menengah", "city_regency": "Jakarta Selatan", "postal_code": "12130", "source_raw_file": "data/raw/osm/education_jakarta.geojson", "raw_lat": -6.24169, "raw_lon": 106.79422, "google_building_id": "buildings/ChIJ7V7LLGvxaS4ReWmkrlWsBN8", "google_maps_url": "https://www.google.com/maps/search/?api=1&query=-6.241682,106.794237", "google_center_lat": -6.2416819, "google_center_lon": 106.7942367, "spatial_drift_meters": 2.05, "drift_status": "VALID (< 30m)", "imagery_date": "2025-08-16", "quality_tier": "BASE", "whole_roof_area_m2": 232.49, "max_roof_area_m2": 141.38, "roof_suitability_ratio_pct": 60.8, "building_footprint_m2": 301.61, "roof_coverage_ratio_pct": 77.1, "gap_unsegmented_pct": 22.9, "gap_unsegmented_m2": 69.12, "gap_unpanelled_m2": 91.11, "total_gap_m2": 160.23, "total_segments_count": 7, "pitch_range": "12.6° – 36.0°", "weighted_pitch_deg": 25.4, "max_panels_count": 72, "sunshine_hours_annual": 1612.46, "panel_capacity_wp": 400, "installed_capacity_kwp": 28.8, "google_dc_mwh": 42.97, "annual_generation_kwh": 37151.07, "annual_generation_mwh": 37.15, "carbon_offset_factor": 809.0, "ghg_reduction_tons_co2": 30.06, "path_dsm_geotiff": "data/raw/solar/data_layers/dsm/school/sch-001_dsm.tif", "path_rgb_geotiff": "data/raw/solar/data_layers/rgb/school/sch-001_rgb.tif", "path_mask_geotiff": "data/raw/solar/data_layers/mask/school/sch-001_mask.tif", "path_flux_geotiff": "data/raw/solar/data_layers/annual_flux/school/sch-001_annual_flux.tif", "preview_rgb_png": "data/processed/previews/sch-001_rgb.png", "preview_panels_png": "data/processed/previews/sch-001_panels_overlay.png", "preview_segments_png": "data/processed/previews/sch-001_segments_overlay.png", "preview_dsm_png": "data/processed/previews/sch-001_dsm_elevation.png", "preview_mask_png": "data/processed/previews/sch-001_roof_mask.png", "preview_flux_png": "data/processed/previews/sch-001_flux_heatmap.png", "gap_category": "Gap Sedang" }, "geometry": { "type": "Point", "coordinates": [ 106.79422, -6.24169 ] } },
{ "type": "Feature", "properties": { "asset_id": "SCH-002", "asset_name": "SMAN 8 Jakarta Bukit Duri", "category": "school", "category_display": "Sekolah Menengah", "city_regency": "Jakarta Selatan", "postal_code": "12840", "source_raw_file": "OSM Way / Disdik DKI", "raw_lat": -6.217768, "raw_lon": 106.859227, "google_building_id": "buildings/ChIJS-arzIDzaS4Rlrt7mWJ1SkU", "google_maps_url": "https://www.google.com/maps/search/?api=1&query=-6.217777,106.859124", "google_center_lat": -6.217777, "google_center_lon": 106.8591239, "spatial_drift_meters": 11.44, "drift_status": "VALID (< 30m)", "imagery_date": "2025-08-16", "quality_tier": "BASE", "whole_roof_area_m2": 3589.89, "max_roof_area_m2": 2597.78, "roof_suitability_ratio_pct": 72.4, "building_footprint_m2": 4468.85, "roof_coverage_ratio_pct": 80.3, "gap_unsegmented_pct": 19.7, "gap_unsegmented_m2": 878.96, "gap_unpanelled_m2": 992.1, "total_gap_m2": 1871.06, "total_segments_count": 37, "pitch_range": "1.4° – 44.6°", "weighted_pitch_deg": 23.1, "max_panels_count": 1323, "sunshine_hours_annual": 1629.96, "panel_capacity_wp": 400, "installed_capacity_kwp": 529.2, "google_dc_mwh": 805.96, "annual_generation_kwh": 690058.93, "annual_generation_mwh": 690.06, "carbon_offset_factor": 809.0, "ghg_reduction_tons_co2": 558.26, "path_dsm_geotiff": "data/raw/solar/data_layers/dsm/school/sch-002_dsm.tif", "path_rgb_geotiff": "data/raw/solar/data_layers/rgb/school/sch-002_rgb.tif", "path_mask_geotiff": "data/raw/solar/data_layers/mask/school/sch-002_mask.tif", "path_flux_geotiff": "data/raw/solar/data_layers/annual_flux/school/sch-002_annual_flux.tif", "preview_rgb_png": "data/processed/previews/sch-002_rgb.png", "preview_panels_png": "data/processed/previews/sch-002_panels_overlay.png", "preview_segments_png": "data/processed/previews/sch-002_segments_overlay.png", "preview_dsm_png": "data/processed/previews/sch-002_dsm_elevation.png", "preview_mask_png": "data/processed/previews/sch-002_roof_mask.png", "preview_flux_png": "data/processed/previews/sch-002_flux_heatmap.png", "gap_category": "Gap Sedikit" }, "geometry": { "type": "Point", "coordinates": [ 106.859227, -6.217768 ] } },
{ "type": "Feature", "properties": { "asset_id": "SCH-003", "asset_name": "SMAN 68 Jakarta Salemba", "category": "school", "category_display": "Sekolah Menengah", "city_regency": "Jakarta Pusat", "postal_code": "10430", "source_raw_file": "OSM Way / Disdik DKI", "raw_lat": -6.197655, "raw_lon": 106.850902, "google_building_id": "buildings/ChIJg4fPTmj0aS4RNJE1xmK1JS0", "google_maps_url": "https://www.google.com/maps/search/?api=1&query=-6.197718,106.850818", "google_center_lat": -6.1977184, "google_center_lon": 106.8508176, "spatial_drift_meters": 11.69, "drift_status": "VALID (< 30m)", "imagery_date": "2025-08-16", "quality_tier": "BASE", "whole_roof_area_m2": 568.83, "max_roof_area_m2": 384.86, "roof_suitability_ratio_pct": 67.7, "building_footprint_m2": 693.58, "roof_coverage_ratio_pct": 82.0, "gap_unsegmented_pct": 18.0, "gap_unsegmented_m2": 124.75, "gap_unpanelled_m2": 183.97, "total_gap_m2": 308.73, "total_segments_count": 10, "pitch_range": "11.3° – 34.6°", "weighted_pitch_deg": 21.5, "max_panels_count": 196, "sunshine_hours_annual": 1606.02, "panel_capacity_wp": 400, "installed_capacity_kwp": 78.4, "google_dc_mwh": 116.39, "annual_generation_kwh": 100729.65, "annual_generation_mwh": 100.73, "carbon_offset_factor": 809.0, "ghg_reduction_tons_co2": 81.49, "path_dsm_geotiff": "data/raw/solar/data_layers/dsm/school/sch-003_dsm.tif", "path_rgb_geotiff": "data/raw/solar/data_layers/rgb/school/sch-003_rgb.tif", "path_mask_geotiff": "data/raw/solar/data_layers/mask/school/sch-003_mask.tif", "path_flux_geotiff": "data/raw/solar/data_layers/annual_flux/school/sch-003_annual_flux.tif", "preview_rgb_png": "data/processed/previews/sch-003_rgb.png", "preview_panels_png": "data/processed/previews/sch-003_panels_overlay.png", "preview_segments_png": "data/processed/previews/sch-003_segments_overlay.png", "preview_dsm_png": "data/processed/previews/sch-003_dsm_elevation.png", "preview_mask_png": "data/processed/previews/sch-003_roof_mask.png", "preview_flux_png": "data/processed/previews/sch-003_flux_heatmap.png", "gap_category": "Gap Sedikit" }, "geometry": { "type": "Point", "coordinates": [ 106.850902, -6.197655 ] } },
{ "type": "Feature", "properties": { "asset_id": "SCH-004", "asset_name": "SMAN 28 Jakarta Pasar Minggu", "category": "school", "category_display": "Sekolah Menengah", "city_regency": "Jakarta Selatan", "postal_code": "12540", "source_raw_file": "OSM Way / Disdik DKI", "raw_lat": -6.285829, "raw_lon": 106.833357, "google_building_id": "buildings/ChIJGb4VCRHyaS4Rb8jmCg0LQ4k", "google_maps_url": "https://www.google.com/maps/search/?api=1&query=-6.285763,106.833599", "google_center_lat": -6.2857629, "google_center_lon": 106.8335993, "spatial_drift_meters": 27.77, "drift_status": "VALID (< 30m)", "imagery_date": "2025-08-16", "quality_tier": "BASE", "whole_roof_area_m2": 956.3, "max_roof_area_m2": 759.9, "roof_suitability_ratio_pct": 79.5, "building_footprint_m2": 1161.0, "roof_coverage_ratio_pct": 82.4, "gap_unsegmented_pct": 17.6, "gap_unsegmented_m2": 204.7, "gap_unpanelled_m2": 196.4, "total_gap_m2": 401.1, "total_segments_count": 5, "pitch_range": "16.0° – 29.1°", "weighted_pitch_deg": 25.3, "max_panels_count": 387, "sunshine_hours_annual": 1614.4, "panel_capacity_wp": 400, "installed_capacity_kwp": 154.8, "google_dc_mwh": 230.38, "annual_generation_kwh": 199926.95, "annual_generation_mwh": 199.93, "carbon_offset_factor": 809.0, "ghg_reduction_tons_co2": 161.74, "path_dsm_geotiff": "data/raw/solar/data_layers/dsm/school/sch-004_dsm.tif", "path_rgb_geotiff": "data/raw/solar/data_layers/rgb/school/sch-004_rgb.tif", "path_mask_geotiff": "data/raw/solar/data_layers/mask/school/sch-004_mask.tif", "path_flux_geotiff": "data/raw/solar/data_layers/annual_flux/school/sch-004_annual_flux.tif", "preview_rgb_png": "data/processed/previews/sch-004_rgb.png", "preview_panels_png": "data/processed/previews/sch-004_panels_overlay.png", "preview_segments_png": "data/processed/previews/sch-004_segments_overlay.png", "preview_dsm_png": "data/processed/previews/sch-004_dsm_elevation.png", "preview_mask_png": "data/processed/previews/sch-004_roof_mask.png", "preview_flux_png": "data/processed/previews/sch-004_flux_heatmap.png", "gap_category": "Gap Sedikit" }, "geometry": { "type": "Point", "coordinates": [ 106.833357, -6.285829 ] } },
{ "type": "Feature", "properties": { "asset_id": "SCH-005", "asset_name": "SMAN 3 Jakarta Setiabudi", "category": "school", "category_display": "Sekolah Menengah", "city_regency": "Jakarta Selatan", "postal_code": "12910", "source_raw_file": "OSM Way / Disdik DKI", "raw_lat": -6.209867, "raw_lon": 106.825664, "google_building_id": "buildings/ChIJP9NEWQT0aS4Rbg8Gc-JDTdo", "google_maps_url": "https://www.google.com/maps/search/?api=1&query=-6.209864,106.825627", "google_center_lat": -6.2098638, "google_center_lon": 106.8256274, "spatial_drift_meters": 4.06, "drift_status": "VALID (< 30m)", "imagery_date": "2025-08-16", "quality_tier": "BASE", "whole_roof_area_m2": 1557.25, "max_roof_area_m2": 1327.36, "roof_suitability_ratio_pct": 85.2, "building_footprint_m2": 1654.63, "roof_coverage_ratio_pct": 94.1, "gap_unsegmented_pct": 5.9, "gap_unsegmented_m2": 97.38, "gap_unpanelled_m2": 229.89, "total_gap_m2": 327.27, "total_segments_count": 8, "pitch_range": "0.2° – 22.3°", "weighted_pitch_deg": 12.9, "max_panels_count": 676, "sunshine_hours_annual": 1637.54, "panel_capacity_wp": 400, "installed_capacity_kwp": 270.4, "google_dc_mwh": 423.34, "annual_generation_kwh": 354232.11, "annual_generation_mwh": 354.23, "carbon_offset_factor": 809.0, "ghg_reduction_tons_co2": 286.57, "path_dsm_geotiff": "data/raw/solar/data_layers/dsm/school/sch-005_dsm.tif", "path_rgb_geotiff": "data/raw/solar/data_layers/rgb/school/sch-005_rgb.tif", "path_mask_geotiff": "data/raw/solar/data_layers/mask/school/sch-005_mask.tif", "path_flux_geotiff": "data/raw/solar/data_layers/annual_flux/school/sch-005_annual_flux.tif", "preview_rgb_png": "data/processed/previews/sch-005_rgb.png", "preview_panels_png": "data/processed/previews/sch-005_panels_overlay.png", "preview_segments_png": "data/processed/previews/sch-005_segments_overlay.png", "preview_dsm_png": "data/processed/previews/sch-005_dsm_elevation.png", "preview_mask_png": "data/processed/previews/sch-005_roof_mask.png", "preview_flux_png": "data/processed/previews/sch-005_flux_heatmap.png", "gap_category": "Gap Sedikit" }, "geometry": { "type": "Point", "coordinates": [ 106.825664, -6.209867 ] } },
{ "type": "Feature", "properties": { "asset_id": "SCH-006", "asset_name": "SMKN 26 Jakarta Rawamangun", "category": "school", "category_display": "Sekolah Menengah", "city_regency": "Jakarta Timur", "postal_code": "13220", "source_raw_file": "OSM Way / Disdik DKI", "raw_lat": -6.194564, "raw_lon": 106.887387, "google_building_id": "buildings/ChIJTybIt-r0aS4RUrlZNw_qwUw", "google_maps_url": "https://www.google.com/maps/search/?api=1&query=-6.194311,106.887317", "google_center_lat": -6.1943112, "google_center_lon": 106.8873175, "spatial_drift_meters": 29.14, "drift_status": "VALID (< 30m)", "imagery_date": "2025-08-16", "quality_tier": "BASE", "whole_roof_area_m2": 3425.77, "max_roof_area_m2": 2584.04, "roof_suitability_ratio_pct": 75.4, "building_footprint_m2": 3895.51, "roof_coverage_ratio_pct": 87.9, "gap_unsegmented_pct": 12.1, "gap_unsegmented_m2": 469.74, "gap_unpanelled_m2": 841.73, "total_gap_m2": 1311.47, "total_segments_count": 35, "pitch_range": "8.1° – 29.5°", "weighted_pitch_deg": 18.8, "max_panels_count": 1316, "sunshine_hours_annual": 1676.88, "panel_capacity_wp": 400, "installed_capacity_kwp": 526.4, "google_dc_mwh": 833.73, "annual_generation_kwh": 706165.64, "annual_generation_mwh": 706.17, "carbon_offset_factor": 809.0, "ghg_reduction_tons_co2": 571.29, "path_dsm_geotiff": "data/raw/solar/data_layers/dsm/school/sch-006_dsm.tif", "path_rgb_geotiff": "data/raw/solar/data_layers/rgb/school/sch-006_rgb.tif", "path_mask_geotiff": "data/raw/solar/data_layers/mask/school/sch-006_mask.tif", "path_flux_geotiff": "data/raw/solar/data_layers/annual_flux/school/sch-006_annual_flux.tif", "preview_rgb_png": "data/processed/previews/sch-006_rgb.png", "preview_panels_png": "data/processed/previews/sch-006_panels_overlay.png", "preview_segments_png": "data/processed/previews/sch-006_segments_overlay.png", "preview_dsm_png": "data/processed/previews/sch-006_dsm_elevation.png", "preview_mask_png": "data/processed/previews/sch-006_roof_mask.png", "preview_flux_png": "data/processed/previews/sch-006_flux_heatmap.png", "gap_category": "Gap Sedikit" }, "geometry": { "type": "Point", "coordinates": [ 106.887387, -6.194564 ] } },
{ "type": "Feature", "properties": { "asset_id": "SCH-007", "asset_name": "SMAN 1 Bogor Paledang", "category": "school", "category_display": "Sekolah Menengah", "city_regency": "Kota Bogor", "postal_code": "16122", "source_raw_file": "OSM Way / Disdik Jabar", "raw_lat": -6.597328, "raw_lon": 106.79335, "google_building_id": "buildings/ChIJbwUe9LfFaS4RSS1lUvE6lAw", "google_maps_url": "https://www.google.com/maps/search/?api=1&query=-6.597336,106.793208", "google_center_lat": -6.5973359, "google_center_lon": 106.7932083, "spatial_drift_meters": 15.68, "drift_status": "VALID (< 30m)", "imagery_date": "2024-02-22", "quality_tier": "BASE", "whole_roof_area_m2": 109.09, "max_roof_area_m2": 80.51, "roof_suitability_ratio_pct": 73.8, "building_footprint_m2": 117.89, "roof_coverage_ratio_pct": 92.5, "gap_unsegmented_pct": 7.5, "gap_unsegmented_m2": 8.8, "gap_unpanelled_m2": 28.58, "total_gap_m2": 37.38, "total_segments_count": 1, "pitch_range": "0.7° – 0.7°", "weighted_pitch_deg": 0.7, "max_panels_count": 41, "sunshine_hours_annual": 1290.99, "panel_capacity_wp": 400, "installed_capacity_kwp": 16.4, "google_dc_mwh": 16.96, "annual_generation_kwh": 16937.78, "annual_generation_mwh": 16.94, "carbon_offset_factor": 809.0, "ghg_reduction_tons_co2": 13.7, "path_dsm_geotiff": "data/raw/solar/data_layers/dsm/school/sch-007_dsm.tif", "path_rgb_geotiff": "data/raw/solar/data_layers/rgb/school/sch-007_rgb.tif", "path_mask_geotiff": "data/raw/solar/data_layers/mask/school/sch-007_mask.tif", "path_flux_geotiff": "data/raw/solar/data_layers/annual_flux/school/sch-007_annual_flux.tif", "preview_rgb_png": "data/processed/previews/sch-007_rgb.png", "preview_panels_png": "data/processed/previews/sch-007_panels_overlay.png", "preview_segments_png": "data/processed/previews/sch-007_segments_overlay.png", "preview_dsm_png": "data/processed/previews/sch-007_dsm_elevation.png", "preview_mask_png": "data/processed/previews/sch-007_roof_mask.png", "preview_flux_png": "data/processed/previews/sch-007_flux_heatmap.png", "gap_category": "Gap Sedikit" }, "geometry": { "type": "Point", "coordinates": [ 106.79335, -6.597328 ] } },
{ "type": "Feature", "properties": { "asset_id": "SCH-008", "asset_name": "SMAN 1 Depok Nusantara", "category": "school", "category_display": "Sekolah Menengah", "city_regency": "Kota Depok", "postal_code": "16432", "source_raw_file": "OSM Way / Disdik Jabar", "raw_lat": -6.395384, "raw_lon": 106.814397, "google_building_id": "buildings/ChIJxS3vF1npaS4RZw8paWbipp4", "google_maps_url": "https://www.google.com/maps/search/?api=1&query=-6.395422,106.814115", "google_center_lat": -6.3954223, "google_center_lon": 106.8141147, "spatial_drift_meters": 31.48, "drift_status": "REVIEW (> 30m)", "imagery_date": "2024-02-22", "quality_tier": "BASE", "whole_roof_area_m2": 247.9, "max_roof_area_m2": 161.01, "roof_suitability_ratio_pct": 64.9, "building_footprint_m2": 347.31, "roof_coverage_ratio_pct": 71.4, "gap_unsegmented_pct": 28.6, "gap_unsegmented_m2": 99.41, "gap_unpanelled_m2": 86.89, "total_gap_m2": 186.3, "total_segments_count": 7, "pitch_range": "9.2° – 22.4°", "weighted_pitch_deg": 13.5, "max_panels_count": 82, "sunshine_hours_annual": 1670.53, "panel_capacity_wp": 400, "installed_capacity_kwp": 32.8, "google_dc_mwh": 50.01, "annual_generation_kwh": 43834.82, "annual_generation_mwh": 43.83, "carbon_offset_factor": 809.0, "ghg_reduction_tons_co2": 35.46, "path_dsm_geotiff": "data/raw/solar/data_layers/dsm/school/sch-008_dsm.tif", "path_rgb_geotiff": "data/raw/solar/data_layers/rgb/school/sch-008_rgb.tif", "path_mask_geotiff": "data/raw/solar/data_layers/mask/school/sch-008_mask.tif", "path_flux_geotiff": "data/raw/solar/data_layers/annual_flux/school/sch-008_annual_flux.tif", "preview_rgb_png": "data/processed/previews/sch-008_rgb.png", "preview_panels_png": "data/processed/previews/sch-008_panels_overlay.png", "preview_segments_png": "data/processed/previews/sch-008_segments_overlay.png", "preview_dsm_png": "data/processed/previews/sch-008_dsm_elevation.png", "preview_mask_png": "data/processed/previews/sch-008_roof_mask.png", "preview_flux_png": "data/processed/previews/sch-008_flux_heatmap.png", "gap_category": "Gap Sedang" }, "geometry": { "type": "Point", "coordinates": [ 106.814397, -6.395384 ] } },
{ "type": "Feature", "properties": { "asset_id": "STD-001", "asset_name": "Istora Senayan GBK", "category": "stadium", "category_display": "Stadion & GOR", "city_regency": "Jakarta Pusat", "postal_code": "10270", "source_raw_file": "data/raw/osm/sports_jakarta.geojson", "raw_lat": -6.219799, "raw_lon": 106.804064, "google_building_id": "buildings/ChIJqdOsEU3xaS4RBzsj4T8eWaI", "google_maps_url": "https://www.google.com/maps/search/?api=1&query=-6.219818,106.804107", "google_center_lat": -6.2198185, "google_center_lon": 106.8041066, "spatial_drift_meters": 5.18, "drift_status": "VALID (< 30m)", "imagery_date": "2025-08-16", "quality_tier": "BASE", "whole_roof_area_m2": 1175.15, "max_roof_area_m2": 860.04, "roof_suitability_ratio_pct": 73.2, "building_footprint_m2": 1230.9, "roof_coverage_ratio_pct": 95.5, "gap_unsegmented_pct": 4.5, "gap_unsegmented_m2": 55.75, "gap_unpanelled_m2": 315.11, "total_gap_m2": 370.86, "total_segments_count": 7, "pitch_range": "0.9° – 9.0°", "weighted_pitch_deg": 3.8, "max_panels_count": 438, "sunshine_hours_annual": 1628.35, "panel_capacity_wp": 400, "installed_capacity_kwp": 175.2, "google_dc_mwh": 279.41, "annual_generation_kwh": 228229.96, "annual_generation_mwh": 228.23, "carbon_offset_factor": 809.0, "ghg_reduction_tons_co2": 184.64, "path_dsm_geotiff": "data/raw/solar/data_layers/dsm/stadium/std-001_dsm.tif", "path_rgb_geotiff": "data/raw/solar/data_layers/rgb/stadium/std-001_rgb.tif", "path_mask_geotiff": "data/raw/solar/data_layers/mask/stadium/std-001_mask.tif", "path_flux_geotiff": "data/raw/solar/data_layers/annual_flux/stadium/std-001_annual_flux.tif", "preview_rgb_png": "data/processed/previews/std-001_rgb.png", "preview_panels_png": "data/processed/previews/std-001_panels_overlay.png", "preview_segments_png": "data/processed/previews/std-001_segments_overlay.png", "preview_dsm_png": "data/processed/previews/std-001_dsm_elevation.png", "preview_mask_png": "data/processed/previews/std-001_roof_mask.png", "preview_flux_png": "data/processed/previews/std-001_flux_heatmap.png", "gap_category": "Gap Sedikit" }, "geometry": { "type": "Point", "coordinates": [ 106.804064, -6.219799 ] } },
{ "type": "Feature", "properties": { "asset_id": "STD-002", "asset_name": "Stadion Utama Gelora Bung Karno", "category": "stadium", "category_display": "Stadion & GOR", "city_regency": "Jakarta Pusat", "postal_code": "10270", "source_raw_file": "OSM Way / PPK GBK", "raw_lat": -6.218596, "raw_lon": 106.802607, "google_building_id": "buildings/ChIJDRKS0EzxaS4RPyBt0n3P5go", "google_maps_url": "https://www.google.com/maps/search/?api=1&query=-6.218557,106.802635", "google_center_lat": -6.2185568, "google_center_lon": 106.802635, "spatial_drift_meters": 5.35, "drift_status": "VALID (< 30m)", "imagery_date": "2025-08-16", "quality_tier": "BASE", "whole_roof_area_m2": 33022.37, "max_roof_area_m2": 28328.21, "roof_suitability_ratio_pct": 85.8, "building_footprint_m2": 51042.69, "roof_coverage_ratio_pct": 64.7, "gap_unsegmented_pct": 35.3, "gap_unsegmented_m2": 18020.32, "gap_unpanelled_m2": 4694.17, "total_gap_m2": 22714.49, "total_segments_count": 56, "pitch_range": "0.3° – 41.9°", "weighted_pitch_deg": 3.6, "max_panels_count": 14427, "sunshine_hours_annual": 1641.57, "panel_capacity_wp": 400, "installed_capacity_kwp": 5770.8, "google_dc_mwh": 9191.71, "annual_generation_kwh": 7578557.58, "annual_generation_mwh": 7578.56, "carbon_offset_factor": 809.0, "ghg_reduction_tons_co2": 6131.05, "path_dsm_geotiff": "data/raw/solar/data_layers/dsm/stadium/std-002_dsm.tif", "path_rgb_geotiff": "data/raw/solar/data_layers/rgb/stadium/std-002_rgb.tif", "path_mask_geotiff": "data/raw/solar/data_layers/mask/stadium/std-002_mask.tif", "path_flux_geotiff": "data/raw/solar/data_layers/annual_flux/stadium/std-002_annual_flux.tif", "preview_rgb_png": "data/processed/previews/std-002_rgb.png", "preview_panels_png": "data/processed/previews/std-002_panels_overlay.png", "preview_segments_png": "data/processed/previews/std-002_segments_overlay.png", "preview_dsm_png": "data/processed/previews/std-002_dsm_elevation.png", "preview_mask_png": "data/processed/previews/std-002_roof_mask.png", "preview_flux_png": "data/processed/previews/std-002_flux_heatmap.png", "gap_category": "Gap Besar" }, "geometry": { "type": "Point", "coordinates": [ 106.802607, -6.218596 ] } },
{ "type": "Feature", "properties": { "asset_id": "STD-003", "asset_name": "Jakarta International Stadium", "category": "stadium", "category_display": "Stadion & GOR", "city_regency": "Jakarta Utara", "postal_code": "14340", "source_raw_file": "OSM Way / PT Jakpro", "raw_lat": -6.125075, "raw_lon": 106.860201, "google_building_id": "buildings/ChIJ2zMk6i0eai4RcvVI0CTkrWg", "google_maps_url": "https://www.google.com/maps/search/?api=1&query=-6.124943,106.860993", "google_center_lat": -6.1249433, "google_center_lon": 106.8609926, "spatial_drift_meters": 88.74, "drift_status": "REVIEW (> 30m)", "imagery_date": "2025-07-26", "quality_tier": "BASE", "whole_roof_area_m2": 8779.15, "max_roof_area_m2": 7337.8, "roof_suitability_ratio_pct": 83.6, "building_footprint_m2": 11796.38, "roof_coverage_ratio_pct": 74.4, "gap_unsegmented_pct": 25.6, "gap_unsegmented_m2": 3017.24, "gap_unpanelled_m2": 1441.34, "total_gap_m2": 4458.58, "total_segments_count": 17, "pitch_range": "3.1° – 22.6°", "weighted_pitch_deg": 8.8, "max_panels_count": 3737, "sunshine_hours_annual": 1706.42, "panel_capacity_wp": 400, "installed_capacity_kwp": 1494.8, "google_dc_mwh": 2389.9, "annual_generation_kwh": 2040610.08, "annual_generation_mwh": 2040.61, "carbon_offset_factor": 809.0, "ghg_reduction_tons_co2": 1650.85, "path_dsm_geotiff": "data/raw/solar/data_layers/dsm/stadium/std-003_dsm.tif", "path_rgb_geotiff": "data/raw/solar/data_layers/rgb/stadium/std-003_rgb.tif", "path_mask_geotiff": "data/raw/solar/data_layers/mask/stadium/std-003_mask.tif", "path_flux_geotiff": "data/raw/solar/data_layers/annual_flux/stadium/std-003_annual_flux.tif", "preview_rgb_png": "data/processed/previews/std-003_rgb.png", "preview_panels_png": "data/processed/previews/std-003_panels_overlay.png", "preview_segments_png": "data/processed/previews/std-003_segments_overlay.png", "preview_dsm_png": "data/processed/previews/std-003_dsm_elevation.png", "preview_mask_png": "data/processed/previews/std-003_roof_mask.png", "preview_flux_png": "data/processed/previews/std-003_flux_heatmap.png", "gap_category": "Gap Sedang" }, "geometry": { "type": "Point", "coordinates": [ 106.860201, -6.125075 ] } },
{ "type": "Feature", "properties": { "asset_id": "STD-004", "asset_name": "Stadion Madya GBK", "category": "stadium", "category_display": "Stadion & GOR", "city_regency": "Jakarta Pusat", "postal_code": "10270", "source_raw_file": "OSM Way / PPK GBK", "raw_lat": -6.217281, "raw_lon": 106.799508, "google_building_id": "buildings/ChIJ7fP6pLT2aS4RDAjjxwALY2Q", "google_maps_url": "https://www.google.com/maps/search/?api=1&query=-6.217372,106.799499", "google_center_lat": -6.2173721, "google_center_lon": 106.7994994, "spatial_drift_meters": 10.17, "drift_status": "VALID (< 30m)", "imagery_date": "2025-08-16", "quality_tier": "BASE", "whole_roof_area_m2": 7148.48, "max_roof_area_m2": 6098.8, "roof_suitability_ratio_pct": 85.3, "building_footprint_m2": 11081.44, "roof_coverage_ratio_pct": 64.5, "gap_unsegmented_pct": 35.5, "gap_unsegmented_m2": 3932.96, "gap_unpanelled_m2": 1049.68, "total_gap_m2": 4982.64, "total_segments_count": 21, "pitch_range": "0.7° – 22.8°", "weighted_pitch_deg": 2.1, "max_panels_count": 3106, "sunshine_hours_annual": 1636.62, "panel_capacity_wp": 400, "installed_capacity_kwp": 1242.4, "google_dc_mwh": 1981.17, "annual_generation_kwh": 1626671.54, "annual_generation_mwh": 1626.67, "carbon_offset_factor": 809.0, "ghg_reduction_tons_co2": 1315.98, "path_dsm_geotiff": "data/raw/solar/data_layers/dsm/stadium/std-004_dsm.tif", "path_rgb_geotiff": "data/raw/solar/data_layers/rgb/stadium/std-004_rgb.tif", "path_mask_geotiff": "data/raw/solar/data_layers/mask/stadium/std-004_mask.tif", "path_flux_geotiff": "data/raw/solar/data_layers/annual_flux/stadium/std-004_annual_flux.tif", "preview_rgb_png": "data/processed/previews/std-004_rgb.png", "preview_panels_png": "data/processed/previews/std-004_panels_overlay.png", "preview_segments_png": "data/processed/previews/std-004_segments_overlay.png", "preview_dsm_png": "data/processed/previews/std-004_dsm_elevation.png", "preview_mask_png": "data/processed/previews/std-004_roof_mask.png", "preview_flux_png": "data/processed/previews/std-004_flux_heatmap.png", "gap_category": "Gap Besar" }, "geometry": { "type": "Point", "coordinates": [ 106.799508, -6.217281 ] } },
{ "type": "Feature", "properties": { "asset_id": "STD-005", "asset_name": "Jakarta International Velodrome", "category": "stadium", "category_display": "Stadion & GOR", "city_regency": "Jakarta Timur", "postal_code": "13220", "source_raw_file": "OSM Way / PT Jakpro", "raw_lat": -6.190896, "raw_lon": 106.890101, "google_building_id": "buildings/ChIJy3KCwMH0aS4RC6yOMI-7V8o", "google_maps_url": "https://www.google.com/maps/search/?api=1&query=-6.190989,106.890084", "google_center_lat": -6.1909886, "google_center_lon": 106.8900838, "spatial_drift_meters": 10.47, "drift_status": "VALID (< 30m)", "imagery_date": "2025-08-16", "quality_tier": "BASE", "whole_roof_area_m2": 7048.8, "max_roof_area_m2": 6222.51, "roof_suitability_ratio_pct": 88.3, "building_footprint_m2": 10148.91, "roof_coverage_ratio_pct": 69.5, "gap_unsegmented_pct": 30.5, "gap_unsegmented_m2": 3100.11, "gap_unpanelled_m2": 826.3, "total_gap_m2": 3926.41, "total_segments_count": 6, "pitch_range": "3.9° – 79.7°", "weighted_pitch_deg": 7.5, "max_panels_count": 3169, "sunshine_hours_annual": 1682.34, "panel_capacity_wp": 400, "installed_capacity_kwp": 1267.6, "google_dc_mwh": 2064.0, "annual_generation_kwh": 1706029.27, "annual_generation_mwh": 1706.03, "carbon_offset_factor": 809.0, "ghg_reduction_tons_co2": 1380.18, "path_dsm_geotiff": "data/raw/solar/data_layers/dsm/stadium/std-005_dsm.tif", "path_rgb_geotiff": "data/raw/solar/data_layers/rgb/stadium/std-005_rgb.tif", "path_mask_geotiff": "data/raw/solar/data_layers/mask/stadium/std-005_mask.tif", "path_flux_geotiff": "data/raw/solar/data_layers/annual_flux/stadium/std-005_annual_flux.tif", "preview_rgb_png": "data/processed/previews/std-005_rgb.png", "preview_panels_png": "data/processed/previews/std-005_panels_overlay.png", "preview_segments_png": "data/processed/previews/std-005_segments_overlay.png", "preview_dsm_png": "data/processed/previews/std-005_dsm_elevation.png", "preview_mask_png": "data/processed/previews/std-005_roof_mask.png", "preview_flux_png": "data/processed/previews/std-005_flux_heatmap.png", "gap_category": "Gap Besar" }, "geometry": { "type": "Point", "coordinates": [ 106.890101, -6.190896 ] } },
{ "type": "Feature", "properties": { "asset_id": "STD-006", "asset_name": "Gelanggang Remaja Bulungan", "category": "stadium", "category_display": "Stadion & GOR", "city_regency": "Jakarta Selatan", "postal_code": "12130", "source_raw_file": "OSM Way / Dispora DKI", "raw_lat": -6.242763, "raw_lon": 106.797342, "google_building_id": "buildings/ChIJLzqAnmvxaS4Rwz0XdKYbd9w", "google_maps_url": "https://www.google.com/maps/search/?api=1&query=-6.242763,106.797342", "google_center_lat": -6.2427627, "google_center_lon": 106.7973423, "spatial_drift_meters": 0.05, "drift_status": "VALID (< 30m)", "imagery_date": "2025-08-16", "quality_tier": "BASE", "whole_roof_area_m2": 2882.21, "max_roof_area_m2": 2114.75, "roof_suitability_ratio_pct": 73.4, "building_footprint_m2": 4227.5, "roof_coverage_ratio_pct": 68.2, "gap_unsegmented_pct": 31.8, "gap_unsegmented_m2": 1345.29, "gap_unpanelled_m2": 767.46, "total_gap_m2": 2112.75, "total_segments_count": 24, "pitch_range": "2.0° – 32.8°", "weighted_pitch_deg": 21.3, "max_panels_count": 1077, "sunshine_hours_annual": 1594.5, "panel_capacity_wp": 400, "installed_capacity_kwp": 430.8, "google_dc_mwh": 640.22, "annual_generation_kwh": 549527.55, "annual_generation_mwh": 549.53, "carbon_offset_factor": 809.0, "ghg_reduction_tons_co2": 444.57, "path_dsm_geotiff": "data/raw/solar/data_layers/dsm/stadium/std-006_dsm.tif", "path_rgb_geotiff": "data/raw/solar/data_layers/rgb/stadium/std-006_rgb.tif", "path_mask_geotiff": "data/raw/solar/data_layers/mask/stadium/std-006_mask.tif", "path_flux_geotiff": "data/raw/solar/data_layers/annual_flux/stadium/std-006_annual_flux.tif", "preview_rgb_png": "data/processed/previews/std-006_rgb.png", "preview_panels_png": "data/processed/previews/std-006_panels_overlay.png", "preview_segments_png": "data/processed/previews/std-006_segments_overlay.png", "preview_dsm_png": "data/processed/previews/std-006_dsm_elevation.png", "preview_mask_png": "data/processed/previews/std-006_roof_mask.png", "preview_flux_png": "data/processed/previews/std-006_flux_heatmap.png", "gap_category": "Gap Besar" }, "geometry": { "type": "Point", "coordinates": [ 106.797342, -6.242763 ] } },
{ "type": "Feature", "properties": { "asset_id": "STD-007", "asset_name": "Stadion Pakansari Cibinong", "category": "stadium", "category_display": "Stadion & GOR", "city_regency": "Kab. Bogor", "postal_code": "16915", "source_raw_file": "OSM Way / Dispora Kab. Bogor", "raw_lat": -6.495967, "raw_lon": 106.833084, "google_building_id": "buildings/ChIJv49IQ5rBaS4RwE4z1dI9WsI", "google_maps_url": "https://www.google.com/maps/search/?api=1&query=-6.495967,106.833084", "google_center_lat": -6.4959666, "google_center_lon": 106.8330836, "spatial_drift_meters": 0.06, "drift_status": "VALID (< 30m)", "imagery_date": "2024-02-22", "quality_tier": "BASE", "whole_roof_area_m2": 866.91, "max_roof_area_m2": 718.66, "roof_suitability_ratio_pct": 82.9, "building_footprint_m2": 1178.63, "roof_coverage_ratio_pct": 73.6, "gap_unsegmented_pct": 26.4, "gap_unsegmented_m2": 311.73, "gap_unpanelled_m2": 148.25, "total_gap_m2": 459.97, "total_segments_count": 2, "pitch_range": "9.2° – 17.4°", "weighted_pitch_deg": 10.1, "max_panels_count": 366, "sunshine_hours_annual": 1654.03, "panel_capacity_wp": 400, "installed_capacity_kwp": 146.4, "google_dc_mwh": 222.11, "annual_generation_kwh": 193719.45, "annual_generation_mwh": 193.72, "carbon_offset_factor": 809.0, "ghg_reduction_tons_co2": 156.72, "path_dsm_geotiff": "data/raw/solar/data_layers/dsm/stadium/std-007_dsm.tif", "path_rgb_geotiff": "data/raw/solar/data_layers/rgb/stadium/std-007_rgb.tif", "path_mask_geotiff": "data/raw/solar/data_layers/mask/stadium/std-007_mask.tif", "path_flux_geotiff": "data/raw/solar/data_layers/annual_flux/stadium/std-007_annual_flux.tif", "preview_rgb_png": "data/processed/previews/std-007_rgb.png", "preview_panels_png": "data/processed/previews/std-007_panels_overlay.png", "preview_segments_png": "data/processed/previews/std-007_segments_overlay.png", "preview_dsm_png": "data/processed/previews/std-007_dsm_elevation.png", "preview_mask_png": "data/processed/previews/std-007_roof_mask.png", "preview_flux_png": "data/processed/previews/std-007_flux_heatmap.png", "gap_category": "Gap Sedang" }, "geometry": { "type": "Point", "coordinates": [ 106.833084, -6.495967 ] } },
{ "type": "Feature", "properties": { "asset_id": "STD-008", "asset_name": "Stadion Soemantri Brodjonegoro", "category": "stadium", "category_display": "Stadion & GOR", "city_regency": "Jakarta Selatan", "postal_code": "12940", "source_raw_file": "OSM Way / Dispora DKI", "raw_lat": -6.221108, "raw_lon": 106.833243, "google_building_id": "buildings/ChIJeSW4yfbzaS4RWcKPGzcxaL8", "google_maps_url": "https://www.google.com/maps/search/?api=1&query=-6.221108,106.833243", "google_center_lat": -6.2211079, "google_center_lon": 106.833243, "spatial_drift_meters": 0.01, "drift_status": "VALID (< 30m)", "imagery_date": "2025-08-16", "quality_tier": "BASE", "whole_roof_area_m2": 14210.41, "max_roof_area_m2": 10526.62, "roof_suitability_ratio_pct": 74.1, "building_footprint_m2": 17035.9, "roof_coverage_ratio_pct": 83.4, "gap_unsegmented_pct": 16.6, "gap_unsegmented_m2": 2825.49, "gap_unpanelled_m2": 3683.79, "total_gap_m2": 6509.28, "total_segments_count": 82, "pitch_range": "0.4° – 47.8°", "weighted_pitch_deg": 14.2, "max_panels_count": 5361, "sunshine_hours_annual": 1632.17, "panel_capacity_wp": 400, "installed_capacity_kwp": 2144.4, "google_dc_mwh": 3307.5, "annual_generation_kwh": 2800025.94, "annual_generation_mwh": 2800.03, "carbon_offset_factor": 809.0, "ghg_reduction_tons_co2": 2265.22, "path_dsm_geotiff": "data/raw/solar/data_layers/dsm/stadium/std-008_dsm.tif", "path_rgb_geotiff": "data/raw/solar/data_layers/rgb/stadium/std-008_rgb.tif", "path_mask_geotiff": "data/raw/solar/data_layers/mask/stadium/std-008_mask.tif", "path_flux_geotiff": "data/raw/solar/data_layers/annual_flux/stadium/std-008_annual_flux.tif", "preview_rgb_png": "data/processed/previews/std-008_rgb.png", "preview_panels_png": "data/processed/previews/std-008_panels_overlay.png", "preview_segments_png": "data/processed/previews/std-008_segments_overlay.png", "preview_dsm_png": "data/processed/previews/std-008_dsm_elevation.png", "preview_mask_png": "data/processed/previews/std-008_roof_mask.png", "preview_flux_png": "data/processed/previews/std-008_flux_heatmap.png", "gap_category": "Gap Sedikit" }, "geometry": { "type": "Point", "coordinates": [ 106.833243, -6.221108 ] } },
{ "type": "Feature", "properties": { "asset_id": "BRT-0001", "asset_name": "Halte Plaza Senayan 2", "category": "brt", "category_display": "Halte TransJakarta & Shelter", "city_regency": "Jakarta Selatan", "postal_code": "10270", "source_raw_file": "transjakarta_stations.csv", "raw_lat": -6.227047, "raw_lon": 106.798379, "google_building_id": "buildings/ChIJie5Tv0jxaS4RuUlmEIzRbgw", "google_maps_url": "https://www.google.com/maps/search/?api=1&query=-6.227072,106.798942", "google_center_lat": -6.2270723, "google_center_lon": 106.7989424, "spatial_drift_meters": 62.34, "drift_status": "REVIEW (> 30m)", "imagery_date": "2025-08-16", "quality_tier": "BASE", "whole_roof_area_m2": 1933.7, "max_roof_area_m2": 1647.42, "roof_suitability_ratio_pct": 85.2, "building_footprint_m2": 2328.44, "roof_coverage_ratio_pct": 83.0, "gap_unsegmented_pct": 17.0, "gap_unsegmented_m2": 394.74, "gap_unpanelled_m2": 286.28, "total_gap_m2": 681.02, "total_segments_count": 4, "pitch_range": "3.5° – 47.3°", "weighted_pitch_deg": 8.9, "max_panels_count": 839, "sunshine_hours_annual": 1640.56, "panel_capacity_wp": 400, "installed_capacity_kwp": 335.6, "google_dc_mwh": 489.24, "annual_generation_kwh": 440457.2, "annual_generation_mwh": 440.46, "carbon_offset_factor": 809.0, "ghg_reduction_tons_co2": 356.33, "path_dsm_geotiff": null, "path_rgb_geotiff": null, "path_mask_geotiff": null, "path_flux_geotiff": null, "preview_rgb_png": null, "preview_panels_png": null, "preview_segments_png": null, "preview_dsm_png": null, "preview_mask_png": null, "preview_flux_png": null, "gap_category": "Gap Sedikit" }, "geometry": { "type": "Point", "coordinates": [ 106.798379, -6.227047 ] } },
{ "type": "Feature", "properties": { "asset_id": "BRT-0002", "asset_name": "Halte Simpang Prepedan Benda Raya", "category": "brt", "category_display": "Halte TransJakarta & Shelter", "city_regency": "Kota Tangerang", "postal_code": "11810", "source_raw_file": "transjakarta_stations.csv", "raw_lat": -6.106575, "raw_lon": 106.70192, "google_building_id": "buildings/ChIJu-ClCd0Cai4ReZxHaX4ovKY", "google_maps_url": "https://www.google.com/maps/search/?api=1&query=-6.106500,106.701878", "google_center_lat": -6.1065, "google_center_lon": 106.701878, "spatial_drift_meters": 9.55, "drift_status": "VALID (< 30m)", "imagery_date": "2024-09-19", "quality_tier": "BASE", "whole_roof_area_m2": 138.59, "max_roof_area_m2": 108.0, "roof_suitability_ratio_pct": 77.9, "building_footprint_m2": 174.44, "roof_coverage_ratio_pct": 79.5, "gap_unsegmented_pct": 20.5, "gap_unsegmented_m2": 35.84, "gap_unpanelled_m2": 30.6, "total_gap_m2": 66.44, "total_segments_count": 1, "pitch_range": "1.9° – 1.9°", "weighted_pitch_deg": 1.9, "max_panels_count": 55, "sunshine_hours_annual": 1724.64, "panel_capacity_wp": 400, "installed_capacity_kwp": 22.0, "google_dc_mwh": 37.39, "annual_generation_kwh": 30353.58, "annual_generation_mwh": 30.35, "carbon_offset_factor": 809.0, "ghg_reduction_tons_co2": 24.56, "path_dsm_geotiff": null, "path_rgb_geotiff": null, "path_mask_geotiff": null, "path_flux_geotiff": null, "preview_rgb_png": null, "preview_panels_png": null, "preview_segments_png": null, "preview_dsm_png": null, "preview_mask_png": null, "preview_flux_png": null, "gap_category": "Gap Sedang" }, "geometry": { "type": "Point", "coordinates": [ 106.70192, -6.106575 ] } },
{ "type": "Feature", "properties": { "asset_id": "BRT-0003", "asset_name": "Halte Simpang Pulo Asem Utara Timur", "category": "brt", "category_display": "Halte TransJakarta & Shelter", "city_regency": "Jakarta Timur", "postal_code": "13220", "source_raw_file": "transjakarta_stations.csv", "raw_lat": -6.188074, "raw_lon": 106.89668, "google_building_id": "buildings/ChIJV28BSMT0aS4RhKeWgXT-O90", "google_maps_url": "https://www.google.com/maps/search/?api=1&query=-6.188094,106.896776", "google_center_lat": -6.1880941, "google_center_lon": 106.896776, "spatial_drift_meters": 10.85, "drift_status": "VALID (< 30m)", "imagery_date": "2025-08-16", "quality_tier": "BASE", "whole_roof_area_m2": 174.88, "max_roof_area_m2": 123.7, "roof_suitability_ratio_pct": 70.7, "building_footprint_m2": 253.93, "roof_coverage_ratio_pct": 68.9, "gap_unsegmented_pct": 31.1, "gap_unsegmented_m2": 79.05, "gap_unpanelled_m2": 51.18, "total_gap_m2": 130.23, "total_segments_count": 2, "pitch_range": "1.9° – 4.2°", "weighted_pitch_deg": 3.3, "max_panels_count": 63, "sunshine_hours_annual": 1669.95, "panel_capacity_wp": 400, "installed_capacity_kwp": 25.2, "google_dc_mwh": 40.9, "annual_generation_kwh": 33666.26, "annual_generation_mwh": 33.67, "carbon_offset_factor": 809.0, "ghg_reduction_tons_co2": 27.24, "path_dsm_geotiff": null, "path_rgb_geotiff": null, "path_mask_geotiff": null, "path_flux_geotiff": null, "preview_rgb_png": null, "preview_panels_png": null, "preview_segments_png": null, "preview_dsm_png": null, "preview_mask_png": null, "preview_flux_png": null, "gap_category": "Gap Besar" }, "geometry": { "type": "Point", "coordinates": [ 106.89668, -6.188074 ] } },
{ "type": "Feature", "properties": { "asset_id": "BRT-0004", "asset_name": "Halte Simpang Pulo Mas Raya Timur", "category": "brt", "category_display": "Halte TransJakarta & Shelter", "city_regency": "Jakarta Timur", "postal_code": "13210", "source_raw_file": "transjakarta_stations.csv", "raw_lat": -6.178746, "raw_lon": 106.8856, "google_building_id": "buildings/ChIJE_izIeH0aS4RqSq623bzol8", "google_maps_url": "https://www.google.com/maps/search/?api=1&query=-6.178359,106.885496", "google_center_lat": -6.1783587, "google_center_lon": 106.8854957, "spatial_drift_meters": 44.58, "drift_status": "REVIEW (> 30m)", "imagery_date": "2025-07-26", "quality_tier": "BASE", "whole_roof_area_m2": 313.64, "max_roof_area_m2": 247.41, "roof_suitability_ratio_pct": 78.9, "building_footprint_m2": 436.34, "roof_coverage_ratio_pct": 71.9, "gap_unsegmented_pct": 28.1, "gap_unsegmented_m2": 122.7, "gap_unpanelled_m2": 66.23, "total_gap_m2": 188.93, "total_segments_count": 1, "pitch_range": "3.3° – 3.3°", "weighted_pitch_deg": 3.3, "max_panels_count": 126, "sunshine_hours_annual": 1666.85, "panel_capacity_wp": 400, "installed_capacity_kwp": 50.4, "google_dc_mwh": 82.99, "annual_generation_kwh": 67207.24, "annual_generation_mwh": 67.21, "carbon_offset_factor": 809.0, "ghg_reduction_tons_co2": 54.37, "path_dsm_geotiff": null, "path_rgb_geotiff": null, "path_mask_geotiff": null, "path_flux_geotiff": null, "preview_rgb_png": null, "preview_panels_png": null, "preview_segments_png": null, "preview_dsm_png": null, "preview_mask_png": null, "preview_flux_png": null, "gap_category": "Gap Sedang" }, "geometry": { "type": "Point", "coordinates": [ 106.8856, -6.178746 ] } },
{ "type": "Feature", "properties": { "asset_id": "BRT-0005", "asset_name": "Halte Simpang Puskesmas Penggilingan Baru", "category": "brt", "category_display": "Halte TransJakarta & Shelter", "city_regency": "Jakarta Timur", "postal_code": "13550", "source_raw_file": "transjakarta_stations.csv", "raw_lat": -6.301457, "raw_lon": 106.88133, "google_building_id": "buildings/ChIJTXXj7GPtaS4RA55RGLTVXCw", "google_maps_url": "https://www.google.com/maps/search/?api=1&query=-6.301445,106.881412", "google_center_lat": -6.3014453, "google_center_lon": 106.8814123, "spatial_drift_meters": 9.19, "drift_status": "VALID (< 30m)", "imagery_date": "2025-08-16", "quality_tier": "BASE", "whole_roof_area_m2": 33.77, "max_roof_area_m2": 19.64, "roof_suitability_ratio_pct": 58.1, "building_footprint_m2": 41.85, "roof_coverage_ratio_pct": 80.7, "gap_unsegmented_pct": 19.3, "gap_unsegmented_m2": 8.08, "gap_unpanelled_m2": 14.14, "total_gap_m2": 22.22, "total_segments_count": 1, "pitch_range": "11.9° – 11.9°", "weighted_pitch_deg": 11.9, "max_panels_count": 10, "sunshine_hours_annual": 1502.74, "panel_capacity_wp": 400, "installed_capacity_kwp": 4.0, "google_dc_mwh": 5.73, "annual_generation_kwh": 4808.75, "annual_generation_mwh": 4.81, "carbon_offset_factor": 809.0, "ghg_reduction_tons_co2": 3.89, "path_dsm_geotiff": null, "path_rgb_geotiff": null, "path_mask_geotiff": null, "path_flux_geotiff": null, "preview_rgb_png": null, "preview_panels_png": null, "preview_segments_png": null, "preview_dsm_png": null, "preview_mask_png": null, "preview_flux_png": null, "gap_category": "Gap Sedikit" }, "geometry": { "type": "Point", "coordinates": [ 106.88133, -6.301457 ] } },
{ "type": "Feature", "properties": { "asset_id": "BRT-0006", "asset_name": "Halte Simpang Danau Sunter Utara Barat", "category": "brt", "category_display": "Halte TransJakarta & Shelter", "city_regency": "Jakarta Utara", "postal_code": "14350", "source_raw_file": "transjakarta_stations.csv", "raw_lat": -6.139853, "raw_lon": 106.85663, "google_building_id": "buildings/ChIJa7cKK4T1aS4R0NGDwSFMAzs", "google_maps_url": "https://www.google.com/maps/search/?api=1&query=-6.139865,106.856345", "google_center_lat": -6.1398654, "google_center_lon": 106.8563451, "spatial_drift_meters": 31.53, "drift_status": "REVIEW (> 30m)", "imagery_date": "2025-07-26", "quality_tier": "BASE", "whole_roof_area_m2": 8.13, "max_roof_area_m2": 3.93, "roof_suitability_ratio_pct": 48.3, "building_footprint_m2": 8.13, "roof_coverage_ratio_pct": 100.0, "gap_unsegmented_pct": 0.0, "gap_unsegmented_m2": 0.0, "gap_unpanelled_m2": 4.2, "total_gap_m2": 4.2, "total_segments_count": 1, "pitch_range": "10.1° – 10.1°", "weighted_pitch_deg": 10.1, "max_panels_count": 2, "sunshine_hours_annual": 1579.68, "panel_capacity_wp": 400, "installed_capacity_kwp": 0.8, "google_dc_mwh": 0.0, "annual_generation_kwh": 1010.99, "annual_generation_mwh": 1.01, "carbon_offset_factor": 809.0, "ghg_reduction_tons_co2": 0.82, "path_dsm_geotiff": null, "path_rgb_geotiff": null, "path_mask_geotiff": null, "path_flux_geotiff": null, "preview_rgb_png": null, "preview_panels_png": null, "preview_segments_png": null, "preview_dsm_png": null, "preview_mask_png": null, "preview_flux_png": null, "gap_category": "Gap Sedikit" }, "geometry": { "type": "Point", "coordinates": [ 106.85663, -6.139853 ] } },
{ "type": "Feature", "properties": { "asset_id": "BRT-0007", "asset_name": "Halte Simpang Rajawali Cipinang Indah", "category": "brt", "category_display": "Halte TransJakarta & Shelter", "city_regency": "Jakarta Timur", "postal_code": "13430", "source_raw_file": "transjakarta_stations.csv", "raw_lat": -6.233049, "raw_lon": 106.89328, "google_building_id": "buildings/ChIJsaB6IEHzaS4Rh9wUuDqqnYM", "google_maps_url": "https://www.google.com/maps/search/?api=1&query=-6.232910,106.893202", "google_center_lat": -6.2329097, "google_center_lon": 106.8932023, "spatial_drift_meters": 17.71, "drift_status": "VALID (< 30m)", "imagery_date": "2025-08-16", "quality_tier": "BASE", "whole_roof_area_m2": 268.47, "max_roof_area_m2": 143.34, "roof_suitability_ratio_pct": 53.4, "building_footprint_m2": 341.27, "roof_coverage_ratio_pct": 78.7, "gap_unsegmented_pct": 21.3, "gap_unsegmented_m2": 72.8, "gap_unpanelled_m2": 125.13, "total_gap_m2": 197.93, "total_segments_count": 11, "pitch_range": "11.8° – 28.5°", "weighted_pitch_deg": 21.1, "max_panels_count": 73, "sunshine_hours_annual": 1654.14, "panel_capacity_wp": 400, "installed_capacity_kwp": 29.2, "google_dc_mwh": 45.54, "annual_generation_kwh": 38640.66, "annual_generation_mwh": 38.64, "carbon_offset_factor": 809.0, "ghg_reduction_tons_co2": 31.26, "path_dsm_geotiff": null, "path_rgb_geotiff": null, "path_mask_geotiff": null, "path_flux_geotiff": null, "preview_rgb_png": null, "preview_panels_png": null, "preview_segments_png": null, "preview_dsm_png": null, "preview_mask_png": null, "preview_flux_png": null, "gap_category": "Gap Sedang" }, "geometry": { "type": "Point", "coordinates": [ 106.89328, -6.233049 ] } },
{ "type": "Feature", "properties": { "asset_id": "BRT-0008", "asset_name": "Halte Simpang Rawa Barat", "category": "brt", "category_display": "Halte TransJakarta & Shelter", "city_regency": "Jakarta Selatan", "postal_code": "12180", "source_raw_file": "transjakarta_stations.csv", "raw_lat": -6.238408, "raw_lon": 106.81489, "google_building_id": "buildings/ChIJ55UpfmDxaS4R5zCgMJy9zDs", "google_maps_url": "https://www.google.com/maps/search/?api=1&query=-6.238234,106.814887", "google_center_lat": -6.2382341, "google_center_lon": 106.8148874, "spatial_drift_meters": 19.34, "drift_status": "VALID (< 30m)", "imagery_date": "2024-10-26", "quality_tier": "BASE", "whole_roof_area_m2": 69.53, "max_roof_area_m2": 49.09, "roof_suitability_ratio_pct": 70.6, "building_footprint_m2": 83.21, "roof_coverage_ratio_pct": 83.6, "gap_unsegmented_pct": 16.4, "gap_unsegmented_m2": 13.68, "gap_unpanelled_m2": 20.45, "total_gap_m2": 34.12, "total_segments_count": 1, "pitch_range": "3.4° – 3.4°", "weighted_pitch_deg": 3.4, "max_panels_count": 25, "sunshine_hours_annual": 1482.13, "panel_capacity_wp": 400, "installed_capacity_kwp": 10.0, "google_dc_mwh": 14.03, "annual_generation_kwh": 11857.02, "annual_generation_mwh": 11.86, "carbon_offset_factor": 809.0, "ghg_reduction_tons_co2": 9.59, "path_dsm_geotiff": null, "path_rgb_geotiff": null, "path_mask_geotiff": null, "path_flux_geotiff": null, "preview_rgb_png": null, "preview_panels_png": null, "preview_segments_png": null, "preview_dsm_png": null, "preview_mask_png": null, "preview_flux_png": null, "gap_category": "Gap Sedikit" }, "geometry": { "type": "Point", "coordinates": [ 106.81489, -6.238408 ] } },
{ "type": "Feature", "properties": { "asset_id": "BRT-0009", "asset_name": "Halte Simpang Rawa Belong 2 KH Taisir", "category": "brt", "category_display": "Halte TransJakarta & Shelter", "city_regency": "Jakarta Barat", "postal_code": "11480", "source_raw_file": "transjakarta_stations.csv", "raw_lat": -6.200768, "raw_lon": 106.78765, "google_building_id": "buildings/ChIJJzmU0sP2aS4RfHl8bmVfX6M", "google_maps_url": "https://www.google.com/maps/search/?api=1&query=-6.200668,106.787686", "google_center_lat": -6.2006684, "google_center_lon": 106.7876864, "spatial_drift_meters": 11.78, "drift_status": "VALID (< 30m)", "imagery_date": "2025-08-16", "quality_tier": "BASE", "whole_roof_area_m2": 254.95, "max_roof_area_m2": 174.76, "roof_suitability_ratio_pct": 68.5, "building_footprint_m2": 300.89, "roof_coverage_ratio_pct": 84.7, "gap_unsegmented_pct": 15.3, "gap_unsegmented_m2": 45.94, "gap_unpanelled_m2": 80.19, "total_gap_m2": 126.13, "total_segments_count": 5, "pitch_range": "17.8° – 28.8°", "weighted_pitch_deg": 24.6, "max_panels_count": 89, "sunshine_hours_annual": 1624.51, "panel_capacity_wp": 400, "installed_capacity_kwp": 35.6, "google_dc_mwh": 51.17, "annual_generation_kwh": 46266.05, "annual_generation_mwh": 46.27, "carbon_offset_factor": 809.0, "ghg_reduction_tons_co2": 37.43, "path_dsm_geotiff": null, "path_rgb_geotiff": null, "path_mask_geotiff": null, "path_flux_geotiff": null, "preview_rgb_png": null, "preview_panels_png": null, "preview_segments_png": null, "preview_dsm_png": null, "preview_mask_png": null, "preview_flux_png": null, "gap_category": "Gap Sedikit" }, "geometry": { "type": "Point", "coordinates": [ 106.78765, -6.200768 ] } },
{ "type": "Feature", "properties": { "asset_id": "BRT-0010", "asset_name": "Halte Flyover Kuningan", "category": "brt", "category_display": "Halte TransJakarta & Shelter", "city_regency": "Jakarta Pusat", "postal_code": "10310", "source_raw_file": "transjakarta_stations.csv", "raw_lat": -6.202761, "raw_lon": 106.82771, "google_building_id": "buildings/ChIJwaDQOxr0aS4RC5loBZjZiXg", "google_maps_url": "https://www.google.com/maps/search/?api=1&query=-6.202863,106.827631", "google_center_lat": -6.2028631, "google_center_lon": 106.8276307, "spatial_drift_meters": 14.34, "drift_status": "VALID (< 30m)", "imagery_date": "2025-08-16", "quality_tier": "BASE", "whole_roof_area_m2": 118.93, "max_roof_area_m2": 86.4, "roof_suitability_ratio_pct": 72.6, "building_footprint_m2": 179.02, "roof_coverage_ratio_pct": 66.4, "gap_unsegmented_pct": 33.6, "gap_unsegmented_m2": 60.08, "gap_unpanelled_m2": 32.54, "total_gap_m2": 92.62, "total_segments_count": 1, "pitch_range": "2.6° – 2.6°", "weighted_pitch_deg": 2.6, "max_panels_count": 44, "sunshine_hours_annual": 1635.78, "panel_capacity_wp": 400, "installed_capacity_kwp": 17.6, "google_dc_mwh": 26.19, "annual_generation_kwh": 23031.76, "annual_generation_mwh": 23.03, "carbon_offset_factor": 809.0, "ghg_reduction_tons_co2": 18.63, "path_dsm_geotiff": null, "path_rgb_geotiff": null, "path_mask_geotiff": null, "path_flux_geotiff": null, "preview_rgb_png": null, "preview_panels_png": null, "preview_segments_png": null, "preview_dsm_png": null, "preview_mask_png": null, "preview_flux_png": null, "gap_category": "Gap Besar" }, "geometry": { "type": "Point", "coordinates": [ 106.82771, -6.202761 ] } },
{ "type": "Feature", "properties": { "asset_id": "BRT-0011", "asset_name": "Halte Simpang Rawa Belong Sulaiman", "category": "brt", "category_display": "Halte TransJakarta & Shelter", "city_regency": "Jakarta Barat", "postal_code": "11540", "source_raw_file": "transjakarta_stations.csv", "raw_lat": -6.20612, "raw_lon": 106.78276, "google_building_id": "buildings/ChIJxc4OLMX2aS4Rsro6i81CIik", "google_maps_url": "https://www.google.com/maps/search/?api=1&query=-6.206208,106.782747", "google_center_lat": -6.2062079, "google_center_lon": 106.7827475, "spatial_drift_meters": 9.87, "drift_status": "VALID (< 30m)", "imagery_date": "2024-10-26", "quality_tier": "BASE", "whole_roof_area_m2": 116.7, "max_roof_area_m2": 84.43, "roof_suitability_ratio_pct": 72.3, "building_footprint_m2": 136.33, "roof_coverage_ratio_pct": 85.6, "gap_unsegmented_pct": 14.4, "gap_unsegmented_m2": 19.63, "gap_unpanelled_m2": 32.27, "total_gap_m2": 51.9, "total_segments_count": 2, "pitch_range": "19.0° – 20.9°", "weighted_pitch_deg": 19.9, "max_panels_count": 43, "sunshine_hours_annual": 1611.14, "panel_capacity_wp": 400, "installed_capacity_kwp": 17.2, "google_dc_mwh": 26.05, "annual_generation_kwh": 22169.22, "annual_generation_mwh": 22.17, "carbon_offset_factor": 809.0, "ghg_reduction_tons_co2": 17.93, "path_dsm_geotiff": null, "path_rgb_geotiff": null, "path_mask_geotiff": null, "path_flux_geotiff": null, "preview_rgb_png": null, "preview_panels_png": null, "preview_segments_png": null, "preview_dsm_png": null, "preview_mask_png": null, "preview_flux_png": null, "gap_category": "Gap Sedikit" }, "geometry": { "type": "Point", "coordinates": [ 106.78276, -6.20612 ] } },
{ "type": "Feature", "properties": { "asset_id": "BRT-0012", "asset_name": "Halte Simpang Rawa Buaya Bojong Raya", "category": "brt", "category_display": "Halte TransJakarta & Shelter", "city_regency": "Kota Tangerang", "postal_code": "11740", "source_raw_file": "transjakarta_stations.csv", "raw_lat": -6.159465, "raw_lon": 106.72952, "google_building_id": "buildings/ChIJEWI8qoz3aS4R7sQoDCqfto0", "google_maps_url": "https://www.google.com/maps/search/?api=1&query=-6.159381,106.729425", "google_center_lat": -6.1593806, "google_center_lon": 106.729425, "spatial_drift_meters": 14.08, "drift_status": "VALID (< 30m)", "imagery_date": "2024-09-19", "quality_tier": "BASE", "whole_roof_area_m2": 29.76, "max_roof_area_m2": 19.64, "roof_suitability_ratio_pct": 66.0, "building_footprint_m2": 29.76, "roof_coverage_ratio_pct": 100.0, "gap_unsegmented_pct": 0.0, "gap_unsegmented_m2": 0.0, "gap_unpanelled_m2": 10.12, "total_gap_m2": 10.12, "total_segments_count": 1, "pitch_range": "5.7° – 5.7°", "weighted_pitch_deg": 5.7, "max_panels_count": 10, "sunshine_hours_annual": 1615.52, "panel_capacity_wp": 400, "installed_capacity_kwp": 4.0, "google_dc_mwh": 6.11, "annual_generation_kwh": 5169.66, "annual_generation_mwh": 5.17, "carbon_offset_factor": 809.0, "ghg_reduction_tons_co2": 4.18, "path_dsm_geotiff": null, "path_rgb_geotiff": null, "path_mask_geotiff": null, "path_flux_geotiff": null, "preview_rgb_png": null, "preview_panels_png": null, "preview_segments_png": null, "preview_dsm_png": null, "preview_mask_png": null, "preview_flux_png": null, "gap_category": "Gap Sedikit" }, "geometry": { "type": "Point", "coordinates": [ 106.72952, -6.159465 ] } },
{ "type": "Feature", "properties": { "asset_id": "BRT-0013", "asset_name": "Halte Simpang Rawa Kepa Utama", "category": "brt", "category_display": "Halte TransJakarta & Shelter", "city_regency": "Jakarta Barat", "postal_code": "11440", "source_raw_file": "transjakarta_stations.csv", "raw_lat": -6.169911, "raw_lon": 106.80177, "google_building_id": "buildings/ChIJ-5yASWT2aS4RhHirsMQiFpI", "google_maps_url": "https://www.google.com/maps/search/?api=1&query=-6.169829,106.801776", "google_center_lat": -6.1698286, "google_center_lon": 106.8017758, "spatial_drift_meters": 9.18, "drift_status": "VALID (< 30m)", "imagery_date": "2025-07-26", "quality_tier": "BASE", "whole_roof_area_m2": 52.06, "max_roof_area_m2": 31.42, "roof_suitability_ratio_pct": 60.3, "building_footprint_m2": 60.15, "roof_coverage_ratio_pct": 86.6, "gap_unsegmented_pct": 13.4, "gap_unsegmented_m2": 8.09, "gap_unpanelled_m2": 20.64, "total_gap_m2": 28.73, "total_segments_count": 1, "pitch_range": "8.3° – 8.3°", "weighted_pitch_deg": 8.3, "max_panels_count": 16, "sunshine_hours_annual": 1509.75, "panel_capacity_wp": 400, "installed_capacity_kwp": 6.4, "google_dc_mwh": 8.87, "annual_generation_kwh": 7729.94, "annual_generation_mwh": 7.73, "carbon_offset_factor": 809.0, "ghg_reduction_tons_co2": 6.25, "path_dsm_geotiff": null, "path_rgb_geotiff": null, "path_mask_geotiff": null, "path_flux_geotiff": null, "preview_rgb_png": null, "preview_panels_png": null, "preview_segments_png": null, "preview_dsm_png": null, "preview_mask_png": null, "preview_flux_png": null, "gap_category": "Gap Sedikit" }, "geometry": { "type": "Point", "coordinates": [ 106.80177, -6.169911 ] } },
{ "type": "Feature", "properties": { "asset_id": "BRT-0014", "asset_name": "Halte Simpang Rawa Kompeni Raya Prancis", "category": "brt", "category_display": "Halte TransJakarta & Shelter", "city_regency": "Kota Tangerang", "postal_code": "15125", "source_raw_file": "transjakarta_stations.csv", "raw_lat": -6.109565, "raw_lon": 106.68406, "google_building_id": "buildings/ChIJ9ZwQdvoCai4Ryf3P0-cNaqc", "google_maps_url": "https://www.google.com/maps/search/?api=1&query=-6.109436,106.684095", "google_center_lat": -6.109436, "google_center_lon": 106.6840951, "spatial_drift_meters": 14.86, "drift_status": "VALID (< 30m)", "imagery_date": "2024-09-19", "quality_tier": "BASE", "whole_roof_area_m2": 153.76, "max_roof_area_m2": 113.89, "roof_suitability_ratio_pct": 74.1, "building_footprint_m2": 179.29, "roof_coverage_ratio_pct": 85.8, "gap_unsegmented_pct": 14.2, "gap_unsegmented_m2": 25.53, "gap_unpanelled_m2": 39.87, "total_gap_m2": 65.41, "total_segments_count": 3, "pitch_range": "1.5° – 10.2°", "weighted_pitch_deg": 6.6, "max_panels_count": 58, "sunshine_hours_annual": 1734.91, "panel_capacity_wp": 400, "installed_capacity_kwp": 23.2, "google_dc_mwh": 39.55, "annual_generation_kwh": 32199.96, "annual_generation_mwh": 32.2, "carbon_offset_factor": 809.0, "ghg_reduction_tons_co2": 26.05, "path_dsm_geotiff": null, "path_rgb_geotiff": null, "path_mask_geotiff": null, "path_flux_geotiff": null, "preview_rgb_png": null, "preview_panels_png": null, "preview_segments_png": null, "preview_dsm_png": null, "preview_mask_png": null, "preview_flux_png": null, "gap_category": "Gap Sedikit" }, "geometry": { "type": "Point", "coordinates": [ 106.68406, -6.109565 ] } },
{ "type": "Feature", "properties": { "asset_id": "BRT-0015", "asset_name": "Halte Simpang Darmawangsa XI Prapanca", "category": "brt", "category_display": "Halte TransJakarta & Shelter", "city_regency": "Jakarta Selatan", "postal_code": "12160", "source_raw_file": "transjakarta_stations.csv", "raw_lat": -6.256381, "raw_lon": 106.80051, "google_building_id": "buildings/ChIJG2LugHbxaS4Ri_3qsP39fHI", "google_maps_url": "https://www.google.com/maps/search/?api=1&query=-6.256341,106.800396", "google_center_lat": -6.2563413, "google_center_lon": 106.8003958, "spatial_drift_meters": 13.37, "drift_status": "VALID (< 30m)", "imagery_date": "2025-08-16", "quality_tier": "BASE", "whole_roof_area_m2": 217.33, "max_roof_area_m2": 166.9, "roof_suitability_ratio_pct": 76.8, "building_footprint_m2": 246.43, "roof_coverage_ratio_pct": 88.2, "gap_unsegmented_pct": 11.8, "gap_unsegmented_m2": 29.1, "gap_unpanelled_m2": 50.43, "total_gap_m2": 79.53, "total_segments_count": 3, "pitch_range": "6.9° – 19.4°", "weighted_pitch_deg": 12.3, "max_panels_count": 85, "sunshine_hours_annual": 1619.92, "panel_capacity_wp": 400, "installed_capacity_kwp": 34.0, "google_dc_mwh": 53.03, "annual_generation_kwh": 44061.83, "annual_generation_mwh": 44.06, "carbon_offset_factor": 809.0, "ghg_reduction_tons_co2": 35.65, "path_dsm_geotiff": null, "path_rgb_geotiff": null, "path_mask_geotiff": null, "path_flux_geotiff": null, "preview_rgb_png": null, "preview_panels_png": null, "preview_segments_png": null, "preview_dsm_png": null, "preview_mask_png": null, "preview_flux_png": null, "gap_category": "Gap Sedikit" }, "geometry": { "type": "Point", "coordinates": [ 106.80051, -6.256381 ] } },
{ "type": "Feature", "properties": { "asset_id": "BRT-0016", "asset_name": "Halte Simpang Rawasari Ahmad Yani", "category": "brt", "category_display": "Halte TransJakarta & Shelter", "city_regency": "Jakarta Timur", "postal_code": "10570", "source_raw_file": "transjakarta_stations.csv", "raw_lat": -6.187726, "raw_lon": 106.87473, "google_building_id": "buildings/ChIJmVcwTfD0aS4RqL8ombKPybs", "google_maps_url": "https://www.google.com/maps/search/?api=1&query=-6.187500,106.874740", "google_center_lat": -6.1874997, "google_center_lon": 106.8747402, "spatial_drift_meters": 25.19, "drift_status": "VALID (< 30m)", "imagery_date": "2025-08-16", "quality_tier": "BASE", "whole_roof_area_m2": 202.21, "max_roof_area_m2": 123.7, "roof_suitability_ratio_pct": 61.2, "building_footprint_m2": 315.74, "roof_coverage_ratio_pct": 64.0, "gap_unsegmented_pct": 36.0, "gap_unsegmented_m2": 113.53, "gap_unpanelled_m2": 78.5, "total_gap_m2": 192.04, "total_segments_count": 6, "pitch_range": "22.7° – 29.4°", "weighted_pitch_deg": 26.8, "max_panels_count": 63, "sunshine_hours_annual": 1630.58, "panel_capacity_wp": 400, "installed_capacity_kwp": 25.2, "google_dc_mwh": 38.09, "annual_generation_kwh": 32872.55, "annual_generation_mwh": 32.87, "carbon_offset_factor": 809.0, "ghg_reduction_tons_co2": 26.59, "path_dsm_geotiff": null, "path_rgb_geotiff": null, "path_mask_geotiff": null, "path_flux_geotiff": null, "preview_rgb_png": null, "preview_panels_png": null, "preview_segments_png": null, "preview_dsm_png": null, "preview_mask_png": null, "preview_flux_png": null, "gap_category": "Gap Besar" }, "geometry": { "type": "Point", "coordinates": [ 106.87473, -6.187726 ] } },
{ "type": "Feature", "properties": { "asset_id": "BRT-0017", "asset_name": "Halte Simpang Raya Bogor Cililitan", "category": "brt", "category_display": "Halte TransJakarta & Shelter", "city_regency": "Jakarta Timur", "postal_code": "13510", "source_raw_file": "transjakarta_stations.csv", "raw_lat": -6.264191, "raw_lon": 106.86585, "google_building_id": "buildings/ChIJNzJdifjyaS4R4VL8OkN6ZNA", "google_maps_url": "https://www.google.com/maps/search/?api=1&query=-6.264224,106.866061", "google_center_lat": -6.2642241, "google_center_lon": 106.8660608, "spatial_drift_meters": 23.59, "drift_status": "VALID (< 30m)", "imagery_date": "2025-08-16", "quality_tier": "BASE", "whole_roof_area_m2": 242.93, "max_roof_area_m2": 155.12, "roof_suitability_ratio_pct": 63.9, "building_footprint_m2": 295.62, "roof_coverage_ratio_pct": 82.2, "gap_unsegmented_pct": 17.8, "gap_unsegmented_m2": 52.69, "gap_unpanelled_m2": 87.81, "total_gap_m2": 140.5, "total_segments_count": 5, "pitch_range": "4.1° – 34.4°", "weighted_pitch_deg": 15.2, "max_panels_count": 79, "sunshine_hours_annual": 1612.6, "panel_capacity_wp": 400, "installed_capacity_kwp": 31.6, "google_dc_mwh": 48.08, "annual_generation_kwh": 40766.42, "annual_generation_mwh": 40.77, "carbon_offset_factor": 809.0, "ghg_reduction_tons_co2": 32.98, "path_dsm_geotiff": null, "path_rgb_geotiff": null, "path_mask_geotiff": null, "path_flux_geotiff": null, "preview_rgb_png": null, "preview_panels_png": null, "preview_segments_png": null, "preview_dsm_png": null, "preview_mask_png": null, "preview_flux_png": null, "gap_category": "Gap Sedikit" }, "geometry": { "type": "Point", "coordinates": [ 106.86585, -6.264191 ] } },
{ "type": "Feature", "properties": { "asset_id": "BRT-0018", "asset_name": "Halte Simpang Raya Bogor Suci", "category": "brt", "category_display": "Halte TransJakarta & Shelter", "city_regency": "Jakarta Timur", "postal_code": "13750", "source_raw_file": "transjakarta_stations.csv", "raw_lat": -6.318777, "raw_lon": 106.86512, "google_building_id": "buildings/ChIJO6p4qArtaS4RHkfB8EuwQSs", "google_maps_url": "https://www.google.com/maps/search/?api=1&query=-6.318820,106.865190", "google_center_lat": -6.3188199, "google_center_lon": 106.8651902, "spatial_drift_meters": 9.11, "drift_status": "VALID (< 30m)", "imagery_date": "2024-02-22", "quality_tier": "BASE", "whole_roof_area_m2": 19.15, "max_roof_area_m2": 9.82, "roof_suitability_ratio_pct": 51.3, "building_footprint_m2": 22.01, "roof_coverage_ratio_pct": 87.0, "gap_unsegmented_pct": 13.0, "gap_unsegmented_m2": 2.86, "gap_unpanelled_m2": 9.33, "total_gap_m2": 12.19, "total_segments_count": 1, "pitch_range": "8.6° – 8.6°", "weighted_pitch_deg": 8.6, "max_panels_count": 5, "sunshine_hours_annual": 1554.36, "panel_capacity_wp": 400, "installed_capacity_kwp": 2.0, "google_dc_mwh": 2.99, "annual_generation_kwh": 2486.97, "annual_generation_mwh": 2.49, "carbon_offset_factor": 809.0, "ghg_reduction_tons_co2": 2.01, "path_dsm_geotiff": null, "path_rgb_geotiff": null, "path_mask_geotiff": null, "path_flux_geotiff": null, "preview_rgb_png": null, "preview_panels_png": null, "preview_segments_png": null, "preview_dsm_png": null, "preview_mask_png": null, "preview_flux_png": null, "gap_category": "Gap Sedikit" }, "geometry": { "type": "Point", "coordinates": [ 106.86512, -6.318777 ] } },
{ "type": "Feature", "properties": { "asset_id": "BRT-0019", "asset_name": "Halte Simpang Pinang I Pondok Labu", "category": "brt", "category_display": "Halte TransJakarta & Shelter", "city_regency": "Jakarta Selatan", "postal_code": "12450", "source_raw_file": "transjakarta_stations.csv", "raw_lat": -6.308702, "raw_lon": 106.795996, "google_building_id": "buildings/ChIJWZICQRjuaS4Rh997ikuXnBA", "google_maps_url": "https://www.google.com/maps/search/?api=1&query=-6.308758,106.795951", "google_center_lat": -6.3087577, "google_center_lon": 106.795951, "spatial_drift_meters": 7.94, "drift_status": "VALID (< 30m)", "imagery_date": "2024-10-26", "quality_tier": "BASE", "whole_roof_area_m2": 35.63, "max_roof_area_m2": 21.6, "roof_suitability_ratio_pct": 60.6, "building_footprint_m2": 55.22, "roof_coverage_ratio_pct": 64.5, "gap_unsegmented_pct": 35.5, "gap_unsegmented_m2": 19.59, "gap_unpanelled_m2": 14.03, "total_gap_m2": 33.62, "total_segments_count": 1, "pitch_range": "4.7° – 4.7°", "weighted_pitch_deg": 4.7, "max_panels_count": 11, "sunshine_hours_annual": 1603.11, "panel_capacity_wp": 400, "installed_capacity_kwp": 4.4, "google_dc_mwh": 6.8, "annual_generation_kwh": 5642.95, "annual_generation_mwh": 5.64, "carbon_offset_factor": 809.0, "ghg_reduction_tons_co2": 4.57, "path_dsm_geotiff": null, "path_rgb_geotiff": null, "path_mask_geotiff": null, "path_flux_geotiff": null, "preview_rgb_png": null, "preview_panels_png": null, "preview_segments_png": null, "preview_dsm_png": null, "preview_mask_png": null, "preview_flux_png": null, "gap_category": "Gap Besar" }, "geometry": { "type": "Point", "coordinates": [ 106.795996, -6.308702 ] } },
{ "type": "Feature", "properties": { "asset_id": "BRT-0020", "asset_name": "Halte Simpang Raya Ceger Bina Marga", "category": "brt", "category_display": "Halte TransJakarta & Shelter", "city_regency": "Jakarta Timur", "postal_code": "13820", "source_raw_file": "transjakarta_stations.csv", "raw_lat": -6.314974, "raw_lon": 106.89265, "google_building_id": "buildings/ChIJfwK25kDtaS4RWh1LqRhEGk0", "google_maps_url": "https://www.google.com/maps/search/?api=1&query=-6.315034,106.892767", "google_center_lat": -6.3150341, "google_center_lon": 106.8927668, "spatial_drift_meters": 14.54, "drift_status": "VALID (< 30m)", "imagery_date": "2024-07-27", "quality_tier": "BASE", "whole_roof_area_m2": 131.13, "max_roof_area_m2": 80.51, "roof_suitability_ratio_pct": 61.4, "building_footprint_m2": 157.45, "roof_coverage_ratio_pct": 83.3, "gap_unsegmented_pct": 16.7, "gap_unsegmented_m2": 26.32, "gap_unpanelled_m2": 50.63, "total_gap_m2": 76.95, "total_segments_count": 3, "pitch_range": "2.0° – 7.3°", "weighted_pitch_deg": 3.9, "max_panels_count": 41, "sunshine_hours_annual": 1637.14, "panel_capacity_wp": 400, "installed_capacity_kwp": 16.4, "google_dc_mwh": 26.08, "annual_generation_kwh": 21479.34, "annual_generation_mwh": 21.48, "carbon_offset_factor": 809.0, "ghg_reduction_tons_co2": 17.38, "path_dsm_geotiff": null, "path_rgb_geotiff": null, "path_mask_geotiff": null, "path_flux_geotiff": null, "preview_rgb_png": null, "preview_panels_png": null, "preview_segments_png": null, "preview_dsm_png": null, "preview_mask_png": null, "preview_flux_png": null, "gap_category": "Gap Sedikit" }, "geometry": { "type": "Point", "coordinates": [ 106.89265, -6.314974 ] } },
{ "type": "Feature", "properties": { "asset_id": "BRT-0021", "asset_name": "Halte Simpang Pulo Asem Utara Bada", "category": "brt", "category_display": "Halte TransJakarta & Shelter", "city_regency": "Jakarta Timur", "postal_code": "13220", "source_raw_file": "transjakarta_stations.csv", "raw_lat": -6.188953, "raw_lon": 106.89146, "google_building_id": "buildings/ChIJr4IWLcL0aS4Roic_fC914R8", "google_maps_url": "https://www.google.com/maps/search/?api=1&query=-6.189025,106.891470", "google_center_lat": -6.1890253, "google_center_lon": 106.8914699, "spatial_drift_meters": 8.11, "drift_status": "VALID (< 30m)", "imagery_date": "2025-08-16", "quality_tier": "BASE", "whole_roof_area_m2": 61.34, "max_roof_area_m2": 39.27, "roof_suitability_ratio_pct": 64.0, "building_footprint_m2": 80.37, "roof_coverage_ratio_pct": 76.3, "gap_unsegmented_pct": 23.7, "gap_unsegmented_m2": 19.03, "gap_unpanelled_m2": 22.07, "total_gap_m2": 41.1, "total_segments_count": 2, "pitch_range": "12.5° – 15.7°", "weighted_pitch_deg": 13.9, "max_panels_count": 20, "sunshine_hours_annual": 1680.03, "panel_capacity_wp": 400, "installed_capacity_kwp": 8.0, "google_dc_mwh": 12.39, "annual_generation_kwh": 10752.21, "annual_generation_mwh": 10.75, "carbon_offset_factor": 809.0, "ghg_reduction_tons_co2": 8.7, "path_dsm_geotiff": null, "path_rgb_geotiff": null, "path_mask_geotiff": null, "path_flux_geotiff": null, "preview_rgb_png": null, "preview_panels_png": null, "preview_segments_png": null, "preview_dsm_png": null, "preview_mask_png": null, "preview_flux_png": null, "gap_category": "Gap Sedang" }, "geometry": { "type": "Point", "coordinates": [ 106.89146, -6.188953 ] } },
{ "type": "Feature", "properties": { "asset_id": "BRT-0022", "asset_name": "Halte Simpang Jln. Pulo Lentut", "category": "brt", "category_display": "Halte TransJakarta & Shelter", "city_regency": "Jakarta Timur", "postal_code": "13920", "source_raw_file": "transjakarta_stations.csv", "raw_lat": -6.189456, "raw_lon": 106.910404, "google_building_id": "buildings/ChIJGwOoaMv0aS4RUKqRObhHUhE", "google_maps_url": "https://www.google.com/maps/search/?api=1&query=-6.189605,106.910455", "google_center_lat": -6.1896047, "google_center_lon": 106.9104555, "spatial_drift_meters": 17.49, "drift_status": "VALID (< 30m)", "imagery_date": "2024-10-26", "quality_tier": "BASE", "whole_roof_area_m2": 35.57, "max_roof_area_m2": 23.56, "roof_suitability_ratio_pct": 66.2, "building_footprint_m2": 38.78, "roof_coverage_ratio_pct": 91.7, "gap_unsegmented_pct": 8.3, "gap_unsegmented_m2": 3.21, "gap_unpanelled_m2": 12.01, "total_gap_m2": 15.22, "total_segments_count": 1, "pitch_range": "24.1° – 24.1°", "weighted_pitch_deg": 24.1, "max_panels_count": 12, "sunshine_hours_annual": 1681.49, "panel_capacity_wp": 400, "installed_capacity_kwp": 4.8, "google_dc_mwh": 7.27, "annual_generation_kwh": 6456.94, "annual_generation_mwh": 6.46, "carbon_offset_factor": 809.0, "ghg_reduction_tons_co2": 5.22, "path_dsm_geotiff": null, "path_rgb_geotiff": null, "path_mask_geotiff": null, "path_flux_geotiff": null, "preview_rgb_png": null, "preview_panels_png": null, "preview_segments_png": null, "preview_dsm_png": null, "preview_mask_png": null, "preview_flux_png": null, "gap_category": "Gap Sedikit" }, "geometry": { "type": "Point", "coordinates": [ 106.910404, -6.189456 ] } },
{ "type": "Feature", "properties": { "asset_id": "BRT-0023", "asset_name": "Halte Simpang Mandala Dwikora", "category": "brt", "category_display": "Halte TransJakarta & Shelter", "city_regency": "Jakarta Timur", "postal_code": "13610", "source_raw_file": "transjakarta_stations.csv", "raw_lat": -6.245022, "raw_lon": 106.8922, "google_building_id": "buildings/ChIJ_SQD0DzzaS4R7ucwoMq63lw", "google_maps_url": "https://www.google.com/maps/search/?api=1&query=-6.245086,106.892292", "google_center_lat": -6.2450863, "google_center_lon": 106.8922919, "spatial_drift_meters": 12.42, "drift_status": "VALID (< 30m)", "imagery_date": "2025-08-16", "quality_tier": "BASE", "whole_roof_area_m2": 35.22, "max_roof_area_m2": 23.56, "roof_suitability_ratio_pct": 66.9, "building_footprint_m2": 39.18, "roof_coverage_ratio_pct": 89.9, "gap_unsegmented_pct": 10.1, "gap_unsegmented_m2": 3.97, "gap_unpanelled_m2": 11.65, "total_gap_m2": 15.62, "total_segments_count": 1, "pitch_range": "11.0° – 11.0°", "weighted_pitch_deg": 11.0, "max_panels_count": 12, "sunshine_hours_annual": 1624.33, "panel_capacity_wp": 400, "installed_capacity_kwp": 4.8, "google_dc_mwh": 7.58, "annual_generation_kwh": 6237.41, "annual_generation_mwh": 6.24, "carbon_offset_factor": 809.0, "ghg_reduction_tons_co2": 5.05, "path_dsm_geotiff": null, "path_rgb_geotiff": null, "path_mask_geotiff": null, "path_flux_geotiff": null, "preview_rgb_png": null, "preview_panels_png": null, "preview_segments_png": null, "preview_dsm_png": null, "preview_mask_png": null, "preview_flux_png": null, "gap_category": "Gap Sedikit" }, "geometry": { "type": "Point", "coordinates": [ 106.8922, -6.245022 ] } },
{ "type": "Feature", "properties": { "asset_id": "BRT-0024", "asset_name": "Halte Simpang Pos Pengumben Panjang Arteri", "category": "brt", "category_display": "Halte TransJakarta & Shelter", "city_regency": "Jakarta Barat", "postal_code": "11540", "source_raw_file": "transjakarta_stations.csv", "raw_lat": -6.215786, "raw_lon": 106.77421, "google_building_id": "buildings/GhIJLSg5--vcGMARapyvMoqxWkA", "google_maps_url": "https://www.google.com/maps/search/?api=1&query=-6.215765,106.774059", "google_center_lat": -6.2157655, "google_center_lon": 106.7740589, "spatial_drift_meters": 16.86, "drift_status": "VALID (< 30m)", "imagery_date": "2024-10-26", "quality_tier": "BASE", "whole_roof_area_m2": 31.66, "max_roof_area_m2": 21.6, "roof_suitability_ratio_pct": 68.2, "building_footprint_m2": 59.21, "roof_coverage_ratio_pct": 53.5, "gap_unsegmented_pct": 46.5, "gap_unsegmented_m2": 27.56, "gap_unpanelled_m2": 10.06, "total_gap_m2": 37.61, "total_segments_count": 1, "pitch_range": "13.8° – 13.8°", "weighted_pitch_deg": 13.8, "max_panels_count": 11, "sunshine_hours_annual": 1625.97, "panel_capacity_wp": 400, "installed_capacity_kwp": 4.4, "google_dc_mwh": 6.68, "annual_generation_kwh": 5723.42, "annual_generation_mwh": 5.72, "carbon_offset_factor": 809.0, "ghg_reduction_tons_co2": 4.63, "path_dsm_geotiff": null, "path_rgb_geotiff": null, "path_mask_geotiff": null, "path_flux_geotiff": null, "preview_rgb_png": null, "preview_panels_png": null, "preview_segments_png": null, "preview_dsm_png": null, "preview_mask_png": null, "preview_flux_png": null, "gap_category": "Gap Besar" }, "geometry": { "type": "Point", "coordinates": [ 106.77421, -6.215786 ] } },
{ "type": "Feature", "properties": { "asset_id": "BRT-0025", "asset_name": "Halte Sbr. Plaza Senayan", "category": "brt", "category_display": "Halte TransJakarta & Shelter", "city_regency": "Jakarta Selatan", "postal_code": "10270", "source_raw_file": "transjakarta_stations.csv", "raw_lat": -6.224597, "raw_lon": 106.798165, "google_building_id": "buildings/GhIJxijCsyzmGMARETrPFhKzWkA", "google_maps_url": "https://www.google.com/maps/search/?api=1&query=-6.224780,106.797975", "google_center_lat": -6.2247799, "google_center_lon": 106.797975, "spatial_drift_meters": 29.24, "drift_status": "VALID (< 30m)", "imagery_date": "2025-08-16", "quality_tier": "BASE", "whole_roof_area_m2": 57.73, "max_roof_area_m2": 37.31, "roof_suitability_ratio_pct": 64.6, "building_footprint_m2": 57.73, "roof_coverage_ratio_pct": 100.0, "gap_unsegmented_pct": 0.0, "gap_unsegmented_m2": 0.0, "gap_unpanelled_m2": 20.42, "total_gap_m2": 20.42, "total_segments_count": 1, "pitch_range": "13.4° – 13.4°", "weighted_pitch_deg": 13.4, "max_panels_count": 19, "sunshine_hours_annual": 1569.81, "panel_capacity_wp": 400, "installed_capacity_kwp": 7.6, "google_dc_mwh": 11.54, "annual_generation_kwh": 9544.46, "annual_generation_mwh": 9.54, "carbon_offset_factor": 809.0, "ghg_reduction_tons_co2": 7.72, "path_dsm_geotiff": null, "path_rgb_geotiff": null, "path_mask_geotiff": null, "path_flux_geotiff": null, "preview_rgb_png": null, "preview_panels_png": null, "preview_segments_png": null, "preview_dsm_png": null, "preview_mask_png": null, "preview_flux_png": null, "gap_category": "Gap Sedikit" }, "geometry": { "type": "Point", "coordinates": [ 106.798165, -6.224597 ] } },
{ "type": "Feature", "properties": { "asset_id": "BRT-0026", "asset_name": "Halte Terminal 3", "category": "brt", "category_display": "Halte TransJakarta & Shelter", "city_regency": "Kota Tangerang", "postal_code": "15126", "source_raw_file": "transjakarta_stations.csv", "raw_lat": -6.11963, "raw_lon": 106.66687, "google_building_id": "buildings/ChIJsVdwZV0Cai4RNk3qH_5PJBA", "google_maps_url": "https://www.google.com/maps/search/?api=1&query=-6.119980,106.665713", "google_center_lat": -6.1199799, "google_center_lon": 106.6657129, "spatial_drift_meters": 133.72, "drift_status": "REVIEW (> 30m)", "imagery_date": "2025-07-26", "quality_tier": "BASE", "whole_roof_area_m2": 1276.36, "max_roof_area_m2": 1095.66, "roof_suitability_ratio_pct": 85.8, "building_footprint_m2": 1591.95, "roof_coverage_ratio_pct": 80.2, "gap_unsegmented_pct": 19.8, "gap_unsegmented_m2": 315.59, "gap_unpanelled_m2": 180.69, "total_gap_m2": 496.29, "total_segments_count": 2, "pitch_range": "20.2° – 35.8°", "weighted_pitch_deg": 25.0, "max_panels_count": 558, "sunshine_hours_annual": 1699.54, "panel_capacity_wp": 400, "installed_capacity_kwp": 223.2, "google_dc_mwh": 347.75, "annual_generation_kwh": 303470.26, "annual_generation_mwh": 303.47, "carbon_offset_factor": 809.0, "ghg_reduction_tons_co2": 245.51, "path_dsm_geotiff": null, "path_rgb_geotiff": null, "path_mask_geotiff": null, "path_flux_geotiff": null, "preview_rgb_png": null, "preview_panels_png": null, "preview_segments_png": null, "preview_dsm_png": null, "preview_mask_png": null, "preview_flux_png": null, "gap_category": "Gap Sedikit" }, "geometry": { "type": "Point", "coordinates": [ 106.66687, -6.11963 ] } },
{ "type": "Feature", "properties": { "asset_id": "BRT-0027", "asset_name": "Halte Simpang Pisangan Lama III Selatan", "category": "brt", "category_display": "Halte TransJakarta & Shelter", "city_regency": "Jakarta Timur", "postal_code": "13230", "source_raw_file": "transjakarta_stations.csv", "raw_lat": -6.213529, "raw_lon": 106.87885, "google_building_id": "buildings/ChIJtZOMGp30aS4RAwQ6ulPmRmY", "google_maps_url": "https://www.google.com/maps/search/?api=1&query=-6.213526,106.878878", "google_center_lat": -6.2135263, "google_center_lon": 106.8788779, "spatial_drift_meters": 3.1, "drift_status": "VALID (< 30m)", "imagery_date": "2025-08-16", "quality_tier": "BASE", "whole_roof_area_m2": 40.63, "max_roof_area_m2": 25.53, "roof_suitability_ratio_pct": 62.8, "building_footprint_m2": 50.72, "roof_coverage_ratio_pct": 80.1, "gap_unsegmented_pct": 19.9, "gap_unsegmented_m2": 10.09, "gap_unpanelled_m2": 15.11, "total_gap_m2": 25.19, "total_segments_count": 1, "pitch_range": "2.3° – 2.3°", "weighted_pitch_deg": 2.3, "max_panels_count": 13, "sunshine_hours_annual": 1577.45, "panel_capacity_wp": 400, "installed_capacity_kwp": 5.2, "google_dc_mwh": 7.84, "annual_generation_kwh": 6562.18, "annual_generation_mwh": 6.56, "carbon_offset_factor": 809.0, "ghg_reduction_tons_co2": 5.31, "path_dsm_geotiff": null, "path_rgb_geotiff": null, "path_mask_geotiff": null, "path_flux_geotiff": null, "preview_rgb_png": null, "preview_panels_png": null, "preview_segments_png": null, "preview_dsm_png": null, "preview_mask_png": null, "preview_flux_png": null, "gap_category": "Gap Sedikit" }, "geometry": { "type": "Point", "coordinates": [ 106.87885, -6.213529 ] } },
{ "type": "Feature", "properties": { "asset_id": "BRT-0028", "asset_name": "Halte Mall", "category": "brt", "category_display": "Halte TransJakarta & Shelter", "city_regency": "Kota Tangerang", "postal_code": "15143", "source_raw_file": "transjakarta_stations.csv", "raw_lat": -6.22232, "raw_lon": 106.65501, "google_building_id": "buildings/GhIJGkBCLxrjGMARV2QUm-epWkA", "google_maps_url": "https://www.google.com/maps/search/?api=1&query=-6.221803,106.654747", "google_center_lat": -6.2218031, "google_center_lon": 106.654747, "spatial_drift_meters": 64.41, "drift_status": "REVIEW (> 30m)", "imagery_date": "2025-07-26", "quality_tier": "BASE", "whole_roof_area_m2": 62.88, "max_roof_area_m2": 41.23, "roof_suitability_ratio_pct": 65.6, "building_footprint_m2": 84.9, "roof_coverage_ratio_pct": 74.1, "gap_unsegmented_pct": 25.9, "gap_unsegmented_m2": 22.02, "gap_unpanelled_m2": 21.65, "total_gap_m2": 43.66, "total_segments_count": 1, "pitch_range": "8.3° – 8.3°", "weighted_pitch_deg": 8.3, "max_panels_count": 21, "sunshine_hours_annual": 1606.21, "panel_capacity_wp": 400, "installed_capacity_kwp": 8.4, "google_dc_mwh": 13.2, "annual_generation_kwh": 10793.75, "annual_generation_mwh": 10.79, "carbon_offset_factor": 809.0, "ghg_reduction_tons_co2": 8.73, "path_dsm_geotiff": null, "path_rgb_geotiff": null, "path_mask_geotiff": null, "path_flux_geotiff": null, "preview_rgb_png": null, "preview_panels_png": null, "preview_segments_png": null, "preview_dsm_png": null, "preview_mask_png": null, "preview_flux_png": null, "gap_category": "Gap Sedang" }, "geometry": { "type": "Point", "coordinates": [ 106.65501, -6.22232 ] } },
{ "type": "Feature", "properties": { "asset_id": "BRT-0029", "asset_name": "Halte Simpang Pisangan Lama Selatan III", "category": "brt", "category_display": "Halte TransJakarta & Shelter", "city_regency": "Jakarta Timur", "postal_code": "13230", "source_raw_file": "transjakarta_stations.csv", "raw_lat": -6.21387, "raw_lon": 106.87884, "google_building_id": "buildings/ChIJQzHiE530aS4RpPjF664khbg", "google_maps_url": "https://www.google.com/maps/search/?api=1&query=-6.213870,106.878699", "google_center_lat": -6.2138696, "google_center_lon": 106.8786994, "spatial_drift_meters": 15.54, "drift_status": "VALID (< 30m)", "imagery_date": "2025-08-16", "quality_tier": "BASE", "whole_roof_area_m2": 325.55, "max_roof_area_m2": 251.34, "roof_suitability_ratio_pct": 77.2, "building_footprint_m2": 407.29, "roof_coverage_ratio_pct": 79.9, "gap_unsegmented_pct": 20.1, "gap_unsegmented_m2": 81.74, "gap_unpanelled_m2": 74.22, "total_gap_m2": 155.96, "total_segments_count": 6, "pitch_range": "8.1° – 14.5°", "weighted_pitch_deg": 10.8, "max_panels_count": 128, "sunshine_hours_annual": 1660.67, "panel_capacity_wp": 400, "installed_capacity_kwp": 51.2, "google_dc_mwh": 83.41, "annual_generation_kwh": 68021.15, "annual_generation_mwh": 68.02, "carbon_offset_factor": 809.0, "ghg_reduction_tons_co2": 55.03, "path_dsm_geotiff": null, "path_rgb_geotiff": null, "path_mask_geotiff": null, "path_flux_geotiff": null, "preview_rgb_png": null, "preview_panels_png": null, "preview_segments_png": null, "preview_dsm_png": null, "preview_mask_png": null, "preview_flux_png": null, "gap_category": "Gap Sedang" }, "geometry": { "type": "Point", "coordinates": [ 106.87884, -6.21387 ] } },
{ "type": "Feature", "properties": { "asset_id": "BRT-0030", "asset_name": "Halte Simpang Pisok Giring Giring", "category": "brt", "category_display": "Halte TransJakarta & Shelter", "city_regency": "Jakarta Timur", "postal_code": "14240", "source_raw_file": "transjakarta_stations.csv", "raw_lat": -6.16936, "raw_lon": 106.90739, "google_building_id": "buildings/ChIJKVE-7Cv1aS4RQscAL8pzQ0g", "google_maps_url": "https://www.google.com/maps/search/?api=1&query=-6.169494,106.907526", "google_center_lat": -6.1694937, "google_center_lon": 106.9075259, "spatial_drift_meters": 21.14, "drift_status": "VALID (< 30m)", "imagery_date": "2025-07-05", "quality_tier": "BASE", "whole_roof_area_m2": 175.05, "max_roof_area_m2": 119.78, "roof_suitability_ratio_pct": 68.4, "building_footprint_m2": 224.11, "roof_coverage_ratio_pct": 78.1, "gap_unsegmented_pct": 21.9, "gap_unsegmented_m2": 49.06, "gap_unpanelled_m2": 55.27, "total_gap_m2": 104.33, "total_segments_count": 3, "pitch_range": "11.6° – 21.2°", "weighted_pitch_deg": 16.5, "max_panels_count": 61, "sunshine_hours_annual": 1704.87, "panel_capacity_wp": 400, "installed_capacity_kwp": 24.4, "google_dc_mwh": 39.89, "annual_generation_kwh": 33279.15, "annual_generation_mwh": 33.28, "carbon_offset_factor": 809.0, "ghg_reduction_tons_co2": 26.92, "path_dsm_geotiff": null, "path_rgb_geotiff": null, "path_mask_geotiff": null, "path_flux_geotiff": null, "preview_rgb_png": null, "preview_panels_png": null, "preview_segments_png": null, "preview_dsm_png": null, "preview_mask_png": null, "preview_flux_png": null, "gap_category": "Gap Sedang" }, "geometry": { "type": "Point", "coordinates": [ 106.90739, -6.16936 ] } },
{ "type": "Feature", "properties": { "asset_id": "BRT-0031", "asset_name": "Halte Simpang Pitungan", "category": "brt", "category_display": "Halte TransJakarta & Shelter", "city_regency": "Kota Bekasi", "postal_code": "14150", "source_raw_file": "transjakarta_stations.csv", "raw_lat": -6.100212, "raw_lon": 106.9606, "google_building_id": "buildings/ChIJ1wAAHPggai4Rtp_JWq4NGFc", "google_maps_url": "https://www.google.com/maps/search/?api=1&query=-6.100302,106.960607", "google_center_lat": -6.1003022, "google_center_lon": 106.960607, "spatial_drift_meters": 10.06, "drift_status": "VALID (< 30m)", "imagery_date": "2025-07-05", "quality_tier": "BASE", "whole_roof_area_m2": 50.08, "max_roof_area_m2": 33.38, "roof_suitability_ratio_pct": 66.6, "building_footprint_m2": 56.86, "roof_coverage_ratio_pct": 88.1, "gap_unsegmented_pct": 11.9, "gap_unsegmented_m2": 6.78, "gap_unpanelled_m2": 16.7, "total_gap_m2": 23.48, "total_segments_count": 1, "pitch_range": "7.4° – 7.4°", "weighted_pitch_deg": 7.4, "max_panels_count": 17, "sunshine_hours_annual": 1728.58, "panel_capacity_wp": 400, "installed_capacity_kwp": 6.8, "google_dc_mwh": 11.56, "annual_generation_kwh": 9403.45, "annual_generation_mwh": 9.4, "carbon_offset_factor": 809.0, "ghg_reduction_tons_co2": 7.61, "path_dsm_geotiff": null, "path_rgb_geotiff": null, "path_mask_geotiff": null, "path_flux_geotiff": null, "preview_rgb_png": null, "preview_panels_png": null, "preview_segments_png": null, "preview_dsm_png": null, "preview_mask_png": null, "preview_flux_png": null, "gap_category": "Gap Sedikit" }, "geometry": { "type": "Point", "coordinates": [ 106.9606, -6.100212 ] } },
{ "type": "Feature", "properties": { "asset_id": "BRT-0032", "asset_name": "Halte Simpang PKP Raya KDW", "category": "brt", "category_display": "Halte TransJakarta & Shelter", "city_regency": "Kota Depok", "postal_code": "13730", "source_raw_file": "transjakarta_stations.csv", "raw_lat": -6.340963, "raw_lon": 106.8873, "google_building_id": "buildings/ChIJgUcv8-DsaS4RMxhVa8GDWUg", "google_maps_url": "https://www.google.com/maps/search/?api=1&query=-6.340959,106.887200", "google_center_lat": -6.3409588, "google_center_lon": 106.8871996, "spatial_drift_meters": 11.11, "drift_status": "VALID (< 30m)", "imagery_date": "2024-02-22", "quality_tier": "BASE", "whole_roof_area_m2": 15.82, "max_roof_area_m2": 7.85, "roof_suitability_ratio_pct": 49.6, "building_footprint_m2": 19.98, "roof_coverage_ratio_pct": 79.2, "gap_unsegmented_pct": 20.8, "gap_unsegmented_m2": 4.15, "gap_unpanelled_m2": 7.97, "total_gap_m2": 12.12, "total_segments_count": 1, "pitch_range": "24.8° – 24.8°", "weighted_pitch_deg": 24.8, "max_panels_count": 4, "sunshine_hours_annual": 1600.35, "panel_capacity_wp": 400, "installed_capacity_kwp": 1.6, "google_dc_mwh": 2.47, "annual_generation_kwh": 2048.45, "annual_generation_mwh": 2.05, "carbon_offset_factor": 809.0, "ghg_reduction_tons_co2": 1.66, "path_dsm_geotiff": null, "path_rgb_geotiff": null, "path_mask_geotiff": null, "path_flux_geotiff": null, "preview_rgb_png": null, "preview_panels_png": null, "preview_segments_png": null, "preview_dsm_png": null, "preview_mask_png": null, "preview_flux_png": null, "gap_category": "Gap Sedang" }, "geometry": { "type": "Point", "coordinates": [ 106.8873, -6.340963 ] } },
{ "type": "Feature", "properties": { "asset_id": "BRT-0033", "asset_name": "Halte Simpang Pluit Raya", "category": "brt", "category_display": "Halte TransJakarta & Shelter", "city_regency": "Jakarta Utara", "postal_code": "14440", "source_raw_file": "transjakarta_stations.csv", "raw_lat": -6.127123, "raw_lon": 106.80441, "google_building_id": "buildings/ChIJd2RCP_Adai4RvVqmhpxk8G8", "google_maps_url": "https://www.google.com/maps/search/?api=1&query=-6.127266,106.804260", "google_center_lat": -6.1272665, "google_center_lon": 106.8042595, "spatial_drift_meters": 23.05, "drift_status": "VALID (< 30m)", "imagery_date": "2025-07-26", "quality_tier": "BASE", "whole_roof_area_m2": 377.21, "max_roof_area_m2": 253.3, "roof_suitability_ratio_pct": 67.2, "building_footprint_m2": 471.99, "roof_coverage_ratio_pct": 79.9, "gap_unsegmented_pct": 20.1, "gap_unsegmented_m2": 94.77, "gap_unpanelled_m2": 123.91, "total_gap_m2": 218.69, "total_segments_count": 5, "pitch_range": "7.0° – 30.2°", "weighted_pitch_deg": 9.4, "max_panels_count": 129, "sunshine_hours_annual": 1622.48, "panel_capacity_wp": 400, "installed_capacity_kwp": 51.6, "google_dc_mwh": 80.89, "annual_generation_kwh": 66976.13, "annual_generation_mwh": 66.98, "carbon_offset_factor": 809.0, "ghg_reduction_tons_co2": 54.18, "path_dsm_geotiff": null, "path_rgb_geotiff": null, "path_mask_geotiff": null, "path_flux_geotiff": null, "preview_rgb_png": null, "preview_panels_png": null, "preview_segments_png": null, "preview_dsm_png": null, "preview_mask_png": null, "preview_flux_png": null, "gap_category": "Gap Sedang" }, "geometry": { "type": "Point", "coordinates": [ 106.80441, -6.127123 ] } },
{ "type": "Feature", "properties": { "asset_id": "BRT-0034", "asset_name": "Halte Simpang Poncol Raya Ciracas", "category": "brt", "category_display": "Halte TransJakarta & Shelter", "city_regency": "Kota Depok", "postal_code": "13750", "source_raw_file": "transjakarta_stations.csv", "raw_lat": -6.329862, "raw_lon": 106.86873, "google_building_id": "buildings/ChIJ5WRqRgbtaS4ReAdqifcFr6E", "google_maps_url": "https://www.google.com/maps/search/?api=1&query=-6.329817,106.868808", "google_center_lat": -6.3298167, "google_center_lon": 106.8688082, "spatial_drift_meters": 10.0, "drift_status": "VALID (< 30m)", "imagery_date": "2024-02-22", "quality_tier": "BASE", "whole_roof_area_m2": 161.06, "max_roof_area_m2": 115.85, "roof_suitability_ratio_pct": 71.9, "building_footprint_m2": 196.58, "roof_coverage_ratio_pct": 81.9, "gap_unsegmented_pct": 18.1, "gap_unsegmented_m2": 35.51, "gap_unpanelled_m2": 45.22, "total_gap_m2": 80.73, "total_segments_count": 5, "pitch_range": "0.8° – 24.8°", "weighted_pitch_deg": 13.5, "max_panels_count": 59, "sunshine_hours_annual": 1618.77, "panel_capacity_wp": 400, "installed_capacity_kwp": 23.6, "google_dc_mwh": 35.51, "annual_generation_kwh": 30562.43, "annual_generation_mwh": 30.56, "carbon_offset_factor": 809.0, "ghg_reduction_tons_co2": 24.72, "path_dsm_geotiff": null, "path_rgb_geotiff": null, "path_mask_geotiff": null, "path_flux_geotiff": null, "preview_rgb_png": null, "preview_panels_png": null, "preview_segments_png": null, "preview_dsm_png": null, "preview_mask_png": null, "preview_flux_png": null, "gap_category": "Gap Sedikit" }, "geometry": { "type": "Point", "coordinates": [ 106.86873, -6.329862 ] } },
{ "type": "Feature", "properties": { "asset_id": "BRT-0035", "asset_name": "Halte Simpang Pondok Bambu Batas 1", "category": "brt", "category_display": "Halte TransJakarta & Shelter", "city_regency": "Jakarta Timur", "postal_code": "13430", "source_raw_file": "transjakarta_stations.csv", "raw_lat": -6.241476, "raw_lon": 106.90061, "google_building_id": "buildings/ChIJqzxpCjrzaS4RTiJttdJ_wi8", "google_maps_url": "https://www.google.com/maps/search/?api=1&query=-6.241412,106.900367", "google_center_lat": -6.2414117, "google_center_lon": 106.9003669, "spatial_drift_meters": 27.81, "drift_status": "VALID (< 30m)", "imagery_date": "2025-08-16", "quality_tier": "BASE", "whole_roof_area_m2": 101.22, "max_roof_area_m2": 78.54, "roof_suitability_ratio_pct": 77.6, "building_footprint_m2": 163.57, "roof_coverage_ratio_pct": 61.9, "gap_unsegmented_pct": 38.1, "gap_unsegmented_m2": 62.35, "gap_unpanelled_m2": 22.67, "total_gap_m2": 85.03, "total_segments_count": 2, "pitch_range": "25.3° – 27.8°", "weighted_pitch_deg": 26.5, "max_panels_count": 40, "sunshine_hours_annual": 1606.22, "panel_capacity_wp": 400, "installed_capacity_kwp": 16.0, "google_dc_mwh": 23.62, "annual_generation_kwh": 20559.64, "annual_generation_mwh": 20.56, "carbon_offset_factor": 809.0, "ghg_reduction_tons_co2": 16.63, "path_dsm_geotiff": null, "path_rgb_geotiff": null, "path_mask_geotiff": null, "path_flux_geotiff": null, "preview_rgb_png": null, "preview_panels_png": null, "preview_segments_png": null, "preview_dsm_png": null, "preview_mask_png": null, "preview_flux_png": null, "gap_category": "Gap Besar" }, "geometry": { "type": "Point", "coordinates": [ 106.90061, -6.241476 ] } },
{ "type": "Feature", "properties": { "asset_id": "BRT-0036", "asset_name": "Halte Simpang Meruya Selatan Saaba", "category": "brt", "category_display": "Halte TransJakarta & Shelter", "city_regency": "Kota Tangerang", "postal_code": "11640", "source_raw_file": "transjakarta_stations.csv", "raw_lat": -6.21516, "raw_lon": 106.73771, "google_building_id": "buildings/ChIJ9zIu1E33aS4RkSbf1QOzl1A", "google_maps_url": "https://www.google.com/maps/search/?api=1&query=-6.215177,106.737878", "google_center_lat": -6.2151768, "google_center_lon": 106.7378784, "spatial_drift_meters": 18.71, "drift_status": "VALID (< 30m)", "imagery_date": "2023-08-06", "quality_tier": "BASE", "whole_roof_area_m2": 203.65, "max_roof_area_m2": 125.67, "roof_suitability_ratio_pct": 61.7, "building_footprint_m2": 220.02, "roof_coverage_ratio_pct": 92.6, "gap_unsegmented_pct": 7.4, "gap_unsegmented_m2": 16.37, "gap_unpanelled_m2": 77.98, "total_gap_m2": 94.35, "total_segments_count": 6, "pitch_range": "6.8° – 33.5°", "weighted_pitch_deg": 23.1, "max_panels_count": 64, "sunshine_hours_annual": 1648.88, "panel_capacity_wp": 400, "installed_capacity_kwp": 25.6, "google_dc_mwh": 39.26, "annual_generation_kwh": 33769.09, "annual_generation_mwh": 33.77, "carbon_offset_factor": 809.0, "ghg_reduction_tons_co2": 27.32, "path_dsm_geotiff": null, "path_rgb_geotiff": null, "path_mask_geotiff": null, "path_flux_geotiff": null, "preview_rgb_png": null, "preview_panels_png": null, "preview_segments_png": null, "preview_dsm_png": null, "preview_mask_png": null, "preview_flux_png": null, "gap_category": "Gap Sedikit" }, "geometry": { "type": "Point", "coordinates": [ 106.73771, -6.21516 ] } },
{ "type": "Feature", "properties": { "asset_id": "BRT-0037", "asset_name": "Halte Simpang Palmerah Barat Rawa Belong", "category": "brt", "category_display": "Halte TransJakarta & Shelter", "city_regency": "Jakarta Barat", "postal_code": "12210", "source_raw_file": "transjakarta_stations.csv", "raw_lat": -6.206786, "raw_lon": 106.783898, "google_building_id": "buildings/ChIJpeaNFcX2aS4RD0QqoklutB8", "google_maps_url": "https://www.google.com/maps/search/?api=1&query=-6.206885,106.783956", "google_center_lat": -6.2068846, "google_center_lon": 106.783956, "spatial_drift_meters": 12.7, "drift_status": "VALID (< 30m)", "imagery_date": "2025-08-16", "quality_tier": "BASE", "whole_roof_area_m2": 124.68, "max_roof_area_m2": 102.1, "roof_suitability_ratio_pct": 81.9, "building_footprint_m2": 203.93, "roof_coverage_ratio_pct": 61.1, "gap_unsegmented_pct": 38.9, "gap_unsegmented_m2": 79.25, "gap_unpanelled_m2": 22.57, "total_gap_m2": 101.83, "total_segments_count": 2, "pitch_range": "11.3° – 14.3°", "weighted_pitch_deg": 12.7, "max_panels_count": 52, "sunshine_hours_annual": 1614.87, "panel_capacity_wp": 400, "installed_capacity_kwp": 20.8, "google_dc_mwh": 31.88, "annual_generation_kwh": 26871.38, "annual_generation_mwh": 26.87, "carbon_offset_factor": 809.0, "ghg_reduction_tons_co2": 21.74, "path_dsm_geotiff": null, "path_rgb_geotiff": null, "path_mask_geotiff": null, "path_flux_geotiff": null, "preview_rgb_png": null, "preview_panels_png": null, "preview_segments_png": null, "preview_dsm_png": null, "preview_mask_png": null, "preview_flux_png": null, "gap_category": "Gap Besar" }, "geometry": { "type": "Point", "coordinates": [ 106.783898, -6.206786 ] } },
{ "type": "Feature", "properties": { "asset_id": "BRT-0038", "asset_name": "Halte Simpang Ps. Warakas 2", "category": "brt", "category_display": "Halte TransJakarta & Shelter", "city_regency": "Jakarta Utara", "postal_code": "14370", "source_raw_file": "transjakarta_stations.csv", "raw_lat": -6.115576, "raw_lon": 106.880037, "google_building_id": "buildings/ChIJ_SiHBscfai4R5O0V2dLzd2k", "google_maps_url": "https://www.google.com/maps/search/?api=1&query=-6.115486,106.880117", "google_center_lat": -6.1154861, "google_center_lon": 106.8801173, "spatial_drift_meters": 13.37, "drift_status": "VALID (< 30m)", "imagery_date": "2025-07-26", "quality_tier": "BASE", "whole_roof_area_m2": 50.36, "max_roof_area_m2": 27.49, "roof_suitability_ratio_pct": 54.6, "building_footprint_m2": 77.13, "roof_coverage_ratio_pct": 65.3, "gap_unsegmented_pct": 34.7, "gap_unsegmented_m2": 26.77, "gap_unpanelled_m2": 22.87, "total_gap_m2": 49.64, "total_segments_count": 2, "pitch_range": "4.3° – 6.8°", "weighted_pitch_deg": 5.2, "max_panels_count": 14, "sunshine_hours_annual": 1700.1, "panel_capacity_wp": 400, "installed_capacity_kwp": 5.6, "google_dc_mwh": 9.24, "annual_generation_kwh": 7616.44, "annual_generation_mwh": 7.62, "carbon_offset_factor": 809.0, "ghg_reduction_tons_co2": 6.16, "path_dsm_geotiff": null, "path_rgb_geotiff": null, "path_mask_geotiff": null, "path_flux_geotiff": null, "preview_rgb_png": null, "preview_panels_png": null, "preview_segments_png": null, "preview_dsm_png": null, "preview_mask_png": null, "preview_flux_png": null, "gap_category": "Gap Besar" }, "geometry": { "type": "Point", "coordinates": [ 106.880037, -6.115576 ] } },
{ "type": "Feature", "properties": { "asset_id": "BRT-0039", "asset_name": "Halte Simpang Patra Kepa", "category": "brt", "category_display": "Halte TransJakarta & Shelter", "city_regency": "Jakarta Barat", "postal_code": "11510", "source_raw_file": "transjakarta_stations.csv", "raw_lat": -6.183013, "raw_lon": 106.779963, "google_building_id": "buildings/ChIJPb8zKPr2aS4RbrOKBGIqhUA", "google_maps_url": "https://www.google.com/maps/search/?api=1&query=-6.183051,106.780024", "google_center_lat": -6.1830515, "google_center_lon": 106.7800245, "spatial_drift_meters": 8.03, "drift_status": "VALID (< 30m)", "imagery_date": "2024-10-26", "quality_tier": "BASE", "whole_roof_area_m2": 52.9, "max_roof_area_m2": 33.38, "roof_suitability_ratio_pct": 63.1, "building_footprint_m2": 74.0, "roof_coverage_ratio_pct": 71.5, "gap_unsegmented_pct": 28.5, "gap_unsegmented_m2": 21.1, "gap_unpanelled_m2": 19.52, "total_gap_m2": 40.62, "total_segments_count": 1, "pitch_range": "4.7° – 4.7°", "weighted_pitch_deg": 4.7, "max_panels_count": 17, "sunshine_hours_annual": 1629.09, "panel_capacity_wp": 400, "installed_capacity_kwp": 6.8, "google_dc_mwh": 10.89, "annual_generation_kwh": 8862.24, "annual_generation_mwh": 8.86, "carbon_offset_factor": 809.0, "ghg_reduction_tons_co2": 7.17, "path_dsm_geotiff": null, "path_rgb_geotiff": null, "path_mask_geotiff": null, "path_flux_geotiff": null, "preview_rgb_png": null, "preview_panels_png": null, "preview_segments_png": null, "preview_dsm_png": null, "preview_mask_png": null, "preview_flux_png": null, "gap_category": "Gap Sedang" }, "geometry": { "type": "Point", "coordinates": [ 106.779963, -6.183013 ] } },
{ "type": "Feature", "properties": { "asset_id": "BRT-0040", "asset_name": "Halte Simpang Pondok Bambu Batas 3", "category": "brt", "category_display": "Halte TransJakarta & Shelter", "city_regency": "Jakarta Timur", "postal_code": "13430", "source_raw_file": "transjakarta_stations.csv", "raw_lat": -6.241251, "raw_lon": 106.90098, "google_building_id": "buildings/ChIJDT0_pTDzaS4RpP7bk2QZ_1M", "google_maps_url": "https://www.google.com/maps/search/?api=1&query=-6.241055,106.901123", "google_center_lat": -6.2410546, "google_center_lon": 106.9011227, "spatial_drift_meters": 26.94, "drift_status": "VALID (< 30m)", "imagery_date": "2025-08-16", "quality_tier": "BASE", "whole_roof_area_m2": 343.15, "max_roof_area_m2": 245.44, "roof_suitability_ratio_pct": 71.5, "building_footprint_m2": 404.77, "roof_coverage_ratio_pct": 84.8, "gap_unsegmented_pct": 15.2, "gap_unsegmented_m2": 61.62, "gap_unpanelled_m2": 97.7, "total_gap_m2": 159.32, "total_segments_count": 5, "pitch_range": "3.1° – 13.3°", "weighted_pitch_deg": 5.8, "max_panels_count": 125, "sunshine_hours_annual": 1660.58, "panel_capacity_wp": 400, "installed_capacity_kwp": 50.0, "google_dc_mwh": 78.99, "annual_generation_kwh": 66423.05, "annual_generation_mwh": 66.42, "carbon_offset_factor": 809.0, "ghg_reduction_tons_co2": 53.74, "path_dsm_geotiff": null, "path_rgb_geotiff": null, "path_mask_geotiff": null, "path_flux_geotiff": null, "preview_rgb_png": null, "preview_panels_png": null, "preview_segments_png": null, "preview_dsm_png": null, "preview_mask_png": null, "preview_flux_png": null, "gap_category": "Gap Sedikit" }, "geometry": { "type": "Point", "coordinates": [ 106.90098, -6.241251 ] } },
{ "type": "Feature", "properties": { "asset_id": "BRT-0041", "asset_name": "Halte Simpang Pondok Baru Gongseng Raya", "category": "brt", "category_display": "Halte TransJakarta & Shelter", "city_regency": "Kota Depok", "postal_code": "13770", "source_raw_file": "transjakarta_stations.csv", "raw_lat": -6.326243, "raw_lon": 106.85929, "google_building_id": "buildings/ChIJwVJefqbtaS4RfHPwg3hTXLU", "google_maps_url": "https://www.google.com/maps/search/?api=1&query=-6.326213,106.859416", "google_center_lat": -6.326213, "google_center_lon": 106.859416, "spatial_drift_meters": 14.32, "drift_status": "VALID (< 30m)", "imagery_date": "2024-02-22", "quality_tier": "BASE", "whole_roof_area_m2": 128.07, "max_roof_area_m2": 82.47, "roof_suitability_ratio_pct": 64.4, "building_footprint_m2": 149.69, "roof_coverage_ratio_pct": 85.6, "gap_unsegmented_pct": 14.4, "gap_unsegmented_m2": 21.61, "gap_unpanelled_m2": 45.6, "total_gap_m2": 67.22, "total_segments_count": 3, "pitch_range": "3.0° – 14.5°", "weighted_pitch_deg": 9.6, "max_panels_count": 42, "sunshine_hours_annual": 1639.54, "panel_capacity_wp": 400, "installed_capacity_kwp": 16.8, "google_dc_mwh": 26.19, "annual_generation_kwh": 22035.45, "annual_generation_mwh": 22.04, "carbon_offset_factor": 809.0, "ghg_reduction_tons_co2": 17.83, "path_dsm_geotiff": null, "path_rgb_geotiff": null, "path_mask_geotiff": null, "path_flux_geotiff": null, "preview_rgb_png": null, "preview_panels_png": null, "preview_segments_png": null, "preview_dsm_png": null, "preview_mask_png": null, "preview_flux_png": null, "gap_category": "Gap Sedikit" }, "geometry": { "type": "Point", "coordinates": [ 106.85929, -6.326243 ] } },
{ "type": "Feature", "properties": { "asset_id": "BRT-0042", "asset_name": "Halte Simpang Raya Ceger Mabes Hankam", "category": "brt", "category_display": "Halte TransJakarta & Shelter", "city_regency": "Jakarta Timur", "postal_code": "13820", "source_raw_file": "transjakarta_stations.csv", "raw_lat": -6.306447, "raw_lon": 106.88835, "google_building_id": "buildings/ChIJnxhE92ftaS4RQc7noyL5hOQ", "google_maps_url": "https://www.google.com/maps/search/?api=1&query=-6.306511,106.888330", "google_center_lat": -6.3065106, "google_center_lon": 106.8883298, "spatial_drift_meters": 7.42, "drift_status": "VALID (< 30m)", "imagery_date": "2024-10-26", "quality_tier": "BASE", "whole_roof_area_m2": 20.53, "max_roof_area_m2": 9.82, "roof_suitability_ratio_pct": 47.8, "building_footprint_m2": 28.87, "roof_coverage_ratio_pct": 71.1, "gap_unsegmented_pct": 28.9, "gap_unsegmented_m2": 8.34, "gap_unpanelled_m2": 10.71, "total_gap_m2": 19.05, "total_segments_count": 1, "pitch_range": "7.6° – 7.6°", "weighted_pitch_deg": 7.6, "max_panels_count": 5, "sunshine_hours_annual": 1630.75, "panel_capacity_wp": 400, "installed_capacity_kwp": 2.0, "google_dc_mwh": 3.17, "annual_generation_kwh": 2609.21, "annual_generation_mwh": 2.61, "carbon_offset_factor": 809.0, "ghg_reduction_tons_co2": 2.11, "path_dsm_geotiff": null, "path_rgb_geotiff": null, "path_mask_geotiff": null, "path_flux_geotiff": null, "preview_rgb_png": null, "preview_panels_png": null, "preview_segments_png": null, "preview_dsm_png": null, "preview_mask_png": null, "preview_flux_png": null, "gap_category": "Gap Sedang" }, "geometry": { "type": "Point", "coordinates": [ 106.88835, -6.306447 ] } },
{ "type": "Feature", "properties": { "asset_id": "BRT-0043", "asset_name": "Halte Simpang Raya Cilincing Sungai Landak", "category": "brt", "category_display": "Halte TransJakarta & Shelter", "city_regency": "Jakarta Utara", "postal_code": "14120", "source_raw_file": "transjakarta_stations.csv", "raw_lat": -6.101579, "raw_lon": 106.93808, "google_building_id": "buildings/ChIJ59Q22Ecgai4RzIJ2W26zv9w", "google_maps_url": "https://www.google.com/maps/search/?api=1&query=-6.101485,106.938009", "google_center_lat": -6.1014853, "google_center_lon": 106.9380085, "spatial_drift_meters": 13.08, "drift_status": "VALID (< 30m)", "imagery_date": "2025-07-05", "quality_tier": "BASE", "whole_roof_area_m2": 214.17, "max_roof_area_m2": 145.3, "roof_suitability_ratio_pct": 67.8, "building_footprint_m2": 269.87, "roof_coverage_ratio_pct": 79.4, "gap_unsegmented_pct": 20.6, "gap_unsegmented_m2": 55.7, "gap_unpanelled_m2": 68.87, "total_gap_m2": 124.57, "total_segments_count": 3, "pitch_range": "3.4° – 8.1°", "weighted_pitch_deg": 6.1, "max_panels_count": 74, "sunshine_hours_annual": 1726.69, "panel_capacity_wp": 400, "installed_capacity_kwp": 29.6, "google_dc_mwh": 50.38, "annual_generation_kwh": 40887.99, "annual_generation_mwh": 40.89, "carbon_offset_factor": 809.0, "ghg_reduction_tons_co2": 33.08, "path_dsm_geotiff": null, "path_rgb_geotiff": null, "path_mask_geotiff": null, "path_flux_geotiff": null, "preview_rgb_png": null, "preview_panels_png": null, "preview_segments_png": null, "preview_dsm_png": null, "preview_mask_png": null, "preview_flux_png": null, "gap_category": "Gap Sedang" }, "geometry": { "type": "Point", "coordinates": [ 106.93808, -6.101579 ] } },
{ "type": "Feature", "properties": { "asset_id": "BRT-0044", "asset_name": "Halte Koja Trade Mall", "category": "brt", "category_display": "Halte TransJakarta & Shelter", "city_regency": "Jakarta Utara", "postal_code": "14260", "source_raw_file": "transjakarta_stations.csv", "raw_lat": -6.122508, "raw_lon": 106.91677, "google_building_id": "buildings/ChIJuWaiyhwgai4RVBTtrqkLR4A", "google_maps_url": "https://www.google.com/maps/search/?api=1&query=-6.122402,106.916703", "google_center_lat": -6.1224018, "google_center_lon": 106.9167028, "spatial_drift_meters": 13.95, "drift_status": "VALID (< 30m)", "imagery_date": "2025-07-05", "quality_tier": "BASE", "whole_roof_area_m2": 197.87, "max_roof_area_m2": 149.23, "roof_suitability_ratio_pct": 75.4, "building_footprint_m2": 247.41, "roof_coverage_ratio_pct": 80.0, "gap_unsegmented_pct": 20.0, "gap_unsegmented_m2": 49.54, "gap_unpanelled_m2": 48.64, "total_gap_m2": 98.18, "total_segments_count": 3, "pitch_range": "6.5° – 12.7°", "weighted_pitch_deg": 8.8, "max_panels_count": 76, "sunshine_hours_annual": 1690.32, "panel_capacity_wp": 400, "installed_capacity_kwp": 30.4, "google_dc_mwh": 49.45, "annual_generation_kwh": 41108.48, "annual_generation_mwh": 41.11, "carbon_offset_factor": 809.0, "ghg_reduction_tons_co2": 33.26, "path_dsm_geotiff": null, "path_rgb_geotiff": null, "path_mask_geotiff": null, "path_flux_geotiff": null, "preview_rgb_png": null, "preview_panels_png": null, "preview_segments_png": null, "preview_dsm_png": null, "preview_mask_png": null, "preview_flux_png": null, "gap_category": "Gap Sedikit" }, "geometry": { "type": "Point", "coordinates": [ 106.91677, -6.122508 ] } },
{ "type": "Feature", "properties": { "asset_id": "BRT-0045", "asset_name": "Halte Simpang Raya Condet Batu Ampar", "category": "brt", "category_display": "Halte TransJakarta & Shelter", "city_regency": "Jakarta Timur", "postal_code": "13520", "source_raw_file": "transjakarta_stations.csv", "raw_lat": -6.28409, "raw_lon": 106.85556, "google_building_id": "buildings/ChIJTWDct2XyaS4Rt1EY1wSGy3s", "google_maps_url": "https://www.google.com/maps/search/?api=1&query=-6.284018,106.855539", "google_center_lat": -6.2840182, "google_center_lon": 106.8555392, "spatial_drift_meters": 8.31, "drift_status": "VALID (< 30m)", "imagery_date": "2025-08-16", "quality_tier": "BASE", "whole_roof_area_m2": 95.25, "max_roof_area_m2": 62.83, "roof_suitability_ratio_pct": 66.0, "building_footprint_m2": 112.34, "roof_coverage_ratio_pct": 84.8, "gap_unsegmented_pct": 15.2, "gap_unsegmented_m2": 17.09, "gap_unpanelled_m2": 32.41, "total_gap_m2": 49.5, "total_segments_count": 3, "pitch_range": "17.7° – 23.2°", "weighted_pitch_deg": 20.9, "max_panels_count": 32, "sunshine_hours_annual": 1602.75, "panel_capacity_wp": 400, "installed_capacity_kwp": 12.8, "google_dc_mwh": 18.7, "annual_generation_kwh": 16412.19, "annual_generation_mwh": 16.41, "carbon_offset_factor": 809.0, "ghg_reduction_tons_co2": 13.28, "path_dsm_geotiff": null, "path_rgb_geotiff": null, "path_mask_geotiff": null, "path_flux_geotiff": null, "preview_rgb_png": null, "preview_panels_png": null, "preview_segments_png": null, "preview_dsm_png": null, "preview_mask_png": null, "preview_flux_png": null, "gap_category": "Gap Sedikit" }, "geometry": { "type": "Point", "coordinates": [ 106.85556, -6.28409 ] } },
{ "type": "Feature", "properties": { "asset_id": "BRT-0046", "asset_name": "Halte Terminal 2", "category": "brt", "category_display": "Halte TransJakarta & Shelter", "city_regency": "Kota Tangerang", "postal_code": "15126", "source_raw_file": "transjakarta_stations.csv", "raw_lat": -6.12259, "raw_lon": 106.65267, "google_building_id": "buildings/ChIJRfhP1GoCai4R9tnvSD4z6tg", "google_maps_url": "https://www.google.com/maps/search/?api=1&query=-6.122280,106.653171", "google_center_lat": -6.1222802, "google_center_lon": 106.6531706, "spatial_drift_meters": 65.19, "drift_status": "REVIEW (> 30m)", "imagery_date": "2025-07-26", "quality_tier": "BASE", "whole_roof_area_m2": 44838.66, "max_roof_area_m2": 30197.51, "roof_suitability_ratio_pct": 67.3, "building_footprint_m2": 58540.7, "roof_coverage_ratio_pct": 76.6, "gap_unsegmented_pct": 23.4, "gap_unsegmented_m2": 13702.05, "gap_unpanelled_m2": 14641.15, "total_gap_m2": 28343.19, "total_segments_count": 226, "pitch_range": "0.1° – 52.8°", "weighted_pitch_deg": 7.8, "max_panels_count": 15379, "sunshine_hours_annual": 1728.67, "panel_capacity_wp": 400, "installed_capacity_kwp": 6151.6, "google_dc_mwh": 10235.37, "annual_generation_kwh": 8507269.1, "annual_generation_mwh": 8507.27, "carbon_offset_factor": 809.0, "ghg_reduction_tons_co2": 6882.37, "path_dsm_geotiff": null, "path_rgb_geotiff": null, "path_mask_geotiff": null, "path_flux_geotiff": null, "preview_rgb_png": null, "preview_panels_png": null, "preview_segments_png": null, "preview_dsm_png": null, "preview_mask_png": null, "preview_flux_png": null, "gap_category": "Gap Sedang" }, "geometry": { "type": "Point", "coordinates": [ 106.65267, -6.12259 ] } },
{ "type": "Feature", "properties": { "asset_id": "BRT-0047", "asset_name": "Halte Simpang DDN Pondok Labu", "category": "brt", "category_display": "Halte TransJakarta & Shelter", "city_regency": "Jakarta Selatan", "postal_code": "12450", "source_raw_file": "transjakarta_stations.csv", "raw_lat": -6.312668, "raw_lon": 106.79687, "google_building_id": "buildings/ChIJB7ulqxfuaS4RwhK_fav7Rmw", "google_maps_url": "https://www.google.com/maps/search/?api=1&query=-6.312605,106.796905", "google_center_lat": -6.3126053, "google_center_lon": 106.796905, "spatial_drift_meters": 7.97, "drift_status": "VALID (< 30m)", "imagery_date": "2024-10-26", "quality_tier": "BASE", "whole_roof_area_m2": 258.17, "max_roof_area_m2": 190.46, "roof_suitability_ratio_pct": 73.8, "building_footprint_m2": 286.35, "roof_coverage_ratio_pct": 90.2, "gap_unsegmented_pct": 9.8, "gap_unsegmented_m2": 28.18, "gap_unpanelled_m2": 67.71, "total_gap_m2": 95.88, "total_segments_count": 4, "pitch_range": "6.4° – 24.6°", "weighted_pitch_deg": 15.6, "max_panels_count": 97, "sunshine_hours_annual": 1612.72, "panel_capacity_wp": 400, "installed_capacity_kwp": 38.8, "google_dc_mwh": 60.48, "annual_generation_kwh": 50058.85, "annual_generation_mwh": 50.06, "carbon_offset_factor": 809.0, "ghg_reduction_tons_co2": 40.5, "path_dsm_geotiff": null, "path_rgb_geotiff": null, "path_mask_geotiff": null, "path_flux_geotiff": null, "preview_rgb_png": null, "preview_panels_png": null, "preview_segments_png": null, "preview_dsm_png": null, "preview_mask_png": null, "preview_flux_png": null, "gap_category": "Gap Sedikit" }, "geometry": { "type": "Point", "coordinates": [ 106.79687, -6.312668 ] } },
{ "type": "Feature", "properties": { "asset_id": "BRT-0048", "asset_name": "Halte Stasiun Kereta Bandara", "category": "brt", "category_display": "Halte TransJakarta & Shelter", "city_regency": "Kota Tangerang", "postal_code": "15126", "source_raw_file": "transjakarta_stations.csv", "raw_lat": -6.126999, "raw_lon": 106.653183, "google_building_id": "buildings/ChIJZdFMNBMCai4RacOSuHP5HJw", "google_maps_url": "https://www.google.com/maps/search/?api=1&query=-6.127129,106.652921", "google_center_lat": -6.1271287, "google_center_lon": 106.6529208, "spatial_drift_meters": 32.38, "drift_status": "REVIEW (> 30m)", "imagery_date": "2025-07-26", "quality_tier": "BASE", "whole_roof_area_m2": 2662.51, "max_roof_area_m2": 1932.14, "roof_suitability_ratio_pct": 72.6, "building_footprint_m2": 2863.95, "roof_coverage_ratio_pct": 93.0, "gap_unsegmented_pct": 7.0, "gap_unsegmented_m2": 201.44, "gap_unpanelled_m2": 730.37, "total_gap_m2": 931.81, "total_segments_count": 33, "pitch_range": "2.3° – 24.3°", "weighted_pitch_deg": 13.2, "max_panels_count": 984, "sunshine_hours_annual": 1720.99, "panel_capacity_wp": 400, "installed_capacity_kwp": 393.6, "google_dc_mwh": 646.82, "annual_generation_kwh": 541905.84, "annual_generation_mwh": 541.91, "carbon_offset_factor": 809.0, "ghg_reduction_tons_co2": 438.4, "path_dsm_geotiff": null, "path_rgb_geotiff": null, "path_mask_geotiff": null, "path_flux_geotiff": null, "preview_rgb_png": null, "preview_panels_png": null, "preview_segments_png": null, "preview_dsm_png": null, "preview_mask_png": null, "preview_flux_png": null, "gap_category": "Gap Sedikit" }, "geometry": { "type": "Point", "coordinates": [ 106.653183, -6.126999 ] } },
{ "type": "Feature", "properties": { "asset_id": "BRT-0049", "asset_name": "Halte Simpang Demi Serong Jatibaru", "category": "brt", "category_display": "Halte TransJakarta & Shelter", "city_regency": "Jakarta Pusat", "postal_code": "10160", "source_raw_file": "transjakarta_stations.csv", "raw_lat": -6.181147, "raw_lon": 106.81714, "google_building_id": "buildings/ChIJnQ1374H2aS4RNMl6krEH79g", "google_maps_url": "https://www.google.com/maps/search/?api=1&query=-6.180974,106.817125", "google_center_lat": -6.1809738, "google_center_lon": 106.8171252, "spatial_drift_meters": 19.33, "drift_status": "VALID (< 30m)", "imagery_date": "2025-08-16", "quality_tier": "BASE", "whole_roof_area_m2": 70.09, "max_roof_area_m2": 41.23, "roof_suitability_ratio_pct": 58.8, "building_footprint_m2": 70.99, "roof_coverage_ratio_pct": 98.7, "gap_unsegmented_pct": 1.3, "gap_unsegmented_m2": 0.9, "gap_unpanelled_m2": 28.86, "total_gap_m2": 29.76, "total_segments_count": 2, "pitch_range": "19.3° – 27.1°", "weighted_pitch_deg": 23.1, "max_panels_count": 21, "sunshine_hours_annual": 1492.79, "panel_capacity_wp": 400, "installed_capacity_kwp": 8.4, "google_dc_mwh": 11.28, "annual_generation_kwh": 10031.58, "annual_generation_mwh": 10.03, "carbon_offset_factor": 809.0, "ghg_reduction_tons_co2": 8.12, "path_dsm_geotiff": null, "path_rgb_geotiff": null, "path_mask_geotiff": null, "path_flux_geotiff": null, "preview_rgb_png": null, "preview_panels_png": null, "preview_segments_png": null, "preview_dsm_png": null, "preview_mask_png": null, "preview_flux_png": null, "gap_category": "Gap Sedikit" }, "geometry": { "type": "Point", "coordinates": [ 106.81714, -6.181147 ] } },
{ "type": "Feature", "properties": { "asset_id": "BRT-0050", "asset_name": "Halte Terminal 1A", "category": "brt", "category_display": "Halte TransJakarta & Shelter", "city_regency": "Kota Tangerang", "postal_code": "15126", "source_raw_file": "transjakarta_stations.csv", "raw_lat": -6.129437, "raw_lon": 106.656463, "google_building_id": "buildings/ChIJY-IEom0Cai4R64xJAgjby0w", "google_maps_url": "https://www.google.com/maps/search/?api=1&query=-6.129481,106.656057", "google_center_lat": -6.1294809, "google_center_lon": 106.6560567, "spatial_drift_meters": 45.18, "drift_status": "REVIEW (> 30m)", "imagery_date": "2025-07-26", "quality_tier": "BASE", "whole_roof_area_m2": 67.9, "max_roof_area_m2": 39.27, "roof_suitability_ratio_pct": 57.8, "building_footprint_m2": 76.29, "roof_coverage_ratio_pct": 89.0, "gap_unsegmented_pct": 11.0, "gap_unsegmented_m2": 8.4, "gap_unpanelled_m2": 28.63, "total_gap_m2": 37.02, "total_segments_count": 2, "pitch_range": "4.3° – 8.3°", "weighted_pitch_deg": 7.0, "max_panels_count": 20, "sunshine_hours_annual": 1692.42, "panel_capacity_wp": 400, "installed_capacity_kwp": 8.0, "google_dc_mwh": 13.32, "annual_generation_kwh": 10831.49, "annual_generation_mwh": 10.83, "carbon_offset_factor": 809.0, "ghg_reduction_tons_co2": 8.76, "path_dsm_geotiff": null, "path_rgb_geotiff": null, "path_mask_geotiff": null, "path_flux_geotiff": null, "preview_rgb_png": null, "preview_panels_png": null, "preview_segments_png": null, "preview_dsm_png": null, "preview_mask_png": null, "preview_flux_png": null, "gap_category": "Gap Sedikit" }, "geometry": { "type": "Point", "coordinates": [ 106.656463, -6.129437 ] } },
{ "type": "Feature", "properties": { "asset_id": "BRT-0051", "asset_name": "Halte Simpang Semangka I", "category": "brt", "category_display": "Halte TransJakarta & Shelter", "city_regency": "Jakarta Barat", "postal_code": "11430", "source_raw_file": "transjakarta_stations.csv", "raw_lat": -6.179887, "raw_lon": 106.8059, "google_building_id": "buildings/ChIJk6DrgYj2aS4RgA-RiuahQ1s", "google_maps_url": "https://www.google.com/maps/search/?api=1&query=-6.179810,106.805920", "google_center_lat": -6.1798103, "google_center_lon": 106.8059203, "spatial_drift_meters": 8.82, "drift_status": "VALID (< 30m)", "imagery_date": "2025-08-16", "quality_tier": "BASE", "whole_roof_area_m2": 47.64, "max_roof_area_m2": 29.45, "roof_suitability_ratio_pct": 61.8, "building_footprint_m2": 66.64, "roof_coverage_ratio_pct": 71.5, "gap_unsegmented_pct": 28.5, "gap_unsegmented_m2": 19.0, "gap_unpanelled_m2": 18.18, "total_gap_m2": 37.18, "total_segments_count": 2, "pitch_range": "16.8° – 18.4°", "weighted_pitch_deg": 17.1, "max_panels_count": 15, "sunshine_hours_annual": 1510.5, "panel_capacity_wp": 400, "installed_capacity_kwp": 6.0, "google_dc_mwh": 8.89, "annual_generation_kwh": 7250.41, "annual_generation_mwh": 7.25, "carbon_offset_factor": 809.0, "ghg_reduction_tons_co2": 5.87, "path_dsm_geotiff": null, "path_rgb_geotiff": null, "path_mask_geotiff": null, "path_flux_geotiff": null, "preview_rgb_png": null, "preview_panels_png": null, "preview_segments_png": null, "preview_dsm_png": null, "preview_mask_png": null, "preview_flux_png": null, "gap_category": "Gap Sedang" }, "geometry": { "type": "Point", "coordinates": [ 106.8059, -6.179887 ] } },
{ "type": "Feature", "properties": { "asset_id": "BRT-0052", "asset_name": "Halte Simpang Semangka III", "category": "brt", "category_display": "Halte TransJakarta & Shelter", "city_regency": "Jakarta Barat", "postal_code": "11430", "source_raw_file": "transjakarta_stations.csv", "raw_lat": -6.180659, "raw_lon": 106.80608, "google_building_id": "buildings/ChIJq-zDIIb2aS4RuQmqi5JSBDU", "google_maps_url": "https://www.google.com/maps/search/?api=1&query=-6.180623,106.806159", "google_center_lat": -6.1806233, "google_center_lon": 106.8061588, "spatial_drift_meters": 9.57, "drift_status": "VALID (< 30m)", "imagery_date": "2025-08-16", "quality_tier": "BASE", "whole_roof_area_m2": 213.35, "max_roof_area_m2": 113.89, "roof_suitability_ratio_pct": 53.4, "building_footprint_m2": 251.93, "roof_coverage_ratio_pct": 84.7, "gap_unsegmented_pct": 15.3, "gap_unsegmented_m2": 38.58, "gap_unpanelled_m2": 99.46, "total_gap_m2": 138.05, "total_segments_count": 6, "pitch_range": "2.3° – 17.9°", "weighted_pitch_deg": 10.4, "max_panels_count": 58, "sunshine_hours_annual": 1639.61, "panel_capacity_wp": 400, "installed_capacity_kwp": 23.2, "google_dc_mwh": 36.7, "annual_generation_kwh": 30431.1, "annual_generation_mwh": 30.43, "carbon_offset_factor": 809.0, "ghg_reduction_tons_co2": 24.62, "path_dsm_geotiff": null, "path_rgb_geotiff": null, "path_mask_geotiff": null, "path_flux_geotiff": null, "preview_rgb_png": null, "preview_panels_png": null, "preview_segments_png": null, "preview_dsm_png": null, "preview_mask_png": null, "preview_flux_png": null, "gap_category": "Gap Sedikit" }, "geometry": { "type": "Point", "coordinates": [ 106.80608, -6.180659 ] } },
{ "type": "Feature", "properties": { "asset_id": "BRT-0053", "asset_name": "Halte Simpang Semangka Mahoni", "category": "brt", "category_display": "Halte TransJakarta & Shelter", "city_regency": "Jakarta Utara", "postal_code": "14270", "source_raw_file": "transjakarta_stations.csv", "raw_lat": -6.116007, "raw_lon": 106.91315, "google_building_id": "buildings/ChIJedRnPR4gai4RPlJL7KoipRA", "google_maps_url": "https://www.google.com/maps/search/?api=1&query=-6.116124,106.913049", "google_center_lat": -6.1161238, "google_center_lon": 106.9130492, "spatial_drift_meters": 17.11, "drift_status": "VALID (< 30m)", "imagery_date": "2025-07-05", "quality_tier": "BASE", "whole_roof_area_m2": 399.0, "max_roof_area_m2": 270.97, "roof_suitability_ratio_pct": 67.9, "building_footprint_m2": 430.33, "roof_coverage_ratio_pct": 92.7, "gap_unsegmented_pct": 7.3, "gap_unsegmented_m2": 31.33, "gap_unpanelled_m2": 128.03, "total_gap_m2": 159.35, "total_segments_count": 9, "pitch_range": "1.0° – 23.7°", "weighted_pitch_deg": 12.7, "max_panels_count": 138, "sunshine_hours_annual": 1714.36, "panel_capacity_wp": 400, "installed_capacity_kwp": 55.2, "google_dc_mwh": 90.51, "annual_generation_kwh": 75706.15, "annual_generation_mwh": 75.71, "carbon_offset_factor": 809.0, "ghg_reduction_tons_co2": 61.25, "path_dsm_geotiff": null, "path_rgb_geotiff": null, "path_mask_geotiff": null, "path_flux_geotiff": null, "preview_rgb_png": null, "preview_panels_png": null, "preview_segments_png": null, "preview_dsm_png": null, "preview_mask_png": null, "preview_flux_png": null, "gap_category": "Gap Sedikit" }, "geometry": { "type": "Point", "coordinates": [ 106.91315, -6.116007 ] } },
{ "type": "Feature", "properties": { "asset_id": "BRT-0054", "asset_name": "Halte Simpang Deplu Raya", "category": "brt", "category_display": "Halte TransJakarta & Shelter", "city_regency": "Jakarta Selatan", "postal_code": "12330", "source_raw_file": "transjakarta_stations.csv", "raw_lat": -6.27231, "raw_lon": 106.7649, "google_building_id": "buildings/ChIJh25CeE7waS4RcGzsRdqjb7A", "google_maps_url": "https://www.google.com/maps/search/?api=1&query=-6.272400,106.764714", "google_center_lat": -6.2723998, "google_center_lon": 106.7647145, "spatial_drift_meters": 22.81, "drift_status": "VALID (< 30m)", "imagery_date": "2023-08-06", "quality_tier": "BASE", "whole_roof_area_m2": 88.92, "max_roof_area_m2": 62.83, "roof_suitability_ratio_pct": 70.7, "building_footprint_m2": 146.47, "roof_coverage_ratio_pct": 60.7, "gap_unsegmented_pct": 39.3, "gap_unsegmented_m2": 57.55, "gap_unpanelled_m2": 26.09, "total_gap_m2": 83.64, "total_segments_count": 1, "pitch_range": "4.5° – 4.5°", "weighted_pitch_deg": 4.5, "max_panels_count": 32, "sunshine_hours_annual": 1623.15, "panel_capacity_wp": 400, "installed_capacity_kwp": 12.8, "google_dc_mwh": 20.51, "annual_generation_kwh": 16621.04, "annual_generation_mwh": 16.62, "carbon_offset_factor": 809.0, "ghg_reduction_tons_co2": 13.45, "path_dsm_geotiff": null, "path_rgb_geotiff": null, "path_mask_geotiff": null, "path_flux_geotiff": null, "preview_rgb_png": null, "preview_panels_png": null, "preview_segments_png": null, "preview_dsm_png": null, "preview_mask_png": null, "preview_flux_png": null, "gap_category": "Gap Besar" }, "geometry": { "type": "Point", "coordinates": [ 106.7649, -6.27231 ] } },
{ "type": "Feature", "properties": { "asset_id": "BRT-0055", "asset_name": "Halte Simpang Betet Camar 2", "category": "brt", "category_display": "Halte TransJakarta & Shelter", "city_regency": "Jakarta Utara", "postal_code": "14130", "source_raw_file": "transjakarta_stations.csv", "raw_lat": -6.115382, "raw_lon": 106.92322, "google_building_id": "buildings/ChIJ_9-txRkgai4RRlhNC2fBHb8", "google_maps_url": "https://www.google.com/maps/search/?api=1&query=-6.115353,106.923092", "google_center_lat": -6.1153529, "google_center_lon": 106.9230919, "spatial_drift_meters": 14.53, "drift_status": "VALID (< 30m)", "imagery_date": "2025-07-05", "quality_tier": "BASE", "whole_roof_area_m2": 112.73, "max_roof_area_m2": 74.62, "roof_suitability_ratio_pct": 66.2, "building_footprint_m2": 148.69, "roof_coverage_ratio_pct": 75.8, "gap_unsegmented_pct": 24.2, "gap_unsegmented_m2": 35.95, "gap_unpanelled_m2": 38.12, "total_gap_m2": 74.07, "total_segments_count": 2, "pitch_range": "5.1° – 17.9°", "weighted_pitch_deg": 8.1, "max_panels_count": 38, "sunshine_hours_annual": 1703.27, "panel_capacity_wp": 400, "installed_capacity_kwp": 15.2, "google_dc_mwh": 24.75, "annual_generation_kwh": 20711.71, "annual_generation_mwh": 20.71, "carbon_offset_factor": 809.0, "ghg_reduction_tons_co2": 16.76, "path_dsm_geotiff": null, "path_rgb_geotiff": null, "path_mask_geotiff": null, "path_flux_geotiff": null, "preview_rgb_png": null, "preview_panels_png": null, "preview_segments_png": null, "preview_dsm_png": null, "preview_mask_png": null, "preview_flux_png": null, "gap_category": "Gap Sedang" }, "geometry": { "type": "Point", "coordinates": [ 106.92322, -6.115382 ] } },
{ "type": "Feature", "properties": { "asset_id": "BRT-0056", "asset_name": "Halte Simpang Seroja Cempaka", "category": "brt", "category_display": "Halte TransJakarta & Shelter", "city_regency": "Jakarta Barat", "postal_code": "11430", "source_raw_file": "transjakarta_stations.csv", "raw_lat": -6.181809, "raw_lon": 106.7991, "google_building_id": "buildings/ChIJu_P77Yv2aS4RXx6m5nMs3tA", "google_maps_url": "https://www.google.com/maps/search/?api=1&query=-6.181687,106.799002", "google_center_lat": -6.1816874, "google_center_lon": 106.7990016, "spatial_drift_meters": 17.35, "drift_status": "VALID (< 30m)", "imagery_date": "2025-08-16", "quality_tier": "BASE", "whole_roof_area_m2": 289.83, "max_roof_area_m2": 200.28, "roof_suitability_ratio_pct": 69.1, "building_footprint_m2": 369.28, "roof_coverage_ratio_pct": 78.5, "gap_unsegmented_pct": 21.5, "gap_unsegmented_m2": 79.45, "gap_unpanelled_m2": 89.55, "total_gap_m2": 169.0, "total_segments_count": 8, "pitch_range": "0.9° – 26.6°", "weighted_pitch_deg": 21.2, "max_panels_count": 102, "sunshine_hours_annual": 1631.34, "panel_capacity_wp": 400, "installed_capacity_kwp": 40.8, "google_dc_mwh": 60.68, "annual_generation_kwh": 53246.93, "annual_generation_mwh": 53.25, "carbon_offset_factor": 809.0, "ghg_reduction_tons_co2": 43.08, "path_dsm_geotiff": null, "path_rgb_geotiff": null, "path_mask_geotiff": null, "path_flux_geotiff": null, "preview_rgb_png": null, "preview_panels_png": null, "preview_segments_png": null, "preview_dsm_png": null, "preview_mask_png": null, "preview_flux_png": null, "gap_category": "Gap Sedang" }, "geometry": { "type": "Point", "coordinates": [ 106.7991, -6.181809 ] } },
{ "type": "Feature", "properties": { "asset_id": "BRT-0058", "asset_name": "Halte Simpang Seruling Musik Raya", "category": "brt", "category_display": "Halte TransJakarta & Shelter", "city_regency": "Jakarta Timur", "postal_code": "14240", "source_raw_file": "transjakarta_stations.csv", "raw_lat": -6.17436, "raw_lon": 106.9095, "google_building_id": "buildings/ChIJg0PidtX0aS4RBfHlLrjsXic", "google_maps_url": "https://www.google.com/maps/search/?api=1&query=-6.174481,106.909540", "google_center_lat": -6.1744809, "google_center_lon": 106.9095403, "spatial_drift_meters": 14.16, "drift_status": "VALID (< 30m)", "imagery_date": "2025-07-05", "quality_tier": "BASE", "whole_roof_area_m2": 391.95, "max_roof_area_m2": 284.72, "roof_suitability_ratio_pct": 72.6, "building_footprint_m2": 544.75, "roof_coverage_ratio_pct": 72.0, "gap_unsegmented_pct": 28.0, "gap_unsegmented_m2": 152.8, "gap_unpanelled_m2": 107.24, "total_gap_m2": 260.03, "total_segments_count": 6, "pitch_range": "4.4° – 24.1°", "weighted_pitch_deg": 14.3, "max_panels_count": 145, "sunshine_hours_annual": 1701.16, "panel_capacity_wp": 400, "installed_capacity_kwp": 58.0, "google_dc_mwh": 92.99, "annual_generation_kwh": 78934.05, "annual_generation_mwh": 78.93, "carbon_offset_factor": 809.0, "ghg_reduction_tons_co2": 63.86, "path_dsm_geotiff": null, "path_rgb_geotiff": null, "path_mask_geotiff": null, "path_flux_geotiff": null, "preview_rgb_png": null, "preview_panels_png": null, "preview_segments_png": null, "preview_dsm_png": null, "preview_mask_png": null, "preview_flux_png": null, "gap_category": "Gap Sedang" }, "geometry": { "type": "Point", "coordinates": [ 106.9095, -6.17436 ] } },
{ "type": "Feature", "properties": { "asset_id": "BRT-0059", "asset_name": "Halte Simpang Sinar Lagoa", "category": "brt", "category_display": "Halte TransJakarta & Shelter", "city_regency": "Jakarta Utara", "postal_code": "14270", "source_raw_file": "transjakarta_stations.csv", "raw_lat": -6.108986, "raw_lon": 106.90781, "google_building_id": "buildings/ChIJHzv_vYsfai4Rl23r8KbYJFg", "google_maps_url": "https://www.google.com/maps/search/?api=1&query=-6.109001,106.907824", "google_center_lat": -6.1090007, "google_center_lon": 106.9078237, "spatial_drift_meters": 2.23, "drift_status": "VALID (< 30m)", "imagery_date": "2025-07-05", "quality_tier": "BASE", "whole_roof_area_m2": 85.63, "max_roof_area_m2": 62.83, "roof_suitability_ratio_pct": 73.4, "building_footprint_m2": 113.69, "roof_coverage_ratio_pct": 75.3, "gap_unsegmented_pct": 24.7, "gap_unsegmented_m2": 28.06, "gap_unpanelled_m2": 22.79, "total_gap_m2": 50.85, "total_segments_count": 2, "pitch_range": "5.1° – 16.8°", "weighted_pitch_deg": 10.3, "max_panels_count": 32, "sunshine_hours_annual": 1708.08, "panel_capacity_wp": 400, "installed_capacity_kwp": 12.8, "google_dc_mwh": 21.53, "annual_generation_kwh": 17490.72, "annual_generation_mwh": 17.49, "carbon_offset_factor": 809.0, "ghg_reduction_tons_co2": 14.15, "path_dsm_geotiff": null, "path_rgb_geotiff": null, "path_mask_geotiff": null, "path_flux_geotiff": null, "preview_rgb_png": null, "preview_panels_png": null, "preview_segments_png": null, "preview_dsm_png": null, "preview_mask_png": null, "preview_flux_png": null, "gap_category": "Gap Sedang" }, "geometry": { "type": "Point", "coordinates": [ 106.90781, -6.108986 ] } },
{ "type": "Feature", "properties": { "asset_id": "BRT-0060", "asset_name": "Halte Simpang Jln. Fajar Baru Utara", "category": "brt", "category_display": "Halte TransJakarta & Shelter", "city_regency": "Kota Tangerang", "postal_code": "11730", "source_raw_file": "transjakarta_stations.csv", "raw_lat": -6.14669, "raw_lon": 106.73446, "google_building_id": "buildings/ChIJgTZ82vr3aS4R7aUQ2e0oDfo", "google_maps_url": "https://www.google.com/maps/search/?api=1&query=-6.146666,106.734507", "google_center_lat": -6.1466662, "google_center_lon": 106.7345073, "spatial_drift_meters": 5.86, "drift_status": "VALID (< 30m)", "imagery_date": "2024-09-19", "quality_tier": "BASE", "whole_roof_area_m2": 46.09, "max_roof_area_m2": 33.38, "roof_suitability_ratio_pct": 72.4, "building_footprint_m2": 61.61, "roof_coverage_ratio_pct": 74.8, "gap_unsegmented_pct": 25.2, "gap_unsegmented_m2": 15.52, "gap_unpanelled_m2": 12.71, "total_gap_m2": 28.23, "total_segments_count": 1, "pitch_range": "5.2° – 5.2°", "weighted_pitch_deg": 5.2, "max_panels_count": 17, "sunshine_hours_annual": 1677.63, "panel_capacity_wp": 400, "installed_capacity_kwp": 6.8, "google_dc_mwh": 11.19, "annual_generation_kwh": 9126.29, "annual_generation_mwh": 9.13, "carbon_offset_factor": 809.0, "ghg_reduction_tons_co2": 7.38, "path_dsm_geotiff": null, "path_rgb_geotiff": null, "path_mask_geotiff": null, "path_flux_geotiff": null, "preview_rgb_png": null, "preview_panels_png": null, "preview_segments_png": null, "preview_dsm_png": null, "preview_mask_png": null, "preview_flux_png": null, "gap_category": "Gap Sedang" }, "geometry": { "type": "Point", "coordinates": [ 106.73446, -6.14669 ] } },
{ "type": "Feature", "properties": { "asset_id": "BRT-0061", "asset_name": "Halte Simpang SMKN 35", "category": "brt", "category_display": "Halte TransJakarta & Shelter", "city_regency": "Jakarta Pusat", "postal_code": "10140", "source_raw_file": "transjakarta_stations.csv", "raw_lat": -6.161102, "raw_lon": 106.81006, "google_building_id": "buildings/GhIJW5FJEx2lGMAR-bdgGdezWkA", "google_maps_url": "https://www.google.com/maps/search/?api=1&query=-6.161247,106.810007", "google_center_lat": -6.1612471, "google_center_lon": 106.8100068, "spatial_drift_meters": 17.17, "drift_status": "VALID (< 30m)", "imagery_date": "2025-07-26", "quality_tier": "BASE", "whole_roof_area_m2": 29.88, "max_roof_area_m2": 7.85, "roof_suitability_ratio_pct": 26.3, "building_footprint_m2": 29.88, "roof_coverage_ratio_pct": 100.0, "gap_unsegmented_pct": 0.0, "gap_unsegmented_m2": 0.0, "gap_unpanelled_m2": 22.03, "total_gap_m2": 22.03, "total_segments_count": 2, "pitch_range": "12.6° – 23.9°", "weighted_pitch_deg": 16.2, "max_panels_count": 4, "sunshine_hours_annual": 1432.59, "panel_capacity_wp": 400, "installed_capacity_kwp": 1.6, "google_dc_mwh": 2.24, "annual_generation_kwh": 1833.71, "annual_generation_mwh": 1.83, "carbon_offset_factor": 809.0, "ghg_reduction_tons_co2": 1.48, "path_dsm_geotiff": null, "path_rgb_geotiff": null, "path_mask_geotiff": null, "path_flux_geotiff": null, "preview_rgb_png": null, "preview_panels_png": null, "preview_segments_png": null, "preview_dsm_png": null, "preview_mask_png": null, "preview_flux_png": null, "gap_category": "Gap Sedikit" }, "geometry": { "type": "Point", "coordinates": [ 106.81006, -6.161102 ] } },
{ "type": "Feature", "properties": { "asset_id": "BRT-0062", "asset_name": "Halte Simpang Squadron", "category": "brt", "category_display": "Halte TransJakarta & Shelter", "city_regency": "Jakarta Timur", "postal_code": "13570", "source_raw_file": "transjakarta_stations.csv", "raw_lat": -6.267009, "raw_lon": 106.87725, "google_building_id": "buildings/ChIJ54Pa--_yaS4RGTzQ10_ilRo", "google_maps_url": "https://www.google.com/maps/search/?api=1&query=-6.266970,106.877345", "google_center_lat": -6.2669695, "google_center_lon": 106.8773453, "spatial_drift_meters": 11.41, "drift_status": "VALID (< 30m)", "imagery_date": "2025-08-16", "quality_tier": "BASE", "whole_roof_area_m2": 104.34, "max_roof_area_m2": 74.62, "roof_suitability_ratio_pct": 71.5, "building_footprint_m2": 131.74, "roof_coverage_ratio_pct": 79.2, "gap_unsegmented_pct": 20.8, "gap_unsegmented_m2": 27.4, "gap_unpanelled_m2": 29.73, "total_gap_m2": 57.13, "total_segments_count": 2, "pitch_range": "4.5° – 10.4°", "weighted_pitch_deg": 9.5, "max_panels_count": 38, "sunshine_hours_annual": 1593.17, "panel_capacity_wp": 400, "installed_capacity_kwp": 15.2, "google_dc_mwh": 23.5, "annual_generation_kwh": 19372.96, "annual_generation_mwh": 19.37, "carbon_offset_factor": 809.0, "ghg_reduction_tons_co2": 15.67, "path_dsm_geotiff": null, "path_rgb_geotiff": null, "path_mask_geotiff": null, "path_flux_geotiff": null, "preview_rgb_png": null, "preview_panels_png": null, "preview_segments_png": null, "preview_dsm_png": null, "preview_mask_png": null, "preview_flux_png": null, "gap_category": "Gap Sedang" }, "geometry": { "type": "Point", "coordinates": [ 106.87725, -6.267009 ] } },
{ "type": "Feature", "properties": { "asset_id": "BRT-0063", "asset_name": "Halte Simpang Sasak I Panjang Arteri", "category": "brt", "category_display": "Halte TransJakarta & Shelter", "city_regency": "Jakarta Barat", "postal_code": "11550", "source_raw_file": "transjakarta_stations.csv", "raw_lat": -6.206777, "raw_lon": 106.77019, "google_building_id": "buildings/ChIJz3GIiCf3aS4R9CGMENB_wg4", "google_maps_url": "https://www.google.com/maps/search/?api=1&query=-6.206936,106.770422", "google_center_lat": -6.2069364, "google_center_lon": 106.7704225, "spatial_drift_meters": 31.22, "drift_status": "REVIEW (> 30m)", "imagery_date": "2023-08-06", "quality_tier": "BASE", "whole_roof_area_m2": 134.4, "max_roof_area_m2": 76.58, "roof_suitability_ratio_pct": 57.0, "building_footprint_m2": 158.06, "roof_coverage_ratio_pct": 85.0, "gap_unsegmented_pct": 15.0, "gap_unsegmented_m2": 23.66, "gap_unpanelled_m2": 57.82, "total_gap_m2": 81.48, "total_segments_count": 4, "pitch_range": "18.3° – 27.8°", "weighted_pitch_deg": 22.5, "max_panels_count": 39, "sunshine_hours_annual": 1626.11, "panel_capacity_wp": 400, "installed_capacity_kwp": 15.6, "google_dc_mwh": 24.24, "annual_generation_kwh": 20293.81, "annual_generation_mwh": 20.29, "carbon_offset_factor": 809.0, "ghg_reduction_tons_co2": 16.42, "path_dsm_geotiff": null, "path_rgb_geotiff": null, "path_mask_geotiff": null, "path_flux_geotiff": null, "preview_rgb_png": null, "preview_panels_png": null, "preview_segments_png": null, "preview_dsm_png": null, "preview_mask_png": null, "preview_flux_png": null, "gap_category": "Gap Sedikit" }, "geometry": { "type": "Point", "coordinates": [ 106.77019, -6.206777 ] } },
{ "type": "Feature", "properties": { "asset_id": "BRT-0064", "asset_name": "Halte Simpang Sagu Pepaya Raya", "category": "brt", "category_display": "Halte TransJakarta & Shelter", "city_regency": "Jakarta Selatan", "postal_code": "12620", "source_raw_file": "transjakarta_stations.csv", "raw_lat": -6.317811, "raw_lon": 106.81912, "google_building_id": "buildings/ChIJi66-N-DtaS4RGeF8zbs86Ms", "google_maps_url": "https://www.google.com/maps/search/?api=1&query=-6.317736,106.819179", "google_center_lat": -6.317736, "google_center_lon": 106.8191787, "spatial_drift_meters": 10.57, "drift_status": "VALID (< 30m)", "imagery_date": "2024-02-22", "quality_tier": "BASE", "whole_roof_area_m2": 67.86, "max_roof_area_m2": 43.2, "roof_suitability_ratio_pct": 63.7, "building_footprint_m2": 71.09, "roof_coverage_ratio_pct": 95.5, "gap_unsegmented_pct": 4.5, "gap_unsegmented_m2": 3.23, "gap_unpanelled_m2": 24.66, "total_gap_m2": 27.89, "total_segments_count": 1, "pitch_range": "15.9° – 15.9°", "weighted_pitch_deg": 15.9, "max_panels_count": 22, "sunshine_hours_annual": 1624.8, "panel_capacity_wp": 400, "installed_capacity_kwp": 8.8, "google_dc_mwh": 13.43, "annual_generation_kwh": 11438.56, "annual_generation_mwh": 11.44, "carbon_offset_factor": 809.0, "ghg_reduction_tons_co2": 9.25, "path_dsm_geotiff": null, "path_rgb_geotiff": null, "path_mask_geotiff": null, "path_flux_geotiff": null, "preview_rgb_png": null, "preview_panels_png": null, "preview_segments_png": null, "preview_dsm_png": null, "preview_mask_png": null, "preview_flux_png": null, "gap_category": "Gap Sedikit" }, "geometry": { "type": "Point", "coordinates": [ 106.81912, -6.317811 ] } },
{ "type": "Feature", "properties": { "asset_id": "BRT-0065", "asset_name": "Halte Simpang Sadar H. Montong", "category": "brt", "category_display": "Halte TransJakarta & Shelter", "city_regency": "Kota Depok", "postal_code": "12630", "source_raw_file": "transjakarta_stations.csv", "raw_lat": -6.337924, "raw_lon": 106.81347, "google_building_id": "buildings/ChIJE-JVXn7uaS4RDs5FHGDfgCo", "google_maps_url": "https://www.google.com/maps/search/?api=1&query=-6.338003,106.813581", "google_center_lat": -6.3380027, "google_center_lon": 106.8135806, "spatial_drift_meters": 15.03, "drift_status": "VALID (< 30m)", "imagery_date": "2024-02-22", "quality_tier": "BASE", "whole_roof_area_m2": 57.16, "max_roof_area_m2": 43.2, "roof_suitability_ratio_pct": 75.6, "building_footprint_m2": 68.11, "roof_coverage_ratio_pct": 83.9, "gap_unsegmented_pct": 16.1, "gap_unsegmented_m2": 10.96, "gap_unpanelled_m2": 13.96, "total_gap_m2": 24.92, "total_segments_count": 2, "pitch_range": "18.2° – 29.1°", "weighted_pitch_deg": 22.9, "max_panels_count": 22, "sunshine_hours_annual": 1630.56, "panel_capacity_wp": 400, "installed_capacity_kwp": 8.8, "google_dc_mwh": 13.32, "annual_generation_kwh": 11479.17, "annual_generation_mwh": 11.48, "carbon_offset_factor": 809.0, "ghg_reduction_tons_co2": 9.29, "path_dsm_geotiff": null, "path_rgb_geotiff": null, "path_mask_geotiff": null, "path_flux_geotiff": null, "preview_rgb_png": null, "preview_panels_png": null, "preview_segments_png": null, "preview_dsm_png": null, "preview_mask_png": null, "preview_flux_png": null, "gap_category": "Gap Sedikit" }, "geometry": { "type": "Point", "coordinates": [ 106.81347, -6.337924 ] } },
{ "type": "Feature", "properties": { "asset_id": "BRT-0066", "asset_name": "Halte Simpang Raya Tengah Waru", "category": "brt", "category_display": "Halte TransJakarta & Shelter", "city_regency": "Jakarta Timur", "postal_code": "13760", "source_raw_file": "transjakarta_stations.csv", "raw_lat": -6.29326, "raw_lon": 106.85985, "google_building_id": "buildings/ChIJUcOapX7yaS4RYoOz20vQpKE", "google_maps_url": "https://www.google.com/maps/search/?api=1&query=-6.293219,106.859940", "google_center_lat": -6.2932195, "google_center_lon": 106.8599399, "spatial_drift_meters": 10.91, "drift_status": "VALID (< 30m)", "imagery_date": "2025-08-16", "quality_tier": "BASE", "whole_roof_area_m2": 176.58, "max_roof_area_m2": 115.85, "roof_suitability_ratio_pct": 65.6, "building_footprint_m2": 226.1, "roof_coverage_ratio_pct": 78.1, "gap_unsegmented_pct": 21.9, "gap_unsegmented_m2": 49.53, "gap_unpanelled_m2": 60.73, "total_gap_m2": 110.25, "total_segments_count": 6, "pitch_range": "29.5° – 37.9°", "weighted_pitch_deg": 31.4, "max_panels_count": 59, "sunshine_hours_annual": 1567.07, "panel_capacity_wp": 400, "installed_capacity_kwp": 23.6, "google_dc_mwh": 33.43, "annual_generation_kwh": 29586.27, "annual_generation_mwh": 29.59, "carbon_offset_factor": 809.0, "ghg_reduction_tons_co2": 23.94, "path_dsm_geotiff": null, "path_rgb_geotiff": null, "path_mask_geotiff": null, "path_flux_geotiff": null, "preview_rgb_png": null, "preview_panels_png": null, "preview_segments_png": null, "preview_dsm_png": null, "preview_mask_png": null, "preview_flux_png": null, "gap_category": "Gap Sedang" }, "geometry": { "type": "Point", "coordinates": [ 106.85985, -6.29326 ] } },
{ "type": "Feature", "properties": { "asset_id": "BRT-0067", "asset_name": "Halte Simpang Raya KDW PKP", "category": "brt", "category_display": "Halte TransJakarta & Shelter", "city_regency": "Kota Depok", "postal_code": "13730", "source_raw_file": "transjakarta_stations.csv", "raw_lat": -6.340686, "raw_lon": 106.88691, "google_building_id": "buildings/ChIJDwqH8-DsaS4RRrg2Crprk0U", "google_maps_url": "https://www.google.com/maps/search/?api=1&query=-6.340800,106.886968", "google_center_lat": -6.3408005, "google_center_lon": 106.8869677, "spatial_drift_meters": 14.24, "drift_status": "VALID (< 30m)", "imagery_date": "2023-08-08", "quality_tier": "BASE", "whole_roof_area_m2": 167.75, "max_roof_area_m2": 102.1, "roof_suitability_ratio_pct": 60.9, "building_footprint_m2": 228.66, "roof_coverage_ratio_pct": 73.4, "gap_unsegmented_pct": 26.6, "gap_unsegmented_m2": 60.9, "gap_unpanelled_m2": 65.65, "total_gap_m2": 126.55, "total_segments_count": 5, "pitch_range": "3.3° – 30.6°", "weighted_pitch_deg": 9.9, "max_panels_count": 52, "sunshine_hours_annual": 1661.79, "panel_capacity_wp": 400, "installed_capacity_kwp": 20.8, "google_dc_mwh": 33.24, "annual_generation_kwh": 27652.23, "annual_generation_mwh": 27.65, "carbon_offset_factor": 809.0, "ghg_reduction_tons_co2": 22.37, "path_dsm_geotiff": null, "path_rgb_geotiff": null, "path_mask_geotiff": null, "path_flux_geotiff": null, "preview_rgb_png": null, "preview_panels_png": null, "preview_segments_png": null, "preview_dsm_png": null, "preview_mask_png": null, "preview_flux_png": null, "gap_category": "Gap Sedang" }, "geometry": { "type": "Point", "coordinates": [ 106.88691, -6.340686 ] } },
{ "type": "Feature", "properties": { "asset_id": "BRT-0068", "asset_name": "Halte Simpang Raya PKP Cibubur I", "category": "brt", "category_display": "Halte TransJakarta & Shelter", "city_regency": "Kota Depok", "postal_code": "13720", "source_raw_file": "transjakarta_stations.csv", "raw_lat": -6.34034, "raw_lon": 106.87371, "google_building_id": "buildings/ChIJZS9uqP3saS4RPEkJhKw59gY", "google_maps_url": "https://www.google.com/maps/search/?api=1&query=-6.340332,106.873771", "google_center_lat": -6.3403321, "google_center_lon": 106.8737712, "spatial_drift_meters": 6.82, "drift_status": "VALID (< 30m)", "imagery_date": "2024-02-22", "quality_tier": "BASE", "whole_roof_area_m2": 18.59, "max_roof_area_m2": 3.93, "roof_suitability_ratio_pct": 21.1, "building_footprint_m2": 22.13, "roof_coverage_ratio_pct": 84.0, "gap_unsegmented_pct": 16.0, "gap_unsegmented_m2": 3.54, "gap_unpanelled_m2": 14.67, "total_gap_m2": 18.2, "total_segments_count": 1, "pitch_range": "2.8° – 2.8°", "weighted_pitch_deg": 2.8, "max_panels_count": 2, "sunshine_hours_annual": 1633.21, "panel_capacity_wp": 400, "installed_capacity_kwp": 0.8, "google_dc_mwh": 0.0, "annual_generation_kwh": 1045.25, "annual_generation_mwh": 1.05, "carbon_offset_factor": 809.0, "ghg_reduction_tons_co2": 0.85, "path_dsm_geotiff": null, "path_rgb_geotiff": null, "path_mask_geotiff": null, "path_flux_geotiff": null, "preview_rgb_png": null, "preview_panels_png": null, "preview_segments_png": null, "preview_dsm_png": null, "preview_mask_png": null, "preview_flux_png": null, "gap_category": "Gap Sedikit" }, "geometry": { "type": "Point", "coordinates": [ 106.87371, -6.34034 ] } },
{ "type": "Feature", "properties": { "asset_id": "BRT-0069", "asset_name": "Halte Simpang Raya Pondok Gede 1", "category": "brt", "category_display": "Halte TransJakarta & Shelter", "city_regency": "Jakarta Timur", "postal_code": "17414", "source_raw_file": "transjakarta_stations.csv", "raw_lat": -6.284753, "raw_lon": 106.91028, "google_building_id": "buildings/ChIJI0P8krLyaS4R4-8JOp1ocq4", "google_maps_url": "https://www.google.com/maps/search/?api=1&query=-6.284836,106.910204", "google_center_lat": -6.2848358, "google_center_lon": 106.910204, "spatial_drift_meters": 12.46, "drift_status": "VALID (< 30m)", "imagery_date": "2024-10-26", "quality_tier": "BASE", "whole_roof_area_m2": 105.48, "max_roof_area_m2": 78.54, "roof_suitability_ratio_pct": 74.5, "building_footprint_m2": 144.06, "roof_coverage_ratio_pct": 73.2, "gap_unsegmented_pct": 26.8, "gap_unsegmented_m2": 38.58, "gap_unpanelled_m2": 26.94, "total_gap_m2": 65.52, "total_segments_count": 1, "pitch_range": "2.3° – 2.3°", "weighted_pitch_deg": 2.3, "max_panels_count": 40, "sunshine_hours_annual": 1671.65, "panel_capacity_wp": 400, "installed_capacity_kwp": 16.0, "google_dc_mwh": 25.69, "annual_generation_kwh": 21397.06, "annual_generation_mwh": 21.4, "carbon_offset_factor": 809.0, "ghg_reduction_tons_co2": 17.31, "path_dsm_geotiff": null, "path_rgb_geotiff": null, "path_mask_geotiff": null, "path_flux_geotiff": null, "preview_rgb_png": null, "preview_panels_png": null, "preview_segments_png": null, "preview_dsm_png": null, "preview_mask_png": null, "preview_flux_png": null, "gap_category": "Gap Sedang" }, "geometry": { "type": "Point", "coordinates": [ 106.91028, -6.284753 ] } },
{ "type": "Feature", "properties": { "asset_id": "KRL-0001", "asset_name": "Stasiun Ancol", "category": "krl", "category_display": "Stasiun KRL Commuter Line", "city_regency": "Jakarta Utara", "postal_code": "14410", "source_raw_file": "krl_stations.csv", "raw_lat": -6.128115, "raw_lon": 106.845137, "google_building_id": "buildings/ChIJDZgUuSMeai4Rzx5PUE5J87g", "google_maps_url": "https://www.google.com/maps/search/?api=1&query=-6.128297,106.845381", "google_center_lat": -6.1282974, "google_center_lon": 106.845381, "spatial_drift_meters": 33.75, "drift_status": "REVIEW (> 30m)", "imagery_date": "2025-07-26", "quality_tier": "BASE", "whole_roof_area_m2": 26.61, "max_roof_area_m2": 15.71, "roof_suitability_ratio_pct": 59.0, "building_footprint_m2": 31.87, "roof_coverage_ratio_pct": 83.5, "gap_unsegmented_pct": 16.5, "gap_unsegmented_m2": 5.26, "gap_unpanelled_m2": 10.9, "total_gap_m2": 16.16, "total_segments_count": 1, "pitch_range": "4.1° – 4.1°", "weighted_pitch_deg": 4.1, "max_panels_count": 8, "sunshine_hours_annual": 1618.11, "panel_capacity_wp": 400, "installed_capacity_kwp": 3.2, "google_dc_mwh": 4.8, "annual_generation_kwh": 4142.36, "annual_generation_mwh": 4.14, "carbon_offset_factor": 809.0, "ghg_reduction_tons_co2": 3.35, "path_dsm_geotiff": null, "path_rgb_geotiff": null, "path_mask_geotiff": null, "path_flux_geotiff": null, "preview_rgb_png": null, "preview_panels_png": null, "preview_segments_png": null, "preview_dsm_png": null, "preview_mask_png": null, "preview_flux_png": null, "gap_category": "Gap Sedikit" }, "geometry": { "type": "Point", "coordinates": [ 106.845137, -6.128115 ] } },
{ "type": "Feature", "properties": { "asset_id": "KRL-0002", "asset_name": "Stasiun Angke", "category": "krl", "category_display": "Stasiun KRL Commuter Line", "city_regency": "Jakarta Utara", "postal_code": "11250", "source_raw_file": "krl_stations.csv", "raw_lat": -6.144737, "raw_lon": 106.800779, "google_building_id": "buildings/ChIJdw_NOhr2aS4Ra31hrMMjelE", "google_maps_url": "https://www.google.com/maps/search/?api=1&query=-6.144592,106.800815", "google_center_lat": -6.1445924, "google_center_lon": 106.8008153, "spatial_drift_meters": 16.57, "drift_status": "VALID (< 30m)", "imagery_date": "2025-07-26", "quality_tier": "BASE", "whole_roof_area_m2": 2687.75, "max_roof_area_m2": 2340.56, "roof_suitability_ratio_pct": 87.1, "building_footprint_m2": 5092.42, "roof_coverage_ratio_pct": 52.8, "gap_unsegmented_pct": 47.2, "gap_unsegmented_m2": 2404.67, "gap_unpanelled_m2": 347.19, "total_gap_m2": 2751.86, "total_segments_count": 6, "pitch_range": "1.0° – 23.5°", "weighted_pitch_deg": 10.4, "max_panels_count": 1192, "sunshine_hours_annual": 1658.73, "panel_capacity_wp": 400, "installed_capacity_kwp": 476.8, "google_dc_mwh": 752.14, "annual_generation_kwh": 632707.46, "annual_generation_mwh": 632.71, "carbon_offset_factor": 809.0, "ghg_reduction_tons_co2": 511.86, "path_dsm_geotiff": null, "path_rgb_geotiff": null, "path_mask_geotiff": null, "path_flux_geotiff": null, "preview_rgb_png": null, "preview_panels_png": null, "preview_segments_png": null, "preview_dsm_png": null, "preview_mask_png": null, "preview_flux_png": null, "gap_category": "Gap Besar" }, "geometry": { "type": "Point", "coordinates": [ 106.800779, -6.144737 ] } },
{ "type": "Feature", "properties": { "asset_id": "KRL-0003", "asset_name": "Stasiun Bojong Indah", "category": "krl", "category_display": "Stasiun KRL Commuter Line", "city_regency": "Kota Tangerang", "postal_code": "11740", "source_raw_file": "krl_stations.csv", "raw_lat": -6.160125, "raw_lon": 106.73638, "google_building_id": "buildings/ChIJm0tGlpL3aS4RwpPtjQehoc0", "google_maps_url": "https://www.google.com/maps/search/?api=1&query=-6.160209,106.736325", "google_center_lat": -6.1602091, "google_center_lon": 106.7363247, "spatial_drift_meters": 11.17, "drift_status": "VALID (< 30m)", "imagery_date": "2024-09-19", "quality_tier": "BASE", "whole_roof_area_m2": 925.26, "max_roof_area_m2": 626.37, "roof_suitability_ratio_pct": 67.7, "building_footprint_m2": 1051.16, "roof_coverage_ratio_pct": 88.0, "gap_unsegmented_pct": 12.0, "gap_unsegmented_m2": 125.9, "gap_unpanelled_m2": 298.89, "total_gap_m2": 424.79, "total_segments_count": 4, "pitch_range": "0.5° – 6.3°", "weighted_pitch_deg": 3.2, "max_panels_count": 319, "sunshine_hours_annual": 1678.14, "panel_capacity_wp": 400, "installed_capacity_kwp": 127.6, "google_dc_mwh": 200.83, "annual_generation_kwh": 171304.24, "annual_generation_mwh": 171.3, "carbon_offset_factor": 809.0, "ghg_reduction_tons_co2": 138.58, "path_dsm_geotiff": null, "path_rgb_geotiff": null, "path_mask_geotiff": null, "path_flux_geotiff": null, "preview_rgb_png": null, "preview_panels_png": null, "preview_segments_png": null, "preview_dsm_png": null, "preview_mask_png": null, "preview_flux_png": null, "gap_category": "Gap Sedikit" }, "geometry": { "type": "Point", "coordinates": [ 106.73638, -6.160125 ] } },
{ "type": "Feature", "properties": { "asset_id": "KRL-0005", "asset_name": "Stasiun KRL Ciliwung", "category": "krl", "category_display": "Stasiun KRL Commuter Line", "city_regency": "Jakarta Timur", "postal_code": "13630", "source_raw_file": "stations_jakarta.gpkg:8487603262", "raw_lat": -6.243446, "raw_lon": 106.86397, "google_building_id": "buildings/ChIJFf7_bafzaS4RCp0nc35TCT0", "google_maps_url": "https://www.google.com/maps/search/?api=1&query=-6.243433,106.863897", "google_center_lat": -6.2434327, "google_center_lon": 106.8638972, "spatial_drift_meters": 8.18, "drift_status": "VALID (< 30m)", "imagery_date": "2025-08-16", "quality_tier": "BASE", "whole_roof_area_m2": 667.48, "max_roof_area_m2": 520.34, "roof_suitability_ratio_pct": 78.0, "building_footprint_m2": 677.28, "roof_coverage_ratio_pct": 98.6, "gap_unsegmented_pct": 1.4, "gap_unsegmented_m2": 9.8, "gap_unpanelled_m2": 147.14, "total_gap_m2": 156.94, "total_segments_count": 9, "pitch_range": "19.7° – 31.1°", "weighted_pitch_deg": 27.0, "max_panels_count": 265, "sunshine_hours_annual": 1602.43, "panel_capacity_wp": 400, "installed_capacity_kwp": 106.0, "google_dc_mwh": 158.54, "annual_generation_kwh": 135886.08, "annual_generation_mwh": 135.89, "carbon_offset_factor": 809.0, "ghg_reduction_tons_co2": 109.93, "path_dsm_geotiff": null, "path_rgb_geotiff": null, "path_mask_geotiff": null, "path_flux_geotiff": null, "preview_rgb_png": null, "preview_panels_png": null, "preview_segments_png": null, "preview_dsm_png": null, "preview_mask_png": null, "preview_flux_png": null, "gap_category": "Gap Sedikit" }, "geometry": { "type": "Point", "coordinates": [ 106.86397, -6.243446 ] } },
{ "type": "Feature", "properties": { "asset_id": "KRL-0006", "asset_name": "Stasiun Cawang", "category": "krl", "category_display": "Stasiun KRL Commuter Line", "city_regency": "Jakarta Timur", "postal_code": "12820", "source_raw_file": "krl_stations.csv", "raw_lat": -6.242552, "raw_lon": 106.85869, "google_building_id": "buildings/ChIJ8_TzHKTzaS4Rat9n-RDUk0c", "google_maps_url": "https://www.google.com/maps/search/?api=1&query=-6.242468,106.858870", "google_center_lat": -6.2424676, "google_center_lon": 106.8588702, "spatial_drift_meters": 22.02, "drift_status": "VALID (< 30m)", "imagery_date": "2025-08-16", "quality_tier": "BASE", "whole_roof_area_m2": 57.81, "max_roof_area_m2": 33.38, "roof_suitability_ratio_pct": 57.7, "building_footprint_m2": 58.67, "roof_coverage_ratio_pct": 98.5, "gap_unsegmented_pct": 1.5, "gap_unsegmented_m2": 0.86, "gap_unpanelled_m2": 24.43, "total_gap_m2": 25.29, "total_segments_count": 1, "pitch_range": "3.2° – 3.2°", "weighted_pitch_deg": 3.2, "max_panels_count": 17, "sunshine_hours_annual": 1616.48, "panel_capacity_wp": 400, "installed_capacity_kwp": 6.8, "google_dc_mwh": 10.84, "annual_generation_kwh": 8793.63, "annual_generation_mwh": 8.79, "carbon_offset_factor": 809.0, "ghg_reduction_tons_co2": 7.11, "path_dsm_geotiff": null, "path_rgb_geotiff": null, "path_mask_geotiff": null, "path_flux_geotiff": null, "preview_rgb_png": null, "preview_panels_png": null, "preview_segments_png": null, "preview_dsm_png": null, "preview_mask_png": null, "preview_flux_png": null, "gap_category": "Gap Sedikit" }, "geometry": { "type": "Point", "coordinates": [ 106.85869, -6.242552 ] } },
{ "type": "Feature", "properties": { "asset_id": "KRL-0007", "asset_name": "Stasiun Cikini", "category": "krl", "category_display": "Stasiun KRL Commuter Line", "city_regency": "Jakarta Pusat", "postal_code": "10310", "source_raw_file": "krl_stations.csv", "raw_lat": -6.198505, "raw_lon": 106.84128, "google_building_id": "buildings/ChIJC519LBX0aS4RjO8Bptg6HPc", "google_maps_url": "https://www.google.com/maps/search/?api=1&query=-6.198662,106.841355", "google_center_lat": -6.1986618, "google_center_lon": 106.8413553, "spatial_drift_meters": 19.32, "drift_status": "VALID (< 30m)", "imagery_date": "2025-08-16", "quality_tier": "BASE", "whole_roof_area_m2": 4512.06, "max_roof_area_m2": 3646.32, "roof_suitability_ratio_pct": 80.8, "building_footprint_m2": 5890.79, "roof_coverage_ratio_pct": 76.6, "gap_unsegmented_pct": 23.4, "gap_unsegmented_m2": 1378.74, "gap_unpanelled_m2": 865.74, "total_gap_m2": 2244.47, "total_segments_count": 23, "pitch_range": "3.2° – 36.7°", "weighted_pitch_deg": 13.3, "max_panels_count": 1857, "sunshine_hours_annual": 1648.64, "panel_capacity_wp": 400, "installed_capacity_kwp": 742.8, "google_dc_mwh": 1150.09, "annual_generation_kwh": 979690.33, "annual_generation_mwh": 979.69, "carbon_offset_factor": 809.0, "ghg_reduction_tons_co2": 792.57, "path_dsm_geotiff": null, "path_rgb_geotiff": null, "path_mask_geotiff": null, "path_flux_geotiff": null, "preview_rgb_png": null, "preview_panels_png": null, "preview_segments_png": null, "preview_dsm_png": null, "preview_mask_png": null, "preview_flux_png": null, "gap_category": "Gap Sedang" }, "geometry": { "type": "Point", "coordinates": [ 106.84128, -6.198505 ] } },
{ "type": "Feature", "properties": { "asset_id": "KRL-0008", "asset_name": "Stasiun Duren Kalibata", "category": "krl", "category_display": "Stasiun KRL Commuter Line", "city_regency": "Jakarta Timur", "postal_code": "12750", "source_raw_file": "krl_stations.csv", "raw_lat": -6.255201, "raw_lon": 106.855167, "google_building_id": "buildings/ChIJZTsYEq3zaS4ROVsgI7YOI4M", "google_maps_url": "https://www.google.com/maps/search/?api=1&query=-6.255315,106.855085", "google_center_lat": -6.2553146, "google_center_lon": 106.8550853, "spatial_drift_meters": 15.53, "drift_status": "VALID (< 30m)", "imagery_date": "2025-08-16", "quality_tier": "BASE", "whole_roof_area_m2": 32.24, "max_roof_area_m2": 13.74, "roof_suitability_ratio_pct": 42.6, "building_footprint_m2": 32.24, "roof_coverage_ratio_pct": 100.0, "gap_unsegmented_pct": 0.0, "gap_unsegmented_m2": 0.0, "gap_unpanelled_m2": 18.5, "total_gap_m2": 18.5, "total_segments_count": 2, "pitch_range": "9.7° – 45.4°", "weighted_pitch_deg": 25.1, "max_panels_count": 7, "sunshine_hours_annual": 1472.55, "panel_capacity_wp": 400, "installed_capacity_kwp": 2.8, "google_dc_mwh": 3.71, "annual_generation_kwh": 3298.51, "annual_generation_mwh": 3.3, "carbon_offset_factor": 809.0, "ghg_reduction_tons_co2": 2.67, "path_dsm_geotiff": null, "path_rgb_geotiff": null, "path_mask_geotiff": null, "path_flux_geotiff": null, "preview_rgb_png": null, "preview_panels_png": null, "preview_segments_png": null, "preview_dsm_png": null, "preview_mask_png": null, "preview_flux_png": null, "gap_category": "Gap Sedikit" }, "geometry": { "type": "Point", "coordinates": [ 106.855167, -6.255201 ] } },
{ "type": "Feature", "properties": { "asset_id": "KRL-0009", "asset_name": "Stasiun Duri", "category": "krl", "category_display": "Stasiun KRL Commuter Line", "city_regency": "Jakarta Utara", "postal_code": "11310", "source_raw_file": "krl_stations.csv", "raw_lat": -6.155281, "raw_lon": 106.801325, "google_building_id": "buildings/ChIJfSU8RxP2aS4RgwDRQA5M2U0", "google_maps_url": "https://www.google.com/maps/search/?api=1&query=-6.155278,106.801324", "google_center_lat": -6.1552782, "google_center_lon": 106.8013238, "spatial_drift_meters": 0.34, "drift_status": "VALID (< 30m)", "imagery_date": "2025-07-26", "quality_tier": "BASE", "whole_roof_area_m2": 2270.27, "max_roof_area_m2": 1886.98, "roof_suitability_ratio_pct": 83.1, "building_footprint_m2": 3029.68, "roof_coverage_ratio_pct": 74.9, "gap_unsegmented_pct": 25.1, "gap_unsegmented_m2": 759.4, "gap_unpanelled_m2": 383.3, "total_gap_m2": 1142.7, "total_segments_count": 7, "pitch_range": "2.2° – 8.5°", "weighted_pitch_deg": 4.8, "max_panels_count": 961, "sunshine_hours_annual": 1637.1, "panel_capacity_wp": 400, "installed_capacity_kwp": 384.4, "google_dc_mwh": 611.83, "annual_generation_kwh": 503440.9, "annual_generation_mwh": 503.44, "carbon_offset_factor": 809.0, "ghg_reduction_tons_co2": 407.28, "path_dsm_geotiff": null, "path_rgb_geotiff": null, "path_mask_geotiff": null, "path_flux_geotiff": null, "preview_rgb_png": null, "preview_panels_png": null, "preview_segments_png": null, "preview_dsm_png": null, "preview_mask_png": null, "preview_flux_png": null, "gap_category": "Gap Sedang" }, "geometry": { "type": "Point", "coordinates": [ 106.801325, -6.155281 ] } },
{ "type": "Feature", "properties": { "asset_id": "KRL-0010", "asset_name": "Stasiun Gambir", "category": "krl", "category_display": "Stasiun KRL Commuter Line", "city_regency": "Jakarta Pusat", "postal_code": "10110", "source_raw_file": "krl_stations.csv", "raw_lat": -6.176655, "raw_lon": 106.830647, "google_building_id": "buildings/ChIJx7jpsDL0aS4R7TaFg5SEGUM", "google_maps_url": "https://www.google.com/maps/search/?api=1&query=-6.176406,106.830482", "google_center_lat": -6.1764062, "google_center_lon": 106.8304823, "spatial_drift_meters": 33.12, "drift_status": "REVIEW (> 30m)", "imagery_date": "2025-07-26", "quality_tier": "BASE", "whole_roof_area_m2": 655.32, "max_roof_area_m2": 465.36, "roof_suitability_ratio_pct": 71.0, "building_footprint_m2": 851.08, "roof_coverage_ratio_pct": 77.0, "gap_unsegmented_pct": 23.0, "gap_unsegmented_m2": 195.76, "gap_unpanelled_m2": 189.96, "total_gap_m2": 385.72, "total_segments_count": 8, "pitch_range": "15.0° – 37.7°", "weighted_pitch_deg": 24.1, "max_panels_count": 237, "sunshine_hours_annual": 1645.92, "panel_capacity_wp": 400, "installed_capacity_kwp": 94.8, "google_dc_mwh": 145.58, "annual_generation_kwh": 124826.57, "annual_generation_mwh": 124.83, "carbon_offset_factor": 809.0, "ghg_reduction_tons_co2": 100.98, "path_dsm_geotiff": null, "path_rgb_geotiff": null, "path_mask_geotiff": null, "path_flux_geotiff": null, "preview_rgb_png": null, "preview_panels_png": null, "preview_segments_png": null, "preview_dsm_png": null, "preview_mask_png": null, "preview_flux_png": null, "gap_category": "Gap Sedang" }, "geometry": { "type": "Point", "coordinates": [ 106.830647, -6.176655 ] } },
{ "type": "Feature", "properties": { "asset_id": "KRL-0011", "asset_name": "Stasiun Gang Sentiong", "category": "krl", "category_display": "Stasiun KRL Commuter Line", "city_regency": "Jakarta Pusat", "postal_code": "10450", "source_raw_file": "krl_stations.csv", "raw_lat": -6.186153, "raw_lon": 106.850871, "google_building_id": "buildings/ChIJK_O2fEX0aS4Rq3_05-4gF-g", "google_maps_url": "https://www.google.com/maps/search/?api=1&query=-6.186025,106.850965", "google_center_lat": -6.1860252, "google_center_lon": 106.8509648, "spatial_drift_meters": 17.59, "drift_status": "VALID (< 30m)", "imagery_date": "2025-08-16", "quality_tier": "BASE", "whole_roof_area_m2": 59.03, "max_roof_area_m2": 33.38, "roof_suitability_ratio_pct": 56.5, "building_footprint_m2": 99.55, "roof_coverage_ratio_pct": 59.3, "gap_unsegmented_pct": 40.7, "gap_unsegmented_m2": 40.52, "gap_unpanelled_m2": 25.65, "total_gap_m2": 66.17, "total_segments_count": 2, "pitch_range": "7.8° – 17.1°", "weighted_pitch_deg": 11.7, "max_panels_count": 17, "sunshine_hours_annual": 1669.09, "panel_capacity_wp": 400, "installed_capacity_kwp": 6.8, "google_dc_mwh": 11.06, "annual_generation_kwh": 9079.85, "annual_generation_mwh": 9.08, "carbon_offset_factor": 809.0, "ghg_reduction_tons_co2": 7.35, "path_dsm_geotiff": null, "path_rgb_geotiff": null, "path_mask_geotiff": null, "path_flux_geotiff": null, "preview_rgb_png": null, "preview_panels_png": null, "preview_segments_png": null, "preview_dsm_png": null, "preview_mask_png": null, "preview_flux_png": null, "gap_category": "Gap Besar" }, "geometry": { "type": "Point", "coordinates": [ 106.850871, -6.186153 ] } },
{ "type": "Feature", "properties": { "asset_id": "KRL-0012", "asset_name": "Stasiun Gondangdia", "category": "krl", "category_display": "Stasiun KRL Commuter Line", "city_regency": "Jakarta Pusat", "postal_code": "10340", "source_raw_file": "krl_stations.csv", "raw_lat": -6.185911, "raw_lon": 106.832566, "google_building_id": "buildings/ChIJIab1YjD0aS4RIPpa3-sZRwA", "google_maps_url": "https://www.google.com/maps/search/?api=1&query=-6.186124,106.832680", "google_center_lat": -6.1861239, "google_center_lon": 106.8326803, "spatial_drift_meters": 26.83, "drift_status": "VALID (< 30m)", "imagery_date": "2025-08-16", "quality_tier": "BASE", "whole_roof_area_m2": 4554.77, "max_roof_area_m2": 3667.92, "roof_suitability_ratio_pct": 80.5, "building_footprint_m2": 5398.63, "roof_coverage_ratio_pct": 84.4, "gap_unsegmented_pct": 15.6, "gap_unsegmented_m2": 843.87, "gap_unpanelled_m2": 886.85, "total_gap_m2": 1730.71, "total_segments_count": 22, "pitch_range": "4.0° – 32.2°", "weighted_pitch_deg": 15.1, "max_panels_count": 1868, "sunshine_hours_annual": 1662.83, "panel_capacity_wp": 400, "installed_capacity_kwp": 747.2, "google_dc_mwh": 1163.61, "annual_generation_kwh": 993976.13, "annual_generation_mwh": 993.98, "carbon_offset_factor": 809.0, "ghg_reduction_tons_co2": 804.13, "path_dsm_geotiff": null, "path_rgb_geotiff": null, "path_mask_geotiff": null, "path_flux_geotiff": null, "preview_rgb_png": null, "preview_panels_png": null, "preview_segments_png": null, "preview_dsm_png": null, "preview_mask_png": null, "preview_flux_png": null, "gap_category": "Gap Sedikit" }, "geometry": { "type": "Point", "coordinates": [ 106.832566, -6.185911 ] } },
{ "type": "Feature", "properties": { "asset_id": "KRL-0013", "asset_name": "Stasiun Grogol", "category": "krl", "category_display": "Stasiun KRL Commuter Line", "city_regency": "Jakarta Barat", "postal_code": "11460", "source_raw_file": "krl_stations.csv", "raw_lat": -6.162035, "raw_lon": 106.78961, "google_building_id": "buildings/ChIJNT03XkH2aS4R---3QZ9QsPg", "google_maps_url": "https://www.google.com/maps/search/?api=1&query=-6.162024,106.789722", "google_center_lat": -6.1620236, "google_center_lon": 106.7897222, "spatial_drift_meters": 12.47, "drift_status": "VALID (< 30m)", "imagery_date": "2025-07-26", "quality_tier": "BASE", "whole_roof_area_m2": 31.8, "max_roof_area_m2": 23.56, "roof_suitability_ratio_pct": 74.1, "building_footprint_m2": 50.63, "roof_coverage_ratio_pct": 62.8, "gap_unsegmented_pct": 37.2, "gap_unsegmented_m2": 18.83, "gap_unpanelled_m2": 8.24, "total_gap_m2": 27.07, "total_segments_count": 1, "pitch_range": "15.1° – 15.1°", "weighted_pitch_deg": 15.1, "max_panels_count": 12, "sunshine_hours_annual": 1631.95, "panel_capacity_wp": 400, "installed_capacity_kwp": 4.8, "google_dc_mwh": 7.59, "annual_generation_kwh": 6266.7, "annual_generation_mwh": 6.27, "carbon_offset_factor": 809.0, "ghg_reduction_tons_co2": 5.07, "path_dsm_geotiff": null, "path_rgb_geotiff": null, "path_mask_geotiff": null, "path_flux_geotiff": null, "preview_rgb_png": null, "preview_panels_png": null, "preview_segments_png": null, "preview_dsm_png": null, "preview_mask_png": null, "preview_flux_png": null, "gap_category": "Gap Besar" }, "geometry": { "type": "Point", "coordinates": [ 106.78961, -6.162035 ] } },
{ "type": "Feature", "properties": { "asset_id": "KRL-0014", "asset_name": "Stasiun Jakarta Gudang", "category": "krl", "category_display": "Stasiun KRL Commuter Line", "city_regency": "Jakarta Utara", "postal_code": "14430", "source_raw_file": "krl_stations.csv", "raw_lat": -6.133327, "raw_lon": 106.819373, "google_building_id": "buildings/ChIJNW54XwAeai4RMdFHYXHI3pk", "google_maps_url": "https://www.google.com/maps/search/?api=1&query=-6.133230,106.819489", "google_center_lat": -6.1332305, "google_center_lon": 106.8194887, "spatial_drift_meters": 16.7, "drift_status": "VALID (< 30m)", "imagery_date": "2025-07-26", "quality_tier": "BASE", "whole_roof_area_m2": 206.99, "max_roof_area_m2": 143.34, "roof_suitability_ratio_pct": 69.3, "building_footprint_m2": 282.73, "roof_coverage_ratio_pct": 73.2, "gap_unsegmented_pct": 26.8, "gap_unsegmented_m2": 75.74, "gap_unpanelled_m2": 63.65, "total_gap_m2": 139.39, "total_segments_count": 3, "pitch_range": "25.3° – 30.2°", "weighted_pitch_deg": 27.9, "max_panels_count": 73, "sunshine_hours_annual": 1654.35, "panel_capacity_wp": 400, "installed_capacity_kwp": 29.2, "google_dc_mwh": 44.6, "annual_generation_kwh": 38645.51, "annual_generation_mwh": 38.65, "carbon_offset_factor": 809.0, "ghg_reduction_tons_co2": 31.26, "path_dsm_geotiff": null, "path_rgb_geotiff": null, "path_mask_geotiff": null, "path_flux_geotiff": null, "preview_rgb_png": null, "preview_panels_png": null, "preview_segments_png": null, "preview_dsm_png": null, "preview_mask_png": null, "preview_flux_png": null, "gap_category": "Gap Sedang" }, "geometry": { "type": "Point", "coordinates": [ 106.819373, -6.133327 ] } },
{ "type": "Feature", "properties": { "asset_id": "KRL-0015", "asset_name": "Stasiun Jakarta International Stadium", "category": "krl", "category_display": "Stasiun KRL Commuter Line", "city_regency": "Jakarta Utara", "postal_code": "14340", "source_raw_file": "krl_stations.csv", "raw_lat": -6.122963, "raw_lon": 106.860816, "google_building_id": "buildings/ChIJ37r_PzIeai4R3GG6WF8jtDU", "google_maps_url": "https://www.google.com/maps/search/?api=1&query=-6.122904,106.860771", "google_center_lat": -6.1229043, "google_center_lon": 106.8607706, "spatial_drift_meters": 8.23, "drift_status": "VALID (< 30m)", "imagery_date": "2025-07-26", "quality_tier": "BASE", "whole_roof_area_m2": 365.12, "max_roof_area_m2": 274.9, "roof_suitability_ratio_pct": 75.3, "building_footprint_m2": 556.39, "roof_coverage_ratio_pct": 65.6, "gap_unsegmented_pct": 34.4, "gap_unsegmented_m2": 191.27, "gap_unpanelled_m2": 90.23, "total_gap_m2": 281.49, "total_segments_count": 1, "pitch_range": "13.4° – 13.4°", "weighted_pitch_deg": 13.4, "max_panels_count": 140, "sunshine_hours_annual": 1657.6, "panel_capacity_wp": 400, "installed_capacity_kwp": 56.0, "google_dc_mwh": 89.02, "annual_generation_kwh": 74260.41, "annual_generation_mwh": 74.26, "carbon_offset_factor": 809.0, "ghg_reduction_tons_co2": 60.08, "path_dsm_geotiff": null, "path_rgb_geotiff": null, "path_mask_geotiff": null, "path_flux_geotiff": null, "preview_rgb_png": null, "preview_panels_png": null, "preview_segments_png": null, "preview_dsm_png": null, "preview_mask_png": null, "preview_flux_png": null, "gap_category": "Gap Besar" }, "geometry": { "type": "Point", "coordinates": [ 106.860816, -6.122963 ] } },
{ "type": "Feature", "properties": { "asset_id": "KRL-0018", "asset_name": "Stasiun Jayakarta", "category": "krl", "category_display": "Stasiun KRL Commuter Line", "city_regency": "Jakarta Utara", "postal_code": "11110", "source_raw_file": "krl_stations.csv", "raw_lat": -6.1413, "raw_lon": 106.823132, "google_building_id": "buildings/ChIJSRHEBfz1aS4RU-lGHM74iUc", "google_maps_url": "https://www.google.com/maps/search/?api=1&query=-6.141268,106.823283", "google_center_lat": -6.1412684, "google_center_lon": 106.823283, "spatial_drift_meters": 17.06, "drift_status": "VALID (< 30m)", "imagery_date": "2025-07-26", "quality_tier": "BASE", "whole_roof_area_m2": 61.87, "max_roof_area_m2": 47.13, "roof_suitability_ratio_pct": 76.2, "building_footprint_m2": 82.66, "roof_coverage_ratio_pct": 74.9, "gap_unsegmented_pct": 25.1, "gap_unsegmented_m2": 20.78, "gap_unpanelled_m2": 14.75, "total_gap_m2": 35.53, "total_segments_count": 1, "pitch_range": "10.1° – 10.1°", "weighted_pitch_deg": 10.1, "max_panels_count": 24, "sunshine_hours_annual": 1631.59, "panel_capacity_wp": 400, "installed_capacity_kwp": 9.6, "google_dc_mwh": 14.82, "annual_generation_kwh": 12530.64, "annual_generation_mwh": 12.53, "carbon_offset_factor": 809.0, "ghg_reduction_tons_co2": 10.14, "path_dsm_geotiff": null, "path_rgb_geotiff": null, "path_mask_geotiff": null, "path_flux_geotiff": null, "preview_rgb_png": null, "preview_panels_png": null, "preview_segments_png": null, "preview_dsm_png": null, "preview_mask_png": null, "preview_flux_png": null, "gap_category": "Gap Sedang" }, "geometry": { "type": "Point", "coordinates": [ 106.823132, -6.1413 ] } },
{ "type": "Feature", "properties": { "asset_id": "KRL-0019", "asset_name": "Stasiun Juanda", "category": "krl", "category_display": "Stasiun KRL Commuter Line", "city_regency": "Jakarta Pusat", "postal_code": "10120", "source_raw_file": "krl_stations.csv", "raw_lat": -6.166675, "raw_lon": 106.830461, "google_building_id": "buildings/ChIJuf_z-c_1aS4R3BSmPB1KYl8", "google_maps_url": "https://www.google.com/maps/search/?api=1&query=-6.166530,106.830431", "google_center_lat": -6.1665301, "google_center_lon": 106.8304312, "spatial_drift_meters": 16.45, "drift_status": "VALID (< 30m)", "imagery_date": "2025-07-26", "quality_tier": "BASE", "whole_roof_area_m2": 3890.18, "max_roof_area_m2": 3110.27, "roof_suitability_ratio_pct": 80.0, "building_footprint_m2": 4992.04, "roof_coverage_ratio_pct": 77.9, "gap_unsegmented_pct": 22.1, "gap_unsegmented_m2": 1101.86, "gap_unpanelled_m2": 779.91, "total_gap_m2": 1881.77, "total_segments_count": 15, "pitch_range": "8.8° – 28.9°", "weighted_pitch_deg": 15.0, "max_panels_count": 1584, "sunshine_hours_annual": 1658.08, "panel_capacity_wp": 400, "installed_capacity_kwp": 633.6, "google_dc_mwh": 994.69, "annual_generation_kwh": 840448.91, "annual_generation_mwh": 840.45, "carbon_offset_factor": 809.0, "ghg_reduction_tons_co2": 679.92, "path_dsm_geotiff": null, "path_rgb_geotiff": null, "path_mask_geotiff": null, "path_flux_geotiff": null, "preview_rgb_png": null, "preview_panels_png": null, "preview_segments_png": null, "preview_dsm_png": null, "preview_mask_png": null, "preview_flux_png": null, "gap_category": "Gap Sedang" }, "geometry": { "type": "Point", "coordinates": [ 106.830461, -6.166675 ] } },
{ "type": "Feature", "properties": { "asset_id": "KRL-0020", "asset_name": "Stasiun Kalideres", "category": "krl", "category_display": "Stasiun KRL Commuter Line", "city_regency": "Kota Tangerang", "postal_code": "11850", "source_raw_file": "krl_stations.csv", "raw_lat": -6.165966, "raw_lon": 106.703728, "google_building_id": "buildings/ChIJGYlQPDn4aS4RrcGkSwbyaI8", "google_maps_url": "https://www.google.com/maps/search/?api=1&query=-6.166087,106.703792", "google_center_lat": -6.1660866, "google_center_lon": 106.7037918, "spatial_drift_meters": 15.15, "drift_status": "VALID (< 30m)", "imagery_date": "2024-09-19", "quality_tier": "BASE", "whole_roof_area_m2": 369.38, "max_roof_area_m2": 290.61, "roof_suitability_ratio_pct": 78.7, "building_footprint_m2": 460.52, "roof_coverage_ratio_pct": 80.2, "gap_unsegmented_pct": 19.8, "gap_unsegmented_m2": 91.14, "gap_unpanelled_m2": 78.77, "total_gap_m2": 169.92, "total_segments_count": 1, "pitch_range": "9.2° – 9.2°", "weighted_pitch_deg": 9.2, "max_panels_count": 148, "sunshine_hours_annual": 1659.0, "panel_capacity_wp": 400, "installed_capacity_kwp": 59.2, "google_dc_mwh": 94.71, "annual_generation_kwh": 78570.16, "annual_generation_mwh": 78.57, "carbon_offset_factor": 809.0, "ghg_reduction_tons_co2": 63.56, "path_dsm_geotiff": null, "path_rgb_geotiff": null, "path_mask_geotiff": null, "path_flux_geotiff": null, "preview_rgb_png": null, "preview_panels_png": null, "preview_segments_png": null, "preview_dsm_png": null, "preview_mask_png": null, "preview_flux_png": null, "gap_category": "Gap Sedikit" }, "geometry": { "type": "Point", "coordinates": [ 106.703728, -6.165966 ] } },
{ "type": "Feature", "properties": { "asset_id": "KRL-0021", "asset_name": "Stasiun Karet", "category": "krl", "category_display": "Stasiun KRL Commuter Line", "city_regency": "Jakarta Pusat", "postal_code": "10230", "source_raw_file": "krl_stations.csv", "raw_lat": -6.200872, "raw_lon": 106.816002, "google_building_id": "buildings/ChIJhU7hv6D2aS4RRTI_oaySk_Y", "google_maps_url": "https://www.google.com/maps/search/?api=1&query=-6.200917,106.816209", "google_center_lat": -6.2009168, "google_center_lon": 106.8162086, "spatial_drift_meters": 23.38, "drift_status": "VALID (< 30m)", "imagery_date": "2025-08-16", "quality_tier": "BASE", "whole_roof_area_m2": 287.71, "max_roof_area_m2": 186.54, "roof_suitability_ratio_pct": 64.8, "building_footprint_m2": 359.84, "roof_coverage_ratio_pct": 80.0, "gap_unsegmented_pct": 20.0, "gap_unsegmented_m2": 72.13, "gap_unpanelled_m2": 101.17, "total_gap_m2": 173.3, "total_segments_count": 5, "pitch_range": "3.1° – 9.7°", "weighted_pitch_deg": 4.9, "max_panels_count": 95, "sunshine_hours_annual": 1652.37, "panel_capacity_wp": 400, "installed_capacity_kwp": 38.0, "google_dc_mwh": 61.62, "annual_generation_kwh": 50232.02, "annual_generation_mwh": 50.23, "carbon_offset_factor": 809.0, "ghg_reduction_tons_co2": 40.64, "path_dsm_geotiff": null, "path_rgb_geotiff": null, "path_mask_geotiff": null, "path_flux_geotiff": null, "preview_rgb_png": null, "preview_panels_png": null, "preview_segments_png": null, "preview_dsm_png": null, "preview_mask_png": null, "preview_flux_png": null, "gap_category": "Gap Sedikit" }, "geometry": { "type": "Point", "coordinates": [ 106.816002, -6.200872 ] } },
{ "type": "Feature", "properties": { "asset_id": "KRL-0022", "asset_name": "Stasiun Kebayoran", "category": "krl", "category_display": "Stasiun KRL Commuter Line", "city_regency": "Jakarta Selatan", "postal_code": "12220", "source_raw_file": "krl_stations.csv", "raw_lat": -6.23723, "raw_lon": 106.782534, "google_building_id": "buildings/ChIJf-G7Mj3xaS4RB76hbVo4RUo", "google_maps_url": "https://www.google.com/maps/search/?api=1&query=-6.237123,106.782566", "google_center_lat": -6.2371229, "google_center_lon": 106.7825662, "spatial_drift_meters": 12.43, "drift_status": "VALID (< 30m)", "imagery_date": "2024-10-26", "quality_tier": "BASE", "whole_roof_area_m2": 4859.92, "max_roof_area_m2": 3720.94, "roof_suitability_ratio_pct": 76.6, "building_footprint_m2": 6209.05, "roof_coverage_ratio_pct": 78.3, "gap_unsegmented_pct": 21.7, "gap_unsegmented_m2": 1349.13, "gap_unpanelled_m2": 1138.98, "total_gap_m2": 2488.11, "total_segments_count": 33, "pitch_range": "1.0° – 32.3°", "weighted_pitch_deg": 5.0, "max_panels_count": 1895, "sunshine_hours_annual": 1616.27, "panel_capacity_wp": 400, "installed_capacity_kwp": 758.0, "google_dc_mwh": 1196.92, "annual_generation_kwh": 980108.19, "annual_generation_mwh": 980.11, "carbon_offset_factor": 809.0, "ghg_reduction_tons_co2": 792.91, "path_dsm_geotiff": null, "path_rgb_geotiff": null, "path_mask_geotiff": null, "path_flux_geotiff": null, "preview_rgb_png": null, "preview_panels_png": null, "preview_segments_png": null, "preview_dsm_png": null, "preview_mask_png": null, "preview_flux_png": null, "gap_category": "Gap Sedang" }, "geometry": { "type": "Point", "coordinates": [ 106.782534, -6.23723 ] } },
{ "type": "Feature", "properties": { "asset_id": "KRL-0023", "asset_name": "Stasiun Kemayoran", "category": "krl", "category_display": "Stasiun KRL Commuter Line", "city_regency": "Jakarta Pusat", "postal_code": "10610", "source_raw_file": "krl_stations.csv", "raw_lat": -6.161703, "raw_lon": 106.841401, "google_building_id": "buildings/ChIJjezyX8f1aS4RyEGpJVKTl84", "google_maps_url": "https://www.google.com/maps/search/?api=1&query=-6.161761,106.841400", "google_center_lat": -6.1617608, "google_center_lon": 106.8414003, "spatial_drift_meters": 6.43, "drift_status": "VALID (< 30m)", "imagery_date": "2025-07-26", "quality_tier": "BASE", "whole_roof_area_m2": 617.75, "max_roof_area_m2": 471.25, "roof_suitability_ratio_pct": 76.3, "building_footprint_m2": 772.33, "roof_coverage_ratio_pct": 80.0, "gap_unsegmented_pct": 20.0, "gap_unsegmented_m2": 154.58, "gap_unpanelled_m2": 146.5, "total_gap_m2": 301.08, "total_segments_count": 5, "pitch_range": "1.4° – 27.2°", "weighted_pitch_deg": 16.9, "max_panels_count": 240, "sunshine_hours_annual": 1658.77, "panel_capacity_wp": 400, "installed_capacity_kwp": 96.0, "google_dc_mwh": 152.16, "annual_generation_kwh": 127393.54, "annual_generation_mwh": 127.39, "carbon_offset_factor": 809.0, "ghg_reduction_tons_co2": 103.06, "path_dsm_geotiff": null, "path_rgb_geotiff": null, "path_mask_geotiff": null, "path_flux_geotiff": null, "preview_rgb_png": null, "preview_panels_png": null, "preview_segments_png": null, "preview_dsm_png": null, "preview_mask_png": null, "preview_flux_png": null, "gap_category": "Gap Sedikit" }, "geometry": { "type": "Point", "coordinates": [ 106.841401, -6.161703 ] } },
{ "type": "Feature", "properties": { "asset_id": "KRL-0024", "asset_name": "Stasiun Klender", "category": "krl", "category_display": "Stasiun KRL Commuter Line", "city_regency": "Jakarta Timur", "postal_code": "13250", "source_raw_file": "krl_stations.csv", "raw_lat": -6.213319, "raw_lon": 106.899413, "google_building_id": "buildings/ChIJj5mBw6f0aS4R1oe4sVWTHZU", "google_maps_url": "https://www.google.com/maps/search/?api=1&query=-6.213303,106.899534", "google_center_lat": -6.2133033, "google_center_lon": 106.899534, "spatial_drift_meters": 13.49, "drift_status": "VALID (< 30m)", "imagery_date": "2025-08-16", "quality_tier": "BASE", "whole_roof_area_m2": 2753.66, "max_roof_area_m2": 2097.08, "roof_suitability_ratio_pct": 76.2, "building_footprint_m2": 3786.54, "roof_coverage_ratio_pct": 72.7, "gap_unsegmented_pct": 27.3, "gap_unsegmented_m2": 1032.88, "gap_unpanelled_m2": 656.59, "total_gap_m2": 1689.47, "total_segments_count": 21, "pitch_range": "1.0° – 17.5°", "weighted_pitch_deg": 4.8, "max_panels_count": 1068, "sunshine_hours_annual": 1663.0, "panel_capacity_wp": 400, "installed_capacity_kwp": 427.2, "google_dc_mwh": 682.54, "annual_generation_kwh": 568346.3, "annual_generation_mwh": 568.35, "carbon_offset_factor": 809.0, "ghg_reduction_tons_co2": 459.79, "path_dsm_geotiff": null, "path_rgb_geotiff": null, "path_mask_geotiff": null, "path_flux_geotiff": null, "preview_rgb_png": null, "preview_panels_png": null, "preview_segments_png": null, "preview_dsm_png": null, "preview_mask_png": null, "preview_flux_png": null, "gap_category": "Gap Sedang" }, "geometry": { "type": "Point", "coordinates": [ 106.899413, -6.213319 ] } },
{ "type": "Feature", "properties": { "asset_id": "KRL-0025", "asset_name": "Stasiun KRL Pondok Cina", "category": "krl", "category_display": "Stasiun KRL Commuter Line", "city_regency": "Kota Depok", "postal_code": "16424", "source_raw_file": "krl_stations.csv", "raw_lat": -6.3686, "raw_lon": 106.8317, "google_building_id": "buildings/ChIJ4S5AUBDsaS4RmttFKkBC74o", "google_maps_url": "https://www.google.com/maps/search/?api=1&query=-6.368471,106.831954", "google_center_lat": -6.3684709, "google_center_lon": 106.8319542, "spatial_drift_meters": 31.55, "drift_status": "REVIEW (> 30m)", "imagery_date": "2024-02-22", "quality_tier": "BASE", "whole_roof_area_m2": 42.47, "max_roof_area_m2": 29.45, "roof_suitability_ratio_pct": 69.4, "building_footprint_m2": 68.55, "roof_coverage_ratio_pct": 62.0, "gap_unsegmented_pct": 38.0, "gap_unsegmented_m2": 26.08, "gap_unpanelled_m2": 13.01, "total_gap_m2": 39.1, "total_segments_count": 1, "pitch_range": "30.0° – 30.0°", "weighted_pitch_deg": 30.0, "max_panels_count": 15, "sunshine_hours_annual": 1489.06, "panel_capacity_wp": 400, "installed_capacity_kwp": 6.0, "google_dc_mwh": 7.49, "annual_generation_kwh": 7147.48, "annual_generation_mwh": 7.15, "carbon_offset_factor": 809.0, "ghg_reduction_tons_co2": 5.78, "path_dsm_geotiff": null, "path_rgb_geotiff": null, "path_mask_geotiff": null, "path_flux_geotiff": null, "preview_rgb_png": null, "preview_panels_png": null, "preview_segments_png": null, "preview_dsm_png": null, "preview_mask_png": null, "preview_flux_png": null, "gap_category": "Gap Besar" }, "geometry": { "type": "Point", "coordinates": [ 106.8317, -6.3686 ] } },
{ "type": "Feature", "properties": { "asset_id": "KRL-0026", "asset_name": "Stasiun Kramat", "category": "krl", "category_display": "Stasiun KRL Commuter Line", "city_regency": "Jakarta Pusat", "postal_code": "10440", "source_raw_file": "krl_stations.csv", "raw_lat": -6.19362, "raw_lon": 106.856512, "google_building_id": "buildings/ChIJW0cmql30aS4RFuBKX3xmtIw", "google_maps_url": "https://www.google.com/maps/search/?api=1&query=-6.193570,106.856317", "google_center_lat": -6.1935698, "google_center_lon": 106.8563169, "spatial_drift_meters": 22.28, "drift_status": "VALID (< 30m)", "imagery_date": "2025-08-16", "quality_tier": "BASE", "whole_roof_area_m2": 283.22, "max_roof_area_m2": 225.81, "roof_suitability_ratio_pct": 79.7, "building_footprint_m2": 410.06, "roof_coverage_ratio_pct": 69.1, "gap_unsegmented_pct": 30.9, "gap_unsegmented_m2": 126.84, "gap_unpanelled_m2": 57.41, "total_gap_m2": 184.25, "total_segments_count": 1, "pitch_range": "1.2° – 1.2°", "weighted_pitch_deg": 1.2, "max_panels_count": 115, "sunshine_hours_annual": 1659.38, "panel_capacity_wp": 400, "installed_capacity_kwp": 46.0, "google_dc_mwh": 75.37, "annual_generation_kwh": 61065.23, "annual_generation_mwh": 61.07, "carbon_offset_factor": 809.0, "ghg_reduction_tons_co2": 49.4, "path_dsm_geotiff": null, "path_rgb_geotiff": null, "path_mask_geotiff": null, "path_flux_geotiff": null, "preview_rgb_png": null, "preview_panels_png": null, "preview_segments_png": null, "preview_dsm_png": null, "preview_mask_png": null, "preview_flux_png": null, "gap_category": "Gap Besar" }, "geometry": { "type": "Point", "coordinates": [ 106.856512, -6.19362 ] } },
{ "type": "Feature", "properties": { "asset_id": "KRL-0027", "asset_name": "Stasiun Lenteng Agung", "category": "krl", "category_display": "Stasiun KRL Commuter Line", "city_regency": "Kota Depok", "postal_code": "12610", "source_raw_file": "krl_stations.csv", "raw_lat": -6.330308, "raw_lon": 106.834679, "google_building_id": "buildings/ChIJPylWT8_taS4RUTBox4sfaIQ", "google_maps_url": "https://www.google.com/maps/search/?api=1&query=-6.330332,106.834766", "google_center_lat": -6.3303323, "google_center_lon": 106.8347664, "spatial_drift_meters": 10.03, "drift_status": "VALID (< 30m)", "imagery_date": "2024-02-22", "quality_tier": "BASE", "whole_roof_area_m2": 263.15, "max_roof_area_m2": 223.85, "roof_suitability_ratio_pct": 85.1, "building_footprint_m2": 411.07, "roof_coverage_ratio_pct": 64.0, "gap_unsegmented_pct": 36.0, "gap_unsegmented_m2": 147.93, "gap_unpanelled_m2": 39.3, "total_gap_m2": 187.23, "total_segments_count": 1, "pitch_range": "14.8° – 14.8°", "weighted_pitch_deg": 14.8, "max_panels_count": 114, "sunshine_hours_annual": 1632.24, "panel_capacity_wp": 400, "installed_capacity_kwp": 45.6, "google_dc_mwh": 72.16, "annual_generation_kwh": 59544.04, "annual_generation_mwh": 59.54, "carbon_offset_factor": 809.0, "ghg_reduction_tons_co2": 48.17, "path_dsm_geotiff": null, "path_rgb_geotiff": null, "path_mask_geotiff": null, "path_flux_geotiff": null, "preview_rgb_png": null, "preview_panels_png": null, "preview_segments_png": null, "preview_dsm_png": null, "preview_mask_png": null, "preview_flux_png": null, "gap_category": "Gap Besar" }, "geometry": { "type": "Point", "coordinates": [ 106.834679, -6.330308 ] } },
{ "type": "Feature", "properties": { "asset_id": "KRL-0028", "asset_name": "Stasiun Mangga Besar", "category": "krl", "category_display": "Stasiun KRL Commuter Line", "city_regency": "Jakarta Utara", "postal_code": "11150", "source_raw_file": "krl_stations.csv", "raw_lat": -6.149804, "raw_lon": 106.826983, "google_building_id": "buildings/ChIJ32yly-X1aS4Rvk7eG-0rCvY", "google_maps_url": "https://www.google.com/maps/search/?api=1&query=-6.149628,106.826963", "google_center_lat": -6.1496285, "google_center_lon": 106.826963, "spatial_drift_meters": 19.64, "drift_status": "VALID (< 30m)", "imagery_date": "2025-07-26", "quality_tier": "BASE", "whole_roof_area_m2": 4377.07, "max_roof_area_m2": 3385.17, "roof_suitability_ratio_pct": 77.3, "building_footprint_m2": 5205.43, "roof_coverage_ratio_pct": 84.1, "gap_unsegmented_pct": 15.9, "gap_unsegmented_m2": 828.36, "gap_unpanelled_m2": 991.9, "total_gap_m2": 1820.26, "total_segments_count": 24, "pitch_range": "0.3° – 29.4°", "weighted_pitch_deg": 15.0, "max_panels_count": 1724, "sunshine_hours_annual": 1645.67, "panel_capacity_wp": 400, "installed_capacity_kwp": 689.6, "google_dc_mwh": 1087.99, "annual_generation_kwh": 907881.96, "annual_generation_mwh": 907.88, "carbon_offset_factor": 809.0, "ghg_reduction_tons_co2": 734.48, "path_dsm_geotiff": null, "path_rgb_geotiff": null, "path_mask_geotiff": null, "path_flux_geotiff": null, "preview_rgb_png": null, "preview_panels_png": null, "preview_segments_png": null, "preview_dsm_png": null, "preview_mask_png": null, "preview_flux_png": null, "gap_category": "Gap Sedikit" }, "geometry": { "type": "Point", "coordinates": [ 106.826983, -6.149804 ] } },
{ "type": "Feature", "properties": { "asset_id": "KRL-0030", "asset_name": "Stasiun Matraman", "category": "krl", "category_display": "Stasiun KRL Commuter Line", "city_regency": "Jakarta Pusat", "postal_code": "13320", "source_raw_file": "krl_stations.csv", "raw_lat": -6.212567, "raw_lon": 106.859753, "google_building_id": "buildings/ChIJt4BIxn70aS4RmhFfjI9NNmI", "google_maps_url": "https://www.google.com/maps/search/?api=1&query=-6.212647,106.859616", "google_center_lat": -6.2126468, "google_center_lon": 106.8596163, "spatial_drift_meters": 17.52, "drift_status": "VALID (< 30m)", "imagery_date": "2025-08-16", "quality_tier": "BASE", "whole_roof_area_m2": 1417.02, "max_roof_area_m2": 1125.12, "roof_suitability_ratio_pct": 79.4, "building_footprint_m2": 1520.6, "roof_coverage_ratio_pct": 93.2, "gap_unsegmented_pct": 6.8, "gap_unsegmented_m2": 103.58, "gap_unpanelled_m2": 291.9, "total_gap_m2": 395.49, "total_segments_count": 3, "pitch_range": "2.0° – 4.0°", "weighted_pitch_deg": 2.9, "max_panels_count": 573, "sunshine_hours_annual": 1642.79, "panel_capacity_wp": 400, "installed_capacity_kwp": 229.2, "google_dc_mwh": 357.59, "annual_generation_kwh": 301222.18, "annual_generation_mwh": 301.22, "carbon_offset_factor": 809.0, "ghg_reduction_tons_co2": 243.69, "path_dsm_geotiff": null, "path_rgb_geotiff": null, "path_mask_geotiff": null, "path_flux_geotiff": null, "preview_rgb_png": null, "preview_panels_png": null, "preview_segments_png": null, "preview_dsm_png": null, "preview_mask_png": null, "preview_flux_png": null, "gap_category": "Gap Sedikit" }, "geometry": { "type": "Point", "coordinates": [ 106.859753, -6.212567 ] } },
{ "type": "Feature", "properties": { "asset_id": "KRL-0031", "asset_name": "Stasiun Palmerah", "category": "krl", "category_display": "Stasiun KRL Commuter Line", "city_regency": "Jakarta Barat", "postal_code": "10270", "source_raw_file": "krl_stations.csv", "raw_lat": -6.20792, "raw_lon": 106.797232, "google_building_id": "buildings/ChIJCaqNfrf2aS4RZZgti9tc9ps", "google_maps_url": "https://www.google.com/maps/search/?api=1&query=-6.208122,106.797477", "google_center_lat": -6.2081219, "google_center_lon": 106.7974775, "spatial_drift_meters": 35.22, "drift_status": "REVIEW (> 30m)", "imagery_date": "2025-08-16", "quality_tier": "BASE", "whole_roof_area_m2": 106.32, "max_roof_area_m2": 60.87, "roof_suitability_ratio_pct": 57.3, "building_footprint_m2": 153.31, "roof_coverage_ratio_pct": 69.3, "gap_unsegmented_pct": 30.7, "gap_unsegmented_m2": 47.0, "gap_unpanelled_m2": 45.45, "total_gap_m2": 92.44, "total_segments_count": 4, "pitch_range": "17.9° – 32.8°", "weighted_pitch_deg": 26.8, "max_panels_count": 31, "sunshine_hours_annual": 1587.98, "panel_capacity_wp": 400, "installed_capacity_kwp": 12.4, "google_dc_mwh": 18.61, "annual_generation_kwh": 15752.77, "annual_generation_mwh": 15.75, "carbon_offset_factor": 809.0, "ghg_reduction_tons_co2": 12.74, "path_dsm_geotiff": null, "path_rgb_geotiff": null, "path_mask_geotiff": null, "path_flux_geotiff": null, "preview_rgb_png": null, "preview_panels_png": null, "preview_segments_png": null, "preview_dsm_png": null, "preview_mask_png": null, "preview_flux_png": null, "gap_category": "Gap Besar" }, "geometry": { "type": "Point", "coordinates": [ 106.797232, -6.20792 ] } },
{ "type": "Feature", "properties": { "asset_id": "KRL-0032", "asset_name": "Stasiun Pasar Minggu", "category": "krl", "category_display": "Stasiun KRL Commuter Line", "city_regency": "Jakarta Timur", "postal_code": "12510", "source_raw_file": "krl_stations.csv", "raw_lat": -6.283332, "raw_lon": 106.844856, "google_building_id": "buildings/ChIJIXc1e2zyaS4RTcQRHotq6rg", "google_maps_url": "https://www.google.com/maps/search/?api=1&query=-6.283576,106.844855", "google_center_lat": -6.2835759, "google_center_lon": 106.8448552, "spatial_drift_meters": 27.12, "drift_status": "VALID (< 30m)", "imagery_date": "2025-08-16", "quality_tier": "BASE", "whole_roof_area_m2": 136.37, "max_roof_area_m2": 90.32, "roof_suitability_ratio_pct": 66.2, "building_footprint_m2": 196.84, "roof_coverage_ratio_pct": 69.3, "gap_unsegmented_pct": 30.7, "gap_unsegmented_m2": 60.47, "gap_unpanelled_m2": 46.05, "total_gap_m2": 106.52, "total_segments_count": 2, "pitch_range": "8.8° – 11.0°", "weighted_pitch_deg": 9.8, "max_panels_count": 46, "sunshine_hours_annual": 1621.04, "panel_capacity_wp": 400, "installed_capacity_kwp": 18.4, "google_dc_mwh": 28.5, "annual_generation_kwh": 23861.69, "annual_generation_mwh": 23.86, "carbon_offset_factor": 809.0, "ghg_reduction_tons_co2": 19.3, "path_dsm_geotiff": null, "path_rgb_geotiff": null, "path_mask_geotiff": null, "path_flux_geotiff": null, "preview_rgb_png": null, "preview_panels_png": null, "preview_segments_png": null, "preview_dsm_png": null, "preview_mask_png": null, "preview_flux_png": null, "gap_category": "Gap Besar" }, "geometry": { "type": "Point", "coordinates": [ 106.844856, -6.283332 ] } },
{ "type": "Feature", "properties": { "asset_id": "KRL-0033", "asset_name": "Stasiun Pasar Minggu Baru", "category": "krl", "category_display": "Stasiun KRL Commuter Line", "city_regency": "Jakarta Timur", "postal_code": "12510", "source_raw_file": "krl_stations.csv", "raw_lat": -6.262759, "raw_lon": 106.851882, "google_building_id": "buildings/ChIJxbvqDE7yaS4RVRaoIk3HjCw", "google_maps_url": "https://www.google.com/maps/search/?api=1&query=-6.262803,106.851831", "google_center_lat": -6.2628026, "google_center_lon": 106.8518309, "spatial_drift_meters": 7.44, "drift_status": "VALID (< 30m)", "imagery_date": "2025-08-16", "quality_tier": "BASE", "whole_roof_area_m2": 57.11, "max_roof_area_m2": 31.42, "roof_suitability_ratio_pct": 55.0, "building_footprint_m2": 64.6, "roof_coverage_ratio_pct": 88.4, "gap_unsegmented_pct": 11.6, "gap_unsegmented_m2": 7.5, "gap_unpanelled_m2": 25.69, "total_gap_m2": 33.19, "total_segments_count": 2, "pitch_range": "18.4° – 34.2°", "weighted_pitch_deg": 26.0, "max_panels_count": 16, "sunshine_hours_annual": 1598.17, "panel_capacity_wp": 400, "installed_capacity_kwp": 6.4, "google_dc_mwh": 9.6, "annual_generation_kwh": 8182.65, "annual_generation_mwh": 8.18, "carbon_offset_factor": 809.0, "ghg_reduction_tons_co2": 6.62, "path_dsm_geotiff": null, "path_rgb_geotiff": null, "path_mask_geotiff": null, "path_flux_geotiff": null, "preview_rgb_png": null, "preview_panels_png": null, "preview_segments_png": null, "preview_dsm_png": null, "preview_mask_png": null, "preview_flux_png": null, "gap_category": "Gap Sedikit" }, "geometry": { "type": "Point", "coordinates": [ 106.851882, -6.262759 ] } },
{ "type": "Feature", "properties": { "asset_id": "KRL-0034", "asset_name": "Stasiun Pasar Senen", "category": "krl", "category_display": "Stasiun KRL Commuter Line", "city_regency": "Jakarta Pusat", "postal_code": "10460", "source_raw_file": "krl_stations.csv", "raw_lat": -6.174423, "raw_lon": 106.844574, "google_building_id": "buildings/ChIJt-XP5bT1aS4RxEvZI--imjg", "google_maps_url": "https://www.google.com/maps/search/?api=1&query=-6.174138,106.844768", "google_center_lat": -6.174138, "google_center_lon": 106.8447676, "spatial_drift_meters": 38.24, "drift_status": "REVIEW (> 30m)", "imagery_date": "2024-10-26", "quality_tier": "BASE", "whole_roof_area_m2": 18.48, "max_roof_area_m2": 7.85, "roof_suitability_ratio_pct": 42.5, "building_footprint_m2": 18.48, "roof_coverage_ratio_pct": 100.0, "gap_unsegmented_pct": 0.0, "gap_unsegmented_m2": 0.0, "gap_unpanelled_m2": 10.62, "total_gap_m2": 10.62, "total_segments_count": 1, "pitch_range": "3.0° – 3.0°", "weighted_pitch_deg": 3.0, "max_panels_count": 4, "sunshine_hours_annual": 1402.72, "panel_capacity_wp": 400, "installed_capacity_kwp": 1.6, "google_dc_mwh": 2.13, "annual_generation_kwh": 1795.48, "annual_generation_mwh": 1.8, "carbon_offset_factor": 809.0, "ghg_reduction_tons_co2": 1.45, "path_dsm_geotiff": null, "path_rgb_geotiff": null, "path_mask_geotiff": null, "path_flux_geotiff": null, "preview_rgb_png": null, "preview_panels_png": null, "preview_segments_png": null, "preview_dsm_png": null, "preview_mask_png": null, "preview_flux_png": null, "gap_category": "Gap Sedikit" }, "geometry": { "type": "Point", "coordinates": [ 106.844574, -6.174423 ] } },
{ "type": "Feature", "properties": { "asset_id": "KRL-0035", "asset_name": "Stasiun Pasoso", "category": "krl", "category_display": "Stasiun KRL Commuter Line", "city_regency": "Jakarta Utara", "postal_code": "14310", "source_raw_file": "krl_stations.csv", "raw_lat": -6.109419, "raw_lon": 106.885443, "google_building_id": "buildings/ChIJ_zmV9L4fai4RKlNcbUd9KP4", "google_maps_url": "https://www.google.com/maps/search/?api=1&query=-6.109530,106.885402", "google_center_lat": -6.10953, "google_center_lon": 106.8854015, "spatial_drift_meters": 13.17, "drift_status": "VALID (< 30m)", "imagery_date": "2025-07-26", "quality_tier": "BASE", "whole_roof_area_m2": 23.39, "max_roof_area_m2": 15.71, "roof_suitability_ratio_pct": 67.2, "building_footprint_m2": 27.61, "roof_coverage_ratio_pct": 84.7, "gap_unsegmented_pct": 15.3, "gap_unsegmented_m2": 4.22, "gap_unpanelled_m2": 7.68, "total_gap_m2": 11.9, "total_segments_count": 1, "pitch_range": "7.9° – 7.9°", "weighted_pitch_deg": 7.9, "max_panels_count": 8, "sunshine_hours_annual": 1718.4, "panel_capacity_wp": 400, "installed_capacity_kwp": 3.2, "google_dc_mwh": 5.38, "annual_generation_kwh": 4399.12, "annual_generation_mwh": 4.4, "carbon_offset_factor": 809.0, "ghg_reduction_tons_co2": 3.56, "path_dsm_geotiff": null, "path_rgb_geotiff": null, "path_mask_geotiff": null, "path_flux_geotiff": null, "preview_rgb_png": null, "preview_panels_png": null, "preview_segments_png": null, "preview_dsm_png": null, "preview_mask_png": null, "preview_flux_png": null, "gap_category": "Gap Sedikit" }, "geometry": { "type": "Point", "coordinates": [ 106.885443, -6.109419 ] } },
{ "type": "Feature", "properties": { "asset_id": "KRL-0036", "asset_name": "Stasiun Pesing", "category": "krl", "category_display": "Stasiun KRL Commuter Line", "city_regency": "Jakarta Barat", "postal_code": "11460", "source_raw_file": "krl_stations.csv", "raw_lat": -6.161252, "raw_lon": 106.771908, "google_building_id": "buildings/ChIJ87dSPEv2aS4RrnZFQ1SgNpI", "google_maps_url": "https://www.google.com/maps/search/?api=1&query=-6.161098,106.771942", "google_center_lat": -6.1610983, "google_center_lon": 106.7719422, "spatial_drift_meters": 17.5, "drift_status": "VALID (< 30m)", "imagery_date": "2024-09-19", "quality_tier": "BASE", "whole_roof_area_m2": 113.6, "max_roof_area_m2": 72.65, "roof_suitability_ratio_pct": 64.0, "building_footprint_m2": 124.67, "roof_coverage_ratio_pct": 91.1, "gap_unsegmented_pct": 8.9, "gap_unsegmented_m2": 11.08, "gap_unpanelled_m2": 40.94, "total_gap_m2": 52.02, "total_segments_count": 3, "pitch_range": "13.4° – 25.8°", "weighted_pitch_deg": 17.2, "max_panels_count": 37, "sunshine_hours_annual": 1616.95, "panel_capacity_wp": 400, "installed_capacity_kwp": 14.8, "google_dc_mwh": 22.51, "annual_generation_kwh": 19144.66, "annual_generation_mwh": 19.14, "carbon_offset_factor": 809.0, "ghg_reduction_tons_co2": 15.49, "path_dsm_geotiff": null, "path_rgb_geotiff": null, "path_mask_geotiff": null, "path_flux_geotiff": null, "preview_rgb_png": null, "preview_panels_png": null, "preview_segments_png": null, "preview_dsm_png": null, "preview_mask_png": null, "preview_flux_png": null, "gap_category": "Gap Sedikit" }, "geometry": { "type": "Point", "coordinates": [ 106.771908, -6.161252 ] } },
{ "type": "Feature", "properties": { "asset_id": "KRL-0037", "asset_name": "Stasiun Pondok Jati", "category": "krl", "category_display": "Stasiun KRL Commuter Line", "city_regency": "Jakarta Timur", "postal_code": "13140", "source_raw_file": "krl_stations.csv", "raw_lat": -6.209124, "raw_lon": 106.862342, "google_building_id": "buildings/ChIJHfMTrX30aS4R2Raw27dOoVI", "google_maps_url": "https://www.google.com/maps/search/?api=1&query=-6.209159,106.862249", "google_center_lat": -6.2091593, "google_center_lon": 106.8622486, "spatial_drift_meters": 11.05, "drift_status": "VALID (< 30m)", "imagery_date": "2025-08-16", "quality_tier": "BASE", "whole_roof_area_m2": 267.2, "max_roof_area_m2": 186.54, "roof_suitability_ratio_pct": 69.8, "building_footprint_m2": 318.37, "roof_coverage_ratio_pct": 83.9, "gap_unsegmented_pct": 16.1, "gap_unsegmented_m2": 51.18, "gap_unpanelled_m2": 80.66, "total_gap_m2": 131.83, "total_segments_count": 5, "pitch_range": "3.3° – 29.2°", "weighted_pitch_deg": 9.3, "max_panels_count": 95, "sunshine_hours_annual": 1650.99, "panel_capacity_wp": 400, "installed_capacity_kwp": 38.0, "google_dc_mwh": 61.37, "annual_generation_kwh": 50190.21, "annual_generation_mwh": 50.19, "carbon_offset_factor": 809.0, "ghg_reduction_tons_co2": 40.6, "path_dsm_geotiff": null, "path_rgb_geotiff": null, "path_mask_geotiff": null, "path_flux_geotiff": null, "preview_rgb_png": null, "preview_panels_png": null, "preview_segments_png": null, "preview_dsm_png": null, "preview_mask_png": null, "preview_flux_png": null, "gap_category": "Gap Sedikit" }, "geometry": { "type": "Point", "coordinates": [ 106.862342, -6.209124 ] } },
{ "type": "Feature", "properties": { "asset_id": "KRL-0038", "asset_name": "Stasiun Rajawali", "category": "krl", "category_display": "Stasiun KRL Commuter Line", "city_regency": "Jakarta Utara", "postal_code": "10720", "source_raw_file": "krl_stations.csv", "raw_lat": -6.1451, "raw_lon": 106.836832, "google_building_id": "buildings/ChIJeZ6LDPL1aS4R9Sr62wqbO6Y", "google_maps_url": "https://www.google.com/maps/search/?api=1&query=-6.144990,106.836844", "google_center_lat": -6.1449897, "google_center_lon": 106.8368437, "spatial_drift_meters": 12.33, "drift_status": "VALID (< 30m)", "imagery_date": "2025-07-26", "quality_tier": "BASE", "whole_roof_area_m2": 107.5, "max_roof_area_m2": 58.91, "roof_suitability_ratio_pct": 54.8, "building_footprint_m2": 210.48, "roof_coverage_ratio_pct": 51.1, "gap_unsegmented_pct": 48.9, "gap_unsegmented_m2": 102.98, "gap_unpanelled_m2": 48.59, "total_gap_m2": 151.58, "total_segments_count": 2, "pitch_range": "5.4° – 6.0°", "weighted_pitch_deg": 5.7, "max_panels_count": 30, "sunshine_hours_annual": 1638.84, "panel_capacity_wp": 400, "installed_capacity_kwp": 12.0, "google_dc_mwh": 18.98, "annual_generation_kwh": 15732.91, "annual_generation_mwh": 15.73, "carbon_offset_factor": 809.0, "ghg_reduction_tons_co2": 12.73, "path_dsm_geotiff": null, "path_rgb_geotiff": null, "path_mask_geotiff": null, "path_flux_geotiff": null, "preview_rgb_png": null, "preview_panels_png": null, "preview_segments_png": null, "preview_dsm_png": null, "preview_mask_png": null, "preview_flux_png": null, "gap_category": "Gap Besar" }, "geometry": { "type": "Point", "coordinates": [ 106.836832, -6.1451 ] } },
{ "type": "Feature", "properties": { "asset_id": "KRL-0039", "asset_name": "Stasiun Rawa Buaya", "category": "krl", "category_display": "Stasiun KRL Commuter Line", "city_regency": "Kota Tangerang", "postal_code": "11750", "source_raw_file": "krl_stations.csv", "raw_lat": -6.162744, "raw_lon": 106.722754, "google_building_id": "buildings/ChIJUeqTmyD4aS4RQ-U5FgEkEbQ", "google_maps_url": "https://www.google.com/maps/search/?api=1&query=-6.162733,106.722722", "google_center_lat": -6.1627335, "google_center_lon": 106.7227223, "spatial_drift_meters": 3.69, "drift_status": "VALID (< 30m)", "imagery_date": "2024-09-19", "quality_tier": "BASE", "whole_roof_area_m2": 949.81, "max_roof_area_m2": 632.26, "roof_suitability_ratio_pct": 66.6, "building_footprint_m2": 1134.31, "roof_coverage_ratio_pct": 83.7, "gap_unsegmented_pct": 16.3, "gap_unsegmented_m2": 184.49, "gap_unpanelled_m2": 317.55, "total_gap_m2": 502.04, "total_segments_count": 4, "pitch_range": "2.1° – 6.1°", "weighted_pitch_deg": 4.9, "max_panels_count": 322, "sunshine_hours_annual": 1692.29, "panel_capacity_wp": 400, "installed_capacity_kwp": 128.8, "google_dc_mwh": 209.4, "annual_generation_kwh": 174373.97, "annual_generation_mwh": 174.37, "carbon_offset_factor": 809.0, "ghg_reduction_tons_co2": 141.07, "path_dsm_geotiff": null, "path_rgb_geotiff": null, "path_mask_geotiff": null, "path_flux_geotiff": null, "preview_rgb_png": null, "preview_panels_png": null, "preview_segments_png": null, "preview_dsm_png": null, "preview_mask_png": null, "preview_flux_png": null, "gap_category": "Gap Sedikit" }, "geometry": { "type": "Point", "coordinates": [ 106.722754, -6.162744 ] } },
{ "type": "Feature", "properties": { "asset_id": "KRL-0040", "asset_name": "Stasiun Sawah Besar", "category": "krl", "category_display": "Stasiun KRL Commuter Line", "city_regency": "Jakarta Pusat", "postal_code": "11160", "source_raw_file": "krl_stations.csv", "raw_lat": -6.160667, "raw_lon": 106.827655, "google_building_id": "buildings/ChIJ1X8znNz1aS4RW8aZ3TeC6zY", "google_maps_url": "https://www.google.com/maps/search/?api=1&query=-6.160821,106.827700", "google_center_lat": -6.1608206, "google_center_lon": 106.8276996, "spatial_drift_meters": 17.78, "drift_status": "VALID (< 30m)", "imagery_date": "2025-07-26", "quality_tier": "BASE", "whole_roof_area_m2": 4025.53, "max_roof_area_m2": 3222.19, "roof_suitability_ratio_pct": 80.0, "building_footprint_m2": 5043.31, "roof_coverage_ratio_pct": 79.8, "gap_unsegmented_pct": 20.2, "gap_unsegmented_m2": 1017.78, "gap_unpanelled_m2": 803.34, "total_gap_m2": 1821.11, "total_segments_count": 21, "pitch_range": "1.0° – 20.2°", "weighted_pitch_deg": 13.0, "max_panels_count": 1641, "sunshine_hours_annual": 1653.68, "panel_capacity_wp": 400, "installed_capacity_kwp": 656.4, "google_dc_mwh": 1038.18, "annual_generation_kwh": 868382.96, "annual_generation_mwh": 868.38, "carbon_offset_factor": 809.0, "ghg_reduction_tons_co2": 702.52, "path_dsm_geotiff": null, "path_rgb_geotiff": null, "path_mask_geotiff": null, "path_flux_geotiff": null, "preview_rgb_png": null, "preview_panels_png": null, "preview_segments_png": null, "preview_dsm_png": null, "preview_mask_png": null, "preview_flux_png": null, "gap_category": "Gap Sedang" }, "geometry": { "type": "Point", "coordinates": [ 106.827655, -6.160667 ] } },
{ "type": "Feature", "properties": { "asset_id": "KRL-0042", "asset_name": "Stasiun Sungai Lagoa", "category": "krl", "category_display": "Stasiun KRL Commuter Line", "city_regency": "Jakarta Utara", "postal_code": "14310", "source_raw_file": "krl_stations.csv", "raw_lat": -6.111888, "raw_lon": 106.877825, "google_building_id": "buildings/ChIJAZLSPbgfai4R_yh9p2mxdQU", "google_maps_url": "https://www.google.com/maps/search/?api=1&query=-6.112039,106.877905", "google_center_lat": -6.1120391, "google_center_lon": 106.8779048, "spatial_drift_meters": 18.98, "drift_status": "VALID (< 30m)", "imagery_date": "2025-07-26", "quality_tier": "BASE", "whole_roof_area_m2": 99.22, "max_roof_area_m2": 66.76, "roof_suitability_ratio_pct": 67.3, "building_footprint_m2": 123.34, "roof_coverage_ratio_pct": 80.4, "gap_unsegmented_pct": 19.6, "gap_unsegmented_m2": 24.12, "gap_unpanelled_m2": 32.46, "total_gap_m2": 56.58, "total_segments_count": 2, "pitch_range": "16.9° – 20.4°", "weighted_pitch_deg": 18.5, "max_panels_count": 34, "sunshine_hours_annual": 1708.4, "panel_capacity_wp": 400, "installed_capacity_kwp": 13.6, "google_dc_mwh": 21.98, "annual_generation_kwh": 18587.41, "annual_generation_mwh": 18.59, "carbon_offset_factor": 809.0, "ghg_reduction_tons_co2": 15.04, "path_dsm_geotiff": null, "path_rgb_geotiff": null, "path_mask_geotiff": null, "path_flux_geotiff": null, "preview_rgb_png": null, "preview_panels_png": null, "preview_segments_png": null, "preview_dsm_png": null, "preview_mask_png": null, "preview_flux_png": null, "gap_category": "Gap Sedikit" }, "geometry": { "type": "Point", "coordinates": [ 106.877825, -6.111888 ] } },
{ "type": "Feature", "properties": { "asset_id": "KRL-0043", "asset_name": "Stasiun Taman Kota", "category": "krl", "category_display": "Stasiun KRL Commuter Line", "city_regency": "Jakarta Utara", "postal_code": "11610", "source_raw_file": "krl_stations.csv", "raw_lat": -6.158627, "raw_lon": 106.756573, "google_building_id": "buildings/ChIJ-9_ierj3aS4RXjGp8FZENA0", "google_maps_url": "https://www.google.com/maps/search/?api=1&query=-6.158723,106.756443", "google_center_lat": -6.1587227, "google_center_lon": 106.7564431, "spatial_drift_meters": 17.87, "drift_status": "VALID (< 30m)", "imagery_date": "2024-09-19", "quality_tier": "BASE", "whole_roof_area_m2": 143.07, "max_roof_area_m2": 92.29, "roof_suitability_ratio_pct": 64.5, "building_footprint_m2": 171.37, "roof_coverage_ratio_pct": 83.5, "gap_unsegmented_pct": 16.5, "gap_unsegmented_m2": 28.3, "gap_unpanelled_m2": 50.78, "total_gap_m2": 79.08, "total_segments_count": 3, "pitch_range": "2.3° – 9.1°", "weighted_pitch_deg": 5.8, "max_panels_count": 47, "sunshine_hours_annual": 1652.49, "panel_capacity_wp": 400, "installed_capacity_kwp": 18.8, "google_dc_mwh": 30.56, "annual_generation_kwh": 24853.4, "annual_generation_mwh": 24.85, "carbon_offset_factor": 809.0, "ghg_reduction_tons_co2": 20.11, "path_dsm_geotiff": null, "path_rgb_geotiff": null, "path_mask_geotiff": null, "path_flux_geotiff": null, "preview_rgb_png": null, "preview_panels_png": null, "preview_segments_png": null, "preview_dsm_png": null, "preview_mask_png": null, "preview_flux_png": null, "gap_category": "Gap Sedikit" }, "geometry": { "type": "Point", "coordinates": [ 106.756573, -6.158627 ] } },
{ "type": "Feature", "properties": { "asset_id": "KRL-0045", "asset_name": "Stasiun Tanjung Barat", "category": "krl", "category_display": "Stasiun KRL Commuter Line", "city_regency": "Jakarta Timur", "postal_code": "12610", "source_raw_file": "krl_stations.csv", "raw_lat": -6.308041, "raw_lon": 106.838949, "google_building_id": "buildings/ChIJ6W73i_LtaS4RkVXxJM1rWOc", "google_maps_url": "https://www.google.com/maps/search/?api=1&query=-6.308081,106.838880", "google_center_lat": -6.3080808, "google_center_lon": 106.83888, "spatial_drift_meters": 8.82, "drift_status": "VALID (< 30m)", "imagery_date": "2024-10-26", "quality_tier": "BASE", "whole_roof_area_m2": 1356.42, "max_roof_area_m2": 1028.9, "roof_suitability_ratio_pct": 75.9, "building_footprint_m2": 1656.29, "roof_coverage_ratio_pct": 81.9, "gap_unsegmented_pct": 18.1, "gap_unsegmented_m2": 299.87, "gap_unpanelled_m2": 327.51, "total_gap_m2": 627.38, "total_segments_count": 11, "pitch_range": "1.6° – 36.3°", "weighted_pitch_deg": 5.4, "max_panels_count": 524, "sunshine_hours_annual": 1612.34, "panel_capacity_wp": 400, "installed_capacity_kwp": 209.6, "google_dc_mwh": 322.29, "annual_generation_kwh": 270357.88, "annual_generation_mwh": 270.36, "carbon_offset_factor": 809.0, "ghg_reduction_tons_co2": 218.72, "path_dsm_geotiff": null, "path_rgb_geotiff": null, "path_mask_geotiff": null, "path_flux_geotiff": null, "preview_rgb_png": null, "preview_panels_png": null, "preview_segments_png": null, "preview_dsm_png": null, "preview_mask_png": null, "preview_flux_png": null, "gap_category": "Gap Sedikit" }, "geometry": { "type": "Point", "coordinates": [ 106.838949, -6.308041 ] } },
{ "type": "Feature", "properties": { "asset_id": "KRL-0046", "asset_name": "Stasiun Tanjung Priok", "category": "krl", "category_display": "Stasiun KRL Commuter Line", "city_regency": "Jakarta Utara", "postal_code": "14310", "source_raw_file": "krl_stations.csv", "raw_lat": -6.110691, "raw_lon": 106.881498, "google_building_id": "buildings/ChIJG76f3rgfai4RyGGpBkjnpBM", "google_maps_url": "https://www.google.com/maps/search/?api=1&query=-6.111115,106.881531", "google_center_lat": -6.111115, "google_center_lon": 106.881531, "spatial_drift_meters": 47.29, "drift_status": "REVIEW (> 30m)", "imagery_date": "2025-07-26", "quality_tier": "BASE", "whole_roof_area_m2": 62.55, "max_roof_area_m2": 37.31, "roof_suitability_ratio_pct": 59.6, "building_footprint_m2": 83.48, "roof_coverage_ratio_pct": 74.9, "gap_unsegmented_pct": 25.1, "gap_unsegmented_m2": 20.93, "gap_unpanelled_m2": 25.25, "total_gap_m2": 46.18, "total_segments_count": 2, "pitch_range": "4.9° – 7.0°", "weighted_pitch_deg": 5.8, "max_panels_count": 19, "sunshine_hours_annual": 1699.5, "panel_capacity_wp": 400, "installed_capacity_kwp": 7.6, "google_dc_mwh": 12.8, "annual_generation_kwh": 10332.98, "annual_generation_mwh": 10.33, "carbon_offset_factor": 809.0, "ghg_reduction_tons_co2": 8.36, "path_dsm_geotiff": null, "path_rgb_geotiff": null, "path_mask_geotiff": null, "path_flux_geotiff": null, "preview_rgb_png": null, "preview_panels_png": null, "preview_segments_png": null, "preview_dsm_png": null, "preview_mask_png": null, "preview_flux_png": null, "gap_category": "Gap Sedang" }, "geometry": { "type": "Point", "coordinates": [ 106.881498, -6.110691 ] } },
{ "type": "Feature", "properties": { "asset_id": "KRL-0047", "asset_name": "Stasiun Tebet", "category": "krl", "category_display": "Stasiun KRL Commuter Line", "city_regency": "Jakarta Timur", "postal_code": "12820", "source_raw_file": "krl_stations.csv", "raw_lat": -6.226398, "raw_lon": 106.858439, "google_building_id": "buildings/GhIJlmfLR_HnGMARG46fTO62WkA", "google_maps_url": "https://www.google.com/maps/search/?api=1&query=-6.226480,106.858288", "google_center_lat": -6.2264797, "google_center_lon": 106.858288, "spatial_drift_meters": 19.0, "drift_status": "VALID (< 30m)", "imagery_date": "2025-08-16", "quality_tier": "BASE", "whole_roof_area_m2": 157.46, "max_roof_area_m2": 109.96, "roof_suitability_ratio_pct": 69.8, "building_footprint_m2": 191.97, "roof_coverage_ratio_pct": 82.0, "gap_unsegmented_pct": 18.0, "gap_unsegmented_m2": 34.51, "gap_unpanelled_m2": 47.5, "total_gap_m2": 82.01, "total_segments_count": 1, "pitch_range": "7.5° – 7.5°", "weighted_pitch_deg": 7.5, "max_panels_count": 56, "sunshine_hours_annual": 1619.18, "panel_capacity_wp": 400, "installed_capacity_kwp": 22.4, "google_dc_mwh": 35.11, "annual_generation_kwh": 29015.74, "annual_generation_mwh": 29.02, "carbon_offset_factor": 809.0, "ghg_reduction_tons_co2": 23.47, "path_dsm_geotiff": null, "path_rgb_geotiff": null, "path_mask_geotiff": null, "path_flux_geotiff": null, "preview_rgb_png": null, "preview_panels_png": null, "preview_segments_png": null, "preview_dsm_png": null, "preview_mask_png": null, "preview_flux_png": null, "gap_category": "Gap Sedikit" }, "geometry": { "type": "Point", "coordinates": [ 106.858439, -6.226398 ] } },
{ "type": "Feature", "properties": { "asset_id": "KRL-0048", "asset_name": "Stasiun Universitas Pancasila", "category": "krl", "category_display": "Stasiun KRL Commuter Line", "city_regency": "Kota Depok", "postal_code": "12630", "source_raw_file": "krl_stations.csv", "raw_lat": -6.339345, "raw_lon": 106.834263, "google_building_id": "buildings/ChIJ7TFTtsztaS4R1KXvT5H_MsI", "google_maps_url": "https://www.google.com/maps/search/?api=1&query=-6.339171,106.834167", "google_center_lat": -6.3391709, "google_center_lon": 106.8341668, "spatial_drift_meters": 22.09, "drift_status": "VALID (< 30m)", "imagery_date": "2024-02-22", "quality_tier": "BASE", "whole_roof_area_m2": 30.52, "max_roof_area_m2": 17.67, "roof_suitability_ratio_pct": 57.9, "building_footprint_m2": 33.47, "roof_coverage_ratio_pct": 91.2, "gap_unsegmented_pct": 8.8, "gap_unsegmented_m2": 2.95, "gap_unpanelled_m2": 12.85, "total_gap_m2": 15.8, "total_segments_count": 1, "pitch_range": "6.7° – 6.7°", "weighted_pitch_deg": 6.7, "max_panels_count": 9, "sunshine_hours_annual": 1598.44, "panel_capacity_wp": 400, "installed_capacity_kwp": 3.6, "google_dc_mwh": 5.52, "annual_generation_kwh": 4603.51, "annual_generation_mwh": 4.6, "carbon_offset_factor": 809.0, "ghg_reduction_tons_co2": 3.72, "path_dsm_geotiff": null, "path_rgb_geotiff": null, "path_mask_geotiff": null, "path_flux_geotiff": null, "preview_rgb_png": null, "preview_panels_png": null, "preview_segments_png": null, "preview_dsm_png": null, "preview_mask_png": null, "preview_flux_png": null, "gap_category": "Gap Sedikit" }, "geometry": { "type": "Point", "coordinates": [ 106.834263, -6.339345 ] } },
{ "type": "Feature", "properties": { "asset_id": "KRL-0050", "asset_name": "Stasiun KRL Karet", "category": "krl", "category_display": "Stasiun KRL Commuter Line", "city_regency": "Jakarta Pusat", "postal_code": "10230", "source_raw_file": "stations_jakarta.gpkg:4849205568", "raw_lat": -6.200954, "raw_lon": 106.81677, "google_building_id": "buildings/ChIJcd_RlaD2aS4R82dANby25mA", "google_maps_url": "https://www.google.com/maps/search/?api=1&query=-6.200799,106.816698", "google_center_lat": -6.2007994, "google_center_lon": 106.8166979, "spatial_drift_meters": 18.95, "drift_status": "VALID (< 30m)", "imagery_date": "2025-08-16", "quality_tier": "BASE", "whole_roof_area_m2": 45.86, "max_roof_area_m2": 29.45, "roof_suitability_ratio_pct": 64.2, "building_footprint_m2": 51.43, "roof_coverage_ratio_pct": 89.2, "gap_unsegmented_pct": 10.8, "gap_unsegmented_m2": 5.58, "gap_unpanelled_m2": 16.4, "total_gap_m2": 21.98, "total_segments_count": 2, "pitch_range": "2.6° – 5.1°", "weighted_pitch_deg": 4.3, "max_panels_count": 15, "sunshine_hours_annual": 1611.5, "panel_capacity_wp": 400, "installed_capacity_kwp": 6.0, "google_dc_mwh": 9.36, "annual_generation_kwh": 7735.18, "annual_generation_mwh": 7.74, "carbon_offset_factor": 809.0, "ghg_reduction_tons_co2": 6.26, "path_dsm_geotiff": null, "path_rgb_geotiff": null, "path_mask_geotiff": null, "path_flux_geotiff": null, "preview_rgb_png": null, "preview_panels_png": null, "preview_segments_png": null, "preview_dsm_png": null, "preview_mask_png": null, "preview_flux_png": null, "gap_category": "Gap Sedikit" }, "geometry": { "type": "Point", "coordinates": [ 106.81677, -6.200954 ] } },
{ "type": "Feature", "properties": { "asset_id": "KRL-0051", "asset_name": "Stasiun KRL Taman Mini", "category": "krl", "category_display": "Stasiun KRL Commuter Line", "city_regency": "Jakarta Timur", "postal_code": "13560", "source_raw_file": "stations_jakarta.gpkg:4907843137", "raw_lat": -6.292909, "raw_lon": 106.880558, "google_building_id": "buildings/ChIJew7Cb5zyaS4Rg7afjax5Tuc", "google_maps_url": "https://www.google.com/maps/search/?api=1&query=-6.292894,106.880761", "google_center_lat": -6.2928936, "google_center_lon": 106.8807607, "spatial_drift_meters": 22.47, "drift_status": "VALID (< 30m)", "imagery_date": "2025-08-16", "quality_tier": "BASE", "whole_roof_area_m2": 883.63, "max_roof_area_m2": 630.3, "roof_suitability_ratio_pct": 71.3, "building_footprint_m2": 982.47, "roof_coverage_ratio_pct": 89.9, "gap_unsegmented_pct": 10.1, "gap_unsegmented_m2": 98.84, "gap_unpanelled_m2": 253.33, "total_gap_m2": 352.17, "total_segments_count": 8, "pitch_range": "1.0° – 22.6°", "weighted_pitch_deg": 11.0, "max_panels_count": 321, "sunshine_hours_annual": 1644.97, "panel_capacity_wp": 400, "installed_capacity_kwp": 128.4, "google_dc_mwh": 203.76, "annual_generation_kwh": 168971.27, "annual_generation_mwh": 168.97, "carbon_offset_factor": 809.0, "ghg_reduction_tons_co2": 136.7, "path_dsm_geotiff": null, "path_rgb_geotiff": null, "path_mask_geotiff": null, "path_flux_geotiff": null, "preview_rgb_png": null, "preview_panels_png": null, "preview_segments_png": null, "preview_dsm_png": null, "preview_mask_png": null, "preview_flux_png": null, "gap_category": "Gap Sedikit" }, "geometry": { "type": "Point", "coordinates": [ 106.880558, -6.292909 ] } },
{ "type": "Feature", "properties": { "asset_id": "KRL-0052", "asset_name": "Stasiun KRL BNI City", "category": "krl", "category_display": "Stasiun KRL Commuter Line", "city_regency": "Jakarta Pusat", "postal_code": "10230", "source_raw_file": "stations_jakarta.gpkg:4908440160", "raw_lat": -6.201594, "raw_lon": 106.819717, "google_building_id": "buildings/ChIJv-zucR70aS4R4HAMRyH0BaU", "google_maps_url": "https://www.google.com/maps/search/?api=1&query=-6.201606,106.819798", "google_center_lat": -6.2016061, "google_center_lon": 106.8197978, "spatial_drift_meters": 9.03, "drift_status": "VALID (< 30m)", "imagery_date": "2025-08-16", "quality_tier": "BASE", "whole_roof_area_m2": 5932.63, "max_roof_area_m2": 5297.67, "roof_suitability_ratio_pct": 89.3, "building_footprint_m2": 6872.64, "roof_coverage_ratio_pct": 86.3, "gap_unsegmented_pct": 13.7, "gap_unsegmented_m2": 940.01, "gap_unpanelled_m2": 634.96, "total_gap_m2": 1574.97, "total_segments_count": 7, "pitch_range": "1.2° – 8.1°", "weighted_pitch_deg": 1.9, "max_panels_count": 2698, "sunshine_hours_annual": 1640.66, "panel_capacity_wp": 400, "installed_capacity_kwp": 1079.2, "google_dc_mwh": 1701.0, "annual_generation_kwh": 1416479.27, "annual_generation_mwh": 1416.48, "carbon_offset_factor": 809.0, "ghg_reduction_tons_co2": 1145.93, "path_dsm_geotiff": null, "path_rgb_geotiff": null, "path_mask_geotiff": null, "path_flux_geotiff": null, "preview_rgb_png": null, "preview_panels_png": null, "preview_segments_png": null, "preview_dsm_png": null, "preview_mask_png": null, "preview_flux_png": null, "gap_category": "Gap Sedikit" }, "geometry": { "type": "Point", "coordinates": [ 106.819717, -6.201594 ] } },
{ "type": "Feature", "properties": { "asset_id": "KRL-0053", "asset_name": "Stasiun KRL Kampung Bandan", "category": "krl", "category_display": "Stasiun KRL Commuter Line", "city_regency": "Jakarta Utara", "postal_code": "14430", "source_raw_file": "stations_jakarta.gpkg:5579655834", "raw_lat": -6.132702, "raw_lon": 106.828487, "google_building_id": "buildings/ChIJExZBIQMeai4R3uQQuqSUGkM", "google_maps_url": "https://www.google.com/maps/search/?api=1&query=-6.132685,106.828500", "google_center_lat": -6.1326854, "google_center_lon": 106.8284997, "spatial_drift_meters": 2.32, "drift_status": "VALID (< 30m)", "imagery_date": "2025-07-26", "quality_tier": "BASE", "whole_roof_area_m2": 366.1, "max_roof_area_m2": 249.37, "roof_suitability_ratio_pct": 68.1, "building_footprint_m2": 492.37, "roof_coverage_ratio_pct": 74.4, "gap_unsegmented_pct": 25.6, "gap_unsegmented_m2": 126.27, "gap_unpanelled_m2": 116.73, "total_gap_m2": 243.0, "total_segments_count": 6, "pitch_range": "5.8° – 21.6°", "weighted_pitch_deg": 11.8, "max_panels_count": 127, "sunshine_hours_annual": 1652.92, "panel_capacity_wp": 400, "installed_capacity_kwp": 50.8, "google_dc_mwh": 79.99, "annual_generation_kwh": 67174.5, "annual_generation_mwh": 67.17, "carbon_offset_factor": 809.0, "ghg_reduction_tons_co2": 54.34, "path_dsm_geotiff": null, "path_rgb_geotiff": null, "path_mask_geotiff": null, "path_flux_geotiff": null, "preview_rgb_png": null, "preview_panels_png": null, "preview_segments_png": null, "preview_dsm_png": null, "preview_mask_png": null, "preview_flux_png": null, "gap_category": "Gap Sedang" }, "geometry": { "type": "Point", "coordinates": [ 106.828487, -6.132702 ] } },
{ "type": "Feature", "properties": { "asset_id": "KRL-0054", "asset_name": "Stasiun KRL Jakarta International Stadium", "category": "krl", "category_display": "Stasiun KRL Commuter Line", "city_regency": "Jakarta Utara", "postal_code": "14340", "source_raw_file": "stations_jakarta.gpkg:5726702622", "raw_lat": -6.122821, "raw_lon": 106.86136, "google_building_id": "buildings/GhIJ143Uqqp9GMARJ-E4gBy3WkA", "google_maps_url": "https://www.google.com/maps/search/?api=1&query=-6.122717,106.861114", "google_center_lat": -6.1227168, "google_center_lon": 106.8611141, "spatial_drift_meters": 29.55, "drift_status": "VALID (< 30m)", "imagery_date": "2025-07-26", "quality_tier": "BASE", "whole_roof_area_m2": 23.96, "max_roof_area_m2": 13.74, "roof_suitability_ratio_pct": 57.4, "building_footprint_m2": 23.96, "roof_coverage_ratio_pct": 100.0, "gap_unsegmented_pct": 0.0, "gap_unsegmented_m2": 0.0, "gap_unpanelled_m2": 10.22, "total_gap_m2": 10.22, "total_segments_count": 1, "pitch_range": "1.0° – 1.0°", "weighted_pitch_deg": 1.0, "max_panels_count": 7, "sunshine_hours_annual": 1682.9, "panel_capacity_wp": 400, "installed_capacity_kwp": 2.8, "google_dc_mwh": 4.68, "annual_generation_kwh": 3769.71, "annual_generation_mwh": 3.77, "carbon_offset_factor": 809.0, "ghg_reduction_tons_co2": 3.05, "path_dsm_geotiff": null, "path_rgb_geotiff": null, "path_mask_geotiff": null, "path_flux_geotiff": null, "preview_rgb_png": null, "preview_panels_png": null, "preview_segments_png": null, "preview_dsm_png": null, "preview_mask_png": null, "preview_flux_png": null, "gap_category": "Gap Sedikit" }, "geometry": { "type": "Point", "coordinates": [ 106.86136, -6.122821 ] } },
{ "type": "Feature", "properties": { "asset_id": "KRL-0055", "asset_name": "Stasiun KRL Halim", "category": "krl", "category_display": "Stasiun KRL Commuter Line", "city_regency": "Jakarta Timur", "postal_code": "13610", "source_raw_file": "stations_jakarta.gpkg:5851224882", "raw_lat": -6.245635, "raw_lon": 106.884488, "google_building_id": "buildings/ChIJUcXkZRfzaS4R6kD5aGq9q78", "google_maps_url": "https://www.google.com/maps/search/?api=1&query=-6.245661,106.884422", "google_center_lat": -6.2456606, "google_center_lon": 106.8844224, "spatial_drift_meters": 7.79, "drift_status": "VALID (< 30m)", "imagery_date": "2025-08-16", "quality_tier": "BASE", "whole_roof_area_m2": 20729.51, "max_roof_area_m2": 19101.46, "roof_suitability_ratio_pct": 92.1, "building_footprint_m2": 33008.11, "roof_coverage_ratio_pct": 62.8, "gap_unsegmented_pct": 37.2, "gap_unsegmented_m2": 12278.6, "gap_unpanelled_m2": 1628.05, "total_gap_m2": 13906.65, "total_segments_count": 7, "pitch_range": "0.2° – 70.3°", "weighted_pitch_deg": 6.7, "max_panels_count": 9728, "sunshine_hours_annual": 1640.21, "panel_capacity_wp": 400, "installed_capacity_kwp": 3891.2, "google_dc_mwh": 5984.61, "annual_generation_kwh": 5105912.79, "annual_generation_mwh": 5105.91, "carbon_offset_factor": 809.0, "ghg_reduction_tons_co2": 4130.68, "path_dsm_geotiff": null, "path_rgb_geotiff": null, "path_mask_geotiff": null, "path_flux_geotiff": null, "preview_rgb_png": null, "preview_panels_png": null, "preview_segments_png": null, "preview_dsm_png": null, "preview_mask_png": null, "preview_flux_png": null, "gap_category": "Gap Besar" }, "geometry": { "type": "Point", "coordinates": [ 106.884488, -6.245635 ] } },
{ "type": "Feature", "properties": { "asset_id": "KRL-0056", "asset_name": "Stasiun KRL Boulevard Utara", "category": "krl", "category_display": "Stasiun KRL Commuter Line", "city_regency": "Jakarta Utara", "postal_code": "14240", "source_raw_file": "stations_jakarta.gpkg:5984702926", "raw_lat": -6.159437, "raw_lon": 106.905981, "google_building_id": "buildings/ChIJF0CYXTH1aS4R95F9Eoolpds", "google_maps_url": "https://www.google.com/maps/search/?api=1&query=-6.159599,106.905912", "google_center_lat": -6.1595992, "google_center_lon": 106.9059124, "spatial_drift_meters": 19.57, "drift_status": "VALID (< 30m)", "imagery_date": "2025-07-05", "quality_tier": "BASE", "whole_roof_area_m2": 1133.33, "max_roof_area_m2": 830.58, "roof_suitability_ratio_pct": 73.3, "building_footprint_m2": 1454.09, "roof_coverage_ratio_pct": 77.9, "gap_unsegmented_pct": 22.1, "gap_unsegmented_m2": 320.76, "gap_unpanelled_m2": 302.75, "total_gap_m2": 623.51, "total_segments_count": 7, "pitch_range": "1.4° – 9.1°", "weighted_pitch_deg": 3.0, "max_panels_count": 423, "sunshine_hours_annual": 1698.59, "panel_capacity_wp": 400, "installed_capacity_kwp": 169.2, "google_dc_mwh": 281.11, "annual_generation_kwh": 229921.77, "annual_generation_mwh": 229.92, "carbon_offset_factor": 809.0, "ghg_reduction_tons_co2": 186.01, "path_dsm_geotiff": null, "path_rgb_geotiff": null, "path_mask_geotiff": null, "path_flux_geotiff": null, "preview_rgb_png": null, "preview_panels_png": null, "preview_segments_png": null, "preview_dsm_png": null, "preview_mask_png": null, "preview_flux_png": null, "gap_category": "Gap Sedang" }, "geometry": { "type": "Point", "coordinates": [ 106.905981, -6.159437 ] } },
{ "type": "Feature", "properties": { "asset_id": "KRL-0057", "asset_name": "Stasiun KRL Boulevard Selatan", "category": "krl", "category_display": "Stasiun KRL Commuter Line", "city_regency": "Jakarta Timur", "postal_code": "14240", "source_raw_file": "stations_jakarta.gpkg:5984702927", "raw_lat": -6.168993, "raw_lon": 106.900014, "google_building_id": "buildings/ChIJVzbbBSb1aS4RYvsp46p2cis", "google_maps_url": "https://www.google.com/maps/search/?api=1&query=-6.169244,106.899863", "google_center_lat": -6.1692436, "google_center_lon": 106.8998626, "spatial_drift_meters": 32.51, "drift_status": "REVIEW (> 30m)", "imagery_date": "2025-07-26", "quality_tier": "BASE", "whole_roof_area_m2": 4278.8, "max_roof_area_m2": 3365.53, "roof_suitability_ratio_pct": 78.7, "building_footprint_m2": 5786.46, "roof_coverage_ratio_pct": 73.9, "gap_unsegmented_pct": 26.1, "gap_unsegmented_m2": 1507.66, "gap_unpanelled_m2": 913.27, "total_gap_m2": 2420.93, "total_segments_count": 13, "pitch_range": "1.5° – 14.1°", "weighted_pitch_deg": 5.7, "max_panels_count": 1714, "sunshine_hours_annual": 1698.06, "panel_capacity_wp": 400, "installed_capacity_kwp": 685.6, "google_dc_mwh": 1137.95, "annual_generation_kwh": 931354.42, "annual_generation_mwh": 931.35, "carbon_offset_factor": 809.0, "ghg_reduction_tons_co2": 753.46, "path_dsm_geotiff": null, "path_rgb_geotiff": null, "path_mask_geotiff": null, "path_flux_geotiff": null, "preview_rgb_png": null, "preview_panels_png": null, "preview_segments_png": null, "preview_dsm_png": null, "preview_mask_png": null, "preview_flux_png": null, "gap_category": "Gap Sedang" }, "geometry": { "type": "Point", "coordinates": [ 106.900014, -6.168993 ] } },
{ "type": "Feature", "properties": { "asset_id": "KRL-0058", "asset_name": "Stasiun KRL Pulomas", "category": "krl", "category_display": "Stasiun KRL Commuter Line", "city_regency": "Jakarta Timur", "postal_code": "13210", "source_raw_file": "stations_jakarta.gpkg:5984702928", "raw_lat": -6.17731, "raw_lon": 106.893393, "google_building_id": "buildings/ChIJm1a82t70aS4RKu4BkaGFT0I", "google_maps_url": "https://www.google.com/maps/search/?api=1&query=-6.177205,106.893527", "google_center_lat": -6.1772054, "google_center_lon": 106.8935274, "spatial_drift_meters": 18.87, "drift_status": "VALID (< 30m)", "imagery_date": "2025-07-26", "quality_tier": "BASE", "whole_roof_area_m2": 4018.98, "max_roof_area_m2": 3112.23, "roof_suitability_ratio_pct": 77.4, "building_footprint_m2": 4995.6, "roof_coverage_ratio_pct": 80.5, "gap_unsegmented_pct": 19.5, "gap_unsegmented_m2": 976.61, "gap_unpanelled_m2": 906.75, "total_gap_m2": 1883.36, "total_segments_count": 25, "pitch_range": "0.8° – 44.7°", "weighted_pitch_deg": 9.8, "max_panels_count": 1585, "sunshine_hours_annual": 1687.31, "panel_capacity_wp": 400, "installed_capacity_kwp": 634.0, "google_dc_mwh": 1033.13, "annual_generation_kwh": 855804.8, "annual_generation_mwh": 855.8, "carbon_offset_factor": 809.0, "ghg_reduction_tons_co2": 692.35, "path_dsm_geotiff": null, "path_rgb_geotiff": null, "path_mask_geotiff": null, "path_flux_geotiff": null, "preview_rgb_png": null, "preview_panels_png": null, "preview_segments_png": null, "preview_dsm_png": null, "preview_mask_png": null, "preview_flux_png": null, "gap_category": "Gap Sedikit" }, "geometry": { "type": "Point", "coordinates": [ 106.893393, -6.17731 ] } },
{ "type": "Feature", "properties": { "asset_id": "KRL-0059", "asset_name": "Stasiun KRL Equestrian", "category": "krl", "category_display": "Stasiun KRL Commuter Line", "city_regency": "Jakarta Timur", "postal_code": "13210", "source_raw_file": "stations_jakarta.gpkg:5984702929", "raw_lat": -6.184057, "raw_lon": 106.891279, "google_building_id": "buildings/ChIJUxI4Lt30aS4RezySeCpf_ZE", "google_maps_url": "https://www.google.com/maps/search/?api=1&query=-6.184050,106.890953", "google_center_lat": -6.1840499, "google_center_lon": 106.8909526, "spatial_drift_meters": 36.09, "drift_status": "REVIEW (> 30m)", "imagery_date": "2025-08-16", "quality_tier": "BASE", "whole_roof_area_m2": 972.45, "max_roof_area_m2": 781.49, "roof_suitability_ratio_pct": 80.4, "building_footprint_m2": 1141.8, "roof_coverage_ratio_pct": 85.2, "gap_unsegmented_pct": 14.8, "gap_unsegmented_m2": 169.35, "gap_unpanelled_m2": 190.96, "total_gap_m2": 360.31, "total_segments_count": 5, "pitch_range": "8.4° – 15.4°", "weighted_pitch_deg": 13.0, "max_panels_count": 398, "sunshine_hours_annual": 1684.25, "panel_capacity_wp": 400, "installed_capacity_kwp": 159.2, "google_dc_mwh": 257.21, "annual_generation_kwh": 214506.05, "annual_generation_mwh": 214.51, "carbon_offset_factor": 809.0, "ghg_reduction_tons_co2": 173.54, "path_dsm_geotiff": null, "path_rgb_geotiff": null, "path_mask_geotiff": null, "path_flux_geotiff": null, "preview_rgb_png": null, "preview_panels_png": null, "preview_segments_png": null, "preview_dsm_png": null, "preview_mask_png": null, "preview_flux_png": null, "gap_category": "Gap Sedikit" }, "geometry": { "type": "Point", "coordinates": [ 106.891279, -6.184057 ] } },
{ "type": "Feature", "properties": { "asset_id": "KRL-0061", "asset_name": "Stasiun KRL Pegangsaan Dua", "category": "krl", "category_display": "Stasiun KRL Commuter Line", "city_regency": "Jakarta Utara", "postal_code": "14250", "source_raw_file": "stations_jakarta.gpkg:5984702931", "raw_lat": -6.157214, "raw_lon": 106.914209, "google_building_id": "buildings/ChIJPzSzRsuKaS4RiDP6wWgFwjw", "google_maps_url": "https://www.google.com/maps/search/?api=1&query=-6.157230,106.913372", "google_center_lat": -6.1572299, "google_center_lon": 106.913372, "spatial_drift_meters": 92.55, "drift_status": "REVIEW (> 30m)", "imagery_date": "2025-07-05", "quality_tier": "BASE", "whole_roof_area_m2": 106.9, "max_roof_area_m2": 80.51, "roof_suitability_ratio_pct": 75.3, "building_footprint_m2": 138.13, "roof_coverage_ratio_pct": 77.4, "gap_unsegmented_pct": 22.6, "gap_unsegmented_m2": 31.23, "gap_unpanelled_m2": 26.4, "total_gap_m2": 57.62, "total_segments_count": 4, "pitch_range": "16.8° – 24.4°", "weighted_pitch_deg": 20.7, "max_panels_count": 41, "sunshine_hours_annual": 1707.22, "panel_capacity_wp": 400, "installed_capacity_kwp": 16.4, "google_dc_mwh": 25.11, "annual_generation_kwh": 22398.67, "annual_generation_mwh": 22.4, "carbon_offset_factor": 809.0, "ghg_reduction_tons_co2": 18.12, "path_dsm_geotiff": null, "path_rgb_geotiff": null, "path_mask_geotiff": null, "path_flux_geotiff": null, "preview_rgb_png": null, "preview_panels_png": null, "preview_segments_png": null, "preview_dsm_png": null, "preview_mask_png": null, "preview_flux_png": null, "gap_category": "Gap Sedang" }, "geometry": { "type": "Point", "coordinates": [ 106.914209, -6.157214 ] } },
{ "type": "Feature", "properties": { "asset_id": "KRL-0064", "asset_name": "Stasiun KRL Setiabudi Astra", "category": "krl", "category_display": "Stasiun KRL Commuter Line", "city_regency": "Jakarta Pusat", "postal_code": "10250", "source_raw_file": "stations_jakarta.gpkg:6196107721", "raw_lat": -6.209065, "raw_lon": 106.821695, "google_building_id": "buildings/ChIJH1xtGgP0aS4RWmnvutrlzaY", "google_maps_url": "https://www.google.com/maps/search/?api=1&query=-6.208837,106.821468", "google_center_lat": -6.2088374, "google_center_lon": 106.8214678, "spatial_drift_meters": 35.65, "drift_status": "REVIEW (> 30m)", "imagery_date": "2025-08-16", "quality_tier": "BASE", "whole_roof_area_m2": 94.72, "max_roof_area_m2": 62.83, "roof_suitability_ratio_pct": 66.3, "building_footprint_m2": 132.41, "roof_coverage_ratio_pct": 71.5, "gap_unsegmented_pct": 28.5, "gap_unsegmented_m2": 37.69, "gap_unpanelled_m2": 31.89, "total_gap_m2": 69.58, "total_segments_count": 1, "pitch_range": "2.2° – 2.2°", "weighted_pitch_deg": 2.2, "max_panels_count": 32, "sunshine_hours_annual": 1433.38, "panel_capacity_wp": 400, "installed_capacity_kwp": 12.8, "google_dc_mwh": 17.88, "annual_generation_kwh": 14677.86, "annual_generation_mwh": 14.68, "carbon_offset_factor": 809.0, "ghg_reduction_tons_co2": 11.87, "path_dsm_geotiff": null, "path_rgb_geotiff": null, "path_mask_geotiff": null, "path_flux_geotiff": null, "preview_rgb_png": null, "preview_panels_png": null, "preview_segments_png": null, "preview_dsm_png": null, "preview_mask_png": null, "preview_flux_png": null, "gap_category": "Gap Sedang" }, "geometry": { "type": "Point", "coordinates": [ 106.821695, -6.209065 ] } },
{ "type": "Feature", "properties": { "asset_id": "KRL-0065", "asset_name": "Stasiun KRL Bendungan Hilir", "category": "krl", "category_display": "Stasiun KRL Commuter Line", "city_regency": "Jakarta Pusat", "postal_code": "12930", "source_raw_file": "stations_jakarta.gpkg:6196107722", "raw_lat": -6.215026, "raw_lon": 106.817948, "google_building_id": "buildings/ChIJzyqYKQD0aS4RUZ1UsK8qtzw", "google_maps_url": "https://www.google.com/maps/search/?api=1&query=-6.215294,106.818007", "google_center_lat": -6.2152943, "google_center_lon": 106.818007, "spatial_drift_meters": 30.54, "drift_status": "REVIEW (> 30m)", "imagery_date": "2025-08-16", "quality_tier": "BASE", "whole_roof_area_m2": 51.08, "max_roof_area_m2": 27.49, "roof_suitability_ratio_pct": 53.8, "building_footprint_m2": 51.08, "roof_coverage_ratio_pct": 100.0, "gap_unsegmented_pct": 0.0, "gap_unsegmented_m2": 0.0, "gap_unpanelled_m2": 23.59, "total_gap_m2": 23.59, "total_segments_count": 2, "pitch_range": "1.4° – 10.7°", "weighted_pitch_deg": 6.6, "max_panels_count": 14, "sunshine_hours_annual": 1568.97, "panel_capacity_wp": 400, "installed_capacity_kwp": 5.6, "google_dc_mwh": 8.21, "annual_generation_kwh": 7029.0, "annual_generation_mwh": 7.03, "carbon_offset_factor": 809.0, "ghg_reduction_tons_co2": 5.69, "path_dsm_geotiff": null, "path_rgb_geotiff": null, "path_mask_geotiff": null, "path_flux_geotiff": null, "preview_rgb_png": null, "preview_panels_png": null, "preview_segments_png": null, "preview_dsm_png": null, "preview_mask_png": null, "preview_flux_png": null, "gap_category": "Gap Sedikit" }, "geometry": { "type": "Point", "coordinates": [ 106.817948, -6.215026 ] } },
{ "type": "Feature", "properties": { "asset_id": "KRL-0066", "asset_name": "Stasiun KRL Istora Mandiri", "category": "krl", "category_display": "Stasiun KRL Commuter Line", "city_regency": "Jakarta Selatan", "postal_code": "10270", "source_raw_file": "stations_jakarta.gpkg:6196107723", "raw_lat": -6.22239, "raw_lon": 106.808623, "google_building_id": "buildings/ChIJd_u2MVLxaS4RjctwcM0MYYs", "google_maps_url": "https://www.google.com/maps/search/?api=1&query=-6.222189,106.808470", "google_center_lat": -6.2221888, "google_center_lon": 106.8084697, "spatial_drift_meters": 28.07, "drift_status": "VALID (< 30m)", "imagery_date": "2024-10-26", "quality_tier": "BASE", "whole_roof_area_m2": 70.92, "max_roof_area_m2": 41.23, "roof_suitability_ratio_pct": 58.1, "building_footprint_m2": 92.14, "roof_coverage_ratio_pct": 77.0, "gap_unsegmented_pct": 23.0, "gap_unsegmented_m2": 21.22, "gap_unpanelled_m2": 29.68, "total_gap_m2": 50.9, "total_segments_count": 1, "pitch_range": "6.2° – 6.2°", "weighted_pitch_deg": 6.2, "max_panels_count": 21, "sunshine_hours_annual": 1606.31, "panel_capacity_wp": 400, "installed_capacity_kwp": 8.4, "google_dc_mwh": 12.67, "annual_generation_kwh": 10794.39, "annual_generation_mwh": 10.79, "carbon_offset_factor": 809.0, "ghg_reduction_tons_co2": 8.73, "path_dsm_geotiff": null, "path_rgb_geotiff": null, "path_mask_geotiff": null, "path_flux_geotiff": null, "preview_rgb_png": null, "preview_panels_png": null, "preview_segments_png": null, "preview_dsm_png": null, "preview_mask_png": null, "preview_flux_png": null, "gap_category": "Gap Sedang" }, "geometry": { "type": "Point", "coordinates": [ 106.808623, -6.22239 ] } },
{ "type": "Feature", "properties": { "asset_id": "KRL-0067", "asset_name": "Stasiun KRL Senayan Mastercard", "category": "krl", "category_display": "Stasiun KRL Commuter Line", "city_regency": "Jakarta Selatan", "postal_code": "10270", "source_raw_file": "stations_jakarta.gpkg:6196107724", "raw_lat": -6.226734, "raw_lon": 106.802493, "google_building_id": "buildings/ChIJibbwDU_xaS4R2tdFl4jXrvQ", "google_maps_url": "https://www.google.com/maps/search/?api=1&query=-6.226855,106.802410", "google_center_lat": -6.2268552, "google_center_lon": 106.8024103, "spatial_drift_meters": 16.28, "drift_status": "VALID (< 30m)", "imagery_date": "2023-10-28", "quality_tier": "BASE", "whole_roof_area_m2": 7.07, "max_roof_area_m2": 0.0, "roof_suitability_ratio_pct": 0.0, "building_footprint_m2": 7.07, "roof_coverage_ratio_pct": 100.0, "gap_unsegmented_pct": 0.0, "gap_unsegmented_m2": 0.0, "gap_unpanelled_m2": 7.07, "total_gap_m2": 7.07, "total_segments_count": 1, "pitch_range": "0.8° – 0.8°", "weighted_pitch_deg": 0.8, "max_panels_count": 0, "sunshine_hours_annual": 1300.0, "panel_capacity_wp": 400, "installed_capacity_kwp": 0.0, "google_dc_mwh": 0.0, "annual_generation_kwh": 0.0, "annual_generation_mwh": 0.0, "carbon_offset_factor": 809.0, "ghg_reduction_tons_co2": 0.0, "path_dsm_geotiff": null, "path_rgb_geotiff": null, "path_mask_geotiff": null, "path_flux_geotiff": null, "preview_rgb_png": null, "preview_panels_png": null, "preview_segments_png": null, "preview_dsm_png": null, "preview_mask_png": null, "preview_flux_png": null, "gap_category": "Gap Sedikit" }, "geometry": { "type": "Point", "coordinates": [ 106.802493, -6.226734 ] } },
{ "type": "Feature", "properties": { "asset_id": "KRL-0069", "asset_name": "Stasiun KRL Blok A VISA", "category": "krl", "category_display": "Stasiun KRL Commuter Line", "city_regency": "Jakarta Selatan", "postal_code": "12160", "source_raw_file": "stations_jakarta.gpkg:6196107727", "raw_lat": -6.255779, "raw_lon": 106.79714, "google_building_id": "buildings/ChIJ2aX593TxaS4RpN9Z69-_PrU", "google_maps_url": "https://www.google.com/maps/search/?api=1&query=-6.255825,106.797104", "google_center_lat": -6.2558254, "google_center_lon": 106.7971041, "spatial_drift_meters": 6.51, "drift_status": "VALID (< 30m)", "imagery_date": "2025-08-16", "quality_tier": "BASE", "whole_roof_area_m2": 3465.15, "max_roof_area_m2": 2935.51, "roof_suitability_ratio_pct": 84.7, "building_footprint_m2": 3926.57, "roof_coverage_ratio_pct": 88.2, "gap_unsegmented_pct": 11.8, "gap_unsegmented_m2": 461.41, "gap_unpanelled_m2": 529.64, "total_gap_m2": 991.05, "total_segments_count": 10, "pitch_range": "2.4° – 17.4°", "weighted_pitch_deg": 8.9, "max_panels_count": 1495, "sunshine_hours_annual": 1642.79, "panel_capacity_wp": 400, "installed_capacity_kwp": 598.0, "google_dc_mwh": 932.84, "annual_generation_kwh": 785912.94, "annual_generation_mwh": 785.91, "carbon_offset_factor": 809.0, "ghg_reduction_tons_co2": 635.8, "path_dsm_geotiff": null, "path_rgb_geotiff": null, "path_mask_geotiff": null, "path_flux_geotiff": null, "preview_rgb_png": null, "preview_panels_png": null, "preview_segments_png": null, "preview_dsm_png": null, "preview_mask_png": null, "preview_flux_png": null, "gap_category": "Gap Sedikit" }, "geometry": { "type": "Point", "coordinates": [ 106.79714, -6.255779 ] } },
{ "type": "Feature", "properties": { "asset_id": "KRL-0070", "asset_name": "Stasiun KRL Haji Nawi", "category": "krl", "category_display": "Stasiun KRL Commuter Line", "city_regency": "Jakarta Selatan", "postal_code": "12420", "source_raw_file": "stations_jakarta.gpkg:6196107728", "raw_lat": -6.266695, "raw_lon": 106.797326, "google_building_id": "buildings/ChIJyxjVrJnxaS4RkUj8PkaTE-I", "google_maps_url": "https://www.google.com/maps/search/?api=1&query=-6.266732,106.797299", "google_center_lat": -6.2667319, "google_center_lon": 106.7972986, "spatial_drift_meters": 5.1, "drift_status": "VALID (< 30m)", "imagery_date": "2025-08-16", "quality_tier": "BASE", "whole_roof_area_m2": 3137.92, "max_roof_area_m2": 2748.98, "roof_suitability_ratio_pct": 87.6, "building_footprint_m2": 3385.41, "roof_coverage_ratio_pct": 92.7, "gap_unsegmented_pct": 7.3, "gap_unsegmented_m2": 247.49, "gap_unpanelled_m2": 388.94, "total_gap_m2": 636.43, "total_segments_count": 10, "pitch_range": "6.6° – 21.5°", "weighted_pitch_deg": 10.1, "max_panels_count": 1400, "sunshine_hours_annual": 1645.47, "panel_capacity_wp": 400, "installed_capacity_kwp": 560.0, "google_dc_mwh": 865.72, "annual_generation_kwh": 737169.57, "annual_generation_mwh": 737.17, "carbon_offset_factor": 809.0, "ghg_reduction_tons_co2": 596.37, "path_dsm_geotiff": null, "path_rgb_geotiff": null, "path_mask_geotiff": null, "path_flux_geotiff": null, "preview_rgb_png": null, "preview_panels_png": null, "preview_segments_png": null, "preview_dsm_png": null, "preview_mask_png": null, "preview_flux_png": null, "gap_category": "Gap Sedikit" }, "geometry": { "type": "Point", "coordinates": [ 106.797326, -6.266695 ] } },
{ "type": "Feature", "properties": { "asset_id": "KRL-0074", "asset_name": "Stasiun KRL Cikoko", "category": "krl", "category_display": "Stasiun KRL Commuter Line", "city_regency": "Jakarta Timur", "postal_code": "12770", "source_raw_file": "stations_jakarta.gpkg:6720467131", "raw_lat": -6.243485, "raw_lon": 106.857072, "google_building_id": "buildings/ChIJtfOKWqTzaS4RHNLZzwgQoBs", "google_maps_url": "https://www.google.com/maps/search/?api=1&query=-6.243620,106.856736", "google_center_lat": -6.2436198, "google_center_lon": 106.8567356, "spatial_drift_meters": 40.09, "drift_status": "REVIEW (> 30m)", "imagery_date": "2025-08-16", "quality_tier": "BASE", "whole_roof_area_m2": 44.13, "max_roof_area_m2": 27.49, "roof_suitability_ratio_pct": 62.3, "building_footprint_m2": 58.67, "roof_coverage_ratio_pct": 75.2, "gap_unsegmented_pct": 24.8, "gap_unsegmented_m2": 14.54, "gap_unpanelled_m2": 16.64, "total_gap_m2": 31.18, "total_segments_count": 1, "pitch_range": "5.3° – 5.3°", "weighted_pitch_deg": 5.3, "max_panels_count": 14, "sunshine_hours_annual": 1526.24, "panel_capacity_wp": 400, "installed_capacity_kwp": 5.6, "google_dc_mwh": 8.13, "annual_generation_kwh": 6837.57, "annual_generation_mwh": 6.84, "carbon_offset_factor": 809.0, "ghg_reduction_tons_co2": 5.53, "path_dsm_geotiff": null, "path_rgb_geotiff": null, "path_mask_geotiff": null, "path_flux_geotiff": null, "preview_rgb_png": null, "preview_panels_png": null, "preview_segments_png": null, "preview_dsm_png": null, "preview_mask_png": null, "preview_flux_png": null, "gap_category": "Gap Sedang" }, "geometry": { "type": "Point", "coordinates": [ 106.857072, -6.243485 ] } },
{ "type": "Feature", "properties": { "asset_id": "KRL-0076", "asset_name": "Stasiun KRL Setiabudi", "category": "krl", "category_display": "Stasiun KRL Commuter Line", "city_regency": "Jakarta Pusat", "postal_code": "12910", "source_raw_file": "stations_jakarta.gpkg:6720467135", "raw_lat": -6.209322, "raw_lon": 106.830234, "google_building_id": "buildings/GhIJSD8jzj_WGMARdgVZHiK1WkA", "google_maps_url": "https://www.google.com/maps/search/?api=1&query=-6.209262,106.830186", "google_center_lat": -6.2092621, "google_center_lon": 106.8301862, "spatial_drift_meters": 8.5, "drift_status": "VALID (< 30m)", "imagery_date": "2025-08-16", "quality_tier": "BASE", "whole_roof_area_m2": 1907.93, "max_roof_area_m2": 1515.86, "roof_suitability_ratio_pct": 79.5, "building_footprint_m2": 3164.24, "roof_coverage_ratio_pct": 60.3, "gap_unsegmented_pct": 39.7, "gap_unsegmented_m2": 1256.31, "gap_unpanelled_m2": 392.07, "total_gap_m2": 1648.38, "total_segments_count": 6, "pitch_range": "11.8° – 29.8°", "weighted_pitch_deg": 17.9, "max_panels_count": 772, "sunshine_hours_annual": 1649.0, "panel_capacity_wp": 400, "installed_capacity_kwp": 308.8, "google_dc_mwh": 468.59, "annual_generation_kwh": 407368.91, "annual_generation_mwh": 407.37, "carbon_offset_factor": 809.0, "ghg_reduction_tons_co2": 329.56, "path_dsm_geotiff": null, "path_rgb_geotiff": null, "path_mask_geotiff": null, "path_flux_geotiff": null, "preview_rgb_png": null, "preview_panels_png": null, "preview_segments_png": null, "preview_dsm_png": null, "preview_mask_png": null, "preview_flux_png": null, "gap_category": "Gap Besar" }, "geometry": { "type": "Point", "coordinates": [ 106.830234, -6.209322 ] } },
{ "type": "Feature", "properties": { "asset_id": "KRL-0078", "asset_name": "Stasiun KRL Kampung Rambutan", "category": "krl", "category_display": "Stasiun KRL Commuter Line", "city_regency": "Jakarta Timur", "postal_code": "13830", "source_raw_file": "stations_jakarta.gpkg:6720467137", "raw_lat": -6.309549, "raw_lon": 106.88438, "google_building_id": "buildings/ChIJES2m3WjtaS4RCuQdXJhpkrM", "google_maps_url": "https://www.google.com/maps/search/?api=1&query=-6.309398,106.884071", "google_center_lat": -6.3093976, "google_center_lon": 106.8840706, "spatial_drift_meters": 38.11, "drift_status": "REVIEW (> 30m)", "imagery_date": "2024-02-22", "quality_tier": "BASE", "whole_roof_area_m2": 144.47, "max_roof_area_m2": 96.21, "roof_suitability_ratio_pct": 66.6, "building_footprint_m2": 173.19, "roof_coverage_ratio_pct": 83.4, "gap_unsegmented_pct": 16.6, "gap_unsegmented_m2": 28.73, "gap_unpanelled_m2": 48.25, "total_gap_m2": 76.98, "total_segments_count": 3, "pitch_range": "6.1° – 10.0°", "weighted_pitch_deg": 7.4, "max_panels_count": 49, "sunshine_hours_annual": 1580.11, "panel_capacity_wp": 400, "installed_capacity_kwp": 19.6, "google_dc_mwh": 30.32, "annual_generation_kwh": 24776.17, "annual_generation_mwh": 24.78, "carbon_offset_factor": 809.0, "ghg_reduction_tons_co2": 20.04, "path_dsm_geotiff": null, "path_rgb_geotiff": null, "path_mask_geotiff": null, "path_flux_geotiff": null, "preview_rgb_png": null, "preview_panels_png": null, "preview_segments_png": null, "preview_dsm_png": null, "preview_mask_png": null, "preview_flux_png": null, "gap_category": "Gap Sedikit" }, "geometry": { "type": "Point", "coordinates": [ 106.88438, -6.309549 ] } },
{ "type": "Feature", "properties": { "asset_id": "KRL-0079", "asset_name": "Stasiun KRL Kuningan", "category": "krl", "category_display": "Stasiun KRL Commuter Line", "city_regency": "Jakarta Timur", "postal_code": "12950", "source_raw_file": "stations_jakarta.gpkg:8174072567", "raw_lat": -6.228773, "raw_lon": 106.833203, "google_building_id": "buildings/ChIJpXXPSO7zaS4Rm5z8cyYzM0Y", "google_maps_url": "https://www.google.com/maps/search/?api=1&query=-6.228752,106.833198", "google_center_lat": -6.2287519, "google_center_lon": 106.8331982, "spatial_drift_meters": 2.41, "drift_status": "VALID (< 30m)", "imagery_date": "2025-08-16", "quality_tier": "BASE", "whole_roof_area_m2": 2441.53, "max_roof_area_m2": 1804.51, "roof_suitability_ratio_pct": 73.9, "building_footprint_m2": 2935.8, "roof_coverage_ratio_pct": 83.2, "gap_unsegmented_pct": 16.8, "gap_unsegmented_m2": 494.27, "gap_unpanelled_m2": 637.02, "total_gap_m2": 1131.29, "total_segments_count": 25, "pitch_range": "2.1° – 25.7°", "weighted_pitch_deg": 7.2, "max_panels_count": 919, "sunshine_hours_annual": 1624.04, "panel_capacity_wp": 400, "installed_capacity_kwp": 367.6, "google_dc_mwh": 562.57, "annual_generation_kwh": 477596.71, "annual_generation_mwh": 477.6, "carbon_offset_factor": 809.0, "ghg_reduction_tons_co2": 386.38, "path_dsm_geotiff": null, "path_rgb_geotiff": null, "path_mask_geotiff": null, "path_flux_geotiff": null, "preview_rgb_png": null, "preview_panels_png": null, "preview_segments_png": null, "preview_dsm_png": null, "preview_mask_png": null, "preview_flux_png": null, "gap_category": "Gap Sedikit" }, "geometry": { "type": "Point", "coordinates": [ 106.833203, -6.228773 ] } },
{ "type": "Feature", "properties": { "asset_id": "KRL-0080", "asset_name": "Stasiun KRL Ciracas", "category": "krl", "category_display": "Stasiun KRL Commuter Line", "city_regency": "Kota Depok", "postal_code": "13740", "source_raw_file": "stations_jakarta.gpkg:8174072568", "raw_lat": -6.323769, "raw_lon": 106.886643, "google_building_id": "buildings/ChIJvRqycRbtaS4Rwq-S4bSOh6c", "google_maps_url": "https://www.google.com/maps/search/?api=1&query=-6.323720,106.886691", "google_center_lat": -6.3237196, "google_center_lon": 106.8866915, "spatial_drift_meters": 7.67, "drift_status": "VALID (< 30m)", "imagery_date": "2024-02-22", "quality_tier": "BASE", "whole_roof_area_m2": 2406.94, "max_roof_area_m2": 2036.21, "roof_suitability_ratio_pct": 84.6, "building_footprint_m2": 2919.18, "roof_coverage_ratio_pct": 82.5, "gap_unsegmented_pct": 17.5, "gap_unsegmented_m2": 512.23, "gap_unpanelled_m2": 370.74, "total_gap_m2": 882.97, "total_segments_count": 9, "pitch_range": "7.4° – 31.5°", "weighted_pitch_deg": 12.2, "max_panels_count": 1037, "sunshine_hours_annual": 1658.59, "panel_capacity_wp": 400, "installed_capacity_kwp": 414.8, "google_dc_mwh": 651.71, "annual_generation_kwh": 550386.61, "annual_generation_mwh": 550.39, "carbon_offset_factor": 809.0, "ghg_reduction_tons_co2": 445.26, "path_dsm_geotiff": null, "path_rgb_geotiff": null, "path_mask_geotiff": null, "path_flux_geotiff": null, "preview_rgb_png": null, "preview_panels_png": null, "preview_segments_png": null, "preview_dsm_png": null, "preview_mask_png": null, "preview_flux_png": null, "gap_category": "Gap Sedikit" }, "geometry": { "type": "Point", "coordinates": [ 106.886643, -6.323769 ] } },
{ "type": "Feature", "properties": { "asset_id": "MRT-0009", "asset_name": "Stasiun LRT Jabodebek Harjamukti", "category": "mrt_lrt", "category_display": "Stasiun MRT & LRT", "city_regency": "Kota Depok", "postal_code": "16454", "source_raw_file": "lrt_jabodebek_stations.geojson", "raw_lat": -6.373893, "raw_lon": 106.89567, "google_building_id": "buildings/ChIJCUhapKbsaS4RHgsz2CbOtNY", "google_maps_url": "https://www.google.com/maps/search/?api=1&query=-6.373923,106.895536", "google_center_lat": -6.3739229, "google_center_lon": 106.8955357, "spatial_drift_meters": 15.21, "drift_status": "VALID (< 30m)", "imagery_date": "2024-07-27", "quality_tier": "BASE", "whole_roof_area_m2": 145.71, "max_roof_area_m2": 92.29, "roof_suitability_ratio_pct": 63.3, "building_footprint_m2": 204.02, "roof_coverage_ratio_pct": 71.4, "gap_unsegmented_pct": 28.6, "gap_unsegmented_m2": 58.31, "gap_unpanelled_m2": 53.42, "total_gap_m2": 111.73, "total_segments_count": 1, "pitch_range": "8.4° – 8.4°", "weighted_pitch_deg": 8.4, "max_panels_count": 47, "sunshine_hours_annual": 1504.7, "panel_capacity_wp": 400, "installed_capacity_kwp": 18.8, "google_dc_mwh": 26.27, "annual_generation_kwh": 22630.62, "annual_generation_mwh": 22.63, "carbon_offset_factor": 809.0, "ghg_reduction_tons_co2": 18.31, "path_dsm_geotiff": null, "path_rgb_geotiff": null, "path_mask_geotiff": null, "path_flux_geotiff": null, "preview_rgb_png": null, "preview_panels_png": null, "preview_segments_png": null, "preview_dsm_png": null, "preview_mask_png": null, "preview_flux_png": null, "gap_category": "Gap Sedang" }, "geometry": { "type": "Point", "coordinates": [ 106.89567, -6.373893 ] } },
{ "type": "Feature", "properties": { "asset_id": "MRT-0010", "asset_name": "Stasiun LRT Jabodebek Jatimulya", "category": "mrt_lrt", "category_display": "Stasiun MRT & LRT", "city_regency": "Kab. Bekasi", "postal_code": "17510", "source_raw_file": "lrt_jabodebek_stations.geojson", "raw_lat": -6.264108, "raw_lon": 107.02167, "google_building_id": "buildings/ChIJ-Uy0B2-OaS4RGUrP1h4aFhk", "google_maps_url": "https://www.google.com/maps/search/?api=1&query=-6.263914,107.021656", "google_center_lat": -6.2639143, "google_center_lon": 107.0216557, "spatial_drift_meters": 21.6, "drift_status": "VALID (< 30m)", "imagery_date": "2025-09-13", "quality_tier": "BASE", "whole_roof_area_m2": 89.76, "max_roof_area_m2": 53.02, "roof_suitability_ratio_pct": 59.1, "building_footprint_m2": 99.29, "roof_coverage_ratio_pct": 90.4, "gap_unsegmented_pct": 9.6, "gap_unsegmented_m2": 9.53, "gap_unpanelled_m2": 36.74, "total_gap_m2": 46.28, "total_segments_count": 2, "pitch_range": "10.6° – 10.8°", "weighted_pitch_deg": 10.8, "max_panels_count": 27, "sunshine_hours_annual": 1675.25, "panel_capacity_wp": 400, "installed_capacity_kwp": 10.8, "google_dc_mwh": 17.23, "annual_generation_kwh": 14474.16, "annual_generation_mwh": 14.47, "carbon_offset_factor": 809.0, "ghg_reduction_tons_co2": 11.71, "path_dsm_geotiff": null, "path_rgb_geotiff": null, "path_mask_geotiff": null, "path_flux_geotiff": null, "preview_rgb_png": null, "preview_panels_png": null, "preview_segments_png": null, "preview_dsm_png": null, "preview_mask_png": null, "preview_flux_png": null, "gap_category": "Gap Sedikit" }, "geometry": { "type": "Point", "coordinates": [ 107.02167, -6.264108 ] } },
{ "type": "Feature", "properties": { "asset_id": "MRT-0011", "asset_name": "Stasiun MRT Setiabudi Astra", "category": "mrt_lrt", "category_display": "Stasiun MRT & LRT", "city_regency": "Jakarta Selatan", "postal_code": "12910", "source_raw_file": "lrt_jabodebek_stations.geojson", "raw_lat": -6.208889, "raw_lon": 106.822222, "google_building_id": "buildings/ChIJS-2pFAP0aS4RCWw_Lb3SEa0", "google_maps_url": "https://www.google.com/maps/search/?api=1&query=-6.208771,106.822230", "google_center_lat": -6.2087706, "google_center_lon": 106.8222301, "spatial_drift_meters": 13.2, "drift_status": "VALID (< 30m)", "imagery_date": "2025-08-16", "quality_tier": "BASE", "whole_roof_area_m2": 142.11, "max_roof_area_m2": 0.0, "roof_suitability_ratio_pct": 0.0, "building_footprint_m2": 175.14, "roof_coverage_ratio_pct": 81.1, "gap_unsegmented_pct": 18.9, "gap_unsegmented_m2": 33.02, "gap_unpanelled_m2": 142.11, "total_gap_m2": 175.14, "total_segments_count": 1, "pitch_range": "77.2° – 77.2°", "weighted_pitch_deg": 77.2, "max_panels_count": 0, "sunshine_hours_annual": 1300.0, "panel_capacity_wp": 400, "installed_capacity_kwp": 0.0, "google_dc_mwh": 0.0, "annual_generation_kwh": 0.0, "annual_generation_mwh": 0.0, "carbon_offset_factor": 809.0, "ghg_reduction_tons_co2": 0.0, "path_dsm_geotiff": null, "path_rgb_geotiff": null, "path_mask_geotiff": null, "path_flux_geotiff": null, "preview_rgb_png": null, "preview_panels_png": null, "preview_segments_png": null, "preview_dsm_png": null, "preview_mask_png": null, "preview_flux_png": null, "gap_category": "Gap Sedikit" }, "geometry": { "type": "Point", "coordinates": [ 106.822222, -6.208889 ] } },
{ "type": "Feature", "properties": { "asset_id": "MRT-0012", "asset_name": "Stasiun MRT Bendungan Hilir", "category": "mrt_lrt", "category_display": "Stasiun MRT & LRT", "city_regency": "Jakarta Pusat", "postal_code": "12920", "source_raw_file": "lrt_jabodebek_stations.geojson", "raw_lat": -6.215556, "raw_lon": 106.818889, "google_building_id": "buildings/ChIJj_QjNAD0aS4RVsfuUcYRFFc", "google_maps_url": "https://www.google.com/maps/search/?api=1&query=-6.215218,106.819050", "google_center_lat": -6.2152184, "google_center_lon": 106.8190503, "spatial_drift_meters": 41.56, "drift_status": "REVIEW (> 30m)", "imagery_date": "2024-10-26", "quality_tier": "BASE", "whole_roof_area_m2": 87.22, "max_roof_area_m2": 60.87, "roof_suitability_ratio_pct": 69.8, "building_footprint_m2": 120.43, "roof_coverage_ratio_pct": 72.4, "gap_unsegmented_pct": 27.6, "gap_unsegmented_m2": 33.21, "gap_unpanelled_m2": 26.35, "total_gap_m2": 59.56, "total_segments_count": 1, "pitch_range": "2.5° – 2.5°", "weighted_pitch_deg": 2.5, "max_panels_count": 31, "sunshine_hours_annual": 1470.09, "panel_capacity_wp": 400, "installed_capacity_kwp": 12.4, "google_dc_mwh": 17.76, "annual_generation_kwh": 14583.3, "annual_generation_mwh": 14.58, "carbon_offset_factor": 809.0, "ghg_reduction_tons_co2": 11.8, "path_dsm_geotiff": null, "path_rgb_geotiff": null, "path_mask_geotiff": null, "path_flux_geotiff": null, "preview_rgb_png": null, "preview_panels_png": null, "preview_segments_png": null, "preview_dsm_png": null, "preview_mask_png": null, "preview_flux_png": null, "gap_category": "Gap Sedang" }, "geometry": { "type": "Point", "coordinates": [ 106.818889, -6.215556 ] } },
{ "type": "Feature", "properties": { "asset_id": "MRT-0013", "asset_name": "Stasiun MRT Istora Mandiri", "category": "mrt_lrt", "category_display": "Stasiun MRT & LRT", "city_regency": "Jakarta Selatan", "postal_code": "12190", "source_raw_file": "lrt_jabodebek_stations.geojson", "raw_lat": -6.224167, "raw_lon": 106.808611, "google_building_id": "buildings/ChIJNUaQClHxaS4R6LKffYflXnc", "google_maps_url": "https://www.google.com/maps/search/?api=1&query=-6.224516,106.808955", "google_center_lat": -6.2245163, "google_center_lon": 106.8089547, "spatial_drift_meters": 54.33, "drift_status": "REVIEW (> 30m)", "imagery_date": "2025-08-16", "quality_tier": "BASE", "whole_roof_area_m2": 219.98, "max_roof_area_m2": 161.01, "roof_suitability_ratio_pct": 73.2, "building_footprint_m2": 333.27, "roof_coverage_ratio_pct": 66.0, "gap_unsegmented_pct": 34.0, "gap_unsegmented_m2": 113.29, "gap_unpanelled_m2": 58.97, "total_gap_m2": 172.26, "total_segments_count": 1, "pitch_range": "5.0° – 5.0°", "weighted_pitch_deg": 5.0, "max_panels_count": 82, "sunshine_hours_annual": 1564.01, "panel_capacity_wp": 400, "installed_capacity_kwp": 32.8, "google_dc_mwh": 50.16, "annual_generation_kwh": 41039.74, "annual_generation_mwh": 41.04, "carbon_offset_factor": 809.0, "ghg_reduction_tons_co2": 33.2, "path_dsm_geotiff": null, "path_rgb_geotiff": null, "path_mask_geotiff": null, "path_flux_geotiff": null, "preview_rgb_png": null, "preview_panels_png": null, "preview_segments_png": null, "preview_dsm_png": null, "preview_mask_png": null, "preview_flux_png": null, "gap_category": "Gap Besar" }, "geometry": { "type": "Point", "coordinates": [ 106.808611, -6.224167 ] } },
{ "type": "Feature", "properties": { "asset_id": "MRT-0027", "asset_name": "Stasiun LRT Jakarta Manggarai", "category": "mrt_lrt", "category_display": "Stasiun MRT & LRT", "city_regency": "Jakarta Pusat", "postal_code": "12970", "source_raw_file": "lrt_jkt_stations.geojson", "raw_lat": -6.208244, "raw_lon": 106.844446, "google_building_id": "buildings/ChIJf12G-HL0aS4RbYITr3LMpUs", "google_maps_url": "https://www.google.com/maps/search/?api=1&query=-6.208509,106.844343", "google_center_lat": -6.2085095, "google_center_lon": 106.844343, "spatial_drift_meters": 31.64, "drift_status": "REVIEW (> 30m)", "imagery_date": "2025-08-16", "quality_tier": "BASE", "whole_roof_area_m2": 372.35, "max_roof_area_m2": 235.63, "roof_suitability_ratio_pct": 63.3, "building_footprint_m2": 446.79, "roof_coverage_ratio_pct": 83.3, "gap_unsegmented_pct": 16.7, "gap_unsegmented_m2": 74.44, "gap_unpanelled_m2": 136.72, "total_gap_m2": 211.16, "total_segments_count": 9, "pitch_range": "4.5° – 24.3°", "weighted_pitch_deg": 20.9, "max_panels_count": 120, "sunshine_hours_annual": 1622.91, "panel_capacity_wp": 400, "installed_capacity_kwp": 48.0, "google_dc_mwh": 67.73, "annual_generation_kwh": 62319.81, "annual_generation_mwh": 62.32, "carbon_offset_factor": 809.0, "ghg_reduction_tons_co2": 50.42, "path_dsm_geotiff": null, "path_rgb_geotiff": null, "path_mask_geotiff": null, "path_flux_geotiff": null, "preview_rgb_png": null, "preview_panels_png": null, "preview_segments_png": null, "preview_dsm_png": null, "preview_mask_png": null, "preview_flux_png": null, "gap_category": "Gap Sedikit" }, "geometry": { "type": "Point", "coordinates": [ 106.844446, -6.208244 ] } },
{ "type": "Feature", "properties": { "asset_id": "MRT-0028", "asset_name": "Stasiun LRT Jakarta Matraman", "category": "mrt_lrt", "category_display": "Stasiun MRT & LRT", "city_regency": "Jakarta Pusat", "postal_code": "10320", "source_raw_file": "lrt_jkt_stations.geojson", "raw_lat": -6.202167, "raw_lon": 106.850121, "google_building_id": "buildings/GhIJNT7r4PHOGMARUQGPgGq2WkA", "google_maps_url": "https://www.google.com/maps/search/?api=1&query=-6.202186,106.850103", "google_center_lat": -6.2021865, "google_center_lon": 106.8501032, "spatial_drift_meters": 2.93, "drift_status": "VALID (< 30m)", "imagery_date": "2025-08-16", "quality_tier": "BASE", "whole_roof_area_m2": 549.38, "max_roof_area_m2": 375.04, "roof_suitability_ratio_pct": 68.3, "building_footprint_m2": 974.29, "roof_coverage_ratio_pct": 56.4, "gap_unsegmented_pct": 43.6, "gap_unsegmented_m2": 424.9, "gap_unpanelled_m2": 174.35, "total_gap_m2": 599.25, "total_segments_count": 3, "pitch_range": "5.5° – 8.7°", "weighted_pitch_deg": 6.0, "max_panels_count": 191, "sunshine_hours_annual": 1648.37, "panel_capacity_wp": 400, "installed_capacity_kwp": 76.4, "google_dc_mwh": 121.2, "annual_generation_kwh": 100748.23, "annual_generation_mwh": 100.75, "carbon_offset_factor": 809.0, "ghg_reduction_tons_co2": 81.51, "path_dsm_geotiff": null, "path_rgb_geotiff": null, "path_mask_geotiff": null, "path_flux_geotiff": null, "preview_rgb_png": null, "preview_panels_png": null, "preview_segments_png": null, "preview_dsm_png": null, "preview_mask_png": null, "preview_flux_png": null, "gap_category": "Gap Besar" }, "geometry": { "type": "Point", "coordinates": [ 106.850121, -6.202167 ] } },
{ "type": "Feature", "properties": { "asset_id": "MRT-0029", "asset_name": "Stasiun LRT Jakarta Pasar Pramuka", "category": "mrt_lrt", "category_display": "Stasiun MRT & LRT", "city_regency": "Jakarta Pusat", "postal_code": "10570", "source_raw_file": "lrt_jkt_stations.geojson", "raw_lat": -6.195812, "raw_lon": 106.85888, "google_building_id": "buildings/GhIJx4cDuKXIGMARlwBYJPS2WkA", "google_maps_url": "https://www.google.com/maps/search/?api=1&query=-6.195887,106.858732", "google_center_lat": -6.1958869, "google_center_lon": 106.8587318, "spatial_drift_meters": 18.38, "drift_status": "VALID (< 30m)", "imagery_date": "2025-08-16", "quality_tier": "BASE", "whole_roof_area_m2": 954.99, "max_roof_area_m2": 724.55, "roof_suitability_ratio_pct": 75.9, "building_footprint_m2": 1460.4, "roof_coverage_ratio_pct": 65.4, "gap_unsegmented_pct": 34.6, "gap_unsegmented_m2": 505.41, "gap_unpanelled_m2": 230.44, "total_gap_m2": 735.85, "total_segments_count": 7, "pitch_range": "4.5° – 26.8°", "weighted_pitch_deg": 7.5, "max_panels_count": 369, "sunshine_hours_annual": 1659.67, "panel_capacity_wp": 400, "installed_capacity_kwp": 147.6, "google_dc_mwh": 235.69, "annual_generation_kwh": 195974.34, "annual_generation_mwh": 195.97, "carbon_offset_factor": 809.0, "ghg_reduction_tons_co2": 158.54, "path_dsm_geotiff": null, "path_rgb_geotiff": null, "path_mask_geotiff": null, "path_flux_geotiff": null, "preview_rgb_png": null, "preview_panels_png": null, "preview_segments_png": null, "preview_dsm_png": null, "preview_mask_png": null, "preview_flux_png": null, "gap_category": "Gap Besar" }, "geometry": { "type": "Point", "coordinates": [ 106.85888, -6.195812 ] } },
{ "type": "Feature", "properties": { "asset_id": "MRT-0030", "asset_name": "Stasiun LRT Jakarta Pramuka BPKP", "category": "mrt_lrt", "category_display": "Stasiun MRT & LRT", "city_regency": "Jakarta Timur", "postal_code": "13120", "source_raw_file": "lrt_jkt_stations.geojson", "raw_lat": -6.192021, "raw_lon": 106.870737, "google_building_id": "buildings/GhIJM_aG4ZnEGMARnUniwsC3WkA", "google_maps_url": "https://www.google.com/maps/search/?api=1&query=-6.191989,106.871113", "google_center_lat": -6.1919889, "google_center_lon": 106.8711134, "spatial_drift_meters": 41.76, "drift_status": "REVIEW (> 30m)", "imagery_date": "2025-08-16", "quality_tier": "BASE", "whole_roof_area_m2": 2318.88, "max_roof_area_m2": 1855.56, "roof_suitability_ratio_pct": 80.0, "building_footprint_m2": 3753.92, "roof_coverage_ratio_pct": 61.8, "gap_unsegmented_pct": 38.2, "gap_unsegmented_m2": 1435.04, "gap_unpanelled_m2": 463.32, "total_gap_m2": 1898.36, "total_segments_count": 4, "pitch_range": "4.4° – 6.6°", "weighted_pitch_deg": 4.8, "max_panels_count": 945, "sunshine_hours_annual": 1668.73, "panel_capacity_wp": 400, "installed_capacity_kwp": 378.0, "google_dc_mwh": 607.38, "annual_generation_kwh": 504624.56, "annual_generation_mwh": 504.62, "carbon_offset_factor": 809.0, "ghg_reduction_tons_co2": 408.24, "path_dsm_geotiff": null, "path_rgb_geotiff": null, "path_mask_geotiff": null, "path_flux_geotiff": null, "preview_rgb_png": null, "preview_panels_png": null, "preview_segments_png": null, "preview_dsm_png": null, "preview_mask_png": null, "preview_flux_png": null, "gap_category": "Gap Besar" }, "geometry": { "type": "Point", "coordinates": [ 106.870737, -6.192021 ] } },
{ "type": "Feature", "properties": { "asset_id": "MRT-0031", "asset_name": "Stasiun LRT Jakarta Rawamangun", "category": "mrt_lrt", "category_display": "Stasiun MRT & LRT", "city_regency": "Jakarta Timur", "postal_code": "13220", "source_raw_file": "lrt_jkt_stations.geojson", "raw_lat": -6.193143, "raw_lon": 106.882572, "google_building_id": "buildings/GhIJLFJ_Q7nFGMARNriZh3y4WkA", "google_maps_url": "https://www.google.com/maps/search/?api=1&query=-6.193140,106.882604", "google_center_lat": -6.19314, "google_center_lon": 106.8826038, "spatial_drift_meters": 3.53, "drift_status": "VALID (< 30m)", "imagery_date": "2025-08-16", "quality_tier": "BASE", "whole_roof_area_m2": 3535.9, "max_roof_area_m2": 3239.87, "roof_suitability_ratio_pct": 91.6, "building_footprint_m2": 3873.67, "roof_coverage_ratio_pct": 91.3, "gap_unsegmented_pct": 8.7, "gap_unsegmented_m2": 337.78, "gap_unpanelled_m2": 296.03, "total_gap_m2": 633.81, "total_segments_count": 3, "pitch_range": "6.2° – 37.4°", "weighted_pitch_deg": 30.1, "max_panels_count": 1650, "sunshine_hours_annual": 1667.88, "panel_capacity_wp": 400, "installed_capacity_kwp": 660.0, "google_dc_mwh": 1004.75, "annual_generation_kwh": 880639.21, "annual_generation_mwh": 880.64, "carbon_offset_factor": 809.0, "ghg_reduction_tons_co2": 712.44, "path_dsm_geotiff": null, "path_rgb_geotiff": null, "path_mask_geotiff": null, "path_flux_geotiff": null, "preview_rgb_png": null, "preview_panels_png": null, "preview_segments_png": null, "preview_dsm_png": null, "preview_mask_png": null, "preview_flux_png": null, "gap_category": "Gap Sedikit" }, "geometry": { "type": "Point", "coordinates": [ 106.882572, -6.193143 ] } },
{ "type": "Feature", "properties": { "asset_id": "TERM-0002", "asset_name": "Terminal Laladon", "category": "terminal", "category_display": "Terminal Bus & Simpul Antarmoda", "city_regency": "Kota Bogor", "postal_code": "16610", "source_raw_file": "osm_overpass:node/1014211025", "raw_lat": -6.576704, "raw_lon": 106.752814, "google_building_id": "buildings/ChIJ93jwzOjEaS4Rxa_64Tb42TY", "google_maps_url": "https://www.google.com/maps/search/?api=1&query=-6.576690,106.752809", "google_center_lat": -6.5766902, "google_center_lon": 106.7528085, "spatial_drift_meters": 1.65, "drift_status": "VALID (< 30m)", "imagery_date": "2025-03-08", "quality_tier": "BASE", "whole_roof_area_m2": 302.59, "max_roof_area_m2": 223.85, "roof_suitability_ratio_pct": 74.0, "building_footprint_m2": 344.51, "roof_coverage_ratio_pct": 87.8, "gap_unsegmented_pct": 12.2, "gap_unsegmented_m2": 41.92, "gap_unpanelled_m2": 78.74, "total_gap_m2": 120.67, "total_segments_count": 10, "pitch_range": "26.7° – 32.1°", "weighted_pitch_deg": 30.2, "max_panels_count": 114, "sunshine_hours_annual": 1597.09, "panel_capacity_wp": 400, "installed_capacity_kwp": 45.6, "google_dc_mwh": 65.58, "annual_generation_kwh": 58261.71, "annual_generation_mwh": 58.26, "carbon_offset_factor": 809.0, "ghg_reduction_tons_co2": 47.13, "path_dsm_geotiff": null, "path_rgb_geotiff": null, "path_mask_geotiff": null, "path_flux_geotiff": null, "preview_rgb_png": null, "preview_panels_png": null, "preview_segments_png": null, "preview_dsm_png": null, "preview_mask_png": null, "preview_flux_png": null, "gap_category": "Gap Sedikit" }, "geometry": { "type": "Point", "coordinates": [ 106.752814, -6.576704 ] } },
{ "type": "Feature", "properties": { "asset_id": "TERM-0003", "asset_name": "Lorena Bus", "category": "terminal", "category_display": "Terminal Bus & Simpul Antarmoda", "city_regency": "Kota Bogor", "postal_code": "16141", "source_raw_file": "osm_overpass:node/1339172235", "raw_lat": -6.631328, "raw_lon": 106.825278, "google_building_id": "buildings/ChIJ6wb4P6nIaS4RAs9ymkskJUY", "google_maps_url": "https://www.google.com/maps/search/?api=1&query=-6.631216,106.825245", "google_center_lat": -6.6312161, "google_center_lon": 106.825245, "spatial_drift_meters": 12.97, "drift_status": "VALID (< 30m)", "imagery_date": "2023-09-29", "quality_tier": "BASE", "whole_roof_area_m2": 88.42, "max_roof_area_m2": 60.87, "roof_suitability_ratio_pct": 68.8, "building_footprint_m2": 97.91, "roof_coverage_ratio_pct": 90.3, "gap_unsegmented_pct": 9.7, "gap_unsegmented_m2": 9.49, "gap_unpanelled_m2": 27.55, "total_gap_m2": 37.04, "total_segments_count": 2, "pitch_range": "18.5° – 20.6°", "weighted_pitch_deg": 19.8, "max_panels_count": 31, "sunshine_hours_annual": 1594.33, "panel_capacity_wp": 400, "installed_capacity_kwp": 12.4, "google_dc_mwh": 18.58, "annual_generation_kwh": 15815.72, "annual_generation_mwh": 15.82, "carbon_offset_factor": 809.0, "ghg_reduction_tons_co2": 12.79, "path_dsm_geotiff": null, "path_rgb_geotiff": null, "path_mask_geotiff": null, "path_flux_geotiff": null, "preview_rgb_png": null, "preview_panels_png": null, "preview_segments_png": null, "preview_dsm_png": null, "preview_mask_png": null, "preview_flux_png": null, "gap_category": "Gap Sedikit" }, "geometry": { "type": "Point", "coordinates": [ 106.825278, -6.631328 ] } },
{ "type": "Feature", "properties": { "asset_id": "TERM-0004", "asset_name": "Terminal Damri", "category": "terminal", "category_display": "Terminal Bus & Simpul Antarmoda", "city_regency": "Kota Bogor", "postal_code": "16129", "source_raw_file": "osm_overpass:node/1716012719", "raw_lat": -6.60215, "raw_lon": 106.805852, "google_building_id": "buildings/ChIJSyy7q8TFaS4RlJsdEODKfFY", "google_maps_url": "https://www.google.com/maps/search/?api=1&query=-6.602090,106.805816", "google_center_lat": -6.6020897, "google_center_lon": 106.8058164, "spatial_drift_meters": 7.77, "drift_status": "VALID (< 30m)", "imagery_date": "2023-09-29", "quality_tier": "BASE", "whole_roof_area_m2": 42.48, "max_roof_area_m2": 21.6, "roof_suitability_ratio_pct": 50.8, "building_footprint_m2": 54.24, "roof_coverage_ratio_pct": 78.3, "gap_unsegmented_pct": 21.7, "gap_unsegmented_m2": 11.76, "gap_unpanelled_m2": 20.88, "total_gap_m2": 32.64, "total_segments_count": 1, "pitch_range": "19.6° – 19.6°", "weighted_pitch_deg": 19.6, "max_panels_count": 11, "sunshine_hours_annual": 1550.34, "panel_capacity_wp": 400, "installed_capacity_kwp": 4.4, "google_dc_mwh": 6.5, "annual_generation_kwh": 5457.21, "annual_generation_mwh": 5.46, "carbon_offset_factor": 809.0, "ghg_reduction_tons_co2": 4.41, "path_dsm_geotiff": null, "path_rgb_geotiff": null, "path_mask_geotiff": null, "path_flux_geotiff": null, "preview_rgb_png": null, "preview_panels_png": null, "preview_segments_png": null, "preview_dsm_png": null, "preview_mask_png": null, "preview_flux_png": null, "gap_category": "Gap Sedang" }, "geometry": { "type": "Point", "coordinates": [ 106.805852, -6.60215 ] } },
{ "type": "Feature", "properties": { "asset_id": "TERM-0005", "asset_name": "Citra Indah Shuttle Bus Main Station", "category": "terminal", "category_display": "Terminal Bus & Simpul Antarmoda", "city_regency": "Kota Depok", "postal_code": "16830", "source_raw_file": "osm_overpass:node/1783241413", "raw_lat": -6.443689, "raw_lon": 107.042001, "google_building_id": "buildings/ChIJ7edtnDqWaS4R6pzJSbLEeTc", "google_maps_url": "https://www.google.com/maps/search/?api=1&query=-6.443665,107.041846", "google_center_lat": -6.4436646, "google_center_lon": 107.0418461, "spatial_drift_meters": 17.33, "drift_status": "VALID (< 30m)", "imagery_date": "2024-03-19", "quality_tier": "BASE", "whole_roof_area_m2": 73.9, "max_roof_area_m2": 25.53, "roof_suitability_ratio_pct": 34.5, "building_footprint_m2": 94.21, "roof_coverage_ratio_pct": 78.4, "gap_unsegmented_pct": 21.6, "gap_unsegmented_m2": 20.3, "gap_unpanelled_m2": 48.38, "total_gap_m2": 68.68, "total_segments_count": 3, "pitch_range": "6.5° – 60.4°", "weighted_pitch_deg": 28.7, "max_panels_count": 13, "sunshine_hours_annual": 1704.0, "panel_capacity_wp": 400, "installed_capacity_kwp": 5.2, "google_dc_mwh": 8.45, "annual_generation_kwh": 7088.62, "annual_generation_mwh": 7.09, "carbon_offset_factor": 809.0, "ghg_reduction_tons_co2": 5.73, "path_dsm_geotiff": null, "path_rgb_geotiff": null, "path_mask_geotiff": null, "path_flux_geotiff": null, "preview_rgb_png": null, "preview_panels_png": null, "preview_segments_png": null, "preview_dsm_png": null, "preview_mask_png": null, "preview_flux_png": null, "gap_category": "Gap Sedang" }, "geometry": { "type": "Point", "coordinates": [ 107.042001, -6.443689 ] } },
{ "type": "Feature", "properties": { "asset_id": "TERM-0006", "asset_name": "Damri Airport-Cikarang", "category": "terminal", "category_display": "Terminal Bus & Simpul Antarmoda", "city_regency": "Kab. Bekasi", "postal_code": "17530", "source_raw_file": "osm_overpass:node/1994715627", "raw_lat": -6.297612, "raw_lon": 107.149749, "google_building_id": "buildings/GhIJR3aLipkwGcARCUB6IJTJWkA", "google_maps_url": "https://www.google.com/maps/search/?api=1&query=-6.297459,107.149666", "google_center_lat": -6.2974589, "google_center_lon": 107.1496664, "spatial_drift_meters": 19.32, "drift_status": "VALID (< 30m)", "imagery_date": "2025-05-27", "quality_tier": "BASE", "whole_roof_area_m2": 15.46, "max_roof_area_m2": 9.82, "roof_suitability_ratio_pct": 63.5, "building_footprint_m2": 15.46, "roof_coverage_ratio_pct": 100.0, "gap_unsegmented_pct": 0.0, "gap_unsegmented_m2": 0.0, "gap_unpanelled_m2": 5.64, "total_gap_m2": 5.64, "total_segments_count": 1, "pitch_range": "0.5° – 0.5°", "weighted_pitch_deg": 0.5, "max_panels_count": 5, "sunshine_hours_annual": 1666.76, "panel_capacity_wp": 400, "installed_capacity_kwp": 2.0, "google_dc_mwh": 3.3, "annual_generation_kwh": 2666.82, "annual_generation_mwh": 2.67, "carbon_offset_factor": 809.0, "ghg_reduction_tons_co2": 2.16, "path_dsm_geotiff": null, "path_rgb_geotiff": null, "path_mask_geotiff": null, "path_flux_geotiff": null, "preview_rgb_png": null, "preview_panels_png": null, "preview_segments_png": null, "preview_dsm_png": null, "preview_mask_png": null, "preview_flux_png": null, "gap_category": "Gap Sedikit" }, "geometry": { "type": "Point", "coordinates": [ 107.149749, -6.297612 ] } },
{ "type": "Feature", "properties": { "asset_id": "TERM-0007", "asset_name": "Pool BUS AKAP GMS", "category": "terminal", "category_display": "Terminal Bus & Simpul Antarmoda", "city_regency": "Kab. Bekasi", "postal_code": "17530", "source_raw_file": "osm_overpass:node/1997186269", "raw_lat": -6.29364, "raw_lon": 107.148628, "google_building_id": "buildings/ChIJhUcR_ymbaS4RYTppT9wHnLY", "google_maps_url": "https://www.google.com/maps/search/?api=1&query=-6.293481,107.148685", "google_center_lat": -6.2934808, "google_center_lon": 107.1486851, "spatial_drift_meters": 18.79, "drift_status": "VALID (< 30m)", "imagery_date": "2025-05-27", "quality_tier": "BASE", "whole_roof_area_m2": 332.8, "max_roof_area_m2": 221.88, "roof_suitability_ratio_pct": 66.7, "building_footprint_m2": 388.22, "roof_coverage_ratio_pct": 85.7, "gap_unsegmented_pct": 14.3, "gap_unsegmented_m2": 55.43, "gap_unpanelled_m2": 110.92, "total_gap_m2": 166.34, "total_segments_count": 5, "pitch_range": "1.6° – 27.0°", "weighted_pitch_deg": 6.8, "max_panels_count": 113, "sunshine_hours_annual": 1713.58, "panel_capacity_wp": 400, "installed_capacity_kwp": 45.2, "google_dc_mwh": 75.59, "annual_generation_kwh": 61962.97, "annual_generation_mwh": 61.96, "carbon_offset_factor": 809.0, "ghg_reduction_tons_co2": 50.13, "path_dsm_geotiff": null, "path_rgb_geotiff": null, "path_mask_geotiff": null, "path_flux_geotiff": null, "preview_rgb_png": null, "preview_panels_png": null, "preview_segments_png": null, "preview_dsm_png": null, "preview_mask_png": null, "preview_flux_png": null, "gap_category": "Gap Sedikit" }, "geometry": { "type": "Point", "coordinates": [ 107.148628, -6.29364 ] } },
{ "type": "Feature", "properties": { "asset_id": "TERM-0008", "asset_name": "Pramuka Sari", "category": "terminal", "category_display": "Terminal Bus & Simpul Antarmoda", "city_regency": "Jakarta Timur", "postal_code": "13120", "source_raw_file": "osm_overpass:node/4275299246", "raw_lat": -6.192235, "raw_lon": 106.868567, "google_building_id": "buildings/GhIJBID7ghrFGMARf5ubYpi3WkA", "google_maps_url": "https://www.google.com/maps/search/?api=1&query=-6.192480,106.868679", "google_center_lat": -6.1924803, "google_center_lon": 106.8686795, "spatial_drift_meters": 29.98, "drift_status": "VALID (< 30m)", "imagery_date": "2025-08-16", "quality_tier": "BASE", "whole_roof_area_m2": 12.5, "max_roof_area_m2": 5.89, "roof_suitability_ratio_pct": 47.1, "building_footprint_m2": 15.01, "roof_coverage_ratio_pct": 83.3, "gap_unsegmented_pct": 16.7, "gap_unsegmented_m2": 2.51, "gap_unpanelled_m2": 6.61, "total_gap_m2": 9.12, "total_segments_count": 1, "pitch_range": "8.4° – 8.4°", "weighted_pitch_deg": 8.4, "max_panels_count": 3, "sunshine_hours_annual": 1594.25, "panel_capacity_wp": 400, "installed_capacity_kwp": 1.2, "google_dc_mwh": 0.0, "annual_generation_kwh": 1530.48, "annual_generation_mwh": 1.53, "carbon_offset_factor": 809.0, "ghg_reduction_tons_co2": 1.24, "path_dsm_geotiff": null, "path_rgb_geotiff": null, "path_mask_geotiff": null, "path_flux_geotiff": null, "preview_rgb_png": null, "preview_panels_png": null, "preview_segments_png": null, "preview_dsm_png": null, "preview_mask_png": null, "preview_flux_png": null, "gap_category": "Gap Sedikit" }, "geometry": { "type": "Point", "coordinates": [ 106.868567, -6.192235 ] } },
{ "type": "Feature", "properties": { "asset_id": "TERM-0009", "asset_name": "Terminal 1A", "category": "terminal", "category_display": "Terminal Bus & Simpul Antarmoda", "city_regency": "Kota Tangerang", "postal_code": "15126", "source_raw_file": "osm_overpass:node/2500443128", "raw_lat": -6.128799, "raw_lon": 106.658084, "google_building_id": "buildings/ChIJ2R_iz20Cai4RrYAxms-c7Oc", "google_maps_url": "https://www.google.com/maps/search/?api=1&query=-6.128865,106.657894", "google_center_lat": -6.1288649, "google_center_lon": 106.6578942, "spatial_drift_meters": 22.23, "drift_status": "VALID (< 30m)", "imagery_date": "2025-07-26", "quality_tier": "BASE", "whole_roof_area_m2": 616.85, "max_roof_area_m2": 481.07, "roof_suitability_ratio_pct": 78.0, "building_footprint_m2": 649.59, "roof_coverage_ratio_pct": 95.0, "gap_unsegmented_pct": 5.0, "gap_unsegmented_m2": 32.74, "gap_unpanelled_m2": 135.77, "total_gap_m2": 168.52, "total_segments_count": 3, "pitch_range": "3.8° – 17.8°", "weighted_pitch_deg": 8.4, "max_panels_count": 245, "sunshine_hours_annual": 1716.83, "panel_capacity_wp": 400, "installed_capacity_kwp": 98.0, "google_dc_mwh": 162.1, "annual_generation_kwh": 134599.16, "annual_generation_mwh": 134.6, "carbon_offset_factor": 809.0, "ghg_reduction_tons_co2": 108.89, "path_dsm_geotiff": null, "path_rgb_geotiff": null, "path_mask_geotiff": null, "path_flux_geotiff": null, "preview_rgb_png": null, "preview_panels_png": null, "preview_segments_png": null, "preview_dsm_png": null, "preview_mask_png": null, "preview_flux_png": null, "gap_category": "Gap Sedikit" }, "geometry": { "type": "Point", "coordinates": [ 106.658084, -6.128799 ] } },
{ "type": "Feature", "properties": { "asset_id": "TERM-0010", "asset_name": "Terminal 1B", "category": "terminal", "category_display": "Terminal Bus & Simpul Antarmoda", "city_regency": "Kota Tangerang", "postal_code": "15126", "source_raw_file": "osm_overpass:node/2500443129", "raw_lat": -6.13121, "raw_lon": 106.656196, "google_building_id": "buildings/ChIJTcNMeXICai4RCZ1uRJWwcDg", "google_maps_url": "https://www.google.com/maps/search/?api=1&query=-6.131041,106.656025", "google_center_lat": -6.1310409, "google_center_lon": 106.6560253, "spatial_drift_meters": 26.64, "drift_status": "VALID (< 30m)", "imagery_date": "2024-09-19", "quality_tier": "BASE", "whole_roof_area_m2": 972.76, "max_roof_area_m2": 712.77, "roof_suitability_ratio_pct": 73.3, "building_footprint_m2": 1021.76, "roof_coverage_ratio_pct": 95.2, "gap_unsegmented_pct": 4.8, "gap_unsegmented_m2": 49.0, "gap_unpanelled_m2": 259.99, "total_gap_m2": 308.99, "total_segments_count": 8, "pitch_range": "13.5° – 39.6°", "weighted_pitch_deg": 24.7, "max_panels_count": 363, "sunshine_hours_annual": 1679.73, "panel_capacity_wp": 400, "installed_capacity_kwp": 145.2, "google_dc_mwh": 228.99, "annual_generation_kwh": 195117.66, "annual_generation_mwh": 195.12, "carbon_offset_factor": 809.0, "ghg_reduction_tons_co2": 157.85, "path_dsm_geotiff": null, "path_rgb_geotiff": null, "path_mask_geotiff": null, "path_flux_geotiff": null, "preview_rgb_png": null, "preview_panels_png": null, "preview_segments_png": null, "preview_dsm_png": null, "preview_mask_png": null, "preview_flux_png": null, "gap_category": "Gap Sedikit" }, "geometry": { "type": "Point", "coordinates": [ 106.656196, -6.13121 ] } },
{ "type": "Feature", "properties": { "asset_id": "TERM-0011", "asset_name": "Terminal 1C", "category": "terminal", "category_display": "Terminal Bus & Simpul Antarmoda", "city_regency": "Kota Tangerang", "postal_code": "15126", "source_raw_file": "osm_overpass:node/2500443130", "raw_lat": -6.130762, "raw_lon": 106.653085, "google_building_id": "buildings/ChIJ-5Q-X20Cai4R4I9C6BcvVx4", "google_maps_url": "https://www.google.com/maps/search/?api=1&query=-6.130521,106.653500", "google_center_lat": -6.1305206, "google_center_lon": 106.6535004, "spatial_drift_meters": 53.2, "drift_status": "REVIEW (> 30m)", "imagery_date": "2025-07-26", "quality_tier": "BASE", "whole_roof_area_m2": 948.69, "max_roof_area_m2": 714.73, "roof_suitability_ratio_pct": 75.3, "building_footprint_m2": 2028.91, "roof_coverage_ratio_pct": 46.8, "gap_unsegmented_pct": 53.2, "gap_unsegmented_m2": 1080.22, "gap_unpanelled_m2": 233.95, "total_gap_m2": 1314.17, "total_segments_count": 1, "pitch_range": "0.4° – 0.4°", "weighted_pitch_deg": 0.4, "max_panels_count": 364, "sunshine_hours_annual": 1708.98, "panel_capacity_wp": 400, "installed_capacity_kwp": 145.6, "google_dc_mwh": 242.7, "annual_generation_kwh": 199062.27, "annual_generation_mwh": 199.06, "carbon_offset_factor": 809.0, "ghg_reduction_tons_co2": 161.04, "path_dsm_geotiff": null, "path_rgb_geotiff": null, "path_mask_geotiff": null, "path_flux_geotiff": null, "preview_rgb_png": null, "preview_panels_png": null, "preview_segments_png": null, "preview_dsm_png": null, "preview_mask_png": null, "preview_flux_png": null, "gap_category": "Gap Besar" }, "geometry": { "type": "Point", "coordinates": [ 106.653085, -6.130762 ] } },
{ "type": "Feature", "properties": { "asset_id": "TERM-0012", "asset_name": "Terminal 2D", "category": "terminal", "category_display": "Terminal Bus & Simpul Antarmoda", "city_regency": "Kota Tangerang", "postal_code": "15126", "source_raw_file": "osm_overpass:node/3316132149", "raw_lat": -6.123763, "raw_lon": 106.651391, "google_building_id": "buildings/ChIJaS1_4hQCai4Rc3Fo69smtiM", "google_maps_url": "https://www.google.com/maps/search/?api=1&query=-6.123255,106.650734", "google_center_lat": -6.1232553, "google_center_lon": 106.6507344, "spatial_drift_meters": 91.96, "drift_status": "REVIEW (> 30m)", "imagery_date": "2024-06-23", "quality_tier": "BASE", "whole_roof_area_m2": 64.8, "max_roof_area_m2": 43.2, "roof_suitability_ratio_pct": 66.7, "building_footprint_m2": 75.57, "roof_coverage_ratio_pct": 85.7, "gap_unsegmented_pct": 14.3, "gap_unsegmented_m2": 10.77, "gap_unpanelled_m2": 21.6, "total_gap_m2": 32.37, "total_segments_count": 2, "pitch_range": "2.8° – 4.2°", "weighted_pitch_deg": 2.9, "max_panels_count": 22, "sunshine_hours_annual": 1698.07, "panel_capacity_wp": 400, "installed_capacity_kwp": 8.8, "google_dc_mwh": 14.75, "annual_generation_kwh": 11954.43, "annual_generation_mwh": 11.95, "carbon_offset_factor": 809.0, "ghg_reduction_tons_co2": 9.67, "path_dsm_geotiff": null, "path_rgb_geotiff": null, "path_mask_geotiff": null, "path_flux_geotiff": null, "preview_rgb_png": null, "preview_panels_png": null, "preview_segments_png": null, "preview_dsm_png": null, "preview_mask_png": null, "preview_flux_png": null, "gap_category": "Gap Sedikit" }, "geometry": { "type": "Point", "coordinates": [ 106.651391, -6.123763 ] } },
{ "type": "Feature", "properties": { "asset_id": "TERM-0013", "asset_name": "Terminal 2E", "category": "terminal", "category_display": "Terminal Bus & Simpul Antarmoda", "city_regency": "Kota Tangerang", "postal_code": "15126", "source_raw_file": "osm_overpass:node/3316132150", "raw_lat": -6.122339, "raw_lon": 106.652598, "google_building_id": "buildings/ChIJRfhP1GoCai4R9tnvSD4z6tg", "google_maps_url": "https://www.google.com/maps/search/?api=1&query=-6.122280,106.653171", "google_center_lat": -6.1222802, "google_center_lon": 106.6531706, "spatial_drift_meters": 63.64, "drift_status": "REVIEW (> 30m)", "imagery_date": "2025-07-26", "quality_tier": "BASE", "whole_roof_area_m2": 44838.66, "max_roof_area_m2": 30197.51, "roof_suitability_ratio_pct": 67.3, "building_footprint_m2": 58540.7, "roof_coverage_ratio_pct": 76.6, "gap_unsegmented_pct": 23.4, "gap_unsegmented_m2": 13702.05, "gap_unpanelled_m2": 14641.15, "total_gap_m2": 28343.19, "total_segments_count": 226, "pitch_range": "0.1° – 52.8°", "weighted_pitch_deg": 7.8, "max_panels_count": 15379, "sunshine_hours_annual": 1728.67, "panel_capacity_wp": 400, "installed_capacity_kwp": 6151.6, "google_dc_mwh": 10235.37, "annual_generation_kwh": 8507269.1, "annual_generation_mwh": 8507.27, "carbon_offset_factor": 809.0, "ghg_reduction_tons_co2": 6882.37, "path_dsm_geotiff": null, "path_rgb_geotiff": null, "path_mask_geotiff": null, "path_flux_geotiff": null, "preview_rgb_png": null, "preview_panels_png": null, "preview_segments_png": null, "preview_dsm_png": null, "preview_mask_png": null, "preview_flux_png": null, "gap_category": "Gap Sedang" }, "geometry": { "type": "Point", "coordinates": [ 106.652598, -6.122339 ] } },
{ "type": "Feature", "properties": { "asset_id": "TERM-0014", "asset_name": "Tugu Ikan Parung", "category": "terminal", "category_display": "Terminal Bus & Simpul Antarmoda", "city_regency": "Kota Depok", "postal_code": "16330", "source_raw_file": "osm_overpass:node/3396881708", "raw_lat": -6.421516, "raw_lon": 106.732647, "google_building_id": "buildings/ChIJWe5MRYboaS4RVevvsw9BDIg", "google_maps_url": "https://www.google.com/maps/search/?api=1&query=-6.421779,106.732850", "google_center_lat": -6.4217793, "google_center_lon": 106.73285, "spatial_drift_meters": 36.88, "drift_status": "REVIEW (> 30m)", "imagery_date": "2024-05-18", "quality_tier": "BASE", "whole_roof_area_m2": 55.64, "max_roof_area_m2": 33.38, "roof_suitability_ratio_pct": 60.0, "building_footprint_m2": 59.57, "roof_coverage_ratio_pct": 93.4, "gap_unsegmented_pct": 6.6, "gap_unsegmented_m2": 3.93, "gap_unpanelled_m2": 22.26, "total_gap_m2": 26.19, "total_segments_count": 1, "pitch_range": "6.8° – 6.8°", "weighted_pitch_deg": 6.8, "max_panels_count": 17, "sunshine_hours_annual": 1558.41, "panel_capacity_wp": 400, "installed_capacity_kwp": 6.8, "google_dc_mwh": 10.19, "annual_generation_kwh": 8477.75, "annual_generation_mwh": 8.48, "carbon_offset_factor": 809.0, "ghg_reduction_tons_co2": 6.86, "path_dsm_geotiff": null, "path_rgb_geotiff": null, "path_mask_geotiff": null, "path_flux_geotiff": null, "preview_rgb_png": null, "preview_panels_png": null, "preview_segments_png": null, "preview_dsm_png": null, "preview_mask_png": null, "preview_flux_png": null, "gap_category": "Gap Sedikit" }, "geometry": { "type": "Point", "coordinates": [ 106.732647, -6.421516 ] } },
{ "type": "Feature", "properties": { "asset_id": "TERM-0015", "asset_name": "Grogol Reformasi", "category": "terminal", "category_display": "Terminal Bus & Simpul Antarmoda", "city_regency": "Jakarta Barat", "postal_code": "11440", "source_raw_file": "osm_overpass:node/3415431045", "raw_lat": -6.167332, "raw_lon": 106.788264, "google_building_id": "buildings/ChIJ35gjq1z2aS4R6f7USQs0uR4", "google_maps_url": "https://www.google.com/maps/search/?api=1&query=-6.167576,106.788526", "google_center_lat": -6.1675757, "google_center_lon": 106.7885256, "spatial_drift_meters": 39.63, "drift_status": "REVIEW (> 30m)", "imagery_date": "2024-09-19", "quality_tier": "BASE", "whole_roof_area_m2": 74.58, "max_roof_area_m2": 53.02, "roof_suitability_ratio_pct": 71.1, "building_footprint_m2": 75.6, "roof_coverage_ratio_pct": 98.7, "gap_unsegmented_pct": 1.3, "gap_unsegmented_m2": 1.02, "gap_unpanelled_m2": 21.56, "total_gap_m2": 22.58, "total_segments_count": 1, "pitch_range": "18.5° – 18.5°", "weighted_pitch_deg": 18.5, "max_panels_count": 27, "sunshine_hours_annual": 1599.86, "panel_capacity_wp": 400, "installed_capacity_kwp": 10.8, "google_dc_mwh": 15.86, "annual_generation_kwh": 13822.83, "annual_generation_mwh": 13.82, "carbon_offset_factor": 809.0, "ghg_reduction_tons_co2": 11.18, "path_dsm_geotiff": null, "path_rgb_geotiff": null, "path_mask_geotiff": null, "path_flux_geotiff": null, "preview_rgb_png": null, "preview_panels_png": null, "preview_segments_png": null, "preview_dsm_png": null, "preview_mask_png": null, "preview_flux_png": null, "gap_category": "Gap Sedikit" }, "geometry": { "type": "Point", "coordinates": [ 106.788264, -6.167332 ] } },
{ "type": "Feature", "properties": { "asset_id": "TERM-0016", "asset_name": "Galur", "category": "terminal", "category_display": "Terminal Bus & Simpul Antarmoda", "city_regency": "Jakarta Pusat", "postal_code": "10530", "source_raw_file": "osm_overpass:node/3415431046", "raw_lat": -6.174417, "raw_lon": 106.854718, "google_building_id": "buildings/ChIJ9XvDQK31aS4R3WP66Tpx_IM", "google_maps_url": "https://www.google.com/maps/search/?api=1&query=-6.174424,106.854698", "google_center_lat": -6.1744236, "google_center_lon": 106.8546981, "spatial_drift_meters": 2.32, "drift_status": "VALID (< 30m)", "imagery_date": "2024-10-26", "quality_tier": "BASE", "whole_roof_area_m2": 179.66, "max_roof_area_m2": 111.92, "roof_suitability_ratio_pct": 62.3, "building_footprint_m2": 275.85, "roof_coverage_ratio_pct": 65.1, "gap_unsegmented_pct": 34.9, "gap_unsegmented_m2": 96.19, "gap_unpanelled_m2": 67.74, "total_gap_m2": 163.93, "total_segments_count": 4, "pitch_range": "1.2° – 7.0°", "weighted_pitch_deg": 5.2, "max_panels_count": 57, "sunshine_hours_annual": 1657.95, "panel_capacity_wp": 400, "installed_capacity_kwp": 22.8, "google_dc_mwh": 36.39, "annual_generation_kwh": 30241.02, "annual_generation_mwh": 30.24, "carbon_offset_factor": 809.0, "ghg_reduction_tons_co2": 24.46, "path_dsm_geotiff": null, "path_rgb_geotiff": null, "path_mask_geotiff": null, "path_flux_geotiff": null, "preview_rgb_png": null, "preview_panels_png": null, "preview_segments_png": null, "preview_dsm_png": null, "preview_mask_png": null, "preview_flux_png": null, "gap_category": "Gap Besar" }, "geometry": { "type": "Point", "coordinates": [ 106.854718, -6.174417 ] } },
{ "type": "Feature", "properties": { "asset_id": "TERM-0017", "asset_name": "Taman Sari", "category": "terminal", "category_display": "Terminal Bus & Simpul Antarmoda", "city_regency": "Jakarta Utara", "postal_code": "11130", "source_raw_file": "osm_overpass:node/3415431306", "raw_lat": -6.149303, "raw_lon": 106.816703, "google_building_id": "buildings/ChIJy_F6yQn2aS4R8p4WfUv9dCs", "google_maps_url": "https://www.google.com/maps/search/?api=1&query=-6.149040,106.816604", "google_center_lat": -6.14904, "google_center_lon": 106.8166036, "spatial_drift_meters": 31.24, "drift_status": "REVIEW (> 30m)", "imagery_date": "2025-07-26", "quality_tier": "BASE", "whole_roof_area_m2": 194.44, "max_roof_area_m2": 141.38, "roof_suitability_ratio_pct": 72.7, "building_footprint_m2": 350.99, "roof_coverage_ratio_pct": 55.4, "gap_unsegmented_pct": 44.6, "gap_unsegmented_m2": 156.56, "gap_unpanelled_m2": 53.06, "total_gap_m2": 209.62, "total_segments_count": 2, "pitch_range": "1.0° – 15.8°", "weighted_pitch_deg": 5.3, "max_panels_count": 72, "sunshine_hours_annual": 1589.93, "panel_capacity_wp": 400, "installed_capacity_kwp": 28.8, "google_dc_mwh": 39.6, "annual_generation_kwh": 36632.01, "annual_generation_mwh": 36.63, "carbon_offset_factor": 809.0, "ghg_reduction_tons_co2": 29.64, "path_dsm_geotiff": null, "path_rgb_geotiff": null, "path_mask_geotiff": null, "path_flux_geotiff": null, "preview_rgb_png": null, "preview_panels_png": null, "preview_segments_png": null, "preview_dsm_png": null, "preview_mask_png": null, "preview_flux_png": null, "gap_category": "Gap Besar" }, "geometry": { "type": "Point", "coordinates": [ 106.816703, -6.149303 ] } },
{ "type": "Feature", "properties": { "asset_id": "TERM-0018", "asset_name": "PGC", "category": "terminal", "category_display": "Terminal Bus & Simpul Antarmoda", "city_regency": "Jakarta Timur", "postal_code": "13640", "source_raw_file": "osm_overpass:node/3415431310", "raw_lat": -6.262028, "raw_lon": 106.865426, "google_building_id": "buildings/ChIJ-wPLqPjyaS4RkNhaDiYJ7jI", "google_maps_url": "https://www.google.com/maps/search/?api=1&query=-6.262238,106.865470", "google_center_lat": -6.262238, "google_center_lon": 106.86547, "spatial_drift_meters": 23.85, "drift_status": "VALID (< 30m)", "imagery_date": "2025-08-16", "quality_tier": "BASE", "whole_roof_area_m2": 6880.22, "max_roof_area_m2": 5360.51, "roof_suitability_ratio_pct": 77.9, "building_footprint_m2": 9177.24, "roof_coverage_ratio_pct": 75.0, "gap_unsegmented_pct": 25.0, "gap_unsegmented_m2": 2297.01, "gap_unpanelled_m2": 1519.72, "total_gap_m2": 3816.73, "total_segments_count": 45, "pitch_range": "2.5° – 52.4°", "weighted_pitch_deg": 13.2, "max_panels_count": 2730, "sunshine_hours_annual": 1628.43, "panel_capacity_wp": 400, "installed_capacity_kwp": 1092.0, "google_dc_mwh": 1657.01, "annual_generation_kwh": 1422599.16, "annual_generation_mwh": 1422.6, "carbon_offset_factor": 809.0, "ghg_reduction_tons_co2": 1150.88, "path_dsm_geotiff": null, "path_rgb_geotiff": null, "path_mask_geotiff": null, "path_flux_geotiff": null, "preview_rgb_png": null, "preview_panels_png": null, "preview_segments_png": null, "preview_dsm_png": null, "preview_mask_png": null, "preview_flux_png": null, "gap_category": "Gap Sedang" }, "geometry": { "type": "Point", "coordinates": [ 106.865426, -6.262028 ] } },
{ "type": "Feature", "properties": { "asset_id": "TERM-0019", "asset_name": "Pancoran Arah Barat", "category": "terminal", "category_display": "Terminal Bus & Simpul Antarmoda", "city_regency": "Jakarta Timur", "postal_code": "12780", "source_raw_file": "osm_overpass:node/3415431318", "raw_lat": -6.241672, "raw_lon": 106.837282, "google_building_id": "buildings/ChIJdWgoSMHzaS4R0jmCQdLKxq8", "google_maps_url": "https://www.google.com/maps/search/?api=1&query=-6.241890,106.837021", "google_center_lat": -6.2418897, "google_center_lon": 106.8370206, "spatial_drift_meters": 37.69, "drift_status": "REVIEW (> 30m)", "imagery_date": "2025-08-16", "quality_tier": "BASE", "whole_roof_area_m2": 117.8, "max_roof_area_m2": 76.58, "roof_suitability_ratio_pct": 65.0, "building_footprint_m2": 139.61, "roof_coverage_ratio_pct": 84.4, "gap_unsegmented_pct": 15.6, "gap_unsegmented_m2": 21.81, "gap_unpanelled_m2": 41.22, "total_gap_m2": 63.03, "total_segments_count": 3, "pitch_range": "8.8° – 11.0°", "weighted_pitch_deg": 10.2, "max_panels_count": 39, "sunshine_hours_annual": 1531.22, "panel_capacity_wp": 400, "installed_capacity_kwp": 15.6, "google_dc_mwh": 23.37, "annual_generation_kwh": 19109.63, "annual_generation_mwh": 19.11, "carbon_offset_factor": 809.0, "ghg_reduction_tons_co2": 15.46, "path_dsm_geotiff": null, "path_rgb_geotiff": null, "path_mask_geotiff": null, "path_flux_geotiff": null, "preview_rgb_png": null, "preview_panels_png": null, "preview_segments_png": null, "preview_dsm_png": null, "preview_mask_png": null, "preview_flux_png": null, "gap_category": "Gap Sedikit" }, "geometry": { "type": "Point", "coordinates": [ 106.837282, -6.241672 ] } },
{ "type": "Feature", "properties": { "asset_id": "TERM-0020", "asset_name": "Ragunan", "category": "terminal", "category_display": "Terminal Bus & Simpul Antarmoda", "city_regency": "Jakarta Selatan", "postal_code": "12550", "source_raw_file": "osm_overpass:node/3415431355", "raw_lat": -6.305763, "raw_lon": 106.819018, "google_building_id": "buildings/ChIJz2yelP3taS4RmLil2fpD3FI", "google_maps_url": "https://www.google.com/maps/search/?api=1&query=-6.305780,106.818920", "google_center_lat": -6.3057801, "google_center_lon": 106.8189201, "spatial_drift_meters": 10.99, "drift_status": "VALID (< 30m)", "imagery_date": "2024-10-26", "quality_tier": "BASE", "whole_roof_area_m2": 560.3, "max_roof_area_m2": 394.67, "roof_suitability_ratio_pct": 70.4, "building_footprint_m2": 727.24, "roof_coverage_ratio_pct": 77.0, "gap_unsegmented_pct": 23.0, "gap_unsegmented_m2": 166.94, "gap_unpanelled_m2": 165.62, "total_gap_m2": 332.57, "total_segments_count": 4, "pitch_range": "2.8° – 34.6°", "weighted_pitch_deg": 4.7, "max_panels_count": 201, "sunshine_hours_annual": 1622.89, "panel_capacity_wp": 400, "installed_capacity_kwp": 80.4, "google_dc_mwh": 124.83, "annual_generation_kwh": 104384.27, "annual_generation_mwh": 104.38, "carbon_offset_factor": 809.0, "ghg_reduction_tons_co2": 84.45, "path_dsm_geotiff": null, "path_rgb_geotiff": null, "path_mask_geotiff": null, "path_flux_geotiff": null, "preview_rgb_png": null, "preview_panels_png": null, "preview_segments_png": null, "preview_dsm_png": null, "preview_mask_png": null, "preview_flux_png": null, "gap_category": "Gap Sedang" }, "geometry": { "type": "Point", "coordinates": [ 106.819018, -6.305763 ] } },
{ "type": "Feature", "properties": { "asset_id": "TERM-0021", "asset_name": "Kayu Jati", "category": "terminal", "category_display": "Terminal Bus & Simpul Antarmoda", "city_regency": "Jakarta Timur", "postal_code": "13220", "source_raw_file": "osm_overpass:node/3415431384", "raw_lat": -6.193262, "raw_lon": 106.883695, "google_building_id": "buildings/ChIJJV_fbuv0aS4RJX-OzvBz56Y", "google_maps_url": "https://www.google.com/maps/search/?api=1&query=-6.193242,106.883529", "google_center_lat": -6.1932415, "google_center_lon": 106.8835292, "spatial_drift_meters": 18.47, "drift_status": "VALID (< 30m)", "imagery_date": "2025-08-16", "quality_tier": "BASE", "whole_roof_area_m2": 449.52, "max_roof_area_m2": 341.66, "roof_suitability_ratio_pct": 76.0, "building_footprint_m2": 726.78, "roof_coverage_ratio_pct": 61.9, "gap_unsegmented_pct": 38.1, "gap_unsegmented_m2": 277.25, "gap_unpanelled_m2": 107.87, "total_gap_m2": 385.12, "total_segments_count": 1, "pitch_range": "1.0° – 1.0°", "weighted_pitch_deg": 1.0, "max_panels_count": 174, "sunshine_hours_annual": 1657.01, "panel_capacity_wp": 400, "installed_capacity_kwp": 69.6, "google_dc_mwh": 113.77, "annual_generation_kwh": 92262.33, "annual_generation_mwh": 92.26, "carbon_offset_factor": 809.0, "ghg_reduction_tons_co2": 74.64, "path_dsm_geotiff": null, "path_rgb_geotiff": null, "path_mask_geotiff": null, "path_flux_geotiff": null, "preview_rgb_png": null, "preview_panels_png": null, "preview_segments_png": null, "preview_dsm_png": null, "preview_mask_png": null, "preview_flux_png": null, "gap_category": "Gap Besar" }, "geometry": { "type": "Point", "coordinates": [ 106.883695, -6.193262 ] } },
{ "type": "Feature", "properties": { "asset_id": "TERM-0022", "asset_name": "Rawamangun", "category": "terminal", "category_display": "Terminal Bus & Simpul Antarmoda", "city_regency": "Jakarta Timur", "postal_code": "13220", "source_raw_file": "osm_overpass:node/3415431398", "raw_lat": -6.192912, "raw_lon": 106.880315, "google_building_id": "buildings/ChIJ23M_5ez0aS4RAMulVbpomfQ", "google_maps_url": "https://www.google.com/maps/search/?api=1&query=-6.193179,106.880428", "google_center_lat": -6.1931793, "google_center_lon": 106.8804284, "spatial_drift_meters": 32.26, "drift_status": "REVIEW (> 30m)", "imagery_date": "2025-08-16", "quality_tier": "BASE", "whole_roof_area_m2": 43.39, "max_roof_area_m2": 25.53, "roof_suitability_ratio_pct": 58.8, "building_footprint_m2": 43.39, "roof_coverage_ratio_pct": 100.0, "gap_unsegmented_pct": 0.0, "gap_unsegmented_m2": 0.0, "gap_unpanelled_m2": 17.87, "total_gap_m2": 17.87, "total_segments_count": 1, "pitch_range": "14.1° – 14.1°", "weighted_pitch_deg": 14.1, "max_panels_count": 13, "sunshine_hours_annual": 1510.88, "panel_capacity_wp": 400, "installed_capacity_kwp": 5.2, "google_dc_mwh": 6.37, "annual_generation_kwh": 6285.26, "annual_generation_mwh": 6.29, "carbon_offset_factor": 809.0, "ghg_reduction_tons_co2": 5.08, "path_dsm_geotiff": null, "path_rgb_geotiff": null, "path_mask_geotiff": null, "path_flux_geotiff": null, "preview_rgb_png": null, "preview_panels_png": null, "preview_segments_png": null, "preview_dsm_png": null, "preview_mask_png": null, "preview_flux_png": null, "gap_category": "Gap Sedikit" }, "geometry": { "type": "Point", "coordinates": [ 106.880315, -6.192912 ] } },
{ "type": "Feature", "properties": { "asset_id": "TERM-0023", "asset_name": "Velodrome", "category": "terminal", "category_display": "Terminal Bus & Simpul Antarmoda", "city_regency": "Jakarta Timur", "postal_code": "13220", "source_raw_file": "osm_overpass:node/3415431401", "raw_lat": -6.193464, "raw_lon": 106.888301, "google_building_id": "buildings/ChIJozLao-r0aS4R8s2bMv76ABc", "google_maps_url": "https://www.google.com/maps/search/?api=1&query=-6.193709,106.888243", "google_center_lat": -6.1937085, "google_center_lon": 106.8882432, "spatial_drift_meters": 27.93, "drift_status": "VALID (< 30m)", "imagery_date": "2025-08-16", "quality_tier": "BASE", "whole_roof_area_m2": 13.32, "max_roof_area_m2": 7.85, "roof_suitability_ratio_pct": 59.0, "building_footprint_m2": 13.32, "roof_coverage_ratio_pct": 100.0, "gap_unsegmented_pct": 0.0, "gap_unsegmented_m2": 0.0, "gap_unpanelled_m2": 5.47, "total_gap_m2": 5.47, "total_segments_count": 1, "pitch_range": "6.3° – 6.3°", "weighted_pitch_deg": 6.3, "max_panels_count": 4, "sunshine_hours_annual": 1601.01, "panel_capacity_wp": 400, "installed_capacity_kwp": 1.6, "google_dc_mwh": 2.52, "annual_generation_kwh": 2049.29, "annual_generation_mwh": 2.05, "carbon_offset_factor": 809.0, "ghg_reduction_tons_co2": 1.66, "path_dsm_geotiff": null, "path_rgb_geotiff": null, "path_mask_geotiff": null, "path_flux_geotiff": null, "preview_rgb_png": null, "preview_panels_png": null, "preview_segments_png": null, "preview_dsm_png": null, "preview_mask_png": null, "preview_flux_png": null, "gap_category": "Gap Sedikit" }, "geometry": { "type": "Point", "coordinates": [ 106.888301, -6.193464 ] } },
{ "type": "Feature", "properties": { "asset_id": "TERM-0024", "asset_name": "Pulo Gadung", "category": "terminal", "category_display": "Terminal Bus & Simpul Antarmoda", "city_regency": "Jakarta Timur", "postal_code": "13260", "source_raw_file": "osm_overpass:node/3415431879", "raw_lat": -6.183181, "raw_lon": 106.908893, "google_building_id": "buildings/ChIJNUgpY9L0aS4RS-nyiY7Kvxw", "google_maps_url": "https://www.google.com/maps/search/?api=1&query=-6.183271,106.908908", "google_center_lat": -6.1832714, "google_center_lon": 106.9089078, "spatial_drift_meters": 10.18, "drift_status": "VALID (< 30m)", "imagery_date": "2024-10-26", "quality_tier": "BASE", "whole_roof_area_m2": 854.39, "max_roof_area_m2": 577.29, "roof_suitability_ratio_pct": 67.6, "building_footprint_m2": 1048.93, "roof_coverage_ratio_pct": 81.5, "gap_unsegmented_pct": 18.5, "gap_unsegmented_m2": 194.53, "gap_unpanelled_m2": 277.11, "total_gap_m2": 471.64, "total_segments_count": 12, "pitch_range": "0.4° – 19.9°", "weighted_pitch_deg": 5.2, "max_panels_count": 294, "sunshine_hours_annual": 1682.62, "panel_capacity_wp": 400, "installed_capacity_kwp": 117.6, "google_dc_mwh": 192.41, "annual_generation_kwh": 158300.63, "annual_generation_mwh": 158.3, "carbon_offset_factor": 809.0, "ghg_reduction_tons_co2": 128.07, "path_dsm_geotiff": null, "path_rgb_geotiff": null, "path_mask_geotiff": null, "path_flux_geotiff": null, "preview_rgb_png": null, "preview_panels_png": null, "preview_segments_png": null, "preview_dsm_png": null, "preview_mask_png": null, "preview_flux_png": null, "gap_category": "Gap Sedikit" }, "geometry": { "type": "Point", "coordinates": [ 106.908893, -6.183181 ] } },
{ "type": "Feature", "properties": { "asset_id": "TERM-0025", "asset_name": "Bandara Soekarno-Hatta Airport Terminal 2", "category": "terminal", "category_display": "Terminal Bus & Simpul Antarmoda", "city_regency": "Kota Tangerang", "postal_code": "15126", "source_raw_file": "osm_overpass:node/4149561896", "raw_lat": -6.124185, "raw_lon": 106.653367, "google_building_id": "buildings/ChIJb5bLSWsCai4R-fqXcg_sk7Y", "google_maps_url": "https://www.google.com/maps/search/?api=1&query=-6.124537,106.653239", "google_center_lat": -6.124537, "google_center_lon": 106.653239, "spatial_drift_meters": 41.62, "drift_status": "REVIEW (> 30m)", "imagery_date": "2023-10-28", "quality_tier": "BASE", "whole_roof_area_m2": 55.84, "max_roof_area_m2": 31.42, "roof_suitability_ratio_pct": 56.3, "building_footprint_m2": 71.96, "roof_coverage_ratio_pct": 77.6, "gap_unsegmented_pct": 22.4, "gap_unsegmented_m2": 16.12, "gap_unpanelled_m2": 24.42, "total_gap_m2": 40.55, "total_segments_count": 3, "pitch_range": "7.1° – 20.1°", "weighted_pitch_deg": 15.4, "max_panels_count": 16, "sunshine_hours_annual": 1713.41, "panel_capacity_wp": 400, "installed_capacity_kwp": 6.4, "google_dc_mwh": 10.66, "annual_generation_kwh": 8772.65, "annual_generation_mwh": 8.77, "carbon_offset_factor": 809.0, "ghg_reduction_tons_co2": 7.1, "path_dsm_geotiff": null, "path_rgb_geotiff": null, "path_mask_geotiff": null, "path_flux_geotiff": null, "preview_rgb_png": null, "preview_panels_png": null, "preview_segments_png": null, "preview_dsm_png": null, "preview_mask_png": null, "preview_flux_png": null, "gap_category": "Gap Sedang" }, "geometry": { "type": "Point", "coordinates": [ 106.653367, -6.124185 ] } },
{ "type": "Feature", "properties": { "asset_id": "TERM-0026", "asset_name": "Halte Bulak Kapal", "category": "terminal", "category_display": "Terminal Bus & Simpul Antarmoda", "city_regency": "Kota Bekasi", "postal_code": "17113", "source_raw_file": "osm_overpass:node/4235138356", "raw_lat": -6.249824, "raw_lon": 107.024971, "google_building_id": "buildings/ChIJDw6FI4qOaS4RXHpqat-9-wc", "google_maps_url": "https://www.google.com/maps/search/?api=1&query=-6.250003,107.024940", "google_center_lat": -6.2500034, "google_center_lon": 107.0249396, "spatial_drift_meters": 20.25, "drift_status": "VALID (< 30m)", "imagery_date": "2025-09-13", "quality_tier": "BASE", "whole_roof_area_m2": 60.84, "max_roof_area_m2": 35.34, "roof_suitability_ratio_pct": 58.1, "building_footprint_m2": 60.84, "roof_coverage_ratio_pct": 100.0, "gap_unsegmented_pct": 0.0, "gap_unsegmented_m2": 0.0, "gap_unpanelled_m2": 25.5, "total_gap_m2": 25.5, "total_segments_count": 2, "pitch_range": "1.7° – 37.3°", "weighted_pitch_deg": 18.9, "max_panels_count": 18, "sunshine_hours_annual": 1660.57, "panel_capacity_wp": 400, "installed_capacity_kwp": 7.2, "google_dc_mwh": 10.55, "annual_generation_kwh": 9564.88, "annual_generation_mwh": 9.56, "carbon_offset_factor": 809.0, "ghg_reduction_tons_co2": 7.74, "path_dsm_geotiff": null, "path_rgb_geotiff": null, "path_mask_geotiff": null, "path_flux_geotiff": null, "preview_rgb_png": null, "preview_panels_png": null, "preview_segments_png": null, "preview_dsm_png": null, "preview_mask_png": null, "preview_flux_png": null, "gap_category": "Gap Sedikit" }, "geometry": { "type": "Point", "coordinates": [ 107.024971, -6.249824 ] } },
{ "type": "Feature", "properties": { "asset_id": "TERM-0027", "asset_name": "Semanggi", "category": "terminal", "category_display": "Terminal Bus & Simpul Antarmoda", "city_regency": "Jakarta Selatan", "postal_code": "12190", "source_raw_file": "osm_overpass:node/4235200076", "raw_lat": -6.220537, "raw_lon": 106.813168, "google_building_id": "buildings/GhIJjbb90dThGMARw0TjnQe0WkA", "google_maps_url": "https://www.google.com/maps/search/?api=1&query=-6.220535,106.812951", "google_center_lat": -6.2205351, "google_center_lon": 106.8129509, "spatial_drift_meters": 24.0, "drift_status": "VALID (< 30m)", "imagery_date": "2025-08-16", "quality_tier": "BASE", "whole_roof_area_m2": 129.76, "max_roof_area_m2": 84.43, "roof_suitability_ratio_pct": 65.1, "building_footprint_m2": 160.94, "roof_coverage_ratio_pct": 80.6, "gap_unsegmented_pct": 19.4, "gap_unsegmented_m2": 31.18, "gap_unpanelled_m2": 45.33, "total_gap_m2": 76.51, "total_segments_count": 1, "pitch_range": "3.6° – 3.6°", "weighted_pitch_deg": 3.6, "max_panels_count": 43, "sunshine_hours_annual": 1589.28, "panel_capacity_wp": 400, "installed_capacity_kwp": 17.2, "google_dc_mwh": 26.54, "annual_generation_kwh": 21868.43, "annual_generation_mwh": 21.87, "carbon_offset_factor": 809.0, "ghg_reduction_tons_co2": 17.69, "path_dsm_geotiff": null, "path_rgb_geotiff": null, "path_mask_geotiff": null, "path_flux_geotiff": null, "preview_rgb_png": null, "preview_panels_png": null, "preview_segments_png": null, "preview_dsm_png": null, "preview_mask_png": null, "preview_flux_png": null, "gap_category": "Gap Sedikit" }, "geometry": { "type": "Point", "coordinates": [ 106.813168, -6.220537 ] } },
{ "type": "Feature", "properties": { "asset_id": "TERM-0028", "asset_name": "Pool Damri Kemayoran", "category": "terminal", "category_display": "Terminal Bus & Simpul Antarmoda", "city_regency": "Jakarta Utara", "postal_code": "10610", "source_raw_file": "osm_overpass:node/4243825205", "raw_lat": -6.159739, "raw_lon": 106.848079, "google_building_id": "buildings/ChIJM6reD7z1aS4R-VvqO4rCEvo", "google_maps_url": "https://www.google.com/maps/search/?api=1&query=-6.159720,106.848187", "google_center_lat": -6.1597201, "google_center_lon": 106.8481868, "spatial_drift_meters": 12.1, "drift_status": "VALID (< 30m)", "imagery_date": "2025-07-26", "quality_tier": "BASE", "whole_roof_area_m2": 36.34, "max_roof_area_m2": 17.67, "roof_suitability_ratio_pct": 48.6, "building_footprint_m2": 36.34, "roof_coverage_ratio_pct": 100.0, "gap_unsegmented_pct": 0.0, "gap_unsegmented_m2": 0.0, "gap_unpanelled_m2": 18.67, "total_gap_m2": 18.67, "total_segments_count": 1, "pitch_range": "3.9° – 3.9°", "weighted_pitch_deg": 3.9, "max_panels_count": 9, "sunshine_hours_annual": 1661.81, "panel_capacity_wp": 400, "installed_capacity_kwp": 3.6, "google_dc_mwh": 5.91, "annual_generation_kwh": 4786.01, "annual_generation_mwh": 4.79, "carbon_offset_factor": 809.0, "ghg_reduction_tons_co2": 3.87, "path_dsm_geotiff": null, "path_rgb_geotiff": null, "path_mask_geotiff": null, "path_flux_geotiff": null, "preview_rgb_png": null, "preview_panels_png": null, "preview_segments_png": null, "preview_dsm_png": null, "preview_mask_png": null, "preview_flux_png": null, "gap_category": "Gap Sedikit" }, "geometry": { "type": "Point", "coordinates": [ 106.848079, -6.159739 ] } },
{ "type": "Feature", "properties": { "asset_id": "TERM-0029", "asset_name": "Terminal 2F Bandara Soeta", "category": "terminal", "category_display": "Terminal Bus & Simpul Antarmoda", "city_regency": "Kota Tangerang", "postal_code": "15126", "source_raw_file": "osm_overpass:node/4260199001", "raw_lat": -6.122496, "raw_lon": 106.654477, "google_building_id": "buildings/ChIJow214moCai4RdiC7r5ZJOjs", "google_maps_url": "https://www.google.com/maps/search/?api=1&query=-6.123099,106.654907", "google_center_lat": -6.1230995, "google_center_lon": 106.6549068, "spatial_drift_meters": 82.23, "drift_status": "REVIEW (> 30m)", "imagery_date": "2025-07-26", "quality_tier": "BASE", "whole_roof_area_m2": 405.93, "max_roof_area_m2": 306.31, "roof_suitability_ratio_pct": 75.5, "building_footprint_m2": 452.47, "roof_coverage_ratio_pct": 89.7, "gap_unsegmented_pct": 10.3, "gap_unsegmented_m2": 46.54, "gap_unpanelled_m2": 99.62, "total_gap_m2": 146.16, "total_segments_count": 4, "pitch_range": "7.8° – 12.8°", "weighted_pitch_deg": 10.4, "max_panels_count": 156, "sunshine_hours_annual": 1704.49, "panel_capacity_wp": 400, "installed_capacity_kwp": 62.4, "google_dc_mwh": 104.34, "annual_generation_kwh": 85088.34, "annual_generation_mwh": 85.09, "carbon_offset_factor": 809.0, "ghg_reduction_tons_co2": 68.84, "path_dsm_geotiff": null, "path_rgb_geotiff": null, "path_mask_geotiff": null, "path_flux_geotiff": null, "preview_rgb_png": null, "preview_panels_png": null, "preview_segments_png": null, "preview_dsm_png": null, "preview_mask_png": null, "preview_flux_png": null, "gap_category": "Gap Sedikit" }, "geometry": { "type": "Point", "coordinates": [ 106.654477, -6.122496 ] } },
{ "type": "Feature", "properties": { "asset_id": "TERM-0030", "asset_name": "Flyover Pramuka", "category": "terminal", "category_display": "Terminal Bus & Simpul Antarmoda", "city_regency": "Jakarta Pusat", "postal_code": "13140", "source_raw_file": "osm_overpass:node/4275299209", "raw_lat": -6.198901, "raw_lon": 106.854486, "google_building_id": "buildings/ChIJ38ZsOGb0aS4RbUDNvlwHrN8", "google_maps_url": "https://www.google.com/maps/search/?api=1&query=-6.199157,106.854627", "google_center_lat": -6.1991571, "google_center_lon": 106.8546271, "spatial_drift_meters": 32.47, "drift_status": "REVIEW (> 30m)", "imagery_date": "2025-08-16", "quality_tier": "BASE", "whole_roof_area_m2": 462.95, "max_roof_area_m2": 290.61, "roof_suitability_ratio_pct": 62.8, "building_footprint_m2": 518.33, "roof_coverage_ratio_pct": 89.3, "gap_unsegmented_pct": 10.7, "gap_unsegmented_m2": 55.38, "gap_unpanelled_m2": 172.35, "total_gap_m2": 227.72, "total_segments_count": 9, "pitch_range": "10.3° – 25.3°", "weighted_pitch_deg": 17.9, "max_panels_count": 148, "sunshine_hours_annual": 1649.55, "panel_capacity_wp": 400, "installed_capacity_kwp": 59.2, "google_dc_mwh": 91.4, "annual_generation_kwh": 78122.46, "annual_generation_mwh": 78.12, "carbon_offset_factor": 809.0, "ghg_reduction_tons_co2": 63.2, "path_dsm_geotiff": null, "path_rgb_geotiff": null, "path_mask_geotiff": null, "path_flux_geotiff": null, "preview_rgb_png": null, "preview_panels_png": null, "preview_segments_png": null, "preview_dsm_png": null, "preview_mask_png": null, "preview_flux_png": null, "gap_category": "Gap Sedikit" }, "geometry": { "type": "Point", "coordinates": [ 106.854486, -6.198901 ] } },
{ "type": "Feature", "properties": { "asset_id": "JPO-0001", "asset_name": "JPO Bundaran Hotel Indonesia", "category": "jpo", "category_display": "Jembatan Penyeberangan Orang (JPO)", "city_regency": "Jakarta Pusat", "postal_code": "10310", "source_raw_file": "jpo_jakarta.csv", "raw_lat": -6.194978, "raw_lon": 106.823062, "google_building_id": "buildings/GhIJz78udqnHGMARw6efRK20WkA", "google_maps_url": "https://www.google.com/maps/search/?api=1&query=-6.194961,106.823189", "google_center_lat": -6.1949614, "google_center_lon": 106.8231892, "spatial_drift_meters": 14.18, "drift_status": "VALID (< 30m)", "imagery_date": "2025-08-16", "quality_tier": "BASE", "whole_roof_area_m2": 804.47, "max_roof_area_m2": 514.45, "roof_suitability_ratio_pct": 63.9, "building_footprint_m2": 809.24, "roof_coverage_ratio_pct": 99.4, "gap_unsegmented_pct": 0.6, "gap_unsegmented_m2": 4.77, "gap_unpanelled_m2": 290.02, "total_gap_m2": 294.79, "total_segments_count": 9, "pitch_range": "0.2° – 1.2°", "weighted_pitch_deg": 0.8, "max_panels_count": 262, "sunshine_hours_annual": 1601.55, "panel_capacity_wp": 400, "installed_capacity_kwp": 104.8, "google_dc_mwh": 166.07, "annual_generation_kwh": 134274.2, "annual_generation_mwh": 134.27, "carbon_offset_factor": 809.0, "ghg_reduction_tons_co2": 108.63, "path_dsm_geotiff": null, "path_rgb_geotiff": null, "path_mask_geotiff": null, "path_flux_geotiff": null, "preview_rgb_png": null, "preview_panels_png": null, "preview_segments_png": null, "preview_dsm_png": null, "preview_mask_png": null, "preview_flux_png": null, "gap_category": "Gap Sedikit" }, "geometry": { "type": "Point", "coordinates": [ 106.823062, -6.194978 ] } },
{ "type": "Feature", "properties": { "asset_id": "JPO-0002", "asset_name": "JPO Jalan Kuningan Flyover", "category": "jpo", "category_display": "Jembatan Penyeberangan Orang (JPO)", "city_regency": "Jakarta Pusat", "postal_code": "12910", "source_raw_file": "jpo_jakarta.csv", "raw_lat": -6.20405, "raw_lon": 106.828095, "google_building_id": "buildings/ChIJhd6p9xr0aS4RyCvLjAsFZO0", "google_maps_url": "https://www.google.com/maps/search/?api=1&query=-6.204557,106.827586", "google_center_lat": -6.2045567, "google_center_lon": 106.827586, "spatial_drift_meters": 79.63, "drift_status": "REVIEW (> 30m)", "imagery_date": "2025-08-16", "quality_tier": "BASE", "whole_roof_area_m2": 44.05, "max_roof_area_m2": 27.49, "roof_suitability_ratio_pct": 62.4, "building_footprint_m2": 44.05, "roof_coverage_ratio_pct": 100.0, "gap_unsegmented_pct": 0.0, "gap_unsegmented_m2": 0.0, "gap_unpanelled_m2": 16.56, "total_gap_m2": 16.56, "total_segments_count": 1, "pitch_range": "6.3° – 6.3°", "weighted_pitch_deg": 6.3, "max_panels_count": 14, "sunshine_hours_annual": 1624.92, "panel_capacity_wp": 400, "installed_capacity_kwp": 5.6, "google_dc_mwh": 8.89, "annual_generation_kwh": 7279.62, "annual_generation_mwh": 7.28, "carbon_offset_factor": 809.0, "ghg_reduction_tons_co2": 5.89, "path_dsm_geotiff": null, "path_rgb_geotiff": null, "path_mask_geotiff": null, "path_flux_geotiff": null, "preview_rgb_png": null, "preview_panels_png": null, "preview_segments_png": null, "preview_dsm_png": null, "preview_mask_png": null, "preview_flux_png": null, "gap_category": "Gap Sedikit" }, "geometry": { "type": "Point", "coordinates": [ 106.828095, -6.20405 ] } },
{ "type": "Feature", "properties": { "asset_id": "JPO-0003", "asset_name": "JPO Jalan Veteran III", "category": "jpo", "category_display": "Jembatan Penyeberangan Orang (JPO)", "city_regency": "Jakarta Pusat", "postal_code": "10120", "source_raw_file": "jpo_jakarta.csv", "raw_lat": -6.167193, "raw_lon": 106.825392, "google_building_id": "buildings/ChIJ-yLJmdD1aS4RrmbIH_SaXCc", "google_maps_url": "https://www.google.com/maps/search/?api=1&query=-6.166743,106.825418", "google_center_lat": -6.1667435, "google_center_lon": 106.825418, "spatial_drift_meters": 50.06, "drift_status": "REVIEW (> 30m)", "imagery_date": "2025-07-26", "quality_tier": "BASE", "whole_roof_area_m2": 630.78, "max_roof_area_m2": 430.02, "roof_suitability_ratio_pct": 68.2, "building_footprint_m2": 681.14, "roof_coverage_ratio_pct": 92.6, "gap_unsegmented_pct": 7.4, "gap_unsegmented_m2": 50.36, "gap_unpanelled_m2": 200.77, "total_gap_m2": 251.13, "total_segments_count": 6, "pitch_range": "1.2° – 19.0°", "weighted_pitch_deg": 11.0, "max_panels_count": 219, "sunshine_hours_annual": 1636.61, "panel_capacity_wp": 400, "installed_capacity_kwp": 87.6, "google_dc_mwh": 138.11, "annual_generation_kwh": 114693.39, "annual_generation_mwh": 114.69, "carbon_offset_factor": 809.0, "ghg_reduction_tons_co2": 92.79, "path_dsm_geotiff": null, "path_rgb_geotiff": null, "path_mask_geotiff": null, "path_flux_geotiff": null, "preview_rgb_png": null, "preview_panels_png": null, "preview_segments_png": null, "preview_dsm_png": null, "preview_mask_png": null, "preview_flux_png": null, "gap_category": "Gap Sedikit" }, "geometry": { "type": "Point", "coordinates": [ 106.825392, -6.167193 ] } },
{ "type": "Feature", "properties": { "asset_id": "JPO-0004", "asset_name": "JPO Jalan Aipda Karel Satsuit Tubun", "category": "jpo", "category_display": "Jembatan Penyeberangan Orang (JPO)", "city_regency": "Jakarta Pusat", "postal_code": "10240", "source_raw_file": "jpo_jakarta.csv", "raw_lat": -6.189004, "raw_lon": 106.810704, "google_building_id": "buildings/ChIJT17IcJv2aS4RUODORjN7u4Q", "google_maps_url": "https://www.google.com/maps/search/?api=1&query=-6.189262,106.811106", "google_center_lat": -6.1892622, "google_center_lon": 106.8111057, "spatial_drift_meters": 52.88, "drift_status": "REVIEW (> 30m)", "imagery_date": "2025-08-16", "quality_tier": "BASE", "whole_roof_area_m2": 84.18, "max_roof_area_m2": 58.91, "roof_suitability_ratio_pct": 70.0, "building_footprint_m2": 84.43, "roof_coverage_ratio_pct": 99.7, "gap_unsegmented_pct": 0.3, "gap_unsegmented_m2": 0.25, "gap_unpanelled_m2": 25.28, "total_gap_m2": 25.52, "total_segments_count": 2, "pitch_range": "11.9° – 30.3°", "weighted_pitch_deg": 14.5, "max_panels_count": 30, "sunshine_hours_annual": 1631.46, "panel_capacity_wp": 400, "installed_capacity_kwp": 12.0, "google_dc_mwh": 16.99, "annual_generation_kwh": 15662.04, "annual_generation_mwh": 15.66, "carbon_offset_factor": 809.0, "ghg_reduction_tons_co2": 12.67, "path_dsm_geotiff": null, "path_rgb_geotiff": null, "path_mask_geotiff": null, "path_flux_geotiff": null, "preview_rgb_png": null, "preview_panels_png": null, "preview_segments_png": null, "preview_dsm_png": null, "preview_mask_png": null, "preview_flux_png": null, "gap_category": "Gap Sedikit" }, "geometry": { "type": "Point", "coordinates": [ 106.810704, -6.189004 ] } },
{ "type": "Feature", "properties": { "asset_id": "JPO-0005", "asset_name": "JPO Jalan Prapanca V", "category": "jpo", "category_display": "Jembatan Penyeberangan Orang (JPO)", "city_regency": "Jakarta Selatan", "postal_code": "12720", "source_raw_file": "jpo_jakarta.csv", "raw_lat": -6.250712, "raw_lon": 106.810407, "google_building_id": "buildings/ChIJjb72CnvxaS4RJA4YAQnNljE", "google_maps_url": "https://www.google.com/maps/search/?api=1&query=-6.250862,106.810336", "google_center_lat": -6.2508621, "google_center_lon": 106.8103362, "spatial_drift_meters": 18.43, "drift_status": "VALID (< 30m)", "imagery_date": "2025-08-16", "quality_tier": "BASE", "whole_roof_area_m2": 354.2, "max_roof_area_m2": 221.88, "roof_suitability_ratio_pct": 62.6, "building_footprint_m2": 488.36, "roof_coverage_ratio_pct": 72.5, "gap_unsegmented_pct": 27.5, "gap_unsegmented_m2": 134.16, "gap_unpanelled_m2": 132.32, "total_gap_m2": 266.48, "total_segments_count": 12, "pitch_range": "23.6° – 29.8°", "weighted_pitch_deg": 26.7, "max_panels_count": 113, "sunshine_hours_annual": 1616.97, "panel_capacity_wp": 400, "installed_capacity_kwp": 45.2, "google_dc_mwh": 67.37, "annual_generation_kwh": 58469.72, "annual_generation_mwh": 58.47, "carbon_offset_factor": 809.0, "ghg_reduction_tons_co2": 47.3, "path_dsm_geotiff": null, "path_rgb_geotiff": null, "path_mask_geotiff": null, "path_flux_geotiff": null, "preview_rgb_png": null, "preview_panels_png": null, "preview_segments_png": null, "preview_dsm_png": null, "preview_mask_png": null, "preview_flux_png": null, "gap_category": "Gap Sedang" }, "geometry": { "type": "Point", "coordinates": [ 106.810407, -6.250712 ] } },
{ "type": "Feature", "properties": { "asset_id": "JPO-0006", "asset_name": "JPO Jalan Kemang Utara IX", "category": "jpo", "category_display": "Jembatan Penyeberangan Orang (JPO)", "city_regency": "Jakarta Selatan", "postal_code": "12730", "source_raw_file": "jpo_jakarta.csv", "raw_lat": -6.254798, "raw_lon": 106.825344, "google_building_id": "buildings/ChIJM8u6vdPzaS4RpFVoMPfQxl0", "google_maps_url": "https://www.google.com/maps/search/?api=1&query=-6.254725,106.825327", "google_center_lat": -6.2547254, "google_center_lon": 106.8253272, "spatial_drift_meters": 8.28, "drift_status": "VALID (< 30m)", "imagery_date": "2025-08-16", "quality_tier": "BASE", "whole_roof_area_m2": 26.27, "max_roof_area_m2": 15.71, "roof_suitability_ratio_pct": 59.8, "building_footprint_m2": 28.01, "roof_coverage_ratio_pct": 93.8, "gap_unsegmented_pct": 6.2, "gap_unsegmented_m2": 1.75, "gap_unpanelled_m2": 10.56, "total_gap_m2": 12.31, "total_segments_count": 1, "pitch_range": "14.2° – 14.2°", "weighted_pitch_deg": 14.2, "max_panels_count": 8, "sunshine_hours_annual": 1611.62, "panel_capacity_wp": 400, "installed_capacity_kwp": 3.2, "google_dc_mwh": 4.76, "annual_generation_kwh": 4125.75, "annual_generation_mwh": 4.13, "carbon_offset_factor": 809.0, "ghg_reduction_tons_co2": 3.34, "path_dsm_geotiff": null, "path_rgb_geotiff": null, "path_mask_geotiff": null, "path_flux_geotiff": null, "preview_rgb_png": null, "preview_panels_png": null, "preview_segments_png": null, "preview_dsm_png": null, "preview_mask_png": null, "preview_flux_png": null, "gap_category": "Gap Sedikit" }, "geometry": { "type": "Point", "coordinates": [ 106.825344, -6.254798 ] } },
{ "type": "Feature", "properties": { "asset_id": "JPO-0007", "asset_name": "JPO Jalan Letnan Jenderal MT Haryono", "category": "jpo", "category_display": "Jembatan Penyeberangan Orang (JPO)", "city_regency": "Jakarta Timur", "postal_code": "13330", "source_raw_file": "jpo_jakarta.csv", "raw_lat": -6.244244, "raw_lon": 106.868617, "google_building_id": "buildings/ChIJ1z_Y5AjzaS4RBFu7pmN0-Lw", "google_maps_url": "https://www.google.com/maps/search/?api=1&query=-6.244406,106.868735", "google_center_lat": -6.2444065, "google_center_lon": 106.8687345, "spatial_drift_meters": 22.25, "drift_status": "VALID (< 30m)", "imagery_date": "2025-08-16", "quality_tier": "BASE", "whole_roof_area_m2": 29.03, "max_roof_area_m2": 15.71, "roof_suitability_ratio_pct": 54.1, "building_footprint_m2": 45.98, "roof_coverage_ratio_pct": 63.1, "gap_unsegmented_pct": 36.9, "gap_unsegmented_m2": 16.95, "gap_unpanelled_m2": 13.32, "total_gap_m2": 30.27, "total_segments_count": 1, "pitch_range": "9.3° – 9.3°", "weighted_pitch_deg": 9.3, "max_panels_count": 8, "sunshine_hours_annual": 1548.08, "panel_capacity_wp": 400, "installed_capacity_kwp": 3.2, "google_dc_mwh": 4.85, "annual_generation_kwh": 3963.08, "annual_generation_mwh": 3.96, "carbon_offset_factor": 809.0, "ghg_reduction_tons_co2": 3.21, "path_dsm_geotiff": null, "path_rgb_geotiff": null, "path_mask_geotiff": null, "path_flux_geotiff": null, "preview_rgb_png": null, "preview_panels_png": null, "preview_segments_png": null, "preview_dsm_png": null, "preview_mask_png": null, "preview_flux_png": null, "gap_category": "Gap Besar" }, "geometry": { "type": "Point", "coordinates": [ 106.868617, -6.244244 ] } },
{ "type": "Feature", "properties": { "asset_id": "JPO-0008", "asset_name": "JPO Jalan Trikora", "category": "jpo", "category_display": "Jembatan Penyeberangan Orang (JPO)", "city_regency": "Jakarta Timur", "postal_code": "13610", "source_raw_file": "jpo_jakarta.csv", "raw_lat": -6.247578, "raw_lon": 106.88257, "google_building_id": "buildings/ChIJCbHXMRrzaS4R24zkChx3-Ko", "google_maps_url": "https://www.google.com/maps/search/?api=1&query=-6.248155,106.881996", "google_center_lat": -6.2481548, "google_center_lon": 106.8819963, "spatial_drift_meters": 90.19, "drift_status": "REVIEW (> 30m)", "imagery_date": "2025-08-16", "quality_tier": "BASE", "whole_roof_area_m2": 521.18, "max_roof_area_m2": 384.86, "roof_suitability_ratio_pct": 73.8, "building_footprint_m2": 586.0, "roof_coverage_ratio_pct": 88.9, "gap_unsegmented_pct": 11.1, "gap_unsegmented_m2": 64.82, "gap_unpanelled_m2": 136.32, "total_gap_m2": 201.14, "total_segments_count": 5, "pitch_range": "7.7° – 20.3°", "weighted_pitch_deg": 12.4, "max_panels_count": 196, "sunshine_hours_annual": 1651.63, "panel_capacity_wp": 400, "installed_capacity_kwp": 78.4, "google_dc_mwh": 125.07, "annual_generation_kwh": 103590.22, "annual_generation_mwh": 103.59, "carbon_offset_factor": 809.0, "ghg_reduction_tons_co2": 83.8, "path_dsm_geotiff": null, "path_rgb_geotiff": null, "path_mask_geotiff": null, "path_flux_geotiff": null, "preview_rgb_png": null, "preview_panels_png": null, "preview_segments_png": null, "preview_dsm_png": null, "preview_mask_png": null, "preview_flux_png": null, "gap_category": "Gap Sedikit" }, "geometry": { "type": "Point", "coordinates": [ 106.88257, -6.247578 ] } },
{ "type": "Feature", "properties": { "asset_id": "JPO-0009", "asset_name": "JPO Jalan Tol Lingkar Luar Jakarta", "category": "jpo", "category_display": "Jembatan Penyeberangan Orang (JPO)", "city_regency": "Jakarta Timur", "postal_code": "13550", "source_raw_file": "jpo_jakarta.csv", "raw_lat": -6.305786, "raw_lon": 106.88428, "google_building_id": "buildings/ChIJFT9-h2btaS4R-R1xUR0ZEYc", "google_maps_url": "https://www.google.com/maps/search/?api=1&query=-6.304817,106.883279", "google_center_lat": -6.3048174, "google_center_lon": 106.8832787, "spatial_drift_meters": 154.42, "drift_status": "REVIEW (> 30m)", "imagery_date": "2024-10-26", "quality_tier": "BASE", "whole_roof_area_m2": 44.96, "max_roof_area_m2": 31.42, "roof_suitability_ratio_pct": 69.9, "building_footprint_m2": 76.31, "roof_coverage_ratio_pct": 58.9, "gap_unsegmented_pct": 41.1, "gap_unsegmented_m2": 31.35, "gap_unpanelled_m2": 13.54, "total_gap_m2": 44.89, "total_segments_count": 1, "pitch_range": "3.2° – 3.2°", "weighted_pitch_deg": 3.2, "max_panels_count": 16, "sunshine_hours_annual": 1605.4, "panel_capacity_wp": 400, "installed_capacity_kwp": 6.4, "google_dc_mwh": 9.85, "annual_generation_kwh": 8219.65, "annual_generation_mwh": 8.22, "carbon_offset_factor": 809.0, "ghg_reduction_tons_co2": 6.65, "path_dsm_geotiff": null, "path_rgb_geotiff": null, "path_mask_geotiff": null, "path_flux_geotiff": null, "preview_rgb_png": null, "preview_panels_png": null, "preview_segments_png": null, "preview_dsm_png": null, "preview_mask_png": null, "preview_flux_png": null, "gap_category": "Gap Besar" }, "geometry": { "type": "Point", "coordinates": [ 106.88428, -6.305786 ] } },
{ "type": "Feature", "properties": { "asset_id": "JPO-0010", "asset_name": "JPO Jalan Haji Bokir Bin Dji'un", "category": "jpo", "category_display": "Jembatan Penyeberangan Orang (JPO)", "city_regency": "Jakarta Timur", "postal_code": "13560", "source_raw_file": "jpo_jakarta.csv", "raw_lat": -6.289106, "raw_lon": 106.878538, "google_building_id": "buildings/ChIJb18AjZryaS4Ru2_pmXknubg", "google_maps_url": "https://www.google.com/maps/search/?api=1&query=-6.288139,106.879199", "google_center_lat": -6.2881389, "google_center_lon": 106.8791985, "spatial_drift_meters": 129.97, "drift_status": "REVIEW (> 30m)", "imagery_date": "2025-08-16", "quality_tier": "BASE", "whole_roof_area_m2": 148.76, "max_roof_area_m2": 108.0, "roof_suitability_ratio_pct": 72.6, "building_footprint_m2": 192.43, "roof_coverage_ratio_pct": 77.3, "gap_unsegmented_pct": 22.7, "gap_unsegmented_m2": 43.67, "gap_unpanelled_m2": 40.76, "total_gap_m2": 84.43, "total_segments_count": 1, "pitch_range": "4.2° – 4.2°", "weighted_pitch_deg": 4.2, "max_panels_count": 55, "sunshine_hours_annual": 1602.45, "panel_capacity_wp": 400, "installed_capacity_kwp": 22.0, "google_dc_mwh": 34.12, "annual_generation_kwh": 28203.14, "annual_generation_mwh": 28.2, "carbon_offset_factor": 809.0, "ghg_reduction_tons_co2": 22.82, "path_dsm_geotiff": null, "path_rgb_geotiff": null, "path_mask_geotiff": null, "path_flux_geotiff": null, "preview_rgb_png": null, "preview_panels_png": null, "preview_segments_png": null, "preview_dsm_png": null, "preview_mask_png": null, "preview_flux_png": null, "gap_category": "Gap Sedang" }, "geometry": { "type": "Point", "coordinates": [ 106.878538, -6.289106 ] } },
{ "type": "Feature", "properties": { "asset_id": "JPO-0011", "asset_name": "JPO Jalan Kerja Bakti", "category": "jpo", "category_display": "Jembatan Penyeberangan Orang (JPO)", "city_regency": "Jakarta Timur", "postal_code": "13570", "source_raw_file": "jpo_jakarta.csv", "raw_lat": -6.276733, "raw_lon": 106.873619, "google_building_id": "buildings/ChIJMXmz1fLyaS4RAjUUqLmBMNE", "google_maps_url": "https://www.google.com/maps/search/?api=1&query=-6.276778,106.874048", "google_center_lat": -6.2767778, "google_center_lon": 106.874048, "spatial_drift_meters": 47.68, "drift_status": "REVIEW (> 30m)", "imagery_date": "2025-08-16", "quality_tier": "BASE", "whole_roof_area_m2": 30.84, "max_roof_area_m2": 17.67, "roof_suitability_ratio_pct": 57.3, "building_footprint_m2": 30.84, "roof_coverage_ratio_pct": 100.0, "gap_unsegmented_pct": 0.0, "gap_unsegmented_m2": 0.0, "gap_unpanelled_m2": 13.16, "total_gap_m2": 13.16, "total_segments_count": 1, "pitch_range": "6.1° – 6.1°", "weighted_pitch_deg": 6.1, "max_panels_count": 9, "sunshine_hours_annual": 1589.26, "panel_capacity_wp": 400, "installed_capacity_kwp": 3.6, "google_dc_mwh": 4.85, "annual_generation_kwh": 4577.06, "annual_generation_mwh": 4.58, "carbon_offset_factor": 809.0, "ghg_reduction_tons_co2": 3.7, "path_dsm_geotiff": null, "path_rgb_geotiff": null, "path_mask_geotiff": null, "path_flux_geotiff": null, "preview_rgb_png": null, "preview_panels_png": null, "preview_segments_png": null, "preview_dsm_png": null, "preview_mask_png": null, "preview_flux_png": null, "gap_category": "Gap Sedikit" }, "geometry": { "type": "Point", "coordinates": [ 106.873619, -6.276733 ] } },
{ "type": "Feature", "properties": { "asset_id": "JPO-0012", "asset_name": "JPO Jalan Cililitan Besar", "category": "jpo", "category_display": "Jembatan Penyeberangan Orang (JPO)", "city_regency": "Jakarta Timur", "postal_code": "13650", "source_raw_file": "jpo_jakarta.csv", "raw_lat": -6.264773, "raw_lon": 106.872966, "google_building_id": "buildings/ChIJuypqUfryaS4RDq00Or-vzw0", "google_maps_url": "https://www.google.com/maps/search/?api=1&query=-6.264602,106.873413", "google_center_lat": -6.2646021, "google_center_lon": 106.8734126, "spatial_drift_meters": 52.89, "drift_status": "REVIEW (> 30m)", "imagery_date": "2025-08-16", "quality_tier": "BASE", "whole_roof_area_m2": 363.15, "max_roof_area_m2": 269.01, "roof_suitability_ratio_pct": 74.1, "building_footprint_m2": 475.56, "roof_coverage_ratio_pct": 76.4, "gap_unsegmented_pct": 23.6, "gap_unsegmented_m2": 112.41, "gap_unpanelled_m2": 94.14, "total_gap_m2": 206.56, "total_segments_count": 2, "pitch_range": "1.4° – 6.7°", "weighted_pitch_deg": 2.3, "max_panels_count": 137, "sunshine_hours_annual": 1579.33, "panel_capacity_wp": 400, "installed_capacity_kwp": 54.8, "google_dc_mwh": 83.04, "annual_generation_kwh": 69237.75, "annual_generation_mwh": 69.24, "carbon_offset_factor": 809.0, "ghg_reduction_tons_co2": 56.01, "path_dsm_geotiff": null, "path_rgb_geotiff": null, "path_mask_geotiff": null, "path_flux_geotiff": null, "preview_rgb_png": null, "preview_panels_png": null, "preview_segments_png": null, "preview_dsm_png": null, "preview_mask_png": null, "preview_flux_png": null, "gap_category": "Gap Sedang" }, "geometry": { "type": "Point", "coordinates": [ 106.872966, -6.264773 ] } },
{ "type": "Feature", "properties": { "asset_id": "JPO-0013", "asset_name": "JPO Jalan Mabes Hankam", "category": "jpo", "category_display": "Jembatan Penyeberangan Orang (JPO)", "city_regency": "Jakarta Timur", "postal_code": "13890", "source_raw_file": "jpo_jakarta.csv", "raw_lat": -6.311516, "raw_lon": 106.903379, "google_building_id": "buildings/ChIJMXf6LEntaS4RE5Eze288Ibw", "google_maps_url": "https://www.google.com/maps/search/?api=1&query=-6.311912,106.903850", "google_center_lat": -6.3119124, "google_center_lon": 106.9038503, "spatial_drift_meters": 68.24, "drift_status": "REVIEW (> 30m)", "imagery_date": "2025-05-27", "quality_tier": "BASE", "whole_roof_area_m2": 265.79, "max_roof_area_m2": 172.79, "roof_suitability_ratio_pct": 65.0, "building_footprint_m2": 313.4, "roof_coverage_ratio_pct": 84.8, "gap_unsegmented_pct": 15.2, "gap_unsegmented_m2": 47.61, "gap_unpanelled_m2": 93.0, "total_gap_m2": 140.61, "total_segments_count": 5, "pitch_range": "0.6° – 7.0°", "weighted_pitch_deg": 3.6, "max_panels_count": 88, "sunshine_hours_annual": 1623.99, "panel_capacity_wp": 400, "installed_capacity_kwp": 35.2, "google_dc_mwh": 56.27, "annual_generation_kwh": 45731.47, "annual_generation_mwh": 45.73, "carbon_offset_factor": 809.0, "ghg_reduction_tons_co2": 37.0, "path_dsm_geotiff": null, "path_rgb_geotiff": null, "path_mask_geotiff": null, "path_flux_geotiff": null, "preview_rgb_png": null, "preview_panels_png": null, "preview_segments_png": null, "preview_dsm_png": null, "preview_mask_png": null, "preview_flux_png": null, "gap_category": "Gap Sedikit" }, "geometry": { "type": "Point", "coordinates": [ 106.903379, -6.311516 ] } },
{ "type": "Feature", "properties": { "asset_id": "JPO-0015", "asset_name": "JPO Jalan Tol Cawang–Pluit", "category": "jpo", "category_display": "Jembatan Penyeberangan Orang (JPO)", "city_regency": "Jakarta Selatan", "postal_code": "12710", "source_raw_file": "jpo_jakarta.csv", "raw_lat": -6.237204, "raw_lon": 106.827777, "google_building_id": "buildings/ChIJyc9biOfzaS4RVsyS7bXqrEc", "google_maps_url": "https://www.google.com/maps/search/?api=1&query=-6.237462,106.827530", "google_center_lat": -6.2374616, "google_center_lon": 106.8275298, "spatial_drift_meters": 39.59, "drift_status": "REVIEW (> 30m)", "imagery_date": "2025-08-16", "quality_tier": "BASE", "whole_roof_area_m2": 18.88, "max_roof_area_m2": 7.85, "roof_suitability_ratio_pct": 41.6, "building_footprint_m2": 40.04, "roof_coverage_ratio_pct": 47.1, "gap_unsegmented_pct": 52.9, "gap_unsegmented_m2": 21.16, "gap_unpanelled_m2": 11.02, "total_gap_m2": 32.18, "total_segments_count": 1, "pitch_range": "24.0° – 24.0°", "weighted_pitch_deg": 24.0, "max_panels_count": 4, "sunshine_hours_annual": 1238.97, "panel_capacity_wp": 400, "installed_capacity_kwp": 1.6, "google_dc_mwh": 1.88, "annual_generation_kwh": 1585.88, "annual_generation_mwh": 1.59, "carbon_offset_factor": 809.0, "ghg_reduction_tons_co2": 1.28, "path_dsm_geotiff": null, "path_rgb_geotiff": null, "path_mask_geotiff": null, "path_flux_geotiff": null, "preview_rgb_png": null, "preview_panels_png": null, "preview_segments_png": null, "preview_dsm_png": null, "preview_mask_png": null, "preview_flux_png": null, "gap_category": "Gap Besar" }, "geometry": { "type": "Point", "coordinates": [ 106.827777, -6.237204 ] } },
{ "type": "Feature", "properties": { "asset_id": "JPO-0016", "asset_name": "JPO Jalan Kapten Tendean", "category": "jpo", "category_display": "Jembatan Penyeberangan Orang (JPO)", "city_regency": "Jakarta Selatan", "postal_code": "12790", "source_raw_file": "jpo_jakarta.csv", "raw_lat": -6.240143, "raw_lon": 106.825279, "google_building_id": "buildings/ChIJX35gNdzzaS4RjaHKD_tvp9Y", "google_maps_url": "https://www.google.com/maps/search/?api=1&query=-6.240334,106.825182", "google_center_lat": -6.2403341, "google_center_lon": 106.8251824, "spatial_drift_meters": 23.78, "drift_status": "VALID (< 30m)", "imagery_date": "2025-08-16", "quality_tier": "BASE", "whole_roof_area_m2": 144.03, "max_roof_area_m2": 100.14, "roof_suitability_ratio_pct": 69.5, "building_footprint_m2": 183.17, "roof_coverage_ratio_pct": 78.6, "gap_unsegmented_pct": 21.4, "gap_unsegmented_m2": 39.14, "gap_unpanelled_m2": 43.88, "total_gap_m2": 83.03, "total_segments_count": 3, "pitch_range": "9.5° – 11.6°", "weighted_pitch_deg": 10.8, "max_panels_count": 51, "sunshine_hours_annual": 1598.92, "panel_capacity_wp": 400, "installed_capacity_kwp": 20.4, "google_dc_mwh": 32.15, "annual_generation_kwh": 26094.34, "annual_generation_mwh": 26.09, "carbon_offset_factor": 809.0, "ghg_reduction_tons_co2": 21.11, "path_dsm_geotiff": null, "path_rgb_geotiff": null, "path_mask_geotiff": null, "path_flux_geotiff": null, "preview_rgb_png": null, "preview_panels_png": null, "preview_segments_png": null, "preview_dsm_png": null, "preview_mask_png": null, "preview_flux_png": null, "gap_category": "Gap Sedang" }, "geometry": { "type": "Point", "coordinates": [ 106.825279, -6.240143 ] } },
{ "type": "Feature", "properties": { "asset_id": "JPO-0017", "asset_name": "JPO Jalan Robert Wolter Monginsidi", "category": "jpo", "category_display": "Jembatan Penyeberangan Orang (JPO)", "city_regency": "Jakarta Selatan", "postal_code": "12170", "source_raw_file": "jpo_jakarta.csv", "raw_lat": -6.238983, "raw_lon": 106.817725, "google_building_id": "buildings/ChIJf7iKH2DxaS4Rt-cz93UhwS0", "google_maps_url": "https://www.google.com/maps/search/?api=1&query=-6.239156,106.817729", "google_center_lat": -6.2391565, "google_center_lon": 106.8177295, "spatial_drift_meters": 19.3, "drift_status": "VALID (< 30m)", "imagery_date": "2025-08-16", "quality_tier": "BASE", "whole_roof_area_m2": 47.38, "max_roof_area_m2": 33.38, "roof_suitability_ratio_pct": 70.5, "building_footprint_m2": 66.56, "roof_coverage_ratio_pct": 71.2, "gap_unsegmented_pct": 28.8, "gap_unsegmented_m2": 19.18, "gap_unpanelled_m2": 14.0, "total_gap_m2": 33.18, "total_segments_count": 1, "pitch_range": "5.9° – 5.9°", "weighted_pitch_deg": 5.9, "max_panels_count": 17, "sunshine_hours_annual": 1607.24, "panel_capacity_wp": 400, "installed_capacity_kwp": 6.8, "google_dc_mwh": 10.72, "annual_generation_kwh": 8743.36, "annual_generation_mwh": 8.74, "carbon_offset_factor": 809.0, "ghg_reduction_tons_co2": 7.07, "path_dsm_geotiff": null, "path_rgb_geotiff": null, "path_mask_geotiff": null, "path_flux_geotiff": null, "preview_rgb_png": null, "preview_panels_png": null, "preview_segments_png": null, "preview_dsm_png": null, "preview_mask_png": null, "preview_flux_png": null, "gap_category": "Gap Sedang" }, "geometry": { "type": "Point", "coordinates": [ 106.817725, -6.238983 ] } },
{ "type": "Feature", "properties": { "asset_id": "JPO-0019", "asset_name": "JPO Jalan Jenderal Gatot Subroto", "category": "jpo", "category_display": "Jembatan Penyeberangan Orang (JPO)", "city_regency": "Jakarta Pusat", "postal_code": "10270", "source_raw_file": "jpo_jakarta.csv", "raw_lat": -6.219556, "raw_lon": 106.812218, "google_building_id": "buildings/ChIJ-707XFPxaS4RDxx5IeaECuA", "google_maps_url": "https://www.google.com/maps/search/?api=1&query=-6.218749,106.811517", "google_center_lat": -6.2187488, "google_center_lon": 106.8115172, "spatial_drift_meters": 118.56, "drift_status": "REVIEW (> 30m)", "imagery_date": "2025-08-16", "quality_tier": "BASE", "whole_roof_area_m2": 80.37, "max_roof_area_m2": 37.31, "roof_suitability_ratio_pct": 46.4, "building_footprint_m2": 80.37, "roof_coverage_ratio_pct": 100.0, "gap_unsegmented_pct": 0.0, "gap_unsegmented_m2": 0.0, "gap_unpanelled_m2": 43.07, "total_gap_m2": 43.07, "total_segments_count": 2, "pitch_range": "21.5° – 26.1°", "weighted_pitch_deg": 24.7, "max_panels_count": 19, "sunshine_hours_annual": 1611.57, "panel_capacity_wp": 400, "installed_capacity_kwp": 7.6, "google_dc_mwh": 11.52, "annual_generation_kwh": 9798.32, "annual_generation_mwh": 9.8, "carbon_offset_factor": 809.0, "ghg_reduction_tons_co2": 7.93, "path_dsm_geotiff": null, "path_rgb_geotiff": null, "path_mask_geotiff": null, "path_flux_geotiff": null, "preview_rgb_png": null, "preview_panels_png": null, "preview_segments_png": null, "preview_dsm_png": null, "preview_mask_png": null, "preview_flux_png": null, "gap_category": "Gap Sedikit" }, "geometry": { "type": "Point", "coordinates": [ 106.812218, -6.219556 ] } },
{ "type": "Feature", "properties": { "asset_id": "JPO-0020", "asset_name": "JPO Jalan Gerbang Pemuda", "category": "jpo", "category_display": "Jembatan Penyeberangan Orang (JPO)", "city_regency": "Jakarta Barat", "postal_code": "10270", "source_raw_file": "jpo_jakarta.csv", "raw_lat": -6.21238, "raw_lon": 106.807037, "google_building_id": "buildings/GhIJnoK7Z9TZGMARxeTqA6azWkA", "google_maps_url": "https://www.google.com/maps/search/?api=1&query=-6.212720,106.807000", "google_center_lat": -6.2127198, "google_center_lon": 106.8069998, "spatial_drift_meters": 38.01, "drift_status": "REVIEW (> 30m)", "imagery_date": "2025-08-16", "quality_tier": "BASE", "whole_roof_area_m2": 59.6, "max_roof_area_m2": 39.27, "roof_suitability_ratio_pct": 65.9, "building_footprint_m2": 59.6, "roof_coverage_ratio_pct": 100.0, "gap_unsegmented_pct": 0.0, "gap_unsegmented_m2": 0.0, "gap_unpanelled_m2": 20.33, "total_gap_m2": 20.33, "total_segments_count": 1, "pitch_range": "5.6° – 5.6°", "weighted_pitch_deg": 5.6, "max_panels_count": 20, "sunshine_hours_annual": 1613.11, "panel_capacity_wp": 400, "installed_capacity_kwp": 8.0, "google_dc_mwh": 12.27, "annual_generation_kwh": 10323.89, "annual_generation_mwh": 10.32, "carbon_offset_factor": 809.0, "ghg_reduction_tons_co2": 8.35, "path_dsm_geotiff": null, "path_rgb_geotiff": null, "path_mask_geotiff": null, "path_flux_geotiff": null, "preview_rgb_png": null, "preview_panels_png": null, "preview_segments_png": null, "preview_dsm_png": null, "preview_mask_png": null, "preview_flux_png": null, "gap_category": "Gap Sedikit" }, "geometry": { "type": "Point", "coordinates": [ 106.807037, -6.21238 ] } },
{ "type": "Feature", "properties": { "asset_id": "JPO-0021", "asset_name": "JPO Jalan Profesor Doktor Satrio", "category": "jpo", "category_display": "Jembatan Penyeberangan Orang (JPO)", "city_regency": "Jakarta Pusat", "postal_code": "12930", "source_raw_file": "jpo_jakarta.csv", "raw_lat": -6.215444, "raw_lon": 106.818548, "google_building_id": "buildings/GhIJ8D6fj4rcGMARhj73MF60WkA", "google_maps_url": "https://www.google.com/maps/search/?api=1&query=-6.215372,106.818248", "google_center_lat": -6.2153721, "google_center_lon": 106.8182476, "spatial_drift_meters": 34.16, "drift_status": "REVIEW (> 30m)", "imagery_date": "2025-08-16", "quality_tier": "BASE", "whole_roof_area_m2": 34.17, "max_roof_area_m2": 21.6, "roof_suitability_ratio_pct": 63.2, "building_footprint_m2": 34.17, "roof_coverage_ratio_pct": 100.0, "gap_unsegmented_pct": 0.0, "gap_unsegmented_m2": 0.0, "gap_unpanelled_m2": 12.57, "total_gap_m2": 12.57, "total_segments_count": 1, "pitch_range": "15.7° – 15.7°", "weighted_pitch_deg": 15.7, "max_panels_count": 11, "sunshine_hours_annual": 1545.93, "panel_capacity_wp": 400, "installed_capacity_kwp": 4.4, "google_dc_mwh": 6.65, "annual_generation_kwh": 5441.68, "annual_generation_mwh": 5.44, "carbon_offset_factor": 809.0, "ghg_reduction_tons_co2": 4.4, "path_dsm_geotiff": null, "path_rgb_geotiff": null, "path_mask_geotiff": null, "path_flux_geotiff": null, "preview_rgb_png": null, "preview_panels_png": null, "preview_segments_png": null, "preview_dsm_png": null, "preview_mask_png": null, "preview_flux_png": null, "gap_category": "Gap Sedikit" }, "geometry": { "type": "Point", "coordinates": [ 106.818548, -6.215444 ] } },
{ "type": "Feature", "properties": { "asset_id": "JPO-0022", "asset_name": "JPO Jalan Teluk Betung", "category": "jpo", "category_display": "Jembatan Penyeberangan Orang (JPO)", "city_regency": "Jakarta Pusat", "postal_code": "10240", "source_raw_file": "jpo_jakarta.csv", "raw_lat": -6.194085, "raw_lon": 106.818317, "google_building_id": "buildings/ChIJQX5PhSD0aS4RnvpW_eRb84I", "google_maps_url": "https://www.google.com/maps/search/?api=1&query=-6.193910,106.818534", "google_center_lat": -6.1939096, "google_center_lon": 106.8185345, "spatial_drift_meters": 30.96, "drift_status": "REVIEW (> 30m)", "imagery_date": "2025-08-16", "quality_tier": "BASE", "whole_roof_area_m2": 117.47, "max_roof_area_m2": 84.43, "roof_suitability_ratio_pct": 71.9, "building_footprint_m2": 144.88, "roof_coverage_ratio_pct": 81.1, "gap_unsegmented_pct": 18.9, "gap_unsegmented_m2": 27.41, "gap_unpanelled_m2": 33.04, "total_gap_m2": 60.45, "total_segments_count": 3, "pitch_range": "3.0° – 15.8°", "weighted_pitch_deg": 11.1, "max_panels_count": 43, "sunshine_hours_annual": 1590.94, "panel_capacity_wp": 400, "installed_capacity_kwp": 17.2, "google_dc_mwh": 23.32, "annual_generation_kwh": 21891.39, "annual_generation_mwh": 21.89, "carbon_offset_factor": 809.0, "ghg_reduction_tons_co2": 17.71, "path_dsm_geotiff": null, "path_rgb_geotiff": null, "path_mask_geotiff": null, "path_flux_geotiff": null, "preview_rgb_png": null, "preview_panels_png": null, "preview_segments_png": null, "preview_dsm_png": null, "preview_mask_png": null, "preview_flux_png": null, "gap_category": "Gap Sedikit" }, "geometry": { "type": "Point", "coordinates": [ 106.818317, -6.194085 ] } },
{ "type": "Feature", "properties": { "asset_id": "JPO-0024", "asset_name": "JPO Jalan Kyai Haji Mas Mansyur", "category": "jpo", "category_display": "Jembatan Penyeberangan Orang (JPO)", "city_regency": "Jakarta Pusat", "postal_code": "10230", "source_raw_file": "jpo_jakarta.csv", "raw_lat": -6.200963, "raw_lon": 106.815336, "google_building_id": "buildings/GhIJxIH4AZPNGMAR9VApOSm0WkA", "google_maps_url": "https://www.google.com/maps/search/?api=1&query=-6.200751,106.814998", "google_center_lat": -6.200751, "google_center_lon": 106.8149982, "spatial_drift_meters": 44.16, "drift_status": "REVIEW (> 30m)", "imagery_date": "2025-08-16", "quality_tier": "BASE", "whole_roof_area_m2": 36.96, "max_roof_area_m2": 23.56, "roof_suitability_ratio_pct": 63.8, "building_footprint_m2": 53.18, "roof_coverage_ratio_pct": 69.5, "gap_unsegmented_pct": 30.5, "gap_unsegmented_m2": 16.22, "gap_unpanelled_m2": 13.4, "total_gap_m2": 29.62, "total_segments_count": 1, "pitch_range": "6.0° – 6.0°", "weighted_pitch_deg": 6.0, "max_panels_count": 12, "sunshine_hours_annual": 1582.16, "panel_capacity_wp": 400, "installed_capacity_kwp": 4.8, "google_dc_mwh": 7.38, "annual_generation_kwh": 6075.51, "annual_generation_mwh": 6.08, "carbon_offset_factor": 809.0, "ghg_reduction_tons_co2": 4.92, "path_dsm_geotiff": null, "path_rgb_geotiff": null, "path_mask_geotiff": null, "path_flux_geotiff": null, "preview_rgb_png": null, "preview_panels_png": null, "preview_segments_png": null, "preview_dsm_png": null, "preview_mask_png": null, "preview_flux_png": null, "gap_category": "Gap Besar" }, "geometry": { "type": "Point", "coordinates": [ 106.815336, -6.200963 ] } },
{ "type": "Feature", "properties": { "asset_id": "JPO-0026", "asset_name": "JPO Jalan Tomang Raya", "category": "jpo", "category_display": "Jembatan Penyeberangan Orang (JPO)", "city_regency": "Jakarta Barat", "postal_code": "10150", "source_raw_file": "jpo_jakarta.csv", "raw_lat": -6.173417, "raw_lon": 106.805685, "google_building_id": "buildings/ChIJ4SnUNGP2aS4RGAK32j_78AY", "google_maps_url": "https://www.google.com/maps/search/?api=1&query=-6.173371,106.806019", "google_center_lat": -6.1733713, "google_center_lon": 106.8060195, "spatial_drift_meters": 37.33, "drift_status": "REVIEW (> 30m)", "imagery_date": "2025-07-26", "quality_tier": "BASE", "whole_roof_area_m2": 107.86, "max_roof_area_m2": 80.51, "roof_suitability_ratio_pct": 74.6, "building_footprint_m2": 133.46, "roof_coverage_ratio_pct": 80.8, "gap_unsegmented_pct": 19.2, "gap_unsegmented_m2": 25.6, "gap_unpanelled_m2": 27.36, "total_gap_m2": 52.95, "total_segments_count": 1, "pitch_range": "1.4° – 1.4°", "weighted_pitch_deg": 1.4, "max_panels_count": 41, "sunshine_hours_annual": 1630.18, "panel_capacity_wp": 400, "installed_capacity_kwp": 16.4, "google_dc_mwh": 26.47, "annual_generation_kwh": 21387.9, "annual_generation_mwh": 21.39, "carbon_offset_factor": 809.0, "ghg_reduction_tons_co2": 17.3, "path_dsm_geotiff": null, "path_rgb_geotiff": null, "path_mask_geotiff": null, "path_flux_geotiff": null, "preview_rgb_png": null, "preview_panels_png": null, "preview_segments_png": null, "preview_dsm_png": null, "preview_mask_png": null, "preview_flux_png": null, "gap_category": "Gap Sedikit" }, "geometry": { "type": "Point", "coordinates": [ 106.805685, -6.173417 ] } },
{ "type": "Feature", "properties": { "asset_id": "JPO-0027", "asset_name": "JPO Jalan Tegal Parang Utara VI", "category": "jpo", "category_display": "Jembatan Penyeberangan Orang (JPO)", "city_regency": "Jakarta Timur", "postal_code": "12790", "source_raw_file": "jpo_jakarta.csv", "raw_lat": -6.243407, "raw_lon": 106.835302, "google_building_id": "buildings/ChIJpdFSHMTzaS4RcHI0zUV5pmY", "google_maps_url": "https://www.google.com/maps/search/?api=1&query=-6.243316,106.835316", "google_center_lat": -6.2433161, "google_center_lon": 106.8353161, "spatial_drift_meters": 10.23, "drift_status": "VALID (< 30m)", "imagery_date": "2025-08-16", "quality_tier": "BASE", "whole_roof_area_m2": 131.56, "max_roof_area_m2": 76.58, "roof_suitability_ratio_pct": 58.2, "building_footprint_m2": 164.33, "roof_coverage_ratio_pct": 80.1, "gap_unsegmented_pct": 19.9, "gap_unsegmented_m2": 32.76, "gap_unpanelled_m2": 54.99, "total_gap_m2": 87.75, "total_segments_count": 5, "pitch_range": "6.1° – 26.9°", "weighted_pitch_deg": 13.9, "max_panels_count": 39, "sunshine_hours_annual": 1620.64, "panel_capacity_wp": 400, "installed_capacity_kwp": 15.6, "google_dc_mwh": 23.59, "annual_generation_kwh": 20225.56, "annual_generation_mwh": 20.23, "carbon_offset_factor": 809.0, "ghg_reduction_tons_co2": 16.36, "path_dsm_geotiff": null, "path_rgb_geotiff": null, "path_mask_geotiff": null, "path_flux_geotiff": null, "preview_rgb_png": null, "preview_panels_png": null, "preview_segments_png": null, "preview_dsm_png": null, "preview_mask_png": null, "preview_flux_png": null, "gap_category": "Gap Sedikit" }, "geometry": { "type": "Point", "coordinates": [ 106.835302, -6.243407 ] } },
{ "type": "Feature", "properties": { "asset_id": "JPO-0028", "asset_name": "JPO Jalan Hang Lekir IV", "category": "jpo", "category_display": "Jembatan Penyeberangan Orang (JPO)", "city_regency": "Jakarta Selatan", "postal_code": "12120", "source_raw_file": "jpo_jakarta.csv", "raw_lat": -6.230401, "raw_lon": 106.796181, "google_building_id": "buildings/ChIJJfxgvEfxaS4Rj-AUIoZgjXs", "google_maps_url": "https://www.google.com/maps/search/?api=1&query=-6.230160,106.795976", "google_center_lat": -6.2301603, "google_center_lon": 106.7959757, "spatial_drift_meters": 35.09, "drift_status": "REVIEW (> 30m)", "imagery_date": "2025-08-16", "quality_tier": "BASE", "whole_roof_area_m2": 225.28, "max_roof_area_m2": 166.9, "roof_suitability_ratio_pct": 74.1, "building_footprint_m2": 358.24, "roof_coverage_ratio_pct": 62.9, "gap_unsegmented_pct": 37.1, "gap_unsegmented_m2": 132.96, "gap_unpanelled_m2": 58.38, "total_gap_m2": 191.34, "total_segments_count": 2, "pitch_range": "7.4° – 10.4°", "weighted_pitch_deg": 8.7, "max_panels_count": 85, "sunshine_hours_annual": 1626.88, "panel_capacity_wp": 400, "installed_capacity_kwp": 34.0, "google_dc_mwh": 53.1, "annual_generation_kwh": 44251.23, "annual_generation_mwh": 44.25, "carbon_offset_factor": 809.0, "ghg_reduction_tons_co2": 35.8, "path_dsm_geotiff": null, "path_rgb_geotiff": null, "path_mask_geotiff": null, "path_flux_geotiff": null, "preview_rgb_png": null, "preview_panels_png": null, "preview_segments_png": null, "preview_dsm_png": null, "preview_mask_png": null, "preview_flux_png": null, "gap_category": "Gap Besar" }, "geometry": { "type": "Point", "coordinates": [ 106.796181, -6.230401 ] } },
{ "type": "Feature", "properties": { "asset_id": "JPO-0029", "asset_name": "JPO Jalan Suryopranoto", "category": "jpo", "category_display": "Jembatan Penyeberangan Orang (JPO)", "city_regency": "Jakarta Pusat", "postal_code": "10160", "source_raw_file": "jpo_jakarta.csv", "raw_lat": -6.16915, "raw_lon": 106.819591, "google_building_id": "buildings/ChIJMwtNTNb1aS4RoFfiGW_vOU4", "google_maps_url": "https://www.google.com/maps/search/?api=1&query=-6.169144,106.819837", "google_center_lat": -6.1691442, "google_center_lon": 106.8198367, "spatial_drift_meters": 27.17, "drift_status": "VALID (< 30m)", "imagery_date": "2025-07-26", "quality_tier": "BASE", "whole_roof_area_m2": 75.56, "max_roof_area_m2": 51.05, "roof_suitability_ratio_pct": 67.6, "building_footprint_m2": 135.74, "roof_coverage_ratio_pct": 55.7, "gap_unsegmented_pct": 44.3, "gap_unsegmented_m2": 60.19, "gap_unpanelled_m2": 24.5, "total_gap_m2": 84.69, "total_segments_count": 2, "pitch_range": "3.4° – 6.4°", "weighted_pitch_deg": 5.0, "max_panels_count": 26, "sunshine_hours_annual": 1636.08, "panel_capacity_wp": 400, "installed_capacity_kwp": 10.4, "google_dc_mwh": 16.47, "annual_generation_kwh": 13612.17, "annual_generation_mwh": 13.61, "carbon_offset_factor": 809.0, "ghg_reduction_tons_co2": 11.01, "path_dsm_geotiff": null, "path_rgb_geotiff": null, "path_mask_geotiff": null, "path_flux_geotiff": null, "preview_rgb_png": null, "preview_panels_png": null, "preview_segments_png": null, "preview_dsm_png": null, "preview_mask_png": null, "preview_flux_png": null, "gap_category": "Gap Besar" }, "geometry": { "type": "Point", "coordinates": [ 106.819591, -6.16915 ] } },
{ "type": "Feature", "properties": { "asset_id": "JPO-0030", "asset_name": "JPO Jalan Fakhrudin", "category": "jpo", "category_display": "Jembatan Penyeberangan Orang (JPO)", "city_regency": "Jakarta Pusat", "postal_code": "10250", "source_raw_file": "jpo_jakarta.csv", "raw_lat": -6.182822, "raw_lon": 106.813903, "google_building_id": "buildings/GhIJV52UPmq7GMARdMETvRu0WkA", "google_maps_url": "https://www.google.com/maps/search/?api=1&query=-6.183025,106.814180", "google_center_lat": -6.1830255, "google_center_lon": 106.8141797, "spatial_drift_meters": 38.05, "drift_status": "REVIEW (> 30m)", "imagery_date": "2025-08-16", "quality_tier": "BASE", "whole_roof_area_m2": 30.89, "max_roof_area_m2": 17.67, "roof_suitability_ratio_pct": 57.2, "building_footprint_m2": 30.89, "roof_coverage_ratio_pct": 100.0, "gap_unsegmented_pct": 0.0, "gap_unsegmented_m2": 0.0, "gap_unpanelled_m2": 13.22, "total_gap_m2": 13.22, "total_segments_count": 1, "pitch_range": "38.2° – 38.2°", "weighted_pitch_deg": 38.2, "max_panels_count": 9, "sunshine_hours_annual": 1480.37, "panel_capacity_wp": 400, "installed_capacity_kwp": 3.6, "google_dc_mwh": 4.46, "annual_generation_kwh": 4263.46, "annual_generation_mwh": 4.26, "carbon_offset_factor": 809.0, "ghg_reduction_tons_co2": 3.45, "path_dsm_geotiff": null, "path_rgb_geotiff": null, "path_mask_geotiff": null, "path_flux_geotiff": null, "preview_rgb_png": null, "preview_panels_png": null, "preview_segments_png": null, "preview_dsm_png": null, "preview_mask_png": null, "preview_flux_png": null, "gap_category": "Gap Sedikit" }, "geometry": { "type": "Point", "coordinates": [ 106.813903, -6.182822 ] } },
{ "type": "Feature", "properties": { "asset_id": "AIR-0001", "asset_name": "Bandar Udara Halim Perdanakusuma", "category": "airport", "category_display": "Fasilitas Penunjang Bandara", "city_regency": "Jakarta Timur", "postal_code": "13610", "source_raw_file": "osm_overpass:way/155963037", "raw_lat": -6.263019, "raw_lon": 106.891082, "google_building_id": "buildings/ChIJgcHIuN3yaS4RgYzTOsSyIco", "google_maps_url": "https://www.google.com/maps/search/?api=1&query=-6.262485,106.890549", "google_center_lat": -6.2624846, "google_center_lon": 106.8905491, "spatial_drift_meters": 83.67, "drift_status": "REVIEW (> 30m)", "imagery_date": "2025-08-16", "quality_tier": "BASE", "whole_roof_area_m2": 317.27, "max_roof_area_m2": 247.41, "roof_suitability_ratio_pct": 78.0, "building_footprint_m2": 407.37, "roof_coverage_ratio_pct": 77.9, "gap_unsegmented_pct": 22.1, "gap_unsegmented_m2": 90.11, "gap_unpanelled_m2": 69.86, "total_gap_m2": 159.97, "total_segments_count": 2, "pitch_range": "4.3° – 7.3°", "weighted_pitch_deg": 5.7, "max_panels_count": 126, "sunshine_hours_annual": 1651.47, "panel_capacity_wp": 400, "installed_capacity_kwp": 50.4, "google_dc_mwh": 81.31, "annual_generation_kwh": 66587.44, "annual_generation_mwh": 66.59, "carbon_offset_factor": 809.0, "ghg_reduction_tons_co2": 53.87, "path_dsm_geotiff": null, "path_rgb_geotiff": null, "path_mask_geotiff": null, "path_flux_geotiff": null, "preview_rgb_png": null, "preview_panels_png": null, "preview_segments_png": null, "preview_dsm_png": null, "preview_mask_png": null, "preview_flux_png": null, "gap_category": "Gap Sedang" }, "geometry": { "type": "Point", "coordinates": [ 106.891082, -6.263019 ] } },
{ "type": "Feature", "properties": { "asset_id": "AIR-0002", "asset_name": "Pangkalan Udara Atang Senjaya", "category": "airport", "category_display": "Fasilitas Penunjang Bandara", "city_regency": "Kota Bogor", "postal_code": "16310", "source_raw_file": "osm_overpass:way/163628058", "raw_lat": -6.540765, "raw_lon": 106.757723, "google_building_id": "buildings/GhIJoIrKQt0pGsARoXa7bHmwWkA", "google_maps_url": "https://www.google.com/maps/search/?api=1&query=-6.540861,106.757386", "google_center_lat": -6.5408608, "google_center_lon": 106.7573864, "spatial_drift_meters": 38.68, "drift_status": "REVIEW (> 30m)", "imagery_date": "2025-03-08", "quality_tier": "BASE", "whole_roof_area_m2": 60.03, "max_roof_area_m2": 37.31, "roof_suitability_ratio_pct": 62.1, "building_footprint_m2": 60.03, "roof_coverage_ratio_pct": 100.0, "gap_unsegmented_pct": 0.0, "gap_unsegmented_m2": 0.0, "gap_unpanelled_m2": 22.73, "total_gap_m2": 22.73, "total_segments_count": 1, "pitch_range": "32.8° – 32.8°", "weighted_pitch_deg": 32.8, "max_panels_count": 19, "sunshine_hours_annual": 1375.93, "panel_capacity_wp": 400, "installed_capacity_kwp": 7.6, "google_dc_mwh": 9.37, "annual_generation_kwh": 8365.64, "annual_generation_mwh": 8.37, "carbon_offset_factor": 809.0, "ghg_reduction_tons_co2": 6.77, "path_dsm_geotiff": null, "path_rgb_geotiff": null, "path_mask_geotiff": null, "path_flux_geotiff": null, "preview_rgb_png": null, "preview_panels_png": null, "preview_segments_png": null, "preview_dsm_png": null, "preview_mask_png": null, "preview_flux_png": null, "gap_category": "Gap Sedikit" }, "geometry": { "type": "Point", "coordinates": [ 106.757723, -6.540765 ] } },
{ "type": "Feature", "properties": { "asset_id": "AIR-0003", "asset_name": "Bandar Udara Khusus Wiladatika", "category": "airport", "category_display": "Fasilitas Penunjang Bandara", "city_regency": "Kota Depok", "postal_code": "13850", "source_raw_file": "osm_overpass:way/222617082", "raw_lat": -6.356027, "raw_lon": 106.900796, "google_building_id": "buildings/GhIJroL3WXJsGcAR6ZZgcqm5WkA", "google_maps_url": "https://www.google.com/maps/search/?api=1&query=-6.355911,106.900967", "google_center_lat": -6.3559107, "google_center_lon": 106.9009669, "spatial_drift_meters": 22.89, "drift_status": "VALID (< 30m)", "imagery_date": "2025-05-27", "quality_tier": "BASE", "whole_roof_area_m2": 22.48, "max_roof_area_m2": 11.78, "roof_suitability_ratio_pct": 52.4, "building_footprint_m2": 22.48, "roof_coverage_ratio_pct": 100.0, "gap_unsegmented_pct": 0.0, "gap_unsegmented_m2": 0.0, "gap_unpanelled_m2": 10.7, "total_gap_m2": 10.7, "total_segments_count": 1, "pitch_range": "2.0° – 2.0°", "weighted_pitch_deg": 2.0, "max_panels_count": 6, "sunshine_hours_annual": 1649.6, "panel_capacity_wp": 400, "installed_capacity_kwp": 2.4, "google_dc_mwh": 3.92, "annual_generation_kwh": 3167.23, "annual_generation_mwh": 3.17, "carbon_offset_factor": 809.0, "ghg_reduction_tons_co2": 2.56, "path_dsm_geotiff": null, "path_rgb_geotiff": null, "path_mask_geotiff": null, "path_flux_geotiff": null, "preview_rgb_png": null, "preview_panels_png": null, "preview_segments_png": null, "preview_dsm_png": null, "preview_mask_png": null, "preview_flux_png": null, "gap_category": "Gap Sedikit" }, "geometry": { "type": "Point", "coordinates": [ 106.900796, -6.356027 ] } },
{ "type": "Feature", "properties": { "asset_id": "AIR-0004", "asset_name": "Bandar Udara Pondok Cabe", "category": "airport", "category_display": "Fasilitas Penunjang Bandara", "city_regency": "Kota Depok", "postal_code": "15418", "source_raw_file": "osm_overpass:way/402381306", "raw_lat": -6.336322, "raw_lon": 106.76312, "google_building_id": "buildings/ChIJ91nz1q7vaS4Rzhie1tcMPmw", "google_maps_url": "https://www.google.com/maps/search/?api=1&query=-6.336607,106.762051", "google_center_lat": -6.3366071, "google_center_lon": 106.7620505, "spatial_drift_meters": 122.37, "drift_status": "REVIEW (> 30m)", "imagery_date": "2024-08-14", "quality_tier": "BASE", "whole_roof_area_m2": 7744.05, "max_roof_area_m2": 7104.14, "roof_suitability_ratio_pct": 91.7, "building_footprint_m2": 10511.98, "roof_coverage_ratio_pct": 73.7, "gap_unsegmented_pct": 26.3, "gap_unsegmented_m2": 2767.93, "gap_unpanelled_m2": 639.91, "total_gap_m2": 3407.84, "total_segments_count": 7, "pitch_range": "5.1° – 34.2°", "weighted_pitch_deg": 12.0, "max_panels_count": 3618, "sunshine_hours_annual": 1649.91, "panel_capacity_wp": 400, "installed_capacity_kwp": 1447.2, "google_dc_mwh": 2274.74, "annual_generation_kwh": 1910198.88, "annual_generation_mwh": 1910.2, "carbon_offset_factor": 809.0, "ghg_reduction_tons_co2": 1545.35, "path_dsm_geotiff": null, "path_rgb_geotiff": null, "path_mask_geotiff": null, "path_flux_geotiff": null, "preview_rgb_png": null, "preview_panels_png": null, "preview_segments_png": null, "preview_dsm_png": null, "preview_mask_png": null, "preview_flux_png": null, "gap_category": "Gap Sedang" }, "geometry": { "type": "Point", "coordinates": [ 106.76312, -6.336322 ] } },
{ "type": "Feature", "properties": { "asset_id": "AIR-0005", "asset_name": "Pangkalan Udara Rumpin", "category": "airport", "category_display": "Fasilitas Penunjang Bandara", "city_regency": "Kota Tangerang Selatan", "postal_code": "16350", "source_raw_file": "osm_overpass:way/402790191", "raw_lat": -6.372802, "raw_lon": 106.625019, "google_building_id": "buildings/ChIJcYX6ofbjaS4R6HFUKGvscbQ", "google_maps_url": "https://www.google.com/maps/search/?api=1&query=-6.372495,106.624674", "google_center_lat": -6.3724955, "google_center_lon": 106.6246737, "spatial_drift_meters": 51.16, "drift_status": "REVIEW (> 30m)", "imagery_date": "2025-07-26", "quality_tier": "BASE", "whole_roof_area_m2": 161.86, "max_roof_area_m2": 96.21, "roof_suitability_ratio_pct": 59.4, "building_footprint_m2": 181.86, "roof_coverage_ratio_pct": 89.0, "gap_unsegmented_pct": 11.0, "gap_unsegmented_m2": 20.0, "gap_unpanelled_m2": 65.65, "total_gap_m2": 85.64, "total_segments_count": 2, "pitch_range": "3.1° – 3.1°", "weighted_pitch_deg": 3.1, "max_panels_count": 49, "sunshine_hours_annual": 1662.82, "panel_capacity_wp": 400, "installed_capacity_kwp": 19.6, "google_dc_mwh": 32.16, "annual_generation_kwh": 26073.0, "annual_generation_mwh": 26.07, "carbon_offset_factor": 809.0, "ghg_reduction_tons_co2": 21.09, "path_dsm_geotiff": null, "path_rgb_geotiff": null, "path_mask_geotiff": null, "path_flux_geotiff": null, "preview_rgb_png": null, "preview_panels_png": null, "preview_segments_png": null, "preview_dsm_png": null, "preview_mask_png": null, "preview_flux_png": null, "gap_category": "Gap Sedikit" }, "geometry": { "type": "Point", "coordinates": [ 106.625019, -6.372802 ] } },
{ "type": "Feature", "properties": { "asset_id": "AIR-0006", "asset_name": "Bandar Udara Budiarto", "category": "airport", "category_display": "Fasilitas Penunjang Bandara", "city_regency": "Kota Tangerang Selatan", "postal_code": "15820", "source_raw_file": "osm_overpass:way/566739206", "raw_lat": -6.288686, "raw_lon": 106.568582, "google_building_id": "buildings/ChIJkzmQPT39aS4Ra9BXp-DJ3dY", "google_maps_url": "https://www.google.com/maps/search/?api=1&query=-6.288669,106.568789", "google_center_lat": -6.2886691, "google_center_lon": 106.5687887, "spatial_drift_meters": 22.92, "drift_status": "VALID (< 30m)", "imagery_date": "2025-07-26", "quality_tier": "BASE", "whole_roof_area_m2": 185.69, "max_roof_area_m2": 115.85, "roof_suitability_ratio_pct": 62.4, "building_footprint_m2": 214.41, "roof_coverage_ratio_pct": 86.6, "gap_unsegmented_pct": 13.4, "gap_unsegmented_m2": 28.71, "gap_unpanelled_m2": 69.84, "total_gap_m2": 98.56, "total_segments_count": 6, "pitch_range": "0.4° – 32.1°", "weighted_pitch_deg": 24.4, "max_panels_count": 59, "sunshine_hours_annual": 1670.47, "panel_capacity_wp": 400, "installed_capacity_kwp": 23.6, "google_dc_mwh": 36.01, "annual_generation_kwh": 31538.52, "annual_generation_mwh": 31.54, "carbon_offset_factor": 809.0, "ghg_reduction_tons_co2": 25.51, "path_dsm_geotiff": null, "path_rgb_geotiff": null, "path_mask_geotiff": null, "path_flux_geotiff": null, "preview_rgb_png": null, "preview_panels_png": null, "preview_segments_png": null, "preview_dsm_png": null, "preview_mask_png": null, "preview_flux_png": null, "gap_category": "Gap Sedikit" }, "geometry": { "type": "Point", "coordinates": [ 106.568582, -6.288686 ] } },
{ "type": "Feature", "properties": { "asset_id": "AIR-0007", "asset_name": "Departure Hall", "category": "airport", "category_display": "Fasilitas Penunjang Bandara", "city_regency": "Kota Tangerang", "postal_code": "15126", "source_raw_file": "osm_overpass:way/1087975090", "raw_lat": -6.139486, "raw_lon": 106.658542, "google_building_id": "buildings/ChIJTyaL33UCai4RKZqyZOSLcgo", "google_maps_url": "https://www.google.com/maps/search/?api=1&query=-6.139551,106.658595", "google_center_lat": -6.139551, "google_center_lon": 106.6585948, "spatial_drift_meters": 9.29, "drift_status": "VALID (< 30m)", "imagery_date": "2024-09-19", "quality_tier": "BASE", "whole_roof_area_m2": 156.68, "max_roof_area_m2": 121.74, "roof_suitability_ratio_pct": 77.7, "building_footprint_m2": 253.84, "roof_coverage_ratio_pct": 61.7, "gap_unsegmented_pct": 38.3, "gap_unsegmented_m2": 97.16, "gap_unpanelled_m2": 34.94, "total_gap_m2": 132.09, "total_segments_count": 1, "pitch_range": "1.7° – 1.7°", "weighted_pitch_deg": 1.7, "max_panels_count": 62, "sunshine_hours_annual": 1689.21, "panel_capacity_wp": 400, "installed_capacity_kwp": 24.8, "google_dc_mwh": 41.59, "annual_generation_kwh": 33513.85, "annual_generation_mwh": 33.51, "carbon_offset_factor": 809.0, "ghg_reduction_tons_co2": 27.11, "path_dsm_geotiff": null, "path_rgb_geotiff": null, "path_mask_geotiff": null, "path_flux_geotiff": null, "preview_rgb_png": null, "preview_panels_png": null, "preview_segments_png": null, "preview_dsm_png": null, "preview_mask_png": null, "preview_flux_png": null, "gap_category": "Gap Besar" }, "geometry": { "type": "Point", "coordinates": [ 106.658542, -6.139486 ] } },
{ "type": "Feature", "properties": { "asset_id": "AIR-0008", "asset_name": "Lapangan Terbang Sentul", "category": "airport", "category_display": "Fasilitas Penunjang Bandara", "city_regency": "Kab. Bogor", "postal_code": "16810", "source_raw_file": "osm_overpass:way/1323032410", "raw_lat": -6.508037, "raw_lon": 106.878617, "google_building_id": "buildings/ChIJSyhU7vDAaS4RikEqnr04zwA", "google_maps_url": "https://www.google.com/maps/search/?api=1&query=-6.509099,106.878853", "google_center_lat": -6.5090986, "google_center_lon": 106.8788528, "spatial_drift_meters": 120.88, "drift_status": "REVIEW (> 30m)", "imagery_date": "2024-03-19", "quality_tier": "BASE", "whole_roof_area_m2": 29.14, "max_roof_area_m2": 15.71, "roof_suitability_ratio_pct": 53.9, "building_footprint_m2": 29.14, "roof_coverage_ratio_pct": 100.0, "gap_unsegmented_pct": 0.0, "gap_unsegmented_m2": 0.0, "gap_unpanelled_m2": 13.43, "total_gap_m2": 13.43, "total_segments_count": 1, "pitch_range": "0.5° – 0.5°", "weighted_pitch_deg": 0.5, "max_panels_count": 8, "sunshine_hours_annual": 1621.35, "panel_capacity_wp": 400, "installed_capacity_kwp": 3.2, "google_dc_mwh": 5.16, "annual_generation_kwh": 4150.65, "annual_generation_mwh": 4.15, "carbon_offset_factor": 809.0, "ghg_reduction_tons_co2": 3.36, "path_dsm_geotiff": null, "path_rgb_geotiff": null, "path_mask_geotiff": null, "path_flux_geotiff": null, "preview_rgb_png": null, "preview_panels_png": null, "preview_segments_png": null, "preview_dsm_png": null, "preview_mask_png": null, "preview_flux_png": null, "gap_category": "Gap Sedikit" }, "geometry": { "type": "Point", "coordinates": [ 106.878617, -6.508037 ] } },
{ "type": "Feature", "properties": { "asset_id": "AIR-0009", "asset_name": "Pangkalan Udara Halim Perdanakusuma", "category": "airport", "category_display": "Fasilitas Penunjang Bandara", "city_regency": "Jakarta Timur", "postal_code": "13610", "source_raw_file": "osm_overpass:relation/12381950", "raw_lat": -6.265629, "raw_lon": 106.894506, "google_building_id": "buildings/ChIJsfj1d9vyaS4Rmr-8Mj4b99Q", "google_maps_url": "https://www.google.com/maps/search/?api=1&query=-6.263564,106.895282", "google_center_lat": -6.2635642, "google_center_lon": 106.8952822, "spatial_drift_meters": 245.1, "drift_status": "REVIEW (> 30m)", "imagery_date": "2025-08-16", "quality_tier": "BASE", "whole_roof_area_m2": 16.03, "max_roof_area_m2": 9.82, "roof_suitability_ratio_pct": 61.2, "building_footprint_m2": 22.15, "roof_coverage_ratio_pct": 72.4, "gap_unsegmented_pct": 27.6, "gap_unsegmented_m2": 6.12, "gap_unpanelled_m2": 6.21, "total_gap_m2": 12.33, "total_segments_count": 1, "pitch_range": "7.1° – 7.1°", "weighted_pitch_deg": 7.1, "max_panels_count": 5, "sunshine_hours_annual": 1666.4, "panel_capacity_wp": 400, "installed_capacity_kwp": 2.0, "google_dc_mwh": 3.03, "annual_generation_kwh": 2666.25, "annual_generation_mwh": 2.67, "carbon_offset_factor": 809.0, "ghg_reduction_tons_co2": 2.16, "path_dsm_geotiff": null, "path_rgb_geotiff": null, "path_mask_geotiff": null, "path_flux_geotiff": null, "preview_rgb_png": null, "preview_panels_png": null, "preview_segments_png": null, "preview_dsm_png": null, "preview_mask_png": null, "preview_flux_png": null, "gap_category": "Gap Sedang" }, "geometry": { "type": "Point", "coordinates": [ 106.894506, -6.265629 ] } },
{ "type": "Feature", "properties": { "asset_id": "AIR-0010", "asset_name": "Bandar Udara Internasional Soekarno-Hatta", "category": "airport", "category_display": "Fasilitas Penunjang Bandara", "city_regency": "Kota Tangerang", "postal_code": "15126", "source_raw_file": "osm_overpass:relation/19104217", "raw_lat": -6.123882, "raw_lon": 106.657602, "google_building_id": "buildings/ChIJaRISw2sCai4RfgSFrctrAUk", "google_maps_url": "https://www.google.com/maps/search/?api=1&query=-6.124113,106.657823", "google_center_lat": -6.1241132, "google_center_lon": 106.6578235, "spatial_drift_meters": 35.51, "drift_status": "REVIEW (> 30m)", "imagery_date": "2025-07-26", "quality_tier": "BASE", "whole_roof_area_m2": 2021.21, "max_roof_area_m2": 1694.55, "roof_suitability_ratio_pct": 83.8, "building_footprint_m2": 2427.11, "roof_coverage_ratio_pct": 83.3, "gap_unsegmented_pct": 16.7, "gap_unsegmented_m2": 405.89, "gap_unpanelled_m2": 326.66, "total_gap_m2": 732.56, "total_segments_count": 8, "pitch_range": "1.5° – 27.3°", "weighted_pitch_deg": 3.2, "max_panels_count": 863, "sunshine_hours_annual": 1718.89, "panel_capacity_wp": 400, "installed_capacity_kwp": 345.2, "google_dc_mwh": 580.06, "annual_generation_kwh": 474687.75, "annual_generation_mwh": 474.69, "carbon_offset_factor": 809.0, "ghg_reduction_tons_co2": 384.02, "path_dsm_geotiff": null, "path_rgb_geotiff": null, "path_mask_geotiff": null, "path_flux_geotiff": null, "preview_rgb_png": null, "preview_panels_png": null, "preview_segments_png": null, "preview_dsm_png": null, "preview_mask_png": null, "preview_flux_png": null, "gap_category": "Gap Sedikit" }, "geometry": { "type": "Point", "coordinates": [ 106.657602, -6.123882 ] } }
]
}
