asset_name,category,category_display,city_regency,latitude,longitude,source_reference,asset_id,is_buffer,batch_no,notes
Halte Plaza Senayan 2,brt,Halte TransJakarta & Shelter,Jakarta Selatan,-6.227072,106.798942,transjakarta_stations.csv,BRT-0001,False,1,
Halte Simpang Prepedan Benda Raya,brt,Halte TransJakarta & Shelter,Kota Tangerang,-6.106575,106.70192,transjakarta_stations.csv,BRT-0002,False,1,
Halte Simpang Pulo Asem Utara Timur,brt,Halte TransJakarta & Shelter,Jakarta Timur,-6.188074,106.89668,transjakarta_stations.csv,BRT-0003,False,1,
Halte Simpang Pulo Mas Raya Timur,brt,Halte TransJakarta & Shelter,Jakarta Timur,-6.178359,106.885496,transjakarta_stations.csv,BRT-0004,False,1,
Halte Simpang Puskesmas Penggilingan Baru,brt,Halte TransJakarta & Shelter,Jakarta Timur,-6.301457,106.88133,transjakarta_stations.csv,BRT-0005,False,1,
Halte Simpang Danau Sunter Utara Barat,brt,Halte TransJakarta & Shelter,Jakarta Utara,-6.139853,106.85663,transjakarta_stations.csv,BRT-0006,False,1,Hot-Swapped dari buffer BRT-BUF-001 (pengganti Halte Simpang Radin Inten II Kalimalang 404)
Halte Simpang Rajawali Cipinang Indah,brt,Halte TransJakarta & Shelter,Jakarta Timur,-6.233049,106.89328,transjakarta_stations.csv,BRT-0007,False,1,
Halte Simpang Rawa Barat,brt,Halte TransJakarta & Shelter,Jakarta Selatan,-6.238408,106.81489,transjakarta_stations.csv,BRT-0008,False,1,
Halte Simpang Rawa Belong 2 KH Taisir,brt,Halte TransJakarta & Shelter,Jakarta Barat,-6.200768,106.78765,transjakarta_stations.csv,BRT-0009,False,1,
Halte Flyover Kuningan,brt,Halte TransJakarta & Shelter,Jakarta Pusat,-6.202761,106.82771,transjakarta_stations.csv,BRT-0010,False,1,
Halte Simpang Rawa Belong Sulaiman,brt,Halte TransJakarta & Shelter,Jakarta Barat,-6.20612,106.78276,transjakarta_stations.csv,BRT-0011,False,1,
Halte Simpang Rawa Buaya Bojong Raya,brt,Halte TransJakarta & Shelter,Kota Tangerang,-6.159465,106.72952,transjakarta_stations.csv,BRT-0012,False,1,
Halte Simpang Rawa Kepa Utama,brt,Halte TransJakarta & Shelter,Jakarta Barat,-6.169911,106.80177,transjakarta_stations.csv,BRT-0013,False,1,
Halte Simpang Rawa Kompeni Raya Prancis,brt,Halte TransJakarta & Shelter,Kota Tangerang,-6.109565,106.68406,transjakarta_stations.csv,BRT-0014,False,1,
Halte Simpang Darmawangsa XI Prapanca,brt,Halte TransJakarta & Shelter,Jakarta Selatan,-6.256381,106.80051,transjakarta_stations.csv,BRT-0015,False,1,Hot-Swapped dari buffer BRT-BUF-002 (pengganti Halte Simpang Rawa Kuning Raya Bekasi 404)
Halte Simpang Rawasari Ahmad Yani,brt,Halte TransJakarta & Shelter,Jakarta Timur,-6.187726,106.87473,transjakarta_stations.csv,BRT-0016,False,1,
Halte Simpang Raya Bogor Cililitan,brt,Halte TransJakarta & Shelter,Jakarta Timur,-6.264191,106.86585,transjakarta_stations.csv,BRT-0017,False,1,
Halte Simpang Raya Bogor Suci,brt,Halte TransJakarta & Shelter,Jakarta Timur,-6.318777,106.86512,transjakarta_stations.csv,BRT-0018,False,1,
Halte Simpang Pinang I Pondok Labu,brt,Halte TransJakarta & Shelter,Jakarta Selatan,-6.308702,106.795996,transjakarta_stations.csv,BRT-0019,False,1,
Halte Simpang Raya Ceger Bina Marga,brt,Halte TransJakarta & Shelter,Jakarta Timur,-6.314974,106.89265,transjakarta_stations.csv,BRT-0020,False,1,
Halte Simpang Pulo Asem Utara Bada,brt,Halte TransJakarta & Shelter,Jakarta Timur,-6.188953,106.89146,transjakarta_stations.csv,BRT-0021,False,1,
Halte Simpang Jln. Pulo Lentut,brt,Halte TransJakarta & Shelter,Jakarta Timur,-6.189456,106.910404,transjakarta_stations.csv,BRT-0022,False,1,
Halte Simpang Mandala Dwikora,brt,Halte TransJakarta & Shelter,Jakarta Timur,-6.245022,106.8922,transjakarta_stations.csv,BRT-0023,False,1,
Halte Simpang Pos Pengumben Panjang Arteri,brt,Halte TransJakarta & Shelter,Jakarta Barat,-6.215786,106.77421,transjakarta_stations.csv,BRT-0024,False,1,
Halte Sbr. Plaza Senayan,brt,Halte TransJakarta & Shelter,Jakarta Selatan,-6.224597,106.798165,transjakarta_stations.csv,BRT-0025,False,1,
Halte Terminal 3,brt,Halte TransJakarta & Shelter,Kota Tangerang,-6.11998,106.665713,transjakarta_stations.csv,BRT-0026,False,1,
Halte Simpang Pisangan Lama III Selatan,brt,Halte TransJakarta & Shelter,Jakarta Timur,-6.213529,106.87885,transjakarta_stations.csv,BRT-0027,False,1,
Halte Mall,brt,Halte TransJakarta & Shelter,Kota Tangerang,-6.221803,106.654747,transjakarta_stations.csv,BRT-0028,False,1,
Halte Simpang Pisangan Lama Selatan III,brt,Halte TransJakarta & Shelter,Jakarta Timur,-6.21387,106.87884,transjakarta_stations.csv,BRT-0029,False,1,
Halte Simpang Pisok Giring Giring,brt,Halte TransJakarta & Shelter,Jakarta Timur,-6.16936,106.90739,transjakarta_stations.csv,BRT-0030,False,1,
Halte Simpang Pitungan,brt,Halte TransJakarta & Shelter,Kota Bekasi,-6.100212,106.9606,transjakarta_stations.csv,BRT-0031,False,1,
Halte Simpang PKP Raya KDW,brt,Halte TransJakarta & Shelter,Kota Depok,-6.340963,106.8873,transjakarta_stations.csv,BRT-0032,False,1,
Halte Simpang Pluit Raya,brt,Halte TransJakarta & Shelter,Jakarta Utara,-6.127123,106.80441,transjakarta_stations.csv,BRT-0033,False,1,
Halte Simpang Poncol Raya Ciracas,brt,Halte TransJakarta & Shelter,Kota Depok,-6.329862,106.86873,transjakarta_stations.csv,BRT-0034,False,1,
Halte Simpang Pondok Bambu Batas 1,brt,Halte TransJakarta & Shelter,Jakarta Timur,-6.241476,106.90061,transjakarta_stations.csv,BRT-0035,False,1,
Halte Simpang Meruya Selatan Saaba,brt,Halte TransJakarta & Shelter,Kota Tangerang,-6.21516,106.73771,transjakarta_stations.csv,BRT-0036,False,1,
Halte Simpang Palmerah Barat Rawa Belong,brt,Halte TransJakarta & Shelter,Jakarta Barat,-6.206786,106.783898,transjakarta_stations.csv,BRT-0037,False,1,
Halte Simpang Ps. Warakas 2,brt,Halte TransJakarta & Shelter,Jakarta Utara,-6.115576,106.880037,transjakarta_stations.csv,BRT-0038,False,1,
Halte Simpang Patra Kepa,brt,Halte TransJakarta & Shelter,Jakarta Barat,-6.183013,106.779963,transjakarta_stations.csv,BRT-0039,False,1,
Halte Simpang Pondok Bambu Batas 3,brt,Halte TransJakarta & Shelter,Jakarta Timur,-6.241251,106.90098,transjakarta_stations.csv,BRT-0040,False,1,
Halte Simpang Pondok Baru Gongseng Raya,brt,Halte TransJakarta & Shelter,Kota Depok,-6.326243,106.85929,transjakarta_stations.csv,BRT-0041,False,1,
Halte Simpang Raya Ceger Mabes Hankam,brt,Halte TransJakarta & Shelter,Jakarta Timur,-6.306447,106.88835,transjakarta_stations.csv,BRT-0042,False,1,
Halte Simpang Raya Cilincing Sungai Landak,brt,Halte TransJakarta & Shelter,Jakarta Utara,-6.101579,106.93808,transjakarta_stations.csv,BRT-0043,False,1,
Halte Koja Trade Mall,brt,Halte TransJakarta & Shelter,Jakarta Utara,-6.122508,106.91677,transjakarta_stations.csv,BRT-0044,False,1,
Halte Simpang Raya Condet Batu Ampar,brt,Halte TransJakarta & Shelter,Jakarta Timur,-6.28409,106.85556,transjakarta_stations.csv,BRT-0045,False,1,
Halte Terminal 2,brt,Halte TransJakarta & Shelter,Kota Tangerang,-6.12228,106.653171,transjakarta_stations.csv,BRT-0046,False,1,
Halte Simpang DDN Pondok Labu,brt,Halte TransJakarta & Shelter,Jakarta Selatan,-6.312668,106.79687,transjakarta_stations.csv,BRT-0047,False,1,Hot-Swapped dari buffer BRT-BUF-003 (pengganti Halte Simpang Sawo Raya Rawa Kuning 404)
Halte Stasiun Kereta Bandara,brt,Halte TransJakarta & Shelter,Kota Tangerang,-6.126999,106.653183,transjakarta_stations.csv,BRT-0048,False,1,
Halte Simpang Demi Serong Jatibaru,brt,Halte TransJakarta & Shelter,Jakarta Pusat,-6.181147,106.81714,transjakarta_stations.csv,BRT-0049,False,1,Hot-Swapped dari buffer BRT-BUF-004 (pengganti Halte Simpang Selat Makasar Bali 404)
Halte Terminal 1A,brt,Halte TransJakarta & Shelter,Kota Tangerang,-6.129481,106.656057,transjakarta_stations.csv,BRT-0050,False,1,
Halte Simpang Semangka I,brt,Halte TransJakarta & Shelter,Jakarta Barat,-6.179887,106.8059,transjakarta_stations.csv,BRT-0051,False,1,
Halte Simpang Semangka III,brt,Halte TransJakarta & Shelter,Jakarta Barat,-6.180659,106.80608,transjakarta_stations.csv,BRT-0052,False,1,
Halte Simpang Semangka Mahoni,brt,Halte TransJakarta & Shelter,Jakarta Utara,-6.116007,106.91315,transjakarta_stations.csv,BRT-0053,False,1,
Halte Simpang Deplu Raya,brt,Halte TransJakarta & Shelter,Jakarta Selatan,-6.27231,106.7649,transjakarta_stations.csv,BRT-0054,False,1,Hot-Swapped dari buffer BRT-BUF-005 (pengganti Halte Simpang Serdang Kel. I 404)
Halte Simpang Betet Camar 2,brt,Halte TransJakarta & Shelter,Jakarta Utara,-6.115382,106.92322,transjakarta_stations.csv,BRT-0055,False,1,Hot-Swapped dari buffer BRT-BUF-006 (pengganti Halte Simpang Serdang Swadaya Raya 2 404)
Halte Simpang Seroja Cempaka,brt,Halte TransJakarta & Shelter,Jakarta Barat,-6.181809,106.7991,transjakarta_stations.csv,BRT-0056,False,1,
Halte Simpang Rawa Belong Palmerah Barat,brt,Halte TransJakarta & Shelter,Jakarta Barat,-6.206644,106.784036,transjakarta_stations.csv,BRT-0057,False,1,
Halte Simpang Seruling Musik Raya,brt,Halte TransJakarta & Shelter,Jakarta Timur,-6.17436,106.9095,transjakarta_stations.csv,BRT-0058,False,1,
Halte Simpang Sinar Lagoa,brt,Halte TransJakarta & Shelter,Jakarta Utara,-6.108986,106.90781,transjakarta_stations.csv,BRT-0059,False,1,
Halte Simpang Jln. Fajar Baru Utara,brt,Halte TransJakarta & Shelter,Kota Tangerang,-6.14669,106.73446,transjakarta_stations.csv,BRT-0060,False,1,
Halte Simpang SMKN 35,brt,Halte TransJakarta & Shelter,Jakarta Pusat,-6.161102,106.81006,transjakarta_stations.csv,BRT-0061,False,1,
Halte Simpang Squadron,brt,Halte TransJakarta & Shelter,Jakarta Timur,-6.267009,106.87725,transjakarta_stations.csv,BRT-0062,False,1,
Halte Simpang Sasak I Panjang Arteri,brt,Halte TransJakarta & Shelter,Jakarta Barat,-6.206777,106.77019,transjakarta_stations.csv,BRT-0063,False,1,
Halte Simpang Sagu Pepaya Raya,brt,Halte TransJakarta & Shelter,Jakarta Selatan,-6.317811,106.81912,transjakarta_stations.csv,BRT-0064,False,1,
Halte Simpang Sadar H. Montong,brt,Halte TransJakarta & Shelter,Kota Depok,-6.337924,106.81347,transjakarta_stations.csv,BRT-0065,False,1,
Halte Simpang Raya Tengah Waru,brt,Halte TransJakarta & Shelter,Jakarta Timur,-6.29326,106.85985,transjakarta_stations.csv,BRT-0066,False,1,
Halte Simpang Raya KDW PKP,brt,Halte TransJakarta & Shelter,Kota Depok,-6.340686,106.88691,transjakarta_stations.csv,BRT-0067,False,1,
Halte Simpang Raya PKP Cibubur I,brt,Halte TransJakarta & Shelter,Kota Depok,-6.34034,106.87371,transjakarta_stations.csv,BRT-0068,False,1,
Halte Simpang Raya Pondok Gede 1,brt,Halte TransJakarta & Shelter,Jakarta Timur,-6.284753,106.91028,transjakarta_stations.csv,BRT-0069,False,1,
Halte Simpang Raya Pondok Gede 2,brt,Halte TransJakarta & Shelter,Jakarta Timur,-6.283372,106.91042,transjakarta_stations.csv,BRT-0070,False,2,
Halte Simpang Pramuka 2,brt,Halte TransJakarta & Shelter,Jakarta Timur,-6.192457,106.874554,transjakarta_stations.csv,BRT-0071,False,2,
Halte Simpang Pramuka 1,brt,Halte TransJakarta & Shelter,Jakarta Timur,-6.191753,106.873686,transjakarta_stations.csv,BRT-0072,False,2,
Halte Simpang Raya Tengah H. Ali,brt,Halte TransJakarta & Shelter,Jakarta Timur,-6.292515,106.85951,transjakarta_stations.csv,BRT-0073,False,2,
Halte Simpang Rel Kereta Bintaro 1,brt,Halte TransJakarta & Shelter,Jakarta Selatan,-6.256533,106.76259,transjakarta_stations.csv,BRT-0074,False,2,
Halte Simpang Sabar Raya Petukangan 1,brt,Halte TransJakarta & Shelter,Jakarta Selatan,-6.236754,106.75243,transjakarta_stations.csv,BRT-0075,False,2,
Halte Simpang Rel Kereta Bintaro 2,brt,Halte TransJakarta & Shelter,Jakarta Selatan,-6.256574,106.76224,transjakarta_stations.csv,BRT-0076,False,2,
Halte Simpang Rindang Warung Sila,brt,Halte TransJakarta & Shelter,Kota Depok,-6.345832,106.81159,transjakarta_stations.csv,BRT-0077,False,2,
Halte Simpang Roa Malaka Selatan,brt,Halte TransJakarta & Shelter,Jakarta Utara,-6.134704,106.80998,transjakarta_stations.csv,BRT-0078,False,2,
Halte Simpang Rukun 1,brt,Halte TransJakarta & Shelter,Jakarta Timur,-6.308156,106.91758,transjakarta_stations.csv,BRT-0079,False,2,
Halte Simpang Saaba Meruya Selatan,brt,Halte TransJakarta & Shelter,Kota Tangerang,-6.214861,106.73735,transjakarta_stations.csv,BRT-0080,False,2,
Halte Simpang Sabar Raya 1,brt,Halte TransJakarta & Shelter,Jakarta Selatan,-6.24116,106.75245,transjakarta_stations.csv,BRT-0081,False,2,
Halte Simpang Pertengahan Cijantung,brt,Halte TransJakarta & Shelter,Kota Depok,-6.326543,106.85613,transjakarta_stations.csv,BRT-0082,False,2,
Halte Simpang Persahabatan Timur,brt,Halte TransJakarta & Shelter,Jakarta Timur,-6.206614,106.88835,transjakarta_stations.csv,BRT-0083,False,2,
Halte Simpang Persahabatan Raya,brt,Halte TransJakarta & Shelter,Jakarta Timur,-6.206364,106.88575,transjakarta_stations.csv,BRT-0084,False,2,
Halte Simpang Pahlawan Revolusi Kalimalang,brt,Halte TransJakarta & Shelter,Jakarta Timur,-6.245592,106.90576,transjakarta_stations.csv,BRT-0085,False,2,
Halte Simpang Gotong Royong 2,brt,Halte TransJakarta & Shelter,Jakarta Utara,-6.125006,106.893148,transjakarta_stations.csv,BRT-0086,False,2,Hot-Swapped dari buffer BRT-BUF-007 (pengganti Halte Simpang Mawar Merah 404)
Halte Simpang Media Massa,brt,Halte TransJakarta & Shelter,Jakarta Timur,-6.231679,106.88636,transjakarta_stations.csv,BRT-0087,False,2,
Halte Simpang Melati Tugu V,brt,Halte TransJakarta & Shelter,Jakarta Utara,-6.121302,106.90799,transjakarta_stations.csv,BRT-0088,False,2,
Halte Simpang Melur Tugu,brt,Halte TransJakarta & Shelter,Jakarta Utara,-6.122641,106.90796,transjakarta_stations.csv,BRT-0089,False,2,
Halte Simpang Merak Cipinang Indah,brt,Halte TransJakarta & Shelter,Jakarta Timur,-6.234815,106.894,transjakarta_stations.csv,BRT-0090,False,2,
Halte Sbr. Plaza Kemang 88,brt,Halte TransJakarta & Shelter,Jakarta Selatan,-6.270024,106.81553,transjakarta_stations.csv,BRT-0091,False,2,
Halte Simpang Meruya Ilir 1,brt,Halte TransJakarta & Shelter,Jakarta Barat,-6.196682,106.75517,transjakarta_stations.csv,BRT-0092,False,2,
Halte Simpang Meruya Ilir 2,brt,Halte TransJakarta & Shelter,Jakarta Barat,-6.196802,106.75542,transjakarta_stations.csv,BRT-0093,False,2,
Halte Simpang Meruya Ilir Srengseng,brt,Halte TransJakarta & Shelter,Jakarta Barat,-6.196942,106.75667,transjakarta_stations.csv,BRT-0094,False,2,
Halte Simpang Meruya Ilir Utara,brt,Halte TransJakarta & Shelter,Kota Tangerang,-6.198612,106.74196,transjakarta_stations.csv,BRT-0095,False,2,
Halte Simpang Meruya Panjang Arteri,brt,Halte TransJakarta & Shelter,Jakarta Barat,-6.196626,106.76887,transjakarta_stations.csv,BRT-0096,False,2,
Halte Simpang Mulya Jaya Cipinang Lontar,brt,Halte TransJakarta & Shelter,Jakarta Timur,-6.217632,106.89025,transjakarta_stations.csv,BRT-0097,False,2,
Halte Simpang Muwardi Raya,brt,Halte TransJakarta & Shelter,Jakarta Barat,-6.162593,106.79232,transjakarta_stations.csv,BRT-0098,False,2,
Halte Simpang Nusa Cipinang Indah,brt,Halte TransJakarta & Shelter,Jakarta Timur,-6.233496,106.89006,transjakarta_stations.csv,BRT-0099,False,2,
Halte Simpang Rawa Belong Kemanggisan,brt,Halte TransJakarta & Shelter,Jakarta Barat,-6.198872,106.78212,transjakarta_stations.csv,BRT-0100,False,2,Hot-Swapped dari buffer BRT-BUF-008 (pengganti Halte Simpang Nusa Indah Teratai Putih 404)
Halte Taman Simpang Jatinegara,brt,Halte TransJakarta & Shelter,Jakarta Timur,-6.217541,106.87352,transjakarta_stations.csv,BRT-0101,False,2,Hot-Swapped dari buffer BRT-BUF-009 (pengganti Halte Simpang Nusa Indah VI 404)
Halte Simpang Otista III Selatan,brt,Halte TransJakarta & Shelter,Jakarta Timur,-6.231874,106.86803,transjakarta_stations.csv,BRT-0102,False,2,
Halte Simpang Otista III Utara,brt,Halte TransJakarta & Shelter,Jakarta Timur,-6.231843,106.86776,transjakarta_stations.csv,BRT-0103,False,2,
Halte Simpang Matraman 2,brt,Halte TransJakarta & Shelter,Jakarta Pusat,-6.201601,106.85144,transjakarta_stations.csv,BRT-0104,False,2,
Halte Simpang Masjid Darul Falah 2,brt,Halte TransJakarta & Shelter,Jakarta Selatan,-6.236336,106.7513,transjakarta_stations.csv,BRT-0105,False,2,
Halte Simpang Masjid Darul Falah 1,brt,Halte TransJakarta & Shelter,Jakarta Selatan,-6.236147,106.75128,transjakarta_stations.csv,BRT-0106,False,2,
Halte Simpang Mangga Semangka,brt,Halte TransJakarta & Shelter,Jakarta Utara,-6.115742,106.91088,transjakarta_stations.csv,BRT-0107,False,2,
Halte Simpang Mandala Raya Selatan,brt,Halte TransJakarta & Shelter,Jakarta Barat,-6.175729,106.79887,transjakarta_stations.csv,BRT-0108,False,2,
Halte Ruko Mall Mangga Dua,brt,Halte TransJakarta & Shelter,Jakarta Utara,-6.137093,106.824038,transjakarta_stations.csv,BRT-0109,False,2,Hot-Swapped dari buffer BRT-BUF-010 (pengganti Halte Simpang Jln. Bunga Rampai Raya 404)
Halte Simpang Mandala Selatan Raya,brt,Halte TransJakarta & Shelter,Jakarta Barat,-6.175717,106.79909,transjakarta_stations.csv,BRT-0110,False,2,
Halte Simpang Mandala Selatan Timur,brt,Halte TransJakarta & Shelter,Jakarta Barat,-6.17199,106.80098,transjakarta_stations.csv,BRT-0111,False,2,
Halte Simpang Mandara Permai 1,brt,Halte TransJakarta & Shelter,Jakarta Utara,-6.11612,106.75644,transjakarta_stations.csv,BRT-0112,False,2,
Halte Simpang Mandara Permai 2,brt,Halte TransJakarta & Shelter,Jakarta Utara,-6.116512,106.75622,transjakarta_stations.csv,BRT-0113,False,2,
Halte Simpang Mangga Besar VIII,brt,Halte TransJakarta & Shelter,Jakarta Utara,-6.150015,106.82562,transjakarta_stations.csv,BRT-0114,False,2,
Halte Simpang Mangga Besar XI,brt,Halte TransJakarta & Shelter,Jakarta Utara,-6.148616,106.82554,transjakarta_stations.csv,BRT-0115,False,2,
Halte Simpang Mantang Terusan,brt,Halte TransJakarta & Shelter,Jakarta Utara,-6.112776,106.90821,transjakarta_stations.csv,BRT-0116,False,2,
Halte Simpang Mabes Hankam,brt,Halte TransJakarta & Shelter,Jakarta Timur,-6.30449,106.88585,transjakarta_stations.csv,BRT-0117,False,2,
Halte Simpang Manunggal Pintu 2,brt,Halte TransJakarta & Shelter,Jakarta Timur,-6.297193,106.89291,transjakarta_stations.csv,BRT-0118,False,2,
Halte Simpang Margasatwa Bango,brt,Halte TransJakarta & Shelter,Jakarta Selatan,-6.310201,106.80346,transjakarta_stations.csv,BRT-0119,False,2,
Halte Simpang Margasatwa Cilandak KKO,brt,Halte TransJakarta & Shelter,Jakarta Selatan,-6.31022,106.81364,transjakarta_stations.csv,BRT-0120,False,2,
Halte Simpang Masjid Condet Batu Ampar,brt,Halte TransJakarta & Shelter,Jakarta Timur,-6.280831,106.86024,transjakarta_stations.csv,BRT-0121,False,2,
Halte Simpang Kepu Kesadaran,brt,Halte TransJakarta & Shelter,Jakarta Timur,-6.181065,106.914372,transjakarta_stations.csv,BRT-0122,False,2,
Halte Simpang Blok A,brt,Halte TransJakarta & Shelter,Jakarta Pusat,-6.187206,106.816219,transjakarta_stations.csv,BRT-0123,False,2,
Halte Simpang Kemanggisan Ilir III,brt,Halte TransJakarta & Shelter,Jakarta Barat,-6.193204,106.785334,transjakarta_stations.csv,BRT-0124,False,2,
Halte Simpang Pahlawan Revolusi 2,brt,Halte TransJakarta & Shelter,Jakarta Timur,-6.238373,106.89937,transjakarta_stations.csv,BRT-0125,False,2,
Halte Simpang Pakin 2,brt,Halte TransJakarta & Shelter,Jakarta Utara,-6.128288,106.80562,transjakarta_stations.csv,BRT-0126,False,2,
Halte Simpang Perniagaan Tambora,brt,Halte TransJakarta & Shelter,Jakarta Utara,-6.14163,106.80768,transjakarta_stations.csv,BRT-0127,False,2,
Halte Simpang Empat 1,brt,Halte TransJakarta & Shelter,Kota Tangerang,-6.086658,106.732805,transjakarta_stations.csv,BRT-0128,False,2,
Halte Simpang Terusan Bandengan,brt,Halte TransJakarta & Shelter,Jakarta Utara,-6.137821,106.791769,transjakarta_stations.csv,BRT-0129,False,2,
Halte Simpang Ps. Rawamangun,brt,Halte TransJakarta & Shelter,Jakarta Timur,-6.198321,106.89001,transjakarta_stations.csv,BRT-0130,False,2,
Halte Simpang Patra Lontar Raya,brt,Halte TransJakarta & Shelter,Jakarta Barat,-6.182359,106.78119,transjakarta_stations.csv,BRT-0131,False,2,
Halte Simpang Pedongkelan Cilincing Bakti,brt,Halte TransJakarta & Shelter,Jakarta Utara,-6.108168,106.93406,transjakarta_stations.csv,BRT-0132,False,2,
Halte Simpang Pegangsaan Dua Hybrida,brt,Halte TransJakarta & Shelter,Jakarta Utara,-6.148745,106.91565,transjakarta_stations.csv,BRT-0133,False,2,
Halte Simpang Pejompongan Dalam,brt,Halte TransJakarta & Shelter,Jakarta Barat,-6.204269,106.80537,transjakarta_stations.csv,BRT-0134,False,2,
Halte Simpang Penggilingan Baru I,brt,Halte TransJakarta & Shelter,Jakarta Timur,-6.302681,106.88123,transjakarta_stations.csv,BRT-0135,False,2,
Halte Simpang Penggilingan Baru Puskesmas,brt,Halte TransJakarta & Shelter,Jakarta Timur,-6.301174,106.88115,transjakarta_stations.csv,BRT-0136,False,2,
Halte Simpang Penyelesaian Tomang 1,brt,Halte TransJakarta & Shelter,Kota Tangerang,-6.196632,106.72951,transjakarta_stations.csv,BRT-0137,False,2,
Halte Simpang Pepaya Sagu Raya,brt,Halte TransJakarta & Shelter,Jakarta Selatan,-6.317485,106.81909,transjakarta_stations.csv,BRT-0138,False,2,
Halte Simpang Cipendawa 2,brt,Halte TransJakarta & Shelter,Kab. Bekasi,-6.298157,106.984224,transjakarta_stations.csv,BRT-0139,False,2,
Halte Simpang Perintis 1,brt,Halte TransJakarta & Shelter,Jakarta Timur,-6.229048,106.88882,transjakarta_stations.csv,BRT-0140,False,2,
Halte Simpang Cipendawa 1,brt,Halte TransJakarta & Shelter,Kab. Bekasi,-6.298414,106.984184,transjakarta_stations.csv,BRT-0141,False,2,
Halte Simpang Bidara Raya,brt,Halte TransJakarta & Shelter,Jakarta Utara,-6.137765,106.788171,transjakarta_stations.csv,BRT-0142,False,2,
Halte Simpang Perintis Pulo Mas Timur,brt,Halte TransJakarta & Shelter,Jakarta Timur,-6.172481,106.88914,transjakarta_stations.csv,BRT-0143,False,2,
Halte Simpang Permata Meruya 1,brt,Halte TransJakarta & Shelter,Kota Tangerang,-6.195196,106.73953,transjakarta_stations.csv,BRT-0144,False,2,
Halte Simpang Permata Meruya 2,brt,Halte TransJakarta & Shelter,Kota Tangerang,-6.195059,106.73972,transjakarta_stations.csv,BRT-0145,False,2,
Halte Simpang Ps. Pagi Raya Cilincing,brt,Halte TransJakarta & Shelter,Jakarta Utara,-6.102924,106.93596,transjakarta_stations.csv,BRT-0146,False,2,
Halte Simpang Jln. Kemenyan Sadar 1,brt,Halte TransJakarta & Shelter,Kota Depok,-6.340393,106.812552,transjakarta_stations.csv,BRT-0147,False,2,
Halte Simpang Sentul,brt,Halte TransJakarta & Shelter,Kab. Bogor,-6.531293,106.85176,transjakarta_stations.csv,BRT-0148,False,2,
Halte Simpang Pakin 3,brt,Halte TransJakarta & Shelter,Jakarta Utara,-6.129076,106.80514,transjakarta_stations.csv,BRT-0149,False,2,
Halte Simpang Pangeran Komarudin 1,brt,Halte TransJakarta & Shelter,Jakarta Timur,-6.184719,106.94319,transjakarta_stations.csv,BRT-0150,False,2,
Halte Simpang Pangeran Komarudin 3,brt,Halte TransJakarta & Shelter,Jakarta Timur,-6.185201,106.943385,transjakarta_stations.csv,BRT-0151,False,2,
Halte Simpang Empat 2,brt,Halte TransJakarta & Shelter,Kota Tangerang,-6.087674,106.732499,transjakarta_stations.csv,BRT-0152,False,2,
Halte Simpang Panglima Polim IX Wijaya,brt,Halte TransJakarta & Shelter,Jakarta Selatan,-6.249567,106.79993,transjakarta_stations.csv,BRT-0153,False,2,
Halte Simpang Panjang Duri Kepa,brt,Halte TransJakarta & Shelter,Jakarta Barat,-6.184205,106.76833,transjakarta_stations.csv,BRT-0154,False,2,
Halte Simpang Panjang Kb. Jeruk 1,brt,Halte TransJakarta & Shelter,Jakarta Barat,-6.198159,106.76922,transjakarta_stations.csv,BRT-0155,False,2,
Halte Simpang Ps. Pagi,brt,Halte TransJakarta & Shelter,Jakarta Utara,-6.139106,106.811233,transjakarta_stations.csv,BRT-0156,False,2,
Halte Simpang Ps. Bebek 1,brt,Halte TransJakarta & Shelter,Jakarta Utara,-6.11034,106.94875,transjakarta_stations.csv,BRT-0157,False,2,
Halte Mall Bellanova Sentul,brt,Halte TransJakarta & Shelter,Kota Bogor,-6.565897,106.844813,transjakarta_stations.csv,BRT-0158,False,2,
Halte Simpang Ps. Bebek 2,brt,Halte TransJakarta & Shelter,Jakarta Utara,-6.110544,106.949031,transjakarta_stations.csv,BRT-0159,False,2,
Halte Simpang Parung Bingung 2,brt,Halte TransJakarta & Shelter,Kota Depok,-6.394896,106.773218,transjakarta_stations.csv,BRT-0160,False,2,
Halte Simpang Ps. Deprok 1,brt,Halte TransJakarta & Shelter,Kota Tangerang,-6.104282,106.70798,transjakarta_stations.csv,BRT-0161,False,2,
Halte Simpang Ps. Kb. Pisang,brt,Halte TransJakarta & Shelter,Jakarta Utara,-6.152576,106.78156,transjakarta_stations.csv,BRT-0162,False,2,
Halte Simpang Srengseng Meruya Ilir 2,brt,Halte TransJakarta & Shelter,Jakarta Barat,-6.197304,106.75623,transjakarta_stations.csv,BRT-0163,False,2,
Halte Simpang STIP,brt,Halte TransJakarta & Shelter,Jakarta Utara,-6.10795,106.95998,transjakarta_stations.csv,BRT-0164,False,2,
Halte Mall Kelapa Gading,brt,Halte TransJakarta & Shelter,Jakarta Utara,-6.155906,106.908551,transjakarta_stations.csv,BRT-0165,False,2,
Halte Simpang Jln. Sunter Karya,brt,Halte TransJakarta & Shelter,Jakarta Utara,-6.143679,106.8696,transjakarta_stations.csv,BRT-0166,False,2,
Halte Sbr. Kb. Jeruk Plaza,brt,Halte TransJakarta & Shelter,Jakarta Barat,-6.190588,106.76027,transjakarta_stations.csv,BRT-0167,False,2,
Halte Terminal Kargo 2,brt,Halte TransJakarta & Shelter,Kota Tangerang,-6.125544,106.663458,transjakarta_stations.csv,BRT-0168,False,2,
Halte Simpang Jln. Kramat Lontar,brt,Halte TransJakarta & Shelter,Jakarta Pusat,-6.189686,106.847198,transjakarta_stations.csv,BRT-0169,False,2,
Halte Simpang Jln. Agung Permai Raya,brt,Halte TransJakarta & Shelter,Jakarta Utara,-6.14433,106.86592,transjakarta_stations.csv,BRT-0170,False,2,
Halte Simpang Panjang Arteri Madrasah I,brt,Halte TransJakarta & Shelter,Jakarta Barat,-6.21542,106.77446,transjakarta_stations.csv,BRT-0171,False,2,
Halte Simpang Jln. Agung Permai 1,brt,Halte TransJakarta & Shelter,Jakarta Utara,-6.144773,106.863349,transjakarta_stations.csv,BRT-0172,False,2,
Halte Simpang Ps. Enjo,brt,Halte TransJakarta & Shelter,Jakarta Timur,-6.211062,106.87438,transjakarta_stations.csv,BRT-0173,False,2,
Halte Simpang Jln. Tridasawarsa,brt,Halte TransJakarta & Shelter,Jakarta Utara,-6.126978,106.855884,transjakarta_stations.csv,BRT-0174,False,2,
Halte Simpang Jln. Cemara,brt,Halte TransJakarta & Shelter,Jakarta Utara,-6.126981,106.857397,transjakarta_stations.csv,BRT-0175,False,2,
Halte Simpang Garden City 1,brt,Halte TransJakarta & Shelter,Kota Bekasi,-6.172045,106.96297,transjakarta_stations.csv,BRT-0176,False,2,
Halte Mangga Dua Plaza,brt,Halte TransJakarta & Shelter,Jakarta Utara,-6.135929,106.82836,transjakarta_stations.csv,BRT-0177,False,2,
Halte Simpang Rawa Bokor,brt,Halte TransJakarta & Shelter,Kota Tangerang,-6.114804,106.689168,transjakarta_stations.csv,BRT-0178,False,2,
Halte Flyover Raya Bogor,brt,Halte TransJakarta & Shelter,Jakarta Timur,-6.3065,106.8657,transjakarta_stations.csv,BRT-0179,False,2,
Halte Simpang Kemang Utara,brt,Halte TransJakarta & Shelter,Jakarta Selatan,-6.258059,106.823176,transjakarta_stations.csv,BRT-0180,False,2,
Halte Mall Thamrin City,brt,Halte TransJakarta & Shelter,Jakarta Pusat,-6.194341,106.81453,transjakarta_stations.csv,BRT-0181,False,2,
Halte Mall Taman Palem 2,brt,Halte TransJakarta & Shelter,Kota Tangerang,-6.13891,106.730691,transjakarta_stations.csv,BRT-0182,False,2,
Halte Simpang Raya Ciracas Pengantin Ali,brt,Halte TransJakarta & Shelter,Kota Depok,-6.328009,106.88245,transjakarta_stations.csv,BRT-0183,False,2,Hot-Swapped dari buffer BRT-BUF-011 (pengganti Halte Mall Metropolitan 404)
Halte Terminal Kargo 1,brt,Halte TransJakarta & Shelter,Kota Tangerang,-6.125241,106.664939,transjakarta_stations.csv,BRT-0184,False,2,
Halte Simpang Kramat Jaya Baru 1,brt,Halte TransJakarta & Shelter,Jakarta Pusat,-6.184392,106.85245,transjakarta_stations.csv,BRT-0185,False,2,
Halte Simpang Jln. St. Angke,brt,Halte TransJakarta & Shelter,Jakarta Utara,-6.14354,106.80095,transjakarta_stations.csv,BRT-0186,False,2,
Halte Simpang Masjid Al Barkah 2,brt,Halte TransJakarta & Shelter,Jakarta Selatan,-6.284557,106.811631,transjakarta_stations.csv,BRT-0187,False,2,
Halte Akses Bawah Flyover Slipi,brt,Halte TransJakarta & Shelter,Jakarta Barat,-6.20122,106.798808,transjakarta_stations.csv,BRT-0188,False,2,
Halte Simpang Tebet Barat IX 1,brt,Halte TransJakarta & Shelter,Jakarta Timur,-6.238417,106.85198,transjakarta_stations.csv,BRT-0189,False,2,
Halte Flyover Raya Bogor 1,brt,Halte TransJakarta & Shelter,Jakarta Timur,-6.30669,106.8655,transjakarta_stations.csv,BRT-0190,False,2,
Halte Lotte Mall Kuningan 1,brt,Halte TransJakarta & Shelter,Jakarta Selatan,-6.22265,106.823077,transjakarta_stations.csv,BRT-0191,False,2,
Halte Simpang Jln. P. Komarudin,brt,Halte TransJakarta & Shelter,Jakarta Timur,-6.185269,106.942624,transjakarta_stations.csv,BRT-0192,False,2,
Halte Simpang Jln. Mundu,brt,Halte TransJakarta & Shelter,Jakarta Utara,-6.118265,106.910752,transjakarta_stations.csv,BRT-0193,False,2,
Halte Simpang Pemangalan Raya,brt,Halte TransJakarta & Shelter,Jakarta Utara,-6.135199,106.806497,transjakarta_stations.csv,BRT-0194,False,2,
Halte Simpang Jln. Jemb. Besi Raya,brt,Halte TransJakarta & Shelter,Jakarta Utara,-6.151807,106.800666,transjakarta_stations.csv,BRT-0195,False,2,
Halte Sbr. Simpang Terusan Bandengan,brt,Halte TransJakarta & Shelter,Jakarta Utara,-6.137152,106.791888,transjakarta_stations.csv,BRT-0196,False,2,
Halte Simpang Cempaka IV Raya 1,brt,Halte TransJakarta & Shelter,Jakarta Timur,-6.178123,106.860618,transjakarta_stations.csv,BRT-0197,False,2,
Halte Simpang Jln. Hanoman 6,brt,Halte TransJakarta & Shelter,Jakarta Utara,-6.146648,106.784531,transjakarta_stations.csv,BRT-0198,False,2,
Halte Simpang Balai Pustaka Barat Waru,brt,Halte TransJakarta & Shelter,Jakarta Timur,-6.196587,106.885644,transjakarta_stations.csv,BRT-0199,False,2,
Halte Mall Cipinang Indah 2,brt,Halte TransJakarta & Shelter,Jakarta Timur,-6.239659,106.894713,transjakarta_stations.csv,BRT-0200,False,2,
Halte Simpang Kapuk Kamal,brt,Halte TransJakarta & Shelter,Kota Tangerang,-6.121389,106.731259,transjakarta_stations.csv,BRT-0201,False,2,
Halte Simpang Jln. Kenanga Indah,brt,Halte TransJakarta & Shelter,Kota Bekasi,-6.177644,106.9817,transjakarta_stations.csv,BRT-0202,False,2,
Halte Simpang Herman Susilo 2,brt,Halte TransJakarta & Shelter,Kota Depok,-6.326266,106.810998,transjakarta_stations.csv,BRT-0203,False,2,
Halte Simpang Manggarai Utara,brt,Halte TransJakarta & Shelter,Jakarta Pusat,-6.212697,106.85724,transjakarta_stations.csv,BRT-0204,False,2,
Halte Simpang KH. Moh. Mansyur,brt,Halte TransJakarta & Shelter,Jakarta Barat,-6.165745,106.807795,transjakarta_stations.csv,BRT-0205,False,2,
Halte Simpang Tunda Bara TB Simatupang,brt,Halte TransJakarta & Shelter,Jakarta Selatan,-6.292871,106.797896,transjakarta_stations.csv,BRT-0206,False,2,
Halte Simpang Damai Raya H. Jian,brt,Halte TransJakarta & Shelter,Jakarta Selatan,-6.260636,106.805769,transjakarta_stations.csv,BRT-0207,False,2,
Halte Terminal Bekasi,brt,Halte TransJakarta & Shelter,Kota Bekasi,-6.249447,107.014547,transjakarta_stations.csv,BRT-0208,False,2,
Halte Simpang Tj. Duren Raya,brt,Halte TransJakarta & Shelter,Jakarta Barat,-6.173776,106.78377,transjakarta_stations.csv,BRT-0209,False,2,
Halte Simpang Jln. Paso,brt,Halte TransJakarta & Shelter,Jakarta Selatan,-6.316025,106.816128,transjakarta_stations.csv,BRT-0210,False,2,
Halte Simpang St. Senen,brt,Halte TransJakarta & Shelter,Jakarta Pusat,-6.176548,106.844606,transjakarta_stations.csv,BRT-0211,False,2,
Halte Stasiun Tebet,brt,Halte TransJakarta & Shelter,Jakarta Timur,-6.225503,106.85814,transjakarta_stations.csv,BRT-0212,False,2,
Halte Maspion Plaza,brt,Halte TransJakarta & Shelter,Jakarta Utara,-6.141539,106.83352,transjakarta_stations.csv,BRT-0213,False,2,Hot-Swapped dari buffer BRT-BUF-012 (pengganti Halte Stasiun Cakung 1 404)
Halte Lotte Mall Kelapa Gading 2,brt,Halte TransJakarta & Shelter,Jakarta Utara,-6.154794,106.89603,transjakarta_stations.csv,BRT-0214,False,2,
Halte Pondok Indah Mall 1,brt,Halte TransJakarta & Shelter,Jakarta Selatan,-6.263197,106.78479,transjakarta_stations.csv,BRT-0215,False,2,Hot-Swapped dari buffer BRT-BUF-013 (pengganti Halte Simpang Banjir Kanal Timur 404)
Halte Mall Taman Palem 1,brt,Halte TransJakarta & Shelter,Kota Tangerang,-6.139762,106.73287,transjakarta_stations.csv,BRT-0216,False,2,
Halte Sbr. Simpang Klp. 3 Jagakarsa,brt,Halte TransJakarta & Shelter,Kota Depok,-6.330555,106.828708,transjakarta_stations.csv,BRT-0217,False,2,
Halte Simpang Tebet Raya Timur,brt,Halte TransJakarta & Shelter,Jakarta Timur,-6.22987,106.85278,transjakarta_stations.csv,BRT-0218,False,2,
Halte Lippo Mall Kramat Jati,brt,Halte TransJakarta & Shelter,Jakarta Timur,-6.270835,106.86741,transjakarta_stations.csv,BRT-0219,False,2,
Halte Simpang Duren Bangka Timur 2,brt,Halte TransJakarta & Shelter,Jakarta Selatan,-6.259274,106.827766,transjakarta_stations.csv,BRT-0220,False,2,
Halte Pondok Indah Mall 2,brt,Halte TransJakarta & Shelter,Jakarta Selatan,-6.264403,106.782455,transjakarta_stations.csv,BRT-0221,False,2,Hot-Swapped dari buffer BRT-BUF-014 (pengganti Halte Simpang Tiga Pulo Gebang Raya 2 404)
Halte Mall Taman Palem 3,brt,Halte TransJakarta & Shelter,Kota Tangerang,-6.140104,106.729479,transjakarta_stations.csv,BRT-0222,False,2,
Halte Flyover Kampung Melayu,brt,Halte TransJakarta & Shelter,Jakarta Timur,-6.22506,106.86483,transjakarta_stations.csv,BRT-0223,False,2,
Halte Simpang Jln. Malibu Raya,brt,Halte TransJakarta & Shelter,Kota Tangerang,-6.13686,106.735798,transjakarta_stations.csv,BRT-0224,False,2,
Halte Sbr. Bona Plaza Indah,brt,Halte TransJakarta & Shelter,Jakarta Selatan,-6.30108,106.78042,transjakarta_stations.csv,BRT-0225,False,2,
Halte Akses Bawah Flyover Raya Bogor 3,brt,Halte TransJakarta & Shelter,Jakarta Timur,-6.305959,106.86511,transjakarta_stations.csv,BRT-0226,False,2,
Halte Akses Bawah Flyover Raya Bogor 2,brt,Halte TransJakarta & Shelter,Jakarta Timur,-6.306687,106.864709,transjakarta_stations.csv,BRT-0227,False,2,
Halte Depan Flyover Raya Bogor,brt,Halte TransJakarta & Shelter,Jakarta Timur,-6.30647,106.86609,transjakarta_stations.csv,BRT-0228,False,2,
Halte Mall Artha Gading,brt,Halte TransJakarta & Shelter,Jakarta Utara,-6.1451,106.891558,transjakarta_stations.csv,BRT-0229,False,2,
Halte Mall Cipinang Indah 1,brt,Halte TransJakarta & Shelter,Jakarta Timur,-6.239659,106.894713,transjakarta_stations.csv,BRT-0230,False,2,
Halte Mall Cijantung,brt,Halte TransJakarta & Shelter,Jakarta Timur,-6.312041,106.86245,transjakarta_stations.csv,BRT-0231,False,2,
Halte Simpang Tridharma Bango Raya,brt,Halte TransJakarta & Shelter,Jakarta Selatan,-6.303235,106.804553,transjakarta_stations.csv,BRT-0232,False,2,
Halte Mall Basura 2,brt,Halte TransJakarta & Shelter,Jakarta Timur,-6.225004,106.87763,transjakarta_stations.csv,BRT-0233,False,2,
Halte Mall Basura 1,brt,Halte TransJakarta & Shelter,Jakarta Timur,-6.225218,106.87856,transjakarta_stations.csv,BRT-0234,False,2,
Halte Simpang Adiaksa,brt,Halte TransJakarta & Shelter,Jakarta Selatan,-6.298081,106.774834,transjakarta_stations.csv,BRT-0235,False,2,
Halte Mall Bale Kota,brt,Halte TransJakarta & Shelter,Kota Tangerang,-6.181189,106.643806,transjakarta_stations.csv,BRT-0236,False,2,
Halte Simpang Kampung Kandang 2,brt,Halte TransJakarta & Shelter,Jakarta Selatan,-6.310675,106.812998,transjakarta_stations.csv,BRT-0237,False,2,
Halte Simpang Kramat II,brt,Halte TransJakarta & Shelter,Jakarta Selatan,-6.235583,106.78529,transjakarta_stations.csv,BRT-0238,False,2,
Halte Flyover Jatinegara,brt,Halte TransJakarta & Shelter,Jakarta Timur,-6.215265,106.873736,transjakarta_stations.csv,BRT-0239,False,2,
Halte Simpang Jln. Pegangsaan Dua,brt,Halte TransJakarta & Shelter,Jakarta Timur,-6.18223,106.9185,transjakarta_stations.csv,BRT-0240,False,2,
Halte Sbr. Mall Daan Mogot,brt,Halte TransJakarta & Shelter,Kota Tangerang,-6.151116,106.715032,transjakarta_stations.csv,BRT-0241,False,2,Hot-Swapped dari buffer BRT-BUF-015 (pengganti Halte Simpang Jln. Komarudin Lama 404)
Halte Simpang Danau Sunter Selatan,brt,Halte TransJakarta & Shelter,Jakarta Utara,-6.141767,106.887163,transjakarta_stations.csv,BRT-0242,False,2,
Halte Simpang Deplu Veteran Raya,brt,Halte TransJakarta & Shelter,Jakarta Selatan,-6.271822,106.76451,transjakarta_stations.csv,BRT-0243,False,2,
Halte Flyover Pramuka,brt,Halte TransJakarta & Shelter,Jakarta Pusat,-6.19891,106.8545,transjakarta_stations.csv,BRT-0244,False,2,
Halte Simpang Rawa Maja 2,brt,Halte TransJakarta & Shelter,Jakarta Selatan,-6.265724,106.799495,transjakarta_stations.csv,BRT-0245,False,2,
Halte Simpang Jln. RM Margono,brt,Halte TransJakarta & Shelter,Jakarta Pusat,-6.201884,106.81638,transjakarta_stations.csv,BRT-0246,False,2,
Halte Simpang Sumanggung 3,brt,Halte TransJakarta & Shelter,Jakarta Timur,-6.170966,106.90279,transjakarta_stations.csv,BRT-0247,False,2,
Halte Simpang Lebak Bulus Raya,brt,Halte TransJakarta & Shelter,Jakarta Selatan,-6.289281,106.771557,transjakarta_stations.csv,BRT-0248,False,2,
Halte GP Mall 1,brt,Halte TransJakarta & Shelter,Kota Bekasi,-6.259636,107.01988,transjakarta_stations.csv,BRT-0249,False,2,
Halte Simpang Tebet Barat Raya,brt,Halte TransJakarta & Shelter,Jakarta Timur,-6.23012,106.85121,transjakarta_stations.csv,BRT-0250,False,2,
Halte Simpang Tebet Raya Barat,brt,Halte TransJakarta & Shelter,Jakarta Timur,-6.23023,106.85145,transjakarta_stations.csv,BRT-0251,False,2,
Halte Plaza Festival,brt,Halte TransJakarta & Shelter,Jakarta Timur,-6.220212,106.833047,transjakarta_stations.csv,BRT-0252,False,2,
Halte Simpang Tebet Raya Utara,brt,Halte TransJakarta & Shelter,Jakarta Timur,-6.229717,106.85244,transjakarta_stations.csv,BRT-0253,False,2,
Halte Simpang Tebet Timur Raya,brt,Halte TransJakarta & Shelter,Jakarta Timur,-6.230297,106.8525,transjakarta_stations.csv,BRT-0254,False,2,
Halte Simpang Latumeten,brt,Halte TransJakarta & Shelter,Jakarta Barat,-6.162982,106.79024,transjakarta_stations.csv,BRT-0255,False,2,Hot-Swapped dari buffer BRT-BUF-017 (pengganti Halte Simpang Teratai Putih Nusa Indah 404)
Halte Simpang RP Soeroso,brt,Halte TransJakarta & Shelter,Jakarta Pusat,-6.191676,106.836118,transjakarta_stations.csv,BRT-0256,False,2,Hot-Swapped dari buffer BRT-BUF-018 (pengganti Halte Simpang Tiga 1 404)
Halte Arion Mall,brt,Halte TransJakarta & Shelter,Jakarta Timur,-6.194084,106.890462,transjakarta_stations.csv,BRT-0257,False,2,Hot-Swapped dari buffer BRT-BUF-019 (pengganti Halte Simpang Tiga 2 404)
Halte Flyover Jatinegara 1,brt,Halte TransJakarta & Shelter,Jakarta Timur,-6.215301,106.87356,transjakarta_stations.csv,BRT-0258,False,2,Hot-Swapped dari buffer BRT-BUF-020 (pengganti Halte Simpang Tiga Pulo Gebang Raya 404)
Halte Simpang Toko 3 Tambora,brt,Halte TransJakarta & Shelter,Jakarta Utara,-6.141611,106.81047,transjakarta_stations.csv,BRT-0259,False,2,
Halte Simpang Tomang Asli Buni,brt,Halte TransJakarta & Shelter,Jakarta Barat,-6.1779,106.80489,transjakarta_stations.csv,BRT-0260,False,2,
Halte Simpang Tebet Utara Dalam Raya,brt,Halte TransJakarta & Shelter,Jakarta Timur,-6.228727,106.85482,transjakarta_stations.csv,BRT-0261,False,2,
Halte Simpang Tomang Asli Kamboja,brt,Halte TransJakarta & Shelter,Jakarta Barat,-6.179197,106.80256,transjakarta_stations.csv,BRT-0262,False,2,
Halte Simpang Tomang Asli Nusa Indah,brt,Halte TransJakarta & Shelter,Jakarta Barat,-6.178936,106.80223,transjakarta_stations.csv,BRT-0263,False,2,
Halte Simpang Tomang Tinggi Tawakal VI,brt,Halte TransJakarta & Shelter,Jakarta Barat,-6.170244,106.79674,transjakarta_stations.csv,BRT-0264,False,2,
Halte Simpang Tubagus Angke,brt,Halte TransJakarta & Shelter,Jakarta Utara,-6.144122,106.78319,transjakarta_stations.csv,BRT-0265,False,2,
Halte Mall Beach City,brt,Halte TransJakarta & Shelter,Jakarta Utara,-6.117376,106.858241,transjakarta_stations.csv,BRT-0266,False,2,
Halte Simpang Tb Simatupang Tunda Bara,brt,Halte TransJakarta & Shelter,Jakarta Selatan,-6.292999,106.7987,transjakarta_stations.csv,BRT-0267,False,2,
Halte Simpang Tawakal VI Tomang Tinggi,brt,Halte TransJakarta & Shelter,Jakarta Barat,-6.169966,106.79674,transjakarta_stations.csv,BRT-0268,False,2,
Halte Simpang Tanjakan AURI,brt,Halte TransJakarta & Shelter,Jakarta Timur,-6.185306,106.95831,transjakarta_stations.csv,BRT-0269,False,2,
Halte Simpang Sunter Indah Raya,brt,Halte TransJakarta & Shelter,Jakarta Utara,-6.153695,106.87931,transjakarta_stations.csv,BRT-0270,False,2,
Halte Simpang Sunter Jaya V,brt,Halte TransJakarta & Shelter,Jakarta Utara,-6.158799,106.87009,transjakarta_stations.csv,BRT-0271,False,2,
Halte Simpang Sunter Kemayoran Jaya,brt,Halte TransJakarta & Shelter,Jakarta Utara,-6.153945,106.86067,transjakarta_stations.csv,BRT-0272,False,2,
Halte 18 Office Park,brt,Halte TransJakarta & Shelter,Jakarta Timur,-6.299472,106.832399,transjakarta_stations.csv:dynamic,BRT-0273,False,2,Hot-Swapped dari buffer BRT-DYN-001 (pengganti Halte Simpang Taman Malaka Barat Utara 404)
Halte Simpang Tanah Abang II Cideng,brt,Halte TransJakarta & Shelter,Jakarta Pusat,-6.175292,106.81209,transjakarta_stations.csv,BRT-0274,False,2,
Halte Simpang Tanah Tinggi Timur,brt,Halte TransJakarta & Shelter,Jakarta Pusat,-6.174437,106.85231,transjakarta_stations.csv,BRT-0275,False,2,
Halte Simpang Tj. Duren Barat 1,brt,Halte TransJakarta & Shelter,Jakarta Barat,-6.169914,106.7752,transjakarta_stations.csv,BRT-0276,False,2,
Halte Simpang Tawakal Raya VI,brt,Halte TransJakarta & Shelter,Jakarta Barat,-6.169204,106.795,transjakarta_stations.csv,BRT-0277,False,2,
Halte Simpang Dharmawangsa Raya,brt,Halte TransJakarta & Shelter,Jakarta Selatan,-6.248443,106.806309,transjakarta_stations.csv,BRT-0278,False,2,
Halte Simpang Tj. Duren Barat 2,brt,Halte TransJakarta & Shelter,Jakarta Barat,-6.170356,106.77528,transjakarta_stations.csv,BRT-0279,False,2,
Halte Simpang Tj. Duren Barat 3,brt,Halte TransJakarta & Shelter,Jakarta Barat,-6.16966,106.77489,transjakarta_stations.csv,BRT-0280,False,2,
Halte Simpang Tj. Duren Barat 6,brt,Halte TransJakarta & Shelter,Jakarta Barat,-6.18221,106.78338,transjakarta_stations.csv,BRT-0281,False,2,
Halte Simpang Tj. Duren Timur 5,brt,Halte TransJakarta & Shelter,Jakarta Barat,-6.180482,106.78375,transjakarta_stations.csv,BRT-0282,False,2,
Halte Simpang Kemang Selatan 2,brt,Halte TransJakarta & Shelter,Jakarta Selatan,-6.274106,106.82045,transjakarta_stations.csv,BRT-0283,False,2,
Halte Simpang Tarakan Cideng Barat,brt,Halte TransJakarta & Shelter,Jakarta Pusat,-6.170569,106.81074,transjakarta_stations.csv,BRT-0284,False,2,
Halte Simpang Tawakal Kyai Tapa,brt,Halte TransJakarta & Shelter,Jakarta Barat,-6.166588,106.79544,transjakarta_stations.csv,BRT-0285,False,2,
Halte Simpang Utama Sakti,brt,Halte TransJakarta & Shelter,Jakarta Utara,-6.151962,106.78157,transjakarta_stations.csv,BRT-0286,False,2,
Halte Simpang Warakas Gg 13,brt,Halte TransJakarta & Shelter,Jakarta Utara,-6.123272,106.87627,transjakarta_stations.csv,BRT-0287,False,2,
Halte Simpang Pramuka,brt,Halte TransJakarta & Shelter,Jakarta Timur,-6.192192,106.87401,transjakarta_stations.csv,BRT-0288,False,2,
Halte Simpang Warakas III,brt,Halte TransJakarta & Shelter,Jakarta Utara,-6.118043,106.88086,transjakarta_stations.csv,BRT-0289,False,2,
Halte Simpang Jln. BRI Radio Dalam 1,brt,Halte TransJakarta & Shelter,Jakarta Selatan,-6.257276,106.790678,transjakarta_stations.csv,BRT-0290,False,2,
Halte Simpang Jln. Pakubuwono VI,brt,Halte TransJakarta & Shelter,Jakarta Selatan,-6.23314,106.797099,transjakarta_stations.csv,BRT-0291,False,2,
Halte Simpang Kemanggisan Ilir Raya,brt,Halte TransJakarta & Shelter,Jakarta Barat,-6.193066,106.784647,transjakarta_stations.csv,BRT-0292,False,2,
Halte Simpang Tebet Utara Dalam Raya 1,brt,Halte TransJakarta & Shelter,Jakarta Timur,-6.228738,106.85462,transjakarta_stations.csv,BRT-0293,False,2,
Halte Acacia Residence,brt,Halte TransJakarta & Shelter,Jakarta Selatan,-6.263358,106.75675,transjakarta_stations.csv:dynamic,BRT-0294,False,2,Hot-Swapped dari buffer BRT-DYN-002 (pengganti Halte Flyover Pondok Kopi 404)
Halte Simpang Tenggiri Tongkol Raya,brt,Halte TransJakarta & Shelter,Jakarta Utara,-6.112055,106.882804,transjakarta_stations.csv,BRT-0295,False,2,
Halte Simpang Tenggiri Muka,brt,Halte TransJakarta & Shelter,Jakarta Utara,-6.111317,106.882803,transjakarta_stations.csv,BRT-0296,False,2,
Halte Simpang Jln. Surya Timur,brt,Halte TransJakarta & Shelter,Jakarta Barat,-6.167913,106.76286,transjakarta_stations.csv,BRT-0297,False,2,
Halte Stasiun Klender,brt,Halte TransJakarta & Shelter,Jakarta Timur,-6.213532,106.89866,transjakarta_stations.csv,BRT-0298,False,2,
Halte Plaza St. Manggarai,brt,Halte TransJakarta & Shelter,Jakarta Pusat,-6.210225,106.85099,transjakarta_stations.csv,BRT-0299,False,2,
Halte Simpang Jln. Bungur II,brt,Halte TransJakarta & Shelter,Jakarta Selatan,-6.248612,106.7844,transjakarta_stations.csv,BRT-0300,False,2,
Halte Stasiun Jatinegara,brt,Halte TransJakarta & Shelter,Jakarta Timur,-6.215601,106.86805,transjakarta_stations.csv,BRT-0301,False,2,
Halte Simpang Kuningan,brt,Halte TransJakarta & Shelter,Jakarta Selatan,-6.237005,106.8283,transjakarta_stations.csv,BRT-0302,False,2,
Halte Simpang Jln. BRI Radio Dalam 2,brt,Halte TransJakarta & Shelter,Jakarta Selatan,-6.257118,106.790375,transjakarta_stations.csv,BRT-0303,False,2,
Halte Flyover Jatibaru,brt,Halte TransJakarta & Shelter,Jakarta Pusat,-6.184188,106.811752,transjakarta_stations.csv,BRT-0304,False,2,
Halte Simpang Kapuk Cengkareng,brt,Halte TransJakarta & Shelter,Kota Tangerang,-6.133709,106.730451,transjakarta_stations.csv,BRT-0305,False,2,
Halte Pondok Indah Plaza,brt,Halte TransJakarta & Shelter,Jakarta Selatan,-6.284041,106.780333,transjakarta_stations.csv,BRT-0306,False,2,
Halte Simpang Kemang 1A,brt,Halte TransJakarta & Shelter,Jakarta Selatan,-6.256692,106.812992,transjakarta_stations.csv,BRT-0307,False,2,
Halte Mall Daan Mogot Baru,brt,Halte TransJakarta & Shelter,Kota Tangerang,-6.151325,106.715222,transjakarta_stations.csv,BRT-0308,False,2,
Halte Simpang Cempaka,brt,Halte TransJakarta & Shelter,Jakarta Timur,-6.165888,106.8792,transjakarta_stations.csv,BRT-0309,False,2,
Halte Simpang Sabar Raya Petukangan 2,brt,Halte TransJakarta & Shelter,Jakarta Selatan,-6.236966,106.7526,transjakarta_stations.csv,BRT-0310,False,2,
Halte Sbr. Mall Artha Gading 2,brt,Halte TransJakarta & Shelter,Jakarta Utara,-6.144171,106.891805,transjakarta_stations.csv,BRT-0311,False,2,
Halte Sbr. Mall Artha Gading,brt,Halte TransJakarta & Shelter,Jakarta Utara,-6.144451,106.893486,transjakarta_stations.csv,BRT-0312,False,2,
Halte Simpang Waru Cemara,brt,Halte TransJakarta & Shelter,Jakarta Utara,-6.11862,106.91531,transjakarta_stations.csv,BRT-0313,False,2,
Halte Simpang Waru Gedong,brt,Halte TransJakarta & Shelter,Jakarta Timur,-6.29329,106.85793,transjakarta_stations.csv,BRT-0314,False,2,
Halte Simpang Waru Kramat Jaya,brt,Halte TransJakarta & Shelter,Jakarta Utara,-6.118678,106.91659,transjakarta_stations.csv,BRT-0315,False,2,
Halte Simpang Waru Tengah,brt,Halte TransJakarta & Shelter,Jakarta Timur,-6.293301,106.85862,transjakarta_stations.csv,BRT-0316,False,2,
Halte Simpang Warung Sila Rindang,brt,Halte TransJakarta & Shelter,Kota Depok,-6.345472,106.81167,transjakarta_stations.csv,BRT-0317,False,2,
Halte Simpang Z Sukabumi Selatan 1,brt,Halte TransJakarta & Shelter,Jakarta Barat,-6.218681,106.77024,transjakarta_stations.csv,BRT-0318,False,2,
Halte Sbr. Pondok Indah Plaza,brt,Halte TransJakarta & Shelter,Jakarta Selatan,-6.284056,106.780121,transjakarta_stations.csv,BRT-0319,False,2,
Halte ABA,brt,Halte TransJakarta & Shelter,Jakarta Pusat,-6.194149,106.83939,transjakarta_stations.csv:dynamic,BRT-0320,False,3,Hot-Swapped dari buffer BRT-DYN-001 (pengganti Halte Flyover Cakung Barat 404)
Halte Lippo Mall Puri,brt,Halte TransJakarta & Shelter,Kota Tangerang,-6.18683,106.739575,transjakarta_stations.csv,BRT-0321,False,3,
Halte Plaza Senayan 1,brt,Halte TransJakarta & Shelter,Jakarta Selatan,-6.22478,106.797975,transjakarta_stations.csv,BRT-0322,False,3,
Halte Simpang Tebet Raya Barat 1,brt,Halte TransJakarta & Shelter,Jakarta Timur,-6.229448,106.84879,transjakarta_stations.csv,BRT-0323,False,3,
Halte ACE Hardware,brt,Halte TransJakarta & Shelter,Kota Depok,-6.387532,106.82738,transjakarta_stations.csv:dynamic,BRT-0324,False,3,Hot-Swapped dari buffer BRT-DYN-002 (pengganti Halte Simpang Jln. 26 Selatan 404)
Halte Simpang Mandala Maphalindo,brt,Halte TransJakarta & Shelter,Jakarta Timur,-6.249189,106.89108,transjakarta_stations.csv,BRT-0325,False,3,
Halte Simpang Meruya Ilir Selatan,brt,Halte TransJakarta & Shelter,Kota Tangerang,-6.198844,106.74191,transjakarta_stations.csv,BRT-0326,False,3,
Halte Simpang Malaka Raya Cilangkap,brt,Halte TransJakarta & Shelter,Kota Depok,-6.337223,106.89782,transjakarta_stations.csv,BRT-0327,False,3,
Halte Simpang Cibubur III/I,brt,Halte TransJakarta & Shelter,Kota Depok,-6.344359,106.87407,transjakarta_stations.csv,BRT-0328,False,3,
Halte Simpang Cemara Waru,brt,Halte TransJakarta & Shelter,Jakarta Utara,-6.11838,106.91521,transjakarta_stations.csv,BRT-0329,False,3,
Halte Simpang Cempaka IV Raya 2,brt,Halte TransJakarta & Shelter,Jakarta Timur,-6.1773,106.86047,transjakarta_stations.csv,BRT-0330,False,3,
Halte Bona Indah Plaza,brt,Halte TransJakarta & Shelter,Jakarta Selatan,-6.301283,106.78084,transjakarta_stations.csv,BRT-0331,False,3,
Halte Simpang Cempaka Putih Ahmad Yani,brt,Halte TransJakarta & Shelter,Jakarta Timur,-6.176898,106.87556,transjakarta_stations.csv,BRT-0332,False,3,
Halte Simpang Cempaka Putih Barat XXVI,brt,Halte TransJakarta & Shelter,Jakarta Timur,-6.176241,106.86392,transjakarta_stations.csv,BRT-0333,False,3,
Halte Simpang Cempaka Putih Tengah XIII,brt,Halte TransJakarta & Shelter,Jakarta Timur,-6.176319,106.87085,transjakarta_stations.csv,BRT-0334,False,3,
Halte Simpang Cendrawasih Hybrida Terusan,brt,Halte TransJakarta & Shelter,Jakarta Utara,-6.150051,106.923293,transjakarta_stations.csv,BRT-0335,False,3,
Halte Simpang Bina Marga Raya Ceger,brt,Halte TransJakarta & Shelter,Jakarta Timur,-6.314652,106.89243,transjakarta_stations.csv,BRT-0336,False,3,
Halte Simpang Cilandak Tengah Raya 1,brt,Halte TransJakarta & Shelter,Jakarta Selatan,-6.291253,106.80188,transjakarta_stations.csv,BRT-0337,False,3,
Halte Simpang Cilandak Tengah Raya 2,brt,Halte TransJakarta & Shelter,Jakarta Selatan,-6.291453,106.80187,transjakarta_stations.csv,BRT-0338,False,3,
Halte Simpang Cilangkap Bina Marga,brt,Halte TransJakarta & Shelter,Kota Depok,-6.331786,106.888124,transjakarta_stations.csv,BRT-0339,False,3,
Halte Simpang Ciledug H. Mukhtar Raya,brt,Halte TransJakarta & Shelter,Kota Tangerang,-6.236037,106.7441,transjakarta_stations.csv,BRT-0340,False,3,
Halte Simpang Cipete Raya Dalam,brt,Halte TransJakarta & Shelter,Jakarta Selatan,-6.277545,106.80067,transjakarta_stations.csv,BRT-0341,False,3,
Halte Simpang Cipeucang Cikeujang,brt,Halte TransJakarta & Shelter,Jakarta Utara,-6.112302,106.89953,transjakarta_stations.csv,BRT-0342,False,3,
Halte Simpang Cipinang Indah I,brt,Halte TransJakarta & Shelter,Jakarta Timur,-6.232488,106.89124,transjakarta_stations.csv,BRT-0343,False,3,
Halte Simpang Cipinang Indah II,brt,Halte TransJakarta & Shelter,Jakarta Timur,-6.232796,106.89096,transjakarta_stations.csv,BRT-0344,False,3,
Halte Simpang Cemara Labu,brt,Halte TransJakarta & Shelter,Jakarta Utara,-6.116039,106.91522,transjakarta_stations.csv,BRT-0345,False,3,
Halte Simpang Camar 2,brt,Halte TransJakarta & Shelter,Jakarta Utara,-6.113256,106.9193,transjakarta_stations.csv,BRT-0346,False,3,
Halte Simpang Camar 1,brt,Halte TransJakarta & Shelter,Jakarta Utara,-6.113327,106.91975,transjakarta_stations.csv,BRT-0347,False,3,
Halte Simpang Buni Tomang Asli,brt,Halte TransJakarta & Shelter,Jakarta Barat,-6.177988,106.80471,transjakarta_stations.csv,BRT-0348,False,3,
Halte Simpang Jembatan Dua,brt,Halte TransJakarta & Shelter,Jakarta Utara,-6.138236,106.793296,transjakarta_stations.csv,BRT-0349,False,3,
Halte Simpang Blok E,brt,Halte TransJakarta & Shelter,Jakarta Pusat,-6.184488,106.81525,transjakarta_stations.csv,BRT-0350,False,3,
Halte Simpang Bojong Raya Kembangan Utara,brt,Halte TransJakarta & Shelter,Kota Tangerang,-6.17092,106.7333,transjakarta_stations.csv,BRT-0351,False,3,
Halte Simpang Bojong Raya Rawa Buaya,brt,Halte TransJakarta & Shelter,Kota Tangerang,-6.159489,106.72975,transjakarta_stations.csv,BRT-0352,False,3,
Halte Simpang Budaya Batu Ampar 1,brt,Halte TransJakarta & Shelter,Jakarta Timur,-6.273166,106.86047,transjakarta_stations.csv,BRT-0353,False,3,
Halte Simpang Budaya Batu Ampar 2,brt,Halte TransJakarta & Shelter,Jakarta Timur,-6.272658,106.86094,transjakarta_stations.csv,BRT-0354,False,3,
Halte Simpang Budi Sakti Raya,brt,Halte TransJakarta & Shelter,Jakarta Barat,-6.188377,106.78328,transjakarta_stations.csv,BRT-0355,False,3,
Halte Simpang Bukit Duri Selatan,brt,Halte TransJakarta & Shelter,Jakarta Timur,-6.221135,106.85519,transjakarta_stations.csv,BRT-0356,False,3,
Halte Simpang Bukit Duri Selatan 1,brt,Halte TransJakarta & Shelter,Jakarta Pusat,-6.218901,106.85316,transjakarta_stations.csv,BRT-0357,False,3,
Halte Simpang Bukit Duri Selatan 2,brt,Halte TransJakarta & Shelter,Jakarta Pusat,-6.218776,106.85297,transjakarta_stations.csv,BRT-0358,False,3,
Halte Simpang Bundaran Ikan Harapan Indah 3,brt,Halte TransJakarta & Shelter,Kota Bekasi,-6.180471,106.98134,transjakarta_stations.csv,BRT-0359,False,3,
Halte Simpang Bundaran Ikan Harapan Indah Raya 1,brt,Halte TransJakarta & Shelter,Kota Bekasi,-6.181458,106.98134,transjakarta_stations.csv,BRT-0360,False,3,
Halte Simpang Bunga Flamboyan Asem II,brt,Halte TransJakarta & Shelter,Jakarta Selatan,-6.272213,106.80309,transjakarta_stations.csv,BRT-0361,False,3,
Halte Simpang Bunga Flamboyan Melati,brt,Halte TransJakarta & Shelter,Jakarta Selatan,-6.269686,106.80352,transjakarta_stations.csv,BRT-0362,False,3,
Halte Simpang Bunga Melati Flamboyan,brt,Halte TransJakarta & Shelter,Jakarta Selatan,-6.269955,106.80329,transjakarta_stations.csv,BRT-0363,False,3,
Halte Simpang Bungur Mahakam,brt,Halte TransJakarta & Shelter,Jakarta Timur,-6.31873,106.88377,transjakarta_stations.csv,BRT-0364,False,3,
Halte Simpang Mahoni Cempaka,brt,Halte TransJakarta & Shelter,Jakarta Utara,-6.115972,106.91335,transjakarta_stations.csv,BRT-0365,False,3,
Halte Simpang Cipinang Kebembem 1,brt,Halte TransJakarta & Shelter,Jakarta Timur,-6.207671,106.88522,transjakarta_stations.csv,BRT-0366,False,3,
Halte Adam Malik 1,brt,Halte TransJakarta & Shelter,Kota Tangerang,-6.236396,106.74776,transjakarta_stations.csv:dynamic,BRT-0367,False,3,Hot-Swapped dari buffer BRT-DYN-003 (pengganti Halte Simpang Rw. Panjang Ahmad Yani 404)
Halte Simpang Dharmawangsa VIII,brt,Halte TransJakarta & Shelter,Jakarta Selatan,-6.253614,106.80792,transjakarta_stations.csv,BRT-0368,False,3,
Halte Ahmad Yani Pisangan Baru,brt,Halte TransJakarta & Shelter,Jakarta Timur,-6.211477,106.87374,transjakarta_stations.csv:dynamic,BRT-0369,False,3,Hot-Swapped dari buffer BRT-DYN-004 (pengganti Halte Simpang Pekayon Ahmad Yani 404)
Halte Simpang Dinkes,brt,Halte TransJakarta & Shelter,Jakarta Pusat,-6.170376,106.81543,transjakarta_stations.csv,BRT-0370,False,3,
Halte Simpang Dukuh Kramat Jaya,brt,Halte TransJakarta & Shelter,Jakarta Utara,-6.112443,106.9171,transjakarta_stations.csv,BRT-0371,False,3,
Halte Simpang Empat Pelita 2,brt,Halte TransJakarta & Shelter,Jakarta Utara,-6.126386,106.88368,transjakarta_stations.csv,BRT-0372,False,3,
Halte Simpang Fatmawati,brt,Halte TransJakarta & Shelter,Jakarta Selatan,-6.291232,106.79533,transjakarta_stations.csv,BRT-0373,False,3,
Halte Simpang Gading Mas Biru Laut,brt,Halte TransJakarta & Shelter,Jakarta Timur,-6.166526,106.90893,transjakarta_stations.csv,BRT-0374,False,3,
Halte Simpang Gading Raya,brt,Halte TransJakarta & Shelter,Jakarta Timur,-6.239038,106.90515,transjakarta_stations.csv,BRT-0375,False,3,
Halte Simpang Gaharu MPR Raya,brt,Halte TransJakarta & Shelter,Jakarta Selatan,-6.28008,106.80245,transjakarta_stations.csv,BRT-0376,False,3,
Halte Simpang Gandaria Kyai Maja,brt,Halte TransJakarta & Shelter,Jakarta Selatan,-6.24186,106.79,transjakarta_stations.csv,BRT-0377,False,3,
Halte Sbr. Simpang Hadiah,brt,Halte TransJakarta & Shelter,Jakarta Barat,-6.161643,106.78415,transjakarta_stations.csv,BRT-0378,False,3,
Halte Simpang Gg. Macan Daan Mogot,brt,Halte TransJakarta & Shelter,Jakarta Barat,-6.162659,106.77298,transjakarta_stations.csv,BRT-0379,False,3,
Halte Simpang Garden City 2,brt,Halte TransJakarta & Shelter,Kota Bekasi,-6.171597,106.96277,transjakarta_stations.csv,BRT-0380,False,3,
Halte Simpang Gelong Baru Tengah Mandala,brt,Halte TransJakarta & Shelter,Jakarta Barat,-6.174682,106.79525,transjakarta_stations.csv,BRT-0381,False,3,
Halte Simpang Gelong Baru Tengah Utara,brt,Halte TransJakarta & Shelter,Jakarta Barat,-6.174399,106.79489,transjakarta_stations.csv,BRT-0382,False,3,
Halte Simpang Gongseng Raya H. Hasan,brt,Halte TransJakarta & Shelter,Kota Depok,-6.325016,106.85048,transjakarta_stations.csv,BRT-0383,False,3,
Halte Simpang Gongseng Raya Pondok Baru,brt,Halte TransJakarta & Shelter,Kota Depok,-6.326483,106.85919,transjakarta_stations.csv,BRT-0384,False,3,
Halte Akademi Farmasi Mahadhika,brt,Halte TransJakarta & Shelter,Jakarta Timur,-6.312819,106.8693,transjakarta_stations.csv:dynamic,BRT-0385,False,3,Hot-Swapped dari buffer BRT-DYN-005 (pengganti Halte Sbr. Simpang Pekayon Ahmad Yani 404)
Halte Simpang Dewi Sartika Condet,brt,Halte TransJakarta & Shelter,Jakarta Timur,-6.26274,106.86451,transjakarta_stations.csv,BRT-0386,False,3,
Halte Simpang Cipinang Lontar Mulya Jaya,brt,Halte TransJakarta & Shelter,Jakarta Timur,-6.217102,106.89005,transjakarta_stations.csv,BRT-0387,False,3,
Halte Simpang Dewa Kembar,brt,Halte TransJakarta & Shelter,Jakarta Utara,-6.110108,106.92617,transjakarta_stations.csv,BRT-0388,False,3,
Halte BSD Plaza 1,brt,Halte TransJakarta & Shelter,Kota Tangerang Selatan,-6.278263,106.66103,transjakarta_stations.csv,BRT-0389,False,3,
Halte BSD Plaza 2,brt,Halte TransJakarta & Shelter,Kota Tangerang Selatan,-6.280847,106.66305,transjakarta_stations.csv,BRT-0390,False,3,
Halte Simpang Cipinang Nusa Indah,brt,Halte TransJakarta & Shelter,Jakarta Timur,-6.233614,106.88985,transjakarta_stations.csv,BRT-0391,False,3,
Halte Simpang Condet Baru 1,brt,Halte TransJakarta & Shelter,Jakarta Timur,-6.284739,106.8582,transjakarta_stations.csv,BRT-0392,False,3,
Halte Living Plaza Cikarang,brt,Halte TransJakarta & Shelter,Kab. Bekasi,-6.298812,107.148946,transjakarta_stations.csv,BRT-0393,False,3,
Halte Simpang Condet Baru 2,brt,Halte TransJakarta & Shelter,Jakarta Timur,-6.284556,106.8582,transjakarta_stations.csv,BRT-0394,False,3,
Halte Simpang Daan Mogot Gg. Macan,brt,Halte TransJakarta & Shelter,Jakarta Barat,-6.163143,106.77313,transjakarta_stations.csv,BRT-0395,False,3,
Halte Akper Fatmawati Pondok Labu,brt,Halte TransJakarta & Shelter,Jakarta Selatan,-6.313187,106.79931,transjakarta_stations.csv:dynamic,BRT-0396,False,3,Hot-Swapped dari buffer BRT-DYN-006 (pengganti Halte Buaran Plaza 404)
Halte Simpang Danau Indah Barat,brt,Halte TransJakarta & Shelter,Jakarta Utara,-6.153342,106.87962,transjakarta_stations.csv,BRT-0397,False,3,
Halte Simpang Danau Indah Raya,brt,Halte TransJakarta & Shelter,Jakarta Utara,-6.15041,106.87981,transjakarta_stations.csv,BRT-0398,False,3,
Halte Simpang Danau Permai Raya,brt,Halte TransJakarta & Shelter,Jakarta Utara,-6.150208,106.87982,transjakarta_stations.csv,BRT-0399,False,3,
Halte Simpang Danau Sunter Barat Utara,brt,Halte TransJakarta & Shelter,Jakarta Utara,-6.140807,106.85704,transjakarta_stations.csv,BRT-0400,False,3,
Stasiun Ancol,krl,Stasiun KRL Commuter Line,Jakarta Utara,-6.128115,106.845137,krl_stations.csv,KRL-0001,False,1,
Stasiun Angke,krl,Stasiun KRL Commuter Line,Jakarta Utara,-6.144737,106.800779,krl_stations.csv,KRL-0002,False,1,
Stasiun Bojong Indah,krl,Stasiun KRL Commuter Line,Kota Tangerang,-6.160125,106.73638,krl_stations.csv,KRL-0003,False,1,
Stasiun KRL Dukuh Atas Bank Syariah Indonesia,krl,Stasiun KRL Commuter Line,Jakarta Pusat,-6.204828,106.82553,stations_jakarta.gpkg:8174072570,KRL-0004,False,1,Hot-Swapped dari buffer KRL-BUF-001 (pengganti Stasiun Buaran 404)
Stasiun KRL Ciliwung,krl,Stasiun KRL Commuter Line,Jakarta Timur,-6.243446,106.86397,stations_jakarta.gpkg:8487603262,KRL-0005,False,1,Hot-Swapped dari buffer KRL-BUF-002 (pengganti Stasiun Cakung 404)
Stasiun Cawang,krl,Stasiun KRL Commuter Line,Jakarta Timur,-6.242552,106.85869,krl_stations.csv,KRL-0006,False,1,
Stasiun Cikini,krl,Stasiun KRL Commuter Line,Jakarta Pusat,-6.198505,106.84128,krl_stations.csv,KRL-0007,False,1,
Stasiun Duren Kalibata,krl,Stasiun KRL Commuter Line,Jakarta Timur,-6.255201,106.855167,krl_stations.csv,KRL-0008,False,1,
Stasiun Duri,krl,Stasiun KRL Commuter Line,Jakarta Utara,-6.155281,106.801325,krl_stations.csv,KRL-0009,False,1,
Stasiun Gambir,krl,Stasiun KRL Commuter Line,Jakarta Pusat,-6.176655,106.830647,krl_stations.csv,KRL-0010,False,1,
Stasiun Gang Sentiong,krl,Stasiun KRL Commuter Line,Jakarta Pusat,-6.186153,106.850871,krl_stations.csv,KRL-0011,False,1,
Stasiun Gondangdia,krl,Stasiun KRL Commuter Line,Jakarta Pusat,-6.185911,106.832566,krl_stations.csv,KRL-0012,False,1,
Stasiun Grogol,krl,Stasiun KRL Commuter Line,Jakarta Barat,-6.162035,106.78961,krl_stations.csv,KRL-0013,False,1,
Stasiun Jakarta Gudang,krl,Stasiun KRL Commuter Line,Jakarta Utara,-6.133327,106.819373,krl_stations.csv,KRL-0014,False,1,
Stasiun Jakarta International Stadium,krl,Stasiun KRL Commuter Line,Jakarta Utara,-6.122963,106.860816,krl_stations.csv,KRL-0015,False,1,
Stasiun Jakarta Kota,krl,Stasiun KRL Commuter Line,Jakarta Utara,-6.137362,106.815217,krl_stations.csv,KRL-0016,False,1,
Stasiun Jatinegara,krl,Stasiun KRL Commuter Line,Jakarta Timur,-6.214925,106.870339,krl_stations.csv,KRL-0017,False,1,
Stasiun Jayakarta,krl,Stasiun KRL Commuter Line,Jakarta Utara,-6.1413,106.823132,krl_stations.csv,KRL-0018,False,1,
Stasiun Juanda,krl,Stasiun KRL Commuter Line,Jakarta Pusat,-6.166675,106.830461,krl_stations.csv,KRL-0019,False,1,
Stasiun Kalideres,krl,Stasiun KRL Commuter Line,Kota Tangerang,-6.165966,106.703728,krl_stations.csv,KRL-0020,False,1,
Stasiun Karet,krl,Stasiun KRL Commuter Line,Jakarta Pusat,-6.200872,106.816002,krl_stations.csv,KRL-0021,False,1,
Stasiun Kebayoran,krl,Stasiun KRL Commuter Line,Jakarta Selatan,-6.23723,106.782534,krl_stations.csv,KRL-0022,False,1,
Stasiun Kemayoran,krl,Stasiun KRL Commuter Line,Jakarta Pusat,-6.161703,106.841401,krl_stations.csv,KRL-0023,False,1,
Stasiun Klender,krl,Stasiun KRL Commuter Line,Jakarta Timur,-6.213319,106.899413,krl_stations.csv,KRL-0024,False,1,
Stasiun KRL Kampung Bandan,krl,Stasiun KRL Commuter Line,Jakarta Utara,-6.133327,106.819373,krl_stations.csv:replacement,KRL-0025,False,1,Hot-Swapped pengganti Stasiun Klender Baru (404 / zombie cache)
Stasiun Kramat,krl,Stasiun KRL Commuter Line,Jakarta Pusat,-6.19362,106.856512,krl_stations.csv,KRL-0026,False,1,
Stasiun Lenteng Agung,krl,Stasiun KRL Commuter Line,Kota Depok,-6.330308,106.834679,krl_stations.csv,KRL-0027,False,1,
Stasiun Mangga Besar,krl,Stasiun KRL Commuter Line,Jakarta Utara,-6.149804,106.826983,krl_stations.csv,KRL-0028,False,1,
Stasiun Manggarai,krl,Stasiun KRL Commuter Line,Jakarta Pusat,-6.21017,106.849935,krl_stations.csv,KRL-0029,False,1,
Stasiun Matraman,krl,Stasiun KRL Commuter Line,Jakarta Pusat,-6.212567,106.859753,krl_stations.csv,KRL-0030,False,1,
Stasiun Palmerah,krl,Stasiun KRL Commuter Line,Jakarta Barat,-6.20792,106.797232,krl_stations.csv,KRL-0031,False,1,
Stasiun Pasar Minggu,krl,Stasiun KRL Commuter Line,Jakarta Timur,-6.283332,106.844856,krl_stations.csv,KRL-0032,False,1,
Stasiun Pasar Minggu Baru,krl,Stasiun KRL Commuter Line,Jakarta Timur,-6.262759,106.851882,krl_stations.csv,KRL-0033,False,1,
Stasiun Pasar Senen,krl,Stasiun KRL Commuter Line,Jakarta Pusat,-6.174423,106.844574,krl_stations.csv,KRL-0034,False,1,
Stasiun Pasoso,krl,Stasiun KRL Commuter Line,Jakarta Utara,-6.109419,106.885443,krl_stations.csv,KRL-0035,False,1,
Stasiun Pesing,krl,Stasiun KRL Commuter Line,Jakarta Barat,-6.161252,106.771908,krl_stations.csv,KRL-0036,False,1,
Stasiun Pondok Jati,krl,Stasiun KRL Commuter Line,Jakarta Timur,-6.209124,106.862342,krl_stations.csv,KRL-0037,False,1,
Stasiun Rajawali,krl,Stasiun KRL Commuter Line,Jakarta Utara,-6.1451,106.836832,krl_stations.csv,KRL-0038,False,1,
Stasiun Rawa Buaya,krl,Stasiun KRL Commuter Line,Kota Tangerang,-6.162744,106.722754,krl_stations.csv,KRL-0039,False,1,
Stasiun Sawah Besar,krl,Stasiun KRL Commuter Line,Jakarta Pusat,-6.160667,106.827655,krl_stations.csv,KRL-0040,False,1,
Stasiun Sudirman,krl,Stasiun KRL Commuter Line,Jakarta Pusat,-6.202516,106.823639,krl_stations.csv,KRL-0041,False,1,
Stasiun Sungai Lagoa,krl,Stasiun KRL Commuter Line,Jakarta Utara,-6.111888,106.877825,krl_stations.csv,KRL-0042,False,1,
Stasiun Taman Kota,krl,Stasiun KRL Commuter Line,Jakarta Utara,-6.158627,106.756573,krl_stations.csv,KRL-0043,False,1,
Stasiun Tanah Abang,krl,Stasiun KRL Commuter Line,Jakarta Pusat,-6.185713,106.810894,krl_stations.csv,KRL-0044,False,1,
Stasiun Tanjung Barat,krl,Stasiun KRL Commuter Line,Jakarta Timur,-6.308041,106.838949,krl_stations.csv,KRL-0045,False,1,
Stasiun Tanjung Priok,krl,Stasiun KRL Commuter Line,Jakarta Utara,-6.111115,106.881531,krl_stations.csv,KRL-0046,False,1,
Stasiun Tebet,krl,Stasiun KRL Commuter Line,Jakarta Timur,-6.226398,106.858439,krl_stations.csv,KRL-0047,False,1,
Stasiun Universitas Pancasila,krl,Stasiun KRL Commuter Line,Kota Depok,-6.339345,106.834263,krl_stations.csv,KRL-0048,False,1,
Stasiun KRL ASEAN Headquarters,krl,Stasiun KRL Commuter Line,Jakarta Selatan,-6.238774,106.798446,stations_jakarta.gpkg:4695686975,KRL-0049,False,1,
Stasiun KRL Karet,krl,Stasiun KRL Commuter Line,Jakarta Pusat,-6.200954,106.81677,stations_jakarta.gpkg:4849205568,KRL-0050,False,1,
Stasiun KRL Taman Mini,krl,Stasiun KRL Commuter Line,Jakarta Timur,-6.292909,106.880558,stations_jakarta.gpkg:4907843137,KRL-0051,False,1,
Stasiun KRL BNI City,krl,Stasiun KRL Commuter Line,Jakarta Pusat,-6.201594,106.819717,stations_jakarta.gpkg:4908440160,KRL-0052,False,1,
Stasiun KRL Kampung Bandan,krl,Stasiun KRL Commuter Line,Jakarta Utara,-6.132702,106.828487,stations_jakarta.gpkg:5579655834,KRL-0053,False,1,
Stasiun KRL Jakarta International Stadium,krl,Stasiun KRL Commuter Line,Jakarta Utara,-6.122821,106.86136,stations_jakarta.gpkg:5726702622,KRL-0054,False,1,
Stasiun KRL Halim,krl,Stasiun KRL Commuter Line,Jakarta Timur,-6.245635,106.884487,stations_jakarta.gpkg:5851224882,KRL-0055,False,1,
Stasiun KRL Boulevard Utara,krl,Stasiun KRL Commuter Line,Jakarta Utara,-6.159437,106.905981,stations_jakarta.gpkg:5984702926,KRL-0056,False,1,
Stasiun KRL Boulevard Selatan,krl,Stasiun KRL Commuter Line,Jakarta Timur,-6.168993,106.900014,stations_jakarta.gpkg:5984702927,KRL-0057,False,1,
Stasiun KRL Pulomas,krl,Stasiun KRL Commuter Line,Jakarta Timur,-6.17731,106.893393,stations_jakarta.gpkg:5984702928,KRL-0058,False,1,
Stasiun KRL Equestrian,krl,Stasiun KRL Commuter Line,Jakarta Timur,-6.184057,106.891279,stations_jakarta.gpkg:5984702929,KRL-0059,False,1,
Stasiun KRL Velodrome,krl,Stasiun KRL Commuter Line,Jakarta Timur,-6.192132,106.891177,stations_jakarta.gpkg:5984702930,KRL-0060,False,1,
Stasiun KRL Pegangsaan Dua,krl,Stasiun KRL Commuter Line,Jakarta Utara,-6.15723,106.913372,stations_jakarta.gpkg:5984702931,KRL-0061,False,1,
Stasiun KRL Bundaran HI Bank Jakarta,krl,Stasiun KRL Commuter Line,Jakarta Pusat,-6.191864,106.823008,stations_jakarta.gpkg:6196107719,KRL-0062,False,1,
Stasiun KRL Dukuh Atas BNI,krl,Stasiun KRL Commuter Line,Jakarta Pusat,-6.200796,106.822788,stations_jakarta.gpkg:6196107720,KRL-0063,False,1,
Stasiun KRL Setiabudi Astra,krl,Stasiun KRL Commuter Line,Jakarta Pusat,-6.209065,106.821694,stations_jakarta.gpkg:6196107721,KRL-0064,False,1,
Stasiun KRL Bendungan Hilir,krl,Stasiun KRL Commuter Line,Jakarta Pusat,-6.215026,106.817948,stations_jakarta.gpkg:6196107722,KRL-0065,False,1,
Stasiun KRL Istora Mandiri,krl,Stasiun KRL Commuter Line,Jakarta Selatan,-6.22239,106.808623,stations_jakarta.gpkg:6196107723,KRL-0066,False,1,
Stasiun KRL Senayan Mastercard,krl,Stasiun KRL Commuter Line,Jakarta Selatan,-6.226734,106.802493,stations_jakarta.gpkg:6196107724,KRL-0067,False,1,
Stasiun KRL Blok M BCA,krl,Stasiun KRL Commuter Line,Jakarta Selatan,-6.244464,106.798133,stations_jakarta.gpkg:6196107726,KRL-0068,False,1,
Stasiun KRL Blok A VISA,krl,Stasiun KRL Commuter Line,Jakarta Selatan,-6.255779,106.79714,stations_jakarta.gpkg:6196107727,KRL-0069,False,1,
Stasiun KRL Haji Nawi,krl,Stasiun KRL Commuter Line,Jakarta Selatan,-6.266695,106.797326,stations_jakarta.gpkg:6196107728,KRL-0070,False,1,
Stasiun KRL Cipete Raya TUKU,krl,Stasiun KRL Commuter Line,Jakarta Selatan,-6.27836,106.797316,stations_jakarta.gpkg:6196107729,KRL-0071,False,1,
Stasiun KRL Fatmawati Indomaret,krl,Stasiun KRL Commuter Line,Jakarta Selatan,-6.292451,106.792464,stations_jakarta.gpkg:6577753462,KRL-0072,False,1,
Stasiun KRL Lebak Bulus Bank Syariah Indonesia,krl,Stasiun KRL Commuter Line,Jakarta Selatan,-6.289274,106.774935,stations_jakarta.gpkg:6577753463,KRL-0073,False,1,
Stasiun KRL Cikoko,krl,Stasiun KRL Commuter Line,Jakarta Timur,-6.24362,106.856736,stations_jakarta.gpkg:6720467131,KRL-0074,False,1,
Stasiun KRL Pancoran,krl,Stasiun KRL Commuter Line,Jakarta Timur,-6.242141,106.838515,stations_jakarta.gpkg:6720467132,KRL-0075,False,1,
Stasiun KRL Setiabudi,krl,Stasiun KRL Commuter Line,Jakarta Pusat,-6.209322,106.830234,stations_jakarta.gpkg:6720467135,KRL-0076,False,1,
Stasiun KRL Rasuna Said,krl,Stasiun KRL Commuter Line,Jakarta Timur,-6.221609,106.832237,stations_jakarta.gpkg:6720467136,KRL-0077,False,1,
Stasiun KRL Kampung Rambutan,krl,Stasiun KRL Commuter Line,Jakarta Timur,-6.309549,106.88438,stations_jakarta.gpkg:6720467137,KRL-0078,False,1,
Stasiun KRL Kuningan,krl,Stasiun KRL Commuter Line,Jakarta Timur,-6.228773,106.833203,stations_jakarta.gpkg:8174072567,KRL-0079,False,1,
Stasiun KRL Ciracas,krl,Stasiun KRL Commuter Line,Kota Depok,-6.323769,106.886643,stations_jakarta.gpkg:8174072568,KRL-0080,False,1,
Stasiun MRT Cipete Raya,mrt_lrt,Stasiun MRT & LRT,Jakarta Selatan,-6.278342,106.797326,mrt_stations.csv,MRT-0001,False,1,
Stasiun MRT ASEAN,mrt_lrt,Stasiun MRT & LRT,Jakarta Selatan,-6.238921,106.798446,mrt_stations.csv,MRT-0002,False,1,
Stasiun LRT Jabodebek Taman Mini,mrt_lrt,Stasiun MRT & LRT,Jakarta Timur,-6.292909,106.880558,lrt_jabodebek_stations.geojson,MRT-0003,False,1,
Stasiun LRT Jabodebek Cikoko,mrt_lrt,Stasiun MRT & LRT,Jakarta Timur,-6.24362,106.856736,lrt_jabodebek_stations.geojson,MRT-0004,False,1,
Stasiun LRT Jabodebek Pancoran,mrt_lrt,Stasiun MRT & LRT,Jakarta Timur,-6.242141,106.838515,lrt_jabodebek_stations.geojson,MRT-0005,False,1,
Stasiun LRT Jabodebek Setiabudi,mrt_lrt,Stasiun MRT & LRT,Jakarta Pusat,-6.209322,106.830234,lrt_jabodebek_stations.geojson,MRT-0006,False,1,
Stasiun LRT Jabodebek Rasuna Said,mrt_lrt,Stasiun MRT & LRT,Jakarta Timur,-6.221609,106.832237,lrt_jabodebek_stations.geojson,MRT-0007,False,1,
Stasiun LRT Jabodebek Kampung Rambutan,mrt_lrt,Stasiun MRT & LRT,Jakarta Timur,-6.309549,106.88438,lrt_jabodebek_stations.geojson,MRT-0008,False,1,
Stasiun LRT Jabodebek Harjamukti,mrt_lrt,Stasiun MRT & LRT,Kota Depok,-6.373893,106.89567,lrt_jabodebek_stations.geojson,MRT-0009,False,1,
Stasiun LRT Jabodebek Jatimulya,mrt_lrt,Stasiun MRT & LRT,Kab. Bekasi,-6.264108,107.02167,lrt_jabodebek_stations.geojson,MRT-0010,False,1,
Stasiun LRT Boulevard Utara,mrt_lrt,Stasiun MRT & LRT,Jakarta Utara,-6.1594366,106.9059815,lrt_jkt_stations.geojson:5984702926,MRT-0011,False,1,Hot-Swapped pengganti LRT Bekasi Barat (404 / zombie cache)
Stasiun LRT Boulevard Selatan,mrt_lrt,Stasiun MRT & LRT,Jakarta Utara,-6.1689933,106.9000145,lrt_jkt_stations.geojson:5984702927,MRT-0012,False,1,Hot-Swapped pengganti LRT Cikunir 2 (404 / zombie cache)
Stasiun LRT Pulomas,mrt_lrt,Stasiun MRT & LRT,Jakarta Timur,-6.1773105,106.8933929,lrt_jkt_stations.geojson:5984702928,MRT-0013,False,1,Hot-Swapped pengganti LRT Cikunir 1 (404 / zombie cache)
Stasiun LRT Velodrome,mrt_lrt,Stasiun MRT & LRT,Jakarta Timur,-6.1921316,106.8911771,lrt_jkt_stations.geojson:5984702930,MRT-0014,False,1,Hot-Swapped pengganti LRT Jatibening Baru (404 / zombie cache)
Stasiun LRT Jabodebek Kuningan,mrt_lrt,Stasiun MRT & LRT,Jakarta Timur,-6.228773,106.833203,lrt_jabodebek_stations.geojson,MRT-0015,False,1,
Stasiun LRT Jabodebek Ciracas,mrt_lrt,Stasiun MRT & LRT,Kota Depok,-6.323769,106.886643,lrt_jabodebek_stations.geojson,MRT-0016,False,1,
Stasiun LRT Jabodebek Dukuh Atas Bank Syariah Indonesia,mrt_lrt,Stasiun MRT & LRT,Jakarta Pusat,-6.204828,106.82553,lrt_jabodebek_stations.geojson,MRT-0017,False,1,
Stasiun LRT Jabodebek Ciliwung,mrt_lrt,Stasiun MRT & LRT,Jakarta Timur,-6.243446,106.86397,lrt_jabodebek_stations.geojson,MRT-0018,False,1,
Stasiun LRT Jabodebek Halim,mrt_lrt,Stasiun MRT & LRT,Jakarta Timur,-6.245866,106.887287,lrt_jabodebek_stations.geojson,MRT-0019,False,1,
Stasiun LRT Jabodebek Cawang,mrt_lrt,Stasiun MRT & LRT,Jakarta Timur,-6.245907,106.87123,lrt_jabodebek_stations.geojson,MRT-0020,False,1,
Stasiun LRT Jakarta Boulevard Utara,mrt_lrt,Stasiun MRT & LRT,Jakarta Utara,-6.159437,106.905981,lrt_jkt_stations.geojson,MRT-0021,False,1,
Stasiun LRT Jakarta Boulevard Selatan,mrt_lrt,Stasiun MRT & LRT,Jakarta Timur,-6.168993,106.900014,lrt_jkt_stations.geojson,MRT-0022,False,1,
Stasiun LRT Jakarta Pulomas,mrt_lrt,Stasiun MRT & LRT,Jakarta Timur,-6.17731,106.893393,lrt_jkt_stations.geojson,MRT-0023,False,1,
Stasiun LRT Jakarta Equestrian,mrt_lrt,Stasiun MRT & LRT,Jakarta Timur,-6.184057,106.891279,lrt_jkt_stations.geojson,MRT-0024,False,1,
Stasiun LRT Jakarta Velodrome,mrt_lrt,Stasiun MRT & LRT,Jakarta Timur,-6.192132,106.891177,lrt_jkt_stations.geojson,MRT-0025,False,1,
Stasiun LRT Jakarta Pegangsaan Dua,mrt_lrt,Stasiun MRT & LRT,Jakarta Utara,-6.15723,106.913372,lrt_jkt_stations.geojson,MRT-0026,False,1,
Stasiun LRT Jakarta Manggarai,mrt_lrt,Stasiun MRT & LRT,Jakarta Pusat,-6.208244,106.844446,lrt_jkt_stations.geojson,MRT-0027,False,1,
Stasiun LRT Jakarta Matraman,mrt_lrt,Stasiun MRT & LRT,Jakarta Pusat,-6.202167,106.850121,lrt_jkt_stations.geojson,MRT-0028,False,1,
Stasiun LRT Jakarta Pasar Pramuka,mrt_lrt,Stasiun MRT & LRT,Jakarta Pusat,-6.195812,106.85888,lrt_jkt_stations.geojson,MRT-0029,False,1,
Stasiun LRT Jakarta Pramuka BPKP,mrt_lrt,Stasiun MRT & LRT,Jakarta Timur,-6.191989,106.871113,lrt_jkt_stations.geojson,MRT-0030,False,1,
Stasiun LRT Jakarta Rawamangun,mrt_lrt,Stasiun MRT & LRT,Jakarta Timur,-6.193143,106.882572,lrt_jkt_stations.geojson,MRT-0031,False,1,
Terminal Bus Pasar Minggu,terminal,Terminal Bus & Simpul Antarmoda,Jakarta Timur,-6.2847,106.8436,osm_overpass:node/473365748,TERM-0001,False,1,
Terminal Laladon,terminal,Terminal Bus & Simpul Antarmoda,Kota Bogor,-6.576704,106.752814,osm_overpass:node/1014211025,TERM-0002,False,1,
Lorena Bus,terminal,Terminal Bus & Simpul Antarmoda,Kota Bogor,-6.631328,106.825278,osm_overpass:node/1339172235,TERM-0003,False,1,
Terminal Damri,terminal,Terminal Bus & Simpul Antarmoda,Kota Bogor,-6.60215,106.805852,osm_overpass:node/1716012719,TERM-0004,False,1,
Citra Indah Shuttle Bus Main Station,terminal,Terminal Bus & Simpul Antarmoda,Kota Depok,-6.443689,107.042001,osm_overpass:node/1783241413,TERM-0005,False,1,
Damri Airport-Cikarang,terminal,Terminal Bus & Simpul Antarmoda,Kab. Bekasi,-6.297612,107.149749,osm_overpass:node/1994715627,TERM-0006,False,1,
Pool BUS AKAP GMS,terminal,Terminal Bus & Simpul Antarmoda,Kab. Bekasi,-6.29364,107.148628,osm_overpass:node/1997186269,TERM-0007,False,1,
Pramuka Sari,terminal,Terminal Bus & Simpul Antarmoda,Jakarta Timur,-6.192235,106.868567,osm_overpass:node/4275299246,TERM-0008,False,1,
Terminal 1A,terminal,Terminal Bus & Simpul Antarmoda,Kota Tangerang,-6.128799,106.658084,osm_overpass:node/2500443128,TERM-0009,False,1,
Terminal 1B,terminal,Terminal Bus & Simpul Antarmoda,Kota Tangerang,-6.13121,106.656196,osm_overpass:node/2500443129,TERM-0010,False,1,
Terminal 1C,terminal,Terminal Bus & Simpul Antarmoda,Kota Tangerang,-6.130521,106.6535,osm_overpass:node/2500443130,TERM-0011,False,1,
Terminal 2D,terminal,Terminal Bus & Simpul Antarmoda,Kota Tangerang,-6.123255,106.650734,osm_overpass:node/3316132149,TERM-0012,False,1,
Terminal 2E,terminal,Terminal Bus & Simpul Antarmoda,Kota Tangerang,-6.12228,106.653171,osm_overpass:node/3316132150,TERM-0013,False,1,
Tugu Ikan Parung,terminal,Terminal Bus & Simpul Antarmoda,Kota Depok,-6.421516,106.732647,osm_overpass:node/3396881708,TERM-0014,False,1,
Grogol Reformasi,terminal,Terminal Bus & Simpul Antarmoda,Jakarta Barat,-6.167332,106.788264,osm_overpass:node/3415431045,TERM-0015,False,1,
Galur,terminal,Terminal Bus & Simpul Antarmoda,Jakarta Pusat,-6.174417,106.854718,osm_overpass:node/3415431046,TERM-0016,False,1,
Taman Sari,terminal,Terminal Bus & Simpul Antarmoda,Jakarta Utara,-6.149303,106.816703,osm_overpass:node/3415431306,TERM-0017,False,1,
PGC,terminal,Terminal Bus & Simpul Antarmoda,Jakarta Timur,-6.262028,106.865426,osm_overpass:node/3415431310,TERM-0018,False,1,
Pancoran Arah Barat,terminal,Terminal Bus & Simpul Antarmoda,Jakarta Timur,-6.241672,106.837282,osm_overpass:node/3415431318,TERM-0019,False,1,
Ragunan,terminal,Terminal Bus & Simpul Antarmoda,Jakarta Selatan,-6.305763,106.819018,osm_overpass:node/3415431355,TERM-0020,False,1,
Kayu Jati,terminal,Terminal Bus & Simpul Antarmoda,Jakarta Timur,-6.193262,106.883695,osm_overpass:node/3415431384,TERM-0021,False,1,
Rawamangun,terminal,Terminal Bus & Simpul Antarmoda,Jakarta Timur,-6.192912,106.880315,osm_overpass:node/3415431398,TERM-0022,False,1,
Velodrome,terminal,Terminal Bus & Simpul Antarmoda,Jakarta Timur,-6.193464,106.888301,osm_overpass:node/3415431401,TERM-0023,False,1,
Pulo Gadung,terminal,Terminal Bus & Simpul Antarmoda,Jakarta Timur,-6.183181,106.908893,osm_overpass:node/3415431879,TERM-0024,False,1,
Bandara Soekarno-Hatta Airport Terminal 2,terminal,Terminal Bus & Simpul Antarmoda,Kota Tangerang,-6.124537,106.653239,osm_overpass:node/4149561896,TERM-0025,False,1,
Halte Bulak Kapal,terminal,Terminal Bus & Simpul Antarmoda,Kota Bekasi,-6.249824,107.024971,osm_overpass:node/4235138356,TERM-0026,False,1,
Semanggi,terminal,Terminal Bus & Simpul Antarmoda,Jakarta Selatan,-6.220537,106.813168,osm_overpass:node/4235200076,TERM-0027,False,1,
Pool Damri Kemayoran,terminal,Terminal Bus & Simpul Antarmoda,Jakarta Utara,-6.159739,106.848079,osm_overpass:node/4243825205,TERM-0028,False,1,
Terminal 2F Bandara Soeta,terminal,Terminal Bus & Simpul Antarmoda,Kota Tangerang,-6.123099,106.654907,osm_overpass:node/4260199001,TERM-0029,False,1,
Flyover Pramuka,terminal,Terminal Bus & Simpul Antarmoda,Jakarta Pusat,-6.198901,106.854486,osm_overpass:node/4275299209,TERM-0030,False,1,
JPO Bundaran Hotel Indonesia,jpo,Jembatan Penyeberangan Orang (JPO),Jakarta Pusat,-6.194978,106.823062,jpo_jakarta.csv,JPO-0001,False,1,
JPO Jalan Kuningan Flyover,jpo,Jembatan Penyeberangan Orang (JPO),Jakarta Pusat,-6.204557,106.827586,jpo_jakarta.csv,JPO-0002,False,1,
JPO Jalan Veteran III,jpo,Jembatan Penyeberangan Orang (JPO),Jakarta Pusat,-6.166743,106.825418,jpo_jakarta.csv,JPO-0003,False,1,
JPO Jalan Aipda Karel Satsuit Tubun,jpo,Jembatan Penyeberangan Orang (JPO),Jakarta Pusat,-6.189262,106.811106,jpo_jakarta.csv,JPO-0004,False,1,
JPO Jalan Prapanca V,jpo,Jembatan Penyeberangan Orang (JPO),Jakarta Selatan,-6.250712,106.810407,jpo_jakarta.csv,JPO-0005,False,1,
JPO Jalan Kemang Utara IX,jpo,Jembatan Penyeberangan Orang (JPO),Jakarta Selatan,-6.254798,106.825344,jpo_jakarta.csv,JPO-0006,False,1,
JPO Jalan Letnan Jenderal MT Haryono,jpo,Jembatan Penyeberangan Orang (JPO),Jakarta Timur,-6.244244,106.868617,jpo_jakarta.csv,JPO-0007,False,1,
JPO Jalan Trikora,jpo,Jembatan Penyeberangan Orang (JPO),Jakarta Timur,-6.248155,106.881996,jpo_jakarta.csv,JPO-0008,False,1,
JPO Jalan Tol Lingkar Luar Jakarta,jpo,Jembatan Penyeberangan Orang (JPO),Jakarta Timur,-6.304817,106.883279,jpo_jakarta.csv,JPO-0009,False,1,
JPO Jalan Haji Bokir Bin Dji'un,jpo,Jembatan Penyeberangan Orang (JPO),Jakarta Timur,-6.288139,106.879199,jpo_jakarta.csv,JPO-0010,False,1,
JPO Jalan Kerja Bakti,jpo,Jembatan Penyeberangan Orang (JPO),Jakarta Timur,-6.276778,106.874048,jpo_jakarta.csv,JPO-0011,False,1,
JPO Jalan Cililitan Besar,jpo,Jembatan Penyeberangan Orang (JPO),Jakarta Timur,-6.264602,106.873413,jpo_jakarta.csv,JPO-0012,False,1,
JPO Jalan Mabes Hankam,jpo,Jembatan Penyeberangan Orang (JPO),Jakarta Timur,-6.311912,106.90385,jpo_jakarta.csv,JPO-0013,False,1,
JPO Jalan Tol Lingkar Luar Jakarta,jpo,Jembatan Penyeberangan Orang (JPO),Jakarta Timur,-6.305544,106.858407,jpo_jakarta.csv,JPO-0014,False,1,
JPO Jalan Tol Cawang–Pluit,jpo,Jembatan Penyeberangan Orang (JPO),Jakarta Selatan,-6.237204,106.827777,jpo_jakarta.csv,JPO-0015,False,1,
JPO Jalan Kapten Tendean,jpo,Jembatan Penyeberangan Orang (JPO),Jakarta Selatan,-6.240143,106.825279,jpo_jakarta.csv,JPO-0016,False,1,
JPO Jalan Robert Wolter Monginsidi,jpo,Jembatan Penyeberangan Orang (JPO),Jakarta Selatan,-6.238983,106.817725,jpo_jakarta.csv,JPO-0017,False,1,
JPO Jalan Tol Cawang–Pluit,jpo,Jembatan Penyeberangan Orang (JPO),Jakarta Pusat,-6.220241,106.813105,jpo_jakarta.csv,JPO-0018,False,1,
JPO Jalan Jenderal Gatot Subroto,jpo,Jembatan Penyeberangan Orang (JPO),Jakarta Pusat,-6.218749,106.811517,jpo_jakarta.csv,JPO-0019,False,1,
JPO Jalan Gerbang Pemuda,jpo,Jembatan Penyeberangan Orang (JPO),Jakarta Barat,-6.21238,106.807037,jpo_jakarta.csv,JPO-0020,False,1,
JPO Jalan Profesor Doktor Satrio,jpo,Jembatan Penyeberangan Orang (JPO),Jakarta Pusat,-6.215444,106.818548,jpo_jakarta.csv,JPO-0021,False,1,
JPO Jalan Teluk Betung,jpo,Jembatan Penyeberangan Orang (JPO),Jakarta Pusat,-6.194085,106.818317,jpo_jakarta.csv,JPO-0022,False,1,
JPO Jalan Teluk Betung,jpo,Jembatan Penyeberangan Orang (JPO),Jakarta Pusat,-6.195261,106.818435,jpo_jakarta.csv,JPO-0023,False,1,
JPO Jalan Kyai Haji Mas Mansyur,jpo,Jembatan Penyeberangan Orang (JPO),Jakarta Pusat,-6.200751,106.814998,jpo_jakarta.csv,JPO-0024,False,1,
JPO Jalan Kyai Haji Mas Mansyur,jpo,Jembatan Penyeberangan Orang (JPO),Jakarta Pusat,-6.200547,106.815791,jpo_jakarta.csv,JPO-0025,False,1,
JPO Jalan Tomang Raya,jpo,Jembatan Penyeberangan Orang (JPO),Jakarta Barat,-6.173417,106.805685,jpo_jakarta.csv,JPO-0026,False,1,
JPO Jalan Tegal Parang Utara VI,jpo,Jembatan Penyeberangan Orang (JPO),Jakarta Timur,-6.243407,106.835302,jpo_jakarta.csv,JPO-0027,False,1,
JPO Jalan Hang Lekir IV,jpo,Jembatan Penyeberangan Orang (JPO),Jakarta Selatan,-6.230401,106.796181,jpo_jakarta.csv,JPO-0028,False,1,
JPO Jalan Suryopranoto,jpo,Jembatan Penyeberangan Orang (JPO),Jakarta Pusat,-6.16915,106.819591,jpo_jakarta.csv,JPO-0029,False,1,
JPO Jalan Fakhrudin,jpo,Jembatan Penyeberangan Orang (JPO),Jakarta Pusat,-6.182822,106.813903,jpo_jakarta.csv,JPO-0030,False,1,
Bandar Udara Halim Perdanakusuma,airport,Fasilitas Penunjang Bandara,Jakarta Timur,-6.262485,106.890549,osm_overpass:way/155963037,AIR-0001,False,1,
Pangkalan Udara Atang Senjaya,airport,Fasilitas Penunjang Bandara,Kota Bogor,-6.540765,106.757723,osm_overpass:way/163628058,AIR-0002,False,1,
Bandar Udara Khusus Wiladatika,airport,Fasilitas Penunjang Bandara,Kota Depok,-6.356027,106.900796,osm_overpass:way/222617082,AIR-0003,False,1,
Bandar Udara Pondok Cabe,airport,Fasilitas Penunjang Bandara,Kota Depok,-6.336607,106.762051,osm_overpass:way/402381306,AIR-0004,False,1,
Pangkalan Udara Rumpin,airport,Fasilitas Penunjang Bandara,Kota Tangerang Selatan,-6.372495,106.624674,osm_overpass:way/402790191,AIR-0005,False,1,
Bandar Udara Budiarto,airport,Fasilitas Penunjang Bandara,Kota Tangerang Selatan,-6.288686,106.568582,osm_overpass:way/566739206,AIR-0006,False,1,
Departure Hall,airport,Fasilitas Penunjang Bandara,Kota Tangerang,-6.139486,106.658542,osm_overpass:way/1087975090,AIR-0007,False,1,
Lapangan Terbang Sentul,airport,Fasilitas Penunjang Bandara,Kab. Bogor,-6.509099,106.878853,osm_overpass:way/1323032410,AIR-0008,False,1,
Pangkalan Udara Halim Perdanakusuma,airport,Fasilitas Penunjang Bandara,Jakarta Timur,-6.263564,106.895282,osm_overpass:relation/12381950,AIR-0009,False,1,
Bandar Udara Internasional Soekarno-Hatta,airport,Fasilitas Penunjang Bandara,Kota Tangerang,-6.123882,106.657602,osm_overpass:relation/19104217,AIR-0010,False,1,
Taman Park,parking,Gedung & Area Parkir (MSCP),Jakarta Pusat,-6.176838,106.814277,parking_jakarta.gpkg:938179866,PKG-0001,False,3,
Parkir Pasar Taman Alfa,parking,Gedung & Area Parkir (MSCP),Jakarta Selatan,-6.226536,106.754484,parking_jakarta.gpkg:1291293539,PKG-0002,False,3,
Epicentrum Basement Parking,parking,Gedung & Area Parkir (MSCP),Jakarta Pusat,-6.21785,106.835061,parking_jakarta.gpkg:1395464765,PKG-0003,False,3,
Tempat Parkir,parking,Gedung & Area Parkir (MSCP),Jakarta Utara,-6.093895,106.959996,parking_jakarta.gpkg:3801705989,PKG-0004,False,3,
Lippo Mall Puri 1 Multilevel Parking,parking,Gedung & Area Parkir (MSCP),Kota Tangerang,-6.190283,106.739368,parking_jakarta.gpkg:4506095353,PKG-0005,False,3,
Parkir Warga,parking,Gedung & Area Parkir (MSCP),Kota Bekasi,-6.098181,106.96329,parking_jakarta.gpkg:5050351352,PKG-0006,False,3,
Parkir Warga,parking,Gedung & Area Parkir (MSCP),Kota Bekasi,-6.097916,106.9628,parking_jakarta.gpkg:5050351354,PKG-0007,False,3,
Lippo Mall Puri 1 Multilevel Parking,parking,Gedung & Area Parkir (MSCP),Kota Tangerang,-6.189537,106.739331,parking_jakarta.gpkg:5487673270,PKG-0008,False,3,
Lippo Mall Puri 1 Basement Parking,parking,Gedung & Area Parkir (MSCP),Kota Tangerang,-6.191044,106.737812,parking_jakarta.gpkg:5909244755,PKG-0009,False,3,
Lippo Mall Puri 2 Basement Parking,parking,Gedung & Area Parkir (MSCP),Kota Tangerang,-6.187676,106.73839,parking_jakarta.gpkg:5909244758,PKG-0010,False,3,
Secure Parking,parking,Gedung & Area Parkir (MSCP),Jakarta Barat,-6.202176,106.78136,parking_jakarta.gpkg:5936717735,PKG-0011,False,3,
Loading Dock A Central Park Mall,parking,Gedung & Area Parkir (MSCP),Jakarta Barat,-6.177569,106.789485,parking_jakarta.gpkg:6134778402,PKG-0012,False,3,
Parkir Basement DIPO Tower,parking,Gedung & Area Parkir (MSCP),Jakarta Barat,-6.202951,106.801387,parking_jakarta.gpkg:6135130607,PKG-0013,False,3,
Parkir Gedung / Basement Central Park Mall,parking,Gedung & Area Parkir (MSCP),Jakarta Barat,-6.175777,106.79097,parking_jakarta.gpkg:7068524543,PKG-0014,False,3,
Lippo Mall Puri 1 St. Moritz Parking,parking,Gedung & Area Parkir (MSCP),Kota Tangerang,-6.190983,106.739539,parking_jakarta.gpkg:7389640430,PKG-0015,False,3,
Stasiun Kalibata,parking,Gedung & Area Parkir (MSCP),Jakarta Timur,-6.254968,106.855151,parking_jakarta.gpkg:8582462517,PKG-0016,False,3,
Stasiun Kalibata,parking,Gedung & Area Parkir (MSCP),Jakarta Timur,-6.255163,106.855333,parking_jakarta.gpkg:8582462518,PKG-0017,False,3,
Area Parkir Kecil,parking,Gedung & Area Parkir (MSCP),Jakarta Timur,-6.225253,106.843706,parking_jakarta.gpkg:dynamic:1499014802,PKG-0018,False,3,Hot-Swapped dari buffer PKG-DYN-001 (pengganti Penitipan Motor 404)
Parkir Sarinah,parking,Gedung & Area Parkir (MSCP),Jakarta Pusat,-6.188265,106.824655,parking_jakarta.gpkg:replacement,PKG-0019,False,3,Hot-Swapped pengganti Penitipan Motor (404 / zombie cache)
Parkir Gedung / Basement Central Park Mall,parking,Gedung & Area Parkir (MSCP),Jakarta Barat,-6.175561,106.789794,parking_jakarta.gpkg:9647577222,PKG-0020,False,3,
Parkir Mobil,parking,Gedung & Area Parkir (MSCP),Jakarta Selatan,-6.235518,106.790257,parking_jakarta.gpkg:10739448143,PKG-0021,False,3,
Triyasa Office & Gallery Parking Area,parking,Gedung & Area Parkir (MSCP),Jakarta Pusat,-6.218293,106.832929,parking_jakarta.gpkg:17585532,PKG-0022,False,3,
Parkir Utama Bandar Udara Halim Perdanakusuma,parking,Gedung & Area Parkir (MSCP),Jakarta Timur,-6.264549,106.885492,parking_jakarta.gpkg:28163632,PKG-0023,False,3,
Lot 17,parking,Gedung & Area Parkir (MSCP),Jakarta Selatan,-6.228742,106.808465,parking_jakarta.gpkg:28191771,PKG-0024,False,3,
Parkir Kejaksaan Agung,parking,Gedung & Area Parkir (MSCP),Jakarta Selatan,-6.240563,106.796498,parking_jakarta.gpkg:28715537,PKG-0025,False,3,
Sentral Parkir,parking,Gedung & Area Parkir (MSCP),Jakarta Utara,-6.127219,106.841443,parking_jakarta.gpkg:28744027,PKG-0026,False,3,
Al-Bakrie Parking Lot,parking,Gedung & Area Parkir (MSCP),Jakarta Pusat,-6.219386,106.837308,parking_jakarta.gpkg:125590224,PKG-0027,False,3,
Area Parkir Dinas Kesehatan,parking,Gedung & Area Parkir (MSCP),Jakarta Timur,-6.262089,106.872156,parking_jakarta.gpkg:155948939,PKG-0028,False,3,
Toyota,parking,Gedung & Area Parkir (MSCP),Jakarta Timur,-6.310305,106.870725,parking_jakarta.gpkg:155954275,PKG-0029,False,3,
Garasi Kendaraan Dinas Milik Negara,parking,Gedung & Area Parkir (MSCP),Jakarta Timur,-6.256514,106.876138,parking_jakarta.gpkg:155956669,PKG-0030,False,3,
Pool Taksi Cipaganti,parking,Gedung & Area Parkir (MSCP),Jakarta Timur,-6.251811,106.881162,parking_jakarta.gpkg:155956697,PKG-0031,False,3,
Pool Taksi Pusaka,parking,Gedung & Area Parkir (MSCP),Jakarta Timur,-6.264211,106.874068,parking_jakarta.gpkg:155956701,PKG-0032,False,3,
Pool Taksi Sri Medali,parking,Gedung & Area Parkir (MSCP),Jakarta Timur,-6.252501,106.881382,parking_jakarta.gpkg:155956702,PKG-0033,False,3,
Pool Taksi Sri Medali,parking,Gedung & Area Parkir (MSCP),Jakarta Timur,-6.249158,106.880628,parking_jakarta.gpkg:155956704,PKG-0034,False,3,
Parkir Mega Mall Pluit,parking,Gedung & Area Parkir (MSCP),Jakarta Utara,-6.115927,106.786823,parking_jakarta.gpkg:156270944,PKG-0035,False,3,
Gedung Parkir Binus,parking,Gedung & Area Parkir (MSCP),Jakarta Barat,-6.202025,106.780171,parking_jakarta.gpkg:156921456,PKG-0036,False,3,
Lapangan Parkir Rumah sakit MRCC,parking,Gedung & Area Parkir (MSCP),Jakarta Pusat,-6.217398,106.81539,parking_jakarta.gpkg:157347144,PKG-0037,False,3,
Plaza Kuningan Parking Annex,parking,Gedung & Area Parkir (MSCP),Jakarta Pusat,-6.216354,106.831593,parking_jakarta.gpkg:157360947,PKG-0038,False,3,
Parkir Bus,parking,Gedung & Area Parkir (MSCP),Jakarta Timur,-6.304368,106.888863,parking_jakarta.gpkg:196953667,PKG-0039,False,3,
Parkir Pameran Jambore ASPAC,parking,Gedung & Area Parkir (MSCP),Kota Depok,-6.372151,106.900233,parking_jakarta.gpkg:222794883,PKG-0040,False,3,
Lapangan Parkir,parking,Gedung & Area Parkir (MSCP),Jakarta Timur,-6.226346,106.866198,parking_jakarta.gpkg:314681695,PKG-0041,False,3,
Menara Thamrin Parking,parking,Gedung & Area Parkir (MSCP),Jakarta Pusat,-6.185586,106.821783,parking_jakarta.gpkg:340868932,PKG-0042,False,3,
Parkir Gedung A,parking,Gedung & Area Parkir (MSCP),Jakarta Pusat,-6.182599,106.830501,parking_jakarta.gpkg:340870308,PKG-0043,False,3,
Parkir Askrida,parking,Gedung & Area Parkir (MSCP),Jakarta Timur,-6.192759,106.867149,parking_jakarta.gpkg:363842111,PKG-0044,False,3,
Parkir IS Plaza,parking,Gedung & Area Parkir (MSCP),Jakarta Timur,-6.19273,106.86638,parking_jakarta.gpkg:363842112,PKG-0045,False,3,
Parkir Isuzu,parking,Gedung & Area Parkir (MSCP),Jakarta Timur,-6.192763,106.866285,parking_jakarta.gpkg:363842113,PKG-0046,False,3,
Parkir Apartemen CityPark,parking,Gedung & Area Parkir (MSCP),Kota Tangerang,-6.131334,106.736357,parking_jakarta.gpkg:365952958,PKG-0047,False,3,
Parkir Barat,parking,Gedung & Area Parkir (MSCP),Jakarta Utara,-6.148027,106.842958,parking_jakarta.gpkg:366954513,PKG-0048,False,3,
Parkir Timur,parking,Gedung & Area Parkir (MSCP),Jakarta Utara,-6.146703,106.848205,parking_jakarta.gpkg:366954516,PKG-0049,False,3,
Parkir Utara,parking,Gedung & Area Parkir (MSCP),Jakarta Utara,-6.14374,106.845313,parking_jakarta.gpkg:366965230,PKG-0050,False,3,
Parkiran,parking,Gedung & Area Parkir (MSCP),Jakarta Pusat,-6.18584,106.821078,parking_jakarta.gpkg:376203154,PKG-0051,False,3,
Parkir Mobil,parking,Gedung & Area Parkir (MSCP),Kota Bekasi,-6.09836,106.960318,parking_jakarta.gpkg:376783767,PKG-0052,False,3,
Parkir Utara,parking,Gedung & Area Parkir (MSCP),Jakarta Timur,-6.301226,106.889461,parking_jakarta.gpkg:378374687,PKG-0053,False,3,
Parkir Selatan,parking,Gedung & Area Parkir (MSCP),Jakarta Timur,-6.303225,106.889879,parking_jakarta.gpkg:378374688,PKG-0054,False,3,
Binus University Car Parking,parking,Gedung & Area Parkir (MSCP),Jakarta Barat,-6.203316,106.783588,parking_jakarta.gpkg:379563044,PKG-0055,False,3,
Parkir Timur Senayan,parking,Gedung & Area Parkir (MSCP),Jakarta Barat,-6.21711,106.80807,parking_jakarta.gpkg:403720910,PKG-0056,False,3,
Parkir Timur Senayan,parking,Gedung & Area Parkir (MSCP),Jakarta Selatan,-6.220049,106.8076,parking_jakarta.gpkg:403720911,PKG-0057,False,3,
Gedung Parkiran Bunder,parking,Gedung & Area Parkir (MSCP),Jakarta Timur,-6.196279,106.878468,parking_jakarta.gpkg:426962757,PKG-0058,False,3,
Gedung Parkir BPPT,parking,Gedung & Area Parkir (MSCP),Jakarta Pusat,-6.18404,106.821517,parking_jakarta.gpkg:442715120,PKG-0059,False,3,
Parkir Motor Masjid,parking,Gedung & Area Parkir (MSCP),Jakarta Pusat,-6.186558,106.821584,parking_jakarta.gpkg:443504202,PKG-0060,False,3,
Parkir PT Budi Dharma,parking,Gedung & Area Parkir (MSCP),Jakarta Utara,-6.119311,106.929647,parking_jakarta.gpkg:447603498,PKG-0061,False,3,
Parkir Mobil Gramedia Matraman,parking,Gedung & Area Parkir (MSCP),Jakarta Pusat,-6.202947,106.856645,parking_jakarta.gpkg:453890900,PKG-0062,False,3,
Parkir BCA Matraman,parking,Gedung & Area Parkir (MSCP),Jakarta Pusat,-6.200404,106.854067,parking_jakarta.gpkg:454010134,PKG-0063,False,3,
Parkir BCA Matraman,parking,Gedung & Area Parkir (MSCP),Jakarta Pusat,-6.200901,106.854141,parking_jakarta.gpkg:454010135,PKG-0064,False,3,
Parkiran Abuba Steak,parking,Gedung & Area Parkir (MSCP),Jakarta Pusat,-6.200886,106.854957,parking_jakarta.gpkg:454010136,PKG-0065,False,3,
"Kelapa Gading 1, 2 & 3 parking car",parking,Gedung & Area Parkir (MSCP),Jakarta Utara,-6.159261,106.907594,parking_jakarta.gpkg:455261277,PKG-0066,False,3,
Lot 23,parking,Gedung & Area Parkir (MSCP),Jakarta Selatan,-6.225538,106.812458,parking_jakarta.gpkg:481956368,PKG-0067,False,3,
Parkir All Seasons,parking,Gedung & Area Parkir (MSCP),Jakarta Pusat,-6.201364,106.821879,parking_jakarta.gpkg:482147027,PKG-0068,False,3,
Parkir RSIA Brawijaya,parking,Gedung & Area Parkir (MSCP),Jakarta Selatan,-6.256884,106.807624,parking_jakarta.gpkg:483400109,PKG-0069,False,3,
Gedung Parkir,parking,Gedung & Area Parkir (MSCP),Jakarta Pusat,-6.190357,106.838563,parking_jakarta.gpkg:483594690,PKG-0070,False,3,
Gedung Y,parking,Gedung & Area Parkir (MSCP),Jakarta Pusat,-6.219465,106.816237,parking_jakarta.gpkg:484635873,PKG-0071,False,3,
Parkir RSCM Gedung A,parking,Gedung & Area Parkir (MSCP),Jakarta Pusat,-6.195833,106.846328,parking_jakarta.gpkg:485997919,PKG-0072,False,3,
Amanaia,parking,Gedung & Area Parkir (MSCP),Jakarta Pusat,-6.179068,106.839573,parking_jakarta.gpkg:491283235,PKG-0073,False,3,
Park and Ride Pinang Ranti,parking,Gedung & Area Parkir (MSCP),Jakarta Timur,-6.291938,106.885837,parking_jakarta.gpkg:496815162,PKG-0074,False,3,
Gedung Parkir,parking,Gedung & Area Parkir (MSCP),Jakarta Timur,-6.299659,106.89121,parking_jakarta.gpkg:498466423,PKG-0075,False,3,
Bus,parking,Gedung & Area Parkir (MSCP),Jakarta Timur,-6.299659,106.89121,parking_jakarta.gpkg:498466424,PKG-0076,False,3,
Lotte Mart,parking,Gedung & Area Parkir (MSCP),Jakarta Timur,-6.309263,106.866342,parking_jakarta.gpkg:510172678,PKG-0077,False,3,
Gedung Parkir 1,parking,Gedung & Area Parkir (MSCP),Jakarta Timur,-6.160608,106.907984,parking_jakarta.gpkg:514678427,PKG-0078,False,3,
Parkir,parking,Gedung & Area Parkir (MSCP),Jakarta Utara,-6.12591,106.898899,parking_jakarta.gpkg:517242035,PKG-0079,False,3,
Parkir truk sampah,parking,Gedung & Area Parkir (MSCP),Jakarta Utara,-6.125665,106.898902,parking_jakarta.gpkg:517242039,PKG-0080,False,3,
Pooll Taksi,parking,Gedung & Area Parkir (MSCP),Kota Depok,-6.34271,106.803438,parking_jakarta.gpkg:525800273,PKG-0081,False,3,
Parkir Paud Melati,parking,Gedung & Area Parkir (MSCP),Kota Tangerang,-6.147507,106.730553,parking_jakarta.gpkg:553861388,PKG-0082,False,3,
Parkir Masjid Al jihad,parking,Gedung & Area Parkir (MSCP),Kota Tangerang,-6.147116,106.729678,parking_jakarta.gpkg:562347558,PKG-0083,False,3,
Parkir RSCM,parking,Gedung & Area Parkir (MSCP),Jakarta Pusat,-6.196281,106.845045,parking_jakarta.gpkg:570315204,PKG-0084,False,3,
Parkir RSCM Kencana,parking,Gedung & Area Parkir (MSCP),Jakarta Pusat,-6.198334,106.845244,parking_jakarta.gpkg:570315205,PKG-0085,False,3,
Parkir Masjid Alhidayah,parking,Gedung & Area Parkir (MSCP),Jakarta Selatan,-6.289876,106.79503,parking_jakarta.gpkg:586588074,PKG-0086,False,3,
Parkir Kawasan Ekowisata Mangrove,parking,Gedung & Area Parkir (MSCP),Jakarta Utara,-6.121785,106.754737,parking_jakarta.gpkg:638644263,PKG-0087,False,3,
Parkir Blok Z PIK,parking,Gedung & Area Parkir (MSCP),Kota Tangerang,-6.114907,106.73511,parking_jakarta.gpkg:852077900,PKG-0088,False,3,
Lot 17,parking,Gedung & Area Parkir (MSCP),Jakarta Selatan,-6.229809,106.808563,parking_jakarta.gpkg:975651132,PKG-0089,False,3,
Parkir Khusus Seafood 68 Tebet,parking,Gedung & Area Parkir (MSCP),Jakarta Timur,-6.236581,106.857074,parking_jakarta.gpkg:1098449983,PKG-0090,False,3,
Pool Transjakarta Koridor 3,parking,Gedung & Area Parkir (MSCP),Kota Tangerang,-6.160064,106.723864,parking_jakarta.gpkg:1159072827,PKG-0091,False,3,
Parkir Ikatan Restoran dan Taman Indonesia (IRTI),parking,Gedung & Area Parkir (MSCP),Jakarta Pusat,-6.179806,106.826456,parking_jakarta.gpkg:1160194190,PKG-0092,False,3,
Parkir Sea World,parking,Gedung & Area Parkir (MSCP),Jakarta Utara,-6.12681,106.843104,parking_jakarta.gpkg:1218851811,PKG-0093,False,3,
Area Parkir Kendaraan Stasiun Jakarta Kota,parking,Gedung & Area Parkir (MSCP),Jakarta Utara,-6.134776,106.815399,parking_jakarta.gpkg:1266806042,PKG-0094,False,3,
Parkir Belakang Menara Duta,parking,Gedung & Area Parkir (MSCP),Jakarta Pusat,-6.209259,106.828812,parking_jakarta.gpkg:1272860279,PKG-0095,False,3,
Pengendapan Bus White Horse,parking,Gedung & Area Parkir (MSCP),Kota Tangerang,-6.116363,106.690625,parking_jakarta.gpkg:1352544969,PKG-0096,False,3,
Amanaia,parking,Gedung & Area Parkir (MSCP),Jakarta Pusat,-6.179336,106.840488,parking_jakarta.gpkg:1426002458,PKG-0097,False,3,
Capitol,parking,Gedung & Area Parkir (MSCP),Jakarta Pusat,-6.179358,106.8396,parking_jakarta.gpkg:1426002481,PKG-0098,False,3,
Parkir Old Shanghai,parking,Gedung & Area Parkir (MSCP),Jakarta Timur,-6.166455,106.924454,parking_jakarta.gpkg:1473760208,PKG-0099,False,3,
Eka Lokasari,mall,Pusat Perbelanjaan / Mall,Kota Bogor,-6.621889,106.81747,osm_overpass:node/854210409,MALL-0001,False,3,
PJM (Plaza Jembatan Merah),mall,Pusat Perbelanjaan / Mall,Kota Bogor,-6.595856,106.787133,osm_overpass:node/1018473613,MALL-0002,False,3,
Pusat Perbelanjaan Depok Jaya,mall,Pusat Perbelanjaan / Mall,Kota Depok,-6.392411,106.81439,osm_overpass:node/1354132091,MALL-0003,False,3,
Pusat Perbelanjaan Pasadena,mall,Pusat Perbelanjaan / Mall,Kota Depok,-6.396381,106.804235,osm_overpass:node/1354143113,MALL-0004,False,3,
Depok Town Center,mall,Pusat Perbelanjaan / Mall,Kota Depok,-6.39517,106.793042,osm_overpass:node/1354146557,MALL-0005,False,3,
Ruko V-Point,mall,Pusat Perbelanjaan / Mall,Kota Bogor,-6.621028,106.817012,osm_overpass:node/1736977454,MALL-0006,False,3,
Citra Indah Square,mall,Pusat Perbelanjaan / Mall,Kota Depok,-6.435854,107.050616,osm_overpass:node/1783244853,MALL-0007,False,3,
Citra Indah Square 2,mall,Pusat Perbelanjaan / Mall,Kota Depok,-6.435939,107.051506,osm_overpass:node/1783244858,MALL-0008,False,3,
Rabbani - Rawamangun,mall,Pusat Perbelanjaan / Mall,Jakarta Timur,-6.193063,106.884373,osm_overpass:node/4146314225,MALL-0009,False,3,
Gajah Mada Plaza (Main Entrance),mall,Pusat Perbelanjaan / Mall,Jakarta Pusat,-6.160078,106.818753,osm_overpass:node/4146450482,MALL-0010,False,3,
Emporium Pluit Mall Side Entrance,mall,Pusat Perbelanjaan / Mall,Jakarta Utara,-6.126799,106.790359,osm_overpass:node/4146953112,MALL-0011,False,3,
Emporium Pluit Mall Back Entrance,mall,Pusat Perbelanjaan / Mall,Jakarta Utara,-6.129162,106.789884,osm_overpass:node/4146957523,MALL-0012,False,3,
Emporium Pluit Mall Front Entrance,mall,Pusat Perbelanjaan / Mall,Jakarta Utara,-6.127457,106.791712,osm_overpass:node/4146959210,MALL-0013,False,3,
Mall Cinere,mall,Pusat Perbelanjaan / Mall,Kota Depok,-6.323965,106.784241,osm_overpass:node/4146989506,MALL-0014,False,3,
D'Mall Depok,mall,Pusat Perbelanjaan / Mall,Kota Depok,-6.387097,106.827336,osm_overpass:node/4148230495,MALL-0015,False,3,
Prada Menteng Mall,mall,Pusat Perbelanjaan / Mall,Jakarta Pusat,-6.198406,106.841993,osm_overpass:node/9555672917,MALL-0016,False,3,
Meeting Point GrabBike Botani Square,mall,Pusat Perbelanjaan / Mall,Kota Bogor,-6.601733,106.808562,osm_overpass:node/9676153741,MALL-0017,False,3,
Grand Paragon,mall,Pusat Perbelanjaan / Mall,Jakarta Utara,-6.151805,106.816615,osm_overpass:node/4148241807,MALL-0018,False,3,
Plaza Kalibata,mall,Pusat Perbelanjaan / Mall,Jakarta Timur,-6.257324,106.857005,osm_overpass:node/4148382089,MALL-0019,False,3,
Botani Square,mall,Pusat Perbelanjaan / Mall,Kota Bogor,-6.60189,106.807728,osm_overpass:node/4148438481,MALL-0020,False,3,
Bintaro Plaza,mall,Pusat Perbelanjaan / Mall,Kota Tangerang Selatan,-6.272502,106.74229,osm_overpass:node/4148507697,MALL-0021,False,3,
Bellagio Boutique Mall,mall,Pusat Perbelanjaan / Mall,Jakarta Selatan,-6.22743,106.824397,osm_overpass:node/4148556005,MALL-0022,False,3,
Arion Mall,mall,Pusat Perbelanjaan / Mall,Jakarta Timur,-6.193821,106.890549,osm_overpass:node/4148676903,MALL-0023,False,3,
Seasons City (Main Entrance),mall,Pusat Perbelanjaan / Mall,Jakarta Utara,-6.153106,106.795376,osm_overpass:node/4148837498,MALL-0024,False,3,
M.T. Haryono Square,mall,Pusat Perbelanjaan / Mall,Jakarta Timur,-6.243714,106.868921,osm_overpass:node/4150281840,MALL-0025,False,3,
Hypermart Kelapa Gading Trade Center,mall,Pusat Perbelanjaan / Mall,Jakarta Utara,-6.155026,106.892868,osm_overpass:node/4150307223,MALL-0026,False,3,
Pamulang Square,mall,Pusat Perbelanjaan / Mall,Kota Tangerang Selatan,-6.342728,106.725172,osm_overpass:node/4150378467,MALL-0027,False,3,
ITC Cempaka Mas Main Entrance,mall,Pusat Perbelanjaan / Mall,Jakarta Timur,-6.165593,106.877998,osm_overpass:node/4150440330,MALL-0028,False,3,
Pasar Jaya. PD,mall,Pusat Perbelanjaan / Mall,Jakarta Pusat,-6.16112,106.832989,osm_overpass:node/4150442843,MALL-0029,False,3,
Plaza 89,mall,Pusat Perbelanjaan / Mall,Jakarta Pusat,-6.217799,106.830772,osm_overpass:node/4150891445,MALL-0030,False,3,
WTC Mangga Dua Side Entrance,mall,Pusat Perbelanjaan / Mall,Jakarta Utara,-6.133186,106.830594,osm_overpass:node/4150989116,MALL-0031,False,3,
"Plaza Kuningan, Menara Selatan",mall,Pusat Perbelanjaan / Mall,Jakarta Pusat,-6.217223,106.831178,osm_overpass:node/4150995836,MALL-0032,False,3,
GrabBike Shelter Mall Pesona Square Depok,mall,Pusat Perbelanjaan / Mall,Kota Depok,-6.380999,106.843538,osm_overpass:node/9684404383,MALL-0033,False,3,
Mall Citra Gran,mall,Pusat Perbelanjaan / Mall,Kota Depok,-6.38275,106.927626,osm_overpass:node/4152501731,MALL-0034,False,3,
ITC Depok (Side Entrance),mall,Pusat Perbelanjaan / Mall,Kota Depok,-6.392313,106.824176,osm_overpass:node/4152510792,MALL-0035,False,3,
Mall Daan Mogot,mall,Pusat Perbelanjaan / Mall,Kota Tangerang,-6.151599,106.715209,osm_overpass:node/4152512520,MALL-0036,False,3,
Mall Artha Gading,mall,Pusat Perbelanjaan / Mall,Jakarta Utara,-6.145158,106.891438,osm_overpass:node/4152518407,MALL-0037,False,3,
Mal Ciputra,mall,Pusat Perbelanjaan / Mall,Kota Depok,-6.382338,106.92613,osm_overpass:node/4152523896,MALL-0038,False,3,
Plaza Jambu Dua,mall,Pusat Perbelanjaan / Mall,Kota Bogor,-6.568787,106.80926,osm_overpass:node/4152528551,MALL-0039,False,3,
Maple Park,mall,Pusat Perbelanjaan / Mall,Jakarta Utara,-6.14995,106.857483,osm_overpass:node/4152540737,MALL-0040,False,3,
La Piazza,mall,Pusat Perbelanjaan / Mall,Jakarta Utara,-6.159514,106.906356,osm_overpass:node/4152690689,MALL-0041,False,3,
Lippo Plaza Bogor,mall,Pusat Perbelanjaan / Mall,Kota Bogor,-6.621484,106.816674,osm_overpass:node/4152782319,MALL-0042,False,3,
Lippo Mall Puri 2 Alternative Entrance/ Exit,mall,Pusat Perbelanjaan / Mall,Kota Tangerang,-6.186921,106.739508,osm_overpass:node/4160664209,MALL-0043,False,3,
Px Pavilion,mall,Pusat Perbelanjaan / Mall,Kota Tangerang,-6.188336,106.737943,osm_overpass:node/4160704519,MALL-0044,False,3,
St.Moritz,mall,Pusat Perbelanjaan / Mall,Kota Tangerang,-6.190397,106.741154,osm_overpass:node/4160750876,MALL-0045,False,3,
Mahaka Square,mall,Pusat Perbelanjaan / Mall,Jakarta Utara,-6.149748,106.90296,osm_overpass:node/4240747870,MALL-0046,False,3,
Bintaro Trade Center,mall,Pusat Perbelanjaan / Mall,Kota Tangerang Selatan,-6.279099,106.721094,osm_overpass:node/4240845890,MALL-0047,False,3,
BSD Plaza,mall,Pusat Perbelanjaan / Mall,Kota Tangerang Selatan,-6.279373,106.662856,osm_overpass:node/4240892885,MALL-0048,False,3,
Trade Mall Harco Glodok,mall,Pusat Perbelanjaan / Mall,Jakarta Utara,-6.143441,106.815666,osm_overpass:node/9728504528,MALL-0049,False,3,
Lotte Mart Ratu Plaza (Main Entrance),mall,Pusat Perbelanjaan / Mall,Jakarta Selatan,-6.226915,106.801417,osm_overpass:node/4242290016,MALL-0050,False,3,
Puri Indah Mall (Back Entrance),mall,Pusat Perbelanjaan / Mall,Kota Tangerang,-6.188027,106.734913,osm_overpass:node/4242314085,MALL-0051,False,3,
Mall Kelapa Gading 2 Main Entrance,mall,Pusat Perbelanjaan / Mall,Jakarta Utara,-6.158239,106.906397,osm_overpass:node/4242315906,MALL-0052,False,3,
Mall Kelapa Gading 1 Main Entrance,mall,Pusat Perbelanjaan / Mall,Jakarta Utara,-6.159431,106.906303,osm_overpass:node/4242316417,MALL-0053,False,3,
Puri Indah Mall (Main Entrance),mall,Pusat Perbelanjaan / Mall,Kota Tangerang,-6.188997,106.734683,osm_overpass:node/4242318761,MALL-0054,False,3,
Pasaraya,mall,Pusat Perbelanjaan / Mall,Jakarta Selatan,-6.245405,106.804029,osm_overpass:node/4244014955,MALL-0055,False,3,
ITC Cempaka Mas Side Entrance,mall,Pusat Perbelanjaan / Mall,Jakarta Timur,-6.166502,106.875979,osm_overpass:node/4254005153,MALL-0056,False,3,
Lippo Mall Puri 1 Side Entrance,mall,Pusat Perbelanjaan / Mall,Kota Tangerang,-6.190303,106.739152,osm_overpass:node/4254017186,MALL-0057,False,3,
Lippo Mall Bogor Plaza Emerald Lobby,mall,Pusat Perbelanjaan / Mall,Kota Bogor,-6.621286,106.817235,osm_overpass:node/4373116363,MALL-0058,False,3,
Citywalk Gajah Mada,mall,Pusat Perbelanjaan / Mall,Jakarta Utara,-6.145321,106.815043,osm_overpass:node/9728578603,MALL-0059,False,3,
BOLT! Zone Lippo Mall Puri,mall,Pusat Perbelanjaan / Mall,Kota Tangerang,-6.188903,106.738716,osm_overpass:node/4373238608,MALL-0060,False,3,
cileungsi trade center,mall,Pusat Perbelanjaan / Mall,Kota Depok,-6.408378,106.962572,osm_overpass:node/4809268185,MALL-0061,False,3,
Kelapa Gading Mall 3,mall,Pusat Perbelanjaan / Mall,Jakarta Utara,-6.157463,106.906885,osm_overpass:node/5068211209,MALL-0062,False,3,
Icon Walk Tangerang,mall,Pusat Perbelanjaan / Mall,Kota Tangerang,-6.186127,106.616673,osm_overpass:node/6725615562,MALL-0063,False,3,
Mall Taman Anggrek,mall,Pusat Perbelanjaan / Mall,Jakarta Barat,-6.1783,106.7925,osm_overpass:node/6731988970,MALL-0064,False,3,
The Park Sawangan,mall,Pusat Perbelanjaan / Mall,Kota Tangerang Selatan,-6.376341,106.744403,osm_overpass:node/7200020272,MALL-0065,False,3,
Plaza Jambu Dua - Pintu Masuk Jl. Jend. Ahmad Yani,mall,Pusat Perbelanjaan / Mall,Kota Bogor,-6.56869,106.80813,osm_overpass:node/7880258085,MALL-0066,False,3,
Yomart Yasmin,mall,Pusat Perbelanjaan / Mall,Kota Bogor,-6.570541,106.767605,osm_overpass:node/7882792985,MALL-0067,False,3,
Alfamidi Lotus Jasmine,mall,Pusat Perbelanjaan / Mall,Kota Bogor,-6.570387,106.767019,osm_overpass:node/7882792986,MALL-0068,False,3,
Mall BTM - Pintu Masuk Jl. H. Djuanda,mall,Pusat Perbelanjaan / Mall,Kota Bogor,-6.603865,106.796358,osm_overpass:node/7886909823,MALL-0069,False,3,
Bogor Indah Plaza,mall,Pusat Perbelanjaan / Mall,Kota Bogor,-6.561134,106.790449,osm_overpass:node/7887483959,MALL-0070,False,3,
Naga Swalayan,mall,Pusat Perbelanjaan / Mall,Kota Bekasi,-6.258158,107.050354,osm_overpass:node/9747859951,MALL-0071,False,4,
Halte Panunggangan Grand Serpong Mall,mall,Pusat Perbelanjaan / Mall,Kota Tangerang,-6.221228,106.633488,osm_overpass:node/9750522503,MALL-0072,False,4,
Halte Summarecon Mall Serpong,mall,Pusat Perbelanjaan / Mall,Kota Tangerang,-6.240653,106.629499,osm_overpass:node/9750533700,MALL-0073,False,4,
Ashta District 8,mall,Pusat Perbelanjaan / Mall,Jakarta Selatan,-6.229058,106.806852,osm_overpass:node/9755222519,MALL-0074,False,4,
WTC Mangga Dua,mall,Pusat Perbelanjaan / Mall,Jakarta Utara,-6.133186,106.830594,osm_overpass:way/34334670,MALL-0075,False,4,Hot-Swapped dari buffer MALL-BUF-001 (pengganti Sumarecon Mall Bekasi 404)
Pintu Masuk Utama Pusat Grosir Metro Tanah Abang,mall,Pusat Perbelanjaan / Mall,Jakarta Pusat,-6.187336,106.816369,osm_overpass:node/11575592949,MALL-0076,False,4,
Pondok Indah Mall 2,mall,Pusat Perbelanjaan / Mall,Jakarta Selatan,-6.265785,106.782779,osm_overpass:way/83489722,MALL-0077,False,4,Hot-Swapped dari buffer MALL-BUF-004 (pengganti Pondok Kelapa Town Square 404)
Q Square Lifestyle Bogor,mall,Pusat Perbelanjaan / Mall,Kota Bogor,-6.526282,106.832743,osm_overpass:node/11829445918,MALL-0078,False,4,
Travoy Hub,mall,Pusat Perbelanjaan / Mall,Jakarta Timur,-6.292888,106.880758,osm_overpass:node/11945113650,MALL-0079,False,4,
Agora Mall,mall,Pusat Perbelanjaan / Mall,Jakarta Pusat,-6.198373,106.821393,osm_overpass:node/12124292316,MALL-0080,False,4,
Stasiun Tas,market,Pasar Tradisional,Kota Bogor,-6.618648,106.821353,osm_overpass:node/1699822522,MKT-0001,False,4,
Pasar Leuwiliang,market,Pasar Tradisional,Kota Bogor,-6.573214,106.633073,osm_overpass:node/1753283800,MKT-0002,False,4,
Warung,market,Pasar Tradisional,Kota Bogor,-6.589734,106.827528,osm_overpass:node/1792949952,MKT-0003,False,4,
Pasar Musi,market,Pasar Tradisional,Kota Depok,-6.388456,106.849402,osm_overpass:node/1846437665,MKT-0004,False,4,
Pasar Palsigunung,market,Pasar Tradisional,Kota Depok,-6.358004,106.858921,osm_overpass:node/1855384447,MKT-0005,False,4,
Gelanggang Remaja Kecamatan Pasar Rebo,market,Pasar Tradisional,Kota Depok,-6.330165,106.855279,osm_overpass:way/119728073,MKT-0006,False,4,
Pasar Cileungsi,market,Pasar Tradisional,Kota Depok,-6.407002,106.962337,osm_overpass:node/2351926394,MKT-0007,False,4,
Pasar Tradisional Arinda,market,Pasar Tradisional,Kota Tangerang Selatan,-6.260543,106.709394,osm_overpass:node/2372285201,MKT-0008,False,4,
Pasar Tanah Merah,market,Pasar Tradisional,Jakarta Utara,-6.129905,106.794173,osm_overpass:node/2490616165,MKT-0009,False,4,
Pasar Kranggan,market,Pasar Tradisional,Kota Depok,-6.36457,106.923812,osm_overpass:node/2639372990,MKT-0010,False,4,
Pasar Pocong,market,Pasar Tradisional,Kab. Bekasi,-6.322656,106.975254,osm_overpass:node/2639379285,MKT-0011,False,4,
Pasar Jonggol,market,Pasar Tradisional,Kab. Bogor,-6.468621,107.064281,osm_overpass:node/2643281648,MKT-0012,False,4,
Pasar Ciputat,market,Pasar Tradisional,Kota Tangerang Selatan,-6.31256,106.746346,osm_overpass:node/2861917730,MKT-0013,False,4,
Pasar Mayestik,market,Pasar Tradisional,Jakarta Selatan,-6.2425,106.7919,osm_overpass:node/3415431050,MKT-0014,False,4,
Pasar Pengampuan,market,Pasar Tradisional,Jakarta Barat,-6.199153,106.76118,osm_overpass:node/4243984103,MKT-0015,False,4,
Pasar Seni Ancol,market,Pasar Tradisional,Jakarta Utara,-6.125741,106.838989,osm_overpass:node/4248163887,MKT-0016,False,4,
Pasar Jembatan Merah,market,Pasar Tradisional,Jakarta Utara,-6.148837,106.825673,osm_overpass:node/4248182973,MKT-0017,False,4,
Pasar Mobil Kemayoran,market,Pasar Tradisional,Jakarta Utara,-6.151688,106.844374,osm_overpass:node/4248212168,MKT-0018,False,4,
Hype Market,market,Pasar Tradisional,Kota Tangerang,-6.109738,106.737773,osm_overpass:node/4255917339,MKT-0019,False,4,
Pasar Rumput,market,Pasar Tradisional,Jakarta Pusat,-6.20712,106.841123,osm_overpass:node/4275270903,MKT-0020,False,4,
Pasar Genjing,market,Pasar Tradisional,Jakarta Timur,-6.194828,106.86086,osm_overpass:node/4275299265,MKT-0021,False,4,
Denpasar Arah Barat,market,Pasar Tradisional,Jakarta Selatan,-6.233315,106.821897,osm_overpass:node/4409362739,MKT-0022,False,4,
Pasar Ciluar,market,Pasar Tradisional,Kota Bogor,-6.544487,106.827225,osm_overpass:node/4482388478,MKT-0023,False,4,
Pasar Sukamakmur,market,Pasar Tradisional,Kab. Bogor,-6.571775,106.993088,osm_overpass:node/4727173302,MKT-0024,False,4,
Pasar Setu,market,Pasar Tradisional,Kab. Bekasi,-6.336428,107.045239,osm_overpass:node/4727224415,MKT-0025,False,4,
Pulo,market,Pasar Tradisional,Kota Bogor,-6.604944,106.792882,osm_overpass:node/4994363544,MKT-0026,False,4,
Laladon,market,Pasar Tradisional,Kota Bogor,-6.575977,106.752694,osm_overpass:node/4995844512,MKT-0027,False,4,
Pasar Ular Permai,market,Pasar Tradisional,Jakarta Utara,-6.114185,106.892417,osm_overpass:node/5057513960,MKT-0028,False,4,
Pasar Alamanda,market,Pasar Tradisional,Kota Bekasi,-6.223625,107.041187,osm_overpass:node/5057830096,MKT-0029,False,4,
Pasar Balekambang,market,Pasar Tradisional,Kota Bogor,-6.621836,106.80883,osm_overpass:node/5063672369,MKT-0030,False,4,
Pasar Kober,market,Pasar Tradisional,Jakarta Utara,-6.121497,106.870871,osm_overpass:node/5068568156,MKT-0031,False,4,
Pasar Prungpung,market,Pasar Tradisional,Kota Tangerang Selatan,-6.385161,106.680775,osm_overpass:node/5129787821,MKT-0032,False,4,
Pasar Villa Tangerang Elok,market,Pasar Tradisional,Kota Tangerang,-6.165427,106.567404,osm_overpass:node/5833636996,MKT-0033,False,4,
Kawasan Kuliner Pasar Lama,market,Pasar Tradisional,Kota Tangerang,-6.177712,106.630123,osm_overpass:node/6155553788,MKT-0034,False,4,
Pasar Saraswati Ciledug,market,Pasar Tradisional,Kota Tangerang,-6.225047,106.709016,osm_overpass:node/6648873092,MKT-0035,False,4,
zeropromosi,market,Pasar Tradisional,Kota Tangerang,-6.144033,106.666312,osm_overpass:node/6751777301,MKT-0036,False,4,
Pasar Pagi RW 15 Jatimulya,market,Pasar Tradisional,Kab. Bekasi,-6.265287,107.019419,osm_overpass:node/6841369796,MKT-0037,False,4,
COURTS CBD Ciledug,market,Pasar Tradisional,Kota Tangerang,-6.22447,106.708089,osm_overpass:node/7730219375,MKT-0038,False,4,
Service Laptop Murah,market,Pasar Tradisional,Kota Tangerang,-6.20651,106.65026,osm_overpass:node/7912846353,MKT-0039,False,4,
NTB Collection,market,Pasar Tradisional,Kota Tangerang,-6.205983,106.649745,osm_overpass:node/7912861459,MKT-0040,False,4,
Depot Air Minum Biru Rasuna Said Pakojan,market,Pasar Tradisional,Kota Tangerang,-6.207278,106.649219,osm_overpass:node/7912877768,MKT-0041,False,4,
TUJUH VAPE & Co,market,Pasar Tradisional,Kota Tangerang,-6.207032,106.649488,osm_overpass:node/7912921612,MKT-0042,False,4,
Warung Sayur Abadi,market,Pasar Tradisional,Kota Tangerang,-6.207566,106.649406,osm_overpass:node/7912923140,MKT-0043,False,4,
TIKI Agen Cipete,market,Pasar Tradisional,Kota Tangerang,-6.208225,106.649071,osm_overpass:node/7912938007,MKT-0044,False,4,
Blessing Store,market,Pasar Tradisional,Kota Tangerang,-6.2078,106.649145,osm_overpass:node/7912938935,MKT-0045,False,4,
Ratu Flat Shoes,market,Pasar Tradisional,Kota Tangerang,-6.208895,106.648739,osm_overpass:node/7912970702,MKT-0046,False,4,
Toko Tas Farenbags,market,Pasar Tradisional,Kota Tangerang,-6.20936,106.648361,osm_overpass:node/7912998580,MKT-0047,False,4,
Toko Satria Jaya,market,Pasar Tradisional,Kota Tangerang,-6.209926,106.648316,osm_overpass:node/7913033728,MKT-0048,False,4,
NEOadMediaPromo,market,Pasar Tradisional,Kota Tangerang,-6.148387,106.745711,osm_overpass:node/8269001126,MKT-0049,False,4,
Pertokoan Ps.Waru,market,Pasar Tradisional,Jakarta Timur,-6.224018,106.866026,osm_overpass:node/8413825387,MKT-0050,False,4,
Pasar Cideng Thomas,market,Pasar Tradisional,Jakarta Pusat,-6.179838,106.813373,osm_overpass:node/8414126722,MKT-0051,False,4,
Pasar Jembatan Besi,market,Pasar Tradisional,Jakarta Utara,-6.150391,106.797168,osm_overpass:node/8414383403,MKT-0052,False,4,
Pasar Paseban,market,Pasar Tradisional,Jakarta Pusat,-6.192136,106.848665,osm_overpass:node/9336457753,MKT-0053,False,4,
Pasar Kutabumi,market,Pasar Tradisional,Kota Tangerang,-6.15762,106.569143,osm_overpass:node/9678952307,MKT-0054,False,4,
Pasar Sindang,market,Pasar,Jakarta Utara,-6.1189,106.8972,osm_overpass:node/9727498718,MKT-0055,False,4,
Tukang Sayur,market,Pasar Tradisional,Kota Bekasi,-6.206036,107.014565,osm_overpass:node/10744907929,MKT-0056,False,4,
Pasar Palmerah,market,Pasar Tradisional,Jakarta Barat,-6.208244,106.795926,osm_overpass:way/119919348,MKT-0057,False,4,
Pasar Ciampea Baru,market,Pasar Tradisional,Kota Bogor,-6.550767,106.693236,osm_overpass:node/11479805772,MKT-0058,False,4,
Pasar Cempaka Putih,market,Pasar Tradisional,Jakarta Timur,-6.172318,106.862465,osm_overpass:node/11564683366,MKT-0059,False,4,
Pasar Baru Timur,market,Pasar Tradisional,Jakarta Pusat,-6.162331,106.838143,osm_overpass:node/11568547446,MKT-0060,False,4,
Pasar Induk,market,Pasar Tradisional,Jakarta Timur,-6.294222,106.872048,osm_overpass:node/11576512493,MKT-0061,False,4,
Pasar Pulogadung,market,Pasar Tradisional,Jakarta Timur,-6.18741,106.905929,osm_overpass:node/11613170641,MKT-0062,False,4,
Pasar Jaya Ciracas,market,Pasar,Kota Depok,-6.3267,106.8778,osm_overpass:node/11618413212,MKT-0063,False,4,
Pasar Santa Modern,market,Pasar Tradisional,Jakarta Selatan,-6.2392,106.8178,osm_overpass:node/11644806288,MKT-0064,False,4,
Pasar Enjo,market,Pasar Tradisional,Jakarta Timur,-6.214863,106.878358,osm_overpass:node/11744682973,MKT-0065,False,4,
Pasar Nyungcung,market,Pasar Tradisional,Kota Bogor,-6.458835,106.649189,osm_overpass:node/11829622229,MKT-0066,False,4,
Pasar Cakung,market,Pasar Tradisional,Jakarta Timur,-6.182687,106.937614,osm_overpass:node/11923007891,MKT-0067,False,4,
Pasar Modern,market,Pasar Tradisional,Kota Bekasi,-6.168594,106.974211,osm_overpass:node/11925077248,MKT-0068,False,4,
Petak Enam,market,Pasar Tradisional,Jakarta Utara,-6.141271,106.812483,osm_overpass:node/12164751801,MKT-0069,False,4,
Pasar Kutabumi Sementara,market,Pasar Tradisional,Kota Tangerang,-6.160662,106.571113,osm_overpass:node/12573776401,MKT-0070,False,4,
Indomaret Kebayoran Lama,market,Pasar Tradisional,Jakarta Selatan,-6.238159,106.780732,osm_overpass:node/12831678504,MKT-0071,False,4,
Lawson,market,Pasar Tradisional,Jakarta Selatan,-6.238238,106.772936,osm_overpass:node/12833839717,MKT-0072,False,4,
Pasar Lama Tangerang,market,Pasar Tradisional,Kota Tangerang,-6.17866,106.63027,osm_overpass:node/12869981814,MKT-0073,False,4,
Pasar Cimanggis Ciputat,market,Pasar Tradisional,Kota Tangerang Selatan,-6.324355,106.745315,osm_overpass:node/12898338106,MKT-0074,False,4,
Pasar Baru Bekasi,market,Pasar Tradisional,Kota Bekasi,-6.249082,107.014583,osm_overpass:node/13075194678,MKT-0075,False,4,
Pasar Tradisional Medang,market,Pasar Tradisional,Kota Tangerang Selatan,-6.263641,106.609724,osm_overpass:node/13260664901,MKT-0076,False,4,
Warung Jambu,market,Pasar Tradisional,Kota Bogor,-6.570628,106.807077,osm_overpass:way/71075909,MKT-0077,False,4,
Traditional Market,market,Pasar Tradisional,Jakarta Utara,-6.15182,106.95176,osm_overpass:way/97192738,MKT-0078,False,4,
Pasar Cisalak,market,Pasar Tradisional,Kota Depok,-6.37775,106.867622,osm_overpass:way/120006301,MKT-0079,False,4,
Unit Usaha Pasar Induk Kramat Jati,market,Pasar Tradisional,Jakarta Timur,-6.295188,106.869889,osm_overpass:way/119428694,MKT-0080,False,4,
Pasar Anyar,market,Pasar Tradisional,Kota Bogor,-6.59163,106.792142,osm_overpass:way/120050412,MKT-0081,False,4,
Pasar Jaya Ciracas,market,Pasar Tradisional,Kota Depok,-6.330489,106.87103,osm_overpass:way/120320890,MKT-0082,False,4,
Pasar Slipi,market,Pasar Tradisional,Jakarta Barat,-6.190276,106.795909,osm_overpass:way/120910680,MKT-0083,False,4,
Pasar Kembang Cikini,market,Pasar Tradisional,Jakarta Pusat,-6.197136,106.84104,osm_overpass:way/155106481,MKT-0084,False,4,Hot-Swapped dari buffer MKT-BUF-001 (pengganti Pasar Bintara 404)
Pasar Lontar Kebon Melati,market,Pasar Tradisional,Jakarta Pusat,-6.193051,106.812331,osm_overpass:way/155110132,MKT-0085,False,4,Hot-Swapped dari buffer MKT-BUF-002 (pengganti Pasar Jaya: Pasar Automotive Onderdil dan Variasi 404)
Pasar Ciomas,market,Pasar Tradisional,Kota Bogor,-6.602855,106.768061,osm_overpass:way/141461548,MKT-0086,False,4,
Pasar Gunung Batu,market,Pasar Tradisional,Kota Bogor,-6.594156,106.778069,osm_overpass:way/142489999,MKT-0087,False,4,
Goodyear,market,Pasar Tradisional,Kota Bogor,-6.576295,106.794832,osm_overpass:way/142928172,MKT-0088,False,4,
Pasar Jaya Lenteng Agung,market,Pasar Tradisional,Kota Depok,-6.331395,106.832863,osm_overpass:way/153303336,MKT-0089,False,4,
Pasar Bukit,market,Pasar Tradisional,Kota Tangerang Selatan,-6.324827,106.711538,osm_overpass:way/153318128,MKT-0090,False,4,
De Market,market,Pasar Tradisional,Kota Depok,-6.422008,106.829792,osm_overpass:way/153750198,MKT-0091,False,4,
Jalanbaru Market,market,Pasar Tradisional,Jakarta Utara,-6.102501,106.927905,osm_overpass:way/153941187,MKT-0092,False,4,
Pasar Kombongan,market,Pasar Tradisional,Jakarta Pusat,-6.161224,106.840969,osm_overpass:way/154078986,MKT-0093,False,4,
Pasar Anyar Bahari,market,Pasar Tradisional,Jakarta Utara,-6.114754,106.879165,osm_overpass:way/154828482,MKT-0094,False,4,
Pasar Sindang,market,Pasar Tradisional,Jakarta Utara,-6.111548,106.896812,osm_overpass:way/154830107,MKT-0095,False,4,
pasar impers,market,Pasar Tradisional,Jakarta Timur,-6.175802,106.906937,osm_overpass:way/154834889,MKT-0096,False,4,
Pasar Sinar,market,Pasar Tradisional,Jakarta Utara,-6.111842,106.907917,osm_overpass:way/154838032,MKT-0097,False,4,
Ruko,market,Pasar Tradisional,Jakarta Utara,-6.112534,106.907972,osm_overpass:way/154838035,MKT-0098,False,4,
Pasar Nalo,market,Pasar Tradisional,Jakarta Utara,-6.130169,106.83576,osm_overpass:way/154839177,MKT-0099,False,4,
Pasar Cempaka Sari III (Bedeng),market,Pasar Tradisional,Jakarta Pusat,-6.169544,106.857495,osm_overpass:way/154966943,MKT-0100,False,4,
Lapangan Sempur,stadium,Stadion & Arena Olahraga,Kota Bogor,-6.591023,106.800544,osm_overpass:node/1014201022,STD-0001,False,4,
Lapangan FMIPA UI,stadium,Stadion & Arena Olahraga,Kota Depok,-6.369105,106.827021,osm_overpass:node/1287380201,STD-0002,False,4,
Gold's Gym,stadium,Stadion & Arena Olahraga,Jakarta Selatan,-6.291654,106.800954,osm_overpass:node/1357994422,STD-0003,False,4,
Taman Rasuna Gym,stadium,Stadion & Arena Olahraga,Jakarta Timur,-6.220172,106.836784,osm_overpass:node/1395485008,STD-0004,False,4,
Lapangan Haji Sayuti,stadium,Stadion & Arena Olahraga,Jakarta Timur,-6.187704,106.886713,osm_overpass:node/1682943698,STD-0005,False,4,
Taman Pajajaran Sports and Recreation Centre,stadium,Stadion & Arena Olahraga,Kota Bogor,-6.618128,106.824184,osm_overpass:node/1736977471,STD-0006,False,4,
Villa Duta Clubhouse,stadium,Stadion & Arena Olahraga,Kota Bogor,-6.609816,106.817155,osm_overpass:node/1739404433,STD-0007,False,4,
GYM,stadium,Stadion & Arena Olahraga,Kota Depok,-6.389001,106.814491,osm_overpass:node/1839294572,STD-0008,False,4,
Gymnasium UI,stadium,Stadion & Arena Olahraga,Kota Depok,-6.366937,106.821758,osm_overpass:node/1855366594,STD-0009,False,4,
Silat Bogor,stadium,Stadion & Arena Olahraga,Kota Bogor,-6.609761,106.805198,osm_overpass:node/2007444544,STD-0010,False,4,
LAP. BOLA,stadium,Stadion & Arena Olahraga,Kota Bogor,-6.634479,106.82799,osm_overpass:node/2312556394,STD-0011,False,4,
Sports Centre,stadium,Stadion & Arena Olahraga,Kota Bogor,-6.639344,106.804614,osm_overpass:node/2399024787,STD-0012,False,4,
GOR Soemantri Brodjonegoro,stadium,Stadion & Arena Olahraga,Jakarta Timur,-6.221302,106.831879,osm_overpass:node/2399024788,STD-0013,False,4,
Futsal,stadium,Stadion & Arena Olahraga,Kota Depok,-6.332136,106.945449,osm_overpass:node/2640372950,STD-0014,False,4,
Vidite Futsal,stadium,Stadion & Arena Olahraga,Kota Depok,-6.330489,106.948116,osm_overpass:node/2640384528,STD-0015,False,4,
Andalas Futsal,stadium,Stadion & Arena Olahraga,Jakarta Timur,-6.315674,106.950629,osm_overpass:node/2641720771,STD-0016,False,4,
Lake Club House,stadium,Stadion & Arena Olahraga,Kota Tangerang Selatan,-6.257389,106.657249,osm_overpass:node/3673494420,STD-0017,False,4,
GOR Periuk,stadium,Stadion & Arena Olahraga,Kota Tangerang,-6.170165,106.594476,osm_overpass:node/3759813101,STD-0018,False,4,
Gedung Olahraga,stadium,Stadion & Arena Olahraga,Kab. Bekasi,-6.288726,106.967607,osm_overpass:node/4146179951,STD-0019,False,4,
GOR Velodrome Rawamangun,stadium,Stadion & Arena Olahraga,Jakarta Timur,-6.192865,106.888702,osm_overpass:node/4242680779,STD-0020,False,4,
Tangkas Sports Center,stadium,Stadion & Arena Olahraga,Jakarta Barat,-6.168858,106.777276,osm_overpass:node/4247777101,STD-0021,False,4,
Asaba Sport Center,stadium,Stadion & Arena Olahraga,Jakarta Utara,-6.126223,106.787665,osm_overpass:node/4255795014,STD-0022,False,4,
GOR Futsal Harvest,stadium,Stadion & Arena Olahraga,Kab. Bekasi,-6.393028,106.998868,osm_overpass:node/4714910590,STD-0023,False,4,
Venetian Water Carnaval,stadium,Stadion & Arena Olahraga,Kota Bekasi,-6.218768,107.035974,osm_overpass:node/5057824852,STD-0024,False,4,
Paledang Bogor City Prison,stadium,Stadion & Arena Olahraga,Kota Bogor,-6.596056,106.789713,osm_overpass:node/5103676921,STD-0025,False,4,
Stadion Benteng,stadium,Stadion & Arena Olahraga,Kota Tangerang,-6.173936,106.639515,osm_overpass:way/28981816,STD-0026,False,4,
Tunaspoker,stadium,Stadion & Arena Olahraga,Jakarta Selatan,-6.271415,106.75242,osm_overpass:node/6604464785,STD-0027,False,4,
Calisthenics Park Sempur,stadium,Stadion & Arena Olahraga,Kota Bogor,-6.591894,106.799719,osm_overpass:node/6856617694,STD-0028,False,4,
Swanarapala Climbing Wall,stadium,Stadion & Arena Olahraga,Jakarta Barat,-6.20198,106.780369,osm_overpass:node/6905624046,STD-0029,False,4,
GOR Grogol Petamburan,stadium,Stadion & Arena Olahraga,Jakarta Barat,-6.16088,106.796499,osm_overpass:node/9064896764,STD-0030,False,4,
Climbing Wall,stadium,Stadion & Arena Olahraga,Kab. Bekasi,-6.310311,107.000085,osm_overpass:node/9880126682,STD-0031,False,4,
Apira Sport Center,stadium,Stadion & Arena Olahraga,Kota Depok,-6.371802,106.808423,osm_overpass:node/9941529672,STD-0032,False,4,
Sports Center Gunadarma,stadium,Stadion & Arena Olahraga,Kota Depok,-6.352426,106.83645,osm_overpass:node/10570636664,STD-0033,False,4,
Arjuna Billiards,stadium,Stadion & Arena Olahraga,Jakarta Barat,-6.189859,106.758945,osm_overpass:node/10591372004,STD-0034,False,4,
911 Billiard,stadium,Stadion & Arena Olahraga,Kota Tangerang,-6.240726,106.656573,osm_overpass:node/10725861003,STD-0035,False,4,
Graha Mutiara Sports Club,stadium,Stadion & Arena Olahraga,Kab. Bekasi,-6.267177,107.015423,osm_overpass:node/11269479256,STD-0036,False,4,
Gelanggang Remaja,stadium,Stadion & Arena Olahraga,Jakarta Timur,-6.235428,106.867946,osm_overpass:node/11576512487,STD-0037,False,4,
Flyover Raya Bogor,stadium,Stadion & Arena Olahraga,Jakarta Timur,-6.306526,106.865751,osm_overpass:node/11576512495,STD-0038,False,4,
Studio Renang,stadium,Stadion & Arena Olahraga,Kota Tangerang Selatan,-6.300821,106.690455,osm_overpass:node/11622312809,STD-0039,False,4,
Lapangan Bulu Tangkis RT 03/RW 02,stadium,Stadion & Arena Olahraga,Kota Tangerang,-6.155496,106.736949,osm_overpass:node/12265726201,STD-0040,False,4,
GOR Badminton TVRI,stadium,Stadion & Arena Olahraga,Jakarta Barat,-6.212646,106.802188,osm_overpass:node/12860563562,STD-0041,False,4,
GOR ERFA Citayam Bogor,stadium,Stadion & Arena Olahraga,Kota Depok,-6.446717,106.758726,osm_overpass:node/13363410601,STD-0042,False,4,
Filari Sport Center,stadium,Stadion & Arena Olahraga,Jakarta Timur,-6.258682,106.834028,osm_overpass:node/13725742522,STD-0043,False,4,
Padel Land,stadium,Stadion & Arena Olahraga,Kota Bekasi,-6.166102,106.975107,osm_overpass:node/13955439902,STD-0044,False,4,
Stadiums Futsal,stadium,Stadion & Arena Olahraga,Kota Tangerang Selatan,-6.252977,106.6681,osm_overpass:node/14182333501,STD-0045,False,4,
Nine Padel,stadium,Stadion & Arena Olahraga,Jakarta Pusat,-6.170495,106.818234,osm_overpass:node/14241642203,STD-0046,False,4,
Petojo Arena Badminton,stadium,Stadion & Arena Olahraga,Jakarta Pusat,-6.170528,106.815063,osm_overpass:node/14245814401,STD-0047,False,4,
Indonesia Arena,stadium,Stadion & Arena Olahraga,Jakarta Barat,-6.215013,106.799826,osm_overpass:way/29203124,STD-0048,False,4,
Stadion Pulo Mas,stadium,Stadion & Arena Olahraga,Jakarta Timur,-6.173969,106.880442,osm_overpass:way/29449894,STD-0049,False,4,
Lapangan Bhayangkara Mabes Polri,stadium,Stadion & Arena Olahraga,Jakarta Selatan,-6.240142,106.801577,osm_overpass:way/28197985,STD-0050,False,4,
Gelanggang Olahraga Velodrome Rawamangun,stadium,Stadion & Arena Olahraga,Jakarta Timur,-6.191969,106.889808,osm_overpass:way/29483761,STD-0051,False,4,
Jakarta International Velodrome,stadium,Stadion & Arena Olahraga,Jakarta Timur,-6.190945,106.890081,osm_overpass:way/29483769,STD-0052,False,4,
Stadion Atletik dan Sepak Bola Dinas Kemenpora DKI Jakarta,stadium,Stadion & Arena Olahraga,Jakarta Timur,-6.192187,106.888691,osm_overpass:way/29483785,STD-0053,False,4,
Kolam Renang dan Lapangan Tenis Tirta Mas,stadium,Stadion & Arena Olahraga,Jakarta Timur,-6.185921,106.892185,osm_overpass:way/29485408,STD-0054,False,4,
Cempaka Putih Sport Center Arcici,stadium,Stadion & Arena Olahraga,Jakarta Timur,-6.184083,106.869291,osm_overpass:way/29814690,STD-0055,False,4,
LAB Bahasa IPB,university,Universitas & Kampus,Kota Bogor,-6.58721,106.806278,osm_overpass:node/1572825301,UNIV-0001,False,4,
Politeknik Trisula Dharma,university,Universitas & Kampus,Kota Depok,-6.38111,106.80273,osm_overpass:node/1922979757,UNIV-0002,False,4,
SMAS BINA RUHAMA,university,Universitas & Kampus,Kota Bogor,-6.589679,106.838853,osm_overpass:node/2398010242,UNIV-0003,False,4,
Politeknik Keuangan Negara STAN,university,Universitas & Kampus,Kota Tangerang Selatan,-6.269914,106.732369,osm_overpass:node/4145875213,UNIV-0004,False,4,
Kalbis Institute,university,Universitas & Kampus,Jakarta Timur,-6.178496,106.876891,osm_overpass:node/4152444161,UNIV-0005,False,4,
Bina Sarana Informatika Margonda,university,Universitas & Kampus,Kota Depok,-6.357529,106.83286,osm_overpass:node/4240902698,UNIV-0006,False,4,
BSI SQUARE Kaliabang Bekasi,university,Universitas & Kampus,Kota Bekasi,-6.206314,107.015361,osm_overpass:node/4240910820,UNIV-0007,False,4,
Universitas Satya Negara Indonesia (Kampus B USNI),university,Universitas & Kampus,Kab. Bekasi,-6.27383,107.02,osm_overpass:node/4243820200,UNIV-0008,False,4,
Indonesia International Institute for Life-Sciences,university,Universitas & Kampus,Jakarta Timur,-6.179179,106.878489,osm_overpass:node/4243842960,UNIV-0009,False,4,
Prasetiya Mulya Business School,university,Universitas & Kampus,Kota Tangerang Selatan,-6.300136,106.639061,osm_overpass:node/4248073605,UNIV-0010,False,4,
STIE Paripurna,university,Universitas & Kampus,Kota Tangerang Selatan,-6.325145,106.744164,osm_overpass:node/4248083886,UNIV-0011,False,4,
AkPar Nusantara,university,Universitas & Kampus,Jakarta Selatan,-6.310941,106.754819,osm_overpass:node/4248093447,UNIV-0012,False,4,
AMIK BSI CIPUTAT,university,Universitas & Kampus,Jakarta Selatan,-6.311109,106.750952,osm_overpass:node/4248104604,UNIV-0013,False,4,
AMIK Wahana Mandiri,university,Universitas & Kampus,Kota Depok,-6.345236,106.757415,osm_overpass:node/4248117167,UNIV-0014,False,4,
Akademi Refraksi Optisi Gapopin,university,Universitas & Kampus,Kota Tangerang Selatan,-6.263134,106.715019,osm_overpass:node/4248120154,UNIV-0015,False,4,
Praba Engineering Services,university,Universitas & Kampus,Kota Depok,-6.370389,106.794776,osm_overpass:node/4555468602,UNIV-0016,False,4,
International University Liaison Indonesia,university,Universitas & Kampus,Kota Tangerang Selatan,-6.30342,106.652889,osm_overpass:node/4721277185,UNIV-0017,False,4,
Akademik Manajemen Informasi dan Komunikasi,university,Universitas & Kampus,Jakarta Timur,-6.225571,106.876796,osm_overpass:node/4842721737,UNIV-0018,False,4,
STMIK Muhammadiyah,university,Universitas & Kampus,Jakarta Timur,-6.208546,106.863002,osm_overpass:node/4857308698,UNIV-0019,False,4,
London School Public Relations,university,Universitas & Kampus,Jakarta Pusat,-6.20507,106.817089,osm_overpass:node/4867479032,UNIV-0020,False,4,
Sekolah Pasca Sarjana USAHID,university,Universitas & Kampus,Jakarta Pusat,-6.209907,106.819622,osm_overpass:node/4867479035,UNIV-0021,False,4,
Fakultas Kedokteran Harapan Kita,university,Universitas & Kampus,Jakarta Barat,-6.185598,106.797508,osm_overpass:node/4877554299,UNIV-0022,False,4,
Institut Agama Islam Al-Ghurabaa,university,Universitas & Kampus,Jakarta Timur,-6.199136,106.89227,osm_overpass:node/4883015190,UNIV-0023,False,4,
Gedung Rektorat Universitas Pakuan,university,Universitas & Kampus,Kota Bogor,-6.599343,106.812303,osm_overpass:node/4905252636,UNIV-0024,False,4,
STIE PBM,university,Universitas & Kampus,Jakarta Timur,-6.259726,106.863845,osm_overpass:node/4914380348,UNIV-0025,False,4,
Sekolah Tinggi Ilmu Ekonomi Bhakti Prasetya Karya Praja,university,Universitas & Kampus,Kota Tangerang,-6.15319,106.703416,osm_overpass:node/4916416978,UNIV-0026,False,4,
SMA N 4 Cibinong,university,Universitas & Kampus,Kab. Bogor,-6.486405,106.858658,osm_overpass:node/6474593473,UNIV-0027,False,4,
Institut Fajrul Islam,university,Universitas & Kampus,Kota Tangerang,-6.129348,106.695424,osm_overpass:node/4967774128,UNIV-0028,False,4,
Trisakti School of Management (TSM),university,Universitas & Kampus,Jakarta Barat,-6.16725,106.793738,osm_overpass:node/6611634435,UNIV-0029,False,4,
Akademi Keperawatan RS Husada,university,Universitas & Kampus,Jakarta Utara,-6.146166,106.829287,osm_overpass:node/4994320035,UNIV-0030,False,4,
STIE,university,Universitas & Kampus,Jakarta Pusat,-6.162019,106.842349,osm_overpass:node/4996688488,UNIV-0031,False,4,
Podomoro University,university,Universitas & Kampus,Jakarta Barat,-6.177279,106.79214,osm_overpass:node/5033660303,UNIV-0032,False,4,
STKIP Purnama,university,Universitas & Kampus,Jakarta Selatan,-6.24148,106.805307,osm_overpass:node/5044261097,UNIV-0033,False,4,
Sekolah Pendidikan Angkatan Udara,university,Universitas & Kampus,Jakarta Timur,-6.275076,106.885578,osm_overpass:node/5046478242,UNIV-0034,False,4,
STKIP Panca Sakti,university,Universitas & Kampus,Jakarta Utara,-6.126066,106.884283,osm_overpass:node/5055205167,UNIV-0035,False,4,
Sekolah Tinggi Teologi Pokok Anggur,university,Universitas & Kampus,Kota Tangerang,-6.139317,106.733251,osm_overpass:node/5057618604,UNIV-0036,False,4,
STKIP Kusuma Negara,university,Universitas & Kampus,Jakarta Utara,-6.117057,106.88369,osm_overpass:node/5083267794,UNIV-0037,False,4,
STIE Wiyatamandala,university,Universitas & Kampus,Jakarta Utara,-6.121383,106.891293,osm_overpass:node/5096745789,UNIV-0038,False,4,
Akademi Pariwisata Bhakti Nusantara,university,Universitas & Kampus,Jakarta Utara,-6.137865,106.915795,osm_overpass:node/5112684148,UNIV-0039,False,4,
Sekolah Tinggi Ilmu Ekonomi Ganesha,university,Universitas & Kampus,Jakarta Selatan,-6.31232,106.75497,osm_overpass:node/5226452211,UNIV-0040,False,4,
Agus Har,university,Universitas & Kampus,Jakarta Utara,-6.132768,106.900525,osm_overpass:node/5714168821,UNIV-0041,False,4,
Universitas Muhammadiyah Tangerang,university,Universitas & Kampus,Kota Tangerang,-6.171808,106.633471,osm_overpass:node/6150681488,UNIV-0042,False,4,
Perguruan Tinggi Lepisi,university,Universitas & Kampus,Kota Tangerang,-6.168411,106.627221,osm_overpass:node/6154723585,UNIV-0043,False,4,
Universitas Pertahanan,university,Universitas & Kampus,Jakarta Pusat,-6.196867,106.850223,osm_overpass:node/6219015593,UNIV-0044,False,4,
UKI Pasca Sarjana,university,Universitas & Kampus,Jakarta Pusat,-6.197425,106.848206,osm_overpass:node/6219015595,UNIV-0045,False,4,
STIE & STMIK Jayakarta,university,Universitas & Kampus,Jakarta Pusat,-6.197962,106.851636,osm_overpass:node/6219025299,UNIV-0046,False,4,
Institut BPJS Ketenagakerjaan,university,Universitas & Kampus,Kota Bogor,-6.566043,106.802435,osm_overpass:node/6227362794,UNIV-0047,False,4,
STIE Binaniaga,university,Universitas & Kampus,Kota Bogor,-6.576195,106.807327,osm_overpass:node/6227494285,UNIV-0048,False,4,
IPB Pasca Sarjana Manajemen dan Bisnis,university,Universitas & Kampus,Kota Bogor,-6.586659,106.806304,osm_overpass:node/6227650791,UNIV-0049,False,4,
STIK Sint Carolus Pasca Sarjana,university,Universitas & Kampus,Jakarta Pusat,-6.193472,106.852326,osm_overpass:node/6249961694,UNIV-0050,False,4,
STIK Sint Carolus,university,Universitas & Kampus,Jakarta Pusat,-6.195344,106.85086,osm_overpass:node/6249962100,UNIV-0051,False,4,
STIE Jaya Kusuma,university,Universitas & Kampus,Jakarta Pusat,-6.170066,106.819692,osm_overpass:node/6251586087,UNIV-0052,False,4,
London School,university,Universitas & Kampus,Jakarta Pusat,-6.168605,106.820831,osm_overpass:node/6251586090,UNIV-0053,False,4,
Akademi Kebidanan Karya Bunda Husada,university,Universitas & Kampus,Kota Tangerang,-6.19609,106.623057,osm_overpass:node/6264013285,UNIV-0054,False,4,
STIE Ahmad Dahlan,university,Universitas & Kampus,Kota Tangerang,-6.218858,106.618352,osm_overpass:node/6264075996,UNIV-0055,False,4,
Pakarti Luhur,university,Universitas & Kampus,Kota Tangerang,-6.211927,106.6192,osm_overpass:node/6264106088,UNIV-0056,False,4,
STKIP Surya,university,Universitas & Kampus,Kota Tangerang,-6.207359,106.618749,osm_overpass:node/6264117088,UNIV-0057,False,4,
STMIK MASA DEPAN,university,Universitas & Kampus,Kota Tangerang,-6.185094,106.612413,osm_overpass:node/6269599989,UNIV-0058,False,4,
Bina Sarana Informatika,university,Universitas & Kampus,Kota Tangerang,-6.186126,106.610254,osm_overpass:node/6269600086,UNIV-0059,False,4,
Politeknik LP3I Cimone,university,Universitas & Kampus,Kota Tangerang,-6.185456,106.610238,osm_overpass:node/6269600087,UNIV-0060,False,4,
ATI Tunas Bangsa,university,Universitas & Kampus,Jakarta Barat,-6.16439,106.789828,osm_overpass:node/6284561394,UNIV-0061,False,4,
SMPN 2 Tangerang,university,Universitas & Kampus,Kota Tangerang,-6.171594,106.63622,osm_overpass:node/6728568142,UNIV-0062,False,4,
Universitas Raharja,university,Universitas & Kampus,Kota Tangerang,-6.195413,106.634403,osm_overpass:node/6728708950,UNIV-0063,False,4,
ST Bahasa Asing,university,Universitas & Kampus,Jakarta Timur,-6.223179,106.866838,osm_overpass:node/6728983357,UNIV-0064,False,4,
STIE Kesatuan Bogor,university,Universitas & Kampus,Kota Bogor,-6.60616,106.79955,osm_overpass:node/7881032785,UNIV-0065,False,4,
Pintu Masuk/Keluar - STIKES Wijaya Husada Bogor,university,Universitas & Kampus,Kota Bogor,-6.580369,106.766451,osm_overpass:node/7884195385,UNIV-0066,False,4,
Politeknik Kesehatan Bogor Prodi Keperawatan & Kebidanan,university,Universitas & Kampus,Kota Bogor,-6.58217,106.778937,osm_overpass:node/7887560686,UNIV-0067,False,4,
Akademi Keperawatan PGI Cikini,university,Universitas & Kampus,Jakarta Pusat,-6.190381,106.841702,osm_overpass:node/9577005317,UNIV-0068,False,4,
"Monash University, Indonesia",university,Universitas & Kampus,Kota Tangerang Selatan,-6.302281,106.652246,osm_overpass:node/9577690630,UNIV-0069,False,4,
Matana University,university,Universitas & Kampus,Kota Tangerang,-6.244831,106.624666,osm_overpass:node/9684621887,UNIV-0070,False,4,
Universitas Muhammadiyah Tangerang,university,Universitas & Kampus,Kota Tangerang,-6.192484,106.630898,osm_overpass:node/9695795540,UNIV-0071,False,4,
Halte Bus Universitas Bunda Mulia,university,Universitas & Kampus,Jakarta Utara,-6.131372,106.817872,osm_overpass:node/9729253271,UNIV-0072,False,4,
Halte Universitas Raharja,university,Universitas & Kampus,Kota Tangerang,-6.195524,106.633904,osm_overpass:node/9748379331,UNIV-0073,False,4,
Universitas Sampoerna,university,Universitas & Kampus,Jakarta Timur,-6.248585,106.843714,osm_overpass:node/9938310357,UNIV-0074,False,4,
Politeknik Kartini Jakarta,university,Universitas & Kampus,Jakarta Selatan,-6.238215,106.770362,osm_overpass:node/10739471452,UNIV-0075,False,4,
Politeknik Statistika STIS,university,Universitas & Kampus,Jakarta Timur,-6.231459,106.866821,osm_overpass:node/11009751307,UNIV-0076,False,4,
Universitas Buddhi Dharma,university,Universitas & Kampus,Kota Tangerang,-6.186983,106.626661,osm_overpass:way/239436618,UNIV-0077,False,4,Hot-Swapped dari buffer UNIV-BUF-001 (pengganti STIE Tri Bhakti 404)
Kampus IPB Baranangsiang,university,Universitas & Kampus,Kota Bogor,-6.600245,106.80646,osm_overpass:node/11132298077,UNIV-0078,False,4,
Central Queensland University Jakarta Study Hub,university,Universitas & Kampus,Jakarta Selatan,-6.230429,106.823699,osm_overpass:node/11523874224,UNIV-0079,False,4,
Sekolah Tinggi Ilmu Pemerintah - Abdi Negara,university,Universitas & Kampus,Kota Depok,-6.340991,106.835765,osm_overpass:way/240454678,UNIV-0080,False,4,Hot-Swapped dari buffer UNIV-BUF-002 (pengganti Sekolah Tinggi Ilmu Tarbiyah INSIDA 404)
Sekolah IPEKA Pluit,university,Universitas & Kampus,Jakarta Utara,-6.119188,106.79661,osm_overpass:way/246964306,UNIV-0081,False,4,Hot-Swapped dari buffer UNIV-BUF-003 (pengganti Perguruan Tinggi Islam Al Halimiyah 404)
Gunadarma Kampus F4,university,Universitas & Kampus,Kota Depok,-6.37374,106.863243,osm_overpass:node/11773070141,UNIV-0082,False,4,
Darussalam Teaching Training College,university,Universitas & Kampus,Kota Bogor,-6.59225,106.75326,osm_overpass:node/11933115363,UNIV-0083,False,4,
STIKOM El Rahma,university,Universitas & Kampus,Kota Bogor,-6.590316,106.785513,osm_overpass:node/11947653372,UNIV-0084,False,4,
Kampus Utama Institut Teknologi PLN (ITPLN),university,Universitas & Kampus,Kota Tangerang,-6.168244,106.726372,osm_overpass:node/13167094252,UNIV-0085,False,4,
Pesantren Modern Tahfidz Ar-Rahmah,university,Universitas & Kampus,Kota Tangerang,-6.184544,106.617177,osm_overpass:node/13185374649,UNIV-0086,False,5,
Sekolah Tinggi Meteorologi Klimatologi dan Geofisika (STMKG),university,Universitas & Kampus,Kota Tangerang,-6.17194,106.645759,osm_overpass:node/13293899237,UNIV-0087,False,5,
Jakarta International College,university,Universitas & Kampus,Jakarta Barat,-6.181255,106.796059,osm_overpass:node/13326343093,UNIV-0088,False,5,
Universitas bakrie,university,Universitas & Kampus,Jakarta Timur,-6.221108,106.833243,osm_overpass:node/13717653379,UNIV-0089,False,5,
"Faculty Economics and Business, UIN Syarif Hidayatullah",university,Universitas & Kampus,Jakarta Selatan,-6.310914,106.756621,osm_overpass:node/13769211001,UNIV-0090,False,5,
FKUI Departemen Patologi Anatomik,university,Universitas & Kampus,Jakarta Pusat,-6.195061,106.847641,osm_overpass:node/13949471301,UNIV-0091,False,5,
Universitas Pamulang Witana Harja,university,Universitas & Kampus,Kota Tangerang Selatan,-6.345981,106.730617,osm_overpass:node/14064019801,UNIV-0092,False,5,
"Gedung Z, Teknik Grafika dan Percetakan",university,Universitas & Kampus,Kota Depok,-6.369887,106.822969,osm_overpass:way/119290804,UNIV-0093,False,5,
"Gedung Q, Direktorat",university,Universitas & Kampus,Kota Depok,-6.370863,106.824617,osm_overpass:way/119291013,UNIV-0094,False,5,
Administrasi Bisnis Building,university,Universitas & Kampus,Kota Depok,-6.370471,106.82302,osm_overpass:way/119291076,UNIV-0095,False,5,
"Gedung A, Jurusan Teknik Mesin",university,Universitas & Kampus,Kota Depok,-6.371372,106.823566,osm_overpass:way/119291412,UNIV-0096,False,5,
"Gedung T, Depatemen Sipil",university,Universitas & Kampus,Kota Depok,-6.372854,106.825523,osm_overpass:way/119291489,UNIV-0097,False,5,
Gedung C,university,Universitas & Kampus,Kota Depok,-6.372106,106.823591,osm_overpass:way/119293044,UNIV-0098,False,5,
"Gedung F, Akuntansi",university,Universitas & Kampus,Kota Depok,-6.370934,106.823511,osm_overpass:way/119293046,UNIV-0099,False,5,
Gedung B,university,Universitas & Kampus,Kota Depok,-6.371751,106.823578,osm_overpass:way/119293048,UNIV-0100,False,5,
Gedung Penyimpanan Alat Berat,university,Universitas & Kampus,Kota Depok,-6.371824,106.825702,osm_overpass:way/119293808,UNIV-0101,False,5,
Universitas Jayabaya,university,Universitas & Kampus,Kota Depok,-6.353691,106.861025,osm_overpass:way/119417286,UNIV-0102,False,5,
Kampus Sekolah Tinggi Ilmu Kesehatan BINAWAN,university,Universitas & Kampus,Jakarta Timur,-6.257715,106.863081,osm_overpass:way/119451675,UNIV-0103,False,5,
Universitas Yarsi,university,Universitas & Kampus,Jakarta Timur,-6.169708,106.869774,osm_overpass:way/119788128,UNIV-0104,False,5,
Universitas MH Thamrin,university,Universitas & Kampus,Jakarta Timur,-6.287681,106.874758,osm_overpass:way/119901543,UNIV-0105,False,5,
STKIP Kusuma Negara Jakarta,university,Universitas & Kampus,Jakarta Timur,-6.31452,106.862305,osm_overpass:way/119907274,UNIV-0106,False,5,
Universitas Borobudur,university,Universitas & Kampus,Jakarta Timur,-6.244036,106.897745,osm_overpass:way/120161323,UNIV-0107,False,5,
STEI Husnayain,university,Universitas & Kampus,Kota Depok,-6.341232,106.863142,osm_overpass:way/120383126,UNIV-0108,False,5,
Universitas Budi Luhur,university,Universitas & Kampus,Jakarta Pusat,-6.199363,106.853203,osm_overpass:way/120503960,UNIV-0109,False,5,
Sekolah Tinggi Perpajakan Indonesia,university,Universitas & Kampus,Jakarta Pusat,-6.200557,106.855619,osm_overpass:way/120503972,UNIV-0110,False,5,
Universitas Persada Indonesia Fakultas Teknik UPI YAI,university,Universitas & Kampus,Jakarta Pusat,-6.192806,106.84915,osm_overpass:way/120510315,UNIV-0111,False,5,
Sekolah Tinggi Teknologi Sapta Taruna,university,Universitas & Kampus,Jakarta Timur,-6.240917,106.876977,osm_overpass:way/121195908,UNIV-0112,False,5,
STIA LAN,university,Universitas & Kampus,Jakarta Barat,-6.199979,106.807404,osm_overpass:way/122152099,UNIV-0113,False,5,
Universitas MH Thamrin Kampus AKA,university,Universitas & Kampus,Jakarta Selatan,-6.240418,106.817552,osm_overpass:way/122152189,UNIV-0114,False,5,
Akademi Kebidanan Yayasan Rumah Sakit Jakarta,university,Universitas & Kampus,Jakarta Pusat,-6.218131,106.815941,osm_overpass:way/124164162,UNIV-0115,False,5,
Institut Pengembangan Manajemen Indonesia,university,Universitas & Kampus,Jakarta Timur,-6.257443,106.854866,osm_overpass:way/134086210,UNIV-0116,False,5,
Universitas Pakuan,university,Universitas & Kampus,Kota Bogor,-6.599653,106.811771,osm_overpass:way/142494414,UNIV-0117,False,5,
Balai Besar Penelitian Veteriner Bogor,university,Universitas & Kampus,Kota Bogor,-6.580993,106.791367,osm_overpass:way/142571478,UNIV-0118,False,5,
"Gedung D, Teknik Elektro",university,Universitas & Kampus,Kota Depok,-6.3714,106.822971,osm_overpass:way/151282592,UNIV-0119,False,5,
Pusat Kegiatan Mahasiswa,university,Universitas & Kampus,Kota Depok,-6.371099,106.822767,osm_overpass:way/151282594,UNIV-0120,False,5,
"Gedung M, Teknik Mesin",university,Universitas & Kampus,Kota Depok,-6.372484,106.824917,osm_overpass:way/151282600,UNIV-0121,False,5,
"Gedung AA, Teknik Informatika dan Komputer",university,Universitas & Kampus,Kota Depok,-6.37252,106.823954,osm_overpass:way/151282625,UNIV-0122,False,5,
Gedung I,university,Universitas & Kampus,Kota Depok,-6.372438,106.823598,osm_overpass:way/151282687,UNIV-0123,False,5,
Universitas Negeri Jakarta,university,Universitas & Kampus,Jakarta Timur,-6.191931,106.887899,osm_overpass:way/153318591,UNIV-0124,False,5,
Sekolah Tinggi Ilmu Pelayaran,university,Universitas & Kampus,Jakarta Utara,-6.10273,106.957388,osm_overpass:way/154828688,UNIV-0125,False,5,
Akademi Maritim Nasional Jakarta Raya (Aman Jaya),university,Universitas & Kampus,Jakarta Timur,-6.168204,106.885806,osm_overpass:way/154831752,UNIV-0126,False,5,
STIE JIC,university,Universitas & Kampus,Jakarta Pusat,-6.173408,106.85373,osm_overpass:way/154966970,UNIV-0127,False,5,
Sekolah Tinggi Ekonomi dan Perbank Islam MR Sjafrudin Prawiranegara,university,Universitas & Kampus,Jakarta Pusat,-6.182907,106.849021,osm_overpass:way/155110348,UNIV-0128,False,5,
Institut STIAMI,university,Universitas & Kampus,Jakarta Pusat,-6.17698,106.858279,osm_overpass:way/155114219,UNIV-0129,False,5,
Akademi Farmasi Hang Tuah,university,Universitas & Kampus,Jakarta Barat,-6.212419,106.808695,osm_overpass:way/155115802,UNIV-0130,False,5,
Kampus Kejaksaan,university,Universitas & Kampus,Jakarta Timur,-6.311027,106.89183,osm_overpass:way/155936716,UNIV-0131,False,5,
Universitas Terbuka,university,Universitas & Kampus,Kota Depok,-6.34162,106.758684,osm_overpass:way/248297920,UNIV-0132,False,5,Hot-Swapped dari buffer UNIV-BUF-004 (pengganti Sekolah Tinggi Hukum Militer 404)
Institut Pembina Rohani Islam Jakarta (IPRIJA),university,Universitas & Kampus,Kota Depok,-6.344204,106.885139,osm_overpass:way/155949278,UNIV-0133,False,5,
"Pusdiklat Pegawai Kementerian Pendidikan, Kebudayaan, Riset, dan Teknologi",university,Universitas & Kampus,Kota Tangerang Selatan,-6.363113,106.744502,osm_overpass:way/290295521,UNIV-0134,False,5,Hot-Swapped dari buffer UNIV-BUF-006 (pengganti Universitas Darma Persada 404)
Fakultas Ilmu Kesehatan UPN Veteran Jakarta Limo,university,Universitas & Kampus,Kota Depok,-6.354261,106.775276,osm_overpass:way/300731819,UNIV-0135,False,5,Hot-Swapped dari buffer UNIV-BUF-007 (pengganti Sekolah Tinggi Ilmu Komputer Cipta Karya Informatika 404)
Pulo Mas Campus,university,Universitas & Kampus,Jakarta Timur,-6.182942,106.887296,osm_overpass:way/155958153,UNIV-0136,False,5,
Akademi Sekretari dan Manajemen Don Bosco,university,Universitas & Kampus,Jakarta Timur,-6.174703,106.88248,osm_overpass:way/155960698,UNIV-0137,False,5,
Kampus Kesatuan,university,Universitas & Kampus,Kota Bogor,-6.606604,106.799691,osm_overpass:way/304211992,UNIV-0138,False,5,"Hot-Swapped dari buffer UNIV-BUF-008 (pengganti Yayasan Pendidikan Wanita Indonesia-ISWI (Akademi Seni Rupa dan Desain, Akademi Sekretari) 404)"
Universitas Dirgantara Marsekal Suryadarma,university,Universitas & Kampus,Jakarta Timur,-6.262643,106.888143,osm_overpass:way/155963030,UNIV-0139,False,5,
Akademi Kebidanan Al Fathonah,university,Universitas & Kampus,Jakarta Timur,-6.206504,106.892141,osm_overpass:way/155963514,UNIV-0140,False,5,
Akademi Kebidanan Mitra Persahabatan,university,Universitas & Kampus,Jakarta Timur,-6.20496,106.88612,osm_overpass:way/155963519,UNIV-0141,False,5,
Sekolah Tinggi Ilmu Kesehatan Mitra Ria Husada,university,Universitas & Kampus,Kota Depok,-6.367277,106.892217,osm_overpass:way/155964438,UNIV-0142,False,5,
Universitas Mercu Buana,university,Universitas & Kampus,Kota Tangerang,-6.209628,106.739124,osm_overpass:way/156922212,UNIV-0143,False,5,
Garuda Indonesia Training Center,university,Universitas & Kampus,Kota Tangerang,-6.174771,106.72292,osm_overpass:way/156924031,UNIV-0144,False,5,
STIE IBEK,university,Universitas & Kampus,Jakarta Barat,-6.17334,106.79743,osm_overpass:way/156926480,UNIV-0145,False,5,
Kampus Gunadarma,university,Universitas & Kampus,Kota Tangerang,-6.134466,106.73336,osm_overpass:way/156928801,UNIV-0146,False,5,
Fakultas Kedokteran Ukrida,university,Universitas & Kampus,Jakarta Barat,-6.185221,106.780104,osm_overpass:way/157205905,UNIV-0147,False,5,
Universitas Esa Unggul,university,Universitas & Kampus,Jakarta Barat,-6.185725,106.778872,osm_overpass:way/157205932,UNIV-0148,False,5,
Sekolah Tinggi Teologi (STAA),university,Universitas & Kampus,Jakarta Barat,-6.169316,106.760533,osm_overpass:way/157210124,UNIV-0149,False,5,
Akademi Pariwisata Jakarta International Hotels,university,Universitas & Kampus,Jakarta Selatan,-6.227041,106.813222,osm_overpass:way/157344786,UNIV-0150,False,5,
Yayasan Pendidikan LIA,university,Universitas & Kampus,Jakarta Timur,-6.248335,106.859667,osm_overpass:way/157345590,UNIV-0151,False,5,
STIKOM Interstudi,university,Universitas & Kampus,Jakarta Selatan,-6.252603,106.798349,osm_overpass:way/157354425,UNIV-0152,False,5,
Sekolah Tinggi Ilmu Ekonomi Muhammadiyah Jakarta,university,Universitas & Kampus,Jakarta Pusat,-6.214205,106.843173,osm_overpass:way/157354604,UNIV-0153,False,5,
Universitas Islam At Tahiriyah,university,Universitas & Kampus,Jakarta Timur,-6.224196,106.859939,osm_overpass:way/157355130,UNIV-0154,False,5,
Pasca Sarjana Universitas Brawijaya,university,Universitas & Kampus,Jakarta Pusat,-6.205943,106.833482,osm_overpass:way/157358528,UNIV-0155,False,5,
Universitas Krisanti Widya Mandiri,university,Universitas & Kampus,Jakarta Timur,-6.223485,106.862339,osm_overpass:way/157360672,UNIV-0156,False,5,
Lembaga Ilmu Pengetahuan Islam & Arab,university,Universitas & Kampus,Jakarta Selatan,-6.280432,106.827767,osm_overpass:way/157362118,UNIV-0157,False,5,
Pusdiklat PLN,university,Universitas & Kampus,Jakarta Selatan,-6.30076,106.818246,osm_overpass:way/157362155,UNIV-0158,False,5,
STIE Widya Jayakarta,university,Universitas & Kampus,Jakarta Timur,-6.237673,106.848014,osm_overpass:way/157362672,UNIV-0159,False,5,
Institut Pemerintahan Dalam Negeri,university,Universitas & Kampus,Jakarta Selatan,-6.284351,106.817309,osm_overpass:way/157362739,UNIV-0160,False,5,
BRI Corporate University,university,Universitas & Kampus,Jakarta Selatan,-6.302669,106.821825,osm_overpass:way/157363169,UNIV-0161,False,5,
Universitas Trilogi,university,Universitas & Kampus,Jakarta Timur,-6.253088,106.849052,osm_overpass:way/157364898,UNIV-0162,False,5,
LP3I,university,Universitas & Kampus,Jakarta Timur,-6.286621,106.843475,osm_overpass:way/157365891,UNIV-0163,False,5,
Universitas Nasional,university,Universitas & Kampus,Jakarta Timur,-6.281287,106.839328,osm_overpass:way/157365910,UNIV-0164,False,5,
Sekolah Tinggi Perikanan,university,Universitas & Kampus,Jakarta Timur,-6.295117,106.835683,osm_overpass:way/157483374,UNIV-0165,False,5,
Universitas Pakuan Fakultas Teknik,university,Universitas & Kampus,Kota Bogor,-6.598834,106.809699,osm_overpass:way/158830057,UNIV-0166,False,5,
STIKOM,university,Universitas & Kampus,Kota Bogor,-6.593295,106.789847,osm_overpass:way/159312060,UNIV-0167,False,5,
Universitas Trisakti,university,Universitas & Kampus,Kab. Bogor,-6.564823,106.855673,osm_overpass:way/161929875,UNIV-0168,False,5,
Universitas Pamulang,university,Universitas & Kampus,Kota Tangerang Selatan,-6.344484,106.73705,osm_overpass:way/162216830,UNIV-0169,False,5,
UBS Business School,university,Universitas & Kampus,Jakarta Selatan,-6.285525,106.796126,osm_overpass:way/166318524,UNIV-0170,False,5,
Universitas Multimedia Nusantara,university,Universitas & Kampus,Kota Tangerang Selatan,-6.257745,106.618703,osm_overpass:way/166911619,UNIV-0171,False,5,
Bina Sarana Informatika Bogor,university,Universitas & Kampus,Kota Bogor,-6.583611,106.788264,osm_overpass:way/168096397,UNIV-0172,False,5,
Politeknik Swadharma,university,Universitas & Kampus,Kota Depok,-6.34629,106.75106,osm_overpass:way/174094685,UNIV-0173,False,5,
"Gedung O, Laboratorium Terpadu Pusat Unggulan Teknologi",university,Universitas & Kampus,Kota Depok,-6.372712,106.826119,osm_overpass:way/195979165,UNIV-0174,False,5,
Kampus Busnis Umar Usman,university,Universitas & Kampus,Jakarta Selatan,-6.285081,106.826765,osm_overpass:way/227728830,UNIV-0175,False,5,
STMIK Jakarta STI & K,university,Universitas & Kampus,Jakarta Selatan,-6.2587,106.792324,osm_overpass:way/311574604,UNIV-0176,False,5,Hot-Swapped dari buffer UNIV-BUF-009 (pengganti Universitas Muhammadiyah Indonesia 404)
Binus University,university,Universitas & Kampus,Jakarta Selatan,-6.228886,106.79677,osm_overpass:way/228066447,UNIV-0177,False,5,
Akademi Kebidanan,university,Universitas & Kampus,Jakarta Selatan,-6.297503,106.795978,osm_overpass:way/229557763,UNIV-0178,False,5,
Binus ASO School of Engineering,university,Universitas & Kampus,Kota Tangerang,-6.240735,106.65762,osm_overpass:way/230078479,UNIV-0179,False,5,
Universitas Mercubuana,university,Universitas & Kampus,Jakarta Selatan,-6.277368,106.829246,osm_overpass:way/235269697,UNIV-0180,False,5,
Rumah Sakit Pelita Harapan,hospital,Rumah Sakit & Fasilitas Medis,Jakarta Barat,-6.169822,106.78371,hospitals_jakarta.gpkg:5673769081,RS-0001,False,5,
Dentista,hospital,Rumah Sakit & Fasilitas Medis,Jakarta Timur,-6.285495,106.833556,hospitals_jakarta.gpkg:5751013085,RS-0002,False,5,
Puskesmas Kecamatan Jagakarsa,hospital,Rumah Sakit & Fasilitas Medis,Kota Depok,-6.336545,106.817367,hospitals_jakarta.gpkg:5903905786,RS-0003,False,5,
Rumah Sakit Ketergantungan Obat,hospital,Rumah Sakit & Fasilitas Medis,Kota Depok,-6.346958,106.872448,hospitals_jakarta.gpkg:5994596682,RS-0004,False,5,
RSUD TARAKAN JAKARTA,hospital,Rumah Sakit & Fasilitas Medis,Jakarta Pusat,-6.171551,106.810246,hospitals_jakarta.gpkg:6210541001,RS-0005,False,5,
RSUD Tarakan,hospital,Rumah Sakit & Fasilitas Medis,Jakarta Pusat,-6.172305,106.810602,hospitals_jakarta.gpkg:6210541003,RS-0006,False,5,
Emergency,hospital,Rumah Sakit & Fasilitas Medis,Jakarta Pusat,-6.180435,106.81813,hospitals_jakarta.gpkg:6239456587,RS-0007,False,5,
RSIA Tambak,hospital,Rumah Sakit & Fasilitas Medis,Jakarta Pusat,-6.206253,106.848603,hospitals_jakarta.gpkg:6249775451,RS-0008,False,5,
apotik & Lab Muara Karang,hospital,Rumah Sakit & Fasilitas Medis,Jakarta Utara,-6.115553,106.780768,hospitals_jakarta.gpkg:8244411780,RS-0009,False,5,
GETHealthy Clinic,hospital,Rumah Sakit & Fasilitas Medis,Kota Tangerang,-6.124773,106.711151,hospitals_jakarta.gpkg:8367863494,RS-0010,False,5,
Rumah Sakit Ibu dan Anak Ibnu Sina,hospital,Rumah Sakit & Fasilitas Medis,Jakarta Barat,-6.160403,106.796069,hospitals_jakarta.gpkg:9064896760,RS-0011,False,5,
RSUD KEBAYORAN BARU,hospital,Rumah Sakit & Fasilitas Medis,Jakarta Selatan,-6.268838,106.79655,hospitals_jakarta.gpkg:9531931749,RS-0012,False,5,
Klinik SouthernUK,hospital,Rumah Sakit & Fasilitas Medis,Jakarta Timur,-6.207876,106.867539,hospitals_jakarta.gpkg:10554018661,RS-0013,False,5,
Puskesmas Kecamatan Senen Kramat Baru,hospital,Rumah Sakit & Fasilitas Medis,Jakarta Pusat,-6.182342,106.844222,hospitals_jakarta.gpkg:10746436417,RS-0014,False,5,
Ocean Dental Tebet,hospital,Rumah Sakit & Fasilitas Medis,Jakarta Timur,-6.228288,106.855462,hospitals_jakarta.gpkg:10758124598,RS-0015,False,5,
Dermaster Pakubuwono,hospital,Rumah Sakit & Fasilitas Medis,Jakarta Selatan,-6.240603,106.787919,hospitals_jakarta.gpkg:11285959508,RS-0016,False,5,
Rumah Sakit Ibu dan Anak Aries,hospital,Rumah Sakit & Fasilitas Medis,Jakarta Utara,-6.157636,106.809994,hospitals_jakarta.gpkg:11578451908,RS-0017,False,5,
RS FIRDAUS,hospital,Rumah Sakit & Fasilitas Medis,Jakarta Utara,-6.156138,106.923068,hospitals_jakarta.gpkg:11778237962,RS-0018,False,5,
RS YARSI JAKARTA,hospital,Rumah Sakit & Fasilitas Medis,Jakarta Timur,-6.16984,106.869049,hospitals_jakarta.gpkg:11878621854,RS-0019,False,5,
RSU SUMBER WARAS,hospital,Rumah Sakit & Fasilitas Medis,Jakarta Barat,-6.168662,106.797626,hospitals_jakarta.gpkg:11878633338,RS-0020,False,5,
RSUD KALIDERES,hospital,Rumah Sakit & Fasilitas Medis,Kota Tangerang,-6.146181,106.708229,hospitals_jakarta.gpkg:11878641454,RS-0021,False,5,
RS SILOAM KEBON JERUK,hospital,Rumah Sakit & Fasilitas Medis,Jakarta Barat,-6.190839,106.763723,hospitals_jakarta.gpkg:11878659444,RS-0022,False,5,
RS MEDIKA PERMATA HIJAU,hospital,Rumah Sakit & Fasilitas Medis,Jakarta Barat,-6.218171,106.778025,hospitals_jakarta.gpkg:11878675946,RS-0023,False,5,
RSUD TAMAN SARI,hospital,Rumah Sakit & Fasilitas Medis,Jakarta Utara,-6.143789,106.819198,hospitals_jakarta.gpkg:11878676583,RS-0024,False,5,
RS CIPUTRA CITRAGARDEN CITY,hospital,Rumah Sakit & Fasilitas Medis,Kota Tangerang,-6.123089,106.704998,hospitals_jakarta.gpkg:11878679140,RS-0025,False,5,
RS MENTENG MITRA AFIA,hospital,Rumah Sakit & Fasilitas Medis,Jakarta Pusat,-6.186935,106.838375,hospitals_jakarta.gpkg:11878683364,RS-0026,False,5,
RS HERMINA DAAN MOGOT,hospital,Rumah Sakit & Fasilitas Medis,Kota Tangerang,-6.152934,106.712303,hospitals_jakarta.gpkg:11878684983,RS-0027,False,5,
RS BHAKTI MULIA,hospital,Rumah Sakit & Fasilitas Medis,Jakarta Barat,-6.199587,106.800539,hospitals_jakarta.gpkg:11878686074,RS-0028,False,5,
RS ANGGREK MAS,hospital,Rumah Sakit & Fasilitas Medis,Jakarta Barat,-6.203031,106.772684,hospitals_jakarta.gpkg:11878687400,RS-0029,False,5,
RS ISLAM JAKARTA CEMPAKA PUTIH,hospital,Rumah Sakit & Fasilitas Medis,Jakarta Timur,-6.170348,106.871128,hospitals_jakarta.gpkg:11878689318,RS-0030,False,5,
RSUD CEMPAKA PUTIH,hospital,Rumah Sakit & Fasilitas Medis,Jakarta Timur,-6.184668,106.872399,hospitals_jakarta.gpkg:11878691259,RS-0031,False,5,
RS PELNI PETAMBURAN,hospital,Rumah Sakit & Fasilitas Medis,Jakarta Barat,-6.193192,106.80369,hospitals_jakarta.gpkg:11878691282,RS-0032,False,5,
RSUD JOHOR BARU,hospital,Rumah Sakit & Fasilitas Medis,Jakarta Pusat,-6.181836,106.850466,hospitals_jakarta.gpkg:11878695701,RS-0033,False,5,
RS PRIMAYA PGI CIKINI,hospital,Rumah Sakit & Fasilitas Medis,Jakarta Pusat,-6.1914,106.841906,hospitals_jakarta.gpkg:11878695836,RS-0034,False,5,
RSU PURI INDAH PONDOK INDAH,hospital,Rumah Sakit & Fasilitas Medis,Kota Tangerang,-6.185989,106.735319,hospitals_jakarta.gpkg:11878697704,RS-0035,False,5,
RS GRHA KEDOYA,hospital,Rumah Sakit & Fasilitas Medis,Jakarta Barat,-6.168367,106.765141,hospitals_jakarta.gpkg:11878701669,RS-0036,False,5,
RS MANUELA,hospital,Rumah Sakit & Fasilitas Medis,Jakarta Utara,-6.150441,106.825941,hospitals_jakarta.gpkg:11878701671,RS-0037,False,5,
RSU PATRIA JAKARTA,hospital,Rumah Sakit & Fasilitas Medis,Jakarta Barat,-6.197312,106.792644,hospitals_jakarta.gpkg:11878704271,RS-0038,False,5,
RSUD ABDI WALUYO,hospital,Rumah Sakit & Fasilitas Medis,Jakarta Pusat,-6.189812,106.829343,hospitals_jakarta.gpkg:11878704833,RS-0039,False,5,
RSU ROYAL TARUMA,hospital,Rumah Sakit & Fasilitas Medis,Jakarta Barat,-6.166535,106.785231,hospitals_jakarta.gpkg:11878706387,RS-0040,False,5,
RSUD TANAH ABANG,hospital,Rumah Sakit & Fasilitas Medis,Jakarta Pusat,-6.191055,106.814455,hospitals_jakarta.gpkg:11878707065,RS-0041,False,5,
RSUD KEMAYORAN,hospital,Rumah Sakit & Fasilitas Medis,Jakarta Utara,-6.156712,106.863772,hospitals_jakarta.gpkg:11878707089,RS-0042,False,5,
RS PERTAMINA JAYA,hospital,Rumah Sakit & Fasilitas Medis,Jakarta Timur,-6.173139,106.875864,hospitals_jakarta.gpkg:11878708199,RS-0043,False,5,
RS PRIMAYA EVASARI,hospital,Rumah Sakit & Fasilitas Medis,Jakarta Pusat,-6.193561,106.859863,hospitals_jakarta.gpkg:11878709433,RS-0044,False,5,
RSAL dr. MINTOHARDJO,hospital,Rumah Sakit & Fasilitas Medis,Jakarta Pusat,-6.210884,106.811964,hospitals_jakarta.gpkg:11878714650,RS-0045,False,5,
RSUD SAWAH BESAR,hospital,Rumah Sakit & Fasilitas Medis,Jakarta Utara,-6.148903,106.829822,hospitals_jakarta.gpkg:11878716743,RS-0046,False,5,
RS MITRA KELUARGA KEMAYORAN,hospital,Rumah Sakit & Fasilitas Medis,Jakarta Utara,-6.152112,106.858596,hospitals_jakarta.gpkg:11878718495,RS-0047,False,5,
RS ST. CAROLUS,hospital,Rumah Sakit & Fasilitas Medis,Jakarta Pusat,-6.195835,106.85176,hospitals_jakarta.gpkg:11878722409,RS-0048,False,5,
RS HERMINA KEMAYORAN,hospital,Rumah Sakit & Fasilitas Medis,Jakarta Utara,-6.154224,106.845684,hospitals_jakarta.gpkg:11878725578,RS-0049,False,5,
RS RADJAK SALEMBA,hospital,Rumah Sakit & Fasilitas Medis,Jakarta Pusat,-6.193653,106.852045,hospitals_jakarta.gpkg:11878731552,RS-0050,False,5,
RS KRAMAT 128,hospital,Rumah Sakit & Fasilitas Medis,Jakarta Pusat,-6.18561,106.843966,hospitals_jakarta.gpkg:11878734766,RS-0051,False,5,
RSUD JAGAKARSA,hospital,Rumah Sakit & Fasilitas Medis,Jakarta Selatan,-6.316176,106.811363,hospitals_jakarta.gpkg:11878742555,RS-0052,False,5,
RS MURNI TEGUH SUDIRMAN JAKARTA,hospital,Rumah Sakit & Fasilitas Medis,Jakarta Pusat,-6.209528,106.819333,hospitals_jakarta.gpkg:11878744028,RS-0053,False,5,
RSUD PESANGGRAHAN,hospital,Rumah Sakit & Fasilitas Medis,Jakarta Selatan,-6.258132,106.756713,hospitals_jakarta.gpkg:11878745952,RS-0054,False,5,
RSUD TEBET,hospital,Rumah Sakit & Fasilitas Medis,Jakarta Timur,-6.231637,106.84668,hospitals_jakarta.gpkg:11878753760,RS-0055,False,5,
RS HUSADA,hospital,Rumah Sakit & Fasilitas Medis,Jakarta Utara,-6.147323,106.829046,hospitals_jakarta.gpkg:11878754351,RS-0056,False,5,
RSUD JATI PADANG,hospital,Rumah Sakit & Fasilitas Medis,Jakarta Timur,-6.285502,106.84231,hospitals_jakarta.gpkg:11878763169,RS-0057,False,5,
RSUD KEBAYORAN LAMA,hospital,Rumah Sakit & Fasilitas Medis,Jakarta Selatan,-6.248706,106.785659,hospitals_jakarta.gpkg:11878763188,RS-0058,False,5,
RSUD MAMPANG PRAPATAN,hospital,Rumah Sakit & Fasilitas Medis,Jakarta Selatan,-6.240465,106.826964,hospitals_jakarta.gpkg:11878766162,RS-0059,False,5,
RS DR. SUTOYO PUSREHAB KEMHAN,hospital,Rumah Sakit & Fasilitas Medis,Jakarta Selatan,-6.267595,106.76714,hospitals_jakarta.gpkg:11878847403,RS-0060,False,5,
RS PUSAT PERTAMINA,hospital,Rumah Sakit & Fasilitas Medis,Jakarta Selatan,-6.240166,106.792968,hospitals_jakarta.gpkg:11878857367,RS-0061,False,5,
RS TEBET,hospital,Rumah Sakit & Fasilitas Medis,Jakarta Timur,-6.242741,106.850165,hospitals_jakarta.gpkg:11878857368,RS-0062,False,5,
RS SILOAM ASRI,hospital,Rumah Sakit & Fasilitas Medis,Jakarta Timur,-6.254542,106.832333,hospitals_jakarta.gpkg:11878969542,RS-0063,False,5,
RS SILOAM TB SIMATUPANG,hospital,Rumah Sakit & Fasilitas Medis,Jakarta Selatan,-6.292246,106.784372,hospitals_jakarta.gpkg:11878969544,RS-0064,False,5,
RS METROPOLITAN MEDICAL CENTER (MMC) JAKARTA,hospital,Rumah Sakit & Fasilitas Medis,Jakarta Pusat,-6.219971,106.832459,hospitals_jakarta.gpkg:11879008132,RS-0065,False,5,
RS BRAWIJAYA SAHARJO,hospital,Rumah Sakit & Fasilitas Medis,Jakarta Timur,-6.22457,106.848033,hospitals_jakarta.gpkg:11879033486,RS-0066,False,5,
RS AGUNG,hospital,Rumah Sakit & Fasilitas Medis,Jakarta Pusat,-6.209179,106.846358,hospitals_jakarta.gpkg:11879056884,RS-0067,False,5,
RS JAKARTA MEDICAL CENTER,hospital,Rumah Sakit & Fasilitas Medis,Jakarta Timur,-6.271321,106.83021,hospitals_jakarta.gpkg:11879058895,RS-0068,False,5,
RS ALI SIBROH MALISI,hospital,Rumah Sakit & Fasilitas Medis,Kota Depok,-6.344814,106.813852,hospitals_jakarta.gpkg:11879062582,RS-0069,False,5,
RS HARAPAN KARTINI,hospital,Rumah Sakit & Fasilitas Medis,Jakarta Selatan,-6.2861,106.815937,hospitals_jakarta.gpkg:11879064202,RS-0070,False,5,
RS GANDARIA,hospital,Rumah Sakit & Fasilitas Medis,Jakarta Selatan,-6.243927,106.790744,hospitals_jakarta.gpkg:11879068354,RS-0071,False,5,
RS TRIA DIPA,hospital,Rumah Sakit & Fasilitas Medis,Jakarta Timur,-6.250886,106.841948,hospitals_jakarta.gpkg:11879068357,RS-0072,False,5,
RS MUHAMMADIYAH TAMAN PURING,hospital,Rumah Sakit & Fasilitas Medis,Jakarta Selatan,-6.241706,106.787137,hospitals_jakarta.gpkg:11879076104,RS-0073,False,5,
RS AULIA,hospital,Rumah Sakit & Fasilitas Medis,Kota Depok,-6.334508,106.827388,hospitals_jakarta.gpkg:11879092538,RS-0074,False,5,
RS MARINIR CILANDAK,hospital,Rumah Sakit & Fasilitas Medis,Jakarta Selatan,-6.304841,106.810618,hospitals_jakarta.gpkg:11879094685,RS-0075,False,5,
RS SETIA MITRA,hospital,Rumah Sakit & Fasilitas Medis,Jakarta Selatan,-6.281258,106.795823,hospitals_jakarta.gpkg:11879101761,RS-0076,False,5,
RS PRIKASIH,hospital,Rumah Sakit & Fasilitas Medis,Jakarta Selatan,-6.314528,106.794184,hospitals_jakarta.gpkg:11879103257,RS-0077,False,5,
RS MEDISTRA,hospital,Rumah Sakit & Fasilitas Medis,Jakarta Timur,-6.239835,106.83366,hospitals_jakarta.gpkg:11879103566,RS-0078,False,5,
RS ANTAM MEDIKA,hospital,Rumah Sakit & Fasilitas Medis,Jakarta Timur,-6.192682,106.902699,hospitals_jakarta.gpkg:11879105317,RS-0079,False,5,
RS Petukangan,hospital,Rumah Sakit & Fasilitas Medis,Jakarta Selatan,-6.236852,106.751724,hospitals_jakarta.gpkg:11879105876,RS-0080,False,5,
RS PONDOK INDAH,hospital,Rumah Sakit & Fasilitas Medis,Jakarta Selatan,-6.283841,106.781593,hospitals_jakarta.gpkg:11879105877,RS-0081,False,5,
RSUD KRAMAT JATI,hospital,Rumah Sakit & Fasilitas Medis,Jakarta Timur,-6.286868,106.86228,hospitals_jakarta.gpkg:11879111685,RS-0082,False,5,
RS HAJI JAKARTA,hospital,Rumah Sakit & Fasilitas Medis,Jakarta Timur,-6.289881,106.889149,hospitals_jakarta.gpkg:11879111687,RS-0083,False,5,
RSKB Columbia Asia Pulomas,hospital,Rumah Sakit & Fasilitas Medis,Jakarta Timur,-6.182149,106.891082,hospitals_jakarta.gpkg:11879113156,RS-0084,False,5,
RSUD CIRACAS,hospital,Rumah Sakit & Fasilitas Medis,Kota Depok,-6.345597,106.873871,hospitals_jakarta.gpkg:11879114083,RS-0085,False,5,
RSUD MATRAMAN,hospital,Rumah Sakit & Fasilitas Medis,Jakarta Timur,-6.206262,106.866014,hospitals_jakarta.gpkg:11879117977,RS-0086,False,5,
RS YADIKA KEBAYORAN LAMA,hospital,Rumah Sakit & Fasilitas Medis,Jakarta Selatan,-6.255073,106.777729,hospitals_jakarta.gpkg:11879120264,RS-0087,False,5,
RSUD PASAR REBO,hospital,Rumah Sakit & Fasilitas Medis,Jakarta Timur,-6.303389,106.861875,hospitals_jakarta.gpkg:11879121418,RS-0088,False,5,
RSAU DR. ESNAWAN ANTARIKSA,hospital,Rumah Sakit & Fasilitas Medis,Jakarta Timur,-6.257373,106.891856,hospitals_jakarta.gpkg:11879123854,RS-0089,False,5,
RSUD BUDHI ASIH,hospital,Rumah Sakit & Fasilitas Medis,Jakarta Timur,-6.256027,106.862978,hospitals_jakarta.gpkg:11879123942,RS-0090,False,5,
RS BHAYANGKARA RADEN SAID SUKANTO,hospital,Rumah Sakit & Fasilitas Medis,Jakarta Timur,-6.269609,106.871115,hospitals_jakarta.gpkg:11879124001,RS-0091,False,5,
RS RIDWAN MOREKSA,hospital,Rumah Sakit & Fasilitas Medis,Jakarta Timur,-6.294259,106.882582,hospitals_jakarta.gpkg:11879128229,RS-0092,False,5,
RS ADHYAKSA,hospital,Rumah Sakit & Fasilitas Medis,Jakarta Timur,-6.307832,106.892731,hospitals_jakarta.gpkg:11879129277,RS-0093,False,5,
RS YADIKA PONDOK BAMBU,hospital,Rumah Sakit & Fasilitas Medis,Jakarta Timur,-6.237195,106.899133,hospitals_jakarta.gpkg:11879129531,RS-0094,False,5,
RS HERMINA JATINEGARA,hospital,Rumah Sakit & Fasilitas Medis,Jakarta Timur,-6.221523,106.864436,hospitals_jakarta.gpkg:11879130107,RS-0095,False,5,
RSUP Persahabatan,hospital,Rumah Sakit & Fasilitas Medis,Jakarta Timur,-6.202688,106.884748,hospitals_jakarta.gpkg:11879130853,RS-0096,False,5,
RS HARAPAN BUNDA,hospital,Rumah Sakit & Fasilitas Medis,Jakarta Timur,-6.302951,106.868021,hospitals_jakarta.gpkg:11879131879,RS-0097,False,5,
RS DHARMA NUGRAHA,hospital,Rumah Sakit & Fasilitas Medis,Jakarta Timur,-6.196008,106.886398,hospitals_jakarta.gpkg:11879134331,RS-0098,False,5,
RS HARAPAN JAYAKARTA,hospital,Rumah Sakit & Fasilitas Medis,Jakarta Timur,-6.194877,106.906281,hospitals_jakarta.gpkg:11879136526,RS-0099,False,5,
RS KESDAM JAYA CIJANTUNG,hospital,Rumah Sakit & Fasilitas Medis,Jakarta Timur,-6.307369,106.858944,hospitals_jakarta.gpkg:11879139983,RS-0100,False,5,
RS PGI CIKINI,hospital,Rumah Sakit & Fasilitas Medis,Jakarta Timur,-6.1914,106.841897,hospitals_jakarta.gpkg:13717635847,RS-0101,False,5,Hot-Swapped dari pool gpkg lokal (pengganti RS ISLAM JAKARTA PONDOK KOPI 404)
RSUD PADEMANGAN,hospital,Rumah Sakit & Fasilitas Medis,Jakarta Utara,-6.132831,106.840251,hospitals_jakarta.gpkg:11879140742,RS-0102,False,5,
RS KARTIKA PULOMAS,hospital,Rumah Sakit & Fasilitas Medis,Jakarta Timur,-6.175967,106.884892,hospitals_jakarta.gpkg:11879142776,RS-0103,False,5,
RSUD TANJUNG PRIOK,hospital,Rumah Sakit & Fasilitas Medis,Jakarta Utara,-6.116082,106.888825,hospitals_jakarta.gpkg:11879145123,RS-0104,False,5,
RSU PANTAI INDAH KAPUK,hospital,Rumah Sakit & Fasilitas Medis,Jakarta Utara,-6.11189,106.752739,hospitals_jakarta.gpkg:11879146995,RS-0105,False,5,
RS HARUM SISMA MEDIKA,hospital,Rumah Sakit & Fasilitas Medis,Jakarta Timur,-6.24814,106.909601,hospitals_jakarta.gpkg:11879149960,RS-0106,False,5,
RS EMC PULOMAS,hospital,Rumah Sakit & Fasilitas Medis,Jakarta Timur,-6.180238,106.883743,hospitals_jakarta.gpkg:11879152935,RS-0107,False,5,
RS PENGAYOMAN CIPINANG,hospital,Rumah Sakit & Fasilitas Medis,Jakarta Timur,-6.214942,106.88376,hospitals_jakarta.gpkg:11879157183,RS-0108,False,5,
RS MEDIROS,hospital,Rumah Sakit & Fasilitas Medis,Jakarta Timur,-6.179891,106.903699,hospitals_jakarta.gpkg:11879160224,RS-0109,False,5,
RSUD CILINCING,hospital,Rumah Sakit & Fasilitas Medis,Jakarta Utara,-6.112986,106.926257,hospitals_jakarta.gpkg:11879166703,RS-0110,False,5,
RSUD KOJA,hospital,Rumah Sakit & Fasilitas Medis,Jakarta Utara,-6.108932,106.899668,hospitals_jakarta.gpkg:11879166704,RS-0111,False,5,
RS DUTA INDAH,hospital,Rumah Sakit & Fasilitas Medis,Jakarta Utara,-6.138413,106.783798,hospitals_jakarta.gpkg:11879166705,RS-0112,False,5,
RS PELABUHAN JAKARTA,hospital,Rumah Sakit & Fasilitas Medis,Jakarta Utara,-6.12492,106.917826,hospitals_jakarta.gpkg:11879169364,RS-0113,False,5,
RS PUSDIKKES,hospital,Rumah Sakit & Fasilitas Medis,Jakarta Timur,-6.276816,106.86947,hospitals_jakarta.gpkg:11879170165,RS-0114,False,5,
RS ROYAL PROGRESS,hospital,Rumah Sakit & Fasilitas Medis,Jakarta Utara,-6.139432,106.865455,hospitals_jakarta.gpkg:11879171288,RS-0115,False,5,
RSUD TUGU KOJA,hospital,Rumah Sakit & Fasilitas Medis,Jakarta Utara,-6.12749,106.906859,hospitals_jakarta.gpkg:11879175999,RS-0116,False,5,
RS HERMINA PODOMORO,hospital,Rumah Sakit & Fasilitas Medis,Jakarta Utara,-6.145569,106.861363,hospitals_jakarta.gpkg:11879176030,RS-0117,False,5,
RS ATMA JAYA,hospital,Rumah Sakit & Fasilitas Medis,Jakarta Utara,-6.126446,106.79269,hospitals_jakarta.gpkg:11879176491,RS-0118,False,5,
RS PURI MEDIKA,hospital,Rumah Sakit & Fasilitas Medis,Jakarta Utara,-6.129182,106.890191,hospitals_jakarta.gpkg:11879177881,RS-0119,False,5,
RSU MULYASARI,hospital,Rumah Sakit & Fasilitas Medis,Jakarta Utara,-6.129075,106.906498,hospitals_jakarta.gpkg:11879183054,RS-0120,False,5,
RS MITRA KELUARGA KELAPA GADING,hospital,Rumah Sakit & Fasilitas Medis,Jakarta Utara,-6.151814,106.89704,hospitals_jakarta.gpkg:11879184355,RS-0121,False,5,
RSU GADING PLUIT,hospital,Rumah Sakit & Fasilitas Medis,Jakarta Timur,-6.166093,106.915924,hospitals_jakarta.gpkg:11879184360,RS-0122,False,5,
RSU PORT MEDICAL CENTER,hospital,Rumah Sakit & Fasilitas Medis,Jakarta Utara,-6.110358,106.889378,hospitals_jakarta.gpkg:11879186164,RS-0123,False,5,
RS ISLAM JAKARTA SUKAPURA,hospital,Rumah Sakit & Fasilitas Medis,Jakarta Utara,-6.139744,106.920825,hospitals_jakarta.gpkg:11879186328,RS-0124,False,5,
RS SUKMUL SISMA MEDIKA,hospital,Rumah Sakit & Fasilitas Medis,Jakarta Utara,-6.112072,106.882001,hospitals_jakarta.gpkg:11879197294,RS-0125,False,5,
RSU PEKERJA,hospital,Rumah Sakit & Fasilitas Medis,Jakarta Utara,-6.145254,106.923203,hospitals_jakarta.gpkg:11879197804,RS-0126,False,5,
RS PLUIT,hospital,Rumah Sakit & Fasilitas Medis,Jakarta Utara,-6.12573,106.799492,hospitals_jakarta.gpkg:11879199228,RS-0127,False,5,
RS SATYA NEGARA,hospital,Rumah Sakit & Fasilitas Medis,Jakarta Utara,-6.138846,106.861555,hospitals_jakarta.gpkg:11879200350,RS-0128,False,5,
RS ZAHIRAH,hospital,Rumah Sakit & Fasilitas Medis,Kota Depok,-6.335741,106.823564,hospitals_jakarta.gpkg:11879215369,RS-0129,False,5,
Dentalogic Fatmawati,hospital,Rumah Sakit & Fasilitas Medis,Jakarta Selatan,-6.29983,106.795961,hospitals_jakarta.gpkg:12517711794,RS-0130,False,5,
Plong Kramat Jati,hospital,Rumah Sakit & Fasilitas Medis,Jakarta Timur,-6.288994,106.869359,hospitals_jakarta.gpkg:12995144591,RS-0131,False,5,
Sinshe Tong Ren,hospital,Rumah Sakit & Fasilitas Medis,Jakarta Selatan,-6.261871,106.829236,hospitals_jakarta.gpkg:13454929113,RS-0132,False,5,
CANCER ARMY GYM,hospital,Rumah Sakit & Fasilitas Medis,Kota Depok,-6.34953,106.894535,hospitals_jakarta.gpkg:13724580524,RS-0133,False,5,
Lamina Pain and Spine Center,hospital,Rumah Sakit & Fasilitas Medis,Jakarta Selatan,-6.284324,106.827048,hospitals_jakarta.gpkg:13724618901,RS-0134,False,5,
Rumah Sakit Bhayangkara TK. IR. Said Sukanto,hospital,Rumah Sakit & Fasilitas Medis,Jakarta Timur,-6.269582,106.870674,hospitals_jakarta.gpkg:7409174,RS-0135,False,5,
Rumah Sakit Bersalin Bidara Mulia,hospital,Rumah Sakit & Fasilitas Medis,Jakarta Timur,-6.230652,106.866976,hospitals_jakarta.gpkg:120495770,RS-0136,False,5,
RSKB Medika,hospital,Rumah Sakit & Fasilitas Medis,Jakarta Pusat,-6.198111,106.851713,hospitals_jakarta.gpkg:120509598,RS-0137,False,5,
Rumah Sakit Umum UKI,hospital,Rumah Sakit & Fasilitas Medis,Jakarta Timur,-6.250829,106.872316,hospitals_jakarta.gpkg:121195900,RS-0138,False,5,
Rumah Sakit Hewan Jakarta,hospital,Rumah Sakit & Fasilitas Medis,Jakarta Selatan,-6.299132,106.819659,hospitals_jakarta.gpkg:121261419,RS-0139,False,5,
Rumah Sakit DIK Pusdikkes TNI AD,hospital,Rumah Sakit & Fasilitas Medis,Jakarta Timur,-6.276616,106.869331,hospitals_jakarta.gpkg:7409284,RS-0140,False,5,Hot-Swapped dari pool gpkg lokal (pengganti Rumah Sakit Ibu dan Anak Asta Nugraha 404)
Rumah Sakit Jakarta,hospital,Rumah Sakit & Fasilitas Medis,Jakarta Pusat,-6.218549,106.816351,hospitals_jakarta.gpkg:124163125,RS-0141,False,5,
RSUD Pasar Rebo,hospital,Rumah Sakit & Fasilitas Medis,Jakarta Timur,-6.303622,106.86213,hospitals_jakarta.gpkg:153303478,RS-0142,False,5,
Rumah Sakit Umum Persahabatan,hospital,Rumah Sakit & Fasilitas Medis,Jakarta Timur,-6.204302,106.884535,hospitals_jakarta.gpkg:153318583,RS-0143,False,5,
Garuda Sentra Medika,hospital,Rumah Sakit & Fasilitas Medis,Jakarta Utara,-6.15731,106.841432,hospitals_jakarta.gpkg:154078977,RS-0144,False,5,
Rumah Sakit Khusus THT dan Bedah Kepala Leher Proklamasi,hospital,Rumah Sakit & Fasilitas Medis,Jakarta Pusat,-6.201922,106.847259,hospitals_jakarta.gpkg:155098189,RS-0145,False,5,
Rumah Sakit Gigi dan Mulut Ladokgi TNI AL R.E Martadinata,hospital,Rumah Sakit & Fasilitas Medis,Jakarta Barat,-6.211426,106.808659,hospitals_jakarta.gpkg:155115812,RS-0146,False,5,
Rumah Sakit Dr Mintohardjo,hospital,Rumah Sakit & Fasilitas Medis,Jakarta Pusat,-6.210904,106.810925,hospitals_jakarta.gpkg:155115832,RS-0147,False,5,
RS Premier Jatinegara,hospital,Rumah Sakit & Fasilitas Medis,Jakarta Timur,-6.221651,106.868822,hospitals_jakarta.gpkg:155931564,RS-0148,False,5,
Rumah Sakit Zahirah,hospital,Rumah Sakit & Fasilitas Medis,Jakarta Timur,-6.335829,106.823548,hospitals_jakarta.gpkg:10908525,RS-0149,False,5,Hot-Swapped dari pool gpkg lokal (pengganti Rumah Sakit Islam Jiwa Jakarta 404)
Rumah Sakit Ibu dan Anak Restu Kasih,hospital,Rumah Sakit & Fasilitas Medis,Jakarta Timur,-6.265089,106.866454,hospitals_jakarta.gpkg:155951286,RS-0150,False,5,
RSUD Duren Sawit : Instalasi Kedaruratan Emosi dan Perilaku,hospital,Rumah Sakit & Fasilitas Medis,Jakarta Timur,-6.231139,106.908602,hospitals_jakarta.gpkg:155955548,RS-0151,False,5,
Rumah Sakit Bersalin Dokter Sanusi,hospital,Rumah Sakit & Fasilitas Medis,Jakarta Barat,-6.202995,106.773146,hospitals_jakarta.gpkg:157204608,RS-0152,False,5,
Rumah Sakit Pertamina Jaya (RSPJ),hospital,Rumah Sakit & Fasilitas Medis,Jakarta Timur,-6.173141,106.87587,hospitals_jakarta.gpkg:12613976,RS-0153,False,5,Hot-Swapped dari pool gpkg lokal (pengganti Rumah Sakit Ibu dan Anak Resti Mulya 404)
Rumah Sakit Khusus Bedah Halimun,hospital,Rumah Sakit & Fasilitas Medis,Jakarta Pusat,-6.206228,106.834033,hospitals_jakarta.gpkg:157358477,RS-0154,False,5,
Rumah Bersalin Budi Kemuliaan,hospital,Rumah Sakit & Fasilitas Medis,Jakarta Pusat,-6.21033,106.835139,hospitals_jakarta.gpkg:157360778,RS-0155,False,5,
Rumah Sakit Rawamangun,hospital,Rumah Sakit & Fasilitas Medis,Jakarta Timur,-6.196357,106.885489,hospitals_jakarta.gpkg:174132866,RS-0156,False,6,
Rumah Sakit Mayapada Kuningan,hospital,Rumah Sakit & Fasilitas Medis,Jakarta Pusat,-6.218519,106.831872,hospitals_jakarta.gpkg:176770279,RS-0157,False,6,
Rumah Sakit Cinta Kasih Tzu Chi,hospital,Rumah Sakit & Fasilitas Medis,Kota Tangerang,-6.132034,106.737085,hospitals_jakarta.gpkg:249665587,RS-0158,False,6,
Rumah Sakit Sofa Marwa,hospital,Rumah Sakit & Fasilitas Medis,Kota Depok,-6.355538,106.819983,hospitals_jakarta.gpkg:300734979,RS-0159,False,6,
RSIA Avisena,hospital,Rumah Sakit & Fasilitas Medis,Jakarta Selatan,-6.232324,106.762567,hospitals_jakarta.gpkg:334958356,RS-0160,False,6,
Rumah Sakit Umum & Pekerja,hospital,Rumah Sakit & Fasilitas Medis,Jakarta Utara,-6.14554,106.923939,hospitals_jakarta.gpkg:334982120,RS-0161,False,6,
RS Jantung Jakarta,hospital,Rumah Sakit & Fasilitas Medis,Jakarta Pusat,-6.200177,106.855381,hospitals_jakarta.gpkg:454014924,RS-0162,False,6,
RS Hermina Jatinegara,hospital,Rumah Sakit & Fasilitas Medis,Jakarta Timur,-6.221212,106.864744,hospitals_jakarta.gpkg:482154808,RS-0163,False,6,
Bidakara Medical Center,hospital,Rumah Sakit & Fasilitas Medis,Jakarta Timur,-6.240095,106.84066,hospitals_jakarta.gpkg:482154870,RS-0164,False,6,
Rumah Sakit Bedah Bina Estetika,hospital,Rumah Sakit & Fasilitas Medis,Jakarta Pusat,-6.199189,106.837528,hospitals_jakarta.gpkg:482346450,RS-0165,False,6,
Rumah Sakit Mata JEC,hospital,Rumah Sakit & Fasilitas Medis,Jakarta Pusat,-6.198601,106.836835,hospitals_jakarta.gpkg:482346485,RS-0166,False,6,
Rumah Sakit Umum Al Fauzan,hospital,Rumah Sakit & Fasilitas Medis,Jakarta Timur,-6.29959,106.869093,hospitals_jakarta.gpkg:482414704,RS-0167,False,6,
RS K,hospital,Rumah Sakit & Fasilitas Medis,Jakarta Pusat,-6.202038,106.846883,hospitals_jakarta.gpkg:483382036,RS-0168,False,6,
Rumah Sakit Siloam,hospital,Rumah Sakit & Fasilitas Medis,Jakarta Pusat,-6.219098,106.817201,hospitals_jakarta.gpkg:485074669,RS-0169,False,6,
Rumah Sakit Ibu Dan Anak Brawijaya Duren Tiga,hospital,Rumah Sakit & Fasilitas Medis,Jakarta Timur,-6.253289,106.841193,hospitals_jakarta.gpkg:485298952,RS-0170,False,6,
RSU Bunda Jakarta,hospital,Rumah Sakit & Fasilitas Medis,Jakarta Pusat,-6.195965,106.837165,hospitals_jakarta.gpkg:485813728,RS-0171,False,6,
Rumah Sakit YPK Mandiri,hospital,Rumah Sakit & Fasilitas Medis,Jakarta Pusat,-6.191315,106.827854,hospitals_jakarta.gpkg:485813873,RS-0172,False,6,
Rumah Sakit Medistra,hospital,Rumah Sakit & Fasilitas Medis,Jakarta Timur,-6.23985,106.833666,hospitals_jakarta.gpkg:17478768,RS-0173,False,6,Hot-Swapped dari pool gpkg lokal (pengganti RSIA Sayyidah 404)
Rumah Sehat Sunda Kelapa,hospital,Rumah Sakit & Fasilitas Medis,Jakarta Pusat,-6.200801,106.831928,hospitals_jakarta.gpkg:486544471,RS-0174,False,6,
Rumah Sakit Ibu dan Anak Budhi Jaya,hospital,Rumah Sakit & Fasilitas Medis,Jakarta Pusat,-6.218954,106.844944,hospitals_jakarta.gpkg:487295990,RS-0175,False,6,
Rumah Sakit Bersalin Elshama,hospital,Rumah Sakit & Fasilitas Medis,Jakarta Timur,-6.281785,106.871516,hospitals_jakarta.gpkg:488434301,RS-0176,False,6,
Rumah Sakit Umum Pengayoman,hospital,Rumah Sakit & Fasilitas Medis,Jakarta Timur,-6.21559,106.883797,hospitals_jakarta.gpkg:488436069,RS-0177,False,6,
Rumah Sakit Harapan Jayakarta,hospital,Rumah Sakit & Fasilitas Medis,Jakarta Timur,-6.195001,106.905853,hospitals_jakarta.gpkg:488480763,RS-0178,False,6,
RSCM Unit Pelayanan Mata,hospital,Rumah Sakit & Fasilitas Medis,Jakarta Pusat,-6.197373,106.844703,hospitals_jakarta.gpkg:489532419,RS-0179,False,6,
Rumah Sakit St. Carolus,hospital,Rumah Sakit & Fasilitas Medis,Jakarta Pusat,-6.195478,106.851413,hospitals_jakarta.gpkg:491242356,RS-0180,False,6,
RSKGM - FKG UI,hospital,Rumah Sakit & Fasilitas Medis,Jakarta Pusat,-6.194345,106.848632,hospitals_jakarta.gpkg:491242371,RS-0181,False,6,
Rumah Sakit Cipto Mangunkusumo,hospital,Rumah Sakit & Fasilitas Medis,Jakarta Pusat,-6.197009,106.846855,hospitals_jakarta.gpkg:491244198,RS-0182,False,6,
Rumah Sakit Islam Jakarta,hospital,Rumah Sakit & Fasilitas Medis,Jakarta Timur,-6.17142,106.871275,hospitals_jakarta.gpkg:492989001,RS-0183,False,6,
"Rumah Sakit Kanker ""Dharmais""",hospital,Rumah Sakit & Fasilitas Medis,Jakarta Barat,-6.186792,106.797962,hospitals_jakarta.gpkg:495395057,RS-0184,False,6,
RSU Kecamatan Kembangan,hospital,Rumah Sakit & Fasilitas Medis,Kota Tangerang,-6.194697,106.736273,hospitals_jakarta.gpkg:495402738,RS-0185,False,6,
RSAB Harapan Kita,hospital,Rumah Sakit & Fasilitas Medis,Jakarta Barat,-6.185164,106.79928,hospitals_jakarta.gpkg:496038039,RS-0186,False,6,
Rumah Sakit THT Bedah Prof. Nizar,hospital,Rumah Sakit & Fasilitas Medis,Jakarta Pusat,-6.171241,106.815425,hospitals_jakarta.gpkg:496643326,RS-0187,False,6,
RS Khusus Mata SMECO Jakarta,hospital,Rumah Sakit & Fasilitas Medis,Jakarta Timur,-6.192739,106.882709,hospitals_jakarta.gpkg:496806581,RS-0188,False,6,
Rumah Sakit Mata Primasana,hospital,Rumah Sakit & Fasilitas Medis,Jakarta Utara,-6.11428,106.889787,hospitals_jakarta.gpkg:498439150,RS-0189,False,6,
Klinik Mata Nusantara,hospital,Rumah Sakit & Fasilitas Medis,Jakarta Selatan,-6.291712,106.782528,hospitals_jakarta.gpkg:498489836,RS-0190,False,6,
"Klinik Kandungan Adinaya by dr. Widi, SpOG",hospital,Rumah Sakit & Fasilitas Medis,Kota Depok,-6.346969,106.89472,hospitals_jakarta.gpkg:498534952,RS-0191,False,6,
RS Bersalin Rosa Kartika,hospital,Rumah Sakit & Fasilitas Medis,Kota Depok,-6.327872,106.822768,hospitals_jakarta.gpkg:500052290,RS-0192,False,6,
Rumah Sakit Olahraga Nasional,hospital,Rumah Sakit & Fasilitas Medis,Kota Depok,-6.368543,106.892766,hospitals_jakarta.gpkg:500082522,RS-0193,False,6,
RSPAD Gatot Soebroto,hospital,Rumah Sakit & Fasilitas Medis,Jakarta Pusat,-6.176683,106.836965,hospitals_jakarta.gpkg:500318061,RS-0194,False,6,
RS MCC,hospital,Rumah Sakit & Fasilitas Medis,Jakarta Timur,-6.219974,106.832452,hospitals_jakarta.gpkg:17510859,RS-0195,False,6,Hot-Swapped dari pool gpkg lokal (pengganti RS Islam Jakarta Pondok Kopi 404)
RS Ibu dan Anak Andhika,hospital,Rumah Sakit & Fasilitas Medis,Kota Depok,-6.34425,106.814306,hospitals_jakarta.gpkg:506895845,RS-0196,False,6,
Rumah Sakit Umum Daerah Kalideres,hospital,Rumah Sakit & Fasilitas Medis,Kota Tangerang,-6.12684,106.703995,hospitals_jakarta.gpkg:507486831,RS-0197,False,6,
RSIA SamMarie Basra,hospital,Rumah Sakit & Fasilitas Medis,Jakarta Timur,-6.229213,106.897305,hospitals_jakarta.gpkg:509344178,RS-0198,False,6,
RSIA Bunda Aliyah,hospital,Rumah Sakit & Fasilitas Medis,Jakarta Timur,-6.233233,106.897207,hospitals_jakarta.gpkg:509360288,RS-0199,False,6,
RSIA Kemang,hospital,Rumah Sakit & Fasilitas Medis,Jakarta Selatan,-6.286145,106.819323,hospitals_jakarta.gpkg:509782590,RS-0200,False,6,
Rumah Sakit Cijantung,hospital,Rumah Sakit & Fasilitas Medis,Jakarta Timur,-6.307497,106.858893,hospitals_jakarta.gpkg:119913162,RS-0201,False,6,Hot-Swapped dari pool gpkg lokal (pengganti Rumah Sakit Ibu Anak dr. Euis 404)
Rumah Sakit Husada,hospital,Rumah Sakit & Fasilitas Medis,Jakarta Utara,-6.146203,106.829021,hospitals_jakarta.gpkg:510416128,RS-0202,False,6,
Rumah Sakit Bina Sehat Mandiri,hospital,Rumah Sakit & Fasilitas Medis,Jakarta Barat,-6.185599,106.771461,hospitals_jakarta.gpkg:511178888,RS-0203,False,6,
RS Ukrida Duri Kepa,hospital,Rumah Sakit & Fasilitas Medis,Jakarta Barat,-6.185166,106.780787,hospitals_jakarta.gpkg:511186795,RS-0204,False,6,
Rumah Sakit Jantung Binawaluya,hospital,Rumah Sakit & Fasilitas Medis,Jakarta Timur,-6.307985,106.870917,hospitals_jakarta.gpkg:511210788,RS-0205,False,6,
Rumah Sakit Duren Sawit,hospital,Rumah Sakit & Fasilitas Medis,Jakarta Timur,-6.23187,106.909484,hospitals_jakarta.gpkg:511269098,RS-0206,False,6,
Rumah Sakit Umum Pusat Fatmawati,hospital,Rumah Sakit & Fasilitas Medis,Jakarta Selatan,-6.295111,106.796194,hospitals_jakarta.gpkg:513565284,RS-0207,False,6,
PMI Kota Jakarta Utara,hospital,Rumah Sakit & Fasilitas Medis,Jakarta Utara,-6.131701,106.914479,hospitals_jakarta.gpkg:514372137,RS-0208,False,6,
RS Sanatorium Dharmawangsa,hospital,Rumah Sakit & Fasilitas Medis,Jakarta Selatan,-6.255032,106.802801,hospitals_jakarta.gpkg:514454612,RS-0209,False,6,
RSUD Kebayoran Baru,hospital,Rumah Sakit & Fasilitas Medis,Jakarta Selatan,-6.265521,106.798658,hospitals_jakarta.gpkg:514464730,RS-0210,False,6,
RSIA SANTO YUSUF,hospital,Rumah Sakit & Fasilitas Medis,Jakarta Utara,-6.117101,106.881699,hospitals_jakarta.gpkg:514677664,RS-0211,False,6,
RS Khusus THT- Bedah Ciranjang,hospital,Rumah Sakit & Fasilitas Medis,Jakarta Selatan,-6.236712,106.811307,hospitals_jakarta.gpkg:515753829,RS-0212,False,6,
Rumah Sakit Ibu dan Anak Panti Nugraha,hospital,Rumah Sakit & Fasilitas Medis,Jakarta Selatan,-6.236483,106.815862,hospitals_jakarta.gpkg:515753856,RS-0213,False,6,
RSIA Asih,hospital,Rumah Sakit & Fasilitas Medis,Jakarta Selatan,-6.24798,106.800922,hospitals_jakarta.gpkg:516544702,RS-0214,False,6,
Rumah Sakit Jiwa Dr Soeharto Heerdjan,hospital,Rumah Sakit & Fasilitas Medis,Jakarta Barat,-6.16281,106.788391,hospitals_jakarta.gpkg:517182375,RS-0215,False,6,
Rumah Sakit Umum Daerah (RSUD) Koja,hospital,Rumah Sakit & Fasilitas Medis,Jakarta Utara,-6.108924,106.900082,hospitals_jakarta.gpkg:517559312,RS-0216,False,6,
Rumah Sakit Sumber Waras,hospital,Rumah Sakit & Fasilitas Medis,Jakarta Barat,-6.167997,106.798149,hospitals_jakarta.gpkg:518483232,RS-0217,False,6,
Kartini Hospital,hospital,Rumah Sakit & Fasilitas Medis,Jakarta Selatan,-6.238343,106.769776,hospitals_jakarta.gpkg:521149157,RS-0218,False,6,
RS Pertamina Tanjung Duren,hospital,Rumah Sakit & Fasilitas Medis,Jakarta Barat,-6.182971,106.790824,hospitals_jakarta.gpkg:521154271,RS-0219,False,6,
Rumah Sakit Bhayangkara,hospital,Rumah Sakit & Fasilitas Medis,Jakarta Selatan,-6.286416,106.770337,hospitals_jakarta.gpkg:521454629,RS-0220,False,6,
Toko Obat,hospital,Rumah Sakit & Fasilitas Medis,Jakarta Utara,-6.127751,106.89049,hospitals_jakarta.gpkg:523567065,RS-0221,False,6,
RS Husada,hospital,Rumah Sakit & Fasilitas Medis,Jakarta Utara,-6.136254,106.799322,hospitals_jakarta.gpkg:525515369,RS-0222,False,6,
Rumah Sakit Atma Jaya,hospital,Rumah Sakit & Fasilitas Medis,Jakarta Utara,-6.126338,106.793028,hospitals_jakarta.gpkg:525515460,RS-0223,False,6,
RSIA Family,hospital,Rumah Sakit & Fasilitas Medis,Jakarta Utara,-6.133375,106.790357,hospitals_jakarta.gpkg:525787696,RS-0224,False,6,
RSIA Brawijaya,hospital,Rumah Sakit & Fasilitas Medis,Jakarta Selatan,-6.257719,106.807701,hospitals_jakarta.gpkg:527999398,RS-0225,False,6,
Rumah Sakit Gigi Dan Mulut Fakultas Kedokteran Gigi Universitas Prof. Dr. Moestopo Bintaro,hospital,Rumah Sakit & Fasilitas Medis,Jakarta Selatan,-6.258815,106.764927,hospitals_jakarta.gpkg:528074194,RS-0226,False,6,
RSIA Restu Kasih,hospital,Rumah Sakit & Fasilitas Medis,Jakarta Timur,-6.265713,106.866477,hospitals_jakarta.gpkg:782976876,RS-0227,False,6,
RS Angkatan Udara Dr. Esnawan Antariksa,hospital,Rumah Sakit & Fasilitas Medis,Jakarta Timur,-6.257478,106.892199,hospitals_jakarta.gpkg:782995198,RS-0228,False,6,
RSIA Bunda Jakarta,hospital,Rumah Sakit & Fasilitas Medis,Jakarta Pusat,-6.196102,106.836354,hospitals_jakarta.gpkg:783767234,RS-0229,False,6,
RSUD Cengkareng,hospital,Rumah Sakit & Fasilitas Medis,Kota Tangerang,-6.142965,106.734887,hospitals_jakarta.gpkg:783775577,RS-0230,False,6,
RSUD Pasar Minggu Jakarta,hospital,Rumah Sakit & Fasilitas Medis,Jakarta Selatan,-6.294071,106.81988,hospitals_jakarta.gpkg:917333594,RS-0231,False,6,
RS Siaga Raya,hospital,Rumah Sakit & Fasilitas Medis,Jakarta Timur,-6.272861,106.839121,hospitals_jakarta.gpkg:924776348,RS-0232,False,6,
Rumah Sakit Pusat Otak Nasional Prof. Dr. dr. Mahar Mardjono Jakarta,hospital,Rumah Sakit & Fasilitas Medis,Jakarta Timur,-6.246317,106.869725,hospitals_jakarta.gpkg:927020149,RS-0233,False,6,
RS Pusat Pertamina,hospital,Rumah Sakit & Fasilitas Medis,Jakarta Selatan,-6.240092,106.79331,hospitals_jakarta.gpkg:933179109,RS-0234,False,6,
Puskesmas Kecamatan Pesanggrahan,hospital,Rumah Sakit & Fasilitas Medis,Jakarta Selatan,-6.223748,106.759986,hospitals_jakarta.gpkg:933663646,RS-0235,False,6,
RS Abdi Waluyo Physiotherapy,hospital,Rumah Sakit & Fasilitas Medis,Jakarta Pusat,-6.188914,106.828595,hospitals_jakarta.gpkg:980076978,RS-0236,False,6,
Siloam Hospitals,hospital,Rumah Sakit & Fasilitas Medis,Jakarta Selatan,-6.292612,106.784328,hospitals_jakarta.gpkg:1215624271,RS-0237,False,6,
Mayapada Hospital,hospital,Rumah Sakit & Fasilitas Medis,Jakarta Selatan,-6.29815,106.785937,hospitals_jakarta.gpkg:1215624275,RS-0238,False,6,
RSPI Prof. Dr. Sulianti Saroso,hospital,Rumah Sakit & Fasilitas Medis,Jakarta Utara,-6.129553,106.862378,hospitals_jakarta.gpkg:1221031552,RS-0239,False,6,
Tzu Chi Hospital,hospital,Rumah Sakit & Fasilitas Medis,Kota Tangerang,-6.106029,106.738941,hospitals_jakarta.gpkg:1278557235,RS-0240,False,6,
RS Mitra Keluarga Kalideres,hospital,Rumah Sakit & Fasilitas Medis,Kota Tangerang,-6.149656,106.701538,hospitals_jakarta.gpkg:1289553197,RS-0241,False,6,
Siloam Hospitals Mampang,hospital,Rumah Sakit & Fasilitas Medis,Jakarta Selatan,-6.253556,106.826661,hospitals_jakarta.gpkg:1413415663,RS-0242,False,6,
RSIA Grand Family,hospital,Rumah Sakit & Fasilitas Medis,Kota Tangerang,-6.123072,106.739039,hospitals_jakarta.gpkg:1433665749,RS-0243,False,6,
Primaya Hospital,hospital,Rumah Sakit & Fasilitas Medis,Jakarta Timur,-6.164005,106.929623,hospitals_jakarta.gpkg:1473760265,RS-0244,False,6,
RSUD Cipayung,hospital,Rumah Sakit & Fasilitas Medis,Jakarta Timur,-6.307438,106.905207,hospitals_jakarta.gpkg:1476920023,RS-0245,False,6,
Rumah Sakit Mata JEC Kedoya,hospital,Rumah Sakit & Fasilitas Medis,Jakarta Barat,-6.189597,106.761522,hospitals_jakarta.gpkg:1483467070,RS-0246,False,6,
SDN Kayumanis 1,school,Sekolah Menengah (SMA/SMK/SMP),Kota Bogor,-6.530175,106.768994,osm_overpass:node/762013374,SCH-0001,False,6,
SMA PGRI 4,school,Sekolah Menengah (SMA/SMK/SMP),Kota Bogor,-6.5727,106.807485,osm_overpass:node/846540104,SCH-0002,False,6,
SMAN 7 Bogor,school,Sekolah Menengah (SMA/SMK/SMP),Kota Bogor,-6.578061,106.814405,osm_overpass:node/846541035,SCH-0003,False,6,
SD Regina Pacis Bogor,school,Sekolah Menengah (SMA/SMK/SMP),Kota Bogor,-6.592596,106.79633,osm_overpass:node/854210476,SCH-0004,False,6,
SMP Regina Pacis Bogor,school,Sekolah Menengah (SMA/SMK/SMP),Kota Bogor,-6.591782,106.796389,osm_overpass:node/854210481,SCH-0005,False,6,
SMU Regina Pacis Bogor,school,Sekolah Menengah (SMA/SMK/SMP),Kota Bogor,-6.592149,106.796042,osm_overpass:node/854210482,SCH-0006,False,6,
SMPN 11,school,Sekolah Menengah (SMA/SMK/SMP),Kota Bogor,-6.588588,106.799395,osm_overpass:node/856136557,SCH-0007,False,6,
SD TELAGA ASIH 02,school,Sekolah Menengah (SMA/SMK/SMP),Kab. Bekasi,-6.27104,107.103857,osm_overpass:node/895295607,SCH-0008,False,6,
SMP SACI,school,Sekolah Menengah (SMA/SMK/SMP),Kab. Bekasi,-6.269622,107.103809,osm_overpass:node/895295611,SCH-0009,False,6,
SDN Kampung Rambutan 1,school,Sekolah Menengah (SMA/SMK/SMP),Kota Bogor,-6.585678,106.798891,osm_overpass:node/1014180686,SCH-0010,False,6,
SMP,school,Sekolah Menengah (SMA/SMK/SMP),Kota Bogor,-6.583728,106.799996,osm_overpass:node/1014193049,SCH-0011,False,6,
Kesatuan Bogor,school,Sekolah Menengah (SMA/SMK/SMP),Kota Bogor,-6.61395,106.810993,osm_overpass:node/1036844876,SCH-0012,False,6,
SMAN 2 Cibinong,school,Sekolah Menengah (SMA/SMK/SMP),Kota Bogor,-6.522998,106.807591,osm_overpass:node/1042971264,SCH-0013,False,6,
MTs Negeri 3 Bogor,school,Sekolah Menengah (SMA/SMK/SMP),Kota Bogor,-6.523275,106.806202,osm_overpass:node/1042971268,SCH-0014,False,6,
SMPN 3 Cibinong,school,Sekolah Menengah (SMA/SMK/SMP),Kota Bogor,-6.522284,106.80588,osm_overpass:node/1042971270,SCH-0015,False,6,
SLBN Cibinong,school,Sekolah Menengah (SMA/SMK/SMP),Kota Bogor,-6.521122,106.806234,osm_overpass:node/1042971275,SCH-0016,False,6,
SMK Bina Teknologi,school,Sekolah Menengah (SMA/SMK/SMP),Kota Bogor,-6.521452,106.807757,osm_overpass:node/1042971279,SCH-0017,False,6,
SMP PGRI 5 Bogor,school,Sekolah Menengah (SMA/SMK/SMP),Kota Bogor,-6.584967,106.808706,osm_overpass:node/1338400726,SCH-0018,False,6,
Gerbang Masuk/Keluar - MAN 2 Kota Bogor,school,Sekolah Menengah (SMA/SMK/SMP),Kota Bogor,-6.60608,106.80814,osm_overpass:node/1339255345,SCH-0019,False,6,
LP3T-NF,school,Sekolah Menengah (SMA/SMK/SMP),Kota Depok,-6.360856,106.833169,osm_overpass:node/1455419512,SCH-0020,False,6,
TK Regina Pacis Bogor,school,Sekolah Menengah (SMA/SMK/SMP),Kota Bogor,-6.592695,106.79575,osm_overpass:node/1537914195,SCH-0021,False,6,
TK - SD Syalom,school,Sekolah Menengah (SMA/SMK/SMP),Jakarta Utara,-6.157864,106.809051,osm_overpass:node/4981916177,SCH-0022,False,6,
"TK, SD, SMP GKPI Rawamangun",school,Sekolah Menengah (SMA/SMK/SMP),Jakarta Timur,-6.199756,106.891911,osm_overpass:node/1682958727,SCH-0023,False,6,
SIT Fajar Hidayah,school,Sekolah Menengah (SMA/SMK/SMP),Kab. Bogor,-6.582267,106.889589,osm_overpass:node/1705634680,SCH-0024,False,6,
SD Pangarian,school,Sekolah Menengah (SMA/SMK/SMP),Kota Bogor,-6.587263,106.788275,osm_overpass:node/1721492199,SCH-0025,False,6,
SMPN 1 Leuwiliang,school,Sekolah Menengah (SMA/SMK/SMP),Kota Bogor,-6.576871,106.633258,osm_overpass:node/1752496366,SCH-0026,False,6,
UMUL QURO Islamic Boarding School,school,Sekolah Menengah (SMA/SMK/SMP),Kota Bogor,-6.581731,106.636305,osm_overpass:node/1752498600,SCH-0027,False,6,
Perguruan Muhamadiyah,school,Sekolah Menengah (SMA/SMK/SMP),Kota Bogor,-6.576135,106.634706,osm_overpass:node/1752499629,SCH-0028,False,6,
SMPN 1 Babelan,school,Sekolah Menengah (SMA/SMK/SMP),Kota Bekasi,-6.163446,107.042113,osm_overpass:node/1766084747,SCH-0029,False,6,
Saint Enoch School,school,Sekolah Menengah (SMA/SMK/SMP),Kota Depok,-6.444905,107.037403,osm_overpass:node/1783242389,SCH-0030,False,6,
SMPN 2 Jonggol,school,Sekolah Menengah (SMA/SMK/SMP),Kota Depok,-6.447314,107.038342,osm_overpass:node/1783248668,SCH-0031,False,6,
SDN Papandayan 3,school,Sekolah Menengah (SMA/SMK/SMP),Kota Bogor,-6.586487,106.80454,osm_overpass:node/1821038007,SCH-0032,False,6,
SDN Papandayan 1,school,Sekolah Menengah (SMA/SMK/SMP),Kota Bogor,-6.586359,106.803907,osm_overpass:node/1821038008,SCH-0033,False,6,
International School of Bogor,school,Sekolah Menengah (SMA/SMK/SMP),Kota Bogor,-6.585961,106.801906,osm_overpass:node/1821038010,SCH-0034,False,6,
"SD Jatiasih 4, 5, 6",school,Sekolah Menengah (SMA/SMK/SMP),Kab. Bekasi,-6.293643,106.964309,osm_overpass:node/1838704861,SCH-0035,False,6,
SMP 9 Bekasi,school,Sekolah Menengah (SMA/SMK/SMP),Kab. Bekasi,-6.29183,106.965027,osm_overpass:node/1838706097,SCH-0036,False,6,
BBC,school,Sekolah Menengah (SMA/SMK/SMP),Kota Depok,-6.396138,106.81402,osm_overpass:node/1839294558,SCH-0037,False,6,
Ganesha Operation,school,Sekolah Menengah (SMA/SMK/SMP),Kota Depok,-6.390351,106.814293,osm_overpass:node/1839294575,SCH-0038,False,6,
Primagama,school,Sekolah Menengah (SMA/SMK/SMP),Kota Depok,-6.393396,106.814552,osm_overpass:node/1839294627,SCH-0039,False,6,
SD Negeri Tugu 10,school,Sekolah Menengah (SMA/SMK/SMP),Kota Depok,-6.370132,106.848526,osm_overpass:node/1846488344,SCH-0040,False,6,
SD Islam Pondok Duta,school,Sekolah Menengah (SMA/SMK/SMP),Kota Depok,-6.369718,106.850094,osm_overpass:node/1846516437,SCH-0041,False,6,
SDN Pondok Cina 5,school,Sekolah Menengah (SMA/SMK/SMP),Kota Depok,-6.366642,106.83576,osm_overpass:node/1846989499,SCH-0042,False,6,
SMA Putra Bangsa,school,Sekolah Menengah (SMA/SMK/SMP),Kota Depok,-6.382678,106.827284,osm_overpass:node/1852396006,SCH-0043,False,6,
SMA Pribadi,school,Sekolah Menengah (SMA/SMK/SMP),Kota Depok,-6.382378,106.829393,osm_overpass:node/1852430654,SCH-0044,False,6,
SMA MUHAMMADIYAH 2,school,Sekolah Menengah (SMA/SMK/SMP),Kota Depok,-6.37868,106.825678,osm_overpass:node/1852443833,SCH-0045,False,6,
SMP MUHAMMADIYAH 1,school,Sekolah Menengah (SMA/SMK/SMP),Kota Depok,-6.378811,106.825359,osm_overpass:node/1852444218,SCH-0046,False,6,
SMP Enam Enam,school,Sekolah Menengah (SMA/SMK/SMP),Kota Depok,-6.38392,106.81164,osm_overpass:node/1852455291,SCH-0047,False,6,
SD Tarbiyah Islamiyah,school,Sekolah Menengah (SMA/SMK/SMP),Kota Depok,-6.385037,106.815584,osm_overpass:node/1852468507,SCH-0048,False,6,
SMK Harapan Massa,school,Sekolah Menengah (SMA/SMK/SMP),Kota Depok,-6.37951,106.815409,osm_overpass:node/1852482550,SCH-0049,False,6,
TK INDRIA,school,Sekolah Menengah (SMA/SMK/SMP),Kota Depok,-6.383887,106.812503,osm_overpass:node/1877840310,SCH-0050,False,6,
SD Beji Timur 2,school,Sekolah Menengah (SMA/SMK/SMP),Kota Depok,-6.384059,106.822091,osm_overpass:node/1898328670,SCH-0051,False,6,
SDIT Darul Abidin,school,Sekolah Menengah (SMA/SMK/SMP),Kota Depok,-6.381882,106.820021,osm_overpass:node/1898335094,SCH-0052,False,6,
MTSS AL Muawanah,school,Sekolah Menengah (SMA/SMK/SMP),Kota Depok,-6.378659,106.831134,osm_overpass:node/1922825428,SCH-0053,False,6,
SMP Islam Taufiqurrahman,school,Sekolah Menengah (SMA/SMK/SMP),Kota Depok,-6.374767,106.821837,osm_overpass:node/1922923871,SCH-0054,False,6,
SD Nasional Plus Tunas Iblam,school,Sekolah Menengah (SMA/SMK/SMP),Kota Depok,-6.381516,106.80244,osm_overpass:node/1922984104,SCH-0055,False,6,
MTs. Muhammadiyah 1,school,Sekolah Menengah (SMA/SMK/SMP),Kota Depok,-6.376942,106.814536,osm_overpass:node/1923011575,SCH-0056,False,6,
SMP Ganesa Satria,school,Sekolah Menengah (SMA/SMK/SMP),Kota Depok,-6.4038,106.838886,osm_overpass:node/1923063816,SCH-0057,False,6,
SMP IT Darul Abidin,school,Sekolah Menengah (SMA/SMK/SMP),Kota Depok,-6.381952,106.819342,osm_overpass:node/1923099231,SCH-0058,False,6,
SD Negeri Tanah Baru 03/04,school,Sekolah Menengah (SMA/SMK/SMP),Kota Depok,-6.379714,106.805004,osm_overpass:node/1923150110,SCH-0059,False,6,
SD Negeri Tanah Baru 01,school,Sekolah Menengah (SMA/SMK/SMP),Kota Depok,-6.374985,106.806903,osm_overpass:node/1923155681,SCH-0060,False,6,
SD Beji 1,school,Sekolah Menengah (SMA/SMK/SMP),Kota Depok,-6.389617,106.808013,osm_overpass:node/1923166398,SCH-0061,False,6,
SD Beji 3,school,Sekolah Menengah (SMA/SMK/SMP),Kota Depok,-6.379779,106.814976,osm_overpass:node/1923224196,SCH-0062,False,6,
SD Beji 2,school,Sekolah Menengah (SMA/SMK/SMP),Kota Depok,-6.388934,106.80774,osm_overpass:node/1923224206,SCH-0063,False,6,
SD Beji 5,school,Sekolah Menengah (SMA/SMK/SMP),Kota Depok,-6.384661,106.811482,osm_overpass:node/1923250393,SCH-0064,False,6,
SD Beji 7,school,Sekolah Menengah (SMA/SMK/SMP),Kota Depok,-6.384302,106.811253,osm_overpass:node/1923250395,SCH-0065,False,6,
SD Taman Ilmu,school,Sekolah Menengah (SMA/SMK/SMP),Kota Depok,-6.378467,106.803148,osm_overpass:node/1923264892,SCH-0066,False,6,
SD Negeri 2 Pondok Cina,school,Sekolah Menengah (SMA/SMK/SMP),Kota Depok,-6.379218,106.836396,osm_overpass:node/1923276335,SCH-0067,False,6,
SD Negeri Pondok Cina 4,school,Sekolah Menengah (SMA/SMK/SMP),Kota Depok,-6.370824,106.833804,osm_overpass:node/1923276336,SCH-0068,False,6,
MIS Unwanul Khairiyah,school,Sekolah Menengah (SMA/SMK/SMP),Kota Depok,-6.374047,106.838692,osm_overpass:node/1923328135,SCH-0069,False,6,
Bogor Cyber School,school,Sekolah Menengah (SMA/SMK/SMP),Kota Bogor,-6.566912,106.753182,osm_overpass:node/1977817410,SCH-0070,False,6,
Innovative Schools of Indonesia,school,Sekolah Menengah (SMA/SMK/SMP),Kota Bogor,-6.613939,106.813007,osm_overpass:node/2025761142,SCH-0071,False,6,
TK Seruni,school,Sekolah Menengah (SMA/SMK/SMP),Kota Depok,-6.408656,106.764096,osm_overpass:node/2073000447,SCH-0072,False,6,
SD Negeri Purbasari,school,Sekolah Menengah (SMA/SMK/SMP),Kota Bogor,-6.593762,106.779241,osm_overpass:node/2112735816,SCH-0073,False,6,
Madrasah Ibtidaiyah (MI) Ar-Rahman,school,Sekolah Menengah (SMA/SMK/SMP),Kota Depok,-6.362597,106.835006,osm_overpass:node/4991721330,SCH-0074,False,6,
SD Negeri 02 Jurangmangu,school,Sekolah Menengah (SMA/SMK/SMP),Kota Tangerang Selatan,-6.262112,106.722171,osm_overpass:node/2372285173,SCH-0075,False,6,
SD Negeri Pondok Betung 01,school,Sekolah Menengah (SMA/SMK/SMP),Kota Tangerang Selatan,-6.260588,106.749015,osm_overpass:node/2377260402,SCH-0076,False,6,
SDN PASIR HALANG I,school,Sekolah Menengah (SMA/SMK/SMP),Kota Bogor,-6.584967,106.844661,osm_overpass:node/2398010240,SCH-0077,False,6,
SMPN 1 SUKARAJA,school,Sekolah Menengah (SMA/SMK/SMP),Kota Bogor,-6.585267,106.844529,osm_overpass:node/2398010243,SCH-0078,False,6,
SMA Negeri 8 Jakarta,school,Sekolah Menengah (SMA/SMK/SMP),Jakarta Timur,-6.2234,106.8617,osm_overpass:node/2398277738,SCH-0079,False,6,
SMK PURNAMA BAKTI,school,Sekolah Menengah (SMA/SMK/SMP),Kota Bogor,-6.496897,106.839664,osm_overpass:node/2398277739,SCH-0080,False,6,
SDN CEGER 1,school,Sekolah Menengah (SMA/SMK/SMP),Kota Bogor,-6.57111,106.817426,osm_overpass:node/2406708514,SCH-0081,False,6,
SDN CIMAHPAR 5,school,Sekolah Menengah (SMA/SMK/SMP),Kota Bogor,-6.581749,106.831562,osm_overpass:node/2406708515,SCH-0082,False,6,
SDN KAWUNG LUWUK 1,school,Sekolah Menengah (SMA/SMK/SMP),Kota Bogor,-6.571067,106.81143,osm_overpass:node/2406708516,SCH-0083,False,6,
SDN KAWUNG LUWUK 3,school,Sekolah Menengah (SMA/SMK/SMP),Kota Bogor,-6.570943,106.810902,osm_overpass:node/2406708518,SCH-0084,False,6,
SDN Curug 3,school,Sekolah Menengah (SMA/SMK/SMP),Kota Depok,-6.380884,106.876901,osm_overpass:node/2409699382,SCH-0085,False,6,
SDN Curug 2,school,Sekolah Menengah (SMA/SMK/SMP),Kota Depok,-6.379442,106.876774,osm_overpass:node/2409699385,SCH-0086,False,6,
SDN Curug 5,school,Sekolah Menengah (SMA/SMK/SMP),Kota Depok,-6.379218,106.876454,osm_overpass:node/2409699388,SCH-0087,False,6,
Perguruan Tinggi Buddhi,school,Sekolah Menengah (SMA/SMK/SMP),Kota Tangerang,-6.18642,106.627561,osm_overpass:node/2472143825,SCH-0088,False,6,
"SDN Cibodas, Cimone 1, 5",school,Sekolah Menengah (SMA/SMK/SMP),Kota Tangerang,-6.187796,106.612637,osm_overpass:node/2624743680,SCH-0089,False,6,
SDN Cimone 7,school,Sekolah Menengah (SMA/SMK/SMP),Kota Tangerang,-6.188556,106.611659,osm_overpass:node/2624743689,SCH-0090,False,6,
"SMA, SMK PGRI 109",school,Sekolah Menengah (SMA/SMK/SMP),Kota Tangerang,-6.194,106.617279,osm_overpass:node/2624743732,SCH-0091,False,6,
"SMP, SMA, SMK Nusa Putra",school,Sekolah Menengah (SMA/SMK/SMP),Kota Tangerang,-6.195578,106.618482,osm_overpass:node/2624743774,SCH-0092,False,6,
"SDN Karawaci 1, 20",school,Sekolah Menengah (SMA/SMK/SMP),Kota Tangerang,-6.1957,106.623176,osm_overpass:node/2624743775,SCH-0093,False,6,
SMA Yayasan Islamic Center Tangerang,school,Sekolah Menengah (SMA/SMK/SMP),Kota Tangerang,-6.205598,106.612725,osm_overpass:node/2624744051,SCH-0094,False,6,
SMA Negeri 8 Kota Tangerang,school,Sekolah Menengah (SMA/SMK/SMP),Kota Tangerang,-6.211366,106.604872,osm_overpass:node/2624744098,SCH-0095,False,6,
SD jatisari 2,school,Sekolah Menengah (SMA/SMK/SMP),Kota Depok,-6.339519,106.945541,osm_overpass:node/2640371022,SCH-0096,False,6,
SD Strada,school,Sekolah Menengah (SMA/SMK/SMP),Kota Depok,-6.339652,106.9447,osm_overpass:node/2640371378,SCH-0097,False,6,
MtsN 2 Bekasi,school,Sekolah Menengah (SMA/SMK/SMP),Jakarta Timur,-6.31137,106.948815,osm_overpass:node/2640568016,SCH-0098,False,6,
Sekolah Alam,school,Sekolah Menengah (SMA/SMK/SMP),Kab. Bekasi,-6.317081,106.970908,osm_overpass:node/2640576843,SCH-0099,False,6,
SD Jatiluhur 1,school,Sekolah Menengah (SMA/SMK/SMP),Kota Depok,-6.32034,106.949745,osm_overpass:node/2640697800,SCH-0100,False,6,
SD Jatiluhur 4,school,Sekolah Menengah (SMA/SMK/SMP),Kota Depok,-6.320338,106.950064,osm_overpass:node/2640697845,SCH-0101,False,6,
SD Jatiluhur 2,school,Sekolah Menengah (SMA/SMK/SMP),Jakarta Timur,-6.319566,106.950318,osm_overpass:node/2640698573,SCH-0102,False,6,
SD Jatiluhur 3,school,Sekolah Menengah (SMA/SMK/SMP),Jakarta Timur,-6.319605,106.949924,osm_overpass:node/2640698605,SCH-0103,False,6,
Tarbiyatul Falah,school,Sekolah Menengah (SMA/SMK/SMP),Kota Depok,-6.320443,106.948393,osm_overpass:node/2640698684,SCH-0104,False,6,
SD Jatiasih 8,school,Sekolah Menengah (SMA/SMK/SMP),Kab. Bekasi,-6.287416,106.967146,osm_overpass:node/2641715802,SCH-0105,False,6,
SD Negeri Pondok Cina 3,school,Sekolah Menengah (SMA/SMK/SMP),Kota Depok,-6.370553,106.834313,osm_overpass:node/4991721353,SCH-0106,False,6,
Sekolah Kristen Calvin SD-SMP-SMA,school,Sekolah Menengah (SMA/SMK/SMP),Jakarta Utara,-6.153383,106.842882,osm_overpass:node/4996688489,SCH-0107,False,6,
SD Jatisari 1,school,Sekolah Menengah (SMA/SMK/SMP),Kota Depok,-6.351314,106.939957,osm_overpass:node/2641721577,SCH-0108,False,6,
RA-MI Al-Khairiyyah MJ,school,Sekolah Menengah (SMA/SMK/SMP),Kota Depok,-6.326704,106.859147,osm_overpass:node/5004414059,SCH-0109,False,6,
KAIZEN Lab. School,school,Sekolah Menengah (SMA/SMK/SMP),Kab. Bekasi,-6.331253,106.971969,osm_overpass:node/2795666336,SCH-0110,False,6,
"SDN Cibalagung 1,2,3",school,Sekolah Menengah (SMA/SMK/SMP),Kota Bogor,-6.602801,106.784609,osm_overpass:node/3152703688,SCH-0111,False,6,
Harapan Bangsa Junior High School,school,Sekolah Menengah (SMA/SMK/SMP),Kota Depok,-6.382565,106.876512,osm_overpass:node/3158150944,SCH-0112,False,6,
Genesis Medicare School,school,Sekolah Menengah (SMA/SMK/SMP),Kota Depok,-6.38209,106.867915,osm_overpass:node/3158152591,SCH-0113,False,6,
Yayasan Darul Marfu',school,Sekolah Menengah (SMA/SMK/SMP),Jakarta Selatan,-6.259019,106.789567,osm_overpass:node/3180186217,SCH-0114,False,6,
SMK Darul Ulum,school,Sekolah Menengah (SMA/SMK/SMP),Kota Depok,-6.418412,106.741885,osm_overpass:node/3404747885,SCH-0115,False,6,
SMP-SMA Proklamasi 1945,school,Sekolah Menengah (SMA/SMK/SMP),Kab. Bekasi,-6.290065,107.009964,osm_overpass:node/3423426463,SCH-0116,False,6,
SDN Mustikajaya 5,school,Sekolah Menengah (SMA/SMK/SMP),Kab. Bekasi,-6.290537,107.021908,osm_overpass:node/3423427017,SCH-0117,False,6,
SD Negeri Pondok Cabe Udik II,school,Sekolah Menengah (SMA/SMK/SMP),Kota Depok,-6.354112,106.75286,osm_overpass:node/3563882197,SCH-0118,False,6,
SDN 04 Bojongsari,school,Sekolah Menengah (SMA/SMK/SMP),Kota Tangerang Selatan,-6.385897,106.740476,osm_overpass:node/3615329493,SCH-0119,False,6,
SDN Sukmajaya 5,school,Sekolah Menengah (SMA/SMK/SMP),Kota Depok,-6.408455,106.84585,osm_overpass:node/3937252987,SCH-0120,False,6,
Labschool Cibubur,school,Sekolah Menengah (SMA/SMK/SMP),Kota Depok,-6.343529,106.925146,osm_overpass:node/4047308532,SCH-0121,False,6,
Kidea Preschool,school,Sekolah Menengah (SMA/SMK/SMP),Kota Tangerang Selatan,-6.268104,106.745443,osm_overpass:node/4110765889,SCH-0122,False,6,
"Pesantren Modern Daarul Uluum, Kampus 1",school,Sekolah Menengah (SMA/SMK/SMP),Kota Bogor,-6.617193,106.818433,osm_overpass:node/4234466847,SCH-0123,False,6,
SMP Negeri 2 Depok,school,Sekolah Menengah (SMA/SMK/SMP),Kota Depok,-6.392162,106.809659,osm_overpass:node/4234981073,SCH-0124,False,6,
SMP Negeri 1 Tangerang,school,Sekolah Menengah (SMA/SMK/SMP),Kota Tangerang,-6.171045,106.632376,osm_overpass:node/4235083227,SCH-0125,False,6,
Lazuardi Global Islamic School,school,Sekolah Menengah (SMA/SMK/SMP),Kota Depok,-6.356989,106.780202,osm_overpass:node/4241083301,SCH-0126,False,6,
Lembaga Bahasa-LIA Depok,school,Sekolah Menengah (SMA/SMK/SMP),Kota Depok,-6.385496,106.829926,osm_overpass:node/4241439184,SCH-0127,False,6,
Japan International School,school,Sekolah Menengah (SMA/SMK/SMP),Kota Tangerang Selatan,-6.284371,106.698895,osm_overpass:node/4245554250,SCH-0128,False,6,
SMA Negeri 3 Jakarta,school,Sekolah Menengah (SMA/SMK/SMP),Jakarta Pusat,-6.2089,106.8331,osm_overpass:node/4245942448,SCH-0129,False,6,
Sekolah Cakra Buana,school,Sekolah Menengah (SMA/SMK/SMP),Kota Depok,-6.3938,106.802198,osm_overpass:node/4245991545,SCH-0130,False,6,
Smk Bps&K 2 Cileungsi,school,Sekolah Menengah (SMA/SMK/SMP),Kota Depok,-6.43084,107.040299,osm_overpass:node/4246191034,SCH-0131,False,6,
SMK Angkasa 2 Sepatan,school,Sekolah Menengah (SMA/SMK/SMP),Kota Tangerang,-6.146719,106.590177,osm_overpass:node/4247785801,SCH-0132,False,6,
SMK PGRI 11 Ciledug,school,Sekolah Menengah (SMA/SMK/SMP),Kota Tangerang,-6.227786,106.705221,osm_overpass:node/4248142844,SCH-0133,False,6,
SMK Ristek Hasanudin,school,Sekolah Menengah (SMA/SMK/SMP),Jakarta Utara,-6.121113,106.917153,osm_overpass:node/4248150975,SCH-0134,False,6,
Lazuardi Al Kaffah,school,Sekolah Menengah (SMA/SMK/SMP),Kota Bekasi,-6.180859,106.978333,osm_overpass:node/4258052889,SCH-0135,False,6,
SDN Sumur Batu 1,school,Sekolah Menengah (SMA/SMK/SMP),Kab. Bekasi,-6.351276,107.00536,osm_overpass:node/4267876222,SCH-0136,False,6,
Smk Negeri 1 Bojong Gede,school,Sekolah Menengah (SMA/SMK/SMP),Kota Bogor,-6.490418,106.771925,osm_overpass:node/4403956369,SCH-0137,False,6,
Sekolah Dasar Alam Pertiwi,school,Sekolah Menengah (SMA/SMK/SMP),Kab. Bekasi,-6.306891,107.029593,osm_overpass:node/4440521543,SCH-0138,False,6,
SDIT Bina Insan Kamil,school,Sekolah Menengah (SMA/SMK/SMP),Kota Depok,-6.410841,106.831504,osm_overpass:node/4443272241,SCH-0139,False,6,
TBI,school,Sekolah Menengah (SMA/SMK/SMP),Kota Depok,-6.393432,106.822979,osm_overpass:node/4443272255,SCH-0140,False,6,
English First,school,Sekolah Menengah (SMA/SMK/SMP),Kota Depok,-6.393043,106.822081,osm_overpass:node/4443272256,SCH-0141,False,6,
House,school,Sekolah Menengah (SMA/SMK/SMP),Kota Tangerang Selatan,-6.310744,106.706334,osm_overpass:node/4448663090,SCH-0142,False,6,
Sekolah Erenos,school,Sekolah Menengah (SMA/SMK/SMP),Kota Tangerang Selatan,-6.315638,106.708017,osm_overpass:node/4476176991,SCH-0143,False,6,
MI As Salaamah,school,Sekolah Menengah (SMA/SMK/SMP),Kota Tangerang Selatan,-6.326561,106.705621,osm_overpass:node/4516557410,SCH-0144,False,6,
SMP Negeri 17 Tangsel,school,Sekolah Menengah (SMA/SMK/SMP),Kota Tangerang Selatan,-6.337898,106.733191,osm_overpass:node/4516560571,SCH-0145,False,6,
"Sekolah Penabur SMA,SMP, SD,TK",school,Sekolah Menengah (SMA/SMK/SMP),Kota Tangerang,-6.235721,106.626485,osm_overpass:node/4613451593,SCH-0146,False,6,
English First (EF) Gd. Serpong,school,Sekolah Menengah (SMA/SMK/SMP),Kota Tangerang,-6.237576,106.630498,osm_overpass:node/4613465189,SCH-0147,False,6,
SMK Putra Pakuan,school,Sekolah Menengah (SMA/SMK/SMP),Kota Bogor,-6.525226,106.828818,osm_overpass:node/4619790909,SCH-0148,False,6,
TK Cerdas Bangsa,school,Sekolah Menengah (SMA/SMK/SMP),Kota Bogor,-6.526129,106.831226,osm_overpass:node/4619790919,SCH-0149,False,6,
Ponpes Darul Rahman,school,Sekolah Menengah (SMA/SMK/SMP),Kota Bogor,-6.562611,106.610066,osm_overpass:node/4621625892,SCH-0150,False,6,
SDN Mekarjaya 03,school,Sekolah Menengah (SMA/SMK/SMP),Kota Depok,-6.394086,106.839826,osm_overpass:node/4744333837,SCH-0151,False,6,
SMK Pelayaran Bimasakti,school,Sekolah Menengah (SMA/SMK/SMP),Jakarta Timur,-6.225642,106.876876,osm_overpass:node/4841892497,SCH-0152,False,6,
SDN Cijujung 02,school,Sekolah Menengah (SMA/SMK/SMP),Kota Bogor,-6.544086,106.832862,osm_overpass:node/4846714933,SCH-0153,False,6,
RA-MI-MTS Darul Ulum,school,Sekolah Menengah (SMA/SMK/SMP),Jakarta Barat,-6.198006,106.782464,osm_overpass:node/4849266606,SCH-0154,False,6,
Flybest,school,Sekolah Menengah (SMA/SMK/SMP),Kota Tangerang Selatan,-6.288233,106.651143,osm_overpass:node/4853355022,SCH-0155,False,6,
TK-SD Elo 1,school,Sekolah Menengah (SMA/SMK/SMP),Jakarta Utara,-6.152755,106.8094,osm_overpass:node/4871022276,SCH-0156,False,6,
Midiatama Academy,school,Sekolah Menengah (SMA/SMK/SMP),Kota Tangerang,-6.191948,106.74527,osm_overpass:node/4871574193,SCH-0157,False,6,
SD Bendungan Hilir,school,Sekolah Menengah (SMA/SMK/SMP),Jakarta Pusat,-6.213519,106.811434,osm_overpass:node/4954437366,SCH-0158,False,6,
SMP Negeri 2 Tangerang,school,Sekolah Menengah (SMA/SMK/SMP),Kota Tangerang,-6.172054,106.636242,osm_overpass:node/4956352243,SCH-0159,False,6,
SDIT Asy-Syafi'i,school,Sekolah Menengah (SMA/SMK/SMP),Kota Depok,-6.334808,106.851115,osm_overpass:node/4965605749,SCH-0160,False,7,
SDIT Harapan Ummat,school,Sekolah Menengah (SMA/SMK/SMP),Jakarta Pusat,-6.206113,106.850648,osm_overpass:node/4967426224,SCH-0161,False,7,
MI Nurul Ikhwan,school,Sekolah Menengah (SMA/SMK/SMP),Jakarta Utara,-6.120082,106.867333,osm_overpass:node/5023480156,SCH-0162,False,7,
SD Negeri Lubang Buaya 05 Pagi,school,Sekolah Menengah (SMA/SMK/SMP),Jakarta Timur,-6.288539,106.899936,osm_overpass:node/5026203676,SCH-0163,False,7,
KB - TK - SD Agape Kudus,school,Sekolah Menengah (SMA/SMK/SMP),Kota Tangerang,-6.134688,106.706217,osm_overpass:node/4974594632,SCH-0164,False,7,
KB - TK - SD Dharma Surya,school,Sekolah Menengah (SMA/SMK/SMP),Kota Tangerang,-6.134509,106.705299,osm_overpass:node/4974594633,SCH-0165,False,7,
SD Harapan Kasih,school,Sekolah Menengah (SMA/SMK/SMP),Jakarta Barat,-6.180474,106.782976,osm_overpass:node/5032149100,SCH-0166,False,7,
SMA Buah Hati,school,Sekolah Menengah (SMA/SMK/SMP),Kota Depok,-6.344386,106.884929,osm_overpass:node/5055778323,SCH-0167,False,7,
SMK Bina Nusa Mandiri,school,Sekolah Menengah (SMA/SMK/SMP),Kota Depok,-6.3282,106.880608,osm_overpass:node/5055779085,SCH-0168,False,7,
"SMP - SMA Cengkareng 1, SMK Cengkareng 2 Jakarta",school,Sekolah Menengah (SMA/SMK/SMP),Kota Tangerang,-6.134365,106.738009,osm_overpass:node/5057618588,SCH-0169,False,7,
SMA Negeri 2 Tambun Utara,school,Sekolah Menengah (SMA/SMK/SMP),Kota Bekasi,-6.232955,107.050632,osm_overpass:node/5057829932,SCH-0170,False,7,
SMPS Al Huda,school,Sekolah Menengah (SMA/SMK/SMP),Kota Bekasi,-6.222798,107.034272,osm_overpass:node/5057829953,SCH-0171,False,7,
SMP At Taqwa 11,school,Sekolah Menengah (SMA/SMK/SMP),Kota Bekasi,-6.208964,107.035172,osm_overpass:node/5057829958,SCH-0172,False,7,
SMP Satria Nusantara,school,Sekolah Menengah (SMA/SMK/SMP),Kota Bekasi,-6.218845,107.044049,osm_overpass:node/5057829979,SCH-0173,False,7,
SMP Negeri 3 Tambun Utara,school,Sekolah Menengah (SMA/SMK/SMP),Kota Bekasi,-6.233324,107.044795,osm_overpass:node/5057829980,SCH-0174,False,7,
SLB B dan C Kristen Ephphatha Indonesia,school,Sekolah Menengah (SMA/SMK/SMP),Kota Bekasi,-6.220917,107.035368,osm_overpass:node/5057829986,SCH-0175,False,7,
SD Negeri Karangsatria 01,school,Sekolah Menengah (SMA/SMK/SMP),Kota Bekasi,-6.20934,107.035033,osm_overpass:node/5057829995,SCH-0176,False,7,
SD Negeri Karangsatria 04,school,Sekolah Menengah (SMA/SMK/SMP),Kota Bekasi,-6.217303,107.033127,osm_overpass:node/5057830024,SCH-0177,False,7,
SD Negeri Karangsatria 05,school,Sekolah Menengah (SMA/SMK/SMP),Kota Bekasi,-6.218356,107.04394,osm_overpass:node/5057830050,SCH-0178,False,7,
SD Negeri Karangsatria 02,school,Sekolah Menengah (SMA/SMK/SMP),Kota Bekasi,-6.222797,107.033874,osm_overpass:node/5057830068,SCH-0179,False,7,
SMK Athena,school,Sekolah Menengah (SMA/SMK/SMP),Kota Bekasi,-6.224513,107.041186,osm_overpass:node/5057830081,SCH-0180,False,7,
SD Karangsatria 03,school,Sekolah Menengah (SMA/SMK/SMP),Kota Bekasi,-6.231511,107.046509,osm_overpass:node/5057830101,SCH-0181,False,7,
SD Plus Al Fathonah Mardlotilla,school,Sekolah Menengah (SMA/SMK/SMP),Kota Bekasi,-6.23693,107.049995,osm_overpass:node/5057830102,SCH-0182,False,7,
SMP Harapan Taruna,school,Sekolah Menengah (SMA/SMK/SMP),Kota Bogor,-6.618915,106.81016,osm_overpass:node/5063672371,SCH-0183,False,7,
SMA Ananda,school,Sekolah Menengah (SMA/SMK/SMP),Kota Bogor,-6.618967,106.811937,osm_overpass:node/5063672372,SCH-0184,False,7,
SD Ananda,school,Sekolah Menengah (SMA/SMK/SMP),Kota Bogor,-6.618598,106.811919,osm_overpass:node/5063672373,SCH-0185,False,7,
SMK Bhakti Insani Bogor,school,Sekolah Menengah (SMA/SMK/SMP),Kota Bogor,-6.618834,106.810748,osm_overpass:node/5063672375,SCH-0186,False,7,
SD Negeri Batutulis IV,school,Sekolah Menengah (SMA/SMK/SMP),Kota Bogor,-6.618617,106.810006,osm_overpass:node/5063672378,SCH-0187,False,7,
SD Negeri Batutulis III,school,Sekolah Menengah (SMA/SMK/SMP),Kota Bogor,-6.624037,106.809333,osm_overpass:node/5063672379,SCH-0188,False,7,
SMPN 244 Terbuka,school,Sekolah Menengah (SMA/SMK/SMP),Kota Bekasi,-6.099251,106.961723,osm_overpass:node/5063864231,SCH-0189,False,7,
SMK Bintang Nusantara,school,Sekolah Menengah (SMA/SMK/SMP),Kota Bekasi,-6.098333,106.961743,osm_overpass:node/5063968047,SCH-0190,False,7,
SMA Negeri 8 Bogor,school,Sekolah Menengah (SMA/SMK/SMP),Kota Bogor,-6.544996,106.820244,osm_overpass:node/5065392760,SCH-0191,False,7,
SMP Negeri 15 Bogor,school,Sekolah Menengah (SMA/SMK/SMP),Kota Bogor,-6.546822,106.822227,osm_overpass:node/5065392765,SCH-0192,False,7,
MI Raudatul Islamiyah,school,Sekolah Menengah (SMA/SMK/SMP),Kota Bogor,-6.545184,106.811716,osm_overpass:node/5065392766,SCH-0193,False,7,
SD Negeri Cibuluh III,school,Sekolah Menengah (SMA/SMK/SMP),Kota Bogor,-6.54353,106.820118,osm_overpass:node/5065392773,SCH-0194,False,7,
SD Negeri Cibuluh IV,school,Sekolah Menengah (SMA/SMK/SMP),Kota Bogor,-6.54673,106.814143,osm_overpass:node/5065392774,SCH-0195,False,7,
SD Negeri Ciparigi,school,Sekolah Menengah (SMA/SMK/SMP),Kota Bogor,-6.546325,106.813699,osm_overpass:node/5065392775,SCH-0196,False,7,
SDN Dewi Sartika 3,school,Sekolah Menengah (SMA/SMK/SMP),Kota Bogor,-6.582236,106.793885,osm_overpass:node/5065786940,SCH-0197,False,7,
"SD, SMP Al Humaid",school,Sekolah Menengah (SMA/SMK/SMP),Jakarta Timur,-6.234722,106.897232,osm_overpass:node/5067879747,SCH-0198,False,7,
SMK Kesehatan,school,Sekolah Menengah (SMA/SMK/SMP),Kota Bogor,-6.53078,106.765944,osm_overpass:node/5068059911,SCH-0199,False,7,
SMAIT Ummul Quro Bogor,school,Sekolah Menengah (SMA/SMK/SMP),Kota Bogor,-6.52844,106.771801,osm_overpass:node/5068059918,SCH-0200,False,7,
SMP Permata,school,Sekolah Menengah (SMA/SMK/SMP),Kota Bogor,-6.53354,106.766232,osm_overpass:node/5068059931,SCH-0201,False,7,
MTs Nurul Huda 1,school,Sekolah Menengah (SMA/SMK/SMP),Kota Bogor,-6.526468,106.773913,osm_overpass:node/5068059932,SCH-0202,False,7,
SMP Negeri 16 Bogor,school,Sekolah Menengah (SMA/SMK/SMP),Kota Bogor,-6.532665,106.773352,osm_overpass:node/5068059933,SCH-0203,False,7,
MI Sirojudin,school,Sekolah Menengah (SMA/SMK/SMP),Kota Bogor,-6.525724,106.766867,osm_overpass:node/5068059970,SCH-0204,False,7,
SD Negeri Kayumanis 2,school,Sekolah Menengah (SMA/SMK/SMP),Kota Bogor,-6.516518,106.769418,osm_overpass:node/5068059985,SCH-0205,False,7,
MA Yatashi,school,Sekolah Menengah (SMA/SMK/SMP),Kota Bogor,-6.537753,106.766146,osm_overpass:node/5068060021,SCH-0206,False,7,
Heritage School,school,Sekolah Menengah (SMA/SMK/SMP),Jakarta Selatan,-6.222035,106.783168,osm_overpass:node/5082955316,SCH-0207,False,7,
SMA Negeri 1 Depok,school,Sekolah Menengah (SMA/SMK/SMP),Kota Depok,-6.395384,106.814397,osm_overpass:node/4245942448,SCH-0208,False,7,
SMPIT Nurul Falah,school,Sekolah Menengah (SMA/SMK/SMP),Kota Tangerang Selatan,-6.3442,106.5545,osm_overpass:node/13438936017,SCH-0209,False,7,Hot-Swapped dari buffer SCH-BUF-001 (pengganti SMK Farmasi IKIFA 404)
SMKS Yastrif 2 Parungpanjang,school,Sekolah Menengah (SMA/SMK/SMP),Kota Tangerang Selatan,-6.3452,106.5594,osm_overpass:node/13438936018,SCH-0210,False,7,Hot-Swapped dari buffer SCH-BUF-002 (pengganti SMK Malaka 404)
"SMP, SMK, SMA, STM DHARMA PUTRA",school,Sekolah Menengah (SMA/SMK/SMP),Jakarta Utara,-6.122854,106.886193,osm_overpass:node/5271847430,SCH-0211,False,7,
SMPK Mater Dei Pamulang,school,Sekolah Menengah (SMA/SMK/SMP),Kota Tangerang Selatan,-6.345382,106.732829,osm_overpass:node/5282378728,SCH-0212,False,7,
Madrasah Ibtidaiyah Al Furqon,school,Sekolah Menengah (SMA/SMK/SMP),Kota Tangerang,-6.145438,106.730488,osm_overpass:node/5441478821,SCH-0213,False,7,
SMP/SMK Islam YTM Bogor,school,Sekolah Menengah (SMA/SMK/SMP),Kota Bogor,-6.5926,106.806298,osm_overpass:node/5614645309,SCH-0214,False,7,
Kristen Yusuf High School,school,Sekolah Menengah (SMA/SMK/SMP),Jakarta Utara,-6.141412,106.794801,osm_overpass:node/5940507317,SCH-0215,False,7,
"Strada: TK St Maria 2, SD St Aloysius, SMP St Maria 2",school,Sekolah Menengah (SMA/SMK/SMP),Kota Tangerang,-6.16974,106.625655,osm_overpass:node/6154722192,SCH-0216,False,7,
"Perguruan Setia Bakti TK, SD, SMP, SMK, SMA",school,Sekolah Menengah (SMA/SMK/SMP),Kota Tangerang,-6.182812,106.631403,osm_overpass:node/6155553388,SCH-0217,False,7,
"SMP, SMU Pembangunan Dua",school,Sekolah Menengah (SMA/SMK/SMP),Jakarta Pusat,-6.162507,106.817194,osm_overpass:node/6187462994,SCH-0218,False,7,
"SMP, SMK Ma’arif",school,Sekolah Menengah (SMA/SMK/SMP),Jakarta Barat,-6.162852,106.794154,osm_overpass:node/6203331193,SCH-0219,False,7,
SMPN 69,school,Sekolah Menengah (SMA/SMK/SMP),Jakarta Barat,-6.176096,106.787009,osm_overpass:node/6210534092,SCH-0220,False,7,
"TKK, SDK, SMPK Panti Asuhan Pa Ban Dee Steur",school,Sekolah Menengah (SMA/SMK/SMP),Jakarta Pusat,-6.204452,106.858217,osm_overpass:node/6219012686,SCH-0221,False,7,
SMA Krida Nusantara,school,Sekolah Menengah (SMA/SMK/SMP),Jakarta Pusat,-6.199946,106.852613,osm_overpass:node/6219016387,SCH-0222,False,7,
SMK Negeri 3,school,Sekolah Menengah (SMA/SMK/SMP),Kota Bogor,-6.583193,106.806733,osm_overpass:node/6227661685,SCH-0223,False,7,
"TK, SD, SMP, SMA, SMK Santo Fransiskus",school,Sekolah Menengah (SMA/SMK/SMP),Jakarta Pusat,-6.187886,106.846559,osm_overpass:node/6249969797,SCH-0224,False,7,
"KB, TK, SD, SMP, SMK Parawisata Santa Maria",school,Sekolah Menengah (SMA/SMK/SMP),Jakarta Pusat,-6.166822,106.824292,osm_overpass:node/6251585803,SCH-0225,False,7,
"SMP, SMA Santa Ursula",school,Sekolah Menengah (SMA/SMK/SMP),Jakarta Pusat,-6.168596,106.834564,osm_overpass:node/6252016291,SCH-0226,False,7,
SMAK3 BPK Penabur,school,Sekolah Menengah (SMA/SMK/SMP),Jakarta Pusat,-6.169873,106.840454,osm_overpass:node/6255540890,SCH-0227,False,7,
SMP Dharma Siswa,school,Sekolah Menengah (SMA/SMK/SMP),Kota Tangerang,-6.195237,106.620947,osm_overpass:node/6269495096,SCH-0228,False,7,
"SMP, SMK Voctech 1, 2",school,Sekolah Menengah (SMA/SMK/SMP),Kota Tangerang,-6.186344,106.612917,osm_overpass:node/6269599889,SCH-0229,False,7,
SMP NEGERI 3 CIBITUNG,school,Sekolah Menengah (SMA/SMK/SMP),Kota Bekasi,-6.224676,107.113849,osm_overpass:node/6303961437,SCH-0230,False,7,
"SD, SMP Adevent Anggrek",school,Sekolah Menengah (SMA/SMK/SMP),Jakarta Utara,-6.115351,106.894329,osm_overpass:node/6393442786,SCH-0231,False,7,
SMAS PGRI Rumpin,school,Sekolah Menengah (SMA/SMK/SMP),Kota Bogor,-6.5046,106.6546,osm_overpass:node/13438936019,SCH-0232,False,7,Hot-Swapped dari buffer SCH-BUF-003 (pengganti SMK Negeri 1 Kota Bekasi 404)
SD Al - Awwaliyah,school,Sekolah Menengah (SMA/SMK/SMP),Kota Bogor,-6.490479,106.649095,osm_overpass:node/13438936021,SCH-0233,False,7,Hot-Swapped dari buffer SCH-BUF-004 (pengganti SMKS Bina Mandiri 404)
SMP IT AL-HIDAYAH,school,Sekolah Menengah (SMA/SMK/SMP),Kota Bogor,-6.471537,106.831245,osm_overpass:node/6723944685,SCH-0234,False,7,
SD SMP AL-FATH,school,Sekolah Menengah (SMA/SMK/SMP),Kota Bogor,-6.466983,106.839664,osm_overpass:node/6724062586,SCH-0235,False,7,
SMA Negeri 10 Kota Tangerang,school,Sekolah Menengah (SMA/SMK/SMP),Kota Tangerang,-6.191248,106.664877,osm_overpass:node/6731704452,SCH-0236,False,7,
SMPN 4 Tambun Selatan,school,Sekolah Menengah (SMA/SMK/SMP),Kab. Bekasi,-6.268313,107.022472,osm_overpass:node/6841413251,SCH-0237,False,7,
SMAN 6 Tambun Selatan,school,Sekolah Menengah (SMA/SMK/SMP),Kab. Bekasi,-6.267306,107.018663,osm_overpass:node/6841413254,SCH-0238,False,7,
SMKN 6 Kab Tangerang,school,Sekolah Menengah (SMA/SMK/SMP),Kota Tangerang Selatan,-6.302182,106.625351,osm_overpass:node/7396530641,SCH-0239,False,7,
SMP Muhammadiyah 2 Jakarta,school,Sekolah Menengah (SMA/SMK/SMP),Jakarta Pusat,-6.161463,106.842676,osm_overpass:node/7718895734,SCH-0240,False,7,
SMP Negeri 6 Kota Bogor - Gerbang Masuk dan Keluar,school,Sekolah Menengah (SMA/SMK/SMP),Kota Bogor,-6.578325,106.7717,osm_overpass:node/7887193785,SCH-0241,False,7,
SMA Negeri 11 Kota Tangerang,school,Sekolah Menengah (SMA/SMK/SMP),Kota Tangerang,-6.20501,106.575795,osm_overpass:node/8117792023,SCH-0242,False,7,
SMKN 2 Cibinong,school,Sekolah Menengah (SMA/SMK/SMP),Kota Bogor,-6.521567,106.815754,osm_overpass:node/8242010596,SCH-0243,False,7,
SMPN 10 Depok,school,Sekolah Menengah (SMA/SMK/SMP),Kota Depok,-6.419448,106.760812,osm_overpass:node/8948574802,SCH-0244,False,7,
SDIT SMPIT ABDURRAHMAN BIN AUF,school,Sekolah Menengah (SMA/SMK/SMP),Kota Bogor,-6.5427,106.766845,osm_overpass:node/8961586017,SCH-0245,False,7,
SMK & SMP Tanjung,school,Sekolah Menengah (SMA/SMK/SMP),Jakarta Barat,-6.161511,106.796231,osm_overpass:node/9064896763,SCH-0246,False,7,
SMK Widya Patria 2,school,Sekolah Menengah (SMA/SMK/SMP),Kota Tangerang,-6.213384,106.725209,osm_overpass:node/9599110217,SCH-0247,False,7,
SMP - SMA Citra Nusa,school,Sekolah Menengah (SMA/SMK/SMP),Kota Bogor,-6.474551,106.829568,osm_overpass:node/9677847515,SCH-0248,False,7,
SMAN 11 Depok,school,Sekolah Menengah (SMA/SMK/SMP),Kota Depok,-6.422028,106.836706,osm_overpass:node/9681786196,SCH-0249,False,7,
SMP Mutiara Bangsa,school,Sekolah Menengah (SMA/SMK/SMP),Kota Depok,-6.353961,106.836769,osm_overpass:node/9684687961,SCH-0250,False,7,
Strada SMK Daan Mogot,school,Sekolah Menengah (SMA/SMK/SMP),Kota Tangerang,-6.180686,106.619899,osm_overpass:node/9695764261,SCH-0251,False,7,
SMA Negeri 1 Tangerang,school,Sekolah Menengah (SMA/SMK/SMP),Kota Tangerang,-6.170116,106.633323,osm_overpass:node/9696016624,SCH-0252,False,7,
SMP Paramarta Unggulan,school,Sekolah Menengah (SMA/SMK/SMP),Kota Tangerang Selatan,-6.297399,106.733205,osm_overpass:node/9696346121,SCH-0253,False,7,
SMA Islam PB Soedirman,school,Sekolah Menengah (SMA/SMK/SMP),Jakarta Timur,-6.314775,106.862198,osm_overpass:node/9725367860,SCH-0254,False,7,
Madrasah Manaratul Islam,school,Sekolah Menengah (SMA/SMK/SMP),Jakarta Selatan,-6.267116,106.793654,osm_overpass:node/9725370412,SCH-0255,False,7,
SMK Remaja Pluit,school,Sekolah Menengah (SMA/SMK/SMP),Jakarta Utara,-6.12468,106.79098,osm_overpass:node/9729511471,SCH-0256,False,7,
SMK Kesehatan Banten,school,Sekolah Menengah (SMA/SMK/SMP),Kota Tangerang,-6.184319,106.658202,osm_overpass:node/9731788223,SCH-0257,False,7,
SMPN 1 Cileungsi,school,Sekolah Menengah (SMA/SMK/SMP),Kota Depok,-6.415028,106.960169,osm_overpass:node/9733885569,SCH-0258,False,7,
SMK Farmasi Avicenna Cileungsi,school,Sekolah Menengah (SMA/SMK/SMP),Kota Depok,-6.408057,106.966724,osm_overpass:node/9734092825,SCH-0259,False,7,
TK - SD - SMP Santa Lusia Bekasi,school,Sekolah Menengah (SMA/SMK/SMP),Kab. Bekasi,-6.303528,106.989125,osm_overpass:node/9736240163,SCH-0260,False,7,
SMP PGRI Rumpin,school,Sekolah Menengah (SMA/SMK/SMP),Kota Bogor,-6.5035,106.6544,osm_overpass:node/13438936022,SCH-0261,False,7,Hot-Swapped dari buffer SCH-BUF-005 (pengganti SMA Swasta Bani Saleh Bekasi 404)
"TK, SD, SMP, SMA, SMK Budi Mulya Ciledug",school,Sekolah Menengah (SMA/SMK/SMP),Kota Tangerang,-6.227233,106.713795,osm_overpass:node/9748393985,SCH-0262,False,7,
SMPS Man Ana,school,Sekolah Menengah (SMA/SMK/SMP),Kota Bogor,-6.65,106.6427,osm_overpass:node/13438936027,SCH-0263,False,7,Hot-Swapped dari buffer SCH-BUF-006 (pengganti SMA Martia Bhakti 404)
SMP IT Nurul Fajri Cikarang Barat,school,Sekolah Menengah (SMA/SMK/SMP),Kab. Bekasi,-6.266666,107.09861,osm_overpass:node/9752866323,SCH-0264,False,7,
SMA Swasta Global Persada Mandiri,school,Sekolah Menengah (SMA/SMK/SMP),Kota Bekasi,-6.229033,107.018282,osm_overpass:node/9752885174,SCH-0265,False,7,
SMP Islam Assuryaniyah,school,Sekolah Menengah (SMA/SMK/SMP),Kab. Bekasi,-6.31794,107.034977,osm_overpass:node/9756292019,SCH-0266,False,7,
SMP Negeri 1 Pasar Kemis,school,Sekolah Menengah (SMA/SMK/SMP),Kota Tangerang,-6.171985,106.560908,osm_overpass:node/9767532782,SCH-0267,False,7,
SMK Tonjong,school,Sekolah Menengah (SMA/SMK/SMP),Kota Bogor,-6.49275,106.767663,osm_overpass:node/9795148332,SCH-0268,False,7,
SMP Daya Utama,school,Sekolah Menengah (SMA/SMK/SMP),Kab. Bekasi,-6.29647,107.02998,osm_overpass:node/9835105459,SCH-0269,False,7,
SMA Daya Utama,school,Sekolah Menengah (SMA/SMK/SMP),Kab. Bekasi,-6.296479,107.029602,osm_overpass:node/9835105460,SCH-0270,False,7,
SMK Daya Utama,school,Sekolah Menengah (SMA/SMK/SMP),Kab. Bekasi,-6.295744,107.029834,osm_overpass:node/9835105461,SCH-0271,False,7,
SMA An-Nurmaniyah,school,Sekolah Menengah (SMA/SMK/SMP),Kota Tangerang,-6.242925,106.715828,osm_overpass:node/10664716131,SCH-0272,False,7,
SMAS Pusaka Nusantara 2,school,Sekolah Menengah (SMA/SMK/SMP),Kab. Bekasi,-6.261183,107.058984,osm_overpass:node/10745282322,SCH-0273,False,7,
SDIT Utsmanil Hakim,school,Sekolah Menengah (SMA/SMK/SMP),Kota Bogor,-6.526152,106.76657,osm_overpass:node/10760548025,SCH-0274,False,7,
SMP Kreativa Bogor,school,Sekolah Menengah (SMA/SMK/SMP),Kota Bogor,-6.524318,106.76677,osm_overpass:node/10760552888,SCH-0275,False,7,
SMPS Gema Bangsa,school,Sekolah Menengah (SMA/SMK/SMP),Kota Bogor,-6.6197,106.6875,osm_overpass:node/13438936036,SCH-0276,False,7,Hot-Swapped dari buffer SCH-BUF-007 (pengganti SMA PGRI 2 Bekasi 404)
SMP Bhakti Nugraha,school,Sekolah Menengah (SMA/SMK/SMP),Kota Bogor,-6.6207,106.6958,osm_overpass:node/13438936038,SCH-0277,False,7,Hot-Swapped dari buffer SCH-BUF-008 (pengganti SMP PGRI Astra Insani 404)
SMK Putra Pelita,school,Sekolah Menengah (SMA/SMK/SMP),Kota Bogor,-6.6162,106.6949,osm_overpass:node/13438936039,SCH-0278,False,7,Hot-Swapped dari buffer SCH-BUF-009 (pengganti SMPK Penabur Summarecon Bekasi 404)
SMP Negeri 1 Tenjolaya,school,Sekolah Menengah (SMA/SMK/SMP),Kota Bogor,-6.6128,106.6959,osm_overpass:node/13438936046,SCH-0279,False,7,Hot-Swapped dari buffer SCH-BUF-010 (pengganti SMAI Al-Azhar 8 404)
SMA Negeri 22 Bekasi,school,Sekolah Menengah (SMA/SMK/SMP),Kab. Bekasi,-6.336407,106.991502,osm_overpass:node/10951121950,SCH-0280,False,7,
SMKS Bistek,school,Sekolah Menengah (SMA/SMK/SMP),Kota Tangerang Selatan,-6.3826,106.6916,osm_overpass:node/13438936051,SCH-0281,False,7,Hot-Swapped dari buffer SCH-BUF-011 (pengganti SMP/MTs Nurul Ikhlas 404)
SMK PGRI Rawalumbu,school,Sekolah Menengah (SMA/SMK/SMP),Kab. Bekasi,-6.287881,106.999751,osm_overpass:node/11269394424,SCH-0282,False,7,
Madrasah Diniyah Almuawanah,school,Sekolah Menengah (SMA/SMK/SMP),Kota Bogor,-6.545715,106.698658,osm_overpass:node/11478634847,SCH-0283,False,7,
Smp Negeri 1 Ciampea (Lokal 2),school,Sekolah Menengah (SMA/SMK/SMP),Kota Bogor,-6.547762,106.690921,osm_overpass:node/11486698948,SCH-0284,False,7,
SMK NEGERI 1 TAMBELANG,school,Sekolah Menengah (SMA/SMK/SMP),Kota Bekasi,-6.195311,107.121495,osm_overpass:node/11575637046,SCH-0285,False,7,
Yayasan Pendidikan Islam Raudlatul Hikmah RA MI SMP Islam,school,Sekolah Menengah (SMA/SMK/SMP),Kota Tangerang Selatan,-6.33769,106.708044,osm_overpass:node/11813359269,SCH-0286,False,7,
SMP Islam 3 Al-Azhar Bintaro,school,Sekolah Menengah (SMA/SMK/SMP),Kota Tangerang Selatan,-6.26606,106.742252,osm_overpass:node/11826779503,SCH-0287,False,7,
SMPIT Darul Hijri,school,Sekolah Menengah (SMA/SMK/SMP),Kota Bogor,-6.576563,106.744014,osm_overpass:node/11932036645,SCH-0288,False,7,
SMP Plus Al-Azhar,school,Sekolah Menengah (SMA/SMK/SMP),Kota Bogor,-6.580704,106.761981,osm_overpass:node/11933003043,SCH-0289,False,7,
SMP Islam Taman Cahaya,school,Sekolah Menengah (SMA/SMK/SMP),Kota Bogor,-6.566011,106.76518,osm_overpass:node/11936006812,SCH-0290,False,7,
SMPIT Tarbiyantun Nisaa,school,Sekolah Menengah (SMA/SMK/SMP),Kota Bogor,-6.538873,106.741973,osm_overpass:node/11937213236,SCH-0291,False,7,
SMK Al Muasyarah,school,Sekolah Menengah (SMA/SMK/SMP),Kota Bogor,-6.539174,106.736955,osm_overpass:node/11938364613,SCH-0292,False,7,
SMA Kornita,school,Sekolah Menengah (SMA/SMK/SMP),Kota Bogor,-6.555869,106.729214,osm_overpass:node/11939866358,SCH-0293,False,7,
SMPIT Ma'had Syaraful Haramain,school,Sekolah Menengah (SMA/SMK/SMP),Kota Bogor,-6.567073,106.69626,osm_overpass:node/11940925787,SCH-0294,False,7,
SMP Kreativa,school,Sekolah Menengah (SMA/SMK/SMP),Kota Bogor,-6.558335,106.778563,osm_overpass:node/11944080107,SCH-0295,False,7,
SMK Windian Nugraha,school,Sekolah Menengah (SMA/SMK/SMP),Kota Bogor,-6.569974,106.768691,osm_overpass:node/11944792884,SCH-0296,False,7,
SMP Taruna Andigha,school,Sekolah Menengah (SMA/SMK/SMP),Kota Bogor,-6.595146,106.785719,osm_overpass:node/11946331763,SCH-0297,False,7,
SMK Taruna Andigha,school,Sekolah Menengah (SMA/SMK/SMP),Kota Bogor,-6.59483,106.785346,osm_overpass:node/11946401982,SCH-0298,False,7,
SMK YZA,school,Sekolah Menengah (SMA/SMK/SMP),Kota Bogor,-6.587605,106.784005,osm_overpass:node/11947090376,SCH-0299,False,7,
SMA Negri 1 Cibinong,school,Sekolah Menengah (SMA/SMK/SMP),Kab. Bogor,-6.47021,106.861931,osm_overpass:node/12293466521,SCH-0300,False,7,
SMA Negeri 96 Jakarta,school,Sekolah Menengah (SMA/SMK/SMP),Kota Tangerang,-6.146684,106.739844,osm_overpass:node/12361068530,SCH-0301,False,7,
SMP As Shoheh Sampora,school,Sekolah Menengah (SMA/SMK/SMP),Kab. Bogor,-6.5028,106.8553,osm_overpass:node/13438936059,SCH-0302,False,7,Hot-Swapped dari buffer SCH-BUF-012 (pengganti SMA KORPRI BEKASI 404)
SMPS IT Al Ishlah,school,Sekolah Menengah (SMA/SMK/SMP),Kota Bogor,-6.48001,106.845088,osm_overpass:node/13438936061,SCH-0303,False,7,Hot-Swapped dari buffer SCH-BUF-013 (pengganti SMA Muhammadiyah 9 Bekasi 404)
SMA Muhammadiyah 4 Depok,school,Sekolah Menengah (SMA/SMK/SMP),Kota Depok,-6.387197,106.771096,osm_overpass:node/12420631572,SCH-0304,False,7,
SMA PGRI 1 DEPOK,school,Sekolah Menengah (SMA/SMK/SMP),Kota Depok,-6.404673,106.823883,osm_overpass:node/12420669679,SCH-0305,False,7,
SMA Bintara,school,Sekolah Menengah (SMA/SMK/SMP),Kota Depok,-6.39966,106.81055,osm_overpass:node/12423645549,SCH-0306,False,7,
SMP Negeri 3 Pasarkemis,school,Sekolah Menengah (SMA/SMK/SMP),Kota Tangerang,-6.163804,106.581342,osm_overpass:node/12573811101,SCH-0307,False,7,
SMAN 1 Cibungbulang,school,Sekolah Menengah (SMA/SMK/SMP),Kota Bogor,-6.587439,106.662722,osm_overpass:node/12600068393,SCH-0308,False,7,
smp 3 babelan,school,Sekolah Menengah (SMA/SMK/SMP),Kota Bekasi,-6.181997,107.00667,osm_overpass:node/12695995799,SCH-0309,False,7,
SMK - SMAK Bogor,school,Sekolah Menengah (SMA/SMK/SMP),Kota Bogor,-6.561738,106.822499,osm_overpass:node/13195470202,SCH-0310,False,7,
SMK Informatika Bina Generasi 2,school,Sekolah Menengah (SMA/SMK/SMP),Kota Bogor,-6.611953,106.748689,osm_overpass:node/13438826151,SCH-0311,False,7,
SMP Citra Bogor Setia,school,Sekolah Menengah (SMA/SMK/SMP),Kab. Bogor,-6.586,107.0611,osm_overpass:node/13438826156,SCH-0312,False,7,
SMPIT Andalus,school,Sekolah Menengah (SMA/SMK/SMP),Kab. Bogor,-6.566368,107.069545,osm_overpass:node/13438826157,SCH-0313,False,7,
SMPS Pesona Dywantara,school,Sekolah Menengah (SMA/SMK/SMP),Kab. Bogor,-6.605576,107.062522,osm_overpass:node/13438826160,SCH-0314,False,7,
SMP Taman Manggah Dua,school,Sekolah Menengah (SMA/SMK/SMP),Kota Bogor,-6.6119,106.7345,osm_overpass:node/13438826164,SCH-0315,False,7,
SMP Qt Yanbuul Quran 7 Bogor,school,Sekolah Menengah (SMA/SMK/SMP),Kota Bogor,-6.611323,106.73853,osm_overpass:node/13438826165,SCH-0316,False,7,
SMAIT Al Andalus,school,Sekolah Menengah (SMA/SMK/SMP),Kab. Bogor,-6.563096,107.056401,osm_overpass:node/13438826168,SCH-0317,False,7,
SMAQT Yanbu’ul Qur’an 7 Bogor,school,Sekolah Menengah (SMA/SMK/SMP),Kab. Bogor,-6.522955,107.075846,osm_overpass:node/13438826169,SCH-0318,False,7,
SMP Negeri 1 Sukamakmur,school,Sekolah Menengah (SMA/SMK/SMP),Kab. Bogor,-6.5538,107.0556,osm_overpass:node/13438826170,SCH-0319,False,7,
SMKS Kharisma Nusantara,school,Sekolah Menengah (SMA/SMK/SMP),Kab. Bogor,-6.5263,107.0741,osm_overpass:node/13438826171,SCH-0320,False,7,
SMP Quran Eltahfidh,school,Sekolah Menengah (SMA/SMK/SMP),Kota Depok,-6.423355,107.024088,osm_overpass:node/13438826173,SCH-0321,False,7,
SMK Global Surya Pratama,school,Sekolah Menengah (SMA/SMK/SMP),Kota Depok,-6.432078,107.014384,osm_overpass:node/13438826174,SCH-0322,False,7,
SMP Negeri 2 Cileungsi,school,Sekolah Menengah (SMA/SMK/SMP),Kota Depok,-6.4401,107.0268,osm_overpass:node/13438826176,SCH-0323,False,7,
SMP Matusha Dwi Elang,school,Sekolah Menengah (SMA/SMK/SMP),Kota Bogor,-6.617419,106.657682,osm_overpass:node/13438826185,SCH-0324,False,7,
SMP Adzkia Kharisma,school,Sekolah Menengah (SMA/SMK/SMP),Kota Bogor,-6.617938,106.654573,osm_overpass:node/13438826187,SCH-0325,False,7,
SMAS Taman Islam,school,Sekolah Menengah (SMA/SMK/SMP),Kota Bogor,-6.6142,106.6564,osm_overpass:node/13438826188,SCH-0326,False,7,
SMP PGRI Cikupa,school,Sekolah Menengah (SMA/SMK/SMP),Kota Bogor,-6.6112,106.7098,osm_overpass:node/13438826190,SCH-0327,False,7,
SMKS Yapura 1,school,Sekolah Menengah (SMA/SMK/SMP),Kota Bogor,-6.6129,106.7096,osm_overpass:node/13438826194,SCH-0328,False,7,
SMP Negeri 10 Bogor,school,Sekolah Menengah (SMA/SMK/SMP),Kota Bogor,-6.6299,106.8123,osm_overpass:node/13438886754,SCH-0329,False,7,
SMAS Darutafsir,school,Sekolah Menengah (SMA/SMK/SMP),Kota Bogor,-6.5584,106.7153,osm_overpass:node/13438886758,SCH-0330,False,7,
SMPS Plus Al Hidayah,school,Sekolah Menengah (SMA/SMK/SMP),Kota Bogor,-6.5761,106.6717,osm_overpass:node/13438886765,SCH-0331,False,7,
SMKS Al Hidayah,school,Sekolah Menengah (SMA/SMK/SMP),Kota Bogor,-6.5757,106.6713,osm_overpass:node/13438886766,SCH-0332,False,7,
SMKS Bumi Sejahtera,school,Sekolah Menengah (SMA/SMK/SMP),Kota Bogor,-6.5815,106.6612,osm_overpass:node/13438886769,SCH-0333,False,7,
SMP Kurnia,school,Sekolah Menengah (SMA/SMK/SMP),Kota Bogor,-6.5611,106.8265,osm_overpass:node/13438886770,SCH-0334,False,7,
SMPIT Al Bunyan,school,Sekolah Menengah (SMA/SMK/SMP),Kota Bogor,-6.620035,106.794476,osm_overpass:node/13438886779,SCH-0335,False,7,
SMP Islam Azizur Rasyid,school,Sekolah Menengah (SMA/SMK/SMP),Kab. Bogor,-6.639064,106.850742,osm_overpass:node/13438886780,SCH-0336,False,7,
SMKS Al Fitriyah Bogor,school,Sekolah Menengah (SMA/SMK/SMP),Kota Bogor,-6.5708,106.7658,osm_overpass:node/13438886782,SCH-0337,False,7,
SMP PGRI 8,school,Sekolah Menengah (SMA/SMK/SMP),Kota Bogor,-6.5668,106.7623,osm_overpass:node/13438886783,SCH-0338,False,7,
SMP PGRI 12 Bogor,school,Sekolah Menengah (SMA/SMK/SMP),Kota Bogor,-6.5698,106.7715,osm_overpass:node/13438886785,SCH-0339,False,7,
SMA Bina Insan Mandiri,school,Sekolah Menengah (SMA/SMK/SMP),Kota Bogor,-6.566423,106.768788,osm_overpass:node/13438886788,SCH-0340,False,7,
SMKS PGRI 1 Bogor,school,Sekolah Menengah (SMA/SMK/SMP),Kota Bogor,-6.5671,106.7627,osm_overpass:node/13438886791,SCH-0341,False,7,
SMKS Yasi 1 Cilebut Bogor,school,Sekolah Menengah (SMA/SMK/SMP),Kota Bogor,-6.5344,106.8002,osm_overpass:node/13438886795,SCH-0342,False,7,
SMP Fajrul Islam,school,Sekolah Menengah (SMA/SMK/SMP),Kota Bogor,-6.593445,106.676207,osm_overpass:node/13438909228,SCH-0343,False,7,
SMPS Taruna Bhakti,school,Sekolah Menengah (SMA/SMK/SMP),Kota Bogor,-6.6064,106.6753,osm_overpass:node/13438909230,SCH-0344,False,7,
SMKS Tonjong,school,Sekolah Menengah (SMA/SMK/SMP),Kota Bogor,-6.493,106.768,osm_overpass:node/13438909235,SCH-0345,False,7,
SMKS Arrahmaniyah,school,Sekolah Menengah (SMA/SMK/SMP),Kota Bogor,-6.4965,106.761,osm_overpass:node/13438909237,SCH-0346,False,7,
SMP Miftahul Huda Islamic Boarding School,school,Sekolah Menengah (SMA/SMK/SMP),Kota Bogor,-6.548379,106.675486,osm_overpass:node/13438909258,SCH-0347,False,7,
SMP Islam Terpadu Al Bakriatul Mudassirin,school,Sekolah Menengah (SMA/SMK/SMP),Kota Bogor,-6.529025,106.689806,osm_overpass:node/13438909261,SCH-0348,False,7,
SMP Negeri 4 Gunungputri,school,Sekolah Menengah (SMA/SMK/SMP),Kota Depok,-6.445237,106.903901,osm_overpass:node/13438909264,SCH-0349,False,7,
SMP Al Falah Tlajung,school,Sekolah Menengah (SMA/SMK/SMP),Kab. Bogor,-6.4503,106.91,osm_overpass:node/13438909266,SCH-0350,False,7,
SMP Muhammadiyah Gunungputri,school,Sekolah Menengah (SMA/SMK/SMP),Kab. Bogor,-6.4508,106.8998,osm_overpass:node/13438909273,SCH-0351,False,7,
SMP Tri Sula,school,Sekolah Menengah (SMA/SMK/SMP),Kab. Bogor,-6.4515,106.9084,osm_overpass:node/13438909275,SCH-0352,False,7,
SMP Islam Terpadu Asy Syifa Qolbu,school,Sekolah Menengah (SMA/SMK/SMP),Kota Depok,-6.4361,106.9126,osm_overpass:node/13438909278,SCH-0353,False,7,
SMA Quran Asy Syahid,school,Sekolah Menengah (SMA/SMK/SMP),Kota Depok,-6.359447,106.957036,osm_overpass:node/13438909279,SCH-0354,False,7,
SMP Teruna Muda School,school,Sekolah Menengah (SMA/SMK/SMP),Kab. Bekasi,-6.3442,106.9633,osm_overpass:node/13438909281,SCH-0355,False,7,
SMP Negeri 3 Gunungputri,school,Sekolah Menengah (SMA/SMK/SMP),Kab. Bekasi,-6.3444,106.961,osm_overpass:node/13438909282,SCH-0356,False,7,
SMKS Bina Pendidikan 3 Bogor,school,Sekolah Menengah (SMA/SMK/SMP),Kab. Bekasi,-6.3466,106.9611,osm_overpass:node/13438909285,SCH-0357,False,7,
SMAS Fajar Hidayah,school,Sekolah Menengah (SMA/SMK/SMP),Kota Depok,-6.3659,106.9554,osm_overpass:node/13438909286,SCH-0358,False,7,
SMAS Bina Pendidikan 2,school,Sekolah Menengah (SMA/SMK/SMP),Kab. Bekasi,-6.3462,106.9613,osm_overpass:node/13438909294,SCH-0359,False,7,
SMP Bina Pendidikan,school,Sekolah Menengah (SMA/SMK/SMP),Kab. Bekasi,-6.3458,106.9616,osm_overpass:node/13438909295,SCH-0360,False,7,
SMP K Penabur Kotawisata;SMA Kristen Penabur Kota Wisata,school,Sekolah Menengah (SMA/SMK/SMP),Kab. Bekasi,-6.349,106.9627,osm_overpass:node/13438909296,SCH-0361,False,7,
SMAS Pilar Indonesia;SMP Pilar Indonesia,school,Sekolah Menengah (SMA/SMK/SMP),Kota Depok,-6.3712,106.9481,osm_overpass:node/13438909297,SCH-0362,False,7,
SMP An Nahl Islamic School,school,Sekolah Menengah (SMA/SMK/SMP),Kab. Bekasi,-6.339161,106.964386,osm_overpass:node/13438909299,SCH-0363,False,7,
SMAS Bhakti Insan Persada,school,Sekolah Menengah (SMA/SMK/SMP),Kota Bogor,-6.5762,106.7405,osm_overpass:node/13438915229,SCH-0364,False,7,
SMA Negeri 1 Dramaga,school,Sekolah Menengah (SMA/SMK/SMP),Kota Bogor,-6.5696,106.74,osm_overpass:node/13438915231,SCH-0365,False,7,
SMP Negeri 2 Dramaga,school,Sekolah Menengah (SMA/SMK/SMP),Kota Bogor,-6.5694,106.7406,osm_overpass:node/13438915232,SCH-0366,False,7,
SMKS Bina Teknika,school,Sekolah Menengah (SMA/SMK/SMP),Kota Depok,-6.4373,106.9546,osm_overpass:node/13438915234,SCH-0367,False,7,
SMAS Widya Kusuma,school,Sekolah Menengah (SMA/SMK/SMP),Kota Depok,-6.4323,106.9562,osm_overpass:node/13438915237,SCH-0368,False,7,
SMKS Muhammadiyah 2 Cileungsi,school,Sekolah Menengah (SMA/SMK/SMP),Kota Depok,-6.4307,106.9631,osm_overpass:node/13438915238,SCH-0369,False,7,
SMP Avicenna Cileungsi,school,Sekolah Menengah (SMA/SMK/SMP),Kota Depok,-6.4395,106.9622,osm_overpass:node/13438915240,SCH-0370,False,7,
SMP Cikal Cendekia,school,Sekolah Menengah (SMA/SMK/SMP),Kota Depok,-6.437947,106.968814,osm_overpass:node/13438915242,SCH-0371,False,7,
SMPS Nusantara,school,Sekolah Menengah (SMA/SMK/SMP),Kota Depok,-6.4176,106.9695,osm_overpass:node/13438915246,SCH-0372,False,7,
SMP Widya Kusuma,school,Sekolah Menengah (SMA/SMK/SMP),Kota Depok,-6.427846,106.955076,osm_overpass:node/13438915247,SCH-0373,False,7,
SMPIT Mutiara Islam,school,Sekolah Menengah (SMA/SMK/SMP),Kota Depok,-6.420067,106.964919,osm_overpass:node/13438915248,SCH-0374,False,7,
SMPIT Sultan Agung,school,Sekolah Menengah (SMA/SMK/SMP),Kota Depok,-6.4006,106.5881,osm_overpass:node/13438915250,SCH-0375,False,7,
SMP Al Madzhab,school,Sekolah Menengah (SMA/SMK/SMP),Kota Depok,-6.4224,106.5975,osm_overpass:node/13438915254,SCH-0376,False,7,
SMKS Sultan Agung,school,Sekolah Menengah (SMA/SMK/SMP),Kota Depok,-6.4001,106.5885,osm_overpass:node/13438915256,SCH-0377,False,7,
SMP PGRI Kadumanggu,school,Sekolah Menengah (SMA/SMK/SMP),Kab. Bogor,-6.5405,106.8535,osm_overpass:node/13438915262,SCH-0378,False,7,
SMA Insan Cendekia Boarding School,school,Sekolah Menengah (SMA/SMK/SMP),Kab. Bogor,-6.543232,106.853555,osm_overpass:node/13438915264,SCH-0379,False,7,
SMKS PGRI Babakanmadang,school,Sekolah Menengah (SMA/SMK/SMP),Kab. Bogor,-6.5577,106.8554,osm_overpass:node/13438915269,SCH-0380,False,7,
SMP Sekolah Anak Indonesia,school,Sekolah Menengah (SMA/SMK/SMP),Kota Bogor,-6.532411,106.848734,osm_overpass:node/13438915270,SCH-0381,False,7,
SMKS Galileo,school,Sekolah Menengah (SMA/SMK/SMP),Kab. Bogor,-6.5539,106.8529,osm_overpass:node/13438915271,SCH-0382,False,7,
SMP Mulia Buana,school,Sekolah Menengah (SMA/SMK/SMP),Kota Tangerang Selatan,-6.3456,106.5731,osm_overpass:node/13438915275,SCH-0383,False,7,
SMPIT Al Madany,school,Sekolah Menengah (SMA/SMK/SMP),Kota Tangerang Selatan,-6.3569,106.5827,osm_overpass:node/13438915276,SCH-0384,False,7,
SMAS Mulia Buana;SMKS Bina Putra Mandiri,school,Sekolah Menengah (SMA/SMK/SMP),Kota Tangerang Selatan,-6.3454,106.5728,osm_overpass:node/13438915279,SCH-0385,False,7,
SMP Islam Nida El Adabi,school,Sekolah Menengah (SMA/SMK/SMP),Kota Tangerang Selatan,-6.3459,106.5737,osm_overpass:node/13438915283,SCH-0386,False,7,
SMKS Otista Jonggol,school,Sekolah Menengah (SMA/SMK/SMP),Kab. Bogor,-6.465,107.0659,osm_overpass:node/13438915293,SCH-0387,False,7,
SMKS Putra Negara,school,Sekolah Menengah (SMA/SMK/SMP),Kab. Bogor,-6.4651,107.0683,osm_overpass:node/13438915294,SCH-0388,False,7,
SMA Negeri 2 Jonggol,school,Sekolah Menengah (SMA/SMK/SMP),Kab. Bogor,-6.4705,107.074,osm_overpass:node/13438915295,SCH-0389,False,7,
SMAS PGRI Jonggol,school,Sekolah Menengah (SMA/SMK/SMP),Kab. Bogor,-6.4693,107.0608,osm_overpass:node/13438915296,SCH-0390,False,7,
SMAS Yapida,school,Sekolah Menengah (SMA/SMK/SMP),Kota Depok,-6.4278,106.906,osm_overpass:node/13438917881,SCH-0391,False,7,
SMP Yapida,school,Sekolah Menengah (SMA/SMK/SMP),Kota Depok,-6.4233,106.9073,osm_overpass:node/13438917882,SCH-0392,False,7,
SMKS Yapsa,school,Sekolah Menengah (SMA/SMK/SMP),Kota Depok,-6.4412,106.8941,osm_overpass:node/13438917885,SCH-0393,False,7,
SMPS Karakter,school,Sekolah Menengah (SMA/SMK/SMP),Kota Depok,-6.4265,106.8956,osm_overpass:node/13438917890,SCH-0394,False,7,
SMP Negeri 2 Babakan Madang,school,Sekolah Menengah (SMA/SMK/SMP),Kab. Bogor,-6.6053,106.8931,osm_overpass:node/13438917899,SCH-0395,False,7,
SMKS Ibnu Sina,school,Sekolah Menengah (SMA/SMK/SMP),Kota Bogor,-6.5537,106.7637,osm_overpass:node/13438928680,SCH-0396,False,7,
SMK Plus Dawatul Quran Bogor,school,Sekolah Menengah (SMA/SMK/SMP),Kota Bogor,-6.56414,106.763799,osm_overpass:node/13438928682,SCH-0397,False,7,
SMKS Yktb 1 Bogor,school,Sekolah Menengah (SMA/SMK/SMP),Kota Bogor,-6.5625,106.7639,osm_overpass:node/13438928685,SCH-0398,False,7,
SMK Taman Rezeki,school,Sekolah Menengah (SMA/SMK/SMP),Kab. Bogor,-6.4663,106.8597,osm_overpass:node/13438928688,SCH-0399,False,7,
SMP PGRI 1 Cibinong,school,Sekolah Menengah (SMA/SMK/SMP),Kab. Bogor,-6.465403,106.863507,osm_overpass:node/13438928690,SCH-0400,False,7,
SMP Islam Al Anshor,school,Sekolah Menengah (SMA/SMK/SMP),Kab. Bogor,-6.4683,106.8655,osm_overpass:node/13438928691,SCH-0401,False,7,
SMP Negeri 1 Cibinong,school,Sekolah Menengah (SMA/SMK/SMP),Kab. Bogor,-6.470055,106.861535,osm_overpass:node/13438928692,SCH-0402,False,7,
SMKS PGRI 2 Cibinong,school,Sekolah Menengah (SMA/SMK/SMP),Kab. Bogor,-6.466898,106.865597,osm_overpass:node/13438928693,SCH-0403,False,7,
SMAS PGRI Cibinong,school,Sekolah Menengah (SMA/SMK/SMP),Kab. Bogor,-6.467157,106.864917,osm_overpass:node/13438928694,SCH-0404,False,7,
SMP Plus Awwaliyah Al Asiyah,school,Sekolah Menengah (SMA/SMK/SMP),Kab. Bogor,-6.4595,106.8575,osm_overpass:node/13438928695,SCH-0405,False,7,
SDIT Awwaliyah Al Asiyah,school,Sekolah Menengah (SMA/SMK/SMP),Kab. Bogor,-6.4595,106.8569,osm_overpass:node/13438928696,SCH-0406,False,7,
SMKS Yaspi,school,Sekolah Menengah (SMA/SMK/SMP),Kota Bogor,-6.619465,106.773927,osm_overpass:node/13438931523,SCH-0407,False,7,
SMP Ummul Quran An Nuur Ciomas,school,Sekolah Menengah (SMA/SMK/SMP),Kota Bogor,-6.618424,106.772881,osm_overpass:node/13438931526,SCH-0408,False,7,
SMK Binasena,school,Sekolah Menengah (SMA/SMK/SMP),Kab. Bogor,-6.6499,106.8546,osm_overpass:node/13438931537,SCH-0409,False,7,
SMP Bina Insan Boarding School,school,Sekolah Menengah (SMA/SMK/SMP),Kab. Bogor,-6.648998,106.859387,osm_overpass:node/13438931539,SCH-0410,False,8,
SMP Addina,school,Sekolah Menengah (SMA/SMK/SMP),Kab. Bogor,-6.6498,106.8534,osm_overpass:node/13438931541,SCH-0411,False,8,
SMK Islam Terpadu Al Qosimiyyah,school,Sekolah Menengah (SMA/SMK/SMP),Kota Depok,-6.4307,106.7255,osm_overpass:node/13438931550,SCH-0412,False,8,
SMP Al Hayyan,school,Sekolah Menengah (SMA/SMK/SMP),Kota Depok,-6.4336,106.7331,osm_overpass:node/13438931554,SCH-0413,False,8,
SMP School Of Universe,school,Sekolah Menengah (SMA/SMK/SMP),Kota Depok,-6.4403,106.7338,osm_overpass:node/13438931556,SCH-0414,False,8,
SMP Negeri 1 Pamijahan Bogor,school,Sekolah Menengah (SMA/SMK/SMP),Kota Bogor,-6.6445,106.6519,osm_overpass:node/13438931560,SCH-0415,False,8,
SMKS Ibnu Sobri,school,Sekolah Menengah (SMA/SMK/SMP),Kota Bogor,-6.644187,106.650001,osm_overpass:node/13438931563,SCH-0416,False,8,
SMPS Islam Tarbiyatul Huda,school,Sekolah Menengah (SMA/SMK/SMP),Kota Bogor,-6.641,106.6528,osm_overpass:node/13438931566,SCH-0417,False,8,
SMK Putra Harapan Bogor,school,Sekolah Menengah (SMA/SMK/SMP),Kota Bogor,-6.649644,106.799705,osm_overpass:node/13438931573,SCH-0418,False,8,
SMK Bhakti Medika,school,Sekolah Menengah (SMA/SMK/SMP),Kota Bogor,-6.603,106.7581,osm_overpass:node/13438931582,SCH-0419,False,8,
SMKS Ma`arif NU Ciomas,school,Sekolah Menengah (SMA/SMK/SMP),Kota Bogor,-6.601087,106.759421,osm_overpass:node/13438931583,SCH-0420,False,8,
SMP Arofah,school,Sekolah Menengah (SMA/SMK/SMP),Kota Bogor,-6.609441,106.76439,osm_overpass:node/13438931584,SCH-0421,False,8,
SMP Negeri 2 Ciomas,school,Sekolah Menengah (SMA/SMK/SMP),Kota Bogor,-6.6141,106.7584,osm_overpass:node/13438931588,SCH-0422,False,8,
SMP Al Quran Wahdah Islamiyah Cibinong-bogor,school,Sekolah Menengah (SMA/SMK/SMP),Kota Bogor,-6.492635,106.828381,osm_overpass:node/13438931598,SCH-0423,False,8,
SMP Daaruttaqwa,school,Sekolah Menengah (SMA/SMK/SMP),Kota Bogor,-6.483257,106.843435,osm_overpass:node/13438931600,SCH-0424,False,8,
SMA Qur`an El Tahfidh,school,Sekolah Menengah (SMA/SMK/SMP),Kota Depok,-6.406901,107.054026,osm_overpass:node/13438935213,SCH-0425,False,8,
SMPIT Luqman Al Hakim;SMKS Luqman Al Hakim,school,Sekolah Menengah (SMA/SMK/SMP),Kota Bogor,-6.4793,106.7267,osm_overpass:node/13438935227,SCH-0426,False,8,
SMKS Nusa Bangsa,school,Sekolah Menengah (SMA/SMK/SMP),Kota Bogor,-6.4734,106.7267,osm_overpass:node/13438935229,SCH-0427,False,8,
SMP Islam Nurul Iman,school,Sekolah Menengah (SMA/SMK/SMP),Kota Bogor,-6.4637,106.7294,osm_overpass:node/13438935230,SCH-0428,False,8,
SMPS PGRI 1 Parung,school,Sekolah Menengah (SMA/SMK/SMP),Kota Bogor,-6.4763,106.729,osm_overpass:node/13438935231,SCH-0429,False,8,
SMP Smart Ekselensia,school,Sekolah Menengah (SMA/SMK/SMP),Kota Bogor,-6.4731,106.729,osm_overpass:node/13438935232,SCH-0430,False,8,
SMAS Smart Ekselensia Indonesia,school,Sekolah Menengah (SMA/SMK/SMP),Kota Bogor,-6.4735,106.7295,osm_overpass:node/13438935233,SCH-0431,False,8,
SMAS Bp Fai Umj;SMP Berbasis Pesantren Fai Umj,school,Sekolah Menengah (SMA/SMK/SMP),Kota Bogor,-6.4769,106.728,osm_overpass:node/13438935234,SCH-0432,False,8,
SMAS Dwiwarna,school,Sekolah Menengah (SMA/SMK/SMP),Kota Bogor,-6.452,106.7296,osm_overpass:node/13438935244,SCH-0433,False,8,
SMPIT Darull Muttaqien,school,Sekolah Menengah (SMA/SMK/SMP),Kota Bogor,-6.4587,106.7305,osm_overpass:node/13438935248,SCH-0434,False,8,
SMP Cahya Gumilang,school,Sekolah Menengah (SMA/SMK/SMP),Kota Bogor,-6.587503,106.560573,osm_overpass:node/13438935267,SCH-0435,False,8,
SMP Negeri 1 Gunungsindur,school,Sekolah Menengah (SMA/SMK/SMP),Kota Tangerang Selatan,-6.3884,106.6736,osm_overpass:node/13438935271,SCH-0436,False,8,
SMA Negeri 1 Gunung Sindur,school,Sekolah Menengah (SMA/SMK/SMP),Kota Tangerang Selatan,-6.3833,106.6595,osm_overpass:node/13438935274,SCH-0437,False,8,
SMPIT Attaufiqiyyah,school,Sekolah Menengah (SMA/SMK/SMP),Kota Tangerang Selatan,-6.3865,106.6666,osm_overpass:node/13438935275,SCH-0438,False,8,
SMA International Islamic School Of Indonesia,school,Sekolah Menengah (SMA/SMK/SMP),Kab. Bogor,-6.5523,106.8809,osm_overpass:node/13438935277,SCH-0439,False,8,
SMK Al Murqoniyah,school,Sekolah Menengah (SMA/SMK/SMP),Kab. Bogor,-6.528724,106.885882,osm_overpass:node/13438935278,SCH-0440,False,8,
SMAS Al Khairiyah,school,Sekolah Menengah (SMA/SMK/SMP),Kab. Bogor,-6.549745,106.914386,osm_overpass:node/13438935279,SCH-0441,False,8,
SMP Yaskitta,school,Sekolah Menengah (SMA/SMK/SMP),Kab. Bogor,-6.536317,106.893251,osm_overpass:node/13438935280,SCH-0442,False,8,
SMPS Islam Attaufiq,school,Sekolah Menengah (SMA/SMK/SMP),Kab. Bogor,-6.4978,106.8986,osm_overpass:node/13438935286,SCH-0443,False,8,
SMP Kuwwa Kencana,school,Sekolah Menengah (SMA/SMK/SMP),Kab. Bogor,-6.4967,106.9026,osm_overpass:node/13438935288,SCH-0444,False,8,
SMKS Puspa Mekar,school,Sekolah Menengah (SMA/SMK/SMP),Kab. Bogor,-6.4889,106.8969,osm_overpass:node/13438935292,SCH-0445,False,8,
SMAS Puspa Mekar,school,Sekolah Menengah (SMA/SMK/SMP),Kab. Bogor,-6.5018,106.9016,osm_overpass:node/13438935293,SCH-0446,False,8,
SMP Muhammadiyah Almadani Gunungsari,school,Sekolah Menengah (SMA/SMK/SMP),Kab. Bogor,-6.493941,106.900663,osm_overpass:node/13438935295,SCH-0447,False,8,
SMP Puspa Mekar,school,Sekolah Menengah (SMA/SMK/SMP),Kab. Bogor,-6.4892,106.8967,osm_overpass:node/13438935296,SCH-0448,False,8,
SMPIT Arrozi,school,Sekolah Menengah (SMA/SMK/SMP),Kota Bogor,-6.620594,106.671598,osm_overpass:node/13438935308,SCH-0449,False,8,
SMP Negeri 2 Pamijahan,school,Sekolah Menengah (SMA/SMK/SMP),Kota Bogor,-6.6253,106.6722,osm_overpass:node/13438935309,SCH-0450,False,8,
SMPIT Yapis,school,Sekolah Menengah (SMA/SMK/SMP),Kota Bogor,-6.617891,106.667572,osm_overpass:node/13438935313,SCH-0451,False,8,
SMA Negeri 1 Klapanunggal,school,Sekolah Menengah (SMA/SMK/SMP),Kab. Bogor,-6.4522,106.9609,osm_overpass:node/13438935324,SCH-0452,False,8,
SMPS Darul Arqom,school,Sekolah Menengah (SMA/SMK/SMP),Kota Depok,-6.4412,106.9518,osm_overpass:node/13438935326,SCH-0453,False,8,
SMP PGRI Klapanunggal,school,Sekolah Menengah (SMA/SMK/SMP),Kota Depok,-6.4429,106.9458,osm_overpass:node/13438935327,SCH-0454,False,8,
SMP Negeri 1 Klapanunggal,school,Sekolah Menengah (SMA/SMK/SMP),Kab. Bogor,-6.4537,106.9563,osm_overpass:node/13438935330,SCH-0455,False,8,
SMKS An Nur Klapanunggal,school,Sekolah Menengah (SMA/SMK/SMP),Kab. Bogor,-6.4712,106.9656,osm_overpass:node/13438935331,SCH-0456,False,8,
SMP Kertajaya,school,Sekolah Menengah (SMA/SMK/SMP),Kota Tangerang Selatan,-6.391994,106.601572,osm_overpass:node/13438935337,SCH-0457,False,8,
SMP Wiyata Kharisma,school,Sekolah Menengah (SMA/SMK/SMP),Kota Bogor,-6.4998,106.7565,osm_overpass:node/13438935339,SCH-0458,False,8,
SMP Islam Arraudhoh,school,Sekolah Menengah (SMA/SMK/SMP),Kota Bogor,-6.512132,106.755345,osm_overpass:node/13438935340,SCH-0459,False,8,
SMK Negeri 1 Kemang,school,Sekolah Menengah (SMA/SMK/SMP),Kota Bogor,-6.5004,106.7481,osm_overpass:node/13438935345,SCH-0460,False,8,
SMPIT Insan Guna Indonesia,school,Sekolah Menengah (SMA/SMK/SMP),Kota Bogor,-6.505092,106.750425,osm_overpass:node/13438935347,SCH-0461,False,8,
SMP Amal Mulia,school,Sekolah Menengah (SMA/SMK/SMP),Kota Depok,-6.4487,106.934,osm_overpass:node/13438935349,SCH-0462,False,8,
SD Smart Cibinong,school,Sekolah Menengah (SMA/SMK/SMP),Kab. Bogor,-6.4542,106.9323,osm_overpass:node/13438935353,SCH-0463,False,8,
SMP Smart Cibinong,school,Sekolah Menengah (SMA/SMK/SMP),Kab. Bogor,-6.4544,106.9326,osm_overpass:node/13438935356,SCH-0464,False,8,
SMP Islam Daarussalam Al-jamaliyah,school,Sekolah Menengah (SMA/SMK/SMP),Kota Bogor,-6.4984,106.7969,osm_overpass:node/13438935359,SCH-0465,False,8,
SMKS Mandiri,school,Sekolah Menengah (SMA/SMK/SMP),Kota Bogor,-6.4976,106.7985,osm_overpass:node/13438935360,SCH-0466,False,8,
SMP PGRI Bojonggede,school,Sekolah Menengah (SMA/SMK/SMP),Kota Bogor,-6.4957,106.79,osm_overpass:node/13438935365,SCH-0467,False,8,
SMP Islam Sirojul Athfal,school,Sekolah Menengah (SMA/SMK/SMP),Kota Bogor,-6.5002,106.7926,osm_overpass:node/13438935366,SCH-0468,False,8,
SMP Islam Plus As Syarifiyyah,school,Sekolah Menengah (SMA/SMK/SMP),Kota Bogor,-6.496162,106.790591,osm_overpass:node/13438935367,SCH-0469,False,8,
SMP Islam Mandiri,school,Sekolah Menengah (SMA/SMK/SMP),Kota Bogor,-6.4963,106.798,osm_overpass:node/13438935368,SCH-0470,False,8,
SMP Negeri 1 Bojonggede,school,Sekolah Menengah (SMA/SMK/SMP),Kota Bogor,-6.5003,106.7871,osm_overpass:node/13438935369,SCH-0471,False,8,
SMPS Taruna Eka Bangsa,school,Sekolah Menengah (SMA/SMK/SMP),Kab. Bogor,-6.5436,107.1003,osm_overpass:node/13438935371,SCH-0472,False,8,
SMP Bina Masa Depan,school,Sekolah Menengah (SMA/SMK/SMP),Kota Bogor,-6.6278,106.6181,osm_overpass:node/13438935375,SCH-0473,False,8,
SMKS Inovatif,school,Sekolah Menengah (SMA/SMK/SMP),Kota Bogor,-6.6332,106.6401,osm_overpass:node/13438935378,SCH-0474,False,8,
SMKS Al Hafidz,school,Sekolah Menengah (SMA/SMK/SMP),Kota Bogor,-6.6368,106.634,osm_overpass:node/13438935379,SCH-0475,False,8,
SMK Statika,school,Sekolah Menengah (SMA/SMK/SMP),Kota Bogor,-6.551285,106.641497,osm_overpass:node/13438935381,SCH-0476,False,8,
SMP Islam Ibnu Aqil Purasari,school,Sekolah Menengah (SMA/SMK/SMP),Kota Bogor,-6.545342,106.637589,osm_overpass:node/13438935382,SCH-0477,False,8,
SMPS Terpadu Al Maarif,school,Sekolah Menengah (SMA/SMK/SMP),Kota Bogor,-6.5445,106.6443,osm_overpass:node/13438935383,SCH-0478,False,8,
SMP Negeri 3 Leuwiliang,school,Sekolah Menengah (SMA/SMK/SMP),Kota Bogor,-6.5483,106.6406,osm_overpass:node/13438935384,SCH-0479,False,8,
SMP Gema Nusantara,school,Sekolah Menengah (SMA/SMK/SMP),Kota Bogor,-6.547421,106.622816,osm_overpass:node/13438935385,SCH-0480,False,8,
SMP Trisukses,school,Sekolah Menengah (SMA/SMK/SMP),Kota Bogor,-6.474551,106.675248,osm_overpass:node/13438935390,SCH-0481,False,8,
SMKS Wiradikarya,school,Sekolah Menengah (SMA/SMK/SMP),Kota Bogor,-6.5011,106.6818,osm_overpass:node/13438935391,SCH-0482,False,8,
SMK Tri Sukses,school,Sekolah Menengah (SMA/SMK/SMP),Kota Bogor,-6.4752,106.6747,osm_overpass:node/13438935393,SCH-0483,False,8,
SMP Pramadina,school,Sekolah Menengah (SMA/SMK/SMP),Kota Bogor,-6.5056,106.6827,osm_overpass:node/13438935394,SCH-0484,False,8,
SMP PGRI 03 Bambu Kuning,school,Sekolah Menengah (SMA/SMK/SMP),Kota Bogor,-6.4867,106.6783,osm_overpass:node/13438935395,SCH-0485,False,8,
SMP Djojoredjo Putat Nutug,school,Sekolah Menengah (SMA/SMK/SMP),Kota Bogor,-6.4713,106.6778,osm_overpass:node/13438935396,SCH-0486,False,8,
SMA Fitrah Islamic World Academy,school,Sekolah Menengah (SMA/SMK/SMP),Kota Bogor,-6.4795,106.6745,osm_overpass:node/13438935397,SCH-0487,False,8,
SMP N 1 Ciseeng,school,Sekolah Menengah (SMA/SMK/SMP),Kota Bogor,-6.4709,106.6778,osm_overpass:node/13438935400,SCH-0488,False,8,
SMA Nasional Plus Bpk Penabur,school,Sekolah Menengah (SMA/SMK/SMP),Kab. Bogor,-6.606948,106.930891,osm_overpass:node/13438935403,SCH-0489,False,8,
SMP Plus Insan Cemerlang,school,Sekolah Menengah (SMA/SMK/SMP),Kab. Bogor,-6.5767,106.8928,osm_overpass:node/13438935406,SCH-0490,False,8,
SMA Negeri 4 Cibinong,school,Sekolah Menengah (SMA/SMK/SMP),Kab. Bogor,-6.486213,106.858278,osm_overpass:node/13438936064,SCH-0491,False,8,Hot-Swapped dari buffer SCH-BUF-014 (pengganti SMK Al - Muttaqien 404)
SMP Pancar Bakti,school,Sekolah Menengah (SMA/SMK/SMP),Kab. Bogor,-6.5913,106.9206,osm_overpass:node/13438935414,SCH-0492,False,8,
SMP N 4 Cibinong,school,Sekolah Menengah (SMA/SMK/SMP),Kab. Bogor,-6.498862,106.85514,osm_overpass:node/13438936067,SCH-0493,False,8,Hot-Swapped dari buffer SCH-BUF-015 (pengganti SMK Plus Insan Cemerlang 404)
SMP Plus Cindera Hati;SMKS Plus Cindera Hati,school,Sekolah Menengah (SMA/SMK/SMP),Kab. Bogor,-6.5765,106.9161,osm_overpass:node/13438935416,SCH-0494,False,8,
SMK Generasi Cendikia,school,Sekolah Menengah (SMA/SMK/SMP),Kab. Bogor,-6.479523,106.854027,osm_overpass:node/13438936068,SCH-0495,False,8,Hot-Swapped dari buffer SCH-BUF-016 (pengganti SMAS Pancar Bakti 404)
SMP Muthmainnatul Qulub,school,Sekolah Menengah (SMA/SMK/SMP),Kota Bogor,-6.472502,106.84199,osm_overpass:node/13438935421,SCH-0496,False,8,
SMP Salman Alfarisi,school,Sekolah Menengah (SMA/SMK/SMP),Kota Bogor,-6.4628,106.8328,osm_overpass:node/13438935423,SCH-0497,False,8,
SMAS Al Falah,school,Sekolah Menengah (SMA/SMK/SMP),Kota Bogor,-6.455255,106.839447,osm_overpass:node/13438935425,SCH-0498,False,8,
SMP Al Mizan,school,Sekolah Menengah (SMA/SMK/SMP),Kota Bogor,-6.466263,106.836815,osm_overpass:node/13438935426,SCH-0499,False,8,
SMPIT Al-fath,school,Sekolah Menengah (SMA/SMK/SMP),Kota Bogor,-6.466957,106.840268,osm_overpass:node/13438935428,SCH-0500,False,8,
SMP Arsyada,school,Sekolah Menengah (SMA/SMK/SMP),Kab. Bogor,-6.4943,106.8786,osm_overpass:node/13438935433,SCH-0501,False,8,
SMP Quran As-salaam,school,Sekolah Menengah (SMA/SMK/SMP),Kota Depok,-6.4478,106.8938,osm_overpass:node/13438935436,SCH-0502,False,8,
SMPIT As-salaam Karanggan,school,Sekolah Menengah (SMA/SMK/SMP),Kota Depok,-6.448707,106.889622,osm_overpass:node/13438935439,SCH-0503,False,8,
SMPIT Green Bhakti Insani,school,Sekolah Menengah (SMA/SMK/SMP),Kab. Bogor,-6.467635,106.879755,osm_overpass:node/13438935440,SCH-0504,False,8,
SMP Cipta Cendikia,school,Sekolah Menengah (SMA/SMK/SMP),Kota Bogor,-6.517083,106.810715,osm_overpass:node/13438935447,SCH-0505,False,8,
SMKS Teknomedika Plus,school,Sekolah Menengah (SMA/SMK/SMP),Kota Bogor,-6.524786,106.807358,osm_overpass:node/13438935449,SCH-0506,False,8,
SMP Negeri 3 Cibinong,school,Sekolah Menengah (SMA/SMK/SMP),Kota Bogor,-6.52258,106.805713,osm_overpass:node/13438935450,SCH-0507,False,8,
SMK Master Indonesia,school,Sekolah Menengah (SMA/SMK/SMP),Kota Bogor,-6.525323,106.819318,osm_overpass:node/13438935451,SCH-0508,False,8,
SMP Islam Terpadu Anugrah Insani,school,Sekolah Menengah (SMA/SMK/SMP),Kota Bogor,-6.508118,106.804753,osm_overpass:node/13438935452,SCH-0509,False,8,
SMP Harapan Kita,school,Sekolah Menengah (SMA/SMK/SMP),Kota Bogor,-6.5252,106.8083,osm_overpass:node/13438935453,SCH-0510,False,8,
SMKS Dewantara,school,Sekolah Menengah (SMA/SMK/SMP),Kota Bogor,-6.508438,106.80537,osm_overpass:node/13438935454,SCH-0511,False,8,
SMKS Migas Cibinong,school,Sekolah Menengah (SMA/SMK/SMP),Kota Bogor,-6.523495,106.806642,osm_overpass:node/13438935455,SCH-0512,False,8,
SMP Islam H.siti Maimoen,school,Sekolah Menengah (SMA/SMK/SMP),Kota Bogor,-6.5067,106.7995,osm_overpass:node/13438935456,SCH-0513,False,8,
SMKS Mahardika Bogor,school,Sekolah Menengah (SMA/SMK/SMP),Kota Bogor,-6.521863,106.81699,osm_overpass:node/13438935458,SCH-0514,False,8,
SMP Islam Al - Karimah,school,Sekolah Menengah (SMA/SMK/SMP),Kota Bogor,-6.5288,106.8117,osm_overpass:node/13438935459,SCH-0515,False,8,
SMA Islam Terpadu Al-madinah,school,Sekolah Menengah (SMA/SMK/SMP),Kota Bogor,-6.510727,106.80529,osm_overpass:node/13438935461,SCH-0516,False,8,
SMKS Ti Bumi Putra Cibinong,school,Sekolah Menengah (SMA/SMK/SMP),Kota Bogor,-6.51691,106.81017,osm_overpass:node/13438935466,SCH-0517,False,8,
SMP Mahardika,school,Sekolah Menengah (SMA/SMK/SMP),Kota Bogor,-6.522932,106.815448,osm_overpass:node/13438935467,SCH-0518,False,8,
SMKS Bangun Nusa Bangsa,school,Sekolah Menengah (SMA/SMK/SMP),Kota Bogor,-6.516743,106.817271,osm_overpass:node/13438935468,SCH-0519,False,8,
SMKS Kesehatan Bhakti Mandiri,school,Sekolah Menengah (SMA/SMK/SMP),Kota Bogor,-6.521293,106.804587,osm_overpass:node/13438935469,SCH-0520,False,8,
SMK Negeri 2 Cibinong,school,Sekolah Menengah (SMA/SMK/SMP),Kota Bogor,-6.521332,106.816,osm_overpass:node/13438935470,SCH-0521,False,8,
SMP Bangun Nusa Bangsa,school,Sekolah Menengah (SMA/SMK/SMP),Kota Bogor,-6.5158,106.817,osm_overpass:node/13438935471,SCH-0522,False,8,
SMPIT Al Madinah,school,Sekolah Menengah (SMA/SMK/SMP),Kota Bogor,-6.50985,106.805918,osm_overpass:node/13438935472,SCH-0523,False,8,
SMKS Harapan Kita Bogor,school,Sekolah Menengah (SMA/SMK/SMP),Kota Bogor,-6.524518,106.808545,osm_overpass:node/13438935473,SCH-0524,False,8,
SMP Islam Al Azhar 28,school,Sekolah Menengah (SMA/SMK/SMP),Kota Bogor,-6.519743,106.810471,osm_overpass:node/13438935476,SCH-0525,False,8,
SMP PGRI Karadenan,school,Sekolah Menengah (SMA/SMK/SMP),Kota Bogor,-6.5175,106.809175,osm_overpass:node/13438935479,SCH-0526,False,8,
SMK Negeri 1 Cibinong,school,Sekolah Menengah (SMA/SMK/SMP),Kota Bogor,-6.522,106.8077,osm_overpass:node/13438935480,SCH-0527,False,8,
SMKS Widya Dharma 2 Citeureup,school,Sekolah Menengah (SMA/SMK/SMP),Kab. Bogor,-6.4898,106.8723,osm_overpass:node/13438935482,SCH-0528,False,8,
SMP Islam Karyamukti,school,Sekolah Menengah (SMA/SMK/SMP),Kab. Bogor,-6.4852,106.8716,osm_overpass:node/13438935484,SCH-0529,False,8,
SMAS Triple J Citeureup,school,Sekolah Menengah (SMA/SMK/SMP),Kab. Bogor,-6.484867,106.867143,osm_overpass:node/13438935485,SCH-0530,False,8,
SMP Pakar,school,Sekolah Menengah (SMA/SMK/SMP),Kab. Bogor,-6.4983,106.8691,osm_overpass:node/13438935486,SCH-0531,False,8,
SMKS PGRI Citeureup,school,Sekolah Menengah (SMA/SMK/SMP),Kab. Bogor,-6.4916,106.8787,osm_overpass:node/13438935487,SCH-0532,False,8,
SMP Puspawiyata,school,Sekolah Menengah (SMA/SMK/SMP),Kab. Bogor,-6.4883,106.8721,osm_overpass:node/13438935490,SCH-0533,False,8,
SMKS Panca Karya Sentul,school,Sekolah Menengah (SMA/SMK/SMP),Kab. Bogor,-6.4985,106.8695,osm_overpass:node/13438935494,SCH-0534,False,8,
SMP Tahfidz Indonesia,school,Sekolah Menengah (SMA/SMK/SMP),Kab. Bogor,-6.491168,106.879338,osm_overpass:node/13438935496,SCH-0535,False,8,
SMKS 1 Triple J,school,Sekolah Menengah (SMA/SMK/SMP),Kab. Bogor,-6.484867,106.867143,osm_overpass:node/13438935498,SCH-0536,False,8,
SMKS Islam Asy Syuhada;SMP Islam Asy-syuhada,school,Sekolah Menengah (SMA/SMK/SMP),Kota Bogor,-6.461,106.6487,osm_overpass:node/13438935502,SCH-0537,False,8,
SMKIT Hidayatul Falah,school,Sekolah Menengah (SMA/SMK/SMP),Kota Bogor,-6.626331,106.623405,osm_overpass:node/13438935506,SCH-0538,False,8,
SMP Al Ihsan,school,Sekolah Menengah (SMA/SMK/SMP),Kota Bogor,-6.6231,106.6239,osm_overpass:node/13438935508,SCH-0539,False,8,
SMA Plus Liwaul Furqon,school,Sekolah Menengah (SMA/SMK/SMP),Kota Bogor,-6.609085,106.638503,osm_overpass:node/13438935509,SCH-0540,False,8,
SMP PGRI Kracak,school,Sekolah Menengah (SMA/SMK/SMP),Kota Bogor,-6.6273,106.641,osm_overpass:node/13438935513,SCH-0541,False,8,
SMPS Cakrawala,school,Sekolah Menengah (SMA/SMK/SMP),Kota Bogor,-6.5067,106.7867,osm_overpass:node/13438935516,SCH-0542,False,8,
SMKS Cakrawala,school,Sekolah Menengah (SMA/SMK/SMP),Kota Bogor,-6.5068,106.7871,osm_overpass:node/13438935517,SCH-0543,False,8,
SMKS Cendikia Muslim,school,Sekolah Menengah (SMA/SMK/SMP),Kota Bogor,-6.5635,106.5719,osm_overpass:node/13438935520,SCH-0544,False,8,
SMPIT Hayyun Sasmita,school,Sekolah Menengah (SMA/SMK/SMP),Kota Bogor,-6.559016,106.556221,osm_overpass:node/13438935543,SCH-0545,False,8,
SMP Islam An-nuriyah,school,Sekolah Menengah (SMA/SMK/SMP),Kota Bogor,-6.5814,106.5829,osm_overpass:node/13438935546,SCH-0546,False,8,
SMP Islam Nurul Ilmi,school,Sekolah Menengah (SMA/SMK/SMP),Kota Bogor,-6.5881,106.5753,osm_overpass:node/13438935547,SCH-0547,False,8,
SMPS Pui Setia Negara,school,Sekolah Menengah (SMA/SMK/SMP),Kota Bogor,-6.6024,106.5779,osm_overpass:node/13438935549,SCH-0548,False,8,
SMP Citra Nuansa Islami,school,Sekolah Menengah (SMA/SMK/SMP),Kota Bogor,-6.5609,106.5692,osm_overpass:node/13438935551,SCH-0549,False,8,
SMP Islam Hidayatul Athfal,school,Sekolah Menengah (SMA/SMK/SMP),Kota Bogor,-6.4591,106.7424,osm_overpass:node/13438935552,SCH-0550,False,8,
SMPIT Busyro Al Karim,school,Sekolah Menengah (SMA/SMK/SMP),Kota Bogor,-6.4736,106.737,osm_overpass:node/13438935553,SCH-0551,False,8,
SMK Mutiara Bangsa,school,Sekolah Menengah (SMA/SMK/SMP),Kota Bogor,-6.4716,106.7459,osm_overpass:node/13438935554,SCH-0552,False,8,
SMPS Islam Arriyadul Huda,school,Sekolah Menengah (SMA/SMK/SMP),Kota Bogor,-6.4705,106.7363,osm_overpass:node/13438935557,SCH-0553,False,8,
SD Insan Teladan;SMP Insan Teladan,school,Sekolah Menengah (SMA/SMK/SMP),Kota Bogor,-6.452,106.7364,osm_overpass:node/13438935559,SCH-0554,False,8,
SMP Islam Terpadu Baitussalam,school,Sekolah Menengah (SMA/SMK/SMP),Kota Bogor,-6.4574,106.7464,osm_overpass:node/13438935561,SCH-0555,False,8,
SMPIT Al-itqon,school,Sekolah Menengah (SMA/SMK/SMP),Kota Bogor,-6.453258,106.73898,osm_overpass:node/13438935562,SCH-0556,False,8,
SMAS Baitussalam;SDIT Baitussalam,school,Sekolah Menengah (SMA/SMK/SMP),Kota Bogor,-6.4579,106.7469,osm_overpass:node/13438935563,SCH-0557,False,8,
SMP Bukit Gloria;SDS Bukit Gloria,school,Sekolah Menengah (SMA/SMK/SMP),Kota Bogor,-6.4607,106.7471,osm_overpass:node/13438935564,SCH-0558,False,8,
SMKS Cyber Media Utama,school,Sekolah Menengah (SMA/SMK/SMP),Kota Bogor,-6.468,106.7339,osm_overpass:node/13438935565,SCH-0559,False,8,
SMP Bina Bangsa Mandiri,school,Sekolah Menengah (SMA/SMK/SMP),Kota Depok,-6.4205,106.9424,osm_overpass:node/13438935571,SCH-0560,False,8,
SMKS Generasi Mandiri Gunung Putri,school,Sekolah Menengah (SMA/SMK/SMP),Kota Depok,-6.4258,106.9376,osm_overpass:node/13438935572,SCH-0561,False,8,
SMAS Global Mandiri,school,Sekolah Menengah (SMA/SMK/SMP),Kota Depok,-6.4079,106.9395,osm_overpass:node/13438935573,SCH-0562,False,8,
SDS Global Mandiri;SMP Global Mandiri,school,Sekolah Menengah (SMA/SMK/SMP),Kota Depok,-6.40673,106.940234,osm_overpass:node/13438935574,SCH-0563,False,8,
SMAS Ketapang 3,school,Sekolah Menengah (SMA/SMK/SMP),Kota Depok,-6.4003,106.9481,osm_overpass:node/13438935580,SCH-0564,False,8,
SMP Islam Daarul Istiqoomah,school,Sekolah Menengah (SMA/SMK/SMP),Kota Depok,-6.4197,106.9496,osm_overpass:node/13438935581,SCH-0565,False,8,
SMP Negeri 1 Gunungputri,school,Sekolah Menengah (SMA/SMK/SMP),Kota Depok,-6.4199,106.9426,osm_overpass:node/13438935582,SCH-0566,False,8,
SMK Negeri 1 Gunungputri,school,Sekolah Menengah (SMA/SMK/SMP),Kota Depok,-6.4239,106.9401,osm_overpass:node/13438935583,SCH-0567,False,8,
SMKS Bina Bangsa Mandiri,school,Sekolah Menengah (SMA/SMK/SMP),Kota Depok,-6.4212,106.9427,osm_overpass:node/13438935584,SCH-0568,False,8,
SMK Bukit Gloria,school,Sekolah Menengah (SMA/SMK/SMP),Kab. Bogor,-6.635059,107.112531,osm_overpass:node/13438935586,SCH-0569,False,8,
SMPS Al Rustala,school,Sekolah Menengah (SMA/SMK/SMP),Kab. Bogor,-6.6134,107.1333,osm_overpass:node/13438935588,SCH-0570,False,8,
SMP PGRI Gunungsindur,school,Sekolah Menengah (SMA/SMK/SMP),Kota Tangerang Selatan,-6.387,106.6745,osm_overpass:node/13438935593,SCH-0571,False,8,
SMP Islam Terpadu Az Zikra,school,Sekolah Menengah (SMA/SMK/SMP),Kota Depok,-6.410325,106.667335,osm_overpass:node/13438935596,SCH-0572,False,8,
SMAS Nurul Falaah,school,Sekolah Menengah (SMA/SMK/SMP),Kota Depok,-6.4106,106.6955,osm_overpass:node/13438935598,SCH-0573,False,8,
SMAIT An Nawawi Al Bantani,school,Sekolah Menengah (SMA/SMK/SMP),Kota Depok,-6.408744,106.691753,osm_overpass:node/13438935600,SCH-0574,False,8,
SMAS Puspa Bangsa,school,Sekolah Menengah (SMA/SMK/SMP),Kab. Bogor,-6.5785,106.9591,osm_overpass:node/13438935601,SCH-0575,False,8,
SMP Plus Nur Fatihah,school,Sekolah Menengah (SMA/SMK/SMP),Kota Bogor,-6.56104,106.690161,osm_overpass:node/13438935613,SCH-0576,False,8,
SMK Komputer Indonesia,school,Sekolah Menengah (SMA/SMK/SMP),Kota Bogor,-6.5588,106.6892,osm_overpass:node/13438935614,SCH-0577,False,8,
SMP Muhammadiyah Jasinga,school,Sekolah Menengah (SMA/SMK/SMP),Kota Bogor,-6.5603,106.6888,osm_overpass:node/13438935615,SCH-0578,False,8,
SMA Negeri 1 Ciampea,school,Sekolah Menengah (SMA/SMK/SMP),Kota Bogor,-6.5561,106.6899,osm_overpass:node/13438935616,SCH-0579,False,8,
SMK Nu Global Madani,school,Sekolah Menengah (SMA/SMK/SMP),Kota Bogor,-6.529,106.7908,osm_overpass:node/13438935628,SCH-0580,False,8,
SMK Intelektual Bangsa,school,Sekolah Menengah (SMA/SMK/SMP),Kota Bogor,-6.528539,106.78339,osm_overpass:node/13438935634,SCH-0581,False,8,
SMKS Yak 1,school,Sekolah Menengah (SMA/SMK/SMP),Kota Bogor,-6.5322,106.7936,osm_overpass:node/13438935636,SCH-0582,False,8,
SMKS PGRI 3 Bogor,school,Sekolah Menengah (SMA/SMK/SMP),Kota Bogor,-6.5524,106.8155,osm_overpass:node/13438935639,SCH-0583,False,8,
SMP Negeri 19 Bogor,school,Sekolah Menengah (SMA/SMK/SMP),Kota Bogor,-6.5465,106.81,osm_overpass:node/13438935642,SCH-0584,False,8,
SMP Bintang Pelajar Islamic Boarding School,school,Sekolah Menengah (SMA/SMK/SMP),Kota Bogor,-6.561023,106.787913,osm_overpass:node/13438935653,SCH-0585,False,8,
SMPIT At Taufiq;SDI Terpadu At Taufiq,school,Sekolah Menengah (SMA/SMK/SMP),Kota Bogor,-6.5637,106.7871,osm_overpass:node/13438935654,SCH-0586,False,8,
SMAIT At Taufiq,school,Sekolah Menengah (SMA/SMK/SMP),Kota Bogor,-6.562761,106.787242,osm_overpass:node/13438935655,SCH-0587,False,8,
SMKS Tri Dharma 3 Bogor,school,Sekolah Menengah (SMA/SMK/SMP),Kota Bogor,-6.5609,106.7859,osm_overpass:node/13438935656,SCH-0588,False,8,
SMP Modern Al- Alawiyah,school,Sekolah Menengah (SMA/SMK/SMP),Kota Bogor,-6.564579,106.789559,osm_overpass:node/13438935658,SCH-0589,False,8,
SMKS Tri Dharma 1 Bogor,school,Sekolah Menengah (SMA/SMK/SMP),Kota Bogor,-6.5661,106.7987,osm_overpass:node/13438935668,SCH-0590,False,8,
SMA Daar En Nisa Islamic School Bogor,school,Sekolah Menengah (SMA/SMK/SMP),Kota Bogor,-6.5587,106.7921,osm_overpass:node/13438935669,SCH-0591,False,8,
SMP PGRI 9,school,Sekolah Menengah (SMA/SMK/SMP),Kota Bogor,-6.5592,106.7939,osm_overpass:node/13438935670,SCH-0592,False,8,
SMP Daar En Nisa Islamic School,school,Sekolah Menengah (SMA/SMK/SMP),Kota Bogor,-6.5577,106.7923,osm_overpass:node/13438935672,SCH-0593,False,8,
SMAS PGRI 3,school,Sekolah Menengah (SMA/SMK/SMP),Kota Bogor,-6.5597,106.7941,osm_overpass:node/13438935673,SCH-0594,False,8,
SMP Siliwangi Bogor,school,Sekolah Menengah (SMA/SMK/SMP),Kota Bogor,-6.5671,106.8063,osm_overpass:node/13438935674,SCH-0595,False,8,
SMKS Tri Dharma 4 Bogor,school,Sekolah Menengah (SMA/SMK/SMP),Kota Bogor,-6.5633,106.796,osm_overpass:node/13438935678,SCH-0596,False,8,
SMPIT Al Ma Mur,school,Sekolah Menengah (SMA/SMK/SMP),Kota Bogor,-6.5708,106.7908,osm_overpass:node/13438935681,SCH-0597,False,8,
SMKS Mekanika Bogor,school,Sekolah Menengah (SMA/SMK/SMP),Kota Bogor,-6.5671,106.8056,osm_overpass:node/13438935682,SCH-0598,False,8,
SMKS Nusa Widya Mandiri,school,Sekolah Menengah (SMA/SMK/SMP),Kota Bogor,-6.5225,106.7679,osm_overpass:node/13438935685,SCH-0599,False,8,
SMP Negeri 16,school,Sekolah Menengah (SMA/SMK/SMP),Kota Bogor,-6.5328,106.773,osm_overpass:node/13438935689,SCH-0600,False,8,
SMP Cendekia,school,Sekolah Menengah (SMA/SMK/SMP),Kota Bogor,-6.6032,106.702,osm_overpass:node/13438935692,SCH-0601,False,8,
SMK Pandu 2,school,Sekolah Menengah (SMA/SMK/SMP),Kota Bogor,-6.599875,106.703685,osm_overpass:node/13438935694,SCH-0602,False,8,
SMPIT Yashoda,school,Sekolah Menengah (SMA/SMK/SMP),Kota Bogor,-6.6046,106.7079,osm_overpass:node/13438935695,SCH-0603,False,8,
SMKS Al Ghazaly,school,Sekolah Menengah (SMA/SMK/SMP),Kota Bogor,-6.5898,106.7849,osm_overpass:node/13438935697,SCH-0604,False,8,
SMKS Bina Sejahtera 2 Kota Bogor,school,Sekolah Menengah (SMA/SMK/SMP),Kota Bogor,-6.5898,106.7811,osm_overpass:node/13438935698,SCH-0605,False,8,
SMP Brighton,school,Sekolah Menengah (SMA/SMK/SMP),Kab. Bekasi,-6.365604,106.961211,osm_overpass:node/13438935805,SCH-0606,False,8,
SMP Hang Tuah 4,school,Sekolah Menengah (SMA/SMK/SMP),Kota Depok,-6.3641,106.9515,osm_overpass:node/13438935809,SCH-0607,False,8,
SMA Negeri 2 Gunung Putri,school,Sekolah Menengah (SMA/SMK/SMP),Kota Depok,-6.3643,106.9573,osm_overpass:node/13438935810,SCH-0608,False,8,
SMP Sit Fajar Hidayah,school,Sekolah Menengah (SMA/SMK/SMP),Kota Depok,-6.365845,106.955665,osm_overpass:node/13438935812,SCH-0609,False,8,
SMPS Ananda;SDS Ananda,school,Sekolah Menengah (SMA/SMK/SMP),Kab. Bekasi,-6.3366,106.9683,osm_overpass:node/13438935813,SCH-0610,False,8,
SMK Yapan 1 Ciampea,school,Sekolah Menengah (SMA/SMK/SMP),Kota Bogor,-6.5354,106.6919,osm_overpass:node/13438935815,SCH-0611,False,8,
SMP Negeri 1 Ciampea,school,Sekolah Menengah (SMA/SMK/SMP),Kota Bogor,-6.5437,106.6937,osm_overpass:node/13438935816,SCH-0612,False,8,
SMK Trimitsa,school,Sekolah Menengah (SMA/SMK/SMP),Kota Bogor,-6.468962,106.830132,osm_overpass:node/13438935821,SCH-0613,False,8,
SMAS Citra Nusa,school,Sekolah Menengah (SMA/SMK/SMP),Kota Bogor,-6.474147,106.830415,osm_overpass:node/13438935822,SCH-0614,False,8,
SMKS Mutiara Insani,school,Sekolah Menengah (SMA/SMK/SMP),Kota Bogor,-6.470675,106.823585,osm_overpass:node/13438935823,SCH-0615,False,8,
SMAS Al Hidayah,school,Sekolah Menengah (SMA/SMK/SMP),Kota Bogor,-6.48508,106.824058,osm_overpass:node/13438935829,SCH-0616,False,8,
SMP Terpadu Bakti Pertiwi,school,Sekolah Menengah (SMA/SMK/SMP),Kota Bogor,-6.57858,106.693902,osm_overpass:node/13438935850,SCH-0617,False,8,
SMP Syaraful Haramain - Islamic Boarding School,school,Sekolah Menengah (SMA/SMK/SMP),Kota Bogor,-6.567326,106.695886,osm_overpass:node/13438935853,SCH-0618,False,8,
SMA Negeri 1 Cariu,school,Sekolah Menengah (SMA/SMK/SMP),Kab. Bogor,-6.5235,107.1266,osm_overpass:node/13438935860,SCH-0619,False,8,
SMP Asia Pasific Boarding School,school,Sekolah Menengah (SMA/SMK/SMP),Kab. Bogor,-6.4968,107.1266,osm_overpass:node/13438935861,SCH-0620,False,8,
SMA Sinar Islam Asia Pasific Boarding School,school,Sekolah Menengah (SMA/SMK/SMP),Kab. Bogor,-6.498495,107.126968,osm_overpass:node/13438935862,SCH-0621,False,8,
SMK Daarul Quran,school,Sekolah Menengah (SMA/SMK/SMP),Kab. Bogor,-6.511583,107.12796,osm_overpass:node/13438935867,SCH-0622,False,8,
SMPIT Ar-risalah,school,Sekolah Menengah (SMA/SMK/SMP),Kab. Bogor,-6.4909,107.1136,osm_overpass:node/13438935872,SCH-0623,False,8,
SMP Cendekia Baznas,school,Sekolah Menengah (SMA/SMK/SMP),Kota Bogor,-6.583574,106.645238,osm_overpass:node/13438935876,SCH-0624,False,8,
SMK Nurlida Pamijahan,school,Sekolah Menengah (SMA/SMK/SMP),Kota Bogor,-6.5788,106.6523,osm_overpass:node/13438935878,SCH-0625,False,8,
SMKS Yapma,school,Sekolah Menengah (SMA/SMK/SMP),Kota Bogor,-6.5771,106.6568,osm_overpass:node/13438935879,SCH-0626,False,8,
SMPS Gema Akbar Sentosa (gas),school,Sekolah Menengah (SMA/SMK/SMP),Kota Bogor,-6.579,106.6518,osm_overpass:node/13438935880,SCH-0627,False,8,
SMP Bina Ummah,school,Sekolah Menengah (SMA/SMK/SMP),Kota Bogor,-6.5776,106.6442,osm_overpass:node/13438935881,SCH-0628,False,8,
SMAS Madania,school,Sekolah Menengah (SMA/SMK/SMP),Kota Bogor,-6.4896,106.7189,osm_overpass:node/13438935885,SCH-0629,False,8,
SMP Daarul Kholidin;SMAS Darul Kholidin,school,Sekolah Menengah (SMA/SMK/SMP),Kota Bogor,-6.4734,106.6987,osm_overpass:node/13438935886,SCH-0630,False,8,
SMP Marsudirini,school,Sekolah Menengah (SMA/SMK/SMP),Kota Bogor,-6.4824,106.7031,osm_overpass:node/13438935891,SCH-0631,False,8,
SMP Madania,school,Sekolah Menengah (SMA/SMK/SMP),Kota Bogor,-6.4878,106.7198,osm_overpass:node/13438935894,SCH-0632,False,8,
SMP Nasional Plus Pelita Insani,school,Sekolah Menengah (SMA/SMK/SMP),Kota Bogor,-6.487836,106.723051,osm_overpass:node/13438935899,SCH-0633,False,8,
SMP Negeri 1 Kemang,school,Sekolah Menengah (SMA/SMK/SMP),Kota Bogor,-6.486693,106.714049,osm_overpass:node/13438935902,SCH-0634,False,8,
SMP N Satu Atap 01 Cigudeg,school,Sekolah Menengah (SMA/SMK/SMP),Kota Bogor,-6.4694,106.5845,osm_overpass:node/13438935904,SCH-0635,False,8,
SMAS Al Hikmah,school,Sekolah Menengah (SMA/SMK/SMP),Kota Bogor,-6.6313,106.6935,osm_overpass:node/13438935912,SCH-0636,False,8,
SMPIT Majamul Bahrain,school,Sekolah Menengah (SMA/SMK/SMP),Kota Bogor,-6.6287,106.6949,osm_overpass:node/13438935913,SCH-0637,False,8,
SMP Aldepos Boarding School,school,Sekolah Menengah (SMA/SMK/SMP),Kota Bogor,-6.6354,106.6938,osm_overpass:node/13438935915,SCH-0638,False,8,
SMP Islam Ar Ridho,school,Sekolah Menengah (SMA/SMK/SMP),Kab. Bogor,-6.5037,106.8904,osm_overpass:node/13438935917,SCH-0639,False,8,
SMKS Darul Muslim,school,Sekolah Menengah (SMA/SMK/SMP),Kab. Bogor,-6.4956,106.8871,osm_overpass:node/13438935918,SCH-0640,False,8,
SMP Negeri 3 Citeureup,school,Sekolah Menengah (SMA/SMK/SMP),Kab. Bogor,-6.5035,106.8872,osm_overpass:node/13438935924,SCH-0641,False,8,
SMA Negeri 1 Citeureup,school,Sekolah Menengah (SMA/SMK/SMP),Kab. Bogor,-6.505289,106.888003,osm_overpass:node/13438935925,SCH-0642,False,8,
SMK Bhakti Kencana,school,Sekolah Menengah (SMA/SMK/SMP),Kab. Bogor,-6.5038,106.8865,osm_overpass:node/13438935928,SCH-0643,False,8,
SMP Islam Terpadu Insan Mandiri,school,Sekolah Menengah (SMA/SMK/SMP),Kota Depok,-6.4445,106.7021,osm_overpass:node/13438935945,SCH-0644,False,8,
SMAS Ashriyah Nurul Iman,school,Sekolah Menengah (SMA/SMK/SMP),Kota Depok,-6.4436,106.7083,osm_overpass:node/13438935947,SCH-0645,False,8,
SMP PGRI Ciampea,school,Sekolah Menengah (SMA/SMK/SMP),Kota Bogor,-6.5575,106.6951,osm_overpass:node/13438935949,SCH-0646,False,8,
SMP Islam Terpadu Al Ittihad Ciampea,school,Sekolah Menengah (SMA/SMK/SMP),Kota Bogor,-6.558635,106.695661,osm_overpass:node/13438935950,SCH-0647,False,8,
SMKS Kesehatan Pelita,school,Sekolah Menengah (SMA/SMK/SMP),Kota Bogor,-6.5536,106.6973,osm_overpass:node/13438935951,SCH-0648,False,8,
SMP Nurul Azman,school,Sekolah Menengah (SMA/SMK/SMP),Kota Depok,-6.423,106.9323,osm_overpass:node/13438935957,SCH-0649,False,8,
SMPIT Nurut Tauhid,school,Sekolah Menengah (SMA/SMK/SMP),Kota Depok,-6.4208,106.930817,osm_overpass:node/13438935962,SCH-0650,False,8,
SMK Ti Bazma,school,Sekolah Menengah (SMA/SMK/SMP),Kota Bogor,-6.574228,106.688999,osm_overpass:node/13438935966,SCH-0651,False,8,
SMP Adhi Bangsa,school,Sekolah Menengah (SMA/SMK/SMP),Kota Bogor,-6.570816,106.684544,osm_overpass:node/13438935970,SCH-0652,False,8,
SMP Bumi Sejahtera Ciampea,school,Sekolah Menengah (SMA/SMK/SMP),Kota Bogor,-6.5747,106.6883,osm_overpass:node/13438935971,SCH-0653,False,8,
SMKS Pelita Ciampea 2,school,Sekolah Menengah (SMA/SMK/SMP),Kota Bogor,-6.593888,106.691646,osm_overpass:node/13438936007,SCH-0654,False,8,
SMKS Miftaahush Shuduur,school,Sekolah Menengah (SMA/SMK/SMP),Kota Bogor,-6.5937,106.6875,osm_overpass:node/13438936008,SCH-0655,False,8,
SMKS Yastrif 1 Parungpanjang,school,Sekolah Menengah (SMA/SMK/SMP),Kota Tangerang Selatan,-6.346,106.5595,osm_overpass:node/13438936010,SCH-0656,False,8,
SMP PGRI Parungpanjang,school,Sekolah Menengah (SMA/SMK/SMP),Kota Tangerang Selatan,-6.3467,106.5597,osm_overpass:node/13438936014,SCH-0657,False,8,
SMK Gapura Educational Technology,school,Sekolah Menengah (SMA/SMK/SMP),Kota Tangerang Selatan,-6.3446,106.5575,osm_overpass:node/13438936015,SCH-0658,False,8,
SMAS Mathlahul Huda,school,Sekolah Menengah (SMA/SMK/SMP),Kota Tangerang Selatan,-6.3429,106.5633,osm_overpass:node/13438936016,SCH-0659,False,8,
