{
"type": "FeatureCollection",
"name": "target_2000_titik",
"crs": { "type": "name", "properties": { "name": "urn:ogc:def:crs:OGC:1.3:CRS84" } },
"features": [
{ "type": "Feature", "properties": { "asset_name": "Halte Plaza Senayan 2", "category": "brt", "category_display": "Halte TransJakarta & Shelter", "city_regency": "Jakarta Selatan", "latitude": -6.227072, "longitude": 106.798942, "source_reference": "transjakarta_stations.csv", "asset_id": "BRT-0001", "is_buffer": false, "batch_no": 1, "notes": null }, "geometry": { "type": "Point", "coordinates": [ 106.798942, -6.227072 ] } },
{ "type": "Feature", "properties": { "asset_name": "Halte Simpang Prepedan Benda Raya", "category": "brt", "category_display": "Halte TransJakarta & Shelter", "city_regency": "Kota Tangerang", "latitude": -6.106575, "longitude": 106.70192, "source_reference": "transjakarta_stations.csv", "asset_id": "BRT-0002", "is_buffer": false, "batch_no": 1, "notes": null }, "geometry": { "type": "Point", "coordinates": [ 106.70192, -6.106575 ] } },
{ "type": "Feature", "properties": { "asset_name": "Halte Simpang Pulo Asem Utara Timur", "category": "brt", "category_display": "Halte TransJakarta & Shelter", "city_regency": "Jakarta Timur", "latitude": -6.188074, "longitude": 106.89668, "source_reference": "transjakarta_stations.csv", "asset_id": "BRT-0003", "is_buffer": false, "batch_no": 1, "notes": null }, "geometry": { "type": "Point", "coordinates": [ 106.89668, -6.188074 ] } },
{ "type": "Feature", "properties": { "asset_name": "Halte Simpang Pulo Mas Raya Timur", "category": "brt", "category_display": "Halte TransJakarta & Shelter", "city_regency": "Jakarta Timur", "latitude": -6.178359, "longitude": 106.885496, "source_reference": "transjakarta_stations.csv", "asset_id": "BRT-0004", "is_buffer": false, "batch_no": 1, "notes": null }, "geometry": { "type": "Point", "coordinates": [ 106.885496, -6.178359 ] } },
{ "type": "Feature", "properties": { "asset_name": "Halte Simpang Puskesmas Penggilingan Baru", "category": "brt", "category_display": "Halte TransJakarta & Shelter", "city_regency": "Jakarta Timur", "latitude": -6.301457, "longitude": 106.88133, "source_reference": "transjakarta_stations.csv", "asset_id": "BRT-0005", "is_buffer": false, "batch_no": 1, "notes": null }, "geometry": { "type": "Point", "coordinates": [ 106.88133, -6.301457 ] } },
{ "type": "Feature", "properties": { "asset_name": "Halte Simpang Danau Sunter Utara Barat", "category": "brt", "category_display": "Halte TransJakarta & Shelter", "city_regency": "Jakarta Utara", "latitude": -6.139853, "longitude": 106.85663, "source_reference": "transjakarta_stations.csv", "asset_id": "BRT-0006", "is_buffer": false, "batch_no": 1, "notes": "Hot-Swapped dari buffer BRT-BUF-001 (pengganti Halte Simpang Radin Inten II Kalimalang 404)" }, "geometry": { "type": "Point", "coordinates": [ 106.85663, -6.139853 ] } },
{ "type": "Feature", "properties": { "asset_name": "Halte Simpang Rajawali Cipinang Indah", "category": "brt", "category_display": "Halte TransJakarta & Shelter", "city_regency": "Jakarta Timur", "latitude": -6.233049, "longitude": 106.89328, "source_reference": "transjakarta_stations.csv", "asset_id": "BRT-0007", "is_buffer": false, "batch_no": 1, "notes": null }, "geometry": { "type": "Point", "coordinates": [ 106.89328, -6.233049 ] } },
{ "type": "Feature", "properties": { "asset_name": "Halte Simpang Rawa Barat", "category": "brt", "category_display": "Halte TransJakarta & Shelter", "city_regency": "Jakarta Selatan", "latitude": -6.238408, "longitude": 106.81489, "source_reference": "transjakarta_stations.csv", "asset_id": "BRT-0008", "is_buffer": false, "batch_no": 1, "notes": null }, "geometry": { "type": "Point", "coordinates": [ 106.81489, -6.238408 ] } },
{ "type": "Feature", "properties": { "asset_name": "Halte Simpang Rawa Belong 2 KH Taisir", "category": "brt", "category_display": "Halte TransJakarta & Shelter", "city_regency": "Jakarta Barat", "latitude": -6.200768, "longitude": 106.78765, "source_reference": "transjakarta_stations.csv", "asset_id": "BRT-0009", "is_buffer": false, "batch_no": 1, "notes": null }, "geometry": { "type": "Point", "coordinates": [ 106.78765, -6.200768 ] } },
{ "type": "Feature", "properties": { "asset_name": "Halte Flyover Kuningan", "category": "brt", "category_display": "Halte TransJakarta & Shelter", "city_regency": "Jakarta Pusat", "latitude": -6.202761, "longitude": 106.82771, "source_reference": "transjakarta_stations.csv", "asset_id": "BRT-0010", "is_buffer": false, "batch_no": 1, "notes": null }, "geometry": { "type": "Point", "coordinates": [ 106.82771, -6.202761 ] } },
{ "type": "Feature", "properties": { "asset_name": "Halte Simpang Rawa Belong Sulaiman", "category": "brt", "category_display": "Halte TransJakarta & Shelter", "city_regency": "Jakarta Barat", "latitude": -6.20612, "longitude": 106.78276, "source_reference": "transjakarta_stations.csv", "asset_id": "BRT-0011", "is_buffer": false, "batch_no": 1, "notes": null }, "geometry": { "type": "Point", "coordinates": [ 106.78276, -6.20612 ] } },
{ "type": "Feature", "properties": { "asset_name": "Halte Simpang Rawa Buaya Bojong Raya", "category": "brt", "category_display": "Halte TransJakarta & Shelter", "city_regency": "Kota Tangerang", "latitude": -6.159465, "longitude": 106.72952, "source_reference": "transjakarta_stations.csv", "asset_id": "BRT-0012", "is_buffer": false, "batch_no": 1, "notes": null }, "geometry": { "type": "Point", "coordinates": [ 106.72952, -6.159465 ] } },
{ "type": "Feature", "properties": { "asset_name": "Halte Simpang Rawa Kepa Utama", "category": "brt", "category_display": "Halte TransJakarta & Shelter", "city_regency": "Jakarta Barat", "latitude": -6.169911, "longitude": 106.80177, "source_reference": "transjakarta_stations.csv", "asset_id": "BRT-0013", "is_buffer": false, "batch_no": 1, "notes": null }, "geometry": { "type": "Point", "coordinates": [ 106.80177, -6.169911 ] } },
{ "type": "Feature", "properties": { "asset_name": "Halte Simpang Rawa Kompeni Raya Prancis", "category": "brt", "category_display": "Halte TransJakarta & Shelter", "city_regency": "Kota Tangerang", "latitude": -6.109565, "longitude": 106.68406, "source_reference": "transjakarta_stations.csv", "asset_id": "BRT-0014", "is_buffer": false, "batch_no": 1, "notes": null }, "geometry": { "type": "Point", "coordinates": [ 106.68406, -6.109565 ] } },
{ "type": "Feature", "properties": { "asset_name": "Halte Simpang Darmawangsa XI Prapanca", "category": "brt", "category_display": "Halte TransJakarta & Shelter", "city_regency": "Jakarta Selatan", "latitude": -6.256381, "longitude": 106.80051, "source_reference": "transjakarta_stations.csv", "asset_id": "BRT-0015", "is_buffer": false, "batch_no": 1, "notes": "Hot-Swapped dari buffer BRT-BUF-002 (pengganti Halte Simpang Rawa Kuning Raya Bekasi 404)" }, "geometry": { "type": "Point", "coordinates": [ 106.80051, -6.256381 ] } },
{ "type": "Feature", "properties": { "asset_name": "Halte Simpang Rawasari Ahmad Yani", "category": "brt", "category_display": "Halte TransJakarta & Shelter", "city_regency": "Jakarta Timur", "latitude": -6.187726, "longitude": 106.87473, "source_reference": "transjakarta_stations.csv", "asset_id": "BRT-0016", "is_buffer": false, "batch_no": 1, "notes": null }, "geometry": { "type": "Point", "coordinates": [ 106.87473, -6.187726 ] } },
{ "type": "Feature", "properties": { "asset_name": "Halte Simpang Raya Bogor Cililitan", "category": "brt", "category_display": "Halte TransJakarta & Shelter", "city_regency": "Jakarta Timur", "latitude": -6.264191, "longitude": 106.86585, "source_reference": "transjakarta_stations.csv", "asset_id": "BRT-0017", "is_buffer": false, "batch_no": 1, "notes": null }, "geometry": { "type": "Point", "coordinates": [ 106.86585, -6.264191 ] } },
{ "type": "Feature", "properties": { "asset_name": "Halte Simpang Raya Bogor Suci", "category": "brt", "category_display": "Halte TransJakarta & Shelter", "city_regency": "Jakarta Timur", "latitude": -6.318777, "longitude": 106.86512, "source_reference": "transjakarta_stations.csv", "asset_id": "BRT-0018", "is_buffer": false, "batch_no": 1, "notes": null }, "geometry": { "type": "Point", "coordinates": [ 106.86512, -6.318777 ] } },
{ "type": "Feature", "properties": { "asset_name": "Halte Simpang Pinang I Pondok Labu", "category": "brt", "category_display": "Halte TransJakarta & Shelter", "city_regency": "Jakarta Selatan", "latitude": -6.308702, "longitude": 106.795996, "source_reference": "transjakarta_stations.csv", "asset_id": "BRT-0019", "is_buffer": false, "batch_no": 1, "notes": null }, "geometry": { "type": "Point", "coordinates": [ 106.795996, -6.308702 ] } },
{ "type": "Feature", "properties": { "asset_name": "Halte Simpang Raya Ceger Bina Marga", "category": "brt", "category_display": "Halte TransJakarta & Shelter", "city_regency": "Jakarta Timur", "latitude": -6.314974, "longitude": 106.89265, "source_reference": "transjakarta_stations.csv", "asset_id": "BRT-0020", "is_buffer": false, "batch_no": 1, "notes": null }, "geometry": { "type": "Point", "coordinates": [ 106.89265, -6.314974 ] } },
{ "type": "Feature", "properties": { "asset_name": "Halte Simpang Pulo Asem Utara Bada", "category": "brt", "category_display": "Halte TransJakarta & Shelter", "city_regency": "Jakarta Timur", "latitude": -6.188953, "longitude": 106.89146, "source_reference": "transjakarta_stations.csv", "asset_id": "BRT-0021", "is_buffer": false, "batch_no": 1, "notes": null }, "geometry": { "type": "Point", "coordinates": [ 106.89146, -6.188953 ] } },
{ "type": "Feature", "properties": { "asset_name": "Halte Simpang Jln. Pulo Lentut", "category": "brt", "category_display": "Halte TransJakarta & Shelter", "city_regency": "Jakarta Timur", "latitude": -6.189456, "longitude": 106.910404, "source_reference": "transjakarta_stations.csv", "asset_id": "BRT-0022", "is_buffer": false, "batch_no": 1, "notes": null }, "geometry": { "type": "Point", "coordinates": [ 106.910404, -6.189456 ] } },
{ "type": "Feature", "properties": { "asset_name": "Halte Simpang Mandala Dwikora", "category": "brt", "category_display": "Halte TransJakarta & Shelter", "city_regency": "Jakarta Timur", "latitude": -6.245022, "longitude": 106.8922, "source_reference": "transjakarta_stations.csv", "asset_id": "BRT-0023", "is_buffer": false, "batch_no": 1, "notes": null }, "geometry": { "type": "Point", "coordinates": [ 106.8922, -6.245022 ] } },
{ "type": "Feature", "properties": { "asset_name": "Halte Simpang Pos Pengumben Panjang Arteri", "category": "brt", "category_display": "Halte TransJakarta & Shelter", "city_regency": "Jakarta Barat", "latitude": -6.215786, "longitude": 106.77421, "source_reference": "transjakarta_stations.csv", "asset_id": "BRT-0024", "is_buffer": false, "batch_no": 1, "notes": null }, "geometry": { "type": "Point", "coordinates": [ 106.77421, -6.215786 ] } },
{ "type": "Feature", "properties": { "asset_name": "Halte Sbr. Plaza Senayan", "category": "brt", "category_display": "Halte TransJakarta & Shelter", "city_regency": "Jakarta Selatan", "latitude": -6.224597, "longitude": 106.798165, "source_reference": "transjakarta_stations.csv", "asset_id": "BRT-0025", "is_buffer": false, "batch_no": 1, "notes": null }, "geometry": { "type": "Point", "coordinates": [ 106.798165, -6.224597 ] } },
{ "type": "Feature", "properties": { "asset_name": "Halte Terminal 3", "category": "brt", "category_display": "Halte TransJakarta & Shelter", "city_regency": "Kota Tangerang", "latitude": -6.11998, "longitude": 106.665713, "source_reference": "transjakarta_stations.csv", "asset_id": "BRT-0026", "is_buffer": false, "batch_no": 1, "notes": null }, "geometry": { "type": "Point", "coordinates": [ 106.665713, -6.11998 ] } },
{ "type": "Feature", "properties": { "asset_name": "Halte Simpang Pisangan Lama III Selatan", "category": "brt", "category_display": "Halte TransJakarta & Shelter", "city_regency": "Jakarta Timur", "latitude": -6.213529, "longitude": 106.87885, "source_reference": "transjakarta_stations.csv", "asset_id": "BRT-0027", "is_buffer": false, "batch_no": 1, "notes": null }, "geometry": { "type": "Point", "coordinates": [ 106.87885, -6.213529 ] } },
{ "type": "Feature", "properties": { "asset_name": "Halte Mall", "category": "brt", "category_display": "Halte TransJakarta & Shelter", "city_regency": "Kota Tangerang", "latitude": -6.221803, "longitude": 106.654747, "source_reference": "transjakarta_stations.csv", "asset_id": "BRT-0028", "is_buffer": false, "batch_no": 1, "notes": null }, "geometry": { "type": "Point", "coordinates": [ 106.654747, -6.221803 ] } },
{ "type": "Feature", "properties": { "asset_name": "Halte Simpang Pisangan Lama Selatan III", "category": "brt", "category_display": "Halte TransJakarta & Shelter", "city_regency": "Jakarta Timur", "latitude": -6.21387, "longitude": 106.87884, "source_reference": "transjakarta_stations.csv", "asset_id": "BRT-0029", "is_buffer": false, "batch_no": 1, "notes": null }, "geometry": { "type": "Point", "coordinates": [ 106.87884, -6.21387 ] } },
{ "type": "Feature", "properties": { "asset_name": "Halte Simpang Pisok Giring Giring", "category": "brt", "category_display": "Halte TransJakarta & Shelter", "city_regency": "Jakarta Timur", "latitude": -6.16936, "longitude": 106.90739, "source_reference": "transjakarta_stations.csv", "asset_id": "BRT-0030", "is_buffer": false, "batch_no": 1, "notes": null }, "geometry": { "type": "Point", "coordinates": [ 106.90739, -6.16936 ] } },
{ "type": "Feature", "properties": { "asset_name": "Halte Simpang Pitungan", "category": "brt", "category_display": "Halte TransJakarta & Shelter", "city_regency": "Kota Bekasi", "latitude": -6.100212, "longitude": 106.9606, "source_reference": "transjakarta_stations.csv", "asset_id": "BRT-0031", "is_buffer": false, "batch_no": 1, "notes": null }, "geometry": { "type": "Point", "coordinates": [ 106.9606, -6.100212 ] } },
{ "type": "Feature", "properties": { "asset_name": "Halte Simpang PKP Raya KDW", "category": "brt", "category_display": "Halte TransJakarta & Shelter", "city_regency": "Kota Depok", "latitude": -6.340963, "longitude": 106.8873, "source_reference": "transjakarta_stations.csv", "asset_id": "BRT-0032", "is_buffer": false, "batch_no": 1, "notes": null }, "geometry": { "type": "Point", "coordinates": [ 106.8873, -6.340963 ] } },
{ "type": "Feature", "properties": { "asset_name": "Halte Simpang Pluit Raya", "category": "brt", "category_display": "Halte TransJakarta & Shelter", "city_regency": "Jakarta Utara", "latitude": -6.127123, "longitude": 106.80441, "source_reference": "transjakarta_stations.csv", "asset_id": "BRT-0033", "is_buffer": false, "batch_no": 1, "notes": null }, "geometry": { "type": "Point", "coordinates": [ 106.80441, -6.127123 ] } },
{ "type": "Feature", "properties": { "asset_name": "Halte Simpang Poncol Raya Ciracas", "category": "brt", "category_display": "Halte TransJakarta & Shelter", "city_regency": "Kota Depok", "latitude": -6.329862, "longitude": 106.86873, "source_reference": "transjakarta_stations.csv", "asset_id": "BRT-0034", "is_buffer": false, "batch_no": 1, "notes": null }, "geometry": { "type": "Point", "coordinates": [ 106.86873, -6.329862 ] } },
{ "type": "Feature", "properties": { "asset_name": "Halte Simpang Pondok Bambu Batas 1", "category": "brt", "category_display": "Halte TransJakarta & Shelter", "city_regency": "Jakarta Timur", "latitude": -6.241476, "longitude": 106.90061, "source_reference": "transjakarta_stations.csv", "asset_id": "BRT-0035", "is_buffer": false, "batch_no": 1, "notes": null }, "geometry": { "type": "Point", "coordinates": [ 106.90061, -6.241476 ] } },
{ "type": "Feature", "properties": { "asset_name": "Halte Simpang Meruya Selatan Saaba", "category": "brt", "category_display": "Halte TransJakarta & Shelter", "city_regency": "Kota Tangerang", "latitude": -6.21516, "longitude": 106.73771, "source_reference": "transjakarta_stations.csv", "asset_id": "BRT-0036", "is_buffer": false, "batch_no": 1, "notes": null }, "geometry": { "type": "Point", "coordinates": [ 106.73771, -6.21516 ] } },
{ "type": "Feature", "properties": { "asset_name": "Halte Simpang Palmerah Barat Rawa Belong", "category": "brt", "category_display": "Halte TransJakarta & Shelter", "city_regency": "Jakarta Barat", "latitude": -6.206786, "longitude": 106.783898, "source_reference": "transjakarta_stations.csv", "asset_id": "BRT-0037", "is_buffer": false, "batch_no": 1, "notes": null }, "geometry": { "type": "Point", "coordinates": [ 106.783898, -6.206786 ] } },
{ "type": "Feature", "properties": { "asset_name": "Halte Simpang Ps. Warakas 2", "category": "brt", "category_display": "Halte TransJakarta & Shelter", "city_regency": "Jakarta Utara", "latitude": -6.115576, "longitude": 106.880037, "source_reference": "transjakarta_stations.csv", "asset_id": "BRT-0038", "is_buffer": false, "batch_no": 1, "notes": null }, "geometry": { "type": "Point", "coordinates": [ 106.880037, -6.115576 ] } },
{ "type": "Feature", "properties": { "asset_name": "Halte Simpang Patra Kepa", "category": "brt", "category_display": "Halte TransJakarta & Shelter", "city_regency": "Jakarta Barat", "latitude": -6.183013, "longitude": 106.779963, "source_reference": "transjakarta_stations.csv", "asset_id": "BRT-0039", "is_buffer": false, "batch_no": 1, "notes": null }, "geometry": { "type": "Point", "coordinates": [ 106.779963, -6.183013 ] } },
{ "type": "Feature", "properties": { "asset_name": "Halte Simpang Pondok Bambu Batas 3", "category": "brt", "category_display": "Halte TransJakarta & Shelter", "city_regency": "Jakarta Timur", "latitude": -6.241251, "longitude": 106.90098, "source_reference": "transjakarta_stations.csv", "asset_id": "BRT-0040", "is_buffer": false, "batch_no": 1, "notes": null }, "geometry": { "type": "Point", "coordinates": [ 106.90098, -6.241251 ] } },
{ "type": "Feature", "properties": { "asset_name": "Halte Simpang Pondok Baru Gongseng Raya", "category": "brt", "category_display": "Halte TransJakarta & Shelter", "city_regency": "Kota Depok", "latitude": -6.326243, "longitude": 106.85929, "source_reference": "transjakarta_stations.csv", "asset_id": "BRT-0041", "is_buffer": false, "batch_no": 1, "notes": null }, "geometry": { "type": "Point", "coordinates": [ 106.85929, -6.326243 ] } },
{ "type": "Feature", "properties": { "asset_name": "Halte Simpang Raya Ceger Mabes Hankam", "category": "brt", "category_display": "Halte TransJakarta & Shelter", "city_regency": "Jakarta Timur", "latitude": -6.306447, "longitude": 106.88835, "source_reference": "transjakarta_stations.csv", "asset_id": "BRT-0042", "is_buffer": false, "batch_no": 1, "notes": null }, "geometry": { "type": "Point", "coordinates": [ 106.88835, -6.306447 ] } },
{ "type": "Feature", "properties": { "asset_name": "Halte Simpang Raya Cilincing Sungai Landak", "category": "brt", "category_display": "Halte TransJakarta & Shelter", "city_regency": "Jakarta Utara", "latitude": -6.101579, "longitude": 106.93808, "source_reference": "transjakarta_stations.csv", "asset_id": "BRT-0043", "is_buffer": false, "batch_no": 1, "notes": null }, "geometry": { "type": "Point", "coordinates": [ 106.93808, -6.101579 ] } },
{ "type": "Feature", "properties": { "asset_name": "Halte Koja Trade Mall", "category": "brt", "category_display": "Halte TransJakarta & Shelter", "city_regency": "Jakarta Utara", "latitude": -6.122508, "longitude": 106.91677, "source_reference": "transjakarta_stations.csv", "asset_id": "BRT-0044", "is_buffer": false, "batch_no": 1, "notes": null }, "geometry": { "type": "Point", "coordinates": [ 106.91677, -6.122508 ] } },
{ "type": "Feature", "properties": { "asset_name": "Halte Simpang Raya Condet Batu Ampar", "category": "brt", "category_display": "Halte TransJakarta & Shelter", "city_regency": "Jakarta Timur", "latitude": -6.28409, "longitude": 106.85556, "source_reference": "transjakarta_stations.csv", "asset_id": "BRT-0045", "is_buffer": false, "batch_no": 1, "notes": null }, "geometry": { "type": "Point", "coordinates": [ 106.85556, -6.28409 ] } },
{ "type": "Feature", "properties": { "asset_name": "Halte Terminal 2", "category": "brt", "category_display": "Halte TransJakarta & Shelter", "city_regency": "Kota Tangerang", "latitude": -6.12228, "longitude": 106.653171, "source_reference": "transjakarta_stations.csv", "asset_id": "BRT-0046", "is_buffer": false, "batch_no": 1, "notes": null }, "geometry": { "type": "Point", "coordinates": [ 106.653171, -6.12228 ] } },
{ "type": "Feature", "properties": { "asset_name": "Halte Simpang DDN Pondok Labu", "category": "brt", "category_display": "Halte TransJakarta & Shelter", "city_regency": "Jakarta Selatan", "latitude": -6.312668, "longitude": 106.79687, "source_reference": "transjakarta_stations.csv", "asset_id": "BRT-0047", "is_buffer": false, "batch_no": 1, "notes": "Hot-Swapped dari buffer BRT-BUF-003 (pengganti Halte Simpang Sawo Raya Rawa Kuning 404)" }, "geometry": { "type": "Point", "coordinates": [ 106.79687, -6.312668 ] } },
{ "type": "Feature", "properties": { "asset_name": "Halte Stasiun Kereta Bandara", "category": "brt", "category_display": "Halte TransJakarta & Shelter", "city_regency": "Kota Tangerang", "latitude": -6.126999, "longitude": 106.653183, "source_reference": "transjakarta_stations.csv", "asset_id": "BRT-0048", "is_buffer": false, "batch_no": 1, "notes": null }, "geometry": { "type": "Point", "coordinates": [ 106.653183, -6.126999 ] } },
{ "type": "Feature", "properties": { "asset_name": "Halte Simpang Demi Serong Jatibaru", "category": "brt", "category_display": "Halte TransJakarta & Shelter", "city_regency": "Jakarta Pusat", "latitude": -6.181147, "longitude": 106.81714, "source_reference": "transjakarta_stations.csv", "asset_id": "BRT-0049", "is_buffer": false, "batch_no": 1, "notes": "Hot-Swapped dari buffer BRT-BUF-004 (pengganti Halte Simpang Selat Makasar Bali 404)" }, "geometry": { "type": "Point", "coordinates": [ 106.81714, -6.181147 ] } },
{ "type": "Feature", "properties": { "asset_name": "Halte Terminal 1A", "category": "brt", "category_display": "Halte TransJakarta & Shelter", "city_regency": "Kota Tangerang", "latitude": -6.129481, "longitude": 106.656057, "source_reference": "transjakarta_stations.csv", "asset_id": "BRT-0050", "is_buffer": false, "batch_no": 1, "notes": null }, "geometry": { "type": "Point", "coordinates": [ 106.656057, -6.129481 ] } },
{ "type": "Feature", "properties": { "asset_name": "Halte Simpang Semangka I", "category": "brt", "category_display": "Halte TransJakarta & Shelter", "city_regency": "Jakarta Barat", "latitude": -6.179887, "longitude": 106.8059, "source_reference": "transjakarta_stations.csv", "asset_id": "BRT-0051", "is_buffer": false, "batch_no": 1, "notes": null }, "geometry": { "type": "Point", "coordinates": [ 106.8059, -6.179887 ] } },
{ "type": "Feature", "properties": { "asset_name": "Halte Simpang Semangka III", "category": "brt", "category_display": "Halte TransJakarta & Shelter", "city_regency": "Jakarta Barat", "latitude": -6.180659, "longitude": 106.80608, "source_reference": "transjakarta_stations.csv", "asset_id": "BRT-0052", "is_buffer": false, "batch_no": 1, "notes": null }, "geometry": { "type": "Point", "coordinates": [ 106.80608, -6.180659 ] } },
{ "type": "Feature", "properties": { "asset_name": "Halte Simpang Semangka Mahoni", "category": "brt", "category_display": "Halte TransJakarta & Shelter", "city_regency": "Jakarta Utara", "latitude": -6.116007, "longitude": 106.91315, "source_reference": "transjakarta_stations.csv", "asset_id": "BRT-0053", "is_buffer": false, "batch_no": 1, "notes": null }, "geometry": { "type": "Point", "coordinates": [ 106.91315, -6.116007 ] } },
{ "type": "Feature", "properties": { "asset_name": "Halte Simpang Deplu Raya", "category": "brt", "category_display": "Halte TransJakarta & Shelter", "city_regency": "Jakarta Selatan", "latitude": -6.27231, "longitude": 106.7649, "source_reference": "transjakarta_stations.csv", "asset_id": "BRT-0054", "is_buffer": false, "batch_no": 1, "notes": "Hot-Swapped dari buffer BRT-BUF-005 (pengganti Halte Simpang Serdang Kel. I 404)" }, "geometry": { "type": "Point", "coordinates": [ 106.7649, -6.27231 ] } },
{ "type": "Feature", "properties": { "asset_name": "Halte Simpang Betet Camar 2", "category": "brt", "category_display": "Halte TransJakarta & Shelter", "city_regency": "Jakarta Utara", "latitude": -6.115382, "longitude": 106.92322, "source_reference": "transjakarta_stations.csv", "asset_id": "BRT-0055", "is_buffer": false, "batch_no": 1, "notes": "Hot-Swapped dari buffer BRT-BUF-006 (pengganti Halte Simpang Serdang Swadaya Raya 2 404)" }, "geometry": { "type": "Point", "coordinates": [ 106.92322, -6.115382 ] } },
{ "type": "Feature", "properties": { "asset_name": "Halte Simpang Seroja Cempaka", "category": "brt", "category_display": "Halte TransJakarta & Shelter", "city_regency": "Jakarta Barat", "latitude": -6.181809, "longitude": 106.7991, "source_reference": "transjakarta_stations.csv", "asset_id": "BRT-0056", "is_buffer": false, "batch_no": 1, "notes": null }, "geometry": { "type": "Point", "coordinates": [ 106.7991, -6.181809 ] } },
{ "type": "Feature", "properties": { "asset_name": "Halte Simpang Rawa Belong Palmerah Barat", "category": "brt", "category_display": "Halte TransJakarta & Shelter", "city_regency": "Jakarta Barat", "latitude": -6.206644, "longitude": 106.784036, "source_reference": "transjakarta_stations.csv", "asset_id": "BRT-0057", "is_buffer": false, "batch_no": 1, "notes": null }, "geometry": { "type": "Point", "coordinates": [ 106.784036, -6.206644 ] } },
{ "type": "Feature", "properties": { "asset_name": "Halte Simpang Seruling Musik Raya", "category": "brt", "category_display": "Halte TransJakarta & Shelter", "city_regency": "Jakarta Timur", "latitude": -6.17436, "longitude": 106.9095, "source_reference": "transjakarta_stations.csv", "asset_id": "BRT-0058", "is_buffer": false, "batch_no": 1, "notes": null }, "geometry": { "type": "Point", "coordinates": [ 106.9095, -6.17436 ] } },
{ "type": "Feature", "properties": { "asset_name": "Halte Simpang Sinar Lagoa", "category": "brt", "category_display": "Halte TransJakarta & Shelter", "city_regency": "Jakarta Utara", "latitude": -6.108986, "longitude": 106.90781, "source_reference": "transjakarta_stations.csv", "asset_id": "BRT-0059", "is_buffer": false, "batch_no": 1, "notes": null }, "geometry": { "type": "Point", "coordinates": [ 106.90781, -6.108986 ] } },
{ "type": "Feature", "properties": { "asset_name": "Halte Simpang Jln. Fajar Baru Utara", "category": "brt", "category_display": "Halte TransJakarta & Shelter", "city_regency": "Kota Tangerang", "latitude": -6.14669, "longitude": 106.73446, "source_reference": "transjakarta_stations.csv", "asset_id": "BRT-0060", "is_buffer": false, "batch_no": 1, "notes": null }, "geometry": { "type": "Point", "coordinates": [ 106.73446, -6.14669 ] } },
{ "type": "Feature", "properties": { "asset_name": "Halte Simpang SMKN 35", "category": "brt", "category_display": "Halte TransJakarta & Shelter", "city_regency": "Jakarta Pusat", "latitude": -6.161102, "longitude": 106.81006, "source_reference": "transjakarta_stations.csv", "asset_id": "BRT-0061", "is_buffer": false, "batch_no": 1, "notes": null }, "geometry": { "type": "Point", "coordinates": [ 106.81006, -6.161102 ] } },
{ "type": "Feature", "properties": { "asset_name": "Halte Simpang Squadron", "category": "brt", "category_display": "Halte TransJakarta & Shelter", "city_regency": "Jakarta Timur", "latitude": -6.267009, "longitude": 106.87725, "source_reference": "transjakarta_stations.csv", "asset_id": "BRT-0062", "is_buffer": false, "batch_no": 1, "notes": null }, "geometry": { "type": "Point", "coordinates": [ 106.87725, -6.267009 ] } },
{ "type": "Feature", "properties": { "asset_name": "Halte Simpang Sasak I Panjang Arteri", "category": "brt", "category_display": "Halte TransJakarta & Shelter", "city_regency": "Jakarta Barat", "latitude": -6.206777, "longitude": 106.77019, "source_reference": "transjakarta_stations.csv", "asset_id": "BRT-0063", "is_buffer": false, "batch_no": 1, "notes": null }, "geometry": { "type": "Point", "coordinates": [ 106.77019, -6.206777 ] } },
{ "type": "Feature", "properties": { "asset_name": "Halte Simpang Sagu Pepaya Raya", "category": "brt", "category_display": "Halte TransJakarta & Shelter", "city_regency": "Jakarta Selatan", "latitude": -6.317811, "longitude": 106.81912, "source_reference": "transjakarta_stations.csv", "asset_id": "BRT-0064", "is_buffer": false, "batch_no": 1, "notes": null }, "geometry": { "type": "Point", "coordinates": [ 106.81912, -6.317811 ] } },
{ "type": "Feature", "properties": { "asset_name": "Halte Simpang Sadar H. Montong", "category": "brt", "category_display": "Halte TransJakarta & Shelter", "city_regency": "Kota Depok", "latitude": -6.337924, "longitude": 106.81347, "source_reference": "transjakarta_stations.csv", "asset_id": "BRT-0065", "is_buffer": false, "batch_no": 1, "notes": null }, "geometry": { "type": "Point", "coordinates": [ 106.81347, -6.337924 ] } },
{ "type": "Feature", "properties": { "asset_name": "Halte Simpang Raya Tengah Waru", "category": "brt", "category_display": "Halte TransJakarta & Shelter", "city_regency": "Jakarta Timur", "latitude": -6.29326, "longitude": 106.85985, "source_reference": "transjakarta_stations.csv", "asset_id": "BRT-0066", "is_buffer": false, "batch_no": 1, "notes": null }, "geometry": { "type": "Point", "coordinates": [ 106.85985, -6.29326 ] } },
{ "type": "Feature", "properties": { "asset_name": "Halte Simpang Raya KDW PKP", "category": "brt", "category_display": "Halte TransJakarta & Shelter", "city_regency": "Kota Depok", "latitude": -6.340686, "longitude": 106.88691, "source_reference": "transjakarta_stations.csv", "asset_id": "BRT-0067", "is_buffer": false, "batch_no": 1, "notes": null }, "geometry": { "type": "Point", "coordinates": [ 106.88691, -6.340686 ] } },
{ "type": "Feature", "properties": { "asset_name": "Halte Simpang Raya PKP Cibubur I", "category": "brt", "category_display": "Halte TransJakarta & Shelter", "city_regency": "Kota Depok", "latitude": -6.34034, "longitude": 106.87371, "source_reference": "transjakarta_stations.csv", "asset_id": "BRT-0068", "is_buffer": false, "batch_no": 1, "notes": null }, "geometry": { "type": "Point", "coordinates": [ 106.87371, -6.34034 ] } },
{ "type": "Feature", "properties": { "asset_name": "Halte Simpang Raya Pondok Gede 1", "category": "brt", "category_display": "Halte TransJakarta & Shelter", "city_regency": "Jakarta Timur", "latitude": -6.284753, "longitude": 106.91028, "source_reference": "transjakarta_stations.csv", "asset_id": "BRT-0069", "is_buffer": false, "batch_no": 1, "notes": null }, "geometry": { "type": "Point", "coordinates": [ 106.91028, -6.284753 ] } },
{ "type": "Feature", "properties": { "asset_name": "Halte Simpang Raya Pondok Gede 2", "category": "brt", "category_display": "Halte TransJakarta & Shelter", "city_regency": "Jakarta Timur", "latitude": -6.283372, "longitude": 106.91042, "source_reference": "transjakarta_stations.csv", "asset_id": "BRT-0070", "is_buffer": false, "batch_no": 2, "notes": null }, "geometry": { "type": "Point", "coordinates": [ 106.91042, -6.283372 ] } },
{ "type": "Feature", "properties": { "asset_name": "Halte Simpang Pramuka 2", "category": "brt", "category_display": "Halte TransJakarta & Shelter", "city_regency": "Jakarta Timur", "latitude": -6.192457, "longitude": 106.874554, "source_reference": "transjakarta_stations.csv", "asset_id": "BRT-0071", "is_buffer": false, "batch_no": 2, "notes": null }, "geometry": { "type": "Point", "coordinates": [ 106.874554, -6.192457 ] } },
{ "type": "Feature", "properties": { "asset_name": "Halte Simpang Pramuka 1", "category": "brt", "category_display": "Halte TransJakarta & Shelter", "city_regency": "Jakarta Timur", "latitude": -6.191753, "longitude": 106.873686, "source_reference": "transjakarta_stations.csv", "asset_id": "BRT-0072", "is_buffer": false, "batch_no": 2, "notes": null }, "geometry": { "type": "Point", "coordinates": [ 106.873686, -6.191753 ] } },
{ "type": "Feature", "properties": { "asset_name": "Halte Simpang Raya Tengah H. Ali", "category": "brt", "category_display": "Halte TransJakarta & Shelter", "city_regency": "Jakarta Timur", "latitude": -6.292515, "longitude": 106.85951, "source_reference": "transjakarta_stations.csv", "asset_id": "BRT-0073", "is_buffer": false, "batch_no": 2, "notes": null }, "geometry": { "type": "Point", "coordinates": [ 106.85951, -6.292515 ] } },
{ "type": "Feature", "properties": { "asset_name": "Halte Simpang Rel Kereta Bintaro 1", "category": "brt", "category_display": "Halte TransJakarta & Shelter", "city_regency": "Jakarta Selatan", "latitude": -6.256533, "longitude": 106.76259, "source_reference": "transjakarta_stations.csv", "asset_id": "BRT-0074", "is_buffer": false, "batch_no": 2, "notes": null }, "geometry": { "type": "Point", "coordinates": [ 106.76259, -6.256533 ] } },
{ "type": "Feature", "properties": { "asset_name": "Halte Simpang Sabar Raya Petukangan 1", "category": "brt", "category_display": "Halte TransJakarta & Shelter", "city_regency": "Jakarta Selatan", "latitude": -6.236754, "longitude": 106.75243, "source_reference": "transjakarta_stations.csv", "asset_id": "BRT-0075", "is_buffer": false, "batch_no": 2, "notes": null }, "geometry": { "type": "Point", "coordinates": [ 106.75243, -6.236754 ] } },
{ "type": "Feature", "properties": { "asset_name": "Halte Simpang Rel Kereta Bintaro 2", "category": "brt", "category_display": "Halte TransJakarta & Shelter", "city_regency": "Jakarta Selatan", "latitude": -6.256574, "longitude": 106.76224, "source_reference": "transjakarta_stations.csv", "asset_id": "BRT-0076", "is_buffer": false, "batch_no": 2, "notes": null }, "geometry": { "type": "Point", "coordinates": [ 106.76224, -6.256574 ] } },
{ "type": "Feature", "properties": { "asset_name": "Halte Simpang Rindang Warung Sila", "category": "brt", "category_display": "Halte TransJakarta & Shelter", "city_regency": "Kota Depok", "latitude": -6.345832, "longitude": 106.81159, "source_reference": "transjakarta_stations.csv", "asset_id": "BRT-0077", "is_buffer": false, "batch_no": 2, "notes": null }, "geometry": { "type": "Point", "coordinates": [ 106.81159, -6.345832 ] } },
{ "type": "Feature", "properties": { "asset_name": "Halte Simpang Roa Malaka Selatan", "category": "brt", "category_display": "Halte TransJakarta & Shelter", "city_regency": "Jakarta Utara", "latitude": -6.134704, "longitude": 106.80998, "source_reference": "transjakarta_stations.csv", "asset_id": "BRT-0078", "is_buffer": false, "batch_no": 2, "notes": null }, "geometry": { "type": "Point", "coordinates": [ 106.80998, -6.134704 ] } },
{ "type": "Feature", "properties": { "asset_name": "Halte Simpang Rukun 1", "category": "brt", "category_display": "Halte TransJakarta & Shelter", "city_regency": "Jakarta Timur", "latitude": -6.308156, "longitude": 106.91758, "source_reference": "transjakarta_stations.csv", "asset_id": "BRT-0079", "is_buffer": false, "batch_no": 2, "notes": null }, "geometry": { "type": "Point", "coordinates": [ 106.91758, -6.308156 ] } },
{ "type": "Feature", "properties": { "asset_name": "Halte Simpang Saaba Meruya Selatan", "category": "brt", "category_display": "Halte TransJakarta & Shelter", "city_regency": "Kota Tangerang", "latitude": -6.214861, "longitude": 106.73735, "source_reference": "transjakarta_stations.csv", "asset_id": "BRT-0080", "is_buffer": false, "batch_no": 2, "notes": null }, "geometry": { "type": "Point", "coordinates": [ 106.73735, -6.214861 ] } },
{ "type": "Feature", "properties": { "asset_name": "Halte Simpang Sabar Raya 1", "category": "brt", "category_display": "Halte TransJakarta & Shelter", "city_regency": "Jakarta Selatan", "latitude": -6.24116, "longitude": 106.75245, "source_reference": "transjakarta_stations.csv", "asset_id": "BRT-0081", "is_buffer": false, "batch_no": 2, "notes": null }, "geometry": { "type": "Point", "coordinates": [ 106.75245, -6.24116 ] } },
{ "type": "Feature", "properties": { "asset_name": "Halte Simpang Pertengahan Cijantung", "category": "brt", "category_display": "Halte TransJakarta & Shelter", "city_regency": "Kota Depok", "latitude": -6.326543, "longitude": 106.85613, "source_reference": "transjakarta_stations.csv", "asset_id": "BRT-0082", "is_buffer": false, "batch_no": 2, "notes": null }, "geometry": { "type": "Point", "coordinates": [ 106.85613, -6.326543 ] } },
{ "type": "Feature", "properties": { "asset_name": "Halte Simpang Persahabatan Timur", "category": "brt", "category_display": "Halte TransJakarta & Shelter", "city_regency": "Jakarta Timur", "latitude": -6.206614, "longitude": 106.88835, "source_reference": "transjakarta_stations.csv", "asset_id": "BRT-0083", "is_buffer": false, "batch_no": 2, "notes": null }, "geometry": { "type": "Point", "coordinates": [ 106.88835, -6.206614 ] } },
{ "type": "Feature", "properties": { "asset_name": "Halte Simpang Persahabatan Raya", "category": "brt", "category_display": "Halte TransJakarta & Shelter", "city_regency": "Jakarta Timur", "latitude": -6.206364, "longitude": 106.88575, "source_reference": "transjakarta_stations.csv", "asset_id": "BRT-0084", "is_buffer": false, "batch_no": 2, "notes": null }, "geometry": { "type": "Point", "coordinates": [ 106.88575, -6.206364 ] } },
{ "type": "Feature", "properties": { "asset_name": "Halte Simpang Pahlawan Revolusi Kalimalang", "category": "brt", "category_display": "Halte TransJakarta & Shelter", "city_regency": "Jakarta Timur", "latitude": -6.245592, "longitude": 106.90576, "source_reference": "transjakarta_stations.csv", "asset_id": "BRT-0085", "is_buffer": false, "batch_no": 2, "notes": null }, "geometry": { "type": "Point", "coordinates": [ 106.90576, -6.245592 ] } },
{ "type": "Feature", "properties": { "asset_name": "Halte Simpang Gotong Royong 2", "category": "brt", "category_display": "Halte TransJakarta & Shelter", "city_regency": "Jakarta Utara", "latitude": -6.125006, "longitude": 106.893148, "source_reference": "transjakarta_stations.csv", "asset_id": "BRT-0086", "is_buffer": false, "batch_no": 2, "notes": "Hot-Swapped dari buffer BRT-BUF-007 (pengganti Halte Simpang Mawar Merah 404)" }, "geometry": { "type": "Point", "coordinates": [ 106.893148, -6.125006 ] } },
{ "type": "Feature", "properties": { "asset_name": "Halte Simpang Media Massa", "category": "brt", "category_display": "Halte TransJakarta & Shelter", "city_regency": "Jakarta Timur", "latitude": -6.231679, "longitude": 106.88636, "source_reference": "transjakarta_stations.csv", "asset_id": "BRT-0087", "is_buffer": false, "batch_no": 2, "notes": null }, "geometry": { "type": "Point", "coordinates": [ 106.88636, -6.231679 ] } },
{ "type": "Feature", "properties": { "asset_name": "Halte Simpang Melati Tugu V", "category": "brt", "category_display": "Halte TransJakarta & Shelter", "city_regency": "Jakarta Utara", "latitude": -6.121302, "longitude": 106.90799, "source_reference": "transjakarta_stations.csv", "asset_id": "BRT-0088", "is_buffer": false, "batch_no": 2, "notes": null }, "geometry": { "type": "Point", "coordinates": [ 106.90799, -6.121302 ] } },
{ "type": "Feature", "properties": { "asset_name": "Halte Simpang Melur Tugu", "category": "brt", "category_display": "Halte TransJakarta & Shelter", "city_regency": "Jakarta Utara", "latitude": -6.122641, "longitude": 106.90796, "source_reference": "transjakarta_stations.csv", "asset_id": "BRT-0089", "is_buffer": false, "batch_no": 2, "notes": null }, "geometry": { "type": "Point", "coordinates": [ 106.90796, -6.122641 ] } },
{ "type": "Feature", "properties": { "asset_name": "Halte Simpang Merak Cipinang Indah", "category": "brt", "category_display": "Halte TransJakarta & Shelter", "city_regency": "Jakarta Timur", "latitude": -6.234815, "longitude": 106.894, "source_reference": "transjakarta_stations.csv", "asset_id": "BRT-0090", "is_buffer": false, "batch_no": 2, "notes": null }, "geometry": { "type": "Point", "coordinates": [ 106.894, -6.234815 ] } },
{ "type": "Feature", "properties": { "asset_name": "Halte Sbr. Plaza Kemang 88", "category": "brt", "category_display": "Halte TransJakarta & Shelter", "city_regency": "Jakarta Selatan", "latitude": -6.270024, "longitude": 106.81553, "source_reference": "transjakarta_stations.csv", "asset_id": "BRT-0091", "is_buffer": false, "batch_no": 2, "notes": null }, "geometry": { "type": "Point", "coordinates": [ 106.81553, -6.270024 ] } },
{ "type": "Feature", "properties": { "asset_name": "Halte Simpang Meruya Ilir 1", "category": "brt", "category_display": "Halte TransJakarta & Shelter", "city_regency": "Jakarta Barat", "latitude": -6.196682, "longitude": 106.75517, "source_reference": "transjakarta_stations.csv", "asset_id": "BRT-0092", "is_buffer": false, "batch_no": 2, "notes": null }, "geometry": { "type": "Point", "coordinates": [ 106.75517, -6.196682 ] } },
{ "type": "Feature", "properties": { "asset_name": "Halte Simpang Meruya Ilir 2", "category": "brt", "category_display": "Halte TransJakarta & Shelter", "city_regency": "Jakarta Barat", "latitude": -6.196802, "longitude": 106.75542, "source_reference": "transjakarta_stations.csv", "asset_id": "BRT-0093", "is_buffer": false, "batch_no": 2, "notes": null }, "geometry": { "type": "Point", "coordinates": [ 106.75542, -6.196802 ] } },
{ "type": "Feature", "properties": { "asset_name": "Halte Simpang Meruya Ilir Srengseng", "category": "brt", "category_display": "Halte TransJakarta & Shelter", "city_regency": "Jakarta Barat", "latitude": -6.196942, "longitude": 106.75667, "source_reference": "transjakarta_stations.csv", "asset_id": "BRT-0094", "is_buffer": false, "batch_no": 2, "notes": null }, "geometry": { "type": "Point", "coordinates": [ 106.75667, -6.196942 ] } },
{ "type": "Feature", "properties": { "asset_name": "Halte Simpang Meruya Ilir Utara", "category": "brt", "category_display": "Halte TransJakarta & Shelter", "city_regency": "Kota Tangerang", "latitude": -6.198612, "longitude": 106.74196, "source_reference": "transjakarta_stations.csv", "asset_id": "BRT-0095", "is_buffer": false, "batch_no": 2, "notes": null }, "geometry": { "type": "Point", "coordinates": [ 106.74196, -6.198612 ] } },
{ "type": "Feature", "properties": { "asset_name": "Halte Simpang Meruya Panjang Arteri", "category": "brt", "category_display": "Halte TransJakarta & Shelter", "city_regency": "Jakarta Barat", "latitude": -6.196626, "longitude": 106.76887, "source_reference": "transjakarta_stations.csv", "asset_id": "BRT-0096", "is_buffer": false, "batch_no": 2, "notes": null }, "geometry": { "type": "Point", "coordinates": [ 106.76887, -6.196626 ] } },
{ "type": "Feature", "properties": { "asset_name": "Halte Simpang Mulya Jaya Cipinang Lontar", "category": "brt", "category_display": "Halte TransJakarta & Shelter", "city_regency": "Jakarta Timur", "latitude": -6.217632, "longitude": 106.89025, "source_reference": "transjakarta_stations.csv", "asset_id": "BRT-0097", "is_buffer": false, "batch_no": 2, "notes": null }, "geometry": { "type": "Point", "coordinates": [ 106.89025, -6.217632 ] } },
{ "type": "Feature", "properties": { "asset_name": "Halte Simpang Muwardi Raya", "category": "brt", "category_display": "Halte TransJakarta & Shelter", "city_regency": "Jakarta Barat", "latitude": -6.162593, "longitude": 106.79232, "source_reference": "transjakarta_stations.csv", "asset_id": "BRT-0098", "is_buffer": false, "batch_no": 2, "notes": null }, "geometry": { "type": "Point", "coordinates": [ 106.79232, -6.162593 ] } },
{ "type": "Feature", "properties": { "asset_name": "Halte Simpang Nusa Cipinang Indah", "category": "brt", "category_display": "Halte TransJakarta & Shelter", "city_regency": "Jakarta Timur", "latitude": -6.233496, "longitude": 106.89006, "source_reference": "transjakarta_stations.csv", "asset_id": "BRT-0099", "is_buffer": false, "batch_no": 2, "notes": null }, "geometry": { "type": "Point", "coordinates": [ 106.89006, -6.233496 ] } },
{ "type": "Feature", "properties": { "asset_name": "Halte Simpang Rawa Belong Kemanggisan", "category": "brt", "category_display": "Halte TransJakarta & Shelter", "city_regency": "Jakarta Barat", "latitude": -6.198872, "longitude": 106.78212, "source_reference": "transjakarta_stations.csv", "asset_id": "BRT-0100", "is_buffer": false, "batch_no": 2, "notes": "Hot-Swapped dari buffer BRT-BUF-008 (pengganti Halte Simpang Nusa Indah Teratai Putih 404)" }, "geometry": { "type": "Point", "coordinates": [ 106.78212, -6.198872 ] } },
{ "type": "Feature", "properties": { "asset_name": "Halte Taman Simpang Jatinegara", "category": "brt", "category_display": "Halte TransJakarta & Shelter", "city_regency": "Jakarta Timur", "latitude": -6.217541, "longitude": 106.87352, "source_reference": "transjakarta_stations.csv", "asset_id": "BRT-0101", "is_buffer": false, "batch_no": 2, "notes": "Hot-Swapped dari buffer BRT-BUF-009 (pengganti Halte Simpang Nusa Indah VI 404)" }, "geometry": { "type": "Point", "coordinates": [ 106.87352, -6.217541 ] } },
{ "type": "Feature", "properties": { "asset_name": "Halte Simpang Otista III Selatan", "category": "brt", "category_display": "Halte TransJakarta & Shelter", "city_regency": "Jakarta Timur", "latitude": -6.231874, "longitude": 106.86803, "source_reference": "transjakarta_stations.csv", "asset_id": "BRT-0102", "is_buffer": false, "batch_no": 2, "notes": null }, "geometry": { "type": "Point", "coordinates": [ 106.86803, -6.231874 ] } },
{ "type": "Feature", "properties": { "asset_name": "Halte Simpang Otista III Utara", "category": "brt", "category_display": "Halte TransJakarta & Shelter", "city_regency": "Jakarta Timur", "latitude": -6.231843, "longitude": 106.86776, "source_reference": "transjakarta_stations.csv", "asset_id": "BRT-0103", "is_buffer": false, "batch_no": 2, "notes": null }, "geometry": { "type": "Point", "coordinates": [ 106.86776, -6.231843 ] } },
{ "type": "Feature", "properties": { "asset_name": "Halte Simpang Matraman 2", "category": "brt", "category_display": "Halte TransJakarta & Shelter", "city_regency": "Jakarta Pusat", "latitude": -6.201601, "longitude": 106.85144, "source_reference": "transjakarta_stations.csv", "asset_id": "BRT-0104", "is_buffer": false, "batch_no": 2, "notes": null }, "geometry": { "type": "Point", "coordinates": [ 106.85144, -6.201601 ] } },
{ "type": "Feature", "properties": { "asset_name": "Halte Simpang Masjid Darul Falah 2", "category": "brt", "category_display": "Halte TransJakarta & Shelter", "city_regency": "Jakarta Selatan", "latitude": -6.236336, "longitude": 106.7513, "source_reference": "transjakarta_stations.csv", "asset_id": "BRT-0105", "is_buffer": false, "batch_no": 2, "notes": null }, "geometry": { "type": "Point", "coordinates": [ 106.7513, -6.236336 ] } },
{ "type": "Feature", "properties": { "asset_name": "Halte Simpang Masjid Darul Falah 1", "category": "brt", "category_display": "Halte TransJakarta & Shelter", "city_regency": "Jakarta Selatan", "latitude": -6.236147, "longitude": 106.75128, "source_reference": "transjakarta_stations.csv", "asset_id": "BRT-0106", "is_buffer": false, "batch_no": 2, "notes": null }, "geometry": { "type": "Point", "coordinates": [ 106.75128, -6.236147 ] } },
{ "type": "Feature", "properties": { "asset_name": "Halte Simpang Mangga Semangka", "category": "brt", "category_display": "Halte TransJakarta & Shelter", "city_regency": "Jakarta Utara", "latitude": -6.115742, "longitude": 106.91088, "source_reference": "transjakarta_stations.csv", "asset_id": "BRT-0107", "is_buffer": false, "batch_no": 2, "notes": null }, "geometry": { "type": "Point", "coordinates": [ 106.91088, -6.115742 ] } },
{ "type": "Feature", "properties": { "asset_name": "Halte Simpang Mandala Raya Selatan", "category": "brt", "category_display": "Halte TransJakarta & Shelter", "city_regency": "Jakarta Barat", "latitude": -6.175729, "longitude": 106.79887, "source_reference": "transjakarta_stations.csv", "asset_id": "BRT-0108", "is_buffer": false, "batch_no": 2, "notes": null }, "geometry": { "type": "Point", "coordinates": [ 106.79887, -6.175729 ] } },
{ "type": "Feature", "properties": { "asset_name": "Halte Ruko Mall Mangga Dua", "category": "brt", "category_display": "Halte TransJakarta & Shelter", "city_regency": "Jakarta Utara", "latitude": -6.137093, "longitude": 106.824038, "source_reference": "transjakarta_stations.csv", "asset_id": "BRT-0109", "is_buffer": false, "batch_no": 2, "notes": "Hot-Swapped dari buffer BRT-BUF-010 (pengganti Halte Simpang Jln. Bunga Rampai Raya 404)" }, "geometry": { "type": "Point", "coordinates": [ 106.824038, -6.137093 ] } },
{ "type": "Feature", "properties": { "asset_name": "Halte Simpang Mandala Selatan Raya", "category": "brt", "category_display": "Halte TransJakarta & Shelter", "city_regency": "Jakarta Barat", "latitude": -6.175717, "longitude": 106.79909, "source_reference": "transjakarta_stations.csv", "asset_id": "BRT-0110", "is_buffer": false, "batch_no": 2, "notes": null }, "geometry": { "type": "Point", "coordinates": [ 106.79909, -6.175717 ] } },
{ "type": "Feature", "properties": { "asset_name": "Halte Simpang Mandala Selatan Timur", "category": "brt", "category_display": "Halte TransJakarta & Shelter", "city_regency": "Jakarta Barat", "latitude": -6.17199, "longitude": 106.80098, "source_reference": "transjakarta_stations.csv", "asset_id": "BRT-0111", "is_buffer": false, "batch_no": 2, "notes": null }, "geometry": { "type": "Point", "coordinates": [ 106.80098, -6.17199 ] } },
{ "type": "Feature", "properties": { "asset_name": "Halte Simpang Mandara Permai 1", "category": "brt", "category_display": "Halte TransJakarta & Shelter", "city_regency": "Jakarta Utara", "latitude": -6.11612, "longitude": 106.75644, "source_reference": "transjakarta_stations.csv", "asset_id": "BRT-0112", "is_buffer": false, "batch_no": 2, "notes": null }, "geometry": { "type": "Point", "coordinates": [ 106.75644, -6.11612 ] } },
{ "type": "Feature", "properties": { "asset_name": "Halte Simpang Mandara Permai 2", "category": "brt", "category_display": "Halte TransJakarta & Shelter", "city_regency": "Jakarta Utara", "latitude": -6.116512, "longitude": 106.75622, "source_reference": "transjakarta_stations.csv", "asset_id": "BRT-0113", "is_buffer": false, "batch_no": 2, "notes": null }, "geometry": { "type": "Point", "coordinates": [ 106.75622, -6.116512 ] } },
{ "type": "Feature", "properties": { "asset_name": "Halte Simpang Mangga Besar VIII", "category": "brt", "category_display": "Halte TransJakarta & Shelter", "city_regency": "Jakarta Utara", "latitude": -6.150015, "longitude": 106.82562, "source_reference": "transjakarta_stations.csv", "asset_id": "BRT-0114", "is_buffer": false, "batch_no": 2, "notes": null }, "geometry": { "type": "Point", "coordinates": [ 106.82562, -6.150015 ] } },
{ "type": "Feature", "properties": { "asset_name": "Halte Simpang Mangga Besar XI", "category": "brt", "category_display": "Halte TransJakarta & Shelter", "city_regency": "Jakarta Utara", "latitude": -6.148616, "longitude": 106.82554, "source_reference": "transjakarta_stations.csv", "asset_id": "BRT-0115", "is_buffer": false, "batch_no": 2, "notes": null }, "geometry": { "type": "Point", "coordinates": [ 106.82554, -6.148616 ] } },
{ "type": "Feature", "properties": { "asset_name": "Halte Simpang Mantang Terusan", "category": "brt", "category_display": "Halte TransJakarta & Shelter", "city_regency": "Jakarta Utara", "latitude": -6.112776, "longitude": 106.90821, "source_reference": "transjakarta_stations.csv", "asset_id": "BRT-0116", "is_buffer": false, "batch_no": 2, "notes": null }, "geometry": { "type": "Point", "coordinates": [ 106.90821, -6.112776 ] } },
{ "type": "Feature", "properties": { "asset_name": "Halte Simpang Mabes Hankam", "category": "brt", "category_display": "Halte TransJakarta & Shelter", "city_regency": "Jakarta Timur", "latitude": -6.30449, "longitude": 106.88585, "source_reference": "transjakarta_stations.csv", "asset_id": "BRT-0117", "is_buffer": false, "batch_no": 2, "notes": null }, "geometry": { "type": "Point", "coordinates": [ 106.88585, -6.30449 ] } },
{ "type": "Feature", "properties": { "asset_name": "Halte Simpang Manunggal Pintu 2", "category": "brt", "category_display": "Halte TransJakarta & Shelter", "city_regency": "Jakarta Timur", "latitude": -6.297193, "longitude": 106.89291, "source_reference": "transjakarta_stations.csv", "asset_id": "BRT-0118", "is_buffer": false, "batch_no": 2, "notes": null }, "geometry": { "type": "Point", "coordinates": [ 106.89291, -6.297193 ] } },
{ "type": "Feature", "properties": { "asset_name": "Halte Simpang Margasatwa Bango", "category": "brt", "category_display": "Halte TransJakarta & Shelter", "city_regency": "Jakarta Selatan", "latitude": -6.310201, "longitude": 106.80346, "source_reference": "transjakarta_stations.csv", "asset_id": "BRT-0119", "is_buffer": false, "batch_no": 2, "notes": null }, "geometry": { "type": "Point", "coordinates": [ 106.80346, -6.310201 ] } },
{ "type": "Feature", "properties": { "asset_name": "Halte Simpang Margasatwa Cilandak KKO", "category": "brt", "category_display": "Halte TransJakarta & Shelter", "city_regency": "Jakarta Selatan", "latitude": -6.31022, "longitude": 106.81364, "source_reference": "transjakarta_stations.csv", "asset_id": "BRT-0120", "is_buffer": false, "batch_no": 2, "notes": null }, "geometry": { "type": "Point", "coordinates": [ 106.81364, -6.31022 ] } },
{ "type": "Feature", "properties": { "asset_name": "Halte Simpang Masjid Condet Batu Ampar", "category": "brt", "category_display": "Halte TransJakarta & Shelter", "city_regency": "Jakarta Timur", "latitude": -6.280831, "longitude": 106.86024, "source_reference": "transjakarta_stations.csv", "asset_id": "BRT-0121", "is_buffer": false, "batch_no": 2, "notes": null }, "geometry": { "type": "Point", "coordinates": [ 106.86024, -6.280831 ] } },
{ "type": "Feature", "properties": { "asset_name": "Halte Simpang Kepu Kesadaran", "category": "brt", "category_display": "Halte TransJakarta & Shelter", "city_regency": "Jakarta Timur", "latitude": -6.181065, "longitude": 106.914372, "source_reference": "transjakarta_stations.csv", "asset_id": "BRT-0122", "is_buffer": false, "batch_no": 2, "notes": null }, "geometry": { "type": "Point", "coordinates": [ 106.914372, -6.181065 ] } },
{ "type": "Feature", "properties": { "asset_name": "Halte Simpang Blok A", "category": "brt", "category_display": "Halte TransJakarta & Shelter", "city_regency": "Jakarta Pusat", "latitude": -6.187206, "longitude": 106.816219, "source_reference": "transjakarta_stations.csv", "asset_id": "BRT-0123", "is_buffer": false, "batch_no": 2, "notes": null }, "geometry": { "type": "Point", "coordinates": [ 106.816219, -6.187206 ] } },
{ "type": "Feature", "properties": { "asset_name": "Halte Simpang Kemanggisan Ilir III", "category": "brt", "category_display": "Halte TransJakarta & Shelter", "city_regency": "Jakarta Barat", "latitude": -6.193204, "longitude": 106.785334, "source_reference": "transjakarta_stations.csv", "asset_id": "BRT-0124", "is_buffer": false, "batch_no": 2, "notes": null }, "geometry": { "type": "Point", "coordinates": [ 106.785334, -6.193204 ] } },
{ "type": "Feature", "properties": { "asset_name": "Halte Simpang Pahlawan Revolusi 2", "category": "brt", "category_display": "Halte TransJakarta & Shelter", "city_regency": "Jakarta Timur", "latitude": -6.238373, "longitude": 106.89937, "source_reference": "transjakarta_stations.csv", "asset_id": "BRT-0125", "is_buffer": false, "batch_no": 2, "notes": null }, "geometry": { "type": "Point", "coordinates": [ 106.89937, -6.238373 ] } },
{ "type": "Feature", "properties": { "asset_name": "Halte Simpang Pakin 2", "category": "brt", "category_display": "Halte TransJakarta & Shelter", "city_regency": "Jakarta Utara", "latitude": -6.128288, "longitude": 106.80562, "source_reference": "transjakarta_stations.csv", "asset_id": "BRT-0126", "is_buffer": false, "batch_no": 2, "notes": null }, "geometry": { "type": "Point", "coordinates": [ 106.80562, -6.128288 ] } },
{ "type": "Feature", "properties": { "asset_name": "Halte Simpang Perniagaan Tambora", "category": "brt", "category_display": "Halte TransJakarta & Shelter", "city_regency": "Jakarta Utara", "latitude": -6.14163, "longitude": 106.80768, "source_reference": "transjakarta_stations.csv", "asset_id": "BRT-0127", "is_buffer": false, "batch_no": 2, "notes": null }, "geometry": { "type": "Point", "coordinates": [ 106.80768, -6.14163 ] } },
{ "type": "Feature", "properties": { "asset_name": "Halte Simpang Empat 1", "category": "brt", "category_display": "Halte TransJakarta & Shelter", "city_regency": "Kota Tangerang", "latitude": -6.086658, "longitude": 106.732805, "source_reference": "transjakarta_stations.csv", "asset_id": "BRT-0128", "is_buffer": false, "batch_no": 2, "notes": null }, "geometry": { "type": "Point", "coordinates": [ 106.732805, -6.086658 ] } },
{ "type": "Feature", "properties": { "asset_name": "Halte Simpang Terusan Bandengan", "category": "brt", "category_display": "Halte TransJakarta & Shelter", "city_regency": "Jakarta Utara", "latitude": -6.137821, "longitude": 106.791769, "source_reference": "transjakarta_stations.csv", "asset_id": "BRT-0129", "is_buffer": false, "batch_no": 2, "notes": null }, "geometry": { "type": "Point", "coordinates": [ 106.791769, -6.137821 ] } },
{ "type": "Feature", "properties": { "asset_name": "Halte Simpang Ps. Rawamangun", "category": "brt", "category_display": "Halte TransJakarta & Shelter", "city_regency": "Jakarta Timur", "latitude": -6.198321, "longitude": 106.89001, "source_reference": "transjakarta_stations.csv", "asset_id": "BRT-0130", "is_buffer": false, "batch_no": 2, "notes": null }, "geometry": { "type": "Point", "coordinates": [ 106.89001, -6.198321 ] } },
{ "type": "Feature", "properties": { "asset_name": "Halte Simpang Patra Lontar Raya", "category": "brt", "category_display": "Halte TransJakarta & Shelter", "city_regency": "Jakarta Barat", "latitude": -6.182359, "longitude": 106.78119, "source_reference": "transjakarta_stations.csv", "asset_id": "BRT-0131", "is_buffer": false, "batch_no": 2, "notes": null }, "geometry": { "type": "Point", "coordinates": [ 106.78119, -6.182359 ] } },
{ "type": "Feature", "properties": { "asset_name": "Halte Simpang Pedongkelan Cilincing Bakti", "category": "brt", "category_display": "Halte TransJakarta & Shelter", "city_regency": "Jakarta Utara", "latitude": -6.108168, "longitude": 106.93406, "source_reference": "transjakarta_stations.csv", "asset_id": "BRT-0132", "is_buffer": false, "batch_no": 2, "notes": null }, "geometry": { "type": "Point", "coordinates": [ 106.93406, -6.108168 ] } },
{ "type": "Feature", "properties": { "asset_name": "Halte Simpang Pegangsaan Dua Hybrida", "category": "brt", "category_display": "Halte TransJakarta & Shelter", "city_regency": "Jakarta Utara", "latitude": -6.148745, "longitude": 106.91565, "source_reference": "transjakarta_stations.csv", "asset_id": "BRT-0133", "is_buffer": false, "batch_no": 2, "notes": null }, "geometry": { "type": "Point", "coordinates": [ 106.91565, -6.148745 ] } },
{ "type": "Feature", "properties": { "asset_name": "Halte Simpang Pejompongan Dalam", "category": "brt", "category_display": "Halte TransJakarta & Shelter", "city_regency": "Jakarta Barat", "latitude": -6.204269, "longitude": 106.80537, "source_reference": "transjakarta_stations.csv", "asset_id": "BRT-0134", "is_buffer": false, "batch_no": 2, "notes": null }, "geometry": { "type": "Point", "coordinates": [ 106.80537, -6.204269 ] } },
{ "type": "Feature", "properties": { "asset_name": "Halte Simpang Penggilingan Baru I", "category": "brt", "category_display": "Halte TransJakarta & Shelter", "city_regency": "Jakarta Timur", "latitude": -6.302681, "longitude": 106.88123, "source_reference": "transjakarta_stations.csv", "asset_id": "BRT-0135", "is_buffer": false, "batch_no": 2, "notes": null }, "geometry": { "type": "Point", "coordinates": [ 106.88123, -6.302681 ] } },
{ "type": "Feature", "properties": { "asset_name": "Halte Simpang Penggilingan Baru Puskesmas", "category": "brt", "category_display": "Halte TransJakarta & Shelter", "city_regency": "Jakarta Timur", "latitude": -6.301174, "longitude": 106.88115, "source_reference": "transjakarta_stations.csv", "asset_id": "BRT-0136", "is_buffer": false, "batch_no": 2, "notes": null }, "geometry": { "type": "Point", "coordinates": [ 106.88115, -6.301174 ] } },
{ "type": "Feature", "properties": { "asset_name": "Halte Simpang Penyelesaian Tomang 1", "category": "brt", "category_display": "Halte TransJakarta & Shelter", "city_regency": "Kota Tangerang", "latitude": -6.196632, "longitude": 106.72951, "source_reference": "transjakarta_stations.csv", "asset_id": "BRT-0137", "is_buffer": false, "batch_no": 2, "notes": null }, "geometry": { "type": "Point", "coordinates": [ 106.72951, -6.196632 ] } },
{ "type": "Feature", "properties": { "asset_name": "Halte Simpang Pepaya Sagu Raya", "category": "brt", "category_display": "Halte TransJakarta & Shelter", "city_regency": "Jakarta Selatan", "latitude": -6.317485, "longitude": 106.81909, "source_reference": "transjakarta_stations.csv", "asset_id": "BRT-0138", "is_buffer": false, "batch_no": 2, "notes": null }, "geometry": { "type": "Point", "coordinates": [ 106.81909, -6.317485 ] } },
{ "type": "Feature", "properties": { "asset_name": "Halte Simpang Cipendawa 2", "category": "brt", "category_display": "Halte TransJakarta & Shelter", "city_regency": "Kab. Bekasi", "latitude": -6.298157, "longitude": 106.984224, "source_reference": "transjakarta_stations.csv", "asset_id": "BRT-0139", "is_buffer": false, "batch_no": 2, "notes": null }, "geometry": { "type": "Point", "coordinates": [ 106.984224, -6.298157 ] } },
{ "type": "Feature", "properties": { "asset_name": "Halte Simpang Perintis 1", "category": "brt", "category_display": "Halte TransJakarta & Shelter", "city_regency": "Jakarta Timur", "latitude": -6.229048, "longitude": 106.88882, "source_reference": "transjakarta_stations.csv", "asset_id": "BRT-0140", "is_buffer": false, "batch_no": 2, "notes": null }, "geometry": { "type": "Point", "coordinates": [ 106.88882, -6.229048 ] } },
{ "type": "Feature", "properties": { "asset_name": "Halte Simpang Cipendawa 1", "category": "brt", "category_display": "Halte TransJakarta & Shelter", "city_regency": "Kab. Bekasi", "latitude": -6.298414, "longitude": 106.984184, "source_reference": "transjakarta_stations.csv", "asset_id": "BRT-0141", "is_buffer": false, "batch_no": 2, "notes": null }, "geometry": { "type": "Point", "coordinates": [ 106.984184, -6.298414 ] } },
{ "type": "Feature", "properties": { "asset_name": "Halte Simpang Bidara Raya", "category": "brt", "category_display": "Halte TransJakarta & Shelter", "city_regency": "Jakarta Utara", "latitude": -6.137765, "longitude": 106.788171, "source_reference": "transjakarta_stations.csv", "asset_id": "BRT-0142", "is_buffer": false, "batch_no": 2, "notes": null }, "geometry": { "type": "Point", "coordinates": [ 106.788171, -6.137765 ] } },
{ "type": "Feature", "properties": { "asset_name": "Halte Simpang Perintis Pulo Mas Timur", "category": "brt", "category_display": "Halte TransJakarta & Shelter", "city_regency": "Jakarta Timur", "latitude": -6.172481, "longitude": 106.88914, "source_reference": "transjakarta_stations.csv", "asset_id": "BRT-0143", "is_buffer": false, "batch_no": 2, "notes": null }, "geometry": { "type": "Point", "coordinates": [ 106.88914, -6.172481 ] } },
{ "type": "Feature", "properties": { "asset_name": "Halte Simpang Permata Meruya 1", "category": "brt", "category_display": "Halte TransJakarta & Shelter", "city_regency": "Kota Tangerang", "latitude": -6.195196, "longitude": 106.73953, "source_reference": "transjakarta_stations.csv", "asset_id": "BRT-0144", "is_buffer": false, "batch_no": 2, "notes": null }, "geometry": { "type": "Point", "coordinates": [ 106.73953, -6.195196 ] } },
{ "type": "Feature", "properties": { "asset_name": "Halte Simpang Permata Meruya 2", "category": "brt", "category_display": "Halte TransJakarta & Shelter", "city_regency": "Kota Tangerang", "latitude": -6.195059, "longitude": 106.73972, "source_reference": "transjakarta_stations.csv", "asset_id": "BRT-0145", "is_buffer": false, "batch_no": 2, "notes": null }, "geometry": { "type": "Point", "coordinates": [ 106.73972, -6.195059 ] } },
{ "type": "Feature", "properties": { "asset_name": "Halte Simpang Ps. Pagi Raya Cilincing", "category": "brt", "category_display": "Halte TransJakarta & Shelter", "city_regency": "Jakarta Utara", "latitude": -6.102924, "longitude": 106.93596, "source_reference": "transjakarta_stations.csv", "asset_id": "BRT-0146", "is_buffer": false, "batch_no": 2, "notes": null }, "geometry": { "type": "Point", "coordinates": [ 106.93596, -6.102924 ] } },
{ "type": "Feature", "properties": { "asset_name": "Halte Simpang Jln. Kemenyan Sadar 1", "category": "brt", "category_display": "Halte TransJakarta & Shelter", "city_regency": "Kota Depok", "latitude": -6.340393, "longitude": 106.812552, "source_reference": "transjakarta_stations.csv", "asset_id": "BRT-0147", "is_buffer": false, "batch_no": 2, "notes": null }, "geometry": { "type": "Point", "coordinates": [ 106.812552, -6.340393 ] } },
{ "type": "Feature", "properties": { "asset_name": "Halte Simpang Sentul", "category": "brt", "category_display": "Halte TransJakarta & Shelter", "city_regency": "Kab. Bogor", "latitude": -6.531293, "longitude": 106.85176, "source_reference": "transjakarta_stations.csv", "asset_id": "BRT-0148", "is_buffer": false, "batch_no": 2, "notes": null }, "geometry": { "type": "Point", "coordinates": [ 106.85176, -6.531293 ] } },
{ "type": "Feature", "properties": { "asset_name": "Halte Simpang Pakin 3", "category": "brt", "category_display": "Halte TransJakarta & Shelter", "city_regency": "Jakarta Utara", "latitude": -6.129076, "longitude": 106.80514, "source_reference": "transjakarta_stations.csv", "asset_id": "BRT-0149", "is_buffer": false, "batch_no": 2, "notes": null }, "geometry": { "type": "Point", "coordinates": [ 106.80514, -6.129076 ] } },
{ "type": "Feature", "properties": { "asset_name": "Halte Simpang Pangeran Komarudin 1", "category": "brt", "category_display": "Halte TransJakarta & Shelter", "city_regency": "Jakarta Timur", "latitude": -6.184719, "longitude": 106.94319, "source_reference": "transjakarta_stations.csv", "asset_id": "BRT-0150", "is_buffer": false, "batch_no": 2, "notes": null }, "geometry": { "type": "Point", "coordinates": [ 106.94319, -6.184719 ] } },
{ "type": "Feature", "properties": { "asset_name": "Halte Simpang Pangeran Komarudin 3", "category": "brt", "category_display": "Halte TransJakarta & Shelter", "city_regency": "Jakarta Timur", "latitude": -6.185201, "longitude": 106.943385, "source_reference": "transjakarta_stations.csv", "asset_id": "BRT-0151", "is_buffer": false, "batch_no": 2, "notes": null }, "geometry": { "type": "Point", "coordinates": [ 106.943385, -6.185201 ] } },
{ "type": "Feature", "properties": { "asset_name": "Halte Simpang Empat 2", "category": "brt", "category_display": "Halte TransJakarta & Shelter", "city_regency": "Kota Tangerang", "latitude": -6.087674, "longitude": 106.732499, "source_reference": "transjakarta_stations.csv", "asset_id": "BRT-0152", "is_buffer": false, "batch_no": 2, "notes": null }, "geometry": { "type": "Point", "coordinates": [ 106.732499, -6.087674 ] } },
{ "type": "Feature", "properties": { "asset_name": "Halte Simpang Panglima Polim IX Wijaya", "category": "brt", "category_display": "Halte TransJakarta & Shelter", "city_regency": "Jakarta Selatan", "latitude": -6.249567, "longitude": 106.79993, "source_reference": "transjakarta_stations.csv", "asset_id": "BRT-0153", "is_buffer": false, "batch_no": 2, "notes": null }, "geometry": { "type": "Point", "coordinates": [ 106.79993, -6.249567 ] } },
{ "type": "Feature", "properties": { "asset_name": "Halte Simpang Panjang Duri Kepa", "category": "brt", "category_display": "Halte TransJakarta & Shelter", "city_regency": "Jakarta Barat", "latitude": -6.184205, "longitude": 106.76833, "source_reference": "transjakarta_stations.csv", "asset_id": "BRT-0154", "is_buffer": false, "batch_no": 2, "notes": null }, "geometry": { "type": "Point", "coordinates": [ 106.76833, -6.184205 ] } },
{ "type": "Feature", "properties": { "asset_name": "Halte Simpang Panjang Kb. Jeruk 1", "category": "brt", "category_display": "Halte TransJakarta & Shelter", "city_regency": "Jakarta Barat", "latitude": -6.198159, "longitude": 106.76922, "source_reference": "transjakarta_stations.csv", "asset_id": "BRT-0155", "is_buffer": false, "batch_no": 2, "notes": null }, "geometry": { "type": "Point", "coordinates": [ 106.76922, -6.198159 ] } },
{ "type": "Feature", "properties": { "asset_name": "Halte Simpang Ps. Pagi", "category": "brt", "category_display": "Halte TransJakarta & Shelter", "city_regency": "Jakarta Utara", "latitude": -6.139106, "longitude": 106.811233, "source_reference": "transjakarta_stations.csv", "asset_id": "BRT-0156", "is_buffer": false, "batch_no": 2, "notes": null }, "geometry": { "type": "Point", "coordinates": [ 106.811233, -6.139106 ] } },
{ "type": "Feature", "properties": { "asset_name": "Halte Simpang Ps. Bebek 1", "category": "brt", "category_display": "Halte TransJakarta & Shelter", "city_regency": "Jakarta Utara", "latitude": -6.11034, "longitude": 106.94875, "source_reference": "transjakarta_stations.csv", "asset_id": "BRT-0157", "is_buffer": false, "batch_no": 2, "notes": null }, "geometry": { "type": "Point", "coordinates": [ 106.94875, -6.11034 ] } },
{ "type": "Feature", "properties": { "asset_name": "Halte Mall Bellanova Sentul", "category": "brt", "category_display": "Halte TransJakarta & Shelter", "city_regency": "Kota Bogor", "latitude": -6.565897, "longitude": 106.844813, "source_reference": "transjakarta_stations.csv", "asset_id": "BRT-0158", "is_buffer": false, "batch_no": 2, "notes": null }, "geometry": { "type": "Point", "coordinates": [ 106.844813, -6.565897 ] } },
{ "type": "Feature", "properties": { "asset_name": "Halte Simpang Ps. Bebek 2", "category": "brt", "category_display": "Halte TransJakarta & Shelter", "city_regency": "Jakarta Utara", "latitude": -6.110544, "longitude": 106.949031, "source_reference": "transjakarta_stations.csv", "asset_id": "BRT-0159", "is_buffer": false, "batch_no": 2, "notes": null }, "geometry": { "type": "Point", "coordinates": [ 106.949031, -6.110544 ] } },
{ "type": "Feature", "properties": { "asset_name": "Halte Simpang Parung Bingung 2", "category": "brt", "category_display": "Halte TransJakarta & Shelter", "city_regency": "Kota Depok", "latitude": -6.394896, "longitude": 106.773218, "source_reference": "transjakarta_stations.csv", "asset_id": "BRT-0160", "is_buffer": false, "batch_no": 2, "notes": null }, "geometry": { "type": "Point", "coordinates": [ 106.773218, -6.394896 ] } },
{ "type": "Feature", "properties": { "asset_name": "Halte Simpang Ps. Deprok 1", "category": "brt", "category_display": "Halte TransJakarta & Shelter", "city_regency": "Kota Tangerang", "latitude": -6.104282, "longitude": 106.70798, "source_reference": "transjakarta_stations.csv", "asset_id": "BRT-0161", "is_buffer": false, "batch_no": 2, "notes": null }, "geometry": { "type": "Point", "coordinates": [ 106.70798, -6.104282 ] } },
{ "type": "Feature", "properties": { "asset_name": "Halte Simpang Ps. Kb. Pisang", "category": "brt", "category_display": "Halte TransJakarta & Shelter", "city_regency": "Jakarta Utara", "latitude": -6.152576, "longitude": 106.78156, "source_reference": "transjakarta_stations.csv", "asset_id": "BRT-0162", "is_buffer": false, "batch_no": 2, "notes": null }, "geometry": { "type": "Point", "coordinates": [ 106.78156, -6.152576 ] } },
{ "type": "Feature", "properties": { "asset_name": "Halte Simpang Srengseng Meruya Ilir 2", "category": "brt", "category_display": "Halte TransJakarta & Shelter", "city_regency": "Jakarta Barat", "latitude": -6.197304, "longitude": 106.75623, "source_reference": "transjakarta_stations.csv", "asset_id": "BRT-0163", "is_buffer": false, "batch_no": 2, "notes": null }, "geometry": { "type": "Point", "coordinates": [ 106.75623, -6.197304 ] } },
{ "type": "Feature", "properties": { "asset_name": "Halte Simpang STIP", "category": "brt", "category_display": "Halte TransJakarta & Shelter", "city_regency": "Jakarta Utara", "latitude": -6.10795, "longitude": 106.95998, "source_reference": "transjakarta_stations.csv", "asset_id": "BRT-0164", "is_buffer": false, "batch_no": 2, "notes": null }, "geometry": { "type": "Point", "coordinates": [ 106.95998, -6.10795 ] } },
{ "type": "Feature", "properties": { "asset_name": "Halte Mall Kelapa Gading", "category": "brt", "category_display": "Halte TransJakarta & Shelter", "city_regency": "Jakarta Utara", "latitude": -6.155906, "longitude": 106.908551, "source_reference": "transjakarta_stations.csv", "asset_id": "BRT-0165", "is_buffer": false, "batch_no": 2, "notes": null }, "geometry": { "type": "Point", "coordinates": [ 106.908551, -6.155906 ] } },
{ "type": "Feature", "properties": { "asset_name": "Halte Simpang Jln. Sunter Karya", "category": "brt", "category_display": "Halte TransJakarta & Shelter", "city_regency": "Jakarta Utara", "latitude": -6.143679, "longitude": 106.8696, "source_reference": "transjakarta_stations.csv", "asset_id": "BRT-0166", "is_buffer": false, "batch_no": 2, "notes": null }, "geometry": { "type": "Point", "coordinates": [ 106.8696, -6.143679 ] } },
{ "type": "Feature", "properties": { "asset_name": "Halte Sbr. Kb. Jeruk Plaza", "category": "brt", "category_display": "Halte TransJakarta & Shelter", "city_regency": "Jakarta Barat", "latitude": -6.190588, "longitude": 106.76027, "source_reference": "transjakarta_stations.csv", "asset_id": "BRT-0167", "is_buffer": false, "batch_no": 2, "notes": null }, "geometry": { "type": "Point", "coordinates": [ 106.76027, -6.190588 ] } },
{ "type": "Feature", "properties": { "asset_name": "Halte Terminal Kargo 2", "category": "brt", "category_display": "Halte TransJakarta & Shelter", "city_regency": "Kota Tangerang", "latitude": -6.125544, "longitude": 106.663458, "source_reference": "transjakarta_stations.csv", "asset_id": "BRT-0168", "is_buffer": false, "batch_no": 2, "notes": null }, "geometry": { "type": "Point", "coordinates": [ 106.663458, -6.125544 ] } },
{ "type": "Feature", "properties": { "asset_name": "Halte Simpang Jln. Kramat Lontar", "category": "brt", "category_display": "Halte TransJakarta & Shelter", "city_regency": "Jakarta Pusat", "latitude": -6.189686, "longitude": 106.847198, "source_reference": "transjakarta_stations.csv", "asset_id": "BRT-0169", "is_buffer": false, "batch_no": 2, "notes": null }, "geometry": { "type": "Point", "coordinates": [ 106.847198, -6.189686 ] } },
{ "type": "Feature", "properties": { "asset_name": "Halte Simpang Jln. Agung Permai Raya", "category": "brt", "category_display": "Halte TransJakarta & Shelter", "city_regency": "Jakarta Utara", "latitude": -6.14433, "longitude": 106.86592, "source_reference": "transjakarta_stations.csv", "asset_id": "BRT-0170", "is_buffer": false, "batch_no": 2, "notes": null }, "geometry": { "type": "Point", "coordinates": [ 106.86592, -6.14433 ] } },
{ "type": "Feature", "properties": { "asset_name": "Halte Simpang Panjang Arteri Madrasah I", "category": "brt", "category_display": "Halte TransJakarta & Shelter", "city_regency": "Jakarta Barat", "latitude": -6.21542, "longitude": 106.77446, "source_reference": "transjakarta_stations.csv", "asset_id": "BRT-0171", "is_buffer": false, "batch_no": 2, "notes": null }, "geometry": { "type": "Point", "coordinates": [ 106.77446, -6.21542 ] } },
{ "type": "Feature", "properties": { "asset_name": "Halte Simpang Jln. Agung Permai 1", "category": "brt", "category_display": "Halte TransJakarta & Shelter", "city_regency": "Jakarta Utara", "latitude": -6.144773, "longitude": 106.863349, "source_reference": "transjakarta_stations.csv", "asset_id": "BRT-0172", "is_buffer": false, "batch_no": 2, "notes": null }, "geometry": { "type": "Point", "coordinates": [ 106.863349, -6.144773 ] } },
{ "type": "Feature", "properties": { "asset_name": "Halte Simpang Ps. Enjo", "category": "brt", "category_display": "Halte TransJakarta & Shelter", "city_regency": "Jakarta Timur", "latitude": -6.211062, "longitude": 106.87438, "source_reference": "transjakarta_stations.csv", "asset_id": "BRT-0173", "is_buffer": false, "batch_no": 2, "notes": null }, "geometry": { "type": "Point", "coordinates": [ 106.87438, -6.211062 ] } },
{ "type": "Feature", "properties": { "asset_name": "Halte Simpang Jln. Tridasawarsa", "category": "brt", "category_display": "Halte TransJakarta & Shelter", "city_regency": "Jakarta Utara", "latitude": -6.126978, "longitude": 106.855884, "source_reference": "transjakarta_stations.csv", "asset_id": "BRT-0174", "is_buffer": false, "batch_no": 2, "notes": null }, "geometry": { "type": "Point", "coordinates": [ 106.855884, -6.126978 ] } },
{ "type": "Feature", "properties": { "asset_name": "Halte Simpang Jln. Cemara", "category": "brt", "category_display": "Halte TransJakarta & Shelter", "city_regency": "Jakarta Utara", "latitude": -6.126981, "longitude": 106.857397, "source_reference": "transjakarta_stations.csv", "asset_id": "BRT-0175", "is_buffer": false, "batch_no": 2, "notes": null }, "geometry": { "type": "Point", "coordinates": [ 106.857397, -6.126981 ] } },
{ "type": "Feature", "properties": { "asset_name": "Halte Simpang Garden City 1", "category": "brt", "category_display": "Halte TransJakarta & Shelter", "city_regency": "Kota Bekasi", "latitude": -6.172045, "longitude": 106.96297, "source_reference": "transjakarta_stations.csv", "asset_id": "BRT-0176", "is_buffer": false, "batch_no": 2, "notes": null }, "geometry": { "type": "Point", "coordinates": [ 106.96297, -6.172045 ] } },
{ "type": "Feature", "properties": { "asset_name": "Halte Mangga Dua Plaza", "category": "brt", "category_display": "Halte TransJakarta & Shelter", "city_regency": "Jakarta Utara", "latitude": -6.135929, "longitude": 106.82836, "source_reference": "transjakarta_stations.csv", "asset_id": "BRT-0177", "is_buffer": false, "batch_no": 2, "notes": null }, "geometry": { "type": "Point", "coordinates": [ 106.82836, -6.135929 ] } },
{ "type": "Feature", "properties": { "asset_name": "Halte Simpang Rawa Bokor", "category": "brt", "category_display": "Halte TransJakarta & Shelter", "city_regency": "Kota Tangerang", "latitude": -6.114804, "longitude": 106.689168, "source_reference": "transjakarta_stations.csv", "asset_id": "BRT-0178", "is_buffer": false, "batch_no": 2, "notes": null }, "geometry": { "type": "Point", "coordinates": [ 106.689168, -6.114804 ] } },
{ "type": "Feature", "properties": { "asset_name": "Halte Flyover Raya Bogor", "category": "brt", "category_display": "Halte TransJakarta & Shelter", "city_regency": "Jakarta Timur", "latitude": -6.3065, "longitude": 106.8657, "source_reference": "transjakarta_stations.csv", "asset_id": "BRT-0179", "is_buffer": false, "batch_no": 2, "notes": null }, "geometry": { "type": "Point", "coordinates": [ 106.8657, -6.3065 ] } },
{ "type": "Feature", "properties": { "asset_name": "Halte Simpang Kemang Utara", "category": "brt", "category_display": "Halte TransJakarta & Shelter", "city_regency": "Jakarta Selatan", "latitude": -6.258059, "longitude": 106.823176, "source_reference": "transjakarta_stations.csv", "asset_id": "BRT-0180", "is_buffer": false, "batch_no": 2, "notes": null }, "geometry": { "type": "Point", "coordinates": [ 106.823176, -6.258059 ] } },
{ "type": "Feature", "properties": { "asset_name": "Halte Mall Thamrin City", "category": "brt", "category_display": "Halte TransJakarta & Shelter", "city_regency": "Jakarta Pusat", "latitude": -6.194341, "longitude": 106.81453, "source_reference": "transjakarta_stations.csv", "asset_id": "BRT-0181", "is_buffer": false, "batch_no": 2, "notes": null }, "geometry": { "type": "Point", "coordinates": [ 106.81453, -6.194341 ] } },
{ "type": "Feature", "properties": { "asset_name": "Halte Mall Taman Palem 2", "category": "brt", "category_display": "Halte TransJakarta & Shelter", "city_regency": "Kota Tangerang", "latitude": -6.13891, "longitude": 106.730691, "source_reference": "transjakarta_stations.csv", "asset_id": "BRT-0182", "is_buffer": false, "batch_no": 2, "notes": null }, "geometry": { "type": "Point", "coordinates": [ 106.730691, -6.13891 ] } },
{ "type": "Feature", "properties": { "asset_name": "Halte Simpang Raya Ciracas Pengantin Ali", "category": "brt", "category_display": "Halte TransJakarta & Shelter", "city_regency": "Kota Depok", "latitude": -6.328009, "longitude": 106.88245, "source_reference": "transjakarta_stations.csv", "asset_id": "BRT-0183", "is_buffer": false, "batch_no": 2, "notes": "Hot-Swapped dari buffer BRT-BUF-011 (pengganti Halte Mall Metropolitan 404)" }, "geometry": { "type": "Point", "coordinates": [ 106.88245, -6.328009 ] } },
{ "type": "Feature", "properties": { "asset_name": "Halte Terminal Kargo 1", "category": "brt", "category_display": "Halte TransJakarta & Shelter", "city_regency": "Kota Tangerang", "latitude": -6.125241, "longitude": 106.664939, "source_reference": "transjakarta_stations.csv", "asset_id": "BRT-0184", "is_buffer": false, "batch_no": 2, "notes": null }, "geometry": { "type": "Point", "coordinates": [ 106.664939, -6.125241 ] } },
{ "type": "Feature", "properties": { "asset_name": "Halte Simpang Kramat Jaya Baru 1", "category": "brt", "category_display": "Halte TransJakarta & Shelter", "city_regency": "Jakarta Pusat", "latitude": -6.184392, "longitude": 106.85245, "source_reference": "transjakarta_stations.csv", "asset_id": "BRT-0185", "is_buffer": false, "batch_no": 2, "notes": null }, "geometry": { "type": "Point", "coordinates": [ 106.85245, -6.184392 ] } },
{ "type": "Feature", "properties": { "asset_name": "Halte Simpang Jln. St. Angke", "category": "brt", "category_display": "Halte TransJakarta & Shelter", "city_regency": "Jakarta Utara", "latitude": -6.14354, "longitude": 106.80095, "source_reference": "transjakarta_stations.csv", "asset_id": "BRT-0186", "is_buffer": false, "batch_no": 2, "notes": null }, "geometry": { "type": "Point", "coordinates": [ 106.80095, -6.14354 ] } },
{ "type": "Feature", "properties": { "asset_name": "Halte Simpang Masjid Al Barkah 2", "category": "brt", "category_display": "Halte TransJakarta & Shelter", "city_regency": "Jakarta Selatan", "latitude": -6.284557, "longitude": 106.811631, "source_reference": "transjakarta_stations.csv", "asset_id": "BRT-0187", "is_buffer": false, "batch_no": 2, "notes": null }, "geometry": { "type": "Point", "coordinates": [ 106.811631, -6.284557 ] } },
{ "type": "Feature", "properties": { "asset_name": "Halte Akses Bawah Flyover Slipi", "category": "brt", "category_display": "Halte TransJakarta & Shelter", "city_regency": "Jakarta Barat", "latitude": -6.20122, "longitude": 106.798808, "source_reference": "transjakarta_stations.csv", "asset_id": "BRT-0188", "is_buffer": false, "batch_no": 2, "notes": null }, "geometry": { "type": "Point", "coordinates": [ 106.798808, -6.20122 ] } },
{ "type": "Feature", "properties": { "asset_name": "Halte Simpang Tebet Barat IX 1", "category": "brt", "category_display": "Halte TransJakarta & Shelter", "city_regency": "Jakarta Timur", "latitude": -6.238417, "longitude": 106.85198, "source_reference": "transjakarta_stations.csv", "asset_id": "BRT-0189", "is_buffer": false, "batch_no": 2, "notes": null }, "geometry": { "type": "Point", "coordinates": [ 106.85198, -6.238417 ] } },
{ "type": "Feature", "properties": { "asset_name": "Halte Flyover Raya Bogor 1", "category": "brt", "category_display": "Halte TransJakarta & Shelter", "city_regency": "Jakarta Timur", "latitude": -6.30669, "longitude": 106.8655, "source_reference": "transjakarta_stations.csv", "asset_id": "BRT-0190", "is_buffer": false, "batch_no": 2, "notes": null }, "geometry": { "type": "Point", "coordinates": [ 106.8655, -6.30669 ] } },
{ "type": "Feature", "properties": { "asset_name": "Halte Lotte Mall Kuningan 1", "category": "brt", "category_display": "Halte TransJakarta & Shelter", "city_regency": "Jakarta Selatan", "latitude": -6.22265, "longitude": 106.823077, "source_reference": "transjakarta_stations.csv", "asset_id": "BRT-0191", "is_buffer": false, "batch_no": 2, "notes": null }, "geometry": { "type": "Point", "coordinates": [ 106.823077, -6.22265 ] } },
{ "type": "Feature", "properties": { "asset_name": "Halte Simpang Jln. P. Komarudin", "category": "brt", "category_display": "Halte TransJakarta & Shelter", "city_regency": "Jakarta Timur", "latitude": -6.185269, "longitude": 106.942624, "source_reference": "transjakarta_stations.csv", "asset_id": "BRT-0192", "is_buffer": false, "batch_no": 2, "notes": null }, "geometry": { "type": "Point", "coordinates": [ 106.942624, -6.185269 ] } },
{ "type": "Feature", "properties": { "asset_name": "Halte Simpang Jln. Mundu", "category": "brt", "category_display": "Halte TransJakarta & Shelter", "city_regency": "Jakarta Utara", "latitude": -6.118265, "longitude": 106.910752, "source_reference": "transjakarta_stations.csv", "asset_id": "BRT-0193", "is_buffer": false, "batch_no": 2, "notes": null }, "geometry": { "type": "Point", "coordinates": [ 106.910752, -6.118265 ] } },
{ "type": "Feature", "properties": { "asset_name": "Halte Simpang Pemangalan Raya", "category": "brt", "category_display": "Halte TransJakarta & Shelter", "city_regency": "Jakarta Utara", "latitude": -6.135199, "longitude": 106.806497, "source_reference": "transjakarta_stations.csv", "asset_id": "BRT-0194", "is_buffer": false, "batch_no": 2, "notes": null }, "geometry": { "type": "Point", "coordinates": [ 106.806497, -6.135199 ] } },
{ "type": "Feature", "properties": { "asset_name": "Halte Simpang Jln. Jemb. Besi Raya", "category": "brt", "category_display": "Halte TransJakarta & Shelter", "city_regency": "Jakarta Utara", "latitude": -6.151807, "longitude": 106.800666, "source_reference": "transjakarta_stations.csv", "asset_id": "BRT-0195", "is_buffer": false, "batch_no": 2, "notes": null }, "geometry": { "type": "Point", "coordinates": [ 106.800666, -6.151807 ] } },
{ "type": "Feature", "properties": { "asset_name": "Halte Sbr. Simpang Terusan Bandengan", "category": "brt", "category_display": "Halte TransJakarta & Shelter", "city_regency": "Jakarta Utara", "latitude": -6.137152, "longitude": 106.791888, "source_reference": "transjakarta_stations.csv", "asset_id": "BRT-0196", "is_buffer": false, "batch_no": 2, "notes": null }, "geometry": { "type": "Point", "coordinates": [ 106.791888, -6.137152 ] } },
{ "type": "Feature", "properties": { "asset_name": "Halte Simpang Cempaka IV Raya 1", "category": "brt", "category_display": "Halte TransJakarta & Shelter", "city_regency": "Jakarta Timur", "latitude": -6.178123, "longitude": 106.860618, "source_reference": "transjakarta_stations.csv", "asset_id": "BRT-0197", "is_buffer": false, "batch_no": 2, "notes": null }, "geometry": { "type": "Point", "coordinates": [ 106.860618, -6.178123 ] } },
{ "type": "Feature", "properties": { "asset_name": "Halte Simpang Jln. Hanoman 6", "category": "brt", "category_display": "Halte TransJakarta & Shelter", "city_regency": "Jakarta Utara", "latitude": -6.146648, "longitude": 106.784531, "source_reference": "transjakarta_stations.csv", "asset_id": "BRT-0198", "is_buffer": false, "batch_no": 2, "notes": null }, "geometry": { "type": "Point", "coordinates": [ 106.784531, -6.146648 ] } },
{ "type": "Feature", "properties": { "asset_name": "Halte Simpang Balai Pustaka Barat Waru", "category": "brt", "category_display": "Halte TransJakarta & Shelter", "city_regency": "Jakarta Timur", "latitude": -6.196587, "longitude": 106.885644, "source_reference": "transjakarta_stations.csv", "asset_id": "BRT-0199", "is_buffer": false, "batch_no": 2, "notes": null }, "geometry": { "type": "Point", "coordinates": [ 106.885644, -6.196587 ] } },
{ "type": "Feature", "properties": { "asset_name": "Halte Mall Cipinang Indah 2", "category": "brt", "category_display": "Halte TransJakarta & Shelter", "city_regency": "Jakarta Timur", "latitude": -6.239659, "longitude": 106.894713, "source_reference": "transjakarta_stations.csv", "asset_id": "BRT-0200", "is_buffer": false, "batch_no": 2, "notes": null }, "geometry": { "type": "Point", "coordinates": [ 106.894713, -6.239659 ] } },
{ "type": "Feature", "properties": { "asset_name": "Halte Simpang Kapuk Kamal", "category": "brt", "category_display": "Halte TransJakarta & Shelter", "city_regency": "Kota Tangerang", "latitude": -6.121389, "longitude": 106.731259, "source_reference": "transjakarta_stations.csv", "asset_id": "BRT-0201", "is_buffer": false, "batch_no": 2, "notes": null }, "geometry": { "type": "Point", "coordinates": [ 106.731259, -6.121389 ] } },
{ "type": "Feature", "properties": { "asset_name": "Halte Simpang Jln. Kenanga Indah", "category": "brt", "category_display": "Halte TransJakarta & Shelter", "city_regency": "Kota Bekasi", "latitude": -6.177644, "longitude": 106.9817, "source_reference": "transjakarta_stations.csv", "asset_id": "BRT-0202", "is_buffer": false, "batch_no": 2, "notes": null }, "geometry": { "type": "Point", "coordinates": [ 106.9817, -6.177644 ] } },
{ "type": "Feature", "properties": { "asset_name": "Halte Simpang Herman Susilo 2", "category": "brt", "category_display": "Halte TransJakarta & Shelter", "city_regency": "Kota Depok", "latitude": -6.326266, "longitude": 106.810998, "source_reference": "transjakarta_stations.csv", "asset_id": "BRT-0203", "is_buffer": false, "batch_no": 2, "notes": null }, "geometry": { "type": "Point", "coordinates": [ 106.810998, -6.326266 ] } },
{ "type": "Feature", "properties": { "asset_name": "Halte Simpang Manggarai Utara", "category": "brt", "category_display": "Halte TransJakarta & Shelter", "city_regency": "Jakarta Pusat", "latitude": -6.212697, "longitude": 106.85724, "source_reference": "transjakarta_stations.csv", "asset_id": "BRT-0204", "is_buffer": false, "batch_no": 2, "notes": null }, "geometry": { "type": "Point", "coordinates": [ 106.85724, -6.212697 ] } },
{ "type": "Feature", "properties": { "asset_name": "Halte Simpang KH. Moh. Mansyur", "category": "brt", "category_display": "Halte TransJakarta & Shelter", "city_regency": "Jakarta Barat", "latitude": -6.165745, "longitude": 106.807795, "source_reference": "transjakarta_stations.csv", "asset_id": "BRT-0205", "is_buffer": false, "batch_no": 2, "notes": null }, "geometry": { "type": "Point", "coordinates": [ 106.807795, -6.165745 ] } },
{ "type": "Feature", "properties": { "asset_name": "Halte Simpang Tunda Bara TB Simatupang", "category": "brt", "category_display": "Halte TransJakarta & Shelter", "city_regency": "Jakarta Selatan", "latitude": -6.292871, "longitude": 106.797896, "source_reference": "transjakarta_stations.csv", "asset_id": "BRT-0206", "is_buffer": false, "batch_no": 2, "notes": null }, "geometry": { "type": "Point", "coordinates": [ 106.797896, -6.292871 ] } },
{ "type": "Feature", "properties": { "asset_name": "Halte Simpang Damai Raya H. Jian", "category": "brt", "category_display": "Halte TransJakarta & Shelter", "city_regency": "Jakarta Selatan", "latitude": -6.260636, "longitude": 106.805769, "source_reference": "transjakarta_stations.csv", "asset_id": "BRT-0207", "is_buffer": false, "batch_no": 2, "notes": null }, "geometry": { "type": "Point", "coordinates": [ 106.805769, -6.260636 ] } },
{ "type": "Feature", "properties": { "asset_name": "Halte Terminal Bekasi", "category": "brt", "category_display": "Halte TransJakarta & Shelter", "city_regency": "Kota Bekasi", "latitude": -6.249447, "longitude": 107.014547, "source_reference": "transjakarta_stations.csv", "asset_id": "BRT-0208", "is_buffer": false, "batch_no": 2, "notes": null }, "geometry": { "type": "Point", "coordinates": [ 107.014547, -6.249447 ] } },
{ "type": "Feature", "properties": { "asset_name": "Halte Simpang Tj. Duren Raya", "category": "brt", "category_display": "Halte TransJakarta & Shelter", "city_regency": "Jakarta Barat", "latitude": -6.173776, "longitude": 106.78377, "source_reference": "transjakarta_stations.csv", "asset_id": "BRT-0209", "is_buffer": false, "batch_no": 2, "notes": null }, "geometry": { "type": "Point", "coordinates": [ 106.78377, -6.173776 ] } },
{ "type": "Feature", "properties": { "asset_name": "Halte Simpang Jln. Paso", "category": "brt", "category_display": "Halte TransJakarta & Shelter", "city_regency": "Jakarta Selatan", "latitude": -6.316025, "longitude": 106.816128, "source_reference": "transjakarta_stations.csv", "asset_id": "BRT-0210", "is_buffer": false, "batch_no": 2, "notes": null }, "geometry": { "type": "Point", "coordinates": [ 106.816128, -6.316025 ] } },
{ "type": "Feature", "properties": { "asset_name": "Halte Simpang St. Senen", "category": "brt", "category_display": "Halte TransJakarta & Shelter", "city_regency": "Jakarta Pusat", "latitude": -6.176548, "longitude": 106.844606, "source_reference": "transjakarta_stations.csv", "asset_id": "BRT-0211", "is_buffer": false, "batch_no": 2, "notes": null }, "geometry": { "type": "Point", "coordinates": [ 106.844606, -6.176548 ] } },
{ "type": "Feature", "properties": { "asset_name": "Halte Stasiun Tebet", "category": "brt", "category_display": "Halte TransJakarta & Shelter", "city_regency": "Jakarta Timur", "latitude": -6.225503, "longitude": 106.85814, "source_reference": "transjakarta_stations.csv", "asset_id": "BRT-0212", "is_buffer": false, "batch_no": 2, "notes": null }, "geometry": { "type": "Point", "coordinates": [ 106.85814, -6.225503 ] } },
{ "type": "Feature", "properties": { "asset_name": "Halte Maspion Plaza", "category": "brt", "category_display": "Halte TransJakarta & Shelter", "city_regency": "Jakarta Utara", "latitude": -6.141539, "longitude": 106.83352, "source_reference": "transjakarta_stations.csv", "asset_id": "BRT-0213", "is_buffer": false, "batch_no": 2, "notes": "Hot-Swapped dari buffer BRT-BUF-012 (pengganti Halte Stasiun Cakung 1 404)" }, "geometry": { "type": "Point", "coordinates": [ 106.83352, -6.141539 ] } },
{ "type": "Feature", "properties": { "asset_name": "Halte Lotte Mall Kelapa Gading 2", "category": "brt", "category_display": "Halte TransJakarta & Shelter", "city_regency": "Jakarta Utara", "latitude": -6.154794, "longitude": 106.89603, "source_reference": "transjakarta_stations.csv", "asset_id": "BRT-0214", "is_buffer": false, "batch_no": 2, "notes": null }, "geometry": { "type": "Point", "coordinates": [ 106.89603, -6.154794 ] } },
{ "type": "Feature", "properties": { "asset_name": "Halte Pondok Indah Mall 1", "category": "brt", "category_display": "Halte TransJakarta & Shelter", "city_regency": "Jakarta Selatan", "latitude": -6.263197, "longitude": 106.78479, "source_reference": "transjakarta_stations.csv", "asset_id": "BRT-0215", "is_buffer": false, "batch_no": 2, "notes": "Hot-Swapped dari buffer BRT-BUF-013 (pengganti Halte Simpang Banjir Kanal Timur 404)" }, "geometry": { "type": "Point", "coordinates": [ 106.78479, -6.263197 ] } },
{ "type": "Feature", "properties": { "asset_name": "Halte Mall Taman Palem 1", "category": "brt", "category_display": "Halte TransJakarta & Shelter", "city_regency": "Kota Tangerang", "latitude": -6.139762, "longitude": 106.73287, "source_reference": "transjakarta_stations.csv", "asset_id": "BRT-0216", "is_buffer": false, "batch_no": 2, "notes": null }, "geometry": { "type": "Point", "coordinates": [ 106.73287, -6.139762 ] } },
{ "type": "Feature", "properties": { "asset_name": "Halte Sbr. Simpang Klp. 3 Jagakarsa", "category": "brt", "category_display": "Halte TransJakarta & Shelter", "city_regency": "Kota Depok", "latitude": -6.330555, "longitude": 106.828708, "source_reference": "transjakarta_stations.csv", "asset_id": "BRT-0217", "is_buffer": false, "batch_no": 2, "notes": null }, "geometry": { "type": "Point", "coordinates": [ 106.828708, -6.330555 ] } },
{ "type": "Feature", "properties": { "asset_name": "Halte Simpang Tebet Raya Timur", "category": "brt", "category_display": "Halte TransJakarta & Shelter", "city_regency": "Jakarta Timur", "latitude": -6.22987, "longitude": 106.85278, "source_reference": "transjakarta_stations.csv", "asset_id": "BRT-0218", "is_buffer": false, "batch_no": 2, "notes": null }, "geometry": { "type": "Point", "coordinates": [ 106.85278, -6.22987 ] } },
{ "type": "Feature", "properties": { "asset_name": "Halte Lippo Mall Kramat Jati", "category": "brt", "category_display": "Halte TransJakarta & Shelter", "city_regency": "Jakarta Timur", "latitude": -6.270835, "longitude": 106.86741, "source_reference": "transjakarta_stations.csv", "asset_id": "BRT-0219", "is_buffer": false, "batch_no": 2, "notes": null }, "geometry": { "type": "Point", "coordinates": [ 106.86741, -6.270835 ] } },
{ "type": "Feature", "properties": { "asset_name": "Halte Simpang Duren Bangka Timur 2", "category": "brt", "category_display": "Halte TransJakarta & Shelter", "city_regency": "Jakarta Selatan", "latitude": -6.259274, "longitude": 106.827766, "source_reference": "transjakarta_stations.csv", "asset_id": "BRT-0220", "is_buffer": false, "batch_no": 2, "notes": null }, "geometry": { "type": "Point", "coordinates": [ 106.827766, -6.259274 ] } },
{ "type": "Feature", "properties": { "asset_name": "Halte Pondok Indah Mall 2", "category": "brt", "category_display": "Halte TransJakarta & Shelter", "city_regency": "Jakarta Selatan", "latitude": -6.264403, "longitude": 106.782455, "source_reference": "transjakarta_stations.csv", "asset_id": "BRT-0221", "is_buffer": false, "batch_no": 2, "notes": "Hot-Swapped dari buffer BRT-BUF-014 (pengganti Halte Simpang Tiga Pulo Gebang Raya 2 404)" }, "geometry": { "type": "Point", "coordinates": [ 106.782455, -6.264403 ] } },
{ "type": "Feature", "properties": { "asset_name": "Halte Mall Taman Palem 3", "category": "brt", "category_display": "Halte TransJakarta & Shelter", "city_regency": "Kota Tangerang", "latitude": -6.140104, "longitude": 106.729479, "source_reference": "transjakarta_stations.csv", "asset_id": "BRT-0222", "is_buffer": false, "batch_no": 2, "notes": null }, "geometry": { "type": "Point", "coordinates": [ 106.729479, -6.140104 ] } },
{ "type": "Feature", "properties": { "asset_name": "Halte Flyover Kampung Melayu", "category": "brt", "category_display": "Halte TransJakarta & Shelter", "city_regency": "Jakarta Timur", "latitude": -6.22506, "longitude": 106.86483, "source_reference": "transjakarta_stations.csv", "asset_id": "BRT-0223", "is_buffer": false, "batch_no": 2, "notes": null }, "geometry": { "type": "Point", "coordinates": [ 106.86483, -6.22506 ] } },
{ "type": "Feature", "properties": { "asset_name": "Halte Simpang Jln. Malibu Raya", "category": "brt", "category_display": "Halte TransJakarta & Shelter", "city_regency": "Kota Tangerang", "latitude": -6.13686, "longitude": 106.735798, "source_reference": "transjakarta_stations.csv", "asset_id": "BRT-0224", "is_buffer": false, "batch_no": 2, "notes": null }, "geometry": { "type": "Point", "coordinates": [ 106.735798, -6.13686 ] } },
{ "type": "Feature", "properties": { "asset_name": "Halte Sbr. Bona Plaza Indah", "category": "brt", "category_display": "Halte TransJakarta & Shelter", "city_regency": "Jakarta Selatan", "latitude": -6.30108, "longitude": 106.78042, "source_reference": "transjakarta_stations.csv", "asset_id": "BRT-0225", "is_buffer": false, "batch_no": 2, "notes": null }, "geometry": { "type": "Point", "coordinates": [ 106.78042, -6.30108 ] } },
{ "type": "Feature", "properties": { "asset_name": "Halte Akses Bawah Flyover Raya Bogor 3", "category": "brt", "category_display": "Halte TransJakarta & Shelter", "city_regency": "Jakarta Timur", "latitude": -6.305959, "longitude": 106.86511, "source_reference": "transjakarta_stations.csv", "asset_id": "BRT-0226", "is_buffer": false, "batch_no": 2, "notes": null }, "geometry": { "type": "Point", "coordinates": [ 106.86511, -6.305959 ] } },
{ "type": "Feature", "properties": { "asset_name": "Halte Akses Bawah Flyover Raya Bogor 2", "category": "brt", "category_display": "Halte TransJakarta & Shelter", "city_regency": "Jakarta Timur", "latitude": -6.306687, "longitude": 106.864709, "source_reference": "transjakarta_stations.csv", "asset_id": "BRT-0227", "is_buffer": false, "batch_no": 2, "notes": null }, "geometry": { "type": "Point", "coordinates": [ 106.864709, -6.306687 ] } },
{ "type": "Feature", "properties": { "asset_name": "Halte Depan Flyover Raya Bogor", "category": "brt", "category_display": "Halte TransJakarta & Shelter", "city_regency": "Jakarta Timur", "latitude": -6.30647, "longitude": 106.86609, "source_reference": "transjakarta_stations.csv", "asset_id": "BRT-0228", "is_buffer": false, "batch_no": 2, "notes": null }, "geometry": { "type": "Point", "coordinates": [ 106.86609, -6.30647 ] } },
{ "type": "Feature", "properties": { "asset_name": "Halte Mall Artha Gading", "category": "brt", "category_display": "Halte TransJakarta & Shelter", "city_regency": "Jakarta Utara", "latitude": -6.1451, "longitude": 106.891558, "source_reference": "transjakarta_stations.csv", "asset_id": "BRT-0229", "is_buffer": false, "batch_no": 2, "notes": null }, "geometry": { "type": "Point", "coordinates": [ 106.891558, -6.1451 ] } },
{ "type": "Feature", "properties": { "asset_name": "Halte Mall Cipinang Indah 1", "category": "brt", "category_display": "Halte TransJakarta & Shelter", "city_regency": "Jakarta Timur", "latitude": -6.239659, "longitude": 106.894713, "source_reference": "transjakarta_stations.csv", "asset_id": "BRT-0230", "is_buffer": false, "batch_no": 2, "notes": null }, "geometry": { "type": "Point", "coordinates": [ 106.894713, -6.239659 ] } },
{ "type": "Feature", "properties": { "asset_name": "Halte Mall Cijantung", "category": "brt", "category_display": "Halte TransJakarta & Shelter", "city_regency": "Jakarta Timur", "latitude": -6.312041, "longitude": 106.86245, "source_reference": "transjakarta_stations.csv", "asset_id": "BRT-0231", "is_buffer": false, "batch_no": 2, "notes": null }, "geometry": { "type": "Point", "coordinates": [ 106.86245, -6.312041 ] } },
{ "type": "Feature", "properties": { "asset_name": "Halte Simpang Tridharma Bango Raya", "category": "brt", "category_display": "Halte TransJakarta & Shelter", "city_regency": "Jakarta Selatan", "latitude": -6.303235, "longitude": 106.804553, "source_reference": "transjakarta_stations.csv", "asset_id": "BRT-0232", "is_buffer": false, "batch_no": 2, "notes": null }, "geometry": { "type": "Point", "coordinates": [ 106.804553, -6.303235 ] } },
{ "type": "Feature", "properties": { "asset_name": "Halte Mall Basura 2", "category": "brt", "category_display": "Halte TransJakarta & Shelter", "city_regency": "Jakarta Timur", "latitude": -6.225004, "longitude": 106.87763, "source_reference": "transjakarta_stations.csv", "asset_id": "BRT-0233", "is_buffer": false, "batch_no": 2, "notes": null }, "geometry": { "type": "Point", "coordinates": [ 106.87763, -6.225004 ] } },
{ "type": "Feature", "properties": { "asset_name": "Halte Mall Basura 1", "category": "brt", "category_display": "Halte TransJakarta & Shelter", "city_regency": "Jakarta Timur", "latitude": -6.225218, "longitude": 106.87856, "source_reference": "transjakarta_stations.csv", "asset_id": "BRT-0234", "is_buffer": false, "batch_no": 2, "notes": null }, "geometry": { "type": "Point", "coordinates": [ 106.87856, -6.225218 ] } },
{ "type": "Feature", "properties": { "asset_name": "Halte Simpang Adiaksa", "category": "brt", "category_display": "Halte TransJakarta & Shelter", "city_regency": "Jakarta Selatan", "latitude": -6.298081, "longitude": 106.774834, "source_reference": "transjakarta_stations.csv", "asset_id": "BRT-0235", "is_buffer": false, "batch_no": 2, "notes": null }, "geometry": { "type": "Point", "coordinates": [ 106.774834, -6.298081 ] } },
{ "type": "Feature", "properties": { "asset_name": "Halte Mall Bale Kota", "category": "brt", "category_display": "Halte TransJakarta & Shelter", "city_regency": "Kota Tangerang", "latitude": -6.181189, "longitude": 106.643806, "source_reference": "transjakarta_stations.csv", "asset_id": "BRT-0236", "is_buffer": false, "batch_no": 2, "notes": null }, "geometry": { "type": "Point", "coordinates": [ 106.643806, -6.181189 ] } },
{ "type": "Feature", "properties": { "asset_name": "Halte Simpang Kampung Kandang 2", "category": "brt", "category_display": "Halte TransJakarta & Shelter", "city_regency": "Jakarta Selatan", "latitude": -6.310675, "longitude": 106.812998, "source_reference": "transjakarta_stations.csv", "asset_id": "BRT-0237", "is_buffer": false, "batch_no": 2, "notes": null }, "geometry": { "type": "Point", "coordinates": [ 106.812998, -6.310675 ] } },
{ "type": "Feature", "properties": { "asset_name": "Halte Simpang Kramat II", "category": "brt", "category_display": "Halte TransJakarta & Shelter", "city_regency": "Jakarta Selatan", "latitude": -6.235583, "longitude": 106.78529, "source_reference": "transjakarta_stations.csv", "asset_id": "BRT-0238", "is_buffer": false, "batch_no": 2, "notes": null }, "geometry": { "type": "Point", "coordinates": [ 106.78529, -6.235583 ] } },
{ "type": "Feature", "properties": { "asset_name": "Halte Flyover Jatinegara", "category": "brt", "category_display": "Halte TransJakarta & Shelter", "city_regency": "Jakarta Timur", "latitude": -6.215265, "longitude": 106.873736, "source_reference": "transjakarta_stations.csv", "asset_id": "BRT-0239", "is_buffer": false, "batch_no": 2, "notes": null }, "geometry": { "type": "Point", "coordinates": [ 106.873736, -6.215265 ] } },
{ "type": "Feature", "properties": { "asset_name": "Halte Simpang Jln. Pegangsaan Dua", "category": "brt", "category_display": "Halte TransJakarta & Shelter", "city_regency": "Jakarta Timur", "latitude": -6.18223, "longitude": 106.9185, "source_reference": "transjakarta_stations.csv", "asset_id": "BRT-0240", "is_buffer": false, "batch_no": 2, "notes": null }, "geometry": { "type": "Point", "coordinates": [ 106.9185, -6.18223 ] } },
{ "type": "Feature", "properties": { "asset_name": "Halte Sbr. Mall Daan Mogot", "category": "brt", "category_display": "Halte TransJakarta & Shelter", "city_regency": "Kota Tangerang", "latitude": -6.151116, "longitude": 106.715032, "source_reference": "transjakarta_stations.csv", "asset_id": "BRT-0241", "is_buffer": false, "batch_no": 2, "notes": "Hot-Swapped dari buffer BRT-BUF-015 (pengganti Halte Simpang Jln. Komarudin Lama 404)" }, "geometry": { "type": "Point", "coordinates": [ 106.715032, -6.151116 ] } },
{ "type": "Feature", "properties": { "asset_name": "Halte Simpang Danau Sunter Selatan", "category": "brt", "category_display": "Halte TransJakarta & Shelter", "city_regency": "Jakarta Utara", "latitude": -6.141767, "longitude": 106.887163, "source_reference": "transjakarta_stations.csv", "asset_id": "BRT-0242", "is_buffer": false, "batch_no": 2, "notes": null }, "geometry": { "type": "Point", "coordinates": [ 106.887163, -6.141767 ] } },
{ "type": "Feature", "properties": { "asset_name": "Halte Simpang Deplu Veteran Raya", "category": "brt", "category_display": "Halte TransJakarta & Shelter", "city_regency": "Jakarta Selatan", "latitude": -6.271822, "longitude": 106.76451, "source_reference": "transjakarta_stations.csv", "asset_id": "BRT-0243", "is_buffer": false, "batch_no": 2, "notes": null }, "geometry": { "type": "Point", "coordinates": [ 106.76451, -6.271822 ] } },
{ "type": "Feature", "properties": { "asset_name": "Halte Flyover Pramuka", "category": "brt", "category_display": "Halte TransJakarta & Shelter", "city_regency": "Jakarta Pusat", "latitude": -6.19891, "longitude": 106.8545, "source_reference": "transjakarta_stations.csv", "asset_id": "BRT-0244", "is_buffer": false, "batch_no": 2, "notes": null }, "geometry": { "type": "Point", "coordinates": [ 106.8545, -6.19891 ] } },
{ "type": "Feature", "properties": { "asset_name": "Halte Simpang Rawa Maja 2", "category": "brt", "category_display": "Halte TransJakarta & Shelter", "city_regency": "Jakarta Selatan", "latitude": -6.265724, "longitude": 106.799495, "source_reference": "transjakarta_stations.csv", "asset_id": "BRT-0245", "is_buffer": false, "batch_no": 2, "notes": null }, "geometry": { "type": "Point", "coordinates": [ 106.799495, -6.265724 ] } },
{ "type": "Feature", "properties": { "asset_name": "Halte Simpang Jln. RM Margono", "category": "brt", "category_display": "Halte TransJakarta & Shelter", "city_regency": "Jakarta Pusat", "latitude": -6.201884, "longitude": 106.81638, "source_reference": "transjakarta_stations.csv", "asset_id": "BRT-0246", "is_buffer": false, "batch_no": 2, "notes": null }, "geometry": { "type": "Point", "coordinates": [ 106.81638, -6.201884 ] } },
{ "type": "Feature", "properties": { "asset_name": "Halte Simpang Sumanggung 3", "category": "brt", "category_display": "Halte TransJakarta & Shelter", "city_regency": "Jakarta Timur", "latitude": -6.170966, "longitude": 106.90279, "source_reference": "transjakarta_stations.csv", "asset_id": "BRT-0247", "is_buffer": false, "batch_no": 2, "notes": null }, "geometry": { "type": "Point", "coordinates": [ 106.90279, -6.170966 ] } },
{ "type": "Feature", "properties": { "asset_name": "Halte Simpang Lebak Bulus Raya", "category": "brt", "category_display": "Halte TransJakarta & Shelter", "city_regency": "Jakarta Selatan", "latitude": -6.289281, "longitude": 106.771557, "source_reference": "transjakarta_stations.csv", "asset_id": "BRT-0248", "is_buffer": false, "batch_no": 2, "notes": null }, "geometry": { "type": "Point", "coordinates": [ 106.771557, -6.289281 ] } },
{ "type": "Feature", "properties": { "asset_name": "Halte GP Mall 1", "category": "brt", "category_display": "Halte TransJakarta & Shelter", "city_regency": "Kota Bekasi", "latitude": -6.259636, "longitude": 107.01988, "source_reference": "transjakarta_stations.csv", "asset_id": "BRT-0249", "is_buffer": false, "batch_no": 2, "notes": null }, "geometry": { "type": "Point", "coordinates": [ 107.01988, -6.259636 ] } },
{ "type": "Feature", "properties": { "asset_name": "Halte Simpang Tebet Barat Raya", "category": "brt", "category_display": "Halte TransJakarta & Shelter", "city_regency": "Jakarta Timur", "latitude": -6.23012, "longitude": 106.85121, "source_reference": "transjakarta_stations.csv", "asset_id": "BRT-0250", "is_buffer": false, "batch_no": 2, "notes": null }, "geometry": { "type": "Point", "coordinates": [ 106.85121, -6.23012 ] } },
{ "type": "Feature", "properties": { "asset_name": "Halte Simpang Tebet Raya Barat", "category": "brt", "category_display": "Halte TransJakarta & Shelter", "city_regency": "Jakarta Timur", "latitude": -6.23023, "longitude": 106.85145, "source_reference": "transjakarta_stations.csv", "asset_id": "BRT-0251", "is_buffer": false, "batch_no": 2, "notes": null }, "geometry": { "type": "Point", "coordinates": [ 106.85145, -6.23023 ] } },
{ "type": "Feature", "properties": { "asset_name": "Halte Plaza Festival", "category": "brt", "category_display": "Halte TransJakarta & Shelter", "city_regency": "Jakarta Timur", "latitude": -6.220212, "longitude": 106.833047, "source_reference": "transjakarta_stations.csv", "asset_id": "BRT-0252", "is_buffer": false, "batch_no": 2, "notes": null }, "geometry": { "type": "Point", "coordinates": [ 106.833047, -6.220212 ] } },
{ "type": "Feature", "properties": { "asset_name": "Halte Simpang Tebet Raya Utara", "category": "brt", "category_display": "Halte TransJakarta & Shelter", "city_regency": "Jakarta Timur", "latitude": -6.229717, "longitude": 106.85244, "source_reference": "transjakarta_stations.csv", "asset_id": "BRT-0253", "is_buffer": false, "batch_no": 2, "notes": null }, "geometry": { "type": "Point", "coordinates": [ 106.85244, -6.229717 ] } },
{ "type": "Feature", "properties": { "asset_name": "Halte Simpang Tebet Timur Raya", "category": "brt", "category_display": "Halte TransJakarta & Shelter", "city_regency": "Jakarta Timur", "latitude": -6.230297, "longitude": 106.8525, "source_reference": "transjakarta_stations.csv", "asset_id": "BRT-0254", "is_buffer": false, "batch_no": 2, "notes": null }, "geometry": { "type": "Point", "coordinates": [ 106.8525, -6.230297 ] } },
{ "type": "Feature", "properties": { "asset_name": "Halte Simpang Latumeten", "category": "brt", "category_display": "Halte TransJakarta & Shelter", "city_regency": "Jakarta Barat", "latitude": -6.162982, "longitude": 106.79024, "source_reference": "transjakarta_stations.csv", "asset_id": "BRT-0255", "is_buffer": false, "batch_no": 2, "notes": "Hot-Swapped dari buffer BRT-BUF-017 (pengganti Halte Simpang Teratai Putih Nusa Indah 404)" }, "geometry": { "type": "Point", "coordinates": [ 106.79024, -6.162982 ] } },
{ "type": "Feature", "properties": { "asset_name": "Halte Simpang RP Soeroso", "category": "brt", "category_display": "Halte TransJakarta & Shelter", "city_regency": "Jakarta Pusat", "latitude": -6.191676, "longitude": 106.836118, "source_reference": "transjakarta_stations.csv", "asset_id": "BRT-0256", "is_buffer": false, "batch_no": 2, "notes": "Hot-Swapped dari buffer BRT-BUF-018 (pengganti Halte Simpang Tiga 1 404)" }, "geometry": { "type": "Point", "coordinates": [ 106.836118, -6.191676 ] } },
{ "type": "Feature", "properties": { "asset_name": "Halte Arion Mall", "category": "brt", "category_display": "Halte TransJakarta & Shelter", "city_regency": "Jakarta Timur", "latitude": -6.194084, "longitude": 106.890462, "source_reference": "transjakarta_stations.csv", "asset_id": "BRT-0257", "is_buffer": false, "batch_no": 2, "notes": "Hot-Swapped dari buffer BRT-BUF-019 (pengganti Halte Simpang Tiga 2 404)" }, "geometry": { "type": "Point", "coordinates": [ 106.890462, -6.194084 ] } },
{ "type": "Feature", "properties": { "asset_name": "Halte Flyover Jatinegara 1", "category": "brt", "category_display": "Halte TransJakarta & Shelter", "city_regency": "Jakarta Timur", "latitude": -6.215301, "longitude": 106.87356, "source_reference": "transjakarta_stations.csv", "asset_id": "BRT-0258", "is_buffer": false, "batch_no": 2, "notes": "Hot-Swapped dari buffer BRT-BUF-020 (pengganti Halte Simpang Tiga Pulo Gebang Raya 404)" }, "geometry": { "type": "Point", "coordinates": [ 106.87356, -6.215301 ] } },
{ "type": "Feature", "properties": { "asset_name": "Halte Simpang Toko 3 Tambora", "category": "brt", "category_display": "Halte TransJakarta & Shelter", "city_regency": "Jakarta Utara", "latitude": -6.141611, "longitude": 106.81047, "source_reference": "transjakarta_stations.csv", "asset_id": "BRT-0259", "is_buffer": false, "batch_no": 2, "notes": null }, "geometry": { "type": "Point", "coordinates": [ 106.81047, -6.141611 ] } },
{ "type": "Feature", "properties": { "asset_name": "Halte Simpang Tomang Asli Buni", "category": "brt", "category_display": "Halte TransJakarta & Shelter", "city_regency": "Jakarta Barat", "latitude": -6.1779, "longitude": 106.80489, "source_reference": "transjakarta_stations.csv", "asset_id": "BRT-0260", "is_buffer": false, "batch_no": 2, "notes": null }, "geometry": { "type": "Point", "coordinates": [ 106.80489, -6.1779 ] } },
{ "type": "Feature", "properties": { "asset_name": "Halte Simpang Tebet Utara Dalam Raya", "category": "brt", "category_display": "Halte TransJakarta & Shelter", "city_regency": "Jakarta Timur", "latitude": -6.228727, "longitude": 106.85482, "source_reference": "transjakarta_stations.csv", "asset_id": "BRT-0261", "is_buffer": false, "batch_no": 2, "notes": null }, "geometry": { "type": "Point", "coordinates": [ 106.85482, -6.228727 ] } },
{ "type": "Feature", "properties": { "asset_name": "Halte Simpang Tomang Asli Kamboja", "category": "brt", "category_display": "Halte TransJakarta & Shelter", "city_regency": "Jakarta Barat", "latitude": -6.179197, "longitude": 106.80256, "source_reference": "transjakarta_stations.csv", "asset_id": "BRT-0262", "is_buffer": false, "batch_no": 2, "notes": null }, "geometry": { "type": "Point", "coordinates": [ 106.80256, -6.179197 ] } },
{ "type": "Feature", "properties": { "asset_name": "Halte Simpang Tomang Asli Nusa Indah", "category": "brt", "category_display": "Halte TransJakarta & Shelter", "city_regency": "Jakarta Barat", "latitude": -6.178936, "longitude": 106.80223, "source_reference": "transjakarta_stations.csv", "asset_id": "BRT-0263", "is_buffer": false, "batch_no": 2, "notes": null }, "geometry": { "type": "Point", "coordinates": [ 106.80223, -6.178936 ] } },
{ "type": "Feature", "properties": { "asset_name": "Halte Simpang Tomang Tinggi Tawakal VI", "category": "brt", "category_display": "Halte TransJakarta & Shelter", "city_regency": "Jakarta Barat", "latitude": -6.170244, "longitude": 106.79674, "source_reference": "transjakarta_stations.csv", "asset_id": "BRT-0264", "is_buffer": false, "batch_no": 2, "notes": null }, "geometry": { "type": "Point", "coordinates": [ 106.79674, -6.170244 ] } },
{ "type": "Feature", "properties": { "asset_name": "Halte Simpang Tubagus Angke", "category": "brt", "category_display": "Halte TransJakarta & Shelter", "city_regency": "Jakarta Utara", "latitude": -6.144122, "longitude": 106.78319, "source_reference": "transjakarta_stations.csv", "asset_id": "BRT-0265", "is_buffer": false, "batch_no": 2, "notes": null }, "geometry": { "type": "Point", "coordinates": [ 106.78319, -6.144122 ] } },
{ "type": "Feature", "properties": { "asset_name": "Halte Mall Beach City", "category": "brt", "category_display": "Halte TransJakarta & Shelter", "city_regency": "Jakarta Utara", "latitude": -6.117376, "longitude": 106.858241, "source_reference": "transjakarta_stations.csv", "asset_id": "BRT-0266", "is_buffer": false, "batch_no": 2, "notes": null }, "geometry": { "type": "Point", "coordinates": [ 106.858241, -6.117376 ] } },
{ "type": "Feature", "properties": { "asset_name": "Halte Simpang Tb Simatupang Tunda Bara", "category": "brt", "category_display": "Halte TransJakarta & Shelter", "city_regency": "Jakarta Selatan", "latitude": -6.292999, "longitude": 106.7987, "source_reference": "transjakarta_stations.csv", "asset_id": "BRT-0267", "is_buffer": false, "batch_no": 2, "notes": null }, "geometry": { "type": "Point", "coordinates": [ 106.7987, -6.292999 ] } },
{ "type": "Feature", "properties": { "asset_name": "Halte Simpang Tawakal VI Tomang Tinggi", "category": "brt", "category_display": "Halte TransJakarta & Shelter", "city_regency": "Jakarta Barat", "latitude": -6.169966, "longitude": 106.79674, "source_reference": "transjakarta_stations.csv", "asset_id": "BRT-0268", "is_buffer": false, "batch_no": 2, "notes": null }, "geometry": { "type": "Point", "coordinates": [ 106.79674, -6.169966 ] } },
{ "type": "Feature", "properties": { "asset_name": "Halte Simpang Tanjakan AURI", "category": "brt", "category_display": "Halte TransJakarta & Shelter", "city_regency": "Jakarta Timur", "latitude": -6.185306, "longitude": 106.95831, "source_reference": "transjakarta_stations.csv", "asset_id": "BRT-0269", "is_buffer": false, "batch_no": 2, "notes": null }, "geometry": { "type": "Point", "coordinates": [ 106.95831, -6.185306 ] } },
{ "type": "Feature", "properties": { "asset_name": "Halte Simpang Sunter Indah Raya", "category": "brt", "category_display": "Halte TransJakarta & Shelter", "city_regency": "Jakarta Utara", "latitude": -6.153695, "longitude": 106.87931, "source_reference": "transjakarta_stations.csv", "asset_id": "BRT-0270", "is_buffer": false, "batch_no": 2, "notes": null }, "geometry": { "type": "Point", "coordinates": [ 106.87931, -6.153695 ] } },
{ "type": "Feature", "properties": { "asset_name": "Halte Simpang Sunter Jaya V", "category": "brt", "category_display": "Halte TransJakarta & Shelter", "city_regency": "Jakarta Utara", "latitude": -6.158799, "longitude": 106.87009, "source_reference": "transjakarta_stations.csv", "asset_id": "BRT-0271", "is_buffer": false, "batch_no": 2, "notes": null }, "geometry": { "type": "Point", "coordinates": [ 106.87009, -6.158799 ] } },
{ "type": "Feature", "properties": { "asset_name": "Halte Simpang Sunter Kemayoran Jaya", "category": "brt", "category_display": "Halte TransJakarta & Shelter", "city_regency": "Jakarta Utara", "latitude": -6.153945, "longitude": 106.86067, "source_reference": "transjakarta_stations.csv", "asset_id": "BRT-0272", "is_buffer": false, "batch_no": 2, "notes": null }, "geometry": { "type": "Point", "coordinates": [ 106.86067, -6.153945 ] } },
{ "type": "Feature", "properties": { "asset_name": "Halte 18 Office Park", "category": "brt", "category_display": "Halte TransJakarta & Shelter", "city_regency": "Jakarta Timur", "latitude": -6.299472, "longitude": 106.832399, "source_reference": "transjakarta_stations.csv:dynamic", "asset_id": "BRT-0273", "is_buffer": false, "batch_no": 2, "notes": "Hot-Swapped dari buffer BRT-DYN-001 (pengganti Halte Simpang Taman Malaka Barat Utara 404)" }, "geometry": { "type": "Point", "coordinates": [ 106.832399, -6.299472 ] } },
{ "type": "Feature", "properties": { "asset_name": "Halte Simpang Tanah Abang II Cideng", "category": "brt", "category_display": "Halte TransJakarta & Shelter", "city_regency": "Jakarta Pusat", "latitude": -6.175292, "longitude": 106.81209, "source_reference": "transjakarta_stations.csv", "asset_id": "BRT-0274", "is_buffer": false, "batch_no": 2, "notes": null }, "geometry": { "type": "Point", "coordinates": [ 106.81209, -6.175292 ] } },
{ "type": "Feature", "properties": { "asset_name": "Halte Simpang Tanah Tinggi Timur", "category": "brt", "category_display": "Halte TransJakarta & Shelter", "city_regency": "Jakarta Pusat", "latitude": -6.174437, "longitude": 106.85231, "source_reference": "transjakarta_stations.csv", "asset_id": "BRT-0275", "is_buffer": false, "batch_no": 2, "notes": null }, "geometry": { "type": "Point", "coordinates": [ 106.85231, -6.174437 ] } },
{ "type": "Feature", "properties": { "asset_name": "Halte Simpang Tj. Duren Barat 1", "category": "brt", "category_display": "Halte TransJakarta & Shelter", "city_regency": "Jakarta Barat", "latitude": -6.169914, "longitude": 106.7752, "source_reference": "transjakarta_stations.csv", "asset_id": "BRT-0276", "is_buffer": false, "batch_no": 2, "notes": null }, "geometry": { "type": "Point", "coordinates": [ 106.7752, -6.169914 ] } },
{ "type": "Feature", "properties": { "asset_name": "Halte Simpang Tawakal Raya VI", "category": "brt", "category_display": "Halte TransJakarta & Shelter", "city_regency": "Jakarta Barat", "latitude": -6.169204, "longitude": 106.795, "source_reference": "transjakarta_stations.csv", "asset_id": "BRT-0277", "is_buffer": false, "batch_no": 2, "notes": null }, "geometry": { "type": "Point", "coordinates": [ 106.795, -6.169204 ] } },
{ "type": "Feature", "properties": { "asset_name": "Halte Simpang Dharmawangsa Raya", "category": "brt", "category_display": "Halte TransJakarta & Shelter", "city_regency": "Jakarta Selatan", "latitude": -6.248443, "longitude": 106.806309, "source_reference": "transjakarta_stations.csv", "asset_id": "BRT-0278", "is_buffer": false, "batch_no": 2, "notes": null }, "geometry": { "type": "Point", "coordinates": [ 106.806309, -6.248443 ] } },
{ "type": "Feature", "properties": { "asset_name": "Halte Simpang Tj. Duren Barat 2", "category": "brt", "category_display": "Halte TransJakarta & Shelter", "city_regency": "Jakarta Barat", "latitude": -6.170356, "longitude": 106.77528, "source_reference": "transjakarta_stations.csv", "asset_id": "BRT-0279", "is_buffer": false, "batch_no": 2, "notes": null }, "geometry": { "type": "Point", "coordinates": [ 106.77528, -6.170356 ] } },
{ "type": "Feature", "properties": { "asset_name": "Halte Simpang Tj. Duren Barat 3", "category": "brt", "category_display": "Halte TransJakarta & Shelter", "city_regency": "Jakarta Barat", "latitude": -6.16966, "longitude": 106.77489, "source_reference": "transjakarta_stations.csv", "asset_id": "BRT-0280", "is_buffer": false, "batch_no": 2, "notes": null }, "geometry": { "type": "Point", "coordinates": [ 106.77489, -6.16966 ] } },
{ "type": "Feature", "properties": { "asset_name": "Halte Simpang Tj. Duren Barat 6", "category": "brt", "category_display": "Halte TransJakarta & Shelter", "city_regency": "Jakarta Barat", "latitude": -6.18221, "longitude": 106.78338, "source_reference": "transjakarta_stations.csv", "asset_id": "BRT-0281", "is_buffer": false, "batch_no": 2, "notes": null }, "geometry": { "type": "Point", "coordinates": [ 106.78338, -6.18221 ] } },
{ "type": "Feature", "properties": { "asset_name": "Halte Simpang Tj. Duren Timur 5", "category": "brt", "category_display": "Halte TransJakarta & Shelter", "city_regency": "Jakarta Barat", "latitude": -6.180482, "longitude": 106.78375, "source_reference": "transjakarta_stations.csv", "asset_id": "BRT-0282", "is_buffer": false, "batch_no": 2, "notes": null }, "geometry": { "type": "Point", "coordinates": [ 106.78375, -6.180482 ] } },
{ "type": "Feature", "properties": { "asset_name": "Halte Simpang Kemang Selatan 2", "category": "brt", "category_display": "Halte TransJakarta & Shelter", "city_regency": "Jakarta Selatan", "latitude": -6.274106, "longitude": 106.82045, "source_reference": "transjakarta_stations.csv", "asset_id": "BRT-0283", "is_buffer": false, "batch_no": 2, "notes": null }, "geometry": { "type": "Point", "coordinates": [ 106.82045, -6.274106 ] } },
{ "type": "Feature", "properties": { "asset_name": "Halte Simpang Tarakan Cideng Barat", "category": "brt", "category_display": "Halte TransJakarta & Shelter", "city_regency": "Jakarta Pusat", "latitude": -6.170569, "longitude": 106.81074, "source_reference": "transjakarta_stations.csv", "asset_id": "BRT-0284", "is_buffer": false, "batch_no": 2, "notes": null }, "geometry": { "type": "Point", "coordinates": [ 106.81074, -6.170569 ] } },
{ "type": "Feature", "properties": { "asset_name": "Halte Simpang Tawakal Kyai Tapa", "category": "brt", "category_display": "Halte TransJakarta & Shelter", "city_regency": "Jakarta Barat", "latitude": -6.166588, "longitude": 106.79544, "source_reference": "transjakarta_stations.csv", "asset_id": "BRT-0285", "is_buffer": false, "batch_no": 2, "notes": null }, "geometry": { "type": "Point", "coordinates": [ 106.79544, -6.166588 ] } },
{ "type": "Feature", "properties": { "asset_name": "Halte Simpang Utama Sakti", "category": "brt", "category_display": "Halte TransJakarta & Shelter", "city_regency": "Jakarta Utara", "latitude": -6.151962, "longitude": 106.78157, "source_reference": "transjakarta_stations.csv", "asset_id": "BRT-0286", "is_buffer": false, "batch_no": 2, "notes": null }, "geometry": { "type": "Point", "coordinates": [ 106.78157, -6.151962 ] } },
{ "type": "Feature", "properties": { "asset_name": "Halte Simpang Warakas Gg 13", "category": "brt", "category_display": "Halte TransJakarta & Shelter", "city_regency": "Jakarta Utara", "latitude": -6.123272, "longitude": 106.87627, "source_reference": "transjakarta_stations.csv", "asset_id": "BRT-0287", "is_buffer": false, "batch_no": 2, "notes": null }, "geometry": { "type": "Point", "coordinates": [ 106.87627, -6.123272 ] } },
{ "type": "Feature", "properties": { "asset_name": "Halte Simpang Pramuka", "category": "brt", "category_display": "Halte TransJakarta & Shelter", "city_regency": "Jakarta Timur", "latitude": -6.192192, "longitude": 106.87401, "source_reference": "transjakarta_stations.csv", "asset_id": "BRT-0288", "is_buffer": false, "batch_no": 2, "notes": null }, "geometry": { "type": "Point", "coordinates": [ 106.87401, -6.192192 ] } },
{ "type": "Feature", "properties": { "asset_name": "Halte Simpang Warakas III", "category": "brt", "category_display": "Halte TransJakarta & Shelter", "city_regency": "Jakarta Utara", "latitude": -6.118043, "longitude": 106.88086, "source_reference": "transjakarta_stations.csv", "asset_id": "BRT-0289", "is_buffer": false, "batch_no": 2, "notes": null }, "geometry": { "type": "Point", "coordinates": [ 106.88086, -6.118043 ] } },
{ "type": "Feature", "properties": { "asset_name": "Halte Simpang Jln. BRI Radio Dalam 1", "category": "brt", "category_display": "Halte TransJakarta & Shelter", "city_regency": "Jakarta Selatan", "latitude": -6.257276, "longitude": 106.790678, "source_reference": "transjakarta_stations.csv", "asset_id": "BRT-0290", "is_buffer": false, "batch_no": 2, "notes": null }, "geometry": { "type": "Point", "coordinates": [ 106.790678, -6.257276 ] } },
{ "type": "Feature", "properties": { "asset_name": "Halte Simpang Jln. Pakubuwono VI", "category": "brt", "category_display": "Halte TransJakarta & Shelter", "city_regency": "Jakarta Selatan", "latitude": -6.23314, "longitude": 106.797099, "source_reference": "transjakarta_stations.csv", "asset_id": "BRT-0291", "is_buffer": false, "batch_no": 2, "notes": null }, "geometry": { "type": "Point", "coordinates": [ 106.797099, -6.23314 ] } },
{ "type": "Feature", "properties": { "asset_name": "Halte Simpang Kemanggisan Ilir Raya", "category": "brt", "category_display": "Halte TransJakarta & Shelter", "city_regency": "Jakarta Barat", "latitude": -6.193066, "longitude": 106.784647, "source_reference": "transjakarta_stations.csv", "asset_id": "BRT-0292", "is_buffer": false, "batch_no": 2, "notes": null }, "geometry": { "type": "Point", "coordinates": [ 106.784647, -6.193066 ] } },
{ "type": "Feature", "properties": { "asset_name": "Halte Simpang Tebet Utara Dalam Raya 1", "category": "brt", "category_display": "Halte TransJakarta & Shelter", "city_regency": "Jakarta Timur", "latitude": -6.228738, "longitude": 106.85462, "source_reference": "transjakarta_stations.csv", "asset_id": "BRT-0293", "is_buffer": false, "batch_no": 2, "notes": null }, "geometry": { "type": "Point", "coordinates": [ 106.85462, -6.228738 ] } },
{ "type": "Feature", "properties": { "asset_name": "Halte Acacia Residence", "category": "brt", "category_display": "Halte TransJakarta & Shelter", "city_regency": "Jakarta Selatan", "latitude": -6.263358, "longitude": 106.75675, "source_reference": "transjakarta_stations.csv:dynamic", "asset_id": "BRT-0294", "is_buffer": false, "batch_no": 2, "notes": "Hot-Swapped dari buffer BRT-DYN-002 (pengganti Halte Flyover Pondok Kopi 404)" }, "geometry": { "type": "Point", "coordinates": [ 106.75675, -6.263358 ] } },
{ "type": "Feature", "properties": { "asset_name": "Halte Simpang Tenggiri Tongkol Raya", "category": "brt", "category_display": "Halte TransJakarta & Shelter", "city_regency": "Jakarta Utara", "latitude": -6.112055, "longitude": 106.882804, "source_reference": "transjakarta_stations.csv", "asset_id": "BRT-0295", "is_buffer": false, "batch_no": 2, "notes": null }, "geometry": { "type": "Point", "coordinates": [ 106.882804, -6.112055 ] } },
{ "type": "Feature", "properties": { "asset_name": "Halte Simpang Tenggiri Muka", "category": "brt", "category_display": "Halte TransJakarta & Shelter", "city_regency": "Jakarta Utara", "latitude": -6.111317, "longitude": 106.882803, "source_reference": "transjakarta_stations.csv", "asset_id": "BRT-0296", "is_buffer": false, "batch_no": 2, "notes": null }, "geometry": { "type": "Point", "coordinates": [ 106.882803, -6.111317 ] } },
{ "type": "Feature", "properties": { "asset_name": "Halte Simpang Jln. Surya Timur", "category": "brt", "category_display": "Halte TransJakarta & Shelter", "city_regency": "Jakarta Barat", "latitude": -6.167913, "longitude": 106.76286, "source_reference": "transjakarta_stations.csv", "asset_id": "BRT-0297", "is_buffer": false, "batch_no": 2, "notes": null }, "geometry": { "type": "Point", "coordinates": [ 106.76286, -6.167913 ] } },
{ "type": "Feature", "properties": { "asset_name": "Halte Stasiun Klender", "category": "brt", "category_display": "Halte TransJakarta & Shelter", "city_regency": "Jakarta Timur", "latitude": -6.213532, "longitude": 106.89866, "source_reference": "transjakarta_stations.csv", "asset_id": "BRT-0298", "is_buffer": false, "batch_no": 2, "notes": null }, "geometry": { "type": "Point", "coordinates": [ 106.89866, -6.213532 ] } },
{ "type": "Feature", "properties": { "asset_name": "Halte Plaza St. Manggarai", "category": "brt", "category_display": "Halte TransJakarta & Shelter", "city_regency": "Jakarta Pusat", "latitude": -6.210225, "longitude": 106.85099, "source_reference": "transjakarta_stations.csv", "asset_id": "BRT-0299", "is_buffer": false, "batch_no": 2, "notes": null }, "geometry": { "type": "Point", "coordinates": [ 106.85099, -6.210225 ] } },
{ "type": "Feature", "properties": { "asset_name": "Halte Simpang Jln. Bungur II", "category": "brt", "category_display": "Halte TransJakarta & Shelter", "city_regency": "Jakarta Selatan", "latitude": -6.248612, "longitude": 106.7844, "source_reference": "transjakarta_stations.csv", "asset_id": "BRT-0300", "is_buffer": false, "batch_no": 2, "notes": null }, "geometry": { "type": "Point", "coordinates": [ 106.7844, -6.248612 ] } },
{ "type": "Feature", "properties": { "asset_name": "Halte Stasiun Jatinegara", "category": "brt", "category_display": "Halte TransJakarta & Shelter", "city_regency": "Jakarta Timur", "latitude": -6.215601, "longitude": 106.86805, "source_reference": "transjakarta_stations.csv", "asset_id": "BRT-0301", "is_buffer": false, "batch_no": 2, "notes": null }, "geometry": { "type": "Point", "coordinates": [ 106.86805, -6.215601 ] } },
{ "type": "Feature", "properties": { "asset_name": "Halte Simpang Kuningan", "category": "brt", "category_display": "Halte TransJakarta & Shelter", "city_regency": "Jakarta Selatan", "latitude": -6.237005, "longitude": 106.8283, "source_reference": "transjakarta_stations.csv", "asset_id": "BRT-0302", "is_buffer": false, "batch_no": 2, "notes": null }, "geometry": { "type": "Point", "coordinates": [ 106.8283, -6.237005 ] } },
{ "type": "Feature", "properties": { "asset_name": "Halte Simpang Jln. BRI Radio Dalam 2", "category": "brt", "category_display": "Halte TransJakarta & Shelter", "city_regency": "Jakarta Selatan", "latitude": -6.257118, "longitude": 106.790375, "source_reference": "transjakarta_stations.csv", "asset_id": "BRT-0303", "is_buffer": false, "batch_no": 2, "notes": null }, "geometry": { "type": "Point", "coordinates": [ 106.790375, -6.257118 ] } },
{ "type": "Feature", "properties": { "asset_name": "Halte Flyover Jatibaru", "category": "brt", "category_display": "Halte TransJakarta & Shelter", "city_regency": "Jakarta Pusat", "latitude": -6.184188, "longitude": 106.811752, "source_reference": "transjakarta_stations.csv", "asset_id": "BRT-0304", "is_buffer": false, "batch_no": 2, "notes": null }, "geometry": { "type": "Point", "coordinates": [ 106.811752, -6.184188 ] } },
{ "type": "Feature", "properties": { "asset_name": "Halte Simpang Kapuk Cengkareng", "category": "brt", "category_display": "Halte TransJakarta & Shelter", "city_regency": "Kota Tangerang", "latitude": -6.133709, "longitude": 106.730451, "source_reference": "transjakarta_stations.csv", "asset_id": "BRT-0305", "is_buffer": false, "batch_no": 2, "notes": null }, "geometry": { "type": "Point", "coordinates": [ 106.730451, -6.133709 ] } },
{ "type": "Feature", "properties": { "asset_name": "Halte Pondok Indah Plaza", "category": "brt", "category_display": "Halte TransJakarta & Shelter", "city_regency": "Jakarta Selatan", "latitude": -6.284041, "longitude": 106.780333, "source_reference": "transjakarta_stations.csv", "asset_id": "BRT-0306", "is_buffer": false, "batch_no": 2, "notes": null }, "geometry": { "type": "Point", "coordinates": [ 106.780333, -6.284041 ] } },
{ "type": "Feature", "properties": { "asset_name": "Halte Simpang Kemang 1A", "category": "brt", "category_display": "Halte TransJakarta & Shelter", "city_regency": "Jakarta Selatan", "latitude": -6.256692, "longitude": 106.812992, "source_reference": "transjakarta_stations.csv", "asset_id": "BRT-0307", "is_buffer": false, "batch_no": 2, "notes": null }, "geometry": { "type": "Point", "coordinates": [ 106.812992, -6.256692 ] } },
{ "type": "Feature", "properties": { "asset_name": "Halte Mall Daan Mogot Baru", "category": "brt", "category_display": "Halte TransJakarta & Shelter", "city_regency": "Kota Tangerang", "latitude": -6.151325, "longitude": 106.715222, "source_reference": "transjakarta_stations.csv", "asset_id": "BRT-0308", "is_buffer": false, "batch_no": 2, "notes": null }, "geometry": { "type": "Point", "coordinates": [ 106.715222, -6.151325 ] } },
{ "type": "Feature", "properties": { "asset_name": "Halte Simpang Cempaka", "category": "brt", "category_display": "Halte TransJakarta & Shelter", "city_regency": "Jakarta Timur", "latitude": -6.165888, "longitude": 106.8792, "source_reference": "transjakarta_stations.csv", "asset_id": "BRT-0309", "is_buffer": false, "batch_no": 2, "notes": null }, "geometry": { "type": "Point", "coordinates": [ 106.8792, -6.165888 ] } },
{ "type": "Feature", "properties": { "asset_name": "Halte Simpang Sabar Raya Petukangan 2", "category": "brt", "category_display": "Halte TransJakarta & Shelter", "city_regency": "Jakarta Selatan", "latitude": -6.236966, "longitude": 106.7526, "source_reference": "transjakarta_stations.csv", "asset_id": "BRT-0310", "is_buffer": false, "batch_no": 2, "notes": null }, "geometry": { "type": "Point", "coordinates": [ 106.7526, -6.236966 ] } },
{ "type": "Feature", "properties": { "asset_name": "Halte Sbr. Mall Artha Gading 2", "category": "brt", "category_display": "Halte TransJakarta & Shelter", "city_regency": "Jakarta Utara", "latitude": -6.144171, "longitude": 106.891805, "source_reference": "transjakarta_stations.csv", "asset_id": "BRT-0311", "is_buffer": false, "batch_no": 2, "notes": null }, "geometry": { "type": "Point", "coordinates": [ 106.891805, -6.144171 ] } },
{ "type": "Feature", "properties": { "asset_name": "Halte Sbr. Mall Artha Gading", "category": "brt", "category_display": "Halte TransJakarta & Shelter", "city_regency": "Jakarta Utara", "latitude": -6.144451, "longitude": 106.893486, "source_reference": "transjakarta_stations.csv", "asset_id": "BRT-0312", "is_buffer": false, "batch_no": 2, "notes": null }, "geometry": { "type": "Point", "coordinates": [ 106.893486, -6.144451 ] } },
{ "type": "Feature", "properties": { "asset_name": "Halte Simpang Waru Cemara", "category": "brt", "category_display": "Halte TransJakarta & Shelter", "city_regency": "Jakarta Utara", "latitude": -6.11862, "longitude": 106.91531, "source_reference": "transjakarta_stations.csv", "asset_id": "BRT-0313", "is_buffer": false, "batch_no": 2, "notes": null }, "geometry": { "type": "Point", "coordinates": [ 106.91531, -6.11862 ] } },
{ "type": "Feature", "properties": { "asset_name": "Halte Simpang Waru Gedong", "category": "brt", "category_display": "Halte TransJakarta & Shelter", "city_regency": "Jakarta Timur", "latitude": -6.29329, "longitude": 106.85793, "source_reference": "transjakarta_stations.csv", "asset_id": "BRT-0314", "is_buffer": false, "batch_no": 2, "notes": null }, "geometry": { "type": "Point", "coordinates": [ 106.85793, -6.29329 ] } },
{ "type": "Feature", "properties": { "asset_name": "Halte Simpang Waru Kramat Jaya", "category": "brt", "category_display": "Halte TransJakarta & Shelter", "city_regency": "Jakarta Utara", "latitude": -6.118678, "longitude": 106.91659, "source_reference": "transjakarta_stations.csv", "asset_id": "BRT-0315", "is_buffer": false, "batch_no": 2, "notes": null }, "geometry": { "type": "Point", "coordinates": [ 106.91659, -6.118678 ] } },
{ "type": "Feature", "properties": { "asset_name": "Halte Simpang Waru Tengah", "category": "brt", "category_display": "Halte TransJakarta & Shelter", "city_regency": "Jakarta Timur", "latitude": -6.293301, "longitude": 106.85862, "source_reference": "transjakarta_stations.csv", "asset_id": "BRT-0316", "is_buffer": false, "batch_no": 2, "notes": null }, "geometry": { "type": "Point", "coordinates": [ 106.85862, -6.293301 ] } },
{ "type": "Feature", "properties": { "asset_name": "Halte Simpang Warung Sila Rindang", "category": "brt", "category_display": "Halte TransJakarta & Shelter", "city_regency": "Kota Depok", "latitude": -6.345472, "longitude": 106.81167, "source_reference": "transjakarta_stations.csv", "asset_id": "BRT-0317", "is_buffer": false, "batch_no": 2, "notes": null }, "geometry": { "type": "Point", "coordinates": [ 106.81167, -6.345472 ] } },
{ "type": "Feature", "properties": { "asset_name": "Halte Simpang Z Sukabumi Selatan 1", "category": "brt", "category_display": "Halte TransJakarta & Shelter", "city_regency": "Jakarta Barat", "latitude": -6.218681, "longitude": 106.77024, "source_reference": "transjakarta_stations.csv", "asset_id": "BRT-0318", "is_buffer": false, "batch_no": 2, "notes": null }, "geometry": { "type": "Point", "coordinates": [ 106.77024, -6.218681 ] } },
{ "type": "Feature", "properties": { "asset_name": "Halte Sbr. Pondok Indah Plaza", "category": "brt", "category_display": "Halte TransJakarta & Shelter", "city_regency": "Jakarta Selatan", "latitude": -6.284056, "longitude": 106.780121, "source_reference": "transjakarta_stations.csv", "asset_id": "BRT-0319", "is_buffer": false, "batch_no": 2, "notes": null }, "geometry": { "type": "Point", "coordinates": [ 106.780121, -6.284056 ] } },
{ "type": "Feature", "properties": { "asset_name": "Halte ABA", "category": "brt", "category_display": "Halte TransJakarta & Shelter", "city_regency": "Jakarta Pusat", "latitude": -6.194149, "longitude": 106.83939, "source_reference": "transjakarta_stations.csv:dynamic", "asset_id": "BRT-0320", "is_buffer": false, "batch_no": 3, "notes": "Hot-Swapped dari buffer BRT-DYN-001 (pengganti Halte Flyover Cakung Barat 404)" }, "geometry": { "type": "Point", "coordinates": [ 106.83939, -6.194149 ] } },
{ "type": "Feature", "properties": { "asset_name": "Halte Lippo Mall Puri", "category": "brt", "category_display": "Halte TransJakarta & Shelter", "city_regency": "Kota Tangerang", "latitude": -6.18683, "longitude": 106.739575, "source_reference": "transjakarta_stations.csv", "asset_id": "BRT-0321", "is_buffer": false, "batch_no": 3, "notes": null }, "geometry": { "type": "Point", "coordinates": [ 106.739575, -6.18683 ] } },
{ "type": "Feature", "properties": { "asset_name": "Halte Plaza Senayan 1", "category": "brt", "category_display": "Halte TransJakarta & Shelter", "city_regency": "Jakarta Selatan", "latitude": -6.22478, "longitude": 106.797975, "source_reference": "transjakarta_stations.csv", "asset_id": "BRT-0322", "is_buffer": false, "batch_no": 3, "notes": null }, "geometry": { "type": "Point", "coordinates": [ 106.797975, -6.22478 ] } },
{ "type": "Feature", "properties": { "asset_name": "Halte Simpang Tebet Raya Barat 1", "category": "brt", "category_display": "Halte TransJakarta & Shelter", "city_regency": "Jakarta Timur", "latitude": -6.229448, "longitude": 106.84879, "source_reference": "transjakarta_stations.csv", "asset_id": "BRT-0323", "is_buffer": false, "batch_no": 3, "notes": null }, "geometry": { "type": "Point", "coordinates": [ 106.84879, -6.229448 ] } },
{ "type": "Feature", "properties": { "asset_name": "Halte ACE Hardware", "category": "brt", "category_display": "Halte TransJakarta & Shelter", "city_regency": "Kota Depok", "latitude": -6.387532, "longitude": 106.82738, "source_reference": "transjakarta_stations.csv:dynamic", "asset_id": "BRT-0324", "is_buffer": false, "batch_no": 3, "notes": "Hot-Swapped dari buffer BRT-DYN-002 (pengganti Halte Simpang Jln. 26 Selatan 404)" }, "geometry": { "type": "Point", "coordinates": [ 106.82738, -6.387532 ] } },
{ "type": "Feature", "properties": { "asset_name": "Halte Simpang Mandala Maphalindo", "category": "brt", "category_display": "Halte TransJakarta & Shelter", "city_regency": "Jakarta Timur", "latitude": -6.249189, "longitude": 106.89108, "source_reference": "transjakarta_stations.csv", "asset_id": "BRT-0325", "is_buffer": false, "batch_no": 3, "notes": null }, "geometry": { "type": "Point", "coordinates": [ 106.89108, -6.249189 ] } },
{ "type": "Feature", "properties": { "asset_name": "Halte Simpang Meruya Ilir Selatan", "category": "brt", "category_display": "Halte TransJakarta & Shelter", "city_regency": "Kota Tangerang", "latitude": -6.198844, "longitude": 106.74191, "source_reference": "transjakarta_stations.csv", "asset_id": "BRT-0326", "is_buffer": false, "batch_no": 3, "notes": null }, "geometry": { "type": "Point", "coordinates": [ 106.74191, -6.198844 ] } },
{ "type": "Feature", "properties": { "asset_name": "Halte Simpang Malaka Raya Cilangkap", "category": "brt", "category_display": "Halte TransJakarta & Shelter", "city_regency": "Kota Depok", "latitude": -6.337223, "longitude": 106.89782, "source_reference": "transjakarta_stations.csv", "asset_id": "BRT-0327", "is_buffer": false, "batch_no": 3, "notes": null }, "geometry": { "type": "Point", "coordinates": [ 106.89782, -6.337223 ] } },
{ "type": "Feature", "properties": { "asset_name": "Halte Simpang Cibubur III/I", "category": "brt", "category_display": "Halte TransJakarta & Shelter", "city_regency": "Kota Depok", "latitude": -6.344359, "longitude": 106.87407, "source_reference": "transjakarta_stations.csv", "asset_id": "BRT-0328", "is_buffer": false, "batch_no": 3, "notes": null }, "geometry": { "type": "Point", "coordinates": [ 106.87407, -6.344359 ] } },
{ "type": "Feature", "properties": { "asset_name": "Halte Simpang Cemara Waru", "category": "brt", "category_display": "Halte TransJakarta & Shelter", "city_regency": "Jakarta Utara", "latitude": -6.11838, "longitude": 106.91521, "source_reference": "transjakarta_stations.csv", "asset_id": "BRT-0329", "is_buffer": false, "batch_no": 3, "notes": null }, "geometry": { "type": "Point", "coordinates": [ 106.91521, -6.11838 ] } },
{ "type": "Feature", "properties": { "asset_name": "Halte Simpang Cempaka IV Raya 2", "category": "brt", "category_display": "Halte TransJakarta & Shelter", "city_regency": "Jakarta Timur", "latitude": -6.1773, "longitude": 106.86047, "source_reference": "transjakarta_stations.csv", "asset_id": "BRT-0330", "is_buffer": false, "batch_no": 3, "notes": null }, "geometry": { "type": "Point", "coordinates": [ 106.86047, -6.1773 ] } },
{ "type": "Feature", "properties": { "asset_name": "Halte Bona Indah Plaza", "category": "brt", "category_display": "Halte TransJakarta & Shelter", "city_regency": "Jakarta Selatan", "latitude": -6.301283, "longitude": 106.78084, "source_reference": "transjakarta_stations.csv", "asset_id": "BRT-0331", "is_buffer": false, "batch_no": 3, "notes": null }, "geometry": { "type": "Point", "coordinates": [ 106.78084, -6.301283 ] } },
{ "type": "Feature", "properties": { "asset_name": "Halte Simpang Cempaka Putih Ahmad Yani", "category": "brt", "category_display": "Halte TransJakarta & Shelter", "city_regency": "Jakarta Timur", "latitude": -6.176898, "longitude": 106.87556, "source_reference": "transjakarta_stations.csv", "asset_id": "BRT-0332", "is_buffer": false, "batch_no": 3, "notes": null }, "geometry": { "type": "Point", "coordinates": [ 106.87556, -6.176898 ] } },
{ "type": "Feature", "properties": { "asset_name": "Halte Simpang Cempaka Putih Barat XXVI", "category": "brt", "category_display": "Halte TransJakarta & Shelter", "city_regency": "Jakarta Timur", "latitude": -6.176241, "longitude": 106.86392, "source_reference": "transjakarta_stations.csv", "asset_id": "BRT-0333", "is_buffer": false, "batch_no": 3, "notes": null }, "geometry": { "type": "Point", "coordinates": [ 106.86392, -6.176241 ] } },
{ "type": "Feature", "properties": { "asset_name": "Halte Simpang Cempaka Putih Tengah XIII", "category": "brt", "category_display": "Halte TransJakarta & Shelter", "city_regency": "Jakarta Timur", "latitude": -6.176319, "longitude": 106.87085, "source_reference": "transjakarta_stations.csv", "asset_id": "BRT-0334", "is_buffer": false, "batch_no": 3, "notes": null }, "geometry": { "type": "Point", "coordinates": [ 106.87085, -6.176319 ] } },
{ "type": "Feature", "properties": { "asset_name": "Halte Simpang Cendrawasih Hybrida Terusan", "category": "brt", "category_display": "Halte TransJakarta & Shelter", "city_regency": "Jakarta Utara", "latitude": -6.150051, "longitude": 106.923293, "source_reference": "transjakarta_stations.csv", "asset_id": "BRT-0335", "is_buffer": false, "batch_no": 3, "notes": null }, "geometry": { "type": "Point", "coordinates": [ 106.923293, -6.150051 ] } },
{ "type": "Feature", "properties": { "asset_name": "Halte Simpang Bina Marga Raya Ceger", "category": "brt", "category_display": "Halte TransJakarta & Shelter", "city_regency": "Jakarta Timur", "latitude": -6.314652, "longitude": 106.89243, "source_reference": "transjakarta_stations.csv", "asset_id": "BRT-0336", "is_buffer": false, "batch_no": 3, "notes": null }, "geometry": { "type": "Point", "coordinates": [ 106.89243, -6.314652 ] } },
{ "type": "Feature", "properties": { "asset_name": "Halte Simpang Cilandak Tengah Raya 1", "category": "brt", "category_display": "Halte TransJakarta & Shelter", "city_regency": "Jakarta Selatan", "latitude": -6.291253, "longitude": 106.80188, "source_reference": "transjakarta_stations.csv", "asset_id": "BRT-0337", "is_buffer": false, "batch_no": 3, "notes": null }, "geometry": { "type": "Point", "coordinates": [ 106.80188, -6.291253 ] } },
{ "type": "Feature", "properties": { "asset_name": "Halte Simpang Cilandak Tengah Raya 2", "category": "brt", "category_display": "Halte TransJakarta & Shelter", "city_regency": "Jakarta Selatan", "latitude": -6.291453, "longitude": 106.80187, "source_reference": "transjakarta_stations.csv", "asset_id": "BRT-0338", "is_buffer": false, "batch_no": 3, "notes": null }, "geometry": { "type": "Point", "coordinates": [ 106.80187, -6.291453 ] } },
{ "type": "Feature", "properties": { "asset_name": "Halte Simpang Cilangkap Bina Marga", "category": "brt", "category_display": "Halte TransJakarta & Shelter", "city_regency": "Kota Depok", "latitude": -6.331786, "longitude": 106.888124, "source_reference": "transjakarta_stations.csv", "asset_id": "BRT-0339", "is_buffer": false, "batch_no": 3, "notes": null }, "geometry": { "type": "Point", "coordinates": [ 106.888124, -6.331786 ] } },
{ "type": "Feature", "properties": { "asset_name": "Halte Simpang Ciledug H. Mukhtar Raya", "category": "brt", "category_display": "Halte TransJakarta & Shelter", "city_regency": "Kota Tangerang", "latitude": -6.236037, "longitude": 106.7441, "source_reference": "transjakarta_stations.csv", "asset_id": "BRT-0340", "is_buffer": false, "batch_no": 3, "notes": null }, "geometry": { "type": "Point", "coordinates": [ 106.7441, -6.236037 ] } },
{ "type": "Feature", "properties": { "asset_name": "Halte Simpang Cipete Raya Dalam", "category": "brt", "category_display": "Halte TransJakarta & Shelter", "city_regency": "Jakarta Selatan", "latitude": -6.277545, "longitude": 106.80067, "source_reference": "transjakarta_stations.csv", "asset_id": "BRT-0341", "is_buffer": false, "batch_no": 3, "notes": null }, "geometry": { "type": "Point", "coordinates": [ 106.80067, -6.277545 ] } },
{ "type": "Feature", "properties": { "asset_name": "Halte Simpang Cipeucang Cikeujang", "category": "brt", "category_display": "Halte TransJakarta & Shelter", "city_regency": "Jakarta Utara", "latitude": -6.112302, "longitude": 106.89953, "source_reference": "transjakarta_stations.csv", "asset_id": "BRT-0342", "is_buffer": false, "batch_no": 3, "notes": null }, "geometry": { "type": "Point", "coordinates": [ 106.89953, -6.112302 ] } },
{ "type": "Feature", "properties": { "asset_name": "Halte Simpang Cipinang Indah I", "category": "brt", "category_display": "Halte TransJakarta & Shelter", "city_regency": "Jakarta Timur", "latitude": -6.232488, "longitude": 106.89124, "source_reference": "transjakarta_stations.csv", "asset_id": "BRT-0343", "is_buffer": false, "batch_no": 3, "notes": null }, "geometry": { "type": "Point", "coordinates": [ 106.89124, -6.232488 ] } },
{ "type": "Feature", "properties": { "asset_name": "Halte Simpang Cipinang Indah II", "category": "brt", "category_display": "Halte TransJakarta & Shelter", "city_regency": "Jakarta Timur", "latitude": -6.232796, "longitude": 106.89096, "source_reference": "transjakarta_stations.csv", "asset_id": "BRT-0344", "is_buffer": false, "batch_no": 3, "notes": null }, "geometry": { "type": "Point", "coordinates": [ 106.89096, -6.232796 ] } },
{ "type": "Feature", "properties": { "asset_name": "Halte Simpang Cemara Labu", "category": "brt", "category_display": "Halte TransJakarta & Shelter", "city_regency": "Jakarta Utara", "latitude": -6.116039, "longitude": 106.91522, "source_reference": "transjakarta_stations.csv", "asset_id": "BRT-0345", "is_buffer": false, "batch_no": 3, "notes": null }, "geometry": { "type": "Point", "coordinates": [ 106.91522, -6.116039 ] } },
{ "type": "Feature", "properties": { "asset_name": "Halte Simpang Camar 2", "category": "brt", "category_display": "Halte TransJakarta & Shelter", "city_regency": "Jakarta Utara", "latitude": -6.113256, "longitude": 106.9193, "source_reference": "transjakarta_stations.csv", "asset_id": "BRT-0346", "is_buffer": false, "batch_no": 3, "notes": null }, "geometry": { "type": "Point", "coordinates": [ 106.9193, -6.113256 ] } },
{ "type": "Feature", "properties": { "asset_name": "Halte Simpang Camar 1", "category": "brt", "category_display": "Halte TransJakarta & Shelter", "city_regency": "Jakarta Utara", "latitude": -6.113327, "longitude": 106.91975, "source_reference": "transjakarta_stations.csv", "asset_id": "BRT-0347", "is_buffer": false, "batch_no": 3, "notes": null }, "geometry": { "type": "Point", "coordinates": [ 106.91975, -6.113327 ] } },
{ "type": "Feature", "properties": { "asset_name": "Halte Simpang Buni Tomang Asli", "category": "brt", "category_display": "Halte TransJakarta & Shelter", "city_regency": "Jakarta Barat", "latitude": -6.177988, "longitude": 106.80471, "source_reference": "transjakarta_stations.csv", "asset_id": "BRT-0348", "is_buffer": false, "batch_no": 3, "notes": null }, "geometry": { "type": "Point", "coordinates": [ 106.80471, -6.177988 ] } },
{ "type": "Feature", "properties": { "asset_name": "Halte Simpang Jembatan Dua", "category": "brt", "category_display": "Halte TransJakarta & Shelter", "city_regency": "Jakarta Utara", "latitude": -6.138236, "longitude": 106.793296, "source_reference": "transjakarta_stations.csv", "asset_id": "BRT-0349", "is_buffer": false, "batch_no": 3, "notes": null }, "geometry": { "type": "Point", "coordinates": [ 106.793296, -6.138236 ] } },
{ "type": "Feature", "properties": { "asset_name": "Halte Simpang Blok E", "category": "brt", "category_display": "Halte TransJakarta & Shelter", "city_regency": "Jakarta Pusat", "latitude": -6.184488, "longitude": 106.81525, "source_reference": "transjakarta_stations.csv", "asset_id": "BRT-0350", "is_buffer": false, "batch_no": 3, "notes": null }, "geometry": { "type": "Point", "coordinates": [ 106.81525, -6.184488 ] } },
{ "type": "Feature", "properties": { "asset_name": "Halte Simpang Bojong Raya Kembangan Utara", "category": "brt", "category_display": "Halte TransJakarta & Shelter", "city_regency": "Kota Tangerang", "latitude": -6.17092, "longitude": 106.7333, "source_reference": "transjakarta_stations.csv", "asset_id": "BRT-0351", "is_buffer": false, "batch_no": 3, "notes": null }, "geometry": { "type": "Point", "coordinates": [ 106.7333, -6.17092 ] } },
{ "type": "Feature", "properties": { "asset_name": "Halte Simpang Bojong Raya Rawa Buaya", "category": "brt", "category_display": "Halte TransJakarta & Shelter", "city_regency": "Kota Tangerang", "latitude": -6.159489, "longitude": 106.72975, "source_reference": "transjakarta_stations.csv", "asset_id": "BRT-0352", "is_buffer": false, "batch_no": 3, "notes": null }, "geometry": { "type": "Point", "coordinates": [ 106.72975, -6.159489 ] } },
{ "type": "Feature", "properties": { "asset_name": "Halte Simpang Budaya Batu Ampar 1", "category": "brt", "category_display": "Halte TransJakarta & Shelter", "city_regency": "Jakarta Timur", "latitude": -6.273166, "longitude": 106.86047, "source_reference": "transjakarta_stations.csv", "asset_id": "BRT-0353", "is_buffer": false, "batch_no": 3, "notes": null }, "geometry": { "type": "Point", "coordinates": [ 106.86047, -6.273166 ] } },
{ "type": "Feature", "properties": { "asset_name": "Halte Simpang Budaya Batu Ampar 2", "category": "brt", "category_display": "Halte TransJakarta & Shelter", "city_regency": "Jakarta Timur", "latitude": -6.272658, "longitude": 106.86094, "source_reference": "transjakarta_stations.csv", "asset_id": "BRT-0354", "is_buffer": false, "batch_no": 3, "notes": null }, "geometry": { "type": "Point", "coordinates": [ 106.86094, -6.272658 ] } },
{ "type": "Feature", "properties": { "asset_name": "Halte Simpang Budi Sakti Raya", "category": "brt", "category_display": "Halte TransJakarta & Shelter", "city_regency": "Jakarta Barat", "latitude": -6.188377, "longitude": 106.78328, "source_reference": "transjakarta_stations.csv", "asset_id": "BRT-0355", "is_buffer": false, "batch_no": 3, "notes": null }, "geometry": { "type": "Point", "coordinates": [ 106.78328, -6.188377 ] } },
{ "type": "Feature", "properties": { "asset_name": "Halte Simpang Bukit Duri Selatan", "category": "brt", "category_display": "Halte TransJakarta & Shelter", "city_regency": "Jakarta Timur", "latitude": -6.221135, "longitude": 106.85519, "source_reference": "transjakarta_stations.csv", "asset_id": "BRT-0356", "is_buffer": false, "batch_no": 3, "notes": null }, "geometry": { "type": "Point", "coordinates": [ 106.85519, -6.221135 ] } },
{ "type": "Feature", "properties": { "asset_name": "Halte Simpang Bukit Duri Selatan 1", "category": "brt", "category_display": "Halte TransJakarta & Shelter", "city_regency": "Jakarta Pusat", "latitude": -6.218901, "longitude": 106.85316, "source_reference": "transjakarta_stations.csv", "asset_id": "BRT-0357", "is_buffer": false, "batch_no": 3, "notes": null }, "geometry": { "type": "Point", "coordinates": [ 106.85316, -6.218901 ] } },
{ "type": "Feature", "properties": { "asset_name": "Halte Simpang Bukit Duri Selatan 2", "category": "brt", "category_display": "Halte TransJakarta & Shelter", "city_regency": "Jakarta Pusat", "latitude": -6.218776, "longitude": 106.85297, "source_reference": "transjakarta_stations.csv", "asset_id": "BRT-0358", "is_buffer": false, "batch_no": 3, "notes": null }, "geometry": { "type": "Point", "coordinates": [ 106.85297, -6.218776 ] } },
{ "type": "Feature", "properties": { "asset_name": "Halte Simpang Bundaran Ikan Harapan Indah 3", "category": "brt", "category_display": "Halte TransJakarta & Shelter", "city_regency": "Kota Bekasi", "latitude": -6.180471, "longitude": 106.98134, "source_reference": "transjakarta_stations.csv", "asset_id": "BRT-0359", "is_buffer": false, "batch_no": 3, "notes": null }, "geometry": { "type": "Point", "coordinates": [ 106.98134, -6.180471 ] } },
{ "type": "Feature", "properties": { "asset_name": "Halte Simpang Bundaran Ikan Harapan Indah Raya 1", "category": "brt", "category_display": "Halte TransJakarta & Shelter", "city_regency": "Kota Bekasi", "latitude": -6.181458, "longitude": 106.98134, "source_reference": "transjakarta_stations.csv", "asset_id": "BRT-0360", "is_buffer": false, "batch_no": 3, "notes": null }, "geometry": { "type": "Point", "coordinates": [ 106.98134, -6.181458 ] } },
{ "type": "Feature", "properties": { "asset_name": "Halte Simpang Bunga Flamboyan Asem II", "category": "brt", "category_display": "Halte TransJakarta & Shelter", "city_regency": "Jakarta Selatan", "latitude": -6.272213, "longitude": 106.80309, "source_reference": "transjakarta_stations.csv", "asset_id": "BRT-0361", "is_buffer": false, "batch_no": 3, "notes": null }, "geometry": { "type": "Point", "coordinates": [ 106.80309, -6.272213 ] } },
{ "type": "Feature", "properties": { "asset_name": "Halte Simpang Bunga Flamboyan Melati", "category": "brt", "category_display": "Halte TransJakarta & Shelter", "city_regency": "Jakarta Selatan", "latitude": -6.269686, "longitude": 106.80352, "source_reference": "transjakarta_stations.csv", "asset_id": "BRT-0362", "is_buffer": false, "batch_no": 3, "notes": null }, "geometry": { "type": "Point", "coordinates": [ 106.80352, -6.269686 ] } },
{ "type": "Feature", "properties": { "asset_name": "Halte Simpang Bunga Melati Flamboyan", "category": "brt", "category_display": "Halte TransJakarta & Shelter", "city_regency": "Jakarta Selatan", "latitude": -6.269955, "longitude": 106.80329, "source_reference": "transjakarta_stations.csv", "asset_id": "BRT-0363", "is_buffer": false, "batch_no": 3, "notes": null }, "geometry": { "type": "Point", "coordinates": [ 106.80329, -6.269955 ] } },
{ "type": "Feature", "properties": { "asset_name": "Halte Simpang Bungur Mahakam", "category": "brt", "category_display": "Halte TransJakarta & Shelter", "city_regency": "Jakarta Timur", "latitude": -6.31873, "longitude": 106.88377, "source_reference": "transjakarta_stations.csv", "asset_id": "BRT-0364", "is_buffer": false, "batch_no": 3, "notes": null }, "geometry": { "type": "Point", "coordinates": [ 106.88377, -6.31873 ] } },
{ "type": "Feature", "properties": { "asset_name": "Halte Simpang Mahoni Cempaka", "category": "brt", "category_display": "Halte TransJakarta & Shelter", "city_regency": "Jakarta Utara", "latitude": -6.115972, "longitude": 106.91335, "source_reference": "transjakarta_stations.csv", "asset_id": "BRT-0365", "is_buffer": false, "batch_no": 3, "notes": null }, "geometry": { "type": "Point", "coordinates": [ 106.91335, -6.115972 ] } },
{ "type": "Feature", "properties": { "asset_name": "Halte Simpang Cipinang Kebembem 1", "category": "brt", "category_display": "Halte TransJakarta & Shelter", "city_regency": "Jakarta Timur", "latitude": -6.207671, "longitude": 106.88522, "source_reference": "transjakarta_stations.csv", "asset_id": "BRT-0366", "is_buffer": false, "batch_no": 3, "notes": null }, "geometry": { "type": "Point", "coordinates": [ 106.88522, -6.207671 ] } },
{ "type": "Feature", "properties": { "asset_name": "Halte Adam Malik 1", "category": "brt", "category_display": "Halte TransJakarta & Shelter", "city_regency": "Kota Tangerang", "latitude": -6.236396, "longitude": 106.74776, "source_reference": "transjakarta_stations.csv:dynamic", "asset_id": "BRT-0367", "is_buffer": false, "batch_no": 3, "notes": "Hot-Swapped dari buffer BRT-DYN-003 (pengganti Halte Simpang Rw. Panjang Ahmad Yani 404)" }, "geometry": { "type": "Point", "coordinates": [ 106.74776, -6.236396 ] } },
{ "type": "Feature", "properties": { "asset_name": "Halte Simpang Dharmawangsa VIII", "category": "brt", "category_display": "Halte TransJakarta & Shelter", "city_regency": "Jakarta Selatan", "latitude": -6.253614, "longitude": 106.80792, "source_reference": "transjakarta_stations.csv", "asset_id": "BRT-0368", "is_buffer": false, "batch_no": 3, "notes": null }, "geometry": { "type": "Point", "coordinates": [ 106.80792, -6.253614 ] } },
{ "type": "Feature", "properties": { "asset_name": "Halte Ahmad Yani Pisangan Baru", "category": "brt", "category_display": "Halte TransJakarta & Shelter", "city_regency": "Jakarta Timur", "latitude": -6.211477, "longitude": 106.87374, "source_reference": "transjakarta_stations.csv:dynamic", "asset_id": "BRT-0369", "is_buffer": false, "batch_no": 3, "notes": "Hot-Swapped dari buffer BRT-DYN-004 (pengganti Halte Simpang Pekayon Ahmad Yani 404)" }, "geometry": { "type": "Point", "coordinates": [ 106.87374, -6.211477 ] } },
{ "type": "Feature", "properties": { "asset_name": "Halte Simpang Dinkes", "category": "brt", "category_display": "Halte TransJakarta & Shelter", "city_regency": "Jakarta Pusat", "latitude": -6.170376, "longitude": 106.81543, "source_reference": "transjakarta_stations.csv", "asset_id": "BRT-0370", "is_buffer": false, "batch_no": 3, "notes": null }, "geometry": { "type": "Point", "coordinates": [ 106.81543, -6.170376 ] } },
{ "type": "Feature", "properties": { "asset_name": "Halte Simpang Dukuh Kramat Jaya", "category": "brt", "category_display": "Halte TransJakarta & Shelter", "city_regency": "Jakarta Utara", "latitude": -6.112443, "longitude": 106.9171, "source_reference": "transjakarta_stations.csv", "asset_id": "BRT-0371", "is_buffer": false, "batch_no": 3, "notes": null }, "geometry": { "type": "Point", "coordinates": [ 106.9171, -6.112443 ] } },
{ "type": "Feature", "properties": { "asset_name": "Halte Simpang Empat Pelita 2", "category": "brt", "category_display": "Halte TransJakarta & Shelter", "city_regency": "Jakarta Utara", "latitude": -6.126386, "longitude": 106.88368, "source_reference": "transjakarta_stations.csv", "asset_id": "BRT-0372", "is_buffer": false, "batch_no": 3, "notes": null }, "geometry": { "type": "Point", "coordinates": [ 106.88368, -6.126386 ] } },
{ "type": "Feature", "properties": { "asset_name": "Halte Simpang Fatmawati", "category": "brt", "category_display": "Halte TransJakarta & Shelter", "city_regency": "Jakarta Selatan", "latitude": -6.291232, "longitude": 106.79533, "source_reference": "transjakarta_stations.csv", "asset_id": "BRT-0373", "is_buffer": false, "batch_no": 3, "notes": null }, "geometry": { "type": "Point", "coordinates": [ 106.79533, -6.291232 ] } },
{ "type": "Feature", "properties": { "asset_name": "Halte Simpang Gading Mas Biru Laut", "category": "brt", "category_display": "Halte TransJakarta & Shelter", "city_regency": "Jakarta Timur", "latitude": -6.166526, "longitude": 106.90893, "source_reference": "transjakarta_stations.csv", "asset_id": "BRT-0374", "is_buffer": false, "batch_no": 3, "notes": null }, "geometry": { "type": "Point", "coordinates": [ 106.90893, -6.166526 ] } },
{ "type": "Feature", "properties": { "asset_name": "Halte Simpang Gading Raya", "category": "brt", "category_display": "Halte TransJakarta & Shelter", "city_regency": "Jakarta Timur", "latitude": -6.239038, "longitude": 106.90515, "source_reference": "transjakarta_stations.csv", "asset_id": "BRT-0375", "is_buffer": false, "batch_no": 3, "notes": null }, "geometry": { "type": "Point", "coordinates": [ 106.90515, -6.239038 ] } },
{ "type": "Feature", "properties": { "asset_name": "Halte Simpang Gaharu MPR Raya", "category": "brt", "category_display": "Halte TransJakarta & Shelter", "city_regency": "Jakarta Selatan", "latitude": -6.28008, "longitude": 106.80245, "source_reference": "transjakarta_stations.csv", "asset_id": "BRT-0376", "is_buffer": false, "batch_no": 3, "notes": null }, "geometry": { "type": "Point", "coordinates": [ 106.80245, -6.28008 ] } },
{ "type": "Feature", "properties": { "asset_name": "Halte Simpang Gandaria Kyai Maja", "category": "brt", "category_display": "Halte TransJakarta & Shelter", "city_regency": "Jakarta Selatan", "latitude": -6.24186, "longitude": 106.79, "source_reference": "transjakarta_stations.csv", "asset_id": "BRT-0377", "is_buffer": false, "batch_no": 3, "notes": null }, "geometry": { "type": "Point", "coordinates": [ 106.79, -6.24186 ] } },
{ "type": "Feature", "properties": { "asset_name": "Halte Sbr. Simpang Hadiah", "category": "brt", "category_display": "Halte TransJakarta & Shelter", "city_regency": "Jakarta Barat", "latitude": -6.161643, "longitude": 106.78415, "source_reference": "transjakarta_stations.csv", "asset_id": "BRT-0378", "is_buffer": false, "batch_no": 3, "notes": null }, "geometry": { "type": "Point", "coordinates": [ 106.78415, -6.161643 ] } },
{ "type": "Feature", "properties": { "asset_name": "Halte Simpang Gg. Macan Daan Mogot", "category": "brt", "category_display": "Halte TransJakarta & Shelter", "city_regency": "Jakarta Barat", "latitude": -6.162659, "longitude": 106.77298, "source_reference": "transjakarta_stations.csv", "asset_id": "BRT-0379", "is_buffer": false, "batch_no": 3, "notes": null }, "geometry": { "type": "Point", "coordinates": [ 106.77298, -6.162659 ] } },
{ "type": "Feature", "properties": { "asset_name": "Halte Simpang Garden City 2", "category": "brt", "category_display": "Halte TransJakarta & Shelter", "city_regency": "Kota Bekasi", "latitude": -6.171597, "longitude": 106.96277, "source_reference": "transjakarta_stations.csv", "asset_id": "BRT-0380", "is_buffer": false, "batch_no": 3, "notes": null }, "geometry": { "type": "Point", "coordinates": [ 106.96277, -6.171597 ] } },
{ "type": "Feature", "properties": { "asset_name": "Halte Simpang Gelong Baru Tengah Mandala", "category": "brt", "category_display": "Halte TransJakarta & Shelter", "city_regency": "Jakarta Barat", "latitude": -6.174682, "longitude": 106.79525, "source_reference": "transjakarta_stations.csv", "asset_id": "BRT-0381", "is_buffer": false, "batch_no": 3, "notes": null }, "geometry": { "type": "Point", "coordinates": [ 106.79525, -6.174682 ] } },
{ "type": "Feature", "properties": { "asset_name": "Halte Simpang Gelong Baru Tengah Utara", "category": "brt", "category_display": "Halte TransJakarta & Shelter", "city_regency": "Jakarta Barat", "latitude": -6.174399, "longitude": 106.79489, "source_reference": "transjakarta_stations.csv", "asset_id": "BRT-0382", "is_buffer": false, "batch_no": 3, "notes": null }, "geometry": { "type": "Point", "coordinates": [ 106.79489, -6.174399 ] } },
{ "type": "Feature", "properties": { "asset_name": "Halte Simpang Gongseng Raya H. Hasan", "category": "brt", "category_display": "Halte TransJakarta & Shelter", "city_regency": "Kota Depok", "latitude": -6.325016, "longitude": 106.85048, "source_reference": "transjakarta_stations.csv", "asset_id": "BRT-0383", "is_buffer": false, "batch_no": 3, "notes": null }, "geometry": { "type": "Point", "coordinates": [ 106.85048, -6.325016 ] } },
{ "type": "Feature", "properties": { "asset_name": "Halte Simpang Gongseng Raya Pondok Baru", "category": "brt", "category_display": "Halte TransJakarta & Shelter", "city_regency": "Kota Depok", "latitude": -6.326483, "longitude": 106.85919, "source_reference": "transjakarta_stations.csv", "asset_id": "BRT-0384", "is_buffer": false, "batch_no": 3, "notes": null }, "geometry": { "type": "Point", "coordinates": [ 106.85919, -6.326483 ] } },
{ "type": "Feature", "properties": { "asset_name": "Halte Akademi Farmasi Mahadhika", "category": "brt", "category_display": "Halte TransJakarta & Shelter", "city_regency": "Jakarta Timur", "latitude": -6.312819, "longitude": 106.8693, "source_reference": "transjakarta_stations.csv:dynamic", "asset_id": "BRT-0385", "is_buffer": false, "batch_no": 3, "notes": "Hot-Swapped dari buffer BRT-DYN-005 (pengganti Halte Sbr. Simpang Pekayon Ahmad Yani 404)" }, "geometry": { "type": "Point", "coordinates": [ 106.8693, -6.312819 ] } },
{ "type": "Feature", "properties": { "asset_name": "Halte Simpang Dewi Sartika Condet", "category": "brt", "category_display": "Halte TransJakarta & Shelter", "city_regency": "Jakarta Timur", "latitude": -6.26274, "longitude": 106.86451, "source_reference": "transjakarta_stations.csv", "asset_id": "BRT-0386", "is_buffer": false, "batch_no": 3, "notes": null }, "geometry": { "type": "Point", "coordinates": [ 106.86451, -6.26274 ] } },
{ "type": "Feature", "properties": { "asset_name": "Halte Simpang Cipinang Lontar Mulya Jaya", "category": "brt", "category_display": "Halte TransJakarta & Shelter", "city_regency": "Jakarta Timur", "latitude": -6.217102, "longitude": 106.89005, "source_reference": "transjakarta_stations.csv", "asset_id": "BRT-0387", "is_buffer": false, "batch_no": 3, "notes": null }, "geometry": { "type": "Point", "coordinates": [ 106.89005, -6.217102 ] } },
{ "type": "Feature", "properties": { "asset_name": "Halte Simpang Dewa Kembar", "category": "brt", "category_display": "Halte TransJakarta & Shelter", "city_regency": "Jakarta Utara", "latitude": -6.110108, "longitude": 106.92617, "source_reference": "transjakarta_stations.csv", "asset_id": "BRT-0388", "is_buffer": false, "batch_no": 3, "notes": null }, "geometry": { "type": "Point", "coordinates": [ 106.92617, -6.110108 ] } },
{ "type": "Feature", "properties": { "asset_name": "Halte BSD Plaza 1", "category": "brt", "category_display": "Halte TransJakarta & Shelter", "city_regency": "Kota Tangerang Selatan", "latitude": -6.278263, "longitude": 106.66103, "source_reference": "transjakarta_stations.csv", "asset_id": "BRT-0389", "is_buffer": false, "batch_no": 3, "notes": null }, "geometry": { "type": "Point", "coordinates": [ 106.66103, -6.278263 ] } },
{ "type": "Feature", "properties": { "asset_name": "Halte BSD Plaza 2", "category": "brt", "category_display": "Halte TransJakarta & Shelter", "city_regency": "Kota Tangerang Selatan", "latitude": -6.280847, "longitude": 106.66305, "source_reference": "transjakarta_stations.csv", "asset_id": "BRT-0390", "is_buffer": false, "batch_no": 3, "notes": null }, "geometry": { "type": "Point", "coordinates": [ 106.66305, -6.280847 ] } },
{ "type": "Feature", "properties": { "asset_name": "Halte Simpang Cipinang Nusa Indah", "category": "brt", "category_display": "Halte TransJakarta & Shelter", "city_regency": "Jakarta Timur", "latitude": -6.233614, "longitude": 106.88985, "source_reference": "transjakarta_stations.csv", "asset_id": "BRT-0391", "is_buffer": false, "batch_no": 3, "notes": null }, "geometry": { "type": "Point", "coordinates": [ 106.88985, -6.233614 ] } },
{ "type": "Feature", "properties": { "asset_name": "Halte Simpang Condet Baru 1", "category": "brt", "category_display": "Halte TransJakarta & Shelter", "city_regency": "Jakarta Timur", "latitude": -6.284739, "longitude": 106.8582, "source_reference": "transjakarta_stations.csv", "asset_id": "BRT-0392", "is_buffer": false, "batch_no": 3, "notes": null }, "geometry": { "type": "Point", "coordinates": [ 106.8582, -6.284739 ] } },
{ "type": "Feature", "properties": { "asset_name": "Halte Living Plaza Cikarang", "category": "brt", "category_display": "Halte TransJakarta & Shelter", "city_regency": "Kab. Bekasi", "latitude": -6.298812, "longitude": 107.148946, "source_reference": "transjakarta_stations.csv", "asset_id": "BRT-0393", "is_buffer": false, "batch_no": 3, "notes": null }, "geometry": { "type": "Point", "coordinates": [ 107.148946, -6.298812 ] } },
{ "type": "Feature", "properties": { "asset_name": "Halte Simpang Condet Baru 2", "category": "brt", "category_display": "Halte TransJakarta & Shelter", "city_regency": "Jakarta Timur", "latitude": -6.284556, "longitude": 106.8582, "source_reference": "transjakarta_stations.csv", "asset_id": "BRT-0394", "is_buffer": false, "batch_no": 3, "notes": null }, "geometry": { "type": "Point", "coordinates": [ 106.8582, -6.284556 ] } },
{ "type": "Feature", "properties": { "asset_name": "Halte Simpang Daan Mogot Gg. Macan", "category": "brt", "category_display": "Halte TransJakarta & Shelter", "city_regency": "Jakarta Barat", "latitude": -6.163143, "longitude": 106.77313, "source_reference": "transjakarta_stations.csv", "asset_id": "BRT-0395", "is_buffer": false, "batch_no": 3, "notes": null }, "geometry": { "type": "Point", "coordinates": [ 106.77313, -6.163143 ] } },
{ "type": "Feature", "properties": { "asset_name": "Halte Akper Fatmawati Pondok Labu", "category": "brt", "category_display": "Halte TransJakarta & Shelter", "city_regency": "Jakarta Selatan", "latitude": -6.313187, "longitude": 106.79931, "source_reference": "transjakarta_stations.csv:dynamic", "asset_id": "BRT-0396", "is_buffer": false, "batch_no": 3, "notes": "Hot-Swapped dari buffer BRT-DYN-006 (pengganti Halte Buaran Plaza 404)" }, "geometry": { "type": "Point", "coordinates": [ 106.79931, -6.313187 ] } },
{ "type": "Feature", "properties": { "asset_name": "Halte Simpang Danau Indah Barat", "category": "brt", "category_display": "Halte TransJakarta & Shelter", "city_regency": "Jakarta Utara", "latitude": -6.153342, "longitude": 106.87962, "source_reference": "transjakarta_stations.csv", "asset_id": "BRT-0397", "is_buffer": false, "batch_no": 3, "notes": null }, "geometry": { "type": "Point", "coordinates": [ 106.87962, -6.153342 ] } },
{ "type": "Feature", "properties": { "asset_name": "Halte Simpang Danau Indah Raya", "category": "brt", "category_display": "Halte TransJakarta & Shelter", "city_regency": "Jakarta Utara", "latitude": -6.15041, "longitude": 106.87981, "source_reference": "transjakarta_stations.csv", "asset_id": "BRT-0398", "is_buffer": false, "batch_no": 3, "notes": null }, "geometry": { "type": "Point", "coordinates": [ 106.87981, -6.15041 ] } },
{ "type": "Feature", "properties": { "asset_name": "Halte Simpang Danau Permai Raya", "category": "brt", "category_display": "Halte TransJakarta & Shelter", "city_regency": "Jakarta Utara", "latitude": -6.150208, "longitude": 106.87982, "source_reference": "transjakarta_stations.csv", "asset_id": "BRT-0399", "is_buffer": false, "batch_no": 3, "notes": null }, "geometry": { "type": "Point", "coordinates": [ 106.87982, -6.150208 ] } },
{ "type": "Feature", "properties": { "asset_name": "Halte Simpang Danau Sunter Barat Utara", "category": "brt", "category_display": "Halte TransJakarta & Shelter", "city_regency": "Jakarta Utara", "latitude": -6.140807, "longitude": 106.85704, "source_reference": "transjakarta_stations.csv", "asset_id": "BRT-0400", "is_buffer": false, "batch_no": 3, "notes": null }, "geometry": { "type": "Point", "coordinates": [ 106.85704, -6.140807 ] } },
{ "type": "Feature", "properties": { "asset_name": "Stasiun Ancol", "category": "krl", "category_display": "Stasiun KRL Commuter Line", "city_regency": "Jakarta Utara", "latitude": -6.128115, "longitude": 106.845137, "source_reference": "krl_stations.csv", "asset_id": "KRL-0001", "is_buffer": false, "batch_no": 1, "notes": null }, "geometry": { "type": "Point", "coordinates": [ 106.845137, -6.128115 ] } },
{ "type": "Feature", "properties": { "asset_name": "Stasiun Angke", "category": "krl", "category_display": "Stasiun KRL Commuter Line", "city_regency": "Jakarta Utara", "latitude": -6.144737, "longitude": 106.800779, "source_reference": "krl_stations.csv", "asset_id": "KRL-0002", "is_buffer": false, "batch_no": 1, "notes": null }, "geometry": { "type": "Point", "coordinates": [ 106.800779, -6.144737 ] } },
{ "type": "Feature", "properties": { "asset_name": "Stasiun Bojong Indah", "category": "krl", "category_display": "Stasiun KRL Commuter Line", "city_regency": "Kota Tangerang", "latitude": -6.160125, "longitude": 106.73638, "source_reference": "krl_stations.csv", "asset_id": "KRL-0003", "is_buffer": false, "batch_no": 1, "notes": null }, "geometry": { "type": "Point", "coordinates": [ 106.73638, -6.160125 ] } },
{ "type": "Feature", "properties": { "asset_name": "Stasiun KRL Dukuh Atas Bank Syariah Indonesia", "category": "krl", "category_display": "Stasiun KRL Commuter Line", "city_regency": "Jakarta Pusat", "latitude": -6.204828, "longitude": 106.82553, "source_reference": "stations_jakarta.gpkg:8174072570", "asset_id": "KRL-0004", "is_buffer": false, "batch_no": 1, "notes": "Hot-Swapped dari buffer KRL-BUF-001 (pengganti Stasiun Buaran 404)" }, "geometry": { "type": "Point", "coordinates": [ 106.82553, -6.204828 ] } },
{ "type": "Feature", "properties": { "asset_name": "Stasiun KRL Ciliwung", "category": "krl", "category_display": "Stasiun KRL Commuter Line", "city_regency": "Jakarta Timur", "latitude": -6.243446, "longitude": 106.86397, "source_reference": "stations_jakarta.gpkg:8487603262", "asset_id": "KRL-0005", "is_buffer": false, "batch_no": 1, "notes": "Hot-Swapped dari buffer KRL-BUF-002 (pengganti Stasiun Cakung 404)" }, "geometry": { "type": "Point", "coordinates": [ 106.86397, -6.243446 ] } },
{ "type": "Feature", "properties": { "asset_name": "Stasiun Cawang", "category": "krl", "category_display": "Stasiun KRL Commuter Line", "city_regency": "Jakarta Timur", "latitude": -6.242552, "longitude": 106.85869, "source_reference": "krl_stations.csv", "asset_id": "KRL-0006", "is_buffer": false, "batch_no": 1, "notes": null }, "geometry": { "type": "Point", "coordinates": [ 106.85869, -6.242552 ] } },
{ "type": "Feature", "properties": { "asset_name": "Stasiun Cikini", "category": "krl", "category_display": "Stasiun KRL Commuter Line", "city_regency": "Jakarta Pusat", "latitude": -6.198505, "longitude": 106.84128, "source_reference": "krl_stations.csv", "asset_id": "KRL-0007", "is_buffer": false, "batch_no": 1, "notes": null }, "geometry": { "type": "Point", "coordinates": [ 106.84128, -6.198505 ] } },
{ "type": "Feature", "properties": { "asset_name": "Stasiun Duren Kalibata", "category": "krl", "category_display": "Stasiun KRL Commuter Line", "city_regency": "Jakarta Timur", "latitude": -6.255201, "longitude": 106.855167, "source_reference": "krl_stations.csv", "asset_id": "KRL-0008", "is_buffer": false, "batch_no": 1, "notes": null }, "geometry": { "type": "Point", "coordinates": [ 106.855167, -6.255201 ] } },
{ "type": "Feature", "properties": { "asset_name": "Stasiun Duri", "category": "krl", "category_display": "Stasiun KRL Commuter Line", "city_regency": "Jakarta Utara", "latitude": -6.155281, "longitude": 106.801325, "source_reference": "krl_stations.csv", "asset_id": "KRL-0009", "is_buffer": false, "batch_no": 1, "notes": null }, "geometry": { "type": "Point", "coordinates": [ 106.801325, -6.155281 ] } },
{ "type": "Feature", "properties": { "asset_name": "Stasiun Gambir", "category": "krl", "category_display": "Stasiun KRL Commuter Line", "city_regency": "Jakarta Pusat", "latitude": -6.176655, "longitude": 106.830647, "source_reference": "krl_stations.csv", "asset_id": "KRL-0010", "is_buffer": false, "batch_no": 1, "notes": null }, "geometry": { "type": "Point", "coordinates": [ 106.830647, -6.176655 ] } },
{ "type": "Feature", "properties": { "asset_name": "Stasiun Gang Sentiong", "category": "krl", "category_display": "Stasiun KRL Commuter Line", "city_regency": "Jakarta Pusat", "latitude": -6.186153, "longitude": 106.850871, "source_reference": "krl_stations.csv", "asset_id": "KRL-0011", "is_buffer": false, "batch_no": 1, "notes": null }, "geometry": { "type": "Point", "coordinates": [ 106.850871, -6.186153 ] } },
{ "type": "Feature", "properties": { "asset_name": "Stasiun Gondangdia", "category": "krl", "category_display": "Stasiun KRL Commuter Line", "city_regency": "Jakarta Pusat", "latitude": -6.185911, "longitude": 106.832566, "source_reference": "krl_stations.csv", "asset_id": "KRL-0012", "is_buffer": false, "batch_no": 1, "notes": null }, "geometry": { "type": "Point", "coordinates": [ 106.832566, -6.185911 ] } },
{ "type": "Feature", "properties": { "asset_name": "Stasiun Grogol", "category": "krl", "category_display": "Stasiun KRL Commuter Line", "city_regency": "Jakarta Barat", "latitude": -6.162035, "longitude": 106.78961, "source_reference": "krl_stations.csv", "asset_id": "KRL-0013", "is_buffer": false, "batch_no": 1, "notes": null }, "geometry": { "type": "Point", "coordinates": [ 106.78961, -6.162035 ] } },
{ "type": "Feature", "properties": { "asset_name": "Stasiun Jakarta Gudang", "category": "krl", "category_display": "Stasiun KRL Commuter Line", "city_regency": "Jakarta Utara", "latitude": -6.133327, "longitude": 106.819373, "source_reference": "krl_stations.csv", "asset_id": "KRL-0014", "is_buffer": false, "batch_no": 1, "notes": null }, "geometry": { "type": "Point", "coordinates": [ 106.819373, -6.133327 ] } },
{ "type": "Feature", "properties": { "asset_name": "Stasiun Jakarta International Stadium", "category": "krl", "category_display": "Stasiun KRL Commuter Line", "city_regency": "Jakarta Utara", "latitude": -6.122963, "longitude": 106.860816, "source_reference": "krl_stations.csv", "asset_id": "KRL-0015", "is_buffer": false, "batch_no": 1, "notes": null }, "geometry": { "type": "Point", "coordinates": [ 106.860816, -6.122963 ] } },
{ "type": "Feature", "properties": { "asset_name": "Stasiun Jakarta Kota", "category": "krl", "category_display": "Stasiun KRL Commuter Line", "city_regency": "Jakarta Utara", "latitude": -6.137362, "longitude": 106.815217, "source_reference": "krl_stations.csv", "asset_id": "KRL-0016", "is_buffer": false, "batch_no": 1, "notes": null }, "geometry": { "type": "Point", "coordinates": [ 106.815217, -6.137362 ] } },
{ "type": "Feature", "properties": { "asset_name": "Stasiun Jatinegara", "category": "krl", "category_display": "Stasiun KRL Commuter Line", "city_regency": "Jakarta Timur", "latitude": -6.214925, "longitude": 106.870339, "source_reference": "krl_stations.csv", "asset_id": "KRL-0017", "is_buffer": false, "batch_no": 1, "notes": null }, "geometry": { "type": "Point", "coordinates": [ 106.870339, -6.214925 ] } },
{ "type": "Feature", "properties": { "asset_name": "Stasiun Jayakarta", "category": "krl", "category_display": "Stasiun KRL Commuter Line", "city_regency": "Jakarta Utara", "latitude": -6.1413, "longitude": 106.823132, "source_reference": "krl_stations.csv", "asset_id": "KRL-0018", "is_buffer": false, "batch_no": 1, "notes": null }, "geometry": { "type": "Point", "coordinates": [ 106.823132, -6.1413 ] } },
{ "type": "Feature", "properties": { "asset_name": "Stasiun Juanda", "category": "krl", "category_display": "Stasiun KRL Commuter Line", "city_regency": "Jakarta Pusat", "latitude": -6.166675, "longitude": 106.830461, "source_reference": "krl_stations.csv", "asset_id": "KRL-0019", "is_buffer": false, "batch_no": 1, "notes": null }, "geometry": { "type": "Point", "coordinates": [ 106.830461, -6.166675 ] } },
{ "type": "Feature", "properties": { "asset_name": "Stasiun Kalideres", "category": "krl", "category_display": "Stasiun KRL Commuter Line", "city_regency": "Kota Tangerang", "latitude": -6.165966, "longitude": 106.703728, "source_reference": "krl_stations.csv", "asset_id": "KRL-0020", "is_buffer": false, "batch_no": 1, "notes": null }, "geometry": { "type": "Point", "coordinates": [ 106.703728, -6.165966 ] } },
{ "type": "Feature", "properties": { "asset_name": "Stasiun Karet", "category": "krl", "category_display": "Stasiun KRL Commuter Line", "city_regency": "Jakarta Pusat", "latitude": -6.200872, "longitude": 106.816002, "source_reference": "krl_stations.csv", "asset_id": "KRL-0021", "is_buffer": false, "batch_no": 1, "notes": null }, "geometry": { "type": "Point", "coordinates": [ 106.816002, -6.200872 ] } },
{ "type": "Feature", "properties": { "asset_name": "Stasiun Kebayoran", "category": "krl", "category_display": "Stasiun KRL Commuter Line", "city_regency": "Jakarta Selatan", "latitude": -6.23723, "longitude": 106.782534, "source_reference": "krl_stations.csv", "asset_id": "KRL-0022", "is_buffer": false, "batch_no": 1, "notes": null }, "geometry": { "type": "Point", "coordinates": [ 106.782534, -6.23723 ] } },
{ "type": "Feature", "properties": { "asset_name": "Stasiun Kemayoran", "category": "krl", "category_display": "Stasiun KRL Commuter Line", "city_regency": "Jakarta Pusat", "latitude": -6.161703, "longitude": 106.841401, "source_reference": "krl_stations.csv", "asset_id": "KRL-0023", "is_buffer": false, "batch_no": 1, "notes": null }, "geometry": { "type": "Point", "coordinates": [ 106.841401, -6.161703 ] } },
{ "type": "Feature", "properties": { "asset_name": "Stasiun Klender", "category": "krl", "category_display": "Stasiun KRL Commuter Line", "city_regency": "Jakarta Timur", "latitude": -6.213319, "longitude": 106.899413, "source_reference": "krl_stations.csv", "asset_id": "KRL-0024", "is_buffer": false, "batch_no": 1, "notes": null }, "geometry": { "type": "Point", "coordinates": [ 106.899413, -6.213319 ] } },
{ "type": "Feature", "properties": { "asset_name": "Stasiun KRL Kampung Bandan", "category": "krl", "category_display": "Stasiun KRL Commuter Line", "city_regency": "Jakarta Utara", "latitude": -6.133327, "longitude": 106.819373, "source_reference": "krl_stations.csv:replacement", "asset_id": "KRL-0025", "is_buffer": false, "batch_no": 1, "notes": "Hot-Swapped pengganti Stasiun Klender Baru (404 / zombie cache)" }, "geometry": { "type": "Point", "coordinates": [ 106.819373, -6.133327 ] } },
{ "type": "Feature", "properties": { "asset_name": "Stasiun Kramat", "category": "krl", "category_display": "Stasiun KRL Commuter Line", "city_regency": "Jakarta Pusat", "latitude": -6.19362, "longitude": 106.856512, "source_reference": "krl_stations.csv", "asset_id": "KRL-0026", "is_buffer": false, "batch_no": 1, "notes": null }, "geometry": { "type": "Point", "coordinates": [ 106.856512, -6.19362 ] } },
{ "type": "Feature", "properties": { "asset_name": "Stasiun Lenteng Agung", "category": "krl", "category_display": "Stasiun KRL Commuter Line", "city_regency": "Kota Depok", "latitude": -6.330308, "longitude": 106.834679, "source_reference": "krl_stations.csv", "asset_id": "KRL-0027", "is_buffer": false, "batch_no": 1, "notes": null }, "geometry": { "type": "Point", "coordinates": [ 106.834679, -6.330308 ] } },
{ "type": "Feature", "properties": { "asset_name": "Stasiun Mangga Besar", "category": "krl", "category_display": "Stasiun KRL Commuter Line", "city_regency": "Jakarta Utara", "latitude": -6.149804, "longitude": 106.826983, "source_reference": "krl_stations.csv", "asset_id": "KRL-0028", "is_buffer": false, "batch_no": 1, "notes": null }, "geometry": { "type": "Point", "coordinates": [ 106.826983, -6.149804 ] } },
{ "type": "Feature", "properties": { "asset_name": "Stasiun Manggarai", "category": "krl", "category_display": "Stasiun KRL Commuter Line", "city_regency": "Jakarta Pusat", "latitude": -6.21017, "longitude": 106.849935, "source_reference": "krl_stations.csv", "asset_id": "KRL-0029", "is_buffer": false, "batch_no": 1, "notes": null }, "geometry": { "type": "Point", "coordinates": [ 106.849935, -6.21017 ] } },
{ "type": "Feature", "properties": { "asset_name": "Stasiun Matraman", "category": "krl", "category_display": "Stasiun KRL Commuter Line", "city_regency": "Jakarta Pusat", "latitude": -6.212567, "longitude": 106.859753, "source_reference": "krl_stations.csv", "asset_id": "KRL-0030", "is_buffer": false, "batch_no": 1, "notes": null }, "geometry": { "type": "Point", "coordinates": [ 106.859753, -6.212567 ] } },
{ "type": "Feature", "properties": { "asset_name": "Stasiun Palmerah", "category": "krl", "category_display": "Stasiun KRL Commuter Line", "city_regency": "Jakarta Barat", "latitude": -6.20792, "longitude": 106.797232, "source_reference": "krl_stations.csv", "asset_id": "KRL-0031", "is_buffer": false, "batch_no": 1, "notes": null }, "geometry": { "type": "Point", "coordinates": [ 106.797232, -6.20792 ] } },
{ "type": "Feature", "properties": { "asset_name": "Stasiun Pasar Minggu", "category": "krl", "category_display": "Stasiun KRL Commuter Line", "city_regency": "Jakarta Timur", "latitude": -6.283332, "longitude": 106.844856, "source_reference": "krl_stations.csv", "asset_id": "KRL-0032", "is_buffer": false, "batch_no": 1, "notes": null }, "geometry": { "type": "Point", "coordinates": [ 106.844856, -6.283332 ] } },
{ "type": "Feature", "properties": { "asset_name": "Stasiun Pasar Minggu Baru", "category": "krl", "category_display": "Stasiun KRL Commuter Line", "city_regency": "Jakarta Timur", "latitude": -6.262759, "longitude": 106.851882, "source_reference": "krl_stations.csv", "asset_id": "KRL-0033", "is_buffer": false, "batch_no": 1, "notes": null }, "geometry": { "type": "Point", "coordinates": [ 106.851882, -6.262759 ] } },
{ "type": "Feature", "properties": { "asset_name": "Stasiun Pasar Senen", "category": "krl", "category_display": "Stasiun KRL Commuter Line", "city_regency": "Jakarta Pusat", "latitude": -6.174423, "longitude": 106.844574, "source_reference": "krl_stations.csv", "asset_id": "KRL-0034", "is_buffer": false, "batch_no": 1, "notes": null }, "geometry": { "type": "Point", "coordinates": [ 106.844574, -6.174423 ] } },
{ "type": "Feature", "properties": { "asset_name": "Stasiun Pasoso", "category": "krl", "category_display": "Stasiun KRL Commuter Line", "city_regency": "Jakarta Utara", "latitude": -6.109419, "longitude": 106.885443, "source_reference": "krl_stations.csv", "asset_id": "KRL-0035", "is_buffer": false, "batch_no": 1, "notes": null }, "geometry": { "type": "Point", "coordinates": [ 106.885443, -6.109419 ] } },
{ "type": "Feature", "properties": { "asset_name": "Stasiun Pesing", "category": "krl", "category_display": "Stasiun KRL Commuter Line", "city_regency": "Jakarta Barat", "latitude": -6.161252, "longitude": 106.771908, "source_reference": "krl_stations.csv", "asset_id": "KRL-0036", "is_buffer": false, "batch_no": 1, "notes": null }, "geometry": { "type": "Point", "coordinates": [ 106.771908, -6.161252 ] } },
{ "type": "Feature", "properties": { "asset_name": "Stasiun Pondok Jati", "category": "krl", "category_display": "Stasiun KRL Commuter Line", "city_regency": "Jakarta Timur", "latitude": -6.209124, "longitude": 106.862342, "source_reference": "krl_stations.csv", "asset_id": "KRL-0037", "is_buffer": false, "batch_no": 1, "notes": null }, "geometry": { "type": "Point", "coordinates": [ 106.862342, -6.209124 ] } },
{ "type": "Feature", "properties": { "asset_name": "Stasiun Rajawali", "category": "krl", "category_display": "Stasiun KRL Commuter Line", "city_regency": "Jakarta Utara", "latitude": -6.1451, "longitude": 106.836832, "source_reference": "krl_stations.csv", "asset_id": "KRL-0038", "is_buffer": false, "batch_no": 1, "notes": null }, "geometry": { "type": "Point", "coordinates": [ 106.836832, -6.1451 ] } },
{ "type": "Feature", "properties": { "asset_name": "Stasiun Rawa Buaya", "category": "krl", "category_display": "Stasiun KRL Commuter Line", "city_regency": "Kota Tangerang", "latitude": -6.162744, "longitude": 106.722754, "source_reference": "krl_stations.csv", "asset_id": "KRL-0039", "is_buffer": false, "batch_no": 1, "notes": null }, "geometry": { "type": "Point", "coordinates": [ 106.722754, -6.162744 ] } },
{ "type": "Feature", "properties": { "asset_name": "Stasiun Sawah Besar", "category": "krl", "category_display": "Stasiun KRL Commuter Line", "city_regency": "Jakarta Pusat", "latitude": -6.160667, "longitude": 106.827655, "source_reference": "krl_stations.csv", "asset_id": "KRL-0040", "is_buffer": false, "batch_no": 1, "notes": null }, "geometry": { "type": "Point", "coordinates": [ 106.827655, -6.160667 ] } },
{ "type": "Feature", "properties": { "asset_name": "Stasiun Sudirman", "category": "krl", "category_display": "Stasiun KRL Commuter Line", "city_regency": "Jakarta Pusat", "latitude": -6.202516, "longitude": 106.823639, "source_reference": "krl_stations.csv", "asset_id": "KRL-0041", "is_buffer": false, "batch_no": 1, "notes": null }, "geometry": { "type": "Point", "coordinates": [ 106.823639, -6.202516 ] } },
{ "type": "Feature", "properties": { "asset_name": "Stasiun Sungai Lagoa", "category": "krl", "category_display": "Stasiun KRL Commuter Line", "city_regency": "Jakarta Utara", "latitude": -6.111888, "longitude": 106.877825, "source_reference": "krl_stations.csv", "asset_id": "KRL-0042", "is_buffer": false, "batch_no": 1, "notes": null }, "geometry": { "type": "Point", "coordinates": [ 106.877825, -6.111888 ] } },
{ "type": "Feature", "properties": { "asset_name": "Stasiun Taman Kota", "category": "krl", "category_display": "Stasiun KRL Commuter Line", "city_regency": "Jakarta Utara", "latitude": -6.158627, "longitude": 106.756573, "source_reference": "krl_stations.csv", "asset_id": "KRL-0043", "is_buffer": false, "batch_no": 1, "notes": null }, "geometry": { "type": "Point", "coordinates": [ 106.756573, -6.158627 ] } },
{ "type": "Feature", "properties": { "asset_name": "Stasiun Tanah Abang", "category": "krl", "category_display": "Stasiun KRL Commuter Line", "city_regency": "Jakarta Pusat", "latitude": -6.185713, "longitude": 106.810894, "source_reference": "krl_stations.csv", "asset_id": "KRL-0044", "is_buffer": false, "batch_no": 1, "notes": null }, "geometry": { "type": "Point", "coordinates": [ 106.810894, -6.185713 ] } },
{ "type": "Feature", "properties": { "asset_name": "Stasiun Tanjung Barat", "category": "krl", "category_display": "Stasiun KRL Commuter Line", "city_regency": "Jakarta Timur", "latitude": -6.308041, "longitude": 106.838949, "source_reference": "krl_stations.csv", "asset_id": "KRL-0045", "is_buffer": false, "batch_no": 1, "notes": null }, "geometry": { "type": "Point", "coordinates": [ 106.838949, -6.308041 ] } },
{ "type": "Feature", "properties": { "asset_name": "Stasiun Tanjung Priok", "category": "krl", "category_display": "Stasiun KRL Commuter Line", "city_regency": "Jakarta Utara", "latitude": -6.111115, "longitude": 106.881531, "source_reference": "krl_stations.csv", "asset_id": "KRL-0046", "is_buffer": false, "batch_no": 1, "notes": null }, "geometry": { "type": "Point", "coordinates": [ 106.881531, -6.111115 ] } },
{ "type": "Feature", "properties": { "asset_name": "Stasiun Tebet", "category": "krl", "category_display": "Stasiun KRL Commuter Line", "city_regency": "Jakarta Timur", "latitude": -6.226398, "longitude": 106.858439, "source_reference": "krl_stations.csv", "asset_id": "KRL-0047", "is_buffer": false, "batch_no": 1, "notes": null }, "geometry": { "type": "Point", "coordinates": [ 106.858439, -6.226398 ] } },
{ "type": "Feature", "properties": { "asset_name": "Stasiun Universitas Pancasila", "category": "krl", "category_display": "Stasiun KRL Commuter Line", "city_regency": "Kota Depok", "latitude": -6.339345, "longitude": 106.834263, "source_reference": "krl_stations.csv", "asset_id": "KRL-0048", "is_buffer": false, "batch_no": 1, "notes": null }, "geometry": { "type": "Point", "coordinates": [ 106.834263, -6.339345 ] } },
{ "type": "Feature", "properties": { "asset_name": "Stasiun KRL ASEAN Headquarters", "category": "krl", "category_display": "Stasiun KRL Commuter Line", "city_regency": "Jakarta Selatan", "latitude": -6.238774, "longitude": 106.798446, "source_reference": "stations_jakarta.gpkg:4695686975", "asset_id": "KRL-0049", "is_buffer": false, "batch_no": 1, "notes": null }, "geometry": { "type": "Point", "coordinates": [ 106.798446, -6.238774 ] } },
{ "type": "Feature", "properties": { "asset_name": "Stasiun KRL Karet", "category": "krl", "category_display": "Stasiun KRL Commuter Line", "city_regency": "Jakarta Pusat", "latitude": -6.200954, "longitude": 106.81677, "source_reference": "stations_jakarta.gpkg:4849205568", "asset_id": "KRL-0050", "is_buffer": false, "batch_no": 1, "notes": null }, "geometry": { "type": "Point", "coordinates": [ 106.81677, -6.200954 ] } },
{ "type": "Feature", "properties": { "asset_name": "Stasiun KRL Taman Mini", "category": "krl", "category_display": "Stasiun KRL Commuter Line", "city_regency": "Jakarta Timur", "latitude": -6.292909, "longitude": 106.880558, "source_reference": "stations_jakarta.gpkg:4907843137", "asset_id": "KRL-0051", "is_buffer": false, "batch_no": 1, "notes": null }, "geometry": { "type": "Point", "coordinates": [ 106.880558, -6.292909 ] } },
{ "type": "Feature", "properties": { "asset_name": "Stasiun KRL BNI City", "category": "krl", "category_display": "Stasiun KRL Commuter Line", "city_regency": "Jakarta Pusat", "latitude": -6.201594, "longitude": 106.819717, "source_reference": "stations_jakarta.gpkg:4908440160", "asset_id": "KRL-0052", "is_buffer": false, "batch_no": 1, "notes": null }, "geometry": { "type": "Point", "coordinates": [ 106.819717, -6.201594 ] } },
{ "type": "Feature", "properties": { "asset_name": "Stasiun KRL Kampung Bandan", "category": "krl", "category_display": "Stasiun KRL Commuter Line", "city_regency": "Jakarta Utara", "latitude": -6.132702, "longitude": 106.828487, "source_reference": "stations_jakarta.gpkg:5579655834", "asset_id": "KRL-0053", "is_buffer": false, "batch_no": 1, "notes": null }, "geometry": { "type": "Point", "coordinates": [ 106.828487, -6.132702 ] } },
{ "type": "Feature", "properties": { "asset_name": "Stasiun KRL Jakarta International Stadium", "category": "krl", "category_display": "Stasiun KRL Commuter Line", "city_regency": "Jakarta Utara", "latitude": -6.122821, "longitude": 106.86136, "source_reference": "stations_jakarta.gpkg:5726702622", "asset_id": "KRL-0054", "is_buffer": false, "batch_no": 1, "notes": null }, "geometry": { "type": "Point", "coordinates": [ 106.86136, -6.122821 ] } },
{ "type": "Feature", "properties": { "asset_name": "Stasiun KRL Halim", "category": "krl", "category_display": "Stasiun KRL Commuter Line", "city_regency": "Jakarta Timur", "latitude": -6.245635, "longitude": 106.884487, "source_reference": "stations_jakarta.gpkg:5851224882", "asset_id": "KRL-0055", "is_buffer": false, "batch_no": 1, "notes": null }, "geometry": { "type": "Point", "coordinates": [ 106.884487, -6.245635 ] } },
{ "type": "Feature", "properties": { "asset_name": "Stasiun KRL Boulevard Utara", "category": "krl", "category_display": "Stasiun KRL Commuter Line", "city_regency": "Jakarta Utara", "latitude": -6.159437, "longitude": 106.905981, "source_reference": "stations_jakarta.gpkg:5984702926", "asset_id": "KRL-0056", "is_buffer": false, "batch_no": 1, "notes": null }, "geometry": { "type": "Point", "coordinates": [ 106.905981, -6.159437 ] } },
{ "type": "Feature", "properties": { "asset_name": "Stasiun KRL Boulevard Selatan", "category": "krl", "category_display": "Stasiun KRL Commuter Line", "city_regency": "Jakarta Timur", "latitude": -6.168993, "longitude": 106.900014, "source_reference": "stations_jakarta.gpkg:5984702927", "asset_id": "KRL-0057", "is_buffer": false, "batch_no": 1, "notes": null }, "geometry": { "type": "Point", "coordinates": [ 106.900014, -6.168993 ] } },
{ "type": "Feature", "properties": { "asset_name": "Stasiun KRL Pulomas", "category": "krl", "category_display": "Stasiun KRL Commuter Line", "city_regency": "Jakarta Timur", "latitude": -6.17731, "longitude": 106.893393, "source_reference": "stations_jakarta.gpkg:5984702928", "asset_id": "KRL-0058", "is_buffer": false, "batch_no": 1, "notes": null }, "geometry": { "type": "Point", "coordinates": [ 106.893393, -6.17731 ] } },
{ "type": "Feature", "properties": { "asset_name": "Stasiun KRL Equestrian", "category": "krl", "category_display": "Stasiun KRL Commuter Line", "city_regency": "Jakarta Timur", "latitude": -6.184057, "longitude": 106.891279, "source_reference": "stations_jakarta.gpkg:5984702929", "asset_id": "KRL-0059", "is_buffer": false, "batch_no": 1, "notes": null }, "geometry": { "type": "Point", "coordinates": [ 106.891279, -6.184057 ] } },
{ "type": "Feature", "properties": { "asset_name": "Stasiun KRL Velodrome", "category": "krl", "category_display": "Stasiun KRL Commuter Line", "city_regency": "Jakarta Timur", "latitude": -6.192132, "longitude": 106.891177, "source_reference": "stations_jakarta.gpkg:5984702930", "asset_id": "KRL-0060", "is_buffer": false, "batch_no": 1, "notes": null }, "geometry": { "type": "Point", "coordinates": [ 106.891177, -6.192132 ] } },
{ "type": "Feature", "properties": { "asset_name": "Stasiun KRL Pegangsaan Dua", "category": "krl", "category_display": "Stasiun KRL Commuter Line", "city_regency": "Jakarta Utara", "latitude": -6.15723, "longitude": 106.913372, "source_reference": "stations_jakarta.gpkg:5984702931", "asset_id": "KRL-0061", "is_buffer": false, "batch_no": 1, "notes": null }, "geometry": { "type": "Point", "coordinates": [ 106.913372, -6.15723 ] } },
{ "type": "Feature", "properties": { "asset_name": "Stasiun KRL Bundaran HI Bank Jakarta", "category": "krl", "category_display": "Stasiun KRL Commuter Line", "city_regency": "Jakarta Pusat", "latitude": -6.191864, "longitude": 106.823008, "source_reference": "stations_jakarta.gpkg:6196107719", "asset_id": "KRL-0062", "is_buffer": false, "batch_no": 1, "notes": null }, "geometry": { "type": "Point", "coordinates": [ 106.823008, -6.191864 ] } },
{ "type": "Feature", "properties": { "asset_name": "Stasiun KRL Dukuh Atas BNI", "category": "krl", "category_display": "Stasiun KRL Commuter Line", "city_regency": "Jakarta Pusat", "latitude": -6.200796, "longitude": 106.822788, "source_reference": "stations_jakarta.gpkg:6196107720", "asset_id": "KRL-0063", "is_buffer": false, "batch_no": 1, "notes": null }, "geometry": { "type": "Point", "coordinates": [ 106.822788, -6.200796 ] } },
{ "type": "Feature", "properties": { "asset_name": "Stasiun KRL Setiabudi Astra", "category": "krl", "category_display": "Stasiun KRL Commuter Line", "city_regency": "Jakarta Pusat", "latitude": -6.209065, "longitude": 106.821694, "source_reference": "stations_jakarta.gpkg:6196107721", "asset_id": "KRL-0064", "is_buffer": false, "batch_no": 1, "notes": null }, "geometry": { "type": "Point", "coordinates": [ 106.821694, -6.209065 ] } },
{ "type": "Feature", "properties": { "asset_name": "Stasiun KRL Bendungan Hilir", "category": "krl", "category_display": "Stasiun KRL Commuter Line", "city_regency": "Jakarta Pusat", "latitude": -6.215026, "longitude": 106.817948, "source_reference": "stations_jakarta.gpkg:6196107722", "asset_id": "KRL-0065", "is_buffer": false, "batch_no": 1, "notes": null }, "geometry": { "type": "Point", "coordinates": [ 106.817948, -6.215026 ] } },
{ "type": "Feature", "properties": { "asset_name": "Stasiun KRL Istora Mandiri", "category": "krl", "category_display": "Stasiun KRL Commuter Line", "city_regency": "Jakarta Selatan", "latitude": -6.22239, "longitude": 106.808623, "source_reference": "stations_jakarta.gpkg:6196107723", "asset_id": "KRL-0066", "is_buffer": false, "batch_no": 1, "notes": null }, "geometry": { "type": "Point", "coordinates": [ 106.808623, -6.22239 ] } },
{ "type": "Feature", "properties": { "asset_name": "Stasiun KRL Senayan Mastercard", "category": "krl", "category_display": "Stasiun KRL Commuter Line", "city_regency": "Jakarta Selatan", "latitude": -6.226734, "longitude": 106.802493, "source_reference": "stations_jakarta.gpkg:6196107724", "asset_id": "KRL-0067", "is_buffer": false, "batch_no": 1, "notes": null }, "geometry": { "type": "Point", "coordinates": [ 106.802493, -6.226734 ] } },
{ "type": "Feature", "properties": { "asset_name": "Stasiun KRL Blok M BCA", "category": "krl", "category_display": "Stasiun KRL Commuter Line", "city_regency": "Jakarta Selatan", "latitude": -6.244464, "longitude": 106.798133, "source_reference": "stations_jakarta.gpkg:6196107726", "asset_id": "KRL-0068", "is_buffer": false, "batch_no": 1, "notes": null }, "geometry": { "type": "Point", "coordinates": [ 106.798133, -6.244464 ] } },
{ "type": "Feature", "properties": { "asset_name": "Stasiun KRL Blok A VISA", "category": "krl", "category_display": "Stasiun KRL Commuter Line", "city_regency": "Jakarta Selatan", "latitude": -6.255779, "longitude": 106.79714, "source_reference": "stations_jakarta.gpkg:6196107727", "asset_id": "KRL-0069", "is_buffer": false, "batch_no": 1, "notes": null }, "geometry": { "type": "Point", "coordinates": [ 106.79714, -6.255779 ] } },
{ "type": "Feature", "properties": { "asset_name": "Stasiun KRL Haji Nawi", "category": "krl", "category_display": "Stasiun KRL Commuter Line", "city_regency": "Jakarta Selatan", "latitude": -6.266695, "longitude": 106.797326, "source_reference": "stations_jakarta.gpkg:6196107728", "asset_id": "KRL-0070", "is_buffer": false, "batch_no": 1, "notes": null }, "geometry": { "type": "Point", "coordinates": [ 106.797326, -6.266695 ] } },
{ "type": "Feature", "properties": { "asset_name": "Stasiun KRL Cipete Raya TUKU", "category": "krl", "category_display": "Stasiun KRL Commuter Line", "city_regency": "Jakarta Selatan", "latitude": -6.27836, "longitude": 106.797316, "source_reference": "stations_jakarta.gpkg:6196107729", "asset_id": "KRL-0071", "is_buffer": false, "batch_no": 1, "notes": null }, "geometry": { "type": "Point", "coordinates": [ 106.797316, -6.27836 ] } },
{ "type": "Feature", "properties": { "asset_name": "Stasiun KRL Fatmawati Indomaret", "category": "krl", "category_display": "Stasiun KRL Commuter Line", "city_regency": "Jakarta Selatan", "latitude": -6.292451, "longitude": 106.792464, "source_reference": "stations_jakarta.gpkg:6577753462", "asset_id": "KRL-0072", "is_buffer": false, "batch_no": 1, "notes": null }, "geometry": { "type": "Point", "coordinates": [ 106.792464, -6.292451 ] } },
{ "type": "Feature", "properties": { "asset_name": "Stasiun KRL Lebak Bulus Bank Syariah Indonesia", "category": "krl", "category_display": "Stasiun KRL Commuter Line", "city_regency": "Jakarta Selatan", "latitude": -6.289274, "longitude": 106.774935, "source_reference": "stations_jakarta.gpkg:6577753463", "asset_id": "KRL-0073", "is_buffer": false, "batch_no": 1, "notes": null }, "geometry": { "type": "Point", "coordinates": [ 106.774935, -6.289274 ] } },
{ "type": "Feature", "properties": { "asset_name": "Stasiun KRL Cikoko", "category": "krl", "category_display": "Stasiun KRL Commuter Line", "city_regency": "Jakarta Timur", "latitude": -6.24362, "longitude": 106.856736, "source_reference": "stations_jakarta.gpkg:6720467131", "asset_id": "KRL-0074", "is_buffer": false, "batch_no": 1, "notes": null }, "geometry": { "type": "Point", "coordinates": [ 106.856736, -6.24362 ] } },
{ "type": "Feature", "properties": { "asset_name": "Stasiun KRL Pancoran", "category": "krl", "category_display": "Stasiun KRL Commuter Line", "city_regency": "Jakarta Timur", "latitude": -6.242141, "longitude": 106.838515, "source_reference": "stations_jakarta.gpkg:6720467132", "asset_id": "KRL-0075", "is_buffer": false, "batch_no": 1, "notes": null }, "geometry": { "type": "Point", "coordinates": [ 106.838515, -6.242141 ] } },
{ "type": "Feature", "properties": { "asset_name": "Stasiun KRL Setiabudi", "category": "krl", "category_display": "Stasiun KRL Commuter Line", "city_regency": "Jakarta Pusat", "latitude": -6.209322, "longitude": 106.830234, "source_reference": "stations_jakarta.gpkg:6720467135", "asset_id": "KRL-0076", "is_buffer": false, "batch_no": 1, "notes": null }, "geometry": { "type": "Point", "coordinates": [ 106.830234, -6.209322 ] } },
{ "type": "Feature", "properties": { "asset_name": "Stasiun KRL Rasuna Said", "category": "krl", "category_display": "Stasiun KRL Commuter Line", "city_regency": "Jakarta Timur", "latitude": -6.221609, "longitude": 106.832237, "source_reference": "stations_jakarta.gpkg:6720467136", "asset_id": "KRL-0077", "is_buffer": false, "batch_no": 1, "notes": null }, "geometry": { "type": "Point", "coordinates": [ 106.832237, -6.221609 ] } },
{ "type": "Feature", "properties": { "asset_name": "Stasiun KRL Kampung Rambutan", "category": "krl", "category_display": "Stasiun KRL Commuter Line", "city_regency": "Jakarta Timur", "latitude": -6.309549, "longitude": 106.88438, "source_reference": "stations_jakarta.gpkg:6720467137", "asset_id": "KRL-0078", "is_buffer": false, "batch_no": 1, "notes": null }, "geometry": { "type": "Point", "coordinates": [ 106.88438, -6.309549 ] } },
{ "type": "Feature", "properties": { "asset_name": "Stasiun KRL Kuningan", "category": "krl", "category_display": "Stasiun KRL Commuter Line", "city_regency": "Jakarta Timur", "latitude": -6.228773, "longitude": 106.833203, "source_reference": "stations_jakarta.gpkg:8174072567", "asset_id": "KRL-0079", "is_buffer": false, "batch_no": 1, "notes": null }, "geometry": { "type": "Point", "coordinates": [ 106.833203, -6.228773 ] } },
{ "type": "Feature", "properties": { "asset_name": "Stasiun KRL Ciracas", "category": "krl", "category_display": "Stasiun KRL Commuter Line", "city_regency": "Kota Depok", "latitude": -6.323769, "longitude": 106.886643, "source_reference": "stations_jakarta.gpkg:8174072568", "asset_id": "KRL-0080", "is_buffer": false, "batch_no": 1, "notes": null }, "geometry": { "type": "Point", "coordinates": [ 106.886643, -6.323769 ] } },
{ "type": "Feature", "properties": { "asset_name": "Stasiun MRT Cipete Raya", "category": "mrt_lrt", "category_display": "Stasiun MRT & LRT", "city_regency": "Jakarta Selatan", "latitude": -6.278342, "longitude": 106.797326, "source_reference": "mrt_stations.csv", "asset_id": "MRT-0001", "is_buffer": false, "batch_no": 1, "notes": null }, "geometry": { "type": "Point", "coordinates": [ 106.797326, -6.278342 ] } },
{ "type": "Feature", "properties": { "asset_name": "Stasiun MRT ASEAN", "category": "mrt_lrt", "category_display": "Stasiun MRT & LRT", "city_regency": "Jakarta Selatan", "latitude": -6.238921, "longitude": 106.798446, "source_reference": "mrt_stations.csv", "asset_id": "MRT-0002", "is_buffer": false, "batch_no": 1, "notes": null }, "geometry": { "type": "Point", "coordinates": [ 106.798446, -6.238921 ] } },
{ "type": "Feature", "properties": { "asset_name": "Stasiun LRT Jabodebek Taman Mini", "category": "mrt_lrt", "category_display": "Stasiun MRT & LRT", "city_regency": "Jakarta Timur", "latitude": -6.292909, "longitude": 106.880558, "source_reference": "lrt_jabodebek_stations.geojson", "asset_id": "MRT-0003", "is_buffer": false, "batch_no": 1, "notes": null }, "geometry": { "type": "Point", "coordinates": [ 106.880558, -6.292909 ] } },
{ "type": "Feature", "properties": { "asset_name": "Stasiun LRT Jabodebek Cikoko", "category": "mrt_lrt", "category_display": "Stasiun MRT & LRT", "city_regency": "Jakarta Timur", "latitude": -6.24362, "longitude": 106.856736, "source_reference": "lrt_jabodebek_stations.geojson", "asset_id": "MRT-0004", "is_buffer": false, "batch_no": 1, "notes": null }, "geometry": { "type": "Point", "coordinates": [ 106.856736, -6.24362 ] } },
{ "type": "Feature", "properties": { "asset_name": "Stasiun LRT Jabodebek Pancoran", "category": "mrt_lrt", "category_display": "Stasiun MRT & LRT", "city_regency": "Jakarta Timur", "latitude": -6.242141, "longitude": 106.838515, "source_reference": "lrt_jabodebek_stations.geojson", "asset_id": "MRT-0005", "is_buffer": false, "batch_no": 1, "notes": null }, "geometry": { "type": "Point", "coordinates": [ 106.838515, -6.242141 ] } },
{ "type": "Feature", "properties": { "asset_name": "Stasiun LRT Jabodebek Setiabudi", "category": "mrt_lrt", "category_display": "Stasiun MRT & LRT", "city_regency": "Jakarta Pusat", "latitude": -6.209322, "longitude": 106.830234, "source_reference": "lrt_jabodebek_stations.geojson", "asset_id": "MRT-0006", "is_buffer": false, "batch_no": 1, "notes": null }, "geometry": { "type": "Point", "coordinates": [ 106.830234, -6.209322 ] } },
{ "type": "Feature", "properties": { "asset_name": "Stasiun LRT Jabodebek Rasuna Said", "category": "mrt_lrt", "category_display": "Stasiun MRT & LRT", "city_regency": "Jakarta Timur", "latitude": -6.221609, "longitude": 106.832237, "source_reference": "lrt_jabodebek_stations.geojson", "asset_id": "MRT-0007", "is_buffer": false, "batch_no": 1, "notes": null }, "geometry": { "type": "Point", "coordinates": [ 106.832237, -6.221609 ] } },
{ "type": "Feature", "properties": { "asset_name": "Stasiun LRT Jabodebek Kampung Rambutan", "category": "mrt_lrt", "category_display": "Stasiun MRT & LRT", "city_regency": "Jakarta Timur", "latitude": -6.309549, "longitude": 106.88438, "source_reference": "lrt_jabodebek_stations.geojson", "asset_id": "MRT-0008", "is_buffer": false, "batch_no": 1, "notes": null }, "geometry": { "type": "Point", "coordinates": [ 106.88438, -6.309549 ] } },
{ "type": "Feature", "properties": { "asset_name": "Stasiun LRT Jabodebek Harjamukti", "category": "mrt_lrt", "category_display": "Stasiun MRT & LRT", "city_regency": "Kota Depok", "latitude": -6.373893, "longitude": 106.89567, "source_reference": "lrt_jabodebek_stations.geojson", "asset_id": "MRT-0009", "is_buffer": false, "batch_no": 1, "notes": null }, "geometry": { "type": "Point", "coordinates": [ 106.89567, -6.373893 ] } },
{ "type": "Feature", "properties": { "asset_name": "Stasiun LRT Jabodebek Jatimulya", "category": "mrt_lrt", "category_display": "Stasiun MRT & LRT", "city_regency": "Kab. Bekasi", "latitude": -6.264108, "longitude": 107.02167, "source_reference": "lrt_jabodebek_stations.geojson", "asset_id": "MRT-0010", "is_buffer": false, "batch_no": 1, "notes": null }, "geometry": { "type": "Point", "coordinates": [ 107.02167, -6.264108 ] } },
{ "type": "Feature", "properties": { "asset_name": "Stasiun LRT Boulevard Utara", "category": "mrt_lrt", "category_display": "Stasiun MRT & LRT", "city_regency": "Jakarta Utara", "latitude": -6.1594366, "longitude": 106.9059815, "source_reference": "lrt_jkt_stations.geojson:5984702926", "asset_id": "MRT-0011", "is_buffer": false, "batch_no": 1, "notes": "Hot-Swapped pengganti LRT Bekasi Barat (404 / zombie cache)" }, "geometry": { "type": "Point", "coordinates": [ 106.9059815, -6.1594366 ] } },
{ "type": "Feature", "properties": { "asset_name": "Stasiun LRT Boulevard Selatan", "category": "mrt_lrt", "category_display": "Stasiun MRT & LRT", "city_regency": "Jakarta Utara", "latitude": -6.1689933, "longitude": 106.9000145, "source_reference": "lrt_jkt_stations.geojson:5984702927", "asset_id": "MRT-0012", "is_buffer": false, "batch_no": 1, "notes": "Hot-Swapped pengganti LRT Cikunir 2 (404 / zombie cache)" }, "geometry": { "type": "Point", "coordinates": [ 106.9000145, -6.1689933 ] } },
{ "type": "Feature", "properties": { "asset_name": "Stasiun LRT Pulomas", "category": "mrt_lrt", "category_display": "Stasiun MRT & LRT", "city_regency": "Jakarta Timur", "latitude": -6.1773105, "longitude": 106.8933929, "source_reference": "lrt_jkt_stations.geojson:5984702928", "asset_id": "MRT-0013", "is_buffer": false, "batch_no": 1, "notes": "Hot-Swapped pengganti LRT Cikunir 1 (404 / zombie cache)" }, "geometry": { "type": "Point", "coordinates": [ 106.8933929, -6.1773105 ] } },
{ "type": "Feature", "properties": { "asset_name": "Stasiun LRT Velodrome", "category": "mrt_lrt", "category_display": "Stasiun MRT & LRT", "city_regency": "Jakarta Timur", "latitude": -6.1921316, "longitude": 106.8911771, "source_reference": "lrt_jkt_stations.geojson:5984702930", "asset_id": "MRT-0014", "is_buffer": false, "batch_no": 1, "notes": "Hot-Swapped pengganti LRT Jatibening Baru (404 / zombie cache)" }, "geometry": { "type": "Point", "coordinates": [ 106.8911771, -6.1921316 ] } },
{ "type": "Feature", "properties": { "asset_name": "Stasiun LRT Jabodebek Kuningan", "category": "mrt_lrt", "category_display": "Stasiun MRT & LRT", "city_regency": "Jakarta Timur", "latitude": -6.228773, "longitude": 106.833203, "source_reference": "lrt_jabodebek_stations.geojson", "asset_id": "MRT-0015", "is_buffer": false, "batch_no": 1, "notes": null }, "geometry": { "type": "Point", "coordinates": [ 106.833203, -6.228773 ] } },
{ "type": "Feature", "properties": { "asset_name": "Stasiun LRT Jabodebek Ciracas", "category": "mrt_lrt", "category_display": "Stasiun MRT & LRT", "city_regency": "Kota Depok", "latitude": -6.323769, "longitude": 106.886643, "source_reference": "lrt_jabodebek_stations.geojson", "asset_id": "MRT-0016", "is_buffer": false, "batch_no": 1, "notes": null }, "geometry": { "type": "Point", "coordinates": [ 106.886643, -6.323769 ] } },
{ "type": "Feature", "properties": { "asset_name": "Stasiun LRT Jabodebek Dukuh Atas Bank Syariah Indonesia", "category": "mrt_lrt", "category_display": "Stasiun MRT & LRT", "city_regency": "Jakarta Pusat", "latitude": -6.204828, "longitude": 106.82553, "source_reference": "lrt_jabodebek_stations.geojson", "asset_id": "MRT-0017", "is_buffer": false, "batch_no": 1, "notes": null }, "geometry": { "type": "Point", "coordinates": [ 106.82553, -6.204828 ] } },
{ "type": "Feature", "properties": { "asset_name": "Stasiun LRT Jabodebek Ciliwung", "category": "mrt_lrt", "category_display": "Stasiun MRT & LRT", "city_regency": "Jakarta Timur", "latitude": -6.243446, "longitude": 106.86397, "source_reference": "lrt_jabodebek_stations.geojson", "asset_id": "MRT-0018", "is_buffer": false, "batch_no": 1, "notes": null }, "geometry": { "type": "Point", "coordinates": [ 106.86397, -6.243446 ] } },
{ "type": "Feature", "properties": { "asset_name": "Stasiun LRT Jabodebek Halim", "category": "mrt_lrt", "category_display": "Stasiun MRT & LRT", "city_regency": "Jakarta Timur", "latitude": -6.245866, "longitude": 106.887287, "source_reference": "lrt_jabodebek_stations.geojson", "asset_id": "MRT-0019", "is_buffer": false, "batch_no": 1, "notes": null }, "geometry": { "type": "Point", "coordinates": [ 106.887287, -6.245866 ] } },
{ "type": "Feature", "properties": { "asset_name": "Stasiun LRT Jabodebek Cawang", "category": "mrt_lrt", "category_display": "Stasiun MRT & LRT", "city_regency": "Jakarta Timur", "latitude": -6.245907, "longitude": 106.87123, "source_reference": "lrt_jabodebek_stations.geojson", "asset_id": "MRT-0020", "is_buffer": false, "batch_no": 1, "notes": null }, "geometry": { "type": "Point", "coordinates": [ 106.87123, -6.245907 ] } },
{ "type": "Feature", "properties": { "asset_name": "Stasiun LRT Jakarta Boulevard Utara", "category": "mrt_lrt", "category_display": "Stasiun MRT & LRT", "city_regency": "Jakarta Utara", "latitude": -6.159437, "longitude": 106.905981, "source_reference": "lrt_jkt_stations.geojson", "asset_id": "MRT-0021", "is_buffer": false, "batch_no": 1, "notes": null }, "geometry": { "type": "Point", "coordinates": [ 106.905981, -6.159437 ] } },
{ "type": "Feature", "properties": { "asset_name": "Stasiun LRT Jakarta Boulevard Selatan", "category": "mrt_lrt", "category_display": "Stasiun MRT & LRT", "city_regency": "Jakarta Timur", "latitude": -6.168993, "longitude": 106.900014, "source_reference": "lrt_jkt_stations.geojson", "asset_id": "MRT-0022", "is_buffer": false, "batch_no": 1, "notes": null }, "geometry": { "type": "Point", "coordinates": [ 106.900014, -6.168993 ] } },
{ "type": "Feature", "properties": { "asset_name": "Stasiun LRT Jakarta Pulomas", "category": "mrt_lrt", "category_display": "Stasiun MRT & LRT", "city_regency": "Jakarta Timur", "latitude": -6.17731, "longitude": 106.893393, "source_reference": "lrt_jkt_stations.geojson", "asset_id": "MRT-0023", "is_buffer": false, "batch_no": 1, "notes": null }, "geometry": { "type": "Point", "coordinates": [ 106.893393, -6.17731 ] } },
{ "type": "Feature", "properties": { "asset_name": "Stasiun LRT Jakarta Equestrian", "category": "mrt_lrt", "category_display": "Stasiun MRT & LRT", "city_regency": "Jakarta Timur", "latitude": -6.184057, "longitude": 106.891279, "source_reference": "lrt_jkt_stations.geojson", "asset_id": "MRT-0024", "is_buffer": false, "batch_no": 1, "notes": null }, "geometry": { "type": "Point", "coordinates": [ 106.891279, -6.184057 ] } },
{ "type": "Feature", "properties": { "asset_name": "Stasiun LRT Jakarta Velodrome", "category": "mrt_lrt", "category_display": "Stasiun MRT & LRT", "city_regency": "Jakarta Timur", "latitude": -6.192132, "longitude": 106.891177, "source_reference": "lrt_jkt_stations.geojson", "asset_id": "MRT-0025", "is_buffer": false, "batch_no": 1, "notes": null }, "geometry": { "type": "Point", "coordinates": [ 106.891177, -6.192132 ] } },
{ "type": "Feature", "properties": { "asset_name": "Stasiun LRT Jakarta Pegangsaan Dua", "category": "mrt_lrt", "category_display": "Stasiun MRT & LRT", "city_regency": "Jakarta Utara", "latitude": -6.15723, "longitude": 106.913372, "source_reference": "lrt_jkt_stations.geojson", "asset_id": "MRT-0026", "is_buffer": false, "batch_no": 1, "notes": null }, "geometry": { "type": "Point", "coordinates": [ 106.913372, -6.15723 ] } },
{ "type": "Feature", "properties": { "asset_name": "Stasiun LRT Jakarta Manggarai", "category": "mrt_lrt", "category_display": "Stasiun MRT & LRT", "city_regency": "Jakarta Pusat", "latitude": -6.208244, "longitude": 106.844446, "source_reference": "lrt_jkt_stations.geojson", "asset_id": "MRT-0027", "is_buffer": false, "batch_no": 1, "notes": null }, "geometry": { "type": "Point", "coordinates": [ 106.844446, -6.208244 ] } },
{ "type": "Feature", "properties": { "asset_name": "Stasiun LRT Jakarta Matraman", "category": "mrt_lrt", "category_display": "Stasiun MRT & LRT", "city_regency": "Jakarta Pusat", "latitude": -6.202167, "longitude": 106.850121, "source_reference": "lrt_jkt_stations.geojson", "asset_id": "MRT-0028", "is_buffer": false, "batch_no": 1, "notes": null }, "geometry": { "type": "Point", "coordinates": [ 106.850121, -6.202167 ] } },
{ "type": "Feature", "properties": { "asset_name": "Stasiun LRT Jakarta Pasar Pramuka", "category": "mrt_lrt", "category_display": "Stasiun MRT & LRT", "city_regency": "Jakarta Pusat", "latitude": -6.195812, "longitude": 106.85888, "source_reference": "lrt_jkt_stations.geojson", "asset_id": "MRT-0029", "is_buffer": false, "batch_no": 1, "notes": null }, "geometry": { "type": "Point", "coordinates": [ 106.85888, -6.195812 ] } },
{ "type": "Feature", "properties": { "asset_name": "Stasiun LRT Jakarta Pramuka BPKP", "category": "mrt_lrt", "category_display": "Stasiun MRT & LRT", "city_regency": "Jakarta Timur", "latitude": -6.191989, "longitude": 106.871113, "source_reference": "lrt_jkt_stations.geojson", "asset_id": "MRT-0030", "is_buffer": false, "batch_no": 1, "notes": null }, "geometry": { "type": "Point", "coordinates": [ 106.871113, -6.191989 ] } },
{ "type": "Feature", "properties": { "asset_name": "Stasiun LRT Jakarta Rawamangun", "category": "mrt_lrt", "category_display": "Stasiun MRT & LRT", "city_regency": "Jakarta Timur", "latitude": -6.193143, "longitude": 106.882572, "source_reference": "lrt_jkt_stations.geojson", "asset_id": "MRT-0031", "is_buffer": false, "batch_no": 1, "notes": null }, "geometry": { "type": "Point", "coordinates": [ 106.882572, -6.193143 ] } },
{ "type": "Feature", "properties": { "asset_name": "Terminal Bus Pasar Minggu", "category": "terminal", "category_display": "Terminal Bus & Simpul Antarmoda", "city_regency": "Jakarta Timur", "latitude": -6.2847, "longitude": 106.8436, "source_reference": "osm_overpass:node/473365748", "asset_id": "TERM-0001", "is_buffer": false, "batch_no": 1, "notes": null }, "geometry": { "type": "Point", "coordinates": [ 106.8436, -6.2847 ] } },
{ "type": "Feature", "properties": { "asset_name": "Terminal Laladon", "category": "terminal", "category_display": "Terminal Bus & Simpul Antarmoda", "city_regency": "Kota Bogor", "latitude": -6.576704, "longitude": 106.752814, "source_reference": "osm_overpass:node/1014211025", "asset_id": "TERM-0002", "is_buffer": false, "batch_no": 1, "notes": null }, "geometry": { "type": "Point", "coordinates": [ 106.752814, -6.576704 ] } },
{ "type": "Feature", "properties": { "asset_name": "Lorena Bus", "category": "terminal", "category_display": "Terminal Bus & Simpul Antarmoda", "city_regency": "Kota Bogor", "latitude": -6.631328, "longitude": 106.825278, "source_reference": "osm_overpass:node/1339172235", "asset_id": "TERM-0003", "is_buffer": false, "batch_no": 1, "notes": null }, "geometry": { "type": "Point", "coordinates": [ 106.825278, -6.631328 ] } },
{ "type": "Feature", "properties": { "asset_name": "Terminal Damri", "category": "terminal", "category_display": "Terminal Bus & Simpul Antarmoda", "city_regency": "Kota Bogor", "latitude": -6.60215, "longitude": 106.805852, "source_reference": "osm_overpass:node/1716012719", "asset_id": "TERM-0004", "is_buffer": false, "batch_no": 1, "notes": null }, "geometry": { "type": "Point", "coordinates": [ 106.805852, -6.60215 ] } },
{ "type": "Feature", "properties": { "asset_name": "Citra Indah Shuttle Bus Main Station", "category": "terminal", "category_display": "Terminal Bus & Simpul Antarmoda", "city_regency": "Kota Depok", "latitude": -6.443689, "longitude": 107.042001, "source_reference": "osm_overpass:node/1783241413", "asset_id": "TERM-0005", "is_buffer": false, "batch_no": 1, "notes": null }, "geometry": { "type": "Point", "coordinates": [ 107.042001, -6.443689 ] } },
{ "type": "Feature", "properties": { "asset_name": "Damri Airport-Cikarang", "category": "terminal", "category_display": "Terminal Bus & Simpul Antarmoda", "city_regency": "Kab. Bekasi", "latitude": -6.297612, "longitude": 107.149749, "source_reference": "osm_overpass:node/1994715627", "asset_id": "TERM-0006", "is_buffer": false, "batch_no": 1, "notes": null }, "geometry": { "type": "Point", "coordinates": [ 107.149749, -6.297612 ] } },
{ "type": "Feature", "properties": { "asset_name": "Pool BUS AKAP GMS", "category": "terminal", "category_display": "Terminal Bus & Simpul Antarmoda", "city_regency": "Kab. Bekasi", "latitude": -6.29364, "longitude": 107.148628, "source_reference": "osm_overpass:node/1997186269", "asset_id": "TERM-0007", "is_buffer": false, "batch_no": 1, "notes": null }, "geometry": { "type": "Point", "coordinates": [ 107.148628, -6.29364 ] } },
{ "type": "Feature", "properties": { "asset_name": "Pramuka Sari", "category": "terminal", "category_display": "Terminal Bus & Simpul Antarmoda", "city_regency": "Jakarta Timur", "latitude": -6.192235, "longitude": 106.868567, "source_reference": "osm_overpass:node/4275299246", "asset_id": "TERM-0008", "is_buffer": false, "batch_no": 1, "notes": null }, "geometry": { "type": "Point", "coordinates": [ 106.868567, -6.192235 ] } },
{ "type": "Feature", "properties": { "asset_name": "Terminal 1A", "category": "terminal", "category_display": "Terminal Bus & Simpul Antarmoda", "city_regency": "Kota Tangerang", "latitude": -6.128799, "longitude": 106.658084, "source_reference": "osm_overpass:node/2500443128", "asset_id": "TERM-0009", "is_buffer": false, "batch_no": 1, "notes": null }, "geometry": { "type": "Point", "coordinates": [ 106.658084, -6.128799 ] } },
{ "type": "Feature", "properties": { "asset_name": "Terminal 1B", "category": "terminal", "category_display": "Terminal Bus & Simpul Antarmoda", "city_regency": "Kota Tangerang", "latitude": -6.13121, "longitude": 106.656196, "source_reference": "osm_overpass:node/2500443129", "asset_id": "TERM-0010", "is_buffer": false, "batch_no": 1, "notes": null }, "geometry": { "type": "Point", "coordinates": [ 106.656196, -6.13121 ] } },
{ "type": "Feature", "properties": { "asset_name": "Terminal 1C", "category": "terminal", "category_display": "Terminal Bus & Simpul Antarmoda", "city_regency": "Kota Tangerang", "latitude": -6.130521, "longitude": 106.6535, "source_reference": "osm_overpass:node/2500443130", "asset_id": "TERM-0011", "is_buffer": false, "batch_no": 1, "notes": null }, "geometry": { "type": "Point", "coordinates": [ 106.6535, -6.130521 ] } },
{ "type": "Feature", "properties": { "asset_name": "Terminal 2D", "category": "terminal", "category_display": "Terminal Bus & Simpul Antarmoda", "city_regency": "Kota Tangerang", "latitude": -6.123255, "longitude": 106.650734, "source_reference": "osm_overpass:node/3316132149", "asset_id": "TERM-0012", "is_buffer": false, "batch_no": 1, "notes": null }, "geometry": { "type": "Point", "coordinates": [ 106.650734, -6.123255 ] } },
{ "type": "Feature", "properties": { "asset_name": "Terminal 2E", "category": "terminal", "category_display": "Terminal Bus & Simpul Antarmoda", "city_regency": "Kota Tangerang", "latitude": -6.12228, "longitude": 106.653171, "source_reference": "osm_overpass:node/3316132150", "asset_id": "TERM-0013", "is_buffer": false, "batch_no": 1, "notes": null }, "geometry": { "type": "Point", "coordinates": [ 106.653171, -6.12228 ] } },
{ "type": "Feature", "properties": { "asset_name": "Tugu Ikan Parung", "category": "terminal", "category_display": "Terminal Bus & Simpul Antarmoda", "city_regency": "Kota Depok", "latitude": -6.421516, "longitude": 106.732647, "source_reference": "osm_overpass:node/3396881708", "asset_id": "TERM-0014", "is_buffer": false, "batch_no": 1, "notes": null }, "geometry": { "type": "Point", "coordinates": [ 106.732647, -6.421516 ] } },
{ "type": "Feature", "properties": { "asset_name": "Grogol Reformasi", "category": "terminal", "category_display": "Terminal Bus & Simpul Antarmoda", "city_regency": "Jakarta Barat", "latitude": -6.167332, "longitude": 106.788264, "source_reference": "osm_overpass:node/3415431045", "asset_id": "TERM-0015", "is_buffer": false, "batch_no": 1, "notes": null }, "geometry": { "type": "Point", "coordinates": [ 106.788264, -6.167332 ] } },
{ "type": "Feature", "properties": { "asset_name": "Galur", "category": "terminal", "category_display": "Terminal Bus & Simpul Antarmoda", "city_regency": "Jakarta Pusat", "latitude": -6.174417, "longitude": 106.854718, "source_reference": "osm_overpass:node/3415431046", "asset_id": "TERM-0016", "is_buffer": false, "batch_no": 1, "notes": null }, "geometry": { "type": "Point", "coordinates": [ 106.854718, -6.174417 ] } },
{ "type": "Feature", "properties": { "asset_name": "Taman Sari", "category": "terminal", "category_display": "Terminal Bus & Simpul Antarmoda", "city_regency": "Jakarta Utara", "latitude": -6.149303, "longitude": 106.816703, "source_reference": "osm_overpass:node/3415431306", "asset_id": "TERM-0017", "is_buffer": false, "batch_no": 1, "notes": null }, "geometry": { "type": "Point", "coordinates": [ 106.816703, -6.149303 ] } },
{ "type": "Feature", "properties": { "asset_name": "PGC", "category": "terminal", "category_display": "Terminal Bus & Simpul Antarmoda", "city_regency": "Jakarta Timur", "latitude": -6.262028, "longitude": 106.865426, "source_reference": "osm_overpass:node/3415431310", "asset_id": "TERM-0018", "is_buffer": false, "batch_no": 1, "notes": null }, "geometry": { "type": "Point", "coordinates": [ 106.865426, -6.262028 ] } },
{ "type": "Feature", "properties": { "asset_name": "Pancoran Arah Barat", "category": "terminal", "category_display": "Terminal Bus & Simpul Antarmoda", "city_regency": "Jakarta Timur", "latitude": -6.241672, "longitude": 106.837282, "source_reference": "osm_overpass:node/3415431318", "asset_id": "TERM-0019", "is_buffer": false, "batch_no": 1, "notes": null }, "geometry": { "type": "Point", "coordinates": [ 106.837282, -6.241672 ] } },
{ "type": "Feature", "properties": { "asset_name": "Ragunan", "category": "terminal", "category_display": "Terminal Bus & Simpul Antarmoda", "city_regency": "Jakarta Selatan", "latitude": -6.305763, "longitude": 106.819018, "source_reference": "osm_overpass:node/3415431355", "asset_id": "TERM-0020", "is_buffer": false, "batch_no": 1, "notes": null }, "geometry": { "type": "Point", "coordinates": [ 106.819018, -6.305763 ] } },
{ "type": "Feature", "properties": { "asset_name": "Kayu Jati", "category": "terminal", "category_display": "Terminal Bus & Simpul Antarmoda", "city_regency": "Jakarta Timur", "latitude": -6.193262, "longitude": 106.883695, "source_reference": "osm_overpass:node/3415431384", "asset_id": "TERM-0021", "is_buffer": false, "batch_no": 1, "notes": null }, "geometry": { "type": "Point", "coordinates": [ 106.883695, -6.193262 ] } },
{ "type": "Feature", "properties": { "asset_name": "Rawamangun", "category": "terminal", "category_display": "Terminal Bus & Simpul Antarmoda", "city_regency": "Jakarta Timur", "latitude": -6.192912, "longitude": 106.880315, "source_reference": "osm_overpass:node/3415431398", "asset_id": "TERM-0022", "is_buffer": false, "batch_no": 1, "notes": null }, "geometry": { "type": "Point", "coordinates": [ 106.880315, -6.192912 ] } },
{ "type": "Feature", "properties": { "asset_name": "Velodrome", "category": "terminal", "category_display": "Terminal Bus & Simpul Antarmoda", "city_regency": "Jakarta Timur", "latitude": -6.193464, "longitude": 106.888301, "source_reference": "osm_overpass:node/3415431401", "asset_id": "TERM-0023", "is_buffer": false, "batch_no": 1, "notes": null }, "geometry": { "type": "Point", "coordinates": [ 106.888301, -6.193464 ] } },
{ "type": "Feature", "properties": { "asset_name": "Pulo Gadung", "category": "terminal", "category_display": "Terminal Bus & Simpul Antarmoda", "city_regency": "Jakarta Timur", "latitude": -6.183181, "longitude": 106.908893, "source_reference": "osm_overpass:node/3415431879", "asset_id": "TERM-0024", "is_buffer": false, "batch_no": 1, "notes": null }, "geometry": { "type": "Point", "coordinates": [ 106.908893, -6.183181 ] } },
{ "type": "Feature", "properties": { "asset_name": "Bandara Soekarno-Hatta Airport Terminal 2", "category": "terminal", "category_display": "Terminal Bus & Simpul Antarmoda", "city_regency": "Kota Tangerang", "latitude": -6.124537, "longitude": 106.653239, "source_reference": "osm_overpass:node/4149561896", "asset_id": "TERM-0025", "is_buffer": false, "batch_no": 1, "notes": null }, "geometry": { "type": "Point", "coordinates": [ 106.653239, -6.124537 ] } },
{ "type": "Feature", "properties": { "asset_name": "Halte Bulak Kapal", "category": "terminal", "category_display": "Terminal Bus & Simpul Antarmoda", "city_regency": "Kota Bekasi", "latitude": -6.249824, "longitude": 107.024971, "source_reference": "osm_overpass:node/4235138356", "asset_id": "TERM-0026", "is_buffer": false, "batch_no": 1, "notes": null }, "geometry": { "type": "Point", "coordinates": [ 107.024971, -6.249824 ] } },
{ "type": "Feature", "properties": { "asset_name": "Semanggi", "category": "terminal", "category_display": "Terminal Bus & Simpul Antarmoda", "city_regency": "Jakarta Selatan", "latitude": -6.220537, "longitude": 106.813168, "source_reference": "osm_overpass:node/4235200076", "asset_id": "TERM-0027", "is_buffer": false, "batch_no": 1, "notes": null }, "geometry": { "type": "Point", "coordinates": [ 106.813168, -6.220537 ] } },
{ "type": "Feature", "properties": { "asset_name": "Pool Damri Kemayoran", "category": "terminal", "category_display": "Terminal Bus & Simpul Antarmoda", "city_regency": "Jakarta Utara", "latitude": -6.159739, "longitude": 106.848079, "source_reference": "osm_overpass:node/4243825205", "asset_id": "TERM-0028", "is_buffer": false, "batch_no": 1, "notes": null }, "geometry": { "type": "Point", "coordinates": [ 106.848079, -6.159739 ] } },
{ "type": "Feature", "properties": { "asset_name": "Terminal 2F Bandara Soeta", "category": "terminal", "category_display": "Terminal Bus & Simpul Antarmoda", "city_regency": "Kota Tangerang", "latitude": -6.123099, "longitude": 106.654907, "source_reference": "osm_overpass:node/4260199001", "asset_id": "TERM-0029", "is_buffer": false, "batch_no": 1, "notes": null }, "geometry": { "type": "Point", "coordinates": [ 106.654907, -6.123099 ] } },
{ "type": "Feature", "properties": { "asset_name": "Flyover Pramuka", "category": "terminal", "category_display": "Terminal Bus & Simpul Antarmoda", "city_regency": "Jakarta Pusat", "latitude": -6.198901, "longitude": 106.854486, "source_reference": "osm_overpass:node/4275299209", "asset_id": "TERM-0030", "is_buffer": false, "batch_no": 1, "notes": null }, "geometry": { "type": "Point", "coordinates": [ 106.854486, -6.198901 ] } },
{ "type": "Feature", "properties": { "asset_name": "JPO Bundaran Hotel Indonesia", "category": "jpo", "category_display": "Jembatan Penyeberangan Orang (JPO)", "city_regency": "Jakarta Pusat", "latitude": -6.194978, "longitude": 106.823062, "source_reference": "jpo_jakarta.csv", "asset_id": "JPO-0001", "is_buffer": false, "batch_no": 1, "notes": null }, "geometry": { "type": "Point", "coordinates": [ 106.823062, -6.194978 ] } },
{ "type": "Feature", "properties": { "asset_name": "JPO Jalan Kuningan Flyover", "category": "jpo", "category_display": "Jembatan Penyeberangan Orang (JPO)", "city_regency": "Jakarta Pusat", "latitude": -6.204557, "longitude": 106.827586, "source_reference": "jpo_jakarta.csv", "asset_id": "JPO-0002", "is_buffer": false, "batch_no": 1, "notes": null }, "geometry": { "type": "Point", "coordinates": [ 106.827586, -6.204557 ] } },
{ "type": "Feature", "properties": { "asset_name": "JPO Jalan Veteran III", "category": "jpo", "category_display": "Jembatan Penyeberangan Orang (JPO)", "city_regency": "Jakarta Pusat", "latitude": -6.166743, "longitude": 106.825418, "source_reference": "jpo_jakarta.csv", "asset_id": "JPO-0003", "is_buffer": false, "batch_no": 1, "notes": null }, "geometry": { "type": "Point", "coordinates": [ 106.825418, -6.166743 ] } },
{ "type": "Feature", "properties": { "asset_name": "JPO Jalan Aipda Karel Satsuit Tubun", "category": "jpo", "category_display": "Jembatan Penyeberangan Orang (JPO)", "city_regency": "Jakarta Pusat", "latitude": -6.189262, "longitude": 106.811106, "source_reference": "jpo_jakarta.csv", "asset_id": "JPO-0004", "is_buffer": false, "batch_no": 1, "notes": null }, "geometry": { "type": "Point", "coordinates": [ 106.811106, -6.189262 ] } },
{ "type": "Feature", "properties": { "asset_name": "JPO Jalan Prapanca V", "category": "jpo", "category_display": "Jembatan Penyeberangan Orang (JPO)", "city_regency": "Jakarta Selatan", "latitude": -6.250712, "longitude": 106.810407, "source_reference": "jpo_jakarta.csv", "asset_id": "JPO-0005", "is_buffer": false, "batch_no": 1, "notes": null }, "geometry": { "type": "Point", "coordinates": [ 106.810407, -6.250712 ] } },
{ "type": "Feature", "properties": { "asset_name": "JPO Jalan Kemang Utara IX", "category": "jpo", "category_display": "Jembatan Penyeberangan Orang (JPO)", "city_regency": "Jakarta Selatan", "latitude": -6.254798, "longitude": 106.825344, "source_reference": "jpo_jakarta.csv", "asset_id": "JPO-0006", "is_buffer": false, "batch_no": 1, "notes": null }, "geometry": { "type": "Point", "coordinates": [ 106.825344, -6.254798 ] } },
{ "type": "Feature", "properties": { "asset_name": "JPO Jalan Letnan Jenderal MT Haryono", "category": "jpo", "category_display": "Jembatan Penyeberangan Orang (JPO)", "city_regency": "Jakarta Timur", "latitude": -6.244244, "longitude": 106.868617, "source_reference": "jpo_jakarta.csv", "asset_id": "JPO-0007", "is_buffer": false, "batch_no": 1, "notes": null }, "geometry": { "type": "Point", "coordinates": [ 106.868617, -6.244244 ] } },
{ "type": "Feature", "properties": { "asset_name": "JPO Jalan Trikora", "category": "jpo", "category_display": "Jembatan Penyeberangan Orang (JPO)", "city_regency": "Jakarta Timur", "latitude": -6.248155, "longitude": 106.881996, "source_reference": "jpo_jakarta.csv", "asset_id": "JPO-0008", "is_buffer": false, "batch_no": 1, "notes": null }, "geometry": { "type": "Point", "coordinates": [ 106.881996, -6.248155 ] } },
{ "type": "Feature", "properties": { "asset_name": "JPO Jalan Tol Lingkar Luar Jakarta", "category": "jpo", "category_display": "Jembatan Penyeberangan Orang (JPO)", "city_regency": "Jakarta Timur", "latitude": -6.304817, "longitude": 106.883279, "source_reference": "jpo_jakarta.csv", "asset_id": "JPO-0009", "is_buffer": false, "batch_no": 1, "notes": null }, "geometry": { "type": "Point", "coordinates": [ 106.883279, -6.304817 ] } },
{ "type": "Feature", "properties": { "asset_name": "JPO Jalan Haji Bokir Bin Dji'un", "category": "jpo", "category_display": "Jembatan Penyeberangan Orang (JPO)", "city_regency": "Jakarta Timur", "latitude": -6.288139, "longitude": 106.879199, "source_reference": "jpo_jakarta.csv", "asset_id": "JPO-0010", "is_buffer": false, "batch_no": 1, "notes": null }, "geometry": { "type": "Point", "coordinates": [ 106.879199, -6.288139 ] } },
{ "type": "Feature", "properties": { "asset_name": "JPO Jalan Kerja Bakti", "category": "jpo", "category_display": "Jembatan Penyeberangan Orang (JPO)", "city_regency": "Jakarta Timur", "latitude": -6.276778, "longitude": 106.874048, "source_reference": "jpo_jakarta.csv", "asset_id": "JPO-0011", "is_buffer": false, "batch_no": 1, "notes": null }, "geometry": { "type": "Point", "coordinates": [ 106.874048, -6.276778 ] } },
{ "type": "Feature", "properties": { "asset_name": "JPO Jalan Cililitan Besar", "category": "jpo", "category_display": "Jembatan Penyeberangan Orang (JPO)", "city_regency": "Jakarta Timur", "latitude": -6.264602, "longitude": 106.873413, "source_reference": "jpo_jakarta.csv", "asset_id": "JPO-0012", "is_buffer": false, "batch_no": 1, "notes": null }, "geometry": { "type": "Point", "coordinates": [ 106.873413, -6.264602 ] } },
{ "type": "Feature", "properties": { "asset_name": "JPO Jalan Mabes Hankam", "category": "jpo", "category_display": "Jembatan Penyeberangan Orang (JPO)", "city_regency": "Jakarta Timur", "latitude": -6.311912, "longitude": 106.90385, "source_reference": "jpo_jakarta.csv", "asset_id": "JPO-0013", "is_buffer": false, "batch_no": 1, "notes": null }, "geometry": { "type": "Point", "coordinates": [ 106.90385, -6.311912 ] } },
{ "type": "Feature", "properties": { "asset_name": "JPO Jalan Tol Lingkar Luar Jakarta", "category": "jpo", "category_display": "Jembatan Penyeberangan Orang (JPO)", "city_regency": "Jakarta Timur", "latitude": -6.305544, "longitude": 106.858407, "source_reference": "jpo_jakarta.csv", "asset_id": "JPO-0014", "is_buffer": false, "batch_no": 1, "notes": null }, "geometry": { "type": "Point", "coordinates": [ 106.858407, -6.305544 ] } },
{ "type": "Feature", "properties": { "asset_name": "JPO Jalan Tol Cawang–Pluit", "category": "jpo", "category_display": "Jembatan Penyeberangan Orang (JPO)", "city_regency": "Jakarta Selatan", "latitude": -6.237204, "longitude": 106.827777, "source_reference": "jpo_jakarta.csv", "asset_id": "JPO-0015", "is_buffer": false, "batch_no": 1, "notes": null }, "geometry": { "type": "Point", "coordinates": [ 106.827777, -6.237204 ] } },
{ "type": "Feature", "properties": { "asset_name": "JPO Jalan Kapten Tendean", "category": "jpo", "category_display": "Jembatan Penyeberangan Orang (JPO)", "city_regency": "Jakarta Selatan", "latitude": -6.240143, "longitude": 106.825279, "source_reference": "jpo_jakarta.csv", "asset_id": "JPO-0016", "is_buffer": false, "batch_no": 1, "notes": null }, "geometry": { "type": "Point", "coordinates": [ 106.825279, -6.240143 ] } },
{ "type": "Feature", "properties": { "asset_name": "JPO Jalan Robert Wolter Monginsidi", "category": "jpo", "category_display": "Jembatan Penyeberangan Orang (JPO)", "city_regency": "Jakarta Selatan", "latitude": -6.238983, "longitude": 106.817725, "source_reference": "jpo_jakarta.csv", "asset_id": "JPO-0017", "is_buffer": false, "batch_no": 1, "notes": null }, "geometry": { "type": "Point", "coordinates": [ 106.817725, -6.238983 ] } },
{ "type": "Feature", "properties": { "asset_name": "JPO Jalan Tol Cawang–Pluit", "category": "jpo", "category_display": "Jembatan Penyeberangan Orang (JPO)", "city_regency": "Jakarta Pusat", "latitude": -6.220241, "longitude": 106.813105, "source_reference": "jpo_jakarta.csv", "asset_id": "JPO-0018", "is_buffer": false, "batch_no": 1, "notes": null }, "geometry": { "type": "Point", "coordinates": [ 106.813105, -6.220241 ] } },
{ "type": "Feature", "properties": { "asset_name": "JPO Jalan Jenderal Gatot Subroto", "category": "jpo", "category_display": "Jembatan Penyeberangan Orang (JPO)", "city_regency": "Jakarta Pusat", "latitude": -6.218749, "longitude": 106.811517, "source_reference": "jpo_jakarta.csv", "asset_id": "JPO-0019", "is_buffer": false, "batch_no": 1, "notes": null }, "geometry": { "type": "Point", "coordinates": [ 106.811517, -6.218749 ] } },
{ "type": "Feature", "properties": { "asset_name": "JPO Jalan Gerbang Pemuda", "category": "jpo", "category_display": "Jembatan Penyeberangan Orang (JPO)", "city_regency": "Jakarta Barat", "latitude": -6.21238, "longitude": 106.807037, "source_reference": "jpo_jakarta.csv", "asset_id": "JPO-0020", "is_buffer": false, "batch_no": 1, "notes": null }, "geometry": { "type": "Point", "coordinates": [ 106.807037, -6.21238 ] } },
{ "type": "Feature", "properties": { "asset_name": "JPO Jalan Profesor Doktor Satrio", "category": "jpo", "category_display": "Jembatan Penyeberangan Orang (JPO)", "city_regency": "Jakarta Pusat", "latitude": -6.215444, "longitude": 106.818548, "source_reference": "jpo_jakarta.csv", "asset_id": "JPO-0021", "is_buffer": false, "batch_no": 1, "notes": null }, "geometry": { "type": "Point", "coordinates": [ 106.818548, -6.215444 ] } },
{ "type": "Feature", "properties": { "asset_name": "JPO Jalan Teluk Betung", "category": "jpo", "category_display": "Jembatan Penyeberangan Orang (JPO)", "city_regency": "Jakarta Pusat", "latitude": -6.194085, "longitude": 106.818317, "source_reference": "jpo_jakarta.csv", "asset_id": "JPO-0022", "is_buffer": false, "batch_no": 1, "notes": null }, "geometry": { "type": "Point", "coordinates": [ 106.818317, -6.194085 ] } },
{ "type": "Feature", "properties": { "asset_name": "JPO Jalan Teluk Betung", "category": "jpo", "category_display": "Jembatan Penyeberangan Orang (JPO)", "city_regency": "Jakarta Pusat", "latitude": -6.195261, "longitude": 106.818435, "source_reference": "jpo_jakarta.csv", "asset_id": "JPO-0023", "is_buffer": false, "batch_no": 1, "notes": null }, "geometry": { "type": "Point", "coordinates": [ 106.818435, -6.195261 ] } },
{ "type": "Feature", "properties": { "asset_name": "JPO Jalan Kyai Haji Mas Mansyur", "category": "jpo", "category_display": "Jembatan Penyeberangan Orang (JPO)", "city_regency": "Jakarta Pusat", "latitude": -6.200751, "longitude": 106.814998, "source_reference": "jpo_jakarta.csv", "asset_id": "JPO-0024", "is_buffer": false, "batch_no": 1, "notes": null }, "geometry": { "type": "Point", "coordinates": [ 106.814998, -6.200751 ] } },
{ "type": "Feature", "properties": { "asset_name": "JPO Jalan Kyai Haji Mas Mansyur", "category": "jpo", "category_display": "Jembatan Penyeberangan Orang (JPO)", "city_regency": "Jakarta Pusat", "latitude": -6.200547, "longitude": 106.815791, "source_reference": "jpo_jakarta.csv", "asset_id": "JPO-0025", "is_buffer": false, "batch_no": 1, "notes": null }, "geometry": { "type": "Point", "coordinates": [ 106.815791, -6.200547 ] } },
{ "type": "Feature", "properties": { "asset_name": "JPO Jalan Tomang Raya", "category": "jpo", "category_display": "Jembatan Penyeberangan Orang (JPO)", "city_regency": "Jakarta Barat", "latitude": -6.173417, "longitude": 106.805685, "source_reference": "jpo_jakarta.csv", "asset_id": "JPO-0026", "is_buffer": false, "batch_no": 1, "notes": null }, "geometry": { "type": "Point", "coordinates": [ 106.805685, -6.173417 ] } },
{ "type": "Feature", "properties": { "asset_name": "JPO Jalan Tegal Parang Utara VI", "category": "jpo", "category_display": "Jembatan Penyeberangan Orang (JPO)", "city_regency": "Jakarta Timur", "latitude": -6.243407, "longitude": 106.835302, "source_reference": "jpo_jakarta.csv", "asset_id": "JPO-0027", "is_buffer": false, "batch_no": 1, "notes": null }, "geometry": { "type": "Point", "coordinates": [ 106.835302, -6.243407 ] } },
{ "type": "Feature", "properties": { "asset_name": "JPO Jalan Hang Lekir IV", "category": "jpo", "category_display": "Jembatan Penyeberangan Orang (JPO)", "city_regency": "Jakarta Selatan", "latitude": -6.230401, "longitude": 106.796181, "source_reference": "jpo_jakarta.csv", "asset_id": "JPO-0028", "is_buffer": false, "batch_no": 1, "notes": null }, "geometry": { "type": "Point", "coordinates": [ 106.796181, -6.230401 ] } },
{ "type": "Feature", "properties": { "asset_name": "JPO Jalan Suryopranoto", "category": "jpo", "category_display": "Jembatan Penyeberangan Orang (JPO)", "city_regency": "Jakarta Pusat", "latitude": -6.16915, "longitude": 106.819591, "source_reference": "jpo_jakarta.csv", "asset_id": "JPO-0029", "is_buffer": false, "batch_no": 1, "notes": null }, "geometry": { "type": "Point", "coordinates": [ 106.819591, -6.16915 ] } },
{ "type": "Feature", "properties": { "asset_name": "JPO Jalan Fakhrudin", "category": "jpo", "category_display": "Jembatan Penyeberangan Orang (JPO)", "city_regency": "Jakarta Pusat", "latitude": -6.182822, "longitude": 106.813903, "source_reference": "jpo_jakarta.csv", "asset_id": "JPO-0030", "is_buffer": false, "batch_no": 1, "notes": null }, "geometry": { "type": "Point", "coordinates": [ 106.813903, -6.182822 ] } },
{ "type": "Feature", "properties": { "asset_name": "Bandar Udara Halim Perdanakusuma", "category": "airport", "category_display": "Fasilitas Penunjang Bandara", "city_regency": "Jakarta Timur", "latitude": -6.262485, "longitude": 106.890549, "source_reference": "osm_overpass:way/155963037", "asset_id": "AIR-0001", "is_buffer": false, "batch_no": 1, "notes": null }, "geometry": { "type": "Point", "coordinates": [ 106.890549, -6.262485 ] } },
{ "type": "Feature", "properties": { "asset_name": "Pangkalan Udara Atang Senjaya", "category": "airport", "category_display": "Fasilitas Penunjang Bandara", "city_regency": "Kota Bogor", "latitude": -6.540765, "longitude": 106.757723, "source_reference": "osm_overpass:way/163628058", "asset_id": "AIR-0002", "is_buffer": false, "batch_no": 1, "notes": null }, "geometry": { "type": "Point", "coordinates": [ 106.757723, -6.540765 ] } },
{ "type": "Feature", "properties": { "asset_name": "Bandar Udara Khusus Wiladatika", "category": "airport", "category_display": "Fasilitas Penunjang Bandara", "city_regency": "Kota Depok", "latitude": -6.356027, "longitude": 106.900796, "source_reference": "osm_overpass:way/222617082", "asset_id": "AIR-0003", "is_buffer": false, "batch_no": 1, "notes": null }, "geometry": { "type": "Point", "coordinates": [ 106.900796, -6.356027 ] } },
{ "type": "Feature", "properties": { "asset_name": "Bandar Udara Pondok Cabe", "category": "airport", "category_display": "Fasilitas Penunjang Bandara", "city_regency": "Kota Depok", "latitude": -6.336607, "longitude": 106.762051, "source_reference": "osm_overpass:way/402381306", "asset_id": "AIR-0004", "is_buffer": false, "batch_no": 1, "notes": null }, "geometry": { "type": "Point", "coordinates": [ 106.762051, -6.336607 ] } },
{ "type": "Feature", "properties": { "asset_name": "Pangkalan Udara Rumpin", "category": "airport", "category_display": "Fasilitas Penunjang Bandara", "city_regency": "Kota Tangerang Selatan", "latitude": -6.372495, "longitude": 106.624674, "source_reference": "osm_overpass:way/402790191", "asset_id": "AIR-0005", "is_buffer": false, "batch_no": 1, "notes": null }, "geometry": { "type": "Point", "coordinates": [ 106.624674, -6.372495 ] } },
{ "type": "Feature", "properties": { "asset_name": "Bandar Udara Budiarto", "category": "airport", "category_display": "Fasilitas Penunjang Bandara", "city_regency": "Kota Tangerang Selatan", "latitude": -6.288686, "longitude": 106.568582, "source_reference": "osm_overpass:way/566739206", "asset_id": "AIR-0006", "is_buffer": false, "batch_no": 1, "notes": null }, "geometry": { "type": "Point", "coordinates": [ 106.568582, -6.288686 ] } },
{ "type": "Feature", "properties": { "asset_name": "Departure Hall", "category": "airport", "category_display": "Fasilitas Penunjang Bandara", "city_regency": "Kota Tangerang", "latitude": -6.139486, "longitude": 106.658542, "source_reference": "osm_overpass:way/1087975090", "asset_id": "AIR-0007", "is_buffer": false, "batch_no": 1, "notes": null }, "geometry": { "type": "Point", "coordinates": [ 106.658542, -6.139486 ] } },
{ "type": "Feature", "properties": { "asset_name": "Lapangan Terbang Sentul", "category": "airport", "category_display": "Fasilitas Penunjang Bandara", "city_regency": "Kab. Bogor", "latitude": -6.509099, "longitude": 106.878853, "source_reference": "osm_overpass:way/1323032410", "asset_id": "AIR-0008", "is_buffer": false, "batch_no": 1, "notes": null }, "geometry": { "type": "Point", "coordinates": [ 106.878853, -6.509099 ] } },
{ "type": "Feature", "properties": { "asset_name": "Pangkalan Udara Halim Perdanakusuma", "category": "airport", "category_display": "Fasilitas Penunjang Bandara", "city_regency": "Jakarta Timur", "latitude": -6.263564, "longitude": 106.895282, "source_reference": "osm_overpass:relation/12381950", "asset_id": "AIR-0009", "is_buffer": false, "batch_no": 1, "notes": null }, "geometry": { "type": "Point", "coordinates": [ 106.895282, -6.263564 ] } },
{ "type": "Feature", "properties": { "asset_name": "Bandar Udara Internasional Soekarno-Hatta", "category": "airport", "category_display": "Fasilitas Penunjang Bandara", "city_regency": "Kota Tangerang", "latitude": -6.123882, "longitude": 106.657602, "source_reference": "osm_overpass:relation/19104217", "asset_id": "AIR-0010", "is_buffer": false, "batch_no": 1, "notes": null }, "geometry": { "type": "Point", "coordinates": [ 106.657602, -6.123882 ] } },
{ "type": "Feature", "properties": { "asset_name": "Taman Park", "category": "parking", "category_display": "Gedung & Area Parkir (MSCP)", "city_regency": "Jakarta Pusat", "latitude": -6.176838, "longitude": 106.814277, "source_reference": "parking_jakarta.gpkg:938179866", "asset_id": "PKG-0001", "is_buffer": false, "batch_no": 3, "notes": null }, "geometry": { "type": "Point", "coordinates": [ 106.814277, -6.176838 ] } },
{ "type": "Feature", "properties": { "asset_name": "Parkir Pasar Taman Alfa", "category": "parking", "category_display": "Gedung & Area Parkir (MSCP)", "city_regency": "Jakarta Selatan", "latitude": -6.226536, "longitude": 106.754484, "source_reference": "parking_jakarta.gpkg:1291293539", "asset_id": "PKG-0002", "is_buffer": false, "batch_no": 3, "notes": null }, "geometry": { "type": "Point", "coordinates": [ 106.754484, -6.226536 ] } },
{ "type": "Feature", "properties": { "asset_name": "Epicentrum Basement Parking", "category": "parking", "category_display": "Gedung & Area Parkir (MSCP)", "city_regency": "Jakarta Pusat", "latitude": -6.21785, "longitude": 106.835061, "source_reference": "parking_jakarta.gpkg:1395464765", "asset_id": "PKG-0003", "is_buffer": false, "batch_no": 3, "notes": null }, "geometry": { "type": "Point", "coordinates": [ 106.835061, -6.21785 ] } },
{ "type": "Feature", "properties": { "asset_name": "Tempat Parkir", "category": "parking", "category_display": "Gedung & Area Parkir (MSCP)", "city_regency": "Jakarta Utara", "latitude": -6.093895, "longitude": 106.959996, "source_reference": "parking_jakarta.gpkg:3801705989", "asset_id": "PKG-0004", "is_buffer": false, "batch_no": 3, "notes": null }, "geometry": { "type": "Point", "coordinates": [ 106.959996, -6.093895 ] } },
{ "type": "Feature", "properties": { "asset_name": "Lippo Mall Puri 1 Multilevel Parking", "category": "parking", "category_display": "Gedung & Area Parkir (MSCP)", "city_regency": "Kota Tangerang", "latitude": -6.190283, "longitude": 106.739368, "source_reference": "parking_jakarta.gpkg:4506095353", "asset_id": "PKG-0005", "is_buffer": false, "batch_no": 3, "notes": null }, "geometry": { "type": "Point", "coordinates": [ 106.739368, -6.190283 ] } },
{ "type": "Feature", "properties": { "asset_name": "Parkir Warga", "category": "parking", "category_display": "Gedung & Area Parkir (MSCP)", "city_regency": "Kota Bekasi", "latitude": -6.098181, "longitude": 106.96329, "source_reference": "parking_jakarta.gpkg:5050351352", "asset_id": "PKG-0006", "is_buffer": false, "batch_no": 3, "notes": null }, "geometry": { "type": "Point", "coordinates": [ 106.96329, -6.098181 ] } },
{ "type": "Feature", "properties": { "asset_name": "Parkir Warga", "category": "parking", "category_display": "Gedung & Area Parkir (MSCP)", "city_regency": "Kota Bekasi", "latitude": -6.097916, "longitude": 106.9628, "source_reference": "parking_jakarta.gpkg:5050351354", "asset_id": "PKG-0007", "is_buffer": false, "batch_no": 3, "notes": null }, "geometry": { "type": "Point", "coordinates": [ 106.9628, -6.097916 ] } },
{ "type": "Feature", "properties": { "asset_name": "Lippo Mall Puri 1 Multilevel Parking", "category": "parking", "category_display": "Gedung & Area Parkir (MSCP)", "city_regency": "Kota Tangerang", "latitude": -6.189537, "longitude": 106.739331, "source_reference": "parking_jakarta.gpkg:5487673270", "asset_id": "PKG-0008", "is_buffer": false, "batch_no": 3, "notes": null }, "geometry": { "type": "Point", "coordinates": [ 106.739331, -6.189537 ] } },
{ "type": "Feature", "properties": { "asset_name": "Lippo Mall Puri 1 Basement Parking", "category": "parking", "category_display": "Gedung & Area Parkir (MSCP)", "city_regency": "Kota Tangerang", "latitude": -6.191044, "longitude": 106.737812, "source_reference": "parking_jakarta.gpkg:5909244755", "asset_id": "PKG-0009", "is_buffer": false, "batch_no": 3, "notes": null }, "geometry": { "type": "Point", "coordinates": [ 106.737812, -6.191044 ] } },
{ "type": "Feature", "properties": { "asset_name": "Lippo Mall Puri 2 Basement Parking", "category": "parking", "category_display": "Gedung & Area Parkir (MSCP)", "city_regency": "Kota Tangerang", "latitude": -6.187676, "longitude": 106.73839, "source_reference": "parking_jakarta.gpkg:5909244758", "asset_id": "PKG-0010", "is_buffer": false, "batch_no": 3, "notes": null }, "geometry": { "type": "Point", "coordinates": [ 106.73839, -6.187676 ] } },
{ "type": "Feature", "properties": { "asset_name": "Secure Parking", "category": "parking", "category_display": "Gedung & Area Parkir (MSCP)", "city_regency": "Jakarta Barat", "latitude": -6.202176, "longitude": 106.78136, "source_reference": "parking_jakarta.gpkg:5936717735", "asset_id": "PKG-0011", "is_buffer": false, "batch_no": 3, "notes": null }, "geometry": { "type": "Point", "coordinates": [ 106.78136, -6.202176 ] } },
{ "type": "Feature", "properties": { "asset_name": "Loading Dock A Central Park Mall", "category": "parking", "category_display": "Gedung & Area Parkir (MSCP)", "city_regency": "Jakarta Barat", "latitude": -6.177569, "longitude": 106.789485, "source_reference": "parking_jakarta.gpkg:6134778402", "asset_id": "PKG-0012", "is_buffer": false, "batch_no": 3, "notes": null }, "geometry": { "type": "Point", "coordinates": [ 106.789485, -6.177569 ] } },
{ "type": "Feature", "properties": { "asset_name": "Parkir Basement DIPO Tower", "category": "parking", "category_display": "Gedung & Area Parkir (MSCP)", "city_regency": "Jakarta Barat", "latitude": -6.202951, "longitude": 106.801387, "source_reference": "parking_jakarta.gpkg:6135130607", "asset_id": "PKG-0013", "is_buffer": false, "batch_no": 3, "notes": null }, "geometry": { "type": "Point", "coordinates": [ 106.801387, -6.202951 ] } },
{ "type": "Feature", "properties": { "asset_name": "Parkir Gedung / Basement Central Park Mall", "category": "parking", "category_display": "Gedung & Area Parkir (MSCP)", "city_regency": "Jakarta Barat", "latitude": -6.175777, "longitude": 106.79097, "source_reference": "parking_jakarta.gpkg:7068524543", "asset_id": "PKG-0014", "is_buffer": false, "batch_no": 3, "notes": null }, "geometry": { "type": "Point", "coordinates": [ 106.79097, -6.175777 ] } },
{ "type": "Feature", "properties": { "asset_name": "Lippo Mall Puri 1 St. Moritz Parking", "category": "parking", "category_display": "Gedung & Area Parkir (MSCP)", "city_regency": "Kota Tangerang", "latitude": -6.190983, "longitude": 106.739539, "source_reference": "parking_jakarta.gpkg:7389640430", "asset_id": "PKG-0015", "is_buffer": false, "batch_no": 3, "notes": null }, "geometry": { "type": "Point", "coordinates": [ 106.739539, -6.190983 ] } },
{ "type": "Feature", "properties": { "asset_name": "Stasiun Kalibata", "category": "parking", "category_display": "Gedung & Area Parkir (MSCP)", "city_regency": "Jakarta Timur", "latitude": -6.254968, "longitude": 106.855151, "source_reference": "parking_jakarta.gpkg:8582462517", "asset_id": "PKG-0016", "is_buffer": false, "batch_no": 3, "notes": null }, "geometry": { "type": "Point", "coordinates": [ 106.855151, -6.254968 ] } },
{ "type": "Feature", "properties": { "asset_name": "Stasiun Kalibata", "category": "parking", "category_display": "Gedung & Area Parkir (MSCP)", "city_regency": "Jakarta Timur", "latitude": -6.255163, "longitude": 106.855333, "source_reference": "parking_jakarta.gpkg:8582462518", "asset_id": "PKG-0017", "is_buffer": false, "batch_no": 3, "notes": null }, "geometry": { "type": "Point", "coordinates": [ 106.855333, -6.255163 ] } },
{ "type": "Feature", "properties": { "asset_name": "Area Parkir Kecil", "category": "parking", "category_display": "Gedung & Area Parkir (MSCP)", "city_regency": "Jakarta Timur", "latitude": -6.225253, "longitude": 106.843706, "source_reference": "parking_jakarta.gpkg:dynamic:1499014802", "asset_id": "PKG-0018", "is_buffer": false, "batch_no": 3, "notes": "Hot-Swapped dari buffer PKG-DYN-001 (pengganti Penitipan Motor 404)" }, "geometry": { "type": "Point", "coordinates": [ 106.843706, -6.225253 ] } },
{ "type": "Feature", "properties": { "asset_name": "Parkir Sarinah", "category": "parking", "category_display": "Gedung & Area Parkir (MSCP)", "city_regency": "Jakarta Pusat", "latitude": -6.188265, "longitude": 106.824655, "source_reference": "parking_jakarta.gpkg:replacement", "asset_id": "PKG-0019", "is_buffer": false, "batch_no": 3, "notes": "Hot-Swapped pengganti Penitipan Motor (404 / zombie cache)" }, "geometry": { "type": "Point", "coordinates": [ 106.824655, -6.188265 ] } },
{ "type": "Feature", "properties": { "asset_name": "Parkir Gedung / Basement Central Park Mall", "category": "parking", "category_display": "Gedung & Area Parkir (MSCP)", "city_regency": "Jakarta Barat", "latitude": -6.175561, "longitude": 106.789794, "source_reference": "parking_jakarta.gpkg:9647577222", "asset_id": "PKG-0020", "is_buffer": false, "batch_no": 3, "notes": null }, "geometry": { "type": "Point", "coordinates": [ 106.789794, -6.175561 ] } },
{ "type": "Feature", "properties": { "asset_name": "Parkir Mobil", "category": "parking", "category_display": "Gedung & Area Parkir (MSCP)", "city_regency": "Jakarta Selatan", "latitude": -6.235518, "longitude": 106.790257, "source_reference": "parking_jakarta.gpkg:10739448143", "asset_id": "PKG-0021", "is_buffer": false, "batch_no": 3, "notes": null }, "geometry": { "type": "Point", "coordinates": [ 106.790257, -6.235518 ] } },
{ "type": "Feature", "properties": { "asset_name": "Triyasa Office & Gallery Parking Area", "category": "parking", "category_display": "Gedung & Area Parkir (MSCP)", "city_regency": "Jakarta Pusat", "latitude": -6.218293, "longitude": 106.832929, "source_reference": "parking_jakarta.gpkg:17585532", "asset_id": "PKG-0022", "is_buffer": false, "batch_no": 3, "notes": null }, "geometry": { "type": "Point", "coordinates": [ 106.832929, -6.218293 ] } },
{ "type": "Feature", "properties": { "asset_name": "Parkir Utama Bandar Udara Halim Perdanakusuma", "category": "parking", "category_display": "Gedung & Area Parkir (MSCP)", "city_regency": "Jakarta Timur", "latitude": -6.264549, "longitude": 106.885492, "source_reference": "parking_jakarta.gpkg:28163632", "asset_id": "PKG-0023", "is_buffer": false, "batch_no": 3, "notes": null }, "geometry": { "type": "Point", "coordinates": [ 106.885492, -6.264549 ] } },
{ "type": "Feature", "properties": { "asset_name": "Lot 17", "category": "parking", "category_display": "Gedung & Area Parkir (MSCP)", "city_regency": "Jakarta Selatan", "latitude": -6.228742, "longitude": 106.808465, "source_reference": "parking_jakarta.gpkg:28191771", "asset_id": "PKG-0024", "is_buffer": false, "batch_no": 3, "notes": null }, "geometry": { "type": "Point", "coordinates": [ 106.808465, -6.228742 ] } },
{ "type": "Feature", "properties": { "asset_name": "Parkir Kejaksaan Agung", "category": "parking", "category_display": "Gedung & Area Parkir (MSCP)", "city_regency": "Jakarta Selatan", "latitude": -6.240563, "longitude": 106.796498, "source_reference": "parking_jakarta.gpkg:28715537", "asset_id": "PKG-0025", "is_buffer": false, "batch_no": 3, "notes": null }, "geometry": { "type": "Point", "coordinates": [ 106.796498, -6.240563 ] } },
{ "type": "Feature", "properties": { "asset_name": "Sentral Parkir", "category": "parking", "category_display": "Gedung & Area Parkir (MSCP)", "city_regency": "Jakarta Utara", "latitude": -6.127219, "longitude": 106.841443, "source_reference": "parking_jakarta.gpkg:28744027", "asset_id": "PKG-0026", "is_buffer": false, "batch_no": 3, "notes": null }, "geometry": { "type": "Point", "coordinates": [ 106.841443, -6.127219 ] } },
{ "type": "Feature", "properties": { "asset_name": "Al-Bakrie Parking Lot", "category": "parking", "category_display": "Gedung & Area Parkir (MSCP)", "city_regency": "Jakarta Pusat", "latitude": -6.219386, "longitude": 106.837308, "source_reference": "parking_jakarta.gpkg:125590224", "asset_id": "PKG-0027", "is_buffer": false, "batch_no": 3, "notes": null }, "geometry": { "type": "Point", "coordinates": [ 106.837308, -6.219386 ] } },
{ "type": "Feature", "properties": { "asset_name": "Area Parkir Dinas Kesehatan", "category": "parking", "category_display": "Gedung & Area Parkir (MSCP)", "city_regency": "Jakarta Timur", "latitude": -6.262089, "longitude": 106.872156, "source_reference": "parking_jakarta.gpkg:155948939", "asset_id": "PKG-0028", "is_buffer": false, "batch_no": 3, "notes": null }, "geometry": { "type": "Point", "coordinates": [ 106.872156, -6.262089 ] } },
{ "type": "Feature", "properties": { "asset_name": "Toyota", "category": "parking", "category_display": "Gedung & Area Parkir (MSCP)", "city_regency": "Jakarta Timur", "latitude": -6.310305, "longitude": 106.870725, "source_reference": "parking_jakarta.gpkg:155954275", "asset_id": "PKG-0029", "is_buffer": false, "batch_no": 3, "notes": null }, "geometry": { "type": "Point", "coordinates": [ 106.870725, -6.310305 ] } },
{ "type": "Feature", "properties": { "asset_name": "Garasi Kendaraan Dinas Milik Negara", "category": "parking", "category_display": "Gedung & Area Parkir (MSCP)", "city_regency": "Jakarta Timur", "latitude": -6.256514, "longitude": 106.876138, "source_reference": "parking_jakarta.gpkg:155956669", "asset_id": "PKG-0030", "is_buffer": false, "batch_no": 3, "notes": null }, "geometry": { "type": "Point", "coordinates": [ 106.876138, -6.256514 ] } },
{ "type": "Feature", "properties": { "asset_name": "Pool Taksi Cipaganti", "category": "parking", "category_display": "Gedung & Area Parkir (MSCP)", "city_regency": "Jakarta Timur", "latitude": -6.251811, "longitude": 106.881162, "source_reference": "parking_jakarta.gpkg:155956697", "asset_id": "PKG-0031", "is_buffer": false, "batch_no": 3, "notes": null }, "geometry": { "type": "Point", "coordinates": [ 106.881162, -6.251811 ] } },
{ "type": "Feature", "properties": { "asset_name": "Pool Taksi Pusaka", "category": "parking", "category_display": "Gedung & Area Parkir (MSCP)", "city_regency": "Jakarta Timur", "latitude": -6.264211, "longitude": 106.874068, "source_reference": "parking_jakarta.gpkg:155956701", "asset_id": "PKG-0032", "is_buffer": false, "batch_no": 3, "notes": null }, "geometry": { "type": "Point", "coordinates": [ 106.874068, -6.264211 ] } },
{ "type": "Feature", "properties": { "asset_name": "Pool Taksi Sri Medali", "category": "parking", "category_display": "Gedung & Area Parkir (MSCP)", "city_regency": "Jakarta Timur", "latitude": -6.252501, "longitude": 106.881382, "source_reference": "parking_jakarta.gpkg:155956702", "asset_id": "PKG-0033", "is_buffer": false, "batch_no": 3, "notes": null }, "geometry": { "type": "Point", "coordinates": [ 106.881382, -6.252501 ] } },
{ "type": "Feature", "properties": { "asset_name": "Pool Taksi Sri Medali", "category": "parking", "category_display": "Gedung & Area Parkir (MSCP)", "city_regency": "Jakarta Timur", "latitude": -6.249158, "longitude": 106.880628, "source_reference": "parking_jakarta.gpkg:155956704", "asset_id": "PKG-0034", "is_buffer": false, "batch_no": 3, "notes": null }, "geometry": { "type": "Point", "coordinates": [ 106.880628, -6.249158 ] } },
{ "type": "Feature", "properties": { "asset_name": "Parkir Mega Mall Pluit", "category": "parking", "category_display": "Gedung & Area Parkir (MSCP)", "city_regency": "Jakarta Utara", "latitude": -6.115927, "longitude": 106.786823, "source_reference": "parking_jakarta.gpkg:156270944", "asset_id": "PKG-0035", "is_buffer": false, "batch_no": 3, "notes": null }, "geometry": { "type": "Point", "coordinates": [ 106.786823, -6.115927 ] } },
{ "type": "Feature", "properties": { "asset_name": "Gedung Parkir Binus", "category": "parking", "category_display": "Gedung & Area Parkir (MSCP)", "city_regency": "Jakarta Barat", "latitude": -6.202025, "longitude": 106.780171, "source_reference": "parking_jakarta.gpkg:156921456", "asset_id": "PKG-0036", "is_buffer": false, "batch_no": 3, "notes": null }, "geometry": { "type": "Point", "coordinates": [ 106.780171, -6.202025 ] } },
{ "type": "Feature", "properties": { "asset_name": "Lapangan Parkir Rumah sakit MRCC", "category": "parking", "category_display": "Gedung & Area Parkir (MSCP)", "city_regency": "Jakarta Pusat", "latitude": -6.217398, "longitude": 106.81539, "source_reference": "parking_jakarta.gpkg:157347144", "asset_id": "PKG-0037", "is_buffer": false, "batch_no": 3, "notes": null }, "geometry": { "type": "Point", "coordinates": [ 106.81539, -6.217398 ] } },
{ "type": "Feature", "properties": { "asset_name": "Plaza Kuningan Parking Annex", "category": "parking", "category_display": "Gedung & Area Parkir (MSCP)", "city_regency": "Jakarta Pusat", "latitude": -6.216354, "longitude": 106.831593, "source_reference": "parking_jakarta.gpkg:157360947", "asset_id": "PKG-0038", "is_buffer": false, "batch_no": 3, "notes": null }, "geometry": { "type": "Point", "coordinates": [ 106.831593, -6.216354 ] } },
{ "type": "Feature", "properties": { "asset_name": "Parkir Bus", "category": "parking", "category_display": "Gedung & Area Parkir (MSCP)", "city_regency": "Jakarta Timur", "latitude": -6.304368, "longitude": 106.888863, "source_reference": "parking_jakarta.gpkg:196953667", "asset_id": "PKG-0039", "is_buffer": false, "batch_no": 3, "notes": null }, "geometry": { "type": "Point", "coordinates": [ 106.888863, -6.304368 ] } },
{ "type": "Feature", "properties": { "asset_name": "Parkir Pameran Jambore ASPAC", "category": "parking", "category_display": "Gedung & Area Parkir (MSCP)", "city_regency": "Kota Depok", "latitude": -6.372151, "longitude": 106.900233, "source_reference": "parking_jakarta.gpkg:222794883", "asset_id": "PKG-0040", "is_buffer": false, "batch_no": 3, "notes": null }, "geometry": { "type": "Point", "coordinates": [ 106.900233, -6.372151 ] } },
{ "type": "Feature", "properties": { "asset_name": "Lapangan Parkir", "category": "parking", "category_display": "Gedung & Area Parkir (MSCP)", "city_regency": "Jakarta Timur", "latitude": -6.226346, "longitude": 106.866198, "source_reference": "parking_jakarta.gpkg:314681695", "asset_id": "PKG-0041", "is_buffer": false, "batch_no": 3, "notes": null }, "geometry": { "type": "Point", "coordinates": [ 106.866198, -6.226346 ] } },
{ "type": "Feature", "properties": { "asset_name": "Menara Thamrin Parking", "category": "parking", "category_display": "Gedung & Area Parkir (MSCP)", "city_regency": "Jakarta Pusat", "latitude": -6.185586, "longitude": 106.821783, "source_reference": "parking_jakarta.gpkg:340868932", "asset_id": "PKG-0042", "is_buffer": false, "batch_no": 3, "notes": null }, "geometry": { "type": "Point", "coordinates": [ 106.821783, -6.185586 ] } },
{ "type": "Feature", "properties": { "asset_name": "Parkir Gedung A", "category": "parking", "category_display": "Gedung & Area Parkir (MSCP)", "city_regency": "Jakarta Pusat", "latitude": -6.182599, "longitude": 106.830501, "source_reference": "parking_jakarta.gpkg:340870308", "asset_id": "PKG-0043", "is_buffer": false, "batch_no": 3, "notes": null }, "geometry": { "type": "Point", "coordinates": [ 106.830501, -6.182599 ] } },
{ "type": "Feature", "properties": { "asset_name": "Parkir Askrida", "category": "parking", "category_display": "Gedung & Area Parkir (MSCP)", "city_regency": "Jakarta Timur", "latitude": -6.192759, "longitude": 106.867149, "source_reference": "parking_jakarta.gpkg:363842111", "asset_id": "PKG-0044", "is_buffer": false, "batch_no": 3, "notes": null }, "geometry": { "type": "Point", "coordinates": [ 106.867149, -6.192759 ] } },
{ "type": "Feature", "properties": { "asset_name": "Parkir IS Plaza", "category": "parking", "category_display": "Gedung & Area Parkir (MSCP)", "city_regency": "Jakarta Timur", "latitude": -6.19273, "longitude": 106.86638, "source_reference": "parking_jakarta.gpkg:363842112", "asset_id": "PKG-0045", "is_buffer": false, "batch_no": 3, "notes": null }, "geometry": { "type": "Point", "coordinates": [ 106.86638, -6.19273 ] } },
{ "type": "Feature", "properties": { "asset_name": "Parkir Isuzu", "category": "parking", "category_display": "Gedung & Area Parkir (MSCP)", "city_regency": "Jakarta Timur", "latitude": -6.192763, "longitude": 106.866285, "source_reference": "parking_jakarta.gpkg:363842113", "asset_id": "PKG-0046", "is_buffer": false, "batch_no": 3, "notes": null }, "geometry": { "type": "Point", "coordinates": [ 106.866285, -6.192763 ] } },
{ "type": "Feature", "properties": { "asset_name": "Parkir Apartemen CityPark", "category": "parking", "category_display": "Gedung & Area Parkir (MSCP)", "city_regency": "Kota Tangerang", "latitude": -6.131334, "longitude": 106.736357, "source_reference": "parking_jakarta.gpkg:365952958", "asset_id": "PKG-0047", "is_buffer": false, "batch_no": 3, "notes": null }, "geometry": { "type": "Point", "coordinates": [ 106.736357, -6.131334 ] } },
{ "type": "Feature", "properties": { "asset_name": "Parkir Barat", "category": "parking", "category_display": "Gedung & Area Parkir (MSCP)", "city_regency": "Jakarta Utara", "latitude": -6.148027, "longitude": 106.842958, "source_reference": "parking_jakarta.gpkg:366954513", "asset_id": "PKG-0048", "is_buffer": false, "batch_no": 3, "notes": null }, "geometry": { "type": "Point", "coordinates": [ 106.842958, -6.148027 ] } },
{ "type": "Feature", "properties": { "asset_name": "Parkir Timur", "category": "parking", "category_display": "Gedung & Area Parkir (MSCP)", "city_regency": "Jakarta Utara", "latitude": -6.146703, "longitude": 106.848205, "source_reference": "parking_jakarta.gpkg:366954516", "asset_id": "PKG-0049", "is_buffer": false, "batch_no": 3, "notes": null }, "geometry": { "type": "Point", "coordinates": [ 106.848205, -6.146703 ] } },
{ "type": "Feature", "properties": { "asset_name": "Parkir Utara", "category": "parking", "category_display": "Gedung & Area Parkir (MSCP)", "city_regency": "Jakarta Utara", "latitude": -6.14374, "longitude": 106.845313, "source_reference": "parking_jakarta.gpkg:366965230", "asset_id": "PKG-0050", "is_buffer": false, "batch_no": 3, "notes": null }, "geometry": { "type": "Point", "coordinates": [ 106.845313, -6.14374 ] } },
{ "type": "Feature", "properties": { "asset_name": "Parkiran", "category": "parking", "category_display": "Gedung & Area Parkir (MSCP)", "city_regency": "Jakarta Pusat", "latitude": -6.18584, "longitude": 106.821078, "source_reference": "parking_jakarta.gpkg:376203154", "asset_id": "PKG-0051", "is_buffer": false, "batch_no": 3, "notes": null }, "geometry": { "type": "Point", "coordinates": [ 106.821078, -6.18584 ] } },
{ "type": "Feature", "properties": { "asset_name": "Parkir Mobil", "category": "parking", "category_display": "Gedung & Area Parkir (MSCP)", "city_regency": "Kota Bekasi", "latitude": -6.09836, "longitude": 106.960318, "source_reference": "parking_jakarta.gpkg:376783767", "asset_id": "PKG-0052", "is_buffer": false, "batch_no": 3, "notes": null }, "geometry": { "type": "Point", "coordinates": [ 106.960318, -6.09836 ] } },
{ "type": "Feature", "properties": { "asset_name": "Parkir Utara", "category": "parking", "category_display": "Gedung & Area Parkir (MSCP)", "city_regency": "Jakarta Timur", "latitude": -6.301226, "longitude": 106.889461, "source_reference": "parking_jakarta.gpkg:378374687", "asset_id": "PKG-0053", "is_buffer": false, "batch_no": 3, "notes": null }, "geometry": { "type": "Point", "coordinates": [ 106.889461, -6.301226 ] } },
{ "type": "Feature", "properties": { "asset_name": "Parkir Selatan", "category": "parking", "category_display": "Gedung & Area Parkir (MSCP)", "city_regency": "Jakarta Timur", "latitude": -6.303225, "longitude": 106.889879, "source_reference": "parking_jakarta.gpkg:378374688", "asset_id": "PKG-0054", "is_buffer": false, "batch_no": 3, "notes": null }, "geometry": { "type": "Point", "coordinates": [ 106.889879, -6.303225 ] } },
{ "type": "Feature", "properties": { "asset_name": "Binus University Car Parking", "category": "parking", "category_display": "Gedung & Area Parkir (MSCP)", "city_regency": "Jakarta Barat", "latitude": -6.203316, "longitude": 106.783588, "source_reference": "parking_jakarta.gpkg:379563044", "asset_id": "PKG-0055", "is_buffer": false, "batch_no": 3, "notes": null }, "geometry": { "type": "Point", "coordinates": [ 106.783588, -6.203316 ] } },
{ "type": "Feature", "properties": { "asset_name": "Parkir Timur Senayan", "category": "parking", "category_display": "Gedung & Area Parkir (MSCP)", "city_regency": "Jakarta Barat", "latitude": -6.21711, "longitude": 106.80807, "source_reference": "parking_jakarta.gpkg:403720910", "asset_id": "PKG-0056", "is_buffer": false, "batch_no": 3, "notes": null }, "geometry": { "type": "Point", "coordinates": [ 106.80807, -6.21711 ] } },
{ "type": "Feature", "properties": { "asset_name": "Parkir Timur Senayan", "category": "parking", "category_display": "Gedung & Area Parkir (MSCP)", "city_regency": "Jakarta Selatan", "latitude": -6.220049, "longitude": 106.8076, "source_reference": "parking_jakarta.gpkg:403720911", "asset_id": "PKG-0057", "is_buffer": false, "batch_no": 3, "notes": null }, "geometry": { "type": "Point", "coordinates": [ 106.8076, -6.220049 ] } },
{ "type": "Feature", "properties": { "asset_name": "Gedung Parkiran Bunder", "category": "parking", "category_display": "Gedung & Area Parkir (MSCP)", "city_regency": "Jakarta Timur", "latitude": -6.196279, "longitude": 106.878468, "source_reference": "parking_jakarta.gpkg:426962757", "asset_id": "PKG-0058", "is_buffer": false, "batch_no": 3, "notes": null }, "geometry": { "type": "Point", "coordinates": [ 106.878468, -6.196279 ] } },
{ "type": "Feature", "properties": { "asset_name": "Gedung Parkir BPPT", "category": "parking", "category_display": "Gedung & Area Parkir (MSCP)", "city_regency": "Jakarta Pusat", "latitude": -6.18404, "longitude": 106.821517, "source_reference": "parking_jakarta.gpkg:442715120", "asset_id": "PKG-0059", "is_buffer": false, "batch_no": 3, "notes": null }, "geometry": { "type": "Point", "coordinates": [ 106.821517, -6.18404 ] } },
{ "type": "Feature", "properties": { "asset_name": "Parkir Motor Masjid", "category": "parking", "category_display": "Gedung & Area Parkir (MSCP)", "city_regency": "Jakarta Pusat", "latitude": -6.186558, "longitude": 106.821584, "source_reference": "parking_jakarta.gpkg:443504202", "asset_id": "PKG-0060", "is_buffer": false, "batch_no": 3, "notes": null }, "geometry": { "type": "Point", "coordinates": [ 106.821584, -6.186558 ] } },
{ "type": "Feature", "properties": { "asset_name": "Parkir PT Budi Dharma", "category": "parking", "category_display": "Gedung & Area Parkir (MSCP)", "city_regency": "Jakarta Utara", "latitude": -6.119311, "longitude": 106.929647, "source_reference": "parking_jakarta.gpkg:447603498", "asset_id": "PKG-0061", "is_buffer": false, "batch_no": 3, "notes": null }, "geometry": { "type": "Point", "coordinates": [ 106.929647, -6.119311 ] } },
{ "type": "Feature", "properties": { "asset_name": "Parkir Mobil Gramedia Matraman", "category": "parking", "category_display": "Gedung & Area Parkir (MSCP)", "city_regency": "Jakarta Pusat", "latitude": -6.202947, "longitude": 106.856645, "source_reference": "parking_jakarta.gpkg:453890900", "asset_id": "PKG-0062", "is_buffer": false, "batch_no": 3, "notes": null }, "geometry": { "type": "Point", "coordinates": [ 106.856645, -6.202947 ] } },
{ "type": "Feature", "properties": { "asset_name": "Parkir BCA Matraman", "category": "parking", "category_display": "Gedung & Area Parkir (MSCP)", "city_regency": "Jakarta Pusat", "latitude": -6.200404, "longitude": 106.854067, "source_reference": "parking_jakarta.gpkg:454010134", "asset_id": "PKG-0063", "is_buffer": false, "batch_no": 3, "notes": null }, "geometry": { "type": "Point", "coordinates": [ 106.854067, -6.200404 ] } },
{ "type": "Feature", "properties": { "asset_name": "Parkir BCA Matraman", "category": "parking", "category_display": "Gedung & Area Parkir (MSCP)", "city_regency": "Jakarta Pusat", "latitude": -6.200901, "longitude": 106.854141, "source_reference": "parking_jakarta.gpkg:454010135", "asset_id": "PKG-0064", "is_buffer": false, "batch_no": 3, "notes": null }, "geometry": { "type": "Point", "coordinates": [ 106.854141, -6.200901 ] } },
{ "type": "Feature", "properties": { "asset_name": "Parkiran Abuba Steak", "category": "parking", "category_display": "Gedung & Area Parkir (MSCP)", "city_regency": "Jakarta Pusat", "latitude": -6.200886, "longitude": 106.854957, "source_reference": "parking_jakarta.gpkg:454010136", "asset_id": "PKG-0065", "is_buffer": false, "batch_no": 3, "notes": null }, "geometry": { "type": "Point", "coordinates": [ 106.854957, -6.200886 ] } },
{ "type": "Feature", "properties": { "asset_name": "Kelapa Gading 1, 2 & 3 parking car", "category": "parking", "category_display": "Gedung & Area Parkir (MSCP)", "city_regency": "Jakarta Utara", "latitude": -6.159261, "longitude": 106.907594, "source_reference": "parking_jakarta.gpkg:455261277", "asset_id": "PKG-0066", "is_buffer": false, "batch_no": 3, "notes": null }, "geometry": { "type": "Point", "coordinates": [ 106.907594, -6.159261 ] } },
{ "type": "Feature", "properties": { "asset_name": "Lot 23", "category": "parking", "category_display": "Gedung & Area Parkir (MSCP)", "city_regency": "Jakarta Selatan", "latitude": -6.225538, "longitude": 106.812458, "source_reference": "parking_jakarta.gpkg:481956368", "asset_id": "PKG-0067", "is_buffer": false, "batch_no": 3, "notes": null }, "geometry": { "type": "Point", "coordinates": [ 106.812458, -6.225538 ] } },
{ "type": "Feature", "properties": { "asset_name": "Parkir All Seasons", "category": "parking", "category_display": "Gedung & Area Parkir (MSCP)", "city_regency": "Jakarta Pusat", "latitude": -6.201364, "longitude": 106.821879, "source_reference": "parking_jakarta.gpkg:482147027", "asset_id": "PKG-0068", "is_buffer": false, "batch_no": 3, "notes": null }, "geometry": { "type": "Point", "coordinates": [ 106.821879, -6.201364 ] } },
{ "type": "Feature", "properties": { "asset_name": "Parkir RSIA Brawijaya", "category": "parking", "category_display": "Gedung & Area Parkir (MSCP)", "city_regency": "Jakarta Selatan", "latitude": -6.256884, "longitude": 106.807624, "source_reference": "parking_jakarta.gpkg:483400109", "asset_id": "PKG-0069", "is_buffer": false, "batch_no": 3, "notes": null }, "geometry": { "type": "Point", "coordinates": [ 106.807624, -6.256884 ] } },
{ "type": "Feature", "properties": { "asset_name": "Gedung Parkir", "category": "parking", "category_display": "Gedung & Area Parkir (MSCP)", "city_regency": "Jakarta Pusat", "latitude": -6.190357, "longitude": 106.838563, "source_reference": "parking_jakarta.gpkg:483594690", "asset_id": "PKG-0070", "is_buffer": false, "batch_no": 3, "notes": null }, "geometry": { "type": "Point", "coordinates": [ 106.838563, -6.190357 ] } },
{ "type": "Feature", "properties": { "asset_name": "Gedung Y", "category": "parking", "category_display": "Gedung & Area Parkir (MSCP)", "city_regency": "Jakarta Pusat", "latitude": -6.219465, "longitude": 106.816237, "source_reference": "parking_jakarta.gpkg:484635873", "asset_id": "PKG-0071", "is_buffer": false, "batch_no": 3, "notes": null }, "geometry": { "type": "Point", "coordinates": [ 106.816237, -6.219465 ] } },
{ "type": "Feature", "properties": { "asset_name": "Parkir RSCM Gedung A", "category": "parking", "category_display": "Gedung & Area Parkir (MSCP)", "city_regency": "Jakarta Pusat", "latitude": -6.195833, "longitude": 106.846328, "source_reference": "parking_jakarta.gpkg:485997919", "asset_id": "PKG-0072", "is_buffer": false, "batch_no": 3, "notes": null }, "geometry": { "type": "Point", "coordinates": [ 106.846328, -6.195833 ] } },
{ "type": "Feature", "properties": { "asset_name": "Amanaia", "category": "parking", "category_display": "Gedung & Area Parkir (MSCP)", "city_regency": "Jakarta Pusat", "latitude": -6.179068, "longitude": 106.839573, "source_reference": "parking_jakarta.gpkg:491283235", "asset_id": "PKG-0073", "is_buffer": false, "batch_no": 3, "notes": null }, "geometry": { "type": "Point", "coordinates": [ 106.839573, -6.179068 ] } },
{ "type": "Feature", "properties": { "asset_name": "Park and Ride Pinang Ranti", "category": "parking", "category_display": "Gedung & Area Parkir (MSCP)", "city_regency": "Jakarta Timur", "latitude": -6.291938, "longitude": 106.885837, "source_reference": "parking_jakarta.gpkg:496815162", "asset_id": "PKG-0074", "is_buffer": false, "batch_no": 3, "notes": null }, "geometry": { "type": "Point", "coordinates": [ 106.885837, -6.291938 ] } },
{ "type": "Feature", "properties": { "asset_name": "Gedung Parkir", "category": "parking", "category_display": "Gedung & Area Parkir (MSCP)", "city_regency": "Jakarta Timur", "latitude": -6.299659, "longitude": 106.89121, "source_reference": "parking_jakarta.gpkg:498466423", "asset_id": "PKG-0075", "is_buffer": false, "batch_no": 3, "notes": null }, "geometry": { "type": "Point", "coordinates": [ 106.89121, -6.299659 ] } },
{ "type": "Feature", "properties": { "asset_name": "Bus", "category": "parking", "category_display": "Gedung & Area Parkir (MSCP)", "city_regency": "Jakarta Timur", "latitude": -6.299659, "longitude": 106.89121, "source_reference": "parking_jakarta.gpkg:498466424", "asset_id": "PKG-0076", "is_buffer": false, "batch_no": 3, "notes": null }, "geometry": { "type": "Point", "coordinates": [ 106.89121, -6.299659 ] } },
{ "type": "Feature", "properties": { "asset_name": "Lotte Mart", "category": "parking", "category_display": "Gedung & Area Parkir (MSCP)", "city_regency": "Jakarta Timur", "latitude": -6.309263, "longitude": 106.866342, "source_reference": "parking_jakarta.gpkg:510172678", "asset_id": "PKG-0077", "is_buffer": false, "batch_no": 3, "notes": null }, "geometry": { "type": "Point", "coordinates": [ 106.866342, -6.309263 ] } },
{ "type": "Feature", "properties": { "asset_name": "Gedung Parkir 1", "category": "parking", "category_display": "Gedung & Area Parkir (MSCP)", "city_regency": "Jakarta Timur", "latitude": -6.160608, "longitude": 106.907984, "source_reference": "parking_jakarta.gpkg:514678427", "asset_id": "PKG-0078", "is_buffer": false, "batch_no": 3, "notes": null }, "geometry": { "type": "Point", "coordinates": [ 106.907984, -6.160608 ] } },
{ "type": "Feature", "properties": { "asset_name": "Parkir", "category": "parking", "category_display": "Gedung & Area Parkir (MSCP)", "city_regency": "Jakarta Utara", "latitude": -6.12591, "longitude": 106.898899, "source_reference": "parking_jakarta.gpkg:517242035", "asset_id": "PKG-0079", "is_buffer": false, "batch_no": 3, "notes": null }, "geometry": { "type": "Point", "coordinates": [ 106.898899, -6.12591 ] } },
{ "type": "Feature", "properties": { "asset_name": "Parkir truk sampah", "category": "parking", "category_display": "Gedung & Area Parkir (MSCP)", "city_regency": "Jakarta Utara", "latitude": -6.125665, "longitude": 106.898902, "source_reference": "parking_jakarta.gpkg:517242039", "asset_id": "PKG-0080", "is_buffer": false, "batch_no": 3, "notes": null }, "geometry": { "type": "Point", "coordinates": [ 106.898902, -6.125665 ] } },
{ "type": "Feature", "properties": { "asset_name": "Pooll Taksi", "category": "parking", "category_display": "Gedung & Area Parkir (MSCP)", "city_regency": "Kota Depok", "latitude": -6.34271, "longitude": 106.803438, "source_reference": "parking_jakarta.gpkg:525800273", "asset_id": "PKG-0081", "is_buffer": false, "batch_no": 3, "notes": null }, "geometry": { "type": "Point", "coordinates": [ 106.803438, -6.34271 ] } },
{ "type": "Feature", "properties": { "asset_name": "Parkir Paud Melati", "category": "parking", "category_display": "Gedung & Area Parkir (MSCP)", "city_regency": "Kota Tangerang", "latitude": -6.147507, "longitude": 106.730553, "source_reference": "parking_jakarta.gpkg:553861388", "asset_id": "PKG-0082", "is_buffer": false, "batch_no": 3, "notes": null }, "geometry": { "type": "Point", "coordinates": [ 106.730553, -6.147507 ] } },
{ "type": "Feature", "properties": { "asset_name": "Parkir Masjid Al jihad", "category": "parking", "category_display": "Gedung & Area Parkir (MSCP)", "city_regency": "Kota Tangerang", "latitude": -6.147116, "longitude": 106.729678, "source_reference": "parking_jakarta.gpkg:562347558", "asset_id": "PKG-0083", "is_buffer": false, "batch_no": 3, "notes": null }, "geometry": { "type": "Point", "coordinates": [ 106.729678, -6.147116 ] } },
{ "type": "Feature", "properties": { "asset_name": "Parkir RSCM", "category": "parking", "category_display": "Gedung & Area Parkir (MSCP)", "city_regency": "Jakarta Pusat", "latitude": -6.196281, "longitude": 106.845045, "source_reference": "parking_jakarta.gpkg:570315204", "asset_id": "PKG-0084", "is_buffer": false, "batch_no": 3, "notes": null }, "geometry": { "type": "Point", "coordinates": [ 106.845045, -6.196281 ] } },
{ "type": "Feature", "properties": { "asset_name": "Parkir RSCM Kencana", "category": "parking", "category_display": "Gedung & Area Parkir (MSCP)", "city_regency": "Jakarta Pusat", "latitude": -6.198334, "longitude": 106.845244, "source_reference": "parking_jakarta.gpkg:570315205", "asset_id": "PKG-0085", "is_buffer": false, "batch_no": 3, "notes": null }, "geometry": { "type": "Point", "coordinates": [ 106.845244, -6.198334 ] } },
{ "type": "Feature", "properties": { "asset_name": "Parkir Masjid Alhidayah", "category": "parking", "category_display": "Gedung & Area Parkir (MSCP)", "city_regency": "Jakarta Selatan", "latitude": -6.289876, "longitude": 106.79503, "source_reference": "parking_jakarta.gpkg:586588074", "asset_id": "PKG-0086", "is_buffer": false, "batch_no": 3, "notes": null }, "geometry": { "type": "Point", "coordinates": [ 106.79503, -6.289876 ] } },
{ "type": "Feature", "properties": { "asset_name": "Parkir Kawasan Ekowisata Mangrove", "category": "parking", "category_display": "Gedung & Area Parkir (MSCP)", "city_regency": "Jakarta Utara", "latitude": -6.121785, "longitude": 106.754737, "source_reference": "parking_jakarta.gpkg:638644263", "asset_id": "PKG-0087", "is_buffer": false, "batch_no": 3, "notes": null }, "geometry": { "type": "Point", "coordinates": [ 106.754737, -6.121785 ] } },
{ "type": "Feature", "properties": { "asset_name": "Parkir Blok Z PIK", "category": "parking", "category_display": "Gedung & Area Parkir (MSCP)", "city_regency": "Kota Tangerang", "latitude": -6.114907, "longitude": 106.73511, "source_reference": "parking_jakarta.gpkg:852077900", "asset_id": "PKG-0088", "is_buffer": false, "batch_no": 3, "notes": null }, "geometry": { "type": "Point", "coordinates": [ 106.73511, -6.114907 ] } },
{ "type": "Feature", "properties": { "asset_name": "Lot 17", "category": "parking", "category_display": "Gedung & Area Parkir (MSCP)", "city_regency": "Jakarta Selatan", "latitude": -6.229809, "longitude": 106.808563, "source_reference": "parking_jakarta.gpkg:975651132", "asset_id": "PKG-0089", "is_buffer": false, "batch_no": 3, "notes": null }, "geometry": { "type": "Point", "coordinates": [ 106.808563, -6.229809 ] } },
{ "type": "Feature", "properties": { "asset_name": "Parkir Khusus Seafood 68 Tebet", "category": "parking", "category_display": "Gedung & Area Parkir (MSCP)", "city_regency": "Jakarta Timur", "latitude": -6.236581, "longitude": 106.857074, "source_reference": "parking_jakarta.gpkg:1098449983", "asset_id": "PKG-0090", "is_buffer": false, "batch_no": 3, "notes": null }, "geometry": { "type": "Point", "coordinates": [ 106.857074, -6.236581 ] } },
{ "type": "Feature", "properties": { "asset_name": "Pool Transjakarta Koridor 3", "category": "parking", "category_display": "Gedung & Area Parkir (MSCP)", "city_regency": "Kota Tangerang", "latitude": -6.160064, "longitude": 106.723864, "source_reference": "parking_jakarta.gpkg:1159072827", "asset_id": "PKG-0091", "is_buffer": false, "batch_no": 3, "notes": null }, "geometry": { "type": "Point", "coordinates": [ 106.723864, -6.160064 ] } },
{ "type": "Feature", "properties": { "asset_name": "Parkir Ikatan Restoran dan Taman Indonesia (IRTI)", "category": "parking", "category_display": "Gedung & Area Parkir (MSCP)", "city_regency": "Jakarta Pusat", "latitude": -6.179806, "longitude": 106.826456, "source_reference": "parking_jakarta.gpkg:1160194190", "asset_id": "PKG-0092", "is_buffer": false, "batch_no": 3, "notes": null }, "geometry": { "type": "Point", "coordinates": [ 106.826456, -6.179806 ] } },
{ "type": "Feature", "properties": { "asset_name": "Parkir Sea World", "category": "parking", "category_display": "Gedung & Area Parkir (MSCP)", "city_regency": "Jakarta Utara", "latitude": -6.12681, "longitude": 106.843104, "source_reference": "parking_jakarta.gpkg:1218851811", "asset_id": "PKG-0093", "is_buffer": false, "batch_no": 3, "notes": null }, "geometry": { "type": "Point", "coordinates": [ 106.843104, -6.12681 ] } },
{ "type": "Feature", "properties": { "asset_name": "Area Parkir Kendaraan Stasiun Jakarta Kota", "category": "parking", "category_display": "Gedung & Area Parkir (MSCP)", "city_regency": "Jakarta Utara", "latitude": -6.134776, "longitude": 106.815399, "source_reference": "parking_jakarta.gpkg:1266806042", "asset_id": "PKG-0094", "is_buffer": false, "batch_no": 3, "notes": null }, "geometry": { "type": "Point", "coordinates": [ 106.815399, -6.134776 ] } },
{ "type": "Feature", "properties": { "asset_name": "Parkir Belakang Menara Duta", "category": "parking", "category_display": "Gedung & Area Parkir (MSCP)", "city_regency": "Jakarta Pusat", "latitude": -6.209259, "longitude": 106.828812, "source_reference": "parking_jakarta.gpkg:1272860279", "asset_id": "PKG-0095", "is_buffer": false, "batch_no": 3, "notes": null }, "geometry": { "type": "Point", "coordinates": [ 106.828812, -6.209259 ] } },
{ "type": "Feature", "properties": { "asset_name": "Pengendapan Bus White Horse", "category": "parking", "category_display": "Gedung & Area Parkir (MSCP)", "city_regency": "Kota Tangerang", "latitude": -6.116363, "longitude": 106.690625, "source_reference": "parking_jakarta.gpkg:1352544969", "asset_id": "PKG-0096", "is_buffer": false, "batch_no": 3, "notes": null }, "geometry": { "type": "Point", "coordinates": [ 106.690625, -6.116363 ] } },
{ "type": "Feature", "properties": { "asset_name": "Amanaia", "category": "parking", "category_display": "Gedung & Area Parkir (MSCP)", "city_regency": "Jakarta Pusat", "latitude": -6.179336, "longitude": 106.840488, "source_reference": "parking_jakarta.gpkg:1426002458", "asset_id": "PKG-0097", "is_buffer": false, "batch_no": 3, "notes": null }, "geometry": { "type": "Point", "coordinates": [ 106.840488, -6.179336 ] } },
{ "type": "Feature", "properties": { "asset_name": "Capitol", "category": "parking", "category_display": "Gedung & Area Parkir (MSCP)", "city_regency": "Jakarta Pusat", "latitude": -6.179358, "longitude": 106.8396, "source_reference": "parking_jakarta.gpkg:1426002481", "asset_id": "PKG-0098", "is_buffer": false, "batch_no": 3, "notes": null }, "geometry": { "type": "Point", "coordinates": [ 106.8396, -6.179358 ] } },
{ "type": "Feature", "properties": { "asset_name": "Parkir Old Shanghai", "category": "parking", "category_display": "Gedung & Area Parkir (MSCP)", "city_regency": "Jakarta Timur", "latitude": -6.166455, "longitude": 106.924454, "source_reference": "parking_jakarta.gpkg:1473760208", "asset_id": "PKG-0099", "is_buffer": false, "batch_no": 3, "notes": null }, "geometry": { "type": "Point", "coordinates": [ 106.924454, -6.166455 ] } },
{ "type": "Feature", "properties": { "asset_name": "Eka Lokasari", "category": "mall", "category_display": "Pusat Perbelanjaan / Mall", "city_regency": "Kota Bogor", "latitude": -6.621889, "longitude": 106.81747, "source_reference": "osm_overpass:node/854210409", "asset_id": "MALL-0001", "is_buffer": false, "batch_no": 3, "notes": null }, "geometry": { "type": "Point", "coordinates": [ 106.81747, -6.621889 ] } },
{ "type": "Feature", "properties": { "asset_name": "PJM (Plaza Jembatan Merah)", "category": "mall", "category_display": "Pusat Perbelanjaan / Mall", "city_regency": "Kota Bogor", "latitude": -6.595856, "longitude": 106.787133, "source_reference": "osm_overpass:node/1018473613", "asset_id": "MALL-0002", "is_buffer": false, "batch_no": 3, "notes": null }, "geometry": { "type": "Point", "coordinates": [ 106.787133, -6.595856 ] } },
{ "type": "Feature", "properties": { "asset_name": "Pusat Perbelanjaan Depok Jaya", "category": "mall", "category_display": "Pusat Perbelanjaan / Mall", "city_regency": "Kota Depok", "latitude": -6.392411, "longitude": 106.81439, "source_reference": "osm_overpass:node/1354132091", "asset_id": "MALL-0003", "is_buffer": false, "batch_no": 3, "notes": null }, "geometry": { "type": "Point", "coordinates": [ 106.81439, -6.392411 ] } },
{ "type": "Feature", "properties": { "asset_name": "Pusat Perbelanjaan Pasadena", "category": "mall", "category_display": "Pusat Perbelanjaan / Mall", "city_regency": "Kota Depok", "latitude": -6.396381, "longitude": 106.804235, "source_reference": "osm_overpass:node/1354143113", "asset_id": "MALL-0004", "is_buffer": false, "batch_no": 3, "notes": null }, "geometry": { "type": "Point", "coordinates": [ 106.804235, -6.396381 ] } },
{ "type": "Feature", "properties": { "asset_name": "Depok Town Center", "category": "mall", "category_display": "Pusat Perbelanjaan / Mall", "city_regency": "Kota Depok", "latitude": -6.39517, "longitude": 106.793042, "source_reference": "osm_overpass:node/1354146557", "asset_id": "MALL-0005", "is_buffer": false, "batch_no": 3, "notes": null }, "geometry": { "type": "Point", "coordinates": [ 106.793042, -6.39517 ] } },
{ "type": "Feature", "properties": { "asset_name": "Ruko V-Point", "category": "mall", "category_display": "Pusat Perbelanjaan / Mall", "city_regency": "Kota Bogor", "latitude": -6.621028, "longitude": 106.817012, "source_reference": "osm_overpass:node/1736977454", "asset_id": "MALL-0006", "is_buffer": false, "batch_no": 3, "notes": null }, "geometry": { "type": "Point", "coordinates": [ 106.817012, -6.621028 ] } },
{ "type": "Feature", "properties": { "asset_name": "Citra Indah Square", "category": "mall", "category_display": "Pusat Perbelanjaan / Mall", "city_regency": "Kota Depok", "latitude": -6.435854, "longitude": 107.050616, "source_reference": "osm_overpass:node/1783244853", "asset_id": "MALL-0007", "is_buffer": false, "batch_no": 3, "notes": null }, "geometry": { "type": "Point", "coordinates": [ 107.050616, -6.435854 ] } },
{ "type": "Feature", "properties": { "asset_name": "Citra Indah Square 2", "category": "mall", "category_display": "Pusat Perbelanjaan / Mall", "city_regency": "Kota Depok", "latitude": -6.435939, "longitude": 107.051506, "source_reference": "osm_overpass:node/1783244858", "asset_id": "MALL-0008", "is_buffer": false, "batch_no": 3, "notes": null }, "geometry": { "type": "Point", "coordinates": [ 107.051506, -6.435939 ] } },
{ "type": "Feature", "properties": { "asset_name": "Rabbani - Rawamangun", "category": "mall", "category_display": "Pusat Perbelanjaan / Mall", "city_regency": "Jakarta Timur", "latitude": -6.193063, "longitude": 106.884373, "source_reference": "osm_overpass:node/4146314225", "asset_id": "MALL-0009", "is_buffer": false, "batch_no": 3, "notes": null }, "geometry": { "type": "Point", "coordinates": [ 106.884373, -6.193063 ] } },
{ "type": "Feature", "properties": { "asset_name": "Gajah Mada Plaza (Main Entrance)", "category": "mall", "category_display": "Pusat Perbelanjaan / Mall", "city_regency": "Jakarta Pusat", "latitude": -6.160078, "longitude": 106.818753, "source_reference": "osm_overpass:node/4146450482", "asset_id": "MALL-0010", "is_buffer": false, "batch_no": 3, "notes": null }, "geometry": { "type": "Point", "coordinates": [ 106.818753, -6.160078 ] } },
{ "type": "Feature", "properties": { "asset_name": "Emporium Pluit Mall Side Entrance", "category": "mall", "category_display": "Pusat Perbelanjaan / Mall", "city_regency": "Jakarta Utara", "latitude": -6.126799, "longitude": 106.790359, "source_reference": "osm_overpass:node/4146953112", "asset_id": "MALL-0011", "is_buffer": false, "batch_no": 3, "notes": null }, "geometry": { "type": "Point", "coordinates": [ 106.790359, -6.126799 ] } },
{ "type": "Feature", "properties": { "asset_name": "Emporium Pluit Mall Back Entrance", "category": "mall", "category_display": "Pusat Perbelanjaan / Mall", "city_regency": "Jakarta Utara", "latitude": -6.129162, "longitude": 106.789884, "source_reference": "osm_overpass:node/4146957523", "asset_id": "MALL-0012", "is_buffer": false, "batch_no": 3, "notes": null }, "geometry": { "type": "Point", "coordinates": [ 106.789884, -6.129162 ] } },
{ "type": "Feature", "properties": { "asset_name": "Emporium Pluit Mall Front Entrance", "category": "mall", "category_display": "Pusat Perbelanjaan / Mall", "city_regency": "Jakarta Utara", "latitude": -6.127457, "longitude": 106.791712, "source_reference": "osm_overpass:node/4146959210", "asset_id": "MALL-0013", "is_buffer": false, "batch_no": 3, "notes": null }, "geometry": { "type": "Point", "coordinates": [ 106.791712, -6.127457 ] } },
{ "type": "Feature", "properties": { "asset_name": "Mall Cinere", "category": "mall", "category_display": "Pusat Perbelanjaan / Mall", "city_regency": "Kota Depok", "latitude": -6.323965, "longitude": 106.784241, "source_reference": "osm_overpass:node/4146989506", "asset_id": "MALL-0014", "is_buffer": false, "batch_no": 3, "notes": null }, "geometry": { "type": "Point", "coordinates": [ 106.784241, -6.323965 ] } },
{ "type": "Feature", "properties": { "asset_name": "D'Mall Depok", "category": "mall", "category_display": "Pusat Perbelanjaan / Mall", "city_regency": "Kota Depok", "latitude": -6.387097, "longitude": 106.827336, "source_reference": "osm_overpass:node/4148230495", "asset_id": "MALL-0015", "is_buffer": false, "batch_no": 3, "notes": null }, "geometry": { "type": "Point", "coordinates": [ 106.827336, -6.387097 ] } },
{ "type": "Feature", "properties": { "asset_name": "Prada Menteng Mall", "category": "mall", "category_display": "Pusat Perbelanjaan / Mall", "city_regency": "Jakarta Pusat", "latitude": -6.198406, "longitude": 106.841993, "source_reference": "osm_overpass:node/9555672917", "asset_id": "MALL-0016", "is_buffer": false, "batch_no": 3, "notes": null }, "geometry": { "type": "Point", "coordinates": [ 106.841993, -6.198406 ] } },
{ "type": "Feature", "properties": { "asset_name": "Meeting Point GrabBike Botani Square", "category": "mall", "category_display": "Pusat Perbelanjaan / Mall", "city_regency": "Kota Bogor", "latitude": -6.601733, "longitude": 106.808562, "source_reference": "osm_overpass:node/9676153741", "asset_id": "MALL-0017", "is_buffer": false, "batch_no": 3, "notes": null }, "geometry": { "type": "Point", "coordinates": [ 106.808562, -6.601733 ] } },
{ "type": "Feature", "properties": { "asset_name": "Grand Paragon", "category": "mall", "category_display": "Pusat Perbelanjaan / Mall", "city_regency": "Jakarta Utara", "latitude": -6.151805, "longitude": 106.816615, "source_reference": "osm_overpass:node/4148241807", "asset_id": "MALL-0018", "is_buffer": false, "batch_no": 3, "notes": null }, "geometry": { "type": "Point", "coordinates": [ 106.816615, -6.151805 ] } },
{ "type": "Feature", "properties": { "asset_name": "Plaza Kalibata", "category": "mall", "category_display": "Pusat Perbelanjaan / Mall", "city_regency": "Jakarta Timur", "latitude": -6.257324, "longitude": 106.857005, "source_reference": "osm_overpass:node/4148382089", "asset_id": "MALL-0019", "is_buffer": false, "batch_no": 3, "notes": null }, "geometry": { "type": "Point", "coordinates": [ 106.857005, -6.257324 ] } },
{ "type": "Feature", "properties": { "asset_name": "Botani Square", "category": "mall", "category_display": "Pusat Perbelanjaan / Mall", "city_regency": "Kota Bogor", "latitude": -6.60189, "longitude": 106.807728, "source_reference": "osm_overpass:node/4148438481", "asset_id": "MALL-0020", "is_buffer": false, "batch_no": 3, "notes": null }, "geometry": { "type": "Point", "coordinates": [ 106.807728, -6.60189 ] } },
{ "type": "Feature", "properties": { "asset_name": "Bintaro Plaza", "category": "mall", "category_display": "Pusat Perbelanjaan / Mall", "city_regency": "Kota Tangerang Selatan", "latitude": -6.272502, "longitude": 106.74229, "source_reference": "osm_overpass:node/4148507697", "asset_id": "MALL-0021", "is_buffer": false, "batch_no": 3, "notes": null }, "geometry": { "type": "Point", "coordinates": [ 106.74229, -6.272502 ] } },
{ "type": "Feature", "properties": { "asset_name": "Bellagio Boutique Mall", "category": "mall", "category_display": "Pusat Perbelanjaan / Mall", "city_regency": "Jakarta Selatan", "latitude": -6.22743, "longitude": 106.824397, "source_reference": "osm_overpass:node/4148556005", "asset_id": "MALL-0022", "is_buffer": false, "batch_no": 3, "notes": null }, "geometry": { "type": "Point", "coordinates": [ 106.824397, -6.22743 ] } },
{ "type": "Feature", "properties": { "asset_name": "Arion Mall", "category": "mall", "category_display": "Pusat Perbelanjaan / Mall", "city_regency": "Jakarta Timur", "latitude": -6.193821, "longitude": 106.890549, "source_reference": "osm_overpass:node/4148676903", "asset_id": "MALL-0023", "is_buffer": false, "batch_no": 3, "notes": null }, "geometry": { "type": "Point", "coordinates": [ 106.890549, -6.193821 ] } },
{ "type": "Feature", "properties": { "asset_name": "Seasons City (Main Entrance)", "category": "mall", "category_display": "Pusat Perbelanjaan / Mall", "city_regency": "Jakarta Utara", "latitude": -6.153106, "longitude": 106.795376, "source_reference": "osm_overpass:node/4148837498", "asset_id": "MALL-0024", "is_buffer": false, "batch_no": 3, "notes": null }, "geometry": { "type": "Point", "coordinates": [ 106.795376, -6.153106 ] } },
{ "type": "Feature", "properties": { "asset_name": "M.T. Haryono Square", "category": "mall", "category_display": "Pusat Perbelanjaan / Mall", "city_regency": "Jakarta Timur", "latitude": -6.243714, "longitude": 106.868921, "source_reference": "osm_overpass:node/4150281840", "asset_id": "MALL-0025", "is_buffer": false, "batch_no": 3, "notes": null }, "geometry": { "type": "Point", "coordinates": [ 106.868921, -6.243714 ] } },
{ "type": "Feature", "properties": { "asset_name": "Hypermart Kelapa Gading Trade Center", "category": "mall", "category_display": "Pusat Perbelanjaan / Mall", "city_regency": "Jakarta Utara", "latitude": -6.155026, "longitude": 106.892868, "source_reference": "osm_overpass:node/4150307223", "asset_id": "MALL-0026", "is_buffer": false, "batch_no": 3, "notes": null }, "geometry": { "type": "Point", "coordinates": [ 106.892868, -6.155026 ] } },
{ "type": "Feature", "properties": { "asset_name": "Pamulang Square", "category": "mall", "category_display": "Pusat Perbelanjaan / Mall", "city_regency": "Kota Tangerang Selatan", "latitude": -6.342728, "longitude": 106.725172, "source_reference": "osm_overpass:node/4150378467", "asset_id": "MALL-0027", "is_buffer": false, "batch_no": 3, "notes": null }, "geometry": { "type": "Point", "coordinates": [ 106.725172, -6.342728 ] } },
{ "type": "Feature", "properties": { "asset_name": "ITC Cempaka Mas Main Entrance", "category": "mall", "category_display": "Pusat Perbelanjaan / Mall", "city_regency": "Jakarta Timur", "latitude": -6.165593, "longitude": 106.877998, "source_reference": "osm_overpass:node/4150440330", "asset_id": "MALL-0028", "is_buffer": false, "batch_no": 3, "notes": null }, "geometry": { "type": "Point", "coordinates": [ 106.877998, -6.165593 ] } },
{ "type": "Feature", "properties": { "asset_name": "Pasar Jaya. PD", "category": "mall", "category_display": "Pusat Perbelanjaan / Mall", "city_regency": "Jakarta Pusat", "latitude": -6.16112, "longitude": 106.832989, "source_reference": "osm_overpass:node/4150442843", "asset_id": "MALL-0029", "is_buffer": false, "batch_no": 3, "notes": null }, "geometry": { "type": "Point", "coordinates": [ 106.832989, -6.16112 ] } },
{ "type": "Feature", "properties": { "asset_name": "Plaza 89", "category": "mall", "category_display": "Pusat Perbelanjaan / Mall", "city_regency": "Jakarta Pusat", "latitude": -6.217799, "longitude": 106.830772, "source_reference": "osm_overpass:node/4150891445", "asset_id": "MALL-0030", "is_buffer": false, "batch_no": 3, "notes": null }, "geometry": { "type": "Point", "coordinates": [ 106.830772, -6.217799 ] } },
{ "type": "Feature", "properties": { "asset_name": "WTC Mangga Dua Side Entrance", "category": "mall", "category_display": "Pusat Perbelanjaan / Mall", "city_regency": "Jakarta Utara", "latitude": -6.133186, "longitude": 106.830594, "source_reference": "osm_overpass:node/4150989116", "asset_id": "MALL-0031", "is_buffer": false, "batch_no": 3, "notes": null }, "geometry": { "type": "Point", "coordinates": [ 106.830594, -6.133186 ] } },
{ "type": "Feature", "properties": { "asset_name": "Plaza Kuningan, Menara Selatan", "category": "mall", "category_display": "Pusat Perbelanjaan / Mall", "city_regency": "Jakarta Pusat", "latitude": -6.217223, "longitude": 106.831178, "source_reference": "osm_overpass:node/4150995836", "asset_id": "MALL-0032", "is_buffer": false, "batch_no": 3, "notes": null }, "geometry": { "type": "Point", "coordinates": [ 106.831178, -6.217223 ] } },
{ "type": "Feature", "properties": { "asset_name": "GrabBike Shelter Mall Pesona Square Depok", "category": "mall", "category_display": "Pusat Perbelanjaan / Mall", "city_regency": "Kota Depok", "latitude": -6.380999, "longitude": 106.843538, "source_reference": "osm_overpass:node/9684404383", "asset_id": "MALL-0033", "is_buffer": false, "batch_no": 3, "notes": null }, "geometry": { "type": "Point", "coordinates": [ 106.843538, -6.380999 ] } },
{ "type": "Feature", "properties": { "asset_name": "Mall Citra Gran", "category": "mall", "category_display": "Pusat Perbelanjaan / Mall", "city_regency": "Kota Depok", "latitude": -6.38275, "longitude": 106.927626, "source_reference": "osm_overpass:node/4152501731", "asset_id": "MALL-0034", "is_buffer": false, "batch_no": 3, "notes": null }, "geometry": { "type": "Point", "coordinates": [ 106.927626, -6.38275 ] } },
{ "type": "Feature", "properties": { "asset_name": "ITC Depok (Side Entrance)", "category": "mall", "category_display": "Pusat Perbelanjaan / Mall", "city_regency": "Kota Depok", "latitude": -6.392313, "longitude": 106.824176, "source_reference": "osm_overpass:node/4152510792", "asset_id": "MALL-0035", "is_buffer": false, "batch_no": 3, "notes": null }, "geometry": { "type": "Point", "coordinates": [ 106.824176, -6.392313 ] } },
{ "type": "Feature", "properties": { "asset_name": "Mall Daan Mogot", "category": "mall", "category_display": "Pusat Perbelanjaan / Mall", "city_regency": "Kota Tangerang", "latitude": -6.151599, "longitude": 106.715209, "source_reference": "osm_overpass:node/4152512520", "asset_id": "MALL-0036", "is_buffer": false, "batch_no": 3, "notes": null }, "geometry": { "type": "Point", "coordinates": [ 106.715209, -6.151599 ] } },
{ "type": "Feature", "properties": { "asset_name": "Mall Artha Gading", "category": "mall", "category_display": "Pusat Perbelanjaan / Mall", "city_regency": "Jakarta Utara", "latitude": -6.145158, "longitude": 106.891438, "source_reference": "osm_overpass:node/4152518407", "asset_id": "MALL-0037", "is_buffer": false, "batch_no": 3, "notes": null }, "geometry": { "type": "Point", "coordinates": [ 106.891438, -6.145158 ] } },
{ "type": "Feature", "properties": { "asset_name": "Mal Ciputra", "category": "mall", "category_display": "Pusat Perbelanjaan / Mall", "city_regency": "Kota Depok", "latitude": -6.382338, "longitude": 106.92613, "source_reference": "osm_overpass:node/4152523896", "asset_id": "MALL-0038", "is_buffer": false, "batch_no": 3, "notes": null }, "geometry": { "type": "Point", "coordinates": [ 106.92613, -6.382338 ] } },
{ "type": "Feature", "properties": { "asset_name": "Plaza Jambu Dua", "category": "mall", "category_display": "Pusat Perbelanjaan / Mall", "city_regency": "Kota Bogor", "latitude": -6.568787, "longitude": 106.80926, "source_reference": "osm_overpass:node/4152528551", "asset_id": "MALL-0039", "is_buffer": false, "batch_no": 3, "notes": null }, "geometry": { "type": "Point", "coordinates": [ 106.80926, -6.568787 ] } },
{ "type": "Feature", "properties": { "asset_name": "Maple Park", "category": "mall", "category_display": "Pusat Perbelanjaan / Mall", "city_regency": "Jakarta Utara", "latitude": -6.14995, "longitude": 106.857483, "source_reference": "osm_overpass:node/4152540737", "asset_id": "MALL-0040", "is_buffer": false, "batch_no": 3, "notes": null }, "geometry": { "type": "Point", "coordinates": [ 106.857483, -6.14995 ] } },
{ "type": "Feature", "properties": { "asset_name": "La Piazza", "category": "mall", "category_display": "Pusat Perbelanjaan / Mall", "city_regency": "Jakarta Utara", "latitude": -6.159514, "longitude": 106.906356, "source_reference": "osm_overpass:node/4152690689", "asset_id": "MALL-0041", "is_buffer": false, "batch_no": 3, "notes": null }, "geometry": { "type": "Point", "coordinates": [ 106.906356, -6.159514 ] } },
{ "type": "Feature", "properties": { "asset_name": "Lippo Plaza Bogor", "category": "mall", "category_display": "Pusat Perbelanjaan / Mall", "city_regency": "Kota Bogor", "latitude": -6.621484, "longitude": 106.816674, "source_reference": "osm_overpass:node/4152782319", "asset_id": "MALL-0042", "is_buffer": false, "batch_no": 3, "notes": null }, "geometry": { "type": "Point", "coordinates": [ 106.816674, -6.621484 ] } },
{ "type": "Feature", "properties": { "asset_name": "Lippo Mall Puri 2 Alternative Entrance/ Exit", "category": "mall", "category_display": "Pusat Perbelanjaan / Mall", "city_regency": "Kota Tangerang", "latitude": -6.186921, "longitude": 106.739508, "source_reference": "osm_overpass:node/4160664209", "asset_id": "MALL-0043", "is_buffer": false, "batch_no": 3, "notes": null }, "geometry": { "type": "Point", "coordinates": [ 106.739508, -6.186921 ] } },
{ "type": "Feature", "properties": { "asset_name": "Px Pavilion", "category": "mall", "category_display": "Pusat Perbelanjaan / Mall", "city_regency": "Kota Tangerang", "latitude": -6.188336, "longitude": 106.737943, "source_reference": "osm_overpass:node/4160704519", "asset_id": "MALL-0044", "is_buffer": false, "batch_no": 3, "notes": null }, "geometry": { "type": "Point", "coordinates": [ 106.737943, -6.188336 ] } },
{ "type": "Feature", "properties": { "asset_name": "St.Moritz", "category": "mall", "category_display": "Pusat Perbelanjaan / Mall", "city_regency": "Kota Tangerang", "latitude": -6.190397, "longitude": 106.741154, "source_reference": "osm_overpass:node/4160750876", "asset_id": "MALL-0045", "is_buffer": false, "batch_no": 3, "notes": null }, "geometry": { "type": "Point", "coordinates": [ 106.741154, -6.190397 ] } },
{ "type": "Feature", "properties": { "asset_name": "Mahaka Square", "category": "mall", "category_display": "Pusat Perbelanjaan / Mall", "city_regency": "Jakarta Utara", "latitude": -6.149748, "longitude": 106.90296, "source_reference": "osm_overpass:node/4240747870", "asset_id": "MALL-0046", "is_buffer": false, "batch_no": 3, "notes": null }, "geometry": { "type": "Point", "coordinates": [ 106.90296, -6.149748 ] } },
{ "type": "Feature", "properties": { "asset_name": "Bintaro Trade Center", "category": "mall", "category_display": "Pusat Perbelanjaan / Mall", "city_regency": "Kota Tangerang Selatan", "latitude": -6.279099, "longitude": 106.721094, "source_reference": "osm_overpass:node/4240845890", "asset_id": "MALL-0047", "is_buffer": false, "batch_no": 3, "notes": null }, "geometry": { "type": "Point", "coordinates": [ 106.721094, -6.279099 ] } },
{ "type": "Feature", "properties": { "asset_name": "BSD Plaza", "category": "mall", "category_display": "Pusat Perbelanjaan / Mall", "city_regency": "Kota Tangerang Selatan", "latitude": -6.279373, "longitude": 106.662856, "source_reference": "osm_overpass:node/4240892885", "asset_id": "MALL-0048", "is_buffer": false, "batch_no": 3, "notes": null }, "geometry": { "type": "Point", "coordinates": [ 106.662856, -6.279373 ] } },
{ "type": "Feature", "properties": { "asset_name": "Trade Mall Harco Glodok", "category": "mall", "category_display": "Pusat Perbelanjaan / Mall", "city_regency": "Jakarta Utara", "latitude": -6.143441, "longitude": 106.815666, "source_reference": "osm_overpass:node/9728504528", "asset_id": "MALL-0049", "is_buffer": false, "batch_no": 3, "notes": null }, "geometry": { "type": "Point", "coordinates": [ 106.815666, -6.143441 ] } },
{ "type": "Feature", "properties": { "asset_name": "Lotte Mart Ratu Plaza (Main Entrance)", "category": "mall", "category_display": "Pusat Perbelanjaan / Mall", "city_regency": "Jakarta Selatan", "latitude": -6.226915, "longitude": 106.801417, "source_reference": "osm_overpass:node/4242290016", "asset_id": "MALL-0050", "is_buffer": false, "batch_no": 3, "notes": null }, "geometry": { "type": "Point", "coordinates": [ 106.801417, -6.226915 ] } },
{ "type": "Feature", "properties": { "asset_name": "Puri Indah Mall (Back Entrance)", "category": "mall", "category_display": "Pusat Perbelanjaan / Mall", "city_regency": "Kota Tangerang", "latitude": -6.188027, "longitude": 106.734913, "source_reference": "osm_overpass:node/4242314085", "asset_id": "MALL-0051", "is_buffer": false, "batch_no": 3, "notes": null }, "geometry": { "type": "Point", "coordinates": [ 106.734913, -6.188027 ] } },
{ "type": "Feature", "properties": { "asset_name": "Mall Kelapa Gading 2 Main Entrance", "category": "mall", "category_display": "Pusat Perbelanjaan / Mall", "city_regency": "Jakarta Utara", "latitude": -6.158239, "longitude": 106.906397, "source_reference": "osm_overpass:node/4242315906", "asset_id": "MALL-0052", "is_buffer": false, "batch_no": 3, "notes": null }, "geometry": { "type": "Point", "coordinates": [ 106.906397, -6.158239 ] } },
{ "type": "Feature", "properties": { "asset_name": "Mall Kelapa Gading 1 Main Entrance", "category": "mall", "category_display": "Pusat Perbelanjaan / Mall", "city_regency": "Jakarta Utara", "latitude": -6.159431, "longitude": 106.906303, "source_reference": "osm_overpass:node/4242316417", "asset_id": "MALL-0053", "is_buffer": false, "batch_no": 3, "notes": null }, "geometry": { "type": "Point", "coordinates": [ 106.906303, -6.159431 ] } },
{ "type": "Feature", "properties": { "asset_name": "Puri Indah Mall (Main Entrance)", "category": "mall", "category_display": "Pusat Perbelanjaan / Mall", "city_regency": "Kota Tangerang", "latitude": -6.188997, "longitude": 106.734683, "source_reference": "osm_overpass:node/4242318761", "asset_id": "MALL-0054", "is_buffer": false, "batch_no": 3, "notes": null }, "geometry": { "type": "Point", "coordinates": [ 106.734683, -6.188997 ] } },
{ "type": "Feature", "properties": { "asset_name": "Pasaraya", "category": "mall", "category_display": "Pusat Perbelanjaan / Mall", "city_regency": "Jakarta Selatan", "latitude": -6.245405, "longitude": 106.804029, "source_reference": "osm_overpass:node/4244014955", "asset_id": "MALL-0055", "is_buffer": false, "batch_no": 3, "notes": null }, "geometry": { "type": "Point", "coordinates": [ 106.804029, -6.245405 ] } },
{ "type": "Feature", "properties": { "asset_name": "ITC Cempaka Mas Side Entrance", "category": "mall", "category_display": "Pusat Perbelanjaan / Mall", "city_regency": "Jakarta Timur", "latitude": -6.166502, "longitude": 106.875979, "source_reference": "osm_overpass:node/4254005153", "asset_id": "MALL-0056", "is_buffer": false, "batch_no": 3, "notes": null }, "geometry": { "type": "Point", "coordinates": [ 106.875979, -6.166502 ] } },
{ "type": "Feature", "properties": { "asset_name": "Lippo Mall Puri 1 Side Entrance", "category": "mall", "category_display": "Pusat Perbelanjaan / Mall", "city_regency": "Kota Tangerang", "latitude": -6.190303, "longitude": 106.739152, "source_reference": "osm_overpass:node/4254017186", "asset_id": "MALL-0057", "is_buffer": false, "batch_no": 3, "notes": null }, "geometry": { "type": "Point", "coordinates": [ 106.739152, -6.190303 ] } },
{ "type": "Feature", "properties": { "asset_name": "Lippo Mall Bogor Plaza Emerald Lobby", "category": "mall", "category_display": "Pusat Perbelanjaan / Mall", "city_regency": "Kota Bogor", "latitude": -6.621286, "longitude": 106.817235, "source_reference": "osm_overpass:node/4373116363", "asset_id": "MALL-0058", "is_buffer": false, "batch_no": 3, "notes": null }, "geometry": { "type": "Point", "coordinates": [ 106.817235, -6.621286 ] } },
{ "type": "Feature", "properties": { "asset_name": "Citywalk Gajah Mada", "category": "mall", "category_display": "Pusat Perbelanjaan / Mall", "city_regency": "Jakarta Utara", "latitude": -6.145321, "longitude": 106.815043, "source_reference": "osm_overpass:node/9728578603", "asset_id": "MALL-0059", "is_buffer": false, "batch_no": 3, "notes": null }, "geometry": { "type": "Point", "coordinates": [ 106.815043, -6.145321 ] } },
{ "type": "Feature", "properties": { "asset_name": "BOLT! Zone Lippo Mall Puri", "category": "mall", "category_display": "Pusat Perbelanjaan / Mall", "city_regency": "Kota Tangerang", "latitude": -6.188903, "longitude": 106.738716, "source_reference": "osm_overpass:node/4373238608", "asset_id": "MALL-0060", "is_buffer": false, "batch_no": 3, "notes": null }, "geometry": { "type": "Point", "coordinates": [ 106.738716, -6.188903 ] } },
{ "type": "Feature", "properties": { "asset_name": "cileungsi trade center", "category": "mall", "category_display": "Pusat Perbelanjaan / Mall", "city_regency": "Kota Depok", "latitude": -6.408378, "longitude": 106.962572, "source_reference": "osm_overpass:node/4809268185", "asset_id": "MALL-0061", "is_buffer": false, "batch_no": 3, "notes": null }, "geometry": { "type": "Point", "coordinates": [ 106.962572, -6.408378 ] } },
{ "type": "Feature", "properties": { "asset_name": "Kelapa Gading Mall 3", "category": "mall", "category_display": "Pusat Perbelanjaan / Mall", "city_regency": "Jakarta Utara", "latitude": -6.157463, "longitude": 106.906885, "source_reference": "osm_overpass:node/5068211209", "asset_id": "MALL-0062", "is_buffer": false, "batch_no": 3, "notes": null }, "geometry": { "type": "Point", "coordinates": [ 106.906885, -6.157463 ] } },
{ "type": "Feature", "properties": { "asset_name": "Icon Walk Tangerang", "category": "mall", "category_display": "Pusat Perbelanjaan / Mall", "city_regency": "Kota Tangerang", "latitude": -6.186127, "longitude": 106.616673, "source_reference": "osm_overpass:node/6725615562", "asset_id": "MALL-0063", "is_buffer": false, "batch_no": 3, "notes": null }, "geometry": { "type": "Point", "coordinates": [ 106.616673, -6.186127 ] } },
{ "type": "Feature", "properties": { "asset_name": "Mall Taman Anggrek", "category": "mall", "category_display": "Pusat Perbelanjaan / Mall", "city_regency": "Jakarta Barat", "latitude": -6.1783, "longitude": 106.7925, "source_reference": "osm_overpass:node/6731988970", "asset_id": "MALL-0064", "is_buffer": false, "batch_no": 3, "notes": null }, "geometry": { "type": "Point", "coordinates": [ 106.7925, -6.1783 ] } },
{ "type": "Feature", "properties": { "asset_name": "The Park Sawangan", "category": "mall", "category_display": "Pusat Perbelanjaan / Mall", "city_regency": "Kota Tangerang Selatan", "latitude": -6.376341, "longitude": 106.744403, "source_reference": "osm_overpass:node/7200020272", "asset_id": "MALL-0065", "is_buffer": false, "batch_no": 3, "notes": null }, "geometry": { "type": "Point", "coordinates": [ 106.744403, -6.376341 ] } },
{ "type": "Feature", "properties": { "asset_name": "Plaza Jambu Dua - Pintu Masuk Jl. Jend. Ahmad Yani", "category": "mall", "category_display": "Pusat Perbelanjaan / Mall", "city_regency": "Kota Bogor", "latitude": -6.56869, "longitude": 106.80813, "source_reference": "osm_overpass:node/7880258085", "asset_id": "MALL-0066", "is_buffer": false, "batch_no": 3, "notes": null }, "geometry": { "type": "Point", "coordinates": [ 106.80813, -6.56869 ] } },
{ "type": "Feature", "properties": { "asset_name": "Yomart Yasmin", "category": "mall", "category_display": "Pusat Perbelanjaan / Mall", "city_regency": "Kota Bogor", "latitude": -6.570541, "longitude": 106.767605, "source_reference": "osm_overpass:node/7882792985", "asset_id": "MALL-0067", "is_buffer": false, "batch_no": 3, "notes": null }, "geometry": { "type": "Point", "coordinates": [ 106.767605, -6.570541 ] } },
{ "type": "Feature", "properties": { "asset_name": "Alfamidi Lotus Jasmine", "category": "mall", "category_display": "Pusat Perbelanjaan / Mall", "city_regency": "Kota Bogor", "latitude": -6.570387, "longitude": 106.767019, "source_reference": "osm_overpass:node/7882792986", "asset_id": "MALL-0068", "is_buffer": false, "batch_no": 3, "notes": null }, "geometry": { "type": "Point", "coordinates": [ 106.767019, -6.570387 ] } },
{ "type": "Feature", "properties": { "asset_name": "Mall BTM - Pintu Masuk Jl. H. Djuanda", "category": "mall", "category_display": "Pusat Perbelanjaan / Mall", "city_regency": "Kota Bogor", "latitude": -6.603865, "longitude": 106.796358, "source_reference": "osm_overpass:node/7886909823", "asset_id": "MALL-0069", "is_buffer": false, "batch_no": 3, "notes": null }, "geometry": { "type": "Point", "coordinates": [ 106.796358, -6.603865 ] } },
{ "type": "Feature", "properties": { "asset_name": "Bogor Indah Plaza", "category": "mall", "category_display": "Pusat Perbelanjaan / Mall", "city_regency": "Kota Bogor", "latitude": -6.561134, "longitude": 106.790449, "source_reference": "osm_overpass:node/7887483959", "asset_id": "MALL-0070", "is_buffer": false, "batch_no": 3, "notes": null }, "geometry": { "type": "Point", "coordinates": [ 106.790449, -6.561134 ] } },
{ "type": "Feature", "properties": { "asset_name": "Naga Swalayan", "category": "mall", "category_display": "Pusat Perbelanjaan / Mall", "city_regency": "Kota Bekasi", "latitude": -6.258158, "longitude": 107.050354, "source_reference": "osm_overpass:node/9747859951", "asset_id": "MALL-0071", "is_buffer": false, "batch_no": 4, "notes": null }, "geometry": { "type": "Point", "coordinates": [ 107.050354, -6.258158 ] } },
{ "type": "Feature", "properties": { "asset_name": "Halte Panunggangan Grand Serpong Mall", "category": "mall", "category_display": "Pusat Perbelanjaan / Mall", "city_regency": "Kota Tangerang", "latitude": -6.221228, "longitude": 106.633488, "source_reference": "osm_overpass:node/9750522503", "asset_id": "MALL-0072", "is_buffer": false, "batch_no": 4, "notes": null }, "geometry": { "type": "Point", "coordinates": [ 106.633488, -6.221228 ] } },
{ "type": "Feature", "properties": { "asset_name": "Halte Summarecon Mall Serpong", "category": "mall", "category_display": "Pusat Perbelanjaan / Mall", "city_regency": "Kota Tangerang", "latitude": -6.240653, "longitude": 106.629499, "source_reference": "osm_overpass:node/9750533700", "asset_id": "MALL-0073", "is_buffer": false, "batch_no": 4, "notes": null }, "geometry": { "type": "Point", "coordinates": [ 106.629499, -6.240653 ] } },
{ "type": "Feature", "properties": { "asset_name": "Ashta District 8", "category": "mall", "category_display": "Pusat Perbelanjaan / Mall", "city_regency": "Jakarta Selatan", "latitude": -6.229058, "longitude": 106.806852, "source_reference": "osm_overpass:node/9755222519", "asset_id": "MALL-0074", "is_buffer": false, "batch_no": 4, "notes": null }, "geometry": { "type": "Point", "coordinates": [ 106.806852, -6.229058 ] } },
{ "type": "Feature", "properties": { "asset_name": "WTC Mangga Dua", "category": "mall", "category_display": "Pusat Perbelanjaan / Mall", "city_regency": "Jakarta Utara", "latitude": -6.133186, "longitude": 106.830594, "source_reference": "osm_overpass:way/34334670", "asset_id": "MALL-0075", "is_buffer": false, "batch_no": 4, "notes": "Hot-Swapped dari buffer MALL-BUF-001 (pengganti Sumarecon Mall Bekasi 404)" }, "geometry": { "type": "Point", "coordinates": [ 106.830594, -6.133186 ] } },
{ "type": "Feature", "properties": { "asset_name": "Pintu Masuk Utama Pusat Grosir Metro Tanah Abang", "category": "mall", "category_display": "Pusat Perbelanjaan / Mall", "city_regency": "Jakarta Pusat", "latitude": -6.187336, "longitude": 106.816369, "source_reference": "osm_overpass:node/11575592949", "asset_id": "MALL-0076", "is_buffer": false, "batch_no": 4, "notes": null }, "geometry": { "type": "Point", "coordinates": [ 106.816369, -6.187336 ] } },
{ "type": "Feature", "properties": { "asset_name": "Pondok Indah Mall 2", "category": "mall", "category_display": "Pusat Perbelanjaan / Mall", "city_regency": "Jakarta Selatan", "latitude": -6.265785, "longitude": 106.782779, "source_reference": "osm_overpass:way/83489722", "asset_id": "MALL-0077", "is_buffer": false, "batch_no": 4, "notes": "Hot-Swapped dari buffer MALL-BUF-004 (pengganti Pondok Kelapa Town Square 404)" }, "geometry": { "type": "Point", "coordinates": [ 106.782779, -6.265785 ] } },
{ "type": "Feature", "properties": { "asset_name": "Q Square Lifestyle Bogor", "category": "mall", "category_display": "Pusat Perbelanjaan / Mall", "city_regency": "Kota Bogor", "latitude": -6.526282, "longitude": 106.832743, "source_reference": "osm_overpass:node/11829445918", "asset_id": "MALL-0078", "is_buffer": false, "batch_no": 4, "notes": null }, "geometry": { "type": "Point", "coordinates": [ 106.832743, -6.526282 ] } },
{ "type": "Feature", "properties": { "asset_name": "Travoy Hub", "category": "mall", "category_display": "Pusat Perbelanjaan / Mall", "city_regency": "Jakarta Timur", "latitude": -6.292888, "longitude": 106.880758, "source_reference": "osm_overpass:node/11945113650", "asset_id": "MALL-0079", "is_buffer": false, "batch_no": 4, "notes": null }, "geometry": { "type": "Point", "coordinates": [ 106.880758, -6.292888 ] } },
{ "type": "Feature", "properties": { "asset_name": "Agora Mall", "category": "mall", "category_display": "Pusat Perbelanjaan / Mall", "city_regency": "Jakarta Pusat", "latitude": -6.198373, "longitude": 106.821393, "source_reference": "osm_overpass:node/12124292316", "asset_id": "MALL-0080", "is_buffer": false, "batch_no": 4, "notes": null }, "geometry": { "type": "Point", "coordinates": [ 106.821393, -6.198373 ] } },
{ "type": "Feature", "properties": { "asset_name": "Stasiun Tas", "category": "market", "category_display": "Pasar Tradisional", "city_regency": "Kota Bogor", "latitude": -6.618648, "longitude": 106.821353, "source_reference": "osm_overpass:node/1699822522", "asset_id": "MKT-0001", "is_buffer": false, "batch_no": 4, "notes": null }, "geometry": { "type": "Point", "coordinates": [ 106.821353, -6.618648 ] } },
{ "type": "Feature", "properties": { "asset_name": "Pasar Leuwiliang", "category": "market", "category_display": "Pasar Tradisional", "city_regency": "Kota Bogor", "latitude": -6.573214, "longitude": 106.633073, "source_reference": "osm_overpass:node/1753283800", "asset_id": "MKT-0002", "is_buffer": false, "batch_no": 4, "notes": null }, "geometry": { "type": "Point", "coordinates": [ 106.633073, -6.573214 ] } },
{ "type": "Feature", "properties": { "asset_name": "Warung", "category": "market", "category_display": "Pasar Tradisional", "city_regency": "Kota Bogor", "latitude": -6.589734, "longitude": 106.827528, "source_reference": "osm_overpass:node/1792949952", "asset_id": "MKT-0003", "is_buffer": false, "batch_no": 4, "notes": null }, "geometry": { "type": "Point", "coordinates": [ 106.827528, -6.589734 ] } },
{ "type": "Feature", "properties": { "asset_name": "Pasar Musi", "category": "market", "category_display": "Pasar Tradisional", "city_regency": "Kota Depok", "latitude": -6.388456, "longitude": 106.849402, "source_reference": "osm_overpass:node/1846437665", "asset_id": "MKT-0004", "is_buffer": false, "batch_no": 4, "notes": null }, "geometry": { "type": "Point", "coordinates": [ 106.849402, -6.388456 ] } },
{ "type": "Feature", "properties": { "asset_name": "Pasar Palsigunung", "category": "market", "category_display": "Pasar Tradisional", "city_regency": "Kota Depok", "latitude": -6.358004, "longitude": 106.858921, "source_reference": "osm_overpass:node/1855384447", "asset_id": "MKT-0005", "is_buffer": false, "batch_no": 4, "notes": null }, "geometry": { "type": "Point", "coordinates": [ 106.858921, -6.358004 ] } },
{ "type": "Feature", "properties": { "asset_name": "Gelanggang Remaja Kecamatan Pasar Rebo", "category": "market", "category_display": "Pasar Tradisional", "city_regency": "Kota Depok", "latitude": -6.330165, "longitude": 106.855279, "source_reference": "osm_overpass:way/119728073", "asset_id": "MKT-0006", "is_buffer": false, "batch_no": 4, "notes": null }, "geometry": { "type": "Point", "coordinates": [ 106.855279, -6.330165 ] } },
{ "type": "Feature", "properties": { "asset_name": "Pasar Cileungsi", "category": "market", "category_display": "Pasar Tradisional", "city_regency": "Kota Depok", "latitude": -6.407002, "longitude": 106.962337, "source_reference": "osm_overpass:node/2351926394", "asset_id": "MKT-0007", "is_buffer": false, "batch_no": 4, "notes": null }, "geometry": { "type": "Point", "coordinates": [ 106.962337, -6.407002 ] } },
{ "type": "Feature", "properties": { "asset_name": "Pasar Tradisional Arinda", "category": "market", "category_display": "Pasar Tradisional", "city_regency": "Kota Tangerang Selatan", "latitude": -6.260543, "longitude": 106.709394, "source_reference": "osm_overpass:node/2372285201", "asset_id": "MKT-0008", "is_buffer": false, "batch_no": 4, "notes": null }, "geometry": { "type": "Point", "coordinates": [ 106.709394, -6.260543 ] } },
{ "type": "Feature", "properties": { "asset_name": "Pasar Tanah Merah", "category": "market", "category_display": "Pasar Tradisional", "city_regency": "Jakarta Utara", "latitude": -6.129905, "longitude": 106.794173, "source_reference": "osm_overpass:node/2490616165", "asset_id": "MKT-0009", "is_buffer": false, "batch_no": 4, "notes": null }, "geometry": { "type": "Point", "coordinates": [ 106.794173, -6.129905 ] } },
{ "type": "Feature", "properties": { "asset_name": "Pasar Kranggan", "category": "market", "category_display": "Pasar Tradisional", "city_regency": "Kota Depok", "latitude": -6.36457, "longitude": 106.923812, "source_reference": "osm_overpass:node/2639372990", "asset_id": "MKT-0010", "is_buffer": false, "batch_no": 4, "notes": null }, "geometry": { "type": "Point", "coordinates": [ 106.923812, -6.36457 ] } },
{ "type": "Feature", "properties": { "asset_name": "Pasar Pocong", "category": "market", "category_display": "Pasar Tradisional", "city_regency": "Kab. Bekasi", "latitude": -6.322656, "longitude": 106.975254, "source_reference": "osm_overpass:node/2639379285", "asset_id": "MKT-0011", "is_buffer": false, "batch_no": 4, "notes": null }, "geometry": { "type": "Point", "coordinates": [ 106.975254, -6.322656 ] } },
{ "type": "Feature", "properties": { "asset_name": "Pasar Jonggol", "category": "market", "category_display": "Pasar Tradisional", "city_regency": "Kab. Bogor", "latitude": -6.468621, "longitude": 107.064281, "source_reference": "osm_overpass:node/2643281648", "asset_id": "MKT-0012", "is_buffer": false, "batch_no": 4, "notes": null }, "geometry": { "type": "Point", "coordinates": [ 107.064281, -6.468621 ] } },
{ "type": "Feature", "properties": { "asset_name": "Pasar Ciputat", "category": "market", "category_display": "Pasar Tradisional", "city_regency": "Kota Tangerang Selatan", "latitude": -6.31256, "longitude": 106.746346, "source_reference": "osm_overpass:node/2861917730", "asset_id": "MKT-0013", "is_buffer": false, "batch_no": 4, "notes": null }, "geometry": { "type": "Point", "coordinates": [ 106.746346, -6.31256 ] } },
{ "type": "Feature", "properties": { "asset_name": "Pasar Mayestik", "category": "market", "category_display": "Pasar Tradisional", "city_regency": "Jakarta Selatan", "latitude": -6.2425, "longitude": 106.7919, "source_reference": "osm_overpass:node/3415431050", "asset_id": "MKT-0014", "is_buffer": false, "batch_no": 4, "notes": null }, "geometry": { "type": "Point", "coordinates": [ 106.7919, -6.2425 ] } },
{ "type": "Feature", "properties": { "asset_name": "Pasar Pengampuan", "category": "market", "category_display": "Pasar Tradisional", "city_regency": "Jakarta Barat", "latitude": -6.199153, "longitude": 106.76118, "source_reference": "osm_overpass:node/4243984103", "asset_id": "MKT-0015", "is_buffer": false, "batch_no": 4, "notes": null }, "geometry": { "type": "Point", "coordinates": [ 106.76118, -6.199153 ] } },
{ "type": "Feature", "properties": { "asset_name": "Pasar Seni Ancol", "category": "market", "category_display": "Pasar Tradisional", "city_regency": "Jakarta Utara", "latitude": -6.125741, "longitude": 106.838989, "source_reference": "osm_overpass:node/4248163887", "asset_id": "MKT-0016", "is_buffer": false, "batch_no": 4, "notes": null }, "geometry": { "type": "Point", "coordinates": [ 106.838989, -6.125741 ] } },
{ "type": "Feature", "properties": { "asset_name": "Pasar Jembatan Merah", "category": "market", "category_display": "Pasar Tradisional", "city_regency": "Jakarta Utara", "latitude": -6.148837, "longitude": 106.825673, "source_reference": "osm_overpass:node/4248182973", "asset_id": "MKT-0017", "is_buffer": false, "batch_no": 4, "notes": null }, "geometry": { "type": "Point", "coordinates": [ 106.825673, -6.148837 ] } },
{ "type": "Feature", "properties": { "asset_name": "Pasar Mobil Kemayoran", "category": "market", "category_display": "Pasar Tradisional", "city_regency": "Jakarta Utara", "latitude": -6.151688, "longitude": 106.844374, "source_reference": "osm_overpass:node/4248212168", "asset_id": "MKT-0018", "is_buffer": false, "batch_no": 4, "notes": null }, "geometry": { "type": "Point", "coordinates": [ 106.844374, -6.151688 ] } },
{ "type": "Feature", "properties": { "asset_name": "Hype Market", "category": "market", "category_display": "Pasar Tradisional", "city_regency": "Kota Tangerang", "latitude": -6.109738, "longitude": 106.737773, "source_reference": "osm_overpass:node/4255917339", "asset_id": "MKT-0019", "is_buffer": false, "batch_no": 4, "notes": null }, "geometry": { "type": "Point", "coordinates": [ 106.737773, -6.109738 ] } },
{ "type": "Feature", "properties": { "asset_name": "Pasar Rumput", "category": "market", "category_display": "Pasar Tradisional", "city_regency": "Jakarta Pusat", "latitude": -6.20712, "longitude": 106.841123, "source_reference": "osm_overpass:node/4275270903", "asset_id": "MKT-0020", "is_buffer": false, "batch_no": 4, "notes": null }, "geometry": { "type": "Point", "coordinates": [ 106.841123, -6.20712 ] } },
{ "type": "Feature", "properties": { "asset_name": "Pasar Genjing", "category": "market", "category_display": "Pasar Tradisional", "city_regency": "Jakarta Timur", "latitude": -6.194828, "longitude": 106.86086, "source_reference": "osm_overpass:node/4275299265", "asset_id": "MKT-0021", "is_buffer": false, "batch_no": 4, "notes": null }, "geometry": { "type": "Point", "coordinates": [ 106.86086, -6.194828 ] } },
{ "type": "Feature", "properties": { "asset_name": "Denpasar Arah Barat", "category": "market", "category_display": "Pasar Tradisional", "city_regency": "Jakarta Selatan", "latitude": -6.233315, "longitude": 106.821897, "source_reference": "osm_overpass:node/4409362739", "asset_id": "MKT-0022", "is_buffer": false, "batch_no": 4, "notes": null }, "geometry": { "type": "Point", "coordinates": [ 106.821897, -6.233315 ] } },
{ "type": "Feature", "properties": { "asset_name": "Pasar Ciluar", "category": "market", "category_display": "Pasar Tradisional", "city_regency": "Kota Bogor", "latitude": -6.544487, "longitude": 106.827225, "source_reference": "osm_overpass:node/4482388478", "asset_id": "MKT-0023", "is_buffer": false, "batch_no": 4, "notes": null }, "geometry": { "type": "Point", "coordinates": [ 106.827225, -6.544487 ] } },
{ "type": "Feature", "properties": { "asset_name": "Pasar Sukamakmur", "category": "market", "category_display": "Pasar Tradisional", "city_regency": "Kab. Bogor", "latitude": -6.571775, "longitude": 106.993088, "source_reference": "osm_overpass:node/4727173302", "asset_id": "MKT-0024", "is_buffer": false, "batch_no": 4, "notes": null }, "geometry": { "type": "Point", "coordinates": [ 106.993088, -6.571775 ] } },
{ "type": "Feature", "properties": { "asset_name": "Pasar Setu", "category": "market", "category_display": "Pasar Tradisional", "city_regency": "Kab. Bekasi", "latitude": -6.336428, "longitude": 107.045239, "source_reference": "osm_overpass:node/4727224415", "asset_id": "MKT-0025", "is_buffer": false, "batch_no": 4, "notes": null }, "geometry": { "type": "Point", "coordinates": [ 107.045239, -6.336428 ] } },
{ "type": "Feature", "properties": { "asset_name": "Pulo", "category": "market", "category_display": "Pasar Tradisional", "city_regency": "Kota Bogor", "latitude": -6.604944, "longitude": 106.792882, "source_reference": "osm_overpass:node/4994363544", "asset_id": "MKT-0026", "is_buffer": false, "batch_no": 4, "notes": null }, "geometry": { "type": "Point", "coordinates": [ 106.792882, -6.604944 ] } },
{ "type": "Feature", "properties": { "asset_name": "Laladon", "category": "market", "category_display": "Pasar Tradisional", "city_regency": "Kota Bogor", "latitude": -6.575977, "longitude": 106.752694, "source_reference": "osm_overpass:node/4995844512", "asset_id": "MKT-0027", "is_buffer": false, "batch_no": 4, "notes": null }, "geometry": { "type": "Point", "coordinates": [ 106.752694, -6.575977 ] } },
{ "type": "Feature", "properties": { "asset_name": "Pasar Ular Permai", "category": "market", "category_display": "Pasar Tradisional", "city_regency": "Jakarta Utara", "latitude": -6.114185, "longitude": 106.892417, "source_reference": "osm_overpass:node/5057513960", "asset_id": "MKT-0028", "is_buffer": false, "batch_no": 4, "notes": null }, "geometry": { "type": "Point", "coordinates": [ 106.892417, -6.114185 ] } },
{ "type": "Feature", "properties": { "asset_name": "Pasar Alamanda", "category": "market", "category_display": "Pasar Tradisional", "city_regency": "Kota Bekasi", "latitude": -6.223625, "longitude": 107.041187, "source_reference": "osm_overpass:node/5057830096", "asset_id": "MKT-0029", "is_buffer": false, "batch_no": 4, "notes": null }, "geometry": { "type": "Point", "coordinates": [ 107.041187, -6.223625 ] } },
{ "type": "Feature", "properties": { "asset_name": "Pasar Balekambang", "category": "market", "category_display": "Pasar Tradisional", "city_regency": "Kota Bogor", "latitude": -6.621836, "longitude": 106.80883, "source_reference": "osm_overpass:node/5063672369", "asset_id": "MKT-0030", "is_buffer": false, "batch_no": 4, "notes": null }, "geometry": { "type": "Point", "coordinates": [ 106.80883, -6.621836 ] } },
{ "type": "Feature", "properties": { "asset_name": "Pasar Kober", "category": "market", "category_display": "Pasar Tradisional", "city_regency": "Jakarta Utara", "latitude": -6.121497, "longitude": 106.870871, "source_reference": "osm_overpass:node/5068568156", "asset_id": "MKT-0031", "is_buffer": false, "batch_no": 4, "notes": null }, "geometry": { "type": "Point", "coordinates": [ 106.870871, -6.121497 ] } },
{ "type": "Feature", "properties": { "asset_name": "Pasar Prungpung", "category": "market", "category_display": "Pasar Tradisional", "city_regency": "Kota Tangerang Selatan", "latitude": -6.385161, "longitude": 106.680775, "source_reference": "osm_overpass:node/5129787821", "asset_id": "MKT-0032", "is_buffer": false, "batch_no": 4, "notes": null }, "geometry": { "type": "Point", "coordinates": [ 106.680775, -6.385161 ] } },
{ "type": "Feature", "properties": { "asset_name": "Pasar Villa Tangerang Elok", "category": "market", "category_display": "Pasar Tradisional", "city_regency": "Kota Tangerang", "latitude": -6.165427, "longitude": 106.567404, "source_reference": "osm_overpass:node/5833636996", "asset_id": "MKT-0033", "is_buffer": false, "batch_no": 4, "notes": null }, "geometry": { "type": "Point", "coordinates": [ 106.567404, -6.165427 ] } },
{ "type": "Feature", "properties": { "asset_name": "Kawasan Kuliner Pasar Lama", "category": "market", "category_display": "Pasar Tradisional", "city_regency": "Kota Tangerang", "latitude": -6.177712, "longitude": 106.630123, "source_reference": "osm_overpass:node/6155553788", "asset_id": "MKT-0034", "is_buffer": false, "batch_no": 4, "notes": null }, "geometry": { "type": "Point", "coordinates": [ 106.630123, -6.177712 ] } },
{ "type": "Feature", "properties": { "asset_name": "Pasar Saraswati Ciledug", "category": "market", "category_display": "Pasar Tradisional", "city_regency": "Kota Tangerang", "latitude": -6.225047, "longitude": 106.709016, "source_reference": "osm_overpass:node/6648873092", "asset_id": "MKT-0035", "is_buffer": false, "batch_no": 4, "notes": null }, "geometry": { "type": "Point", "coordinates": [ 106.709016, -6.225047 ] } },
{ "type": "Feature", "properties": { "asset_name": "zeropromosi", "category": "market", "category_display": "Pasar Tradisional", "city_regency": "Kota Tangerang", "latitude": -6.144033, "longitude": 106.666312, "source_reference": "osm_overpass:node/6751777301", "asset_id": "MKT-0036", "is_buffer": false, "batch_no": 4, "notes": null }, "geometry": { "type": "Point", "coordinates": [ 106.666312, -6.144033 ] } },
{ "type": "Feature", "properties": { "asset_name": "Pasar Pagi RW 15 Jatimulya", "category": "market", "category_display": "Pasar Tradisional", "city_regency": "Kab. Bekasi", "latitude": -6.265287, "longitude": 107.019419, "source_reference": "osm_overpass:node/6841369796", "asset_id": "MKT-0037", "is_buffer": false, "batch_no": 4, "notes": null }, "geometry": { "type": "Point", "coordinates": [ 107.019419, -6.265287 ] } },
{ "type": "Feature", "properties": { "asset_name": "COURTS CBD Ciledug", "category": "market", "category_display": "Pasar Tradisional", "city_regency": "Kota Tangerang", "latitude": -6.22447, "longitude": 106.708089, "source_reference": "osm_overpass:node/7730219375", "asset_id": "MKT-0038", "is_buffer": false, "batch_no": 4, "notes": null }, "geometry": { "type": "Point", "coordinates": [ 106.708089, -6.22447 ] } },
{ "type": "Feature", "properties": { "asset_name": "Service Laptop Murah", "category": "market", "category_display": "Pasar Tradisional", "city_regency": "Kota Tangerang", "latitude": -6.20651, "longitude": 106.65026, "source_reference": "osm_overpass:node/7912846353", "asset_id": "MKT-0039", "is_buffer": false, "batch_no": 4, "notes": null }, "geometry": { "type": "Point", "coordinates": [ 106.65026, -6.20651 ] } },
{ "type": "Feature", "properties": { "asset_name": "NTB Collection", "category": "market", "category_display": "Pasar Tradisional", "city_regency": "Kota Tangerang", "latitude": -6.205983, "longitude": 106.649745, "source_reference": "osm_overpass:node/7912861459", "asset_id": "MKT-0040", "is_buffer": false, "batch_no": 4, "notes": null }, "geometry": { "type": "Point", "coordinates": [ 106.649745, -6.205983 ] } },
{ "type": "Feature", "properties": { "asset_name": "Depot Air Minum Biru Rasuna Said Pakojan", "category": "market", "category_display": "Pasar Tradisional", "city_regency": "Kota Tangerang", "latitude": -6.207278, "longitude": 106.649219, "source_reference": "osm_overpass:node/7912877768", "asset_id": "MKT-0041", "is_buffer": false, "batch_no": 4, "notes": null }, "geometry": { "type": "Point", "coordinates": [ 106.649219, -6.207278 ] } },
{ "type": "Feature", "properties": { "asset_name": "TUJUH VAPE & Co", "category": "market", "category_display": "Pasar Tradisional", "city_regency": "Kota Tangerang", "latitude": -6.207032, "longitude": 106.649488, "source_reference": "osm_overpass:node/7912921612", "asset_id": "MKT-0042", "is_buffer": false, "batch_no": 4, "notes": null }, "geometry": { "type": "Point", "coordinates": [ 106.649488, -6.207032 ] } },
{ "type": "Feature", "properties": { "asset_name": "Warung Sayur Abadi", "category": "market", "category_display": "Pasar Tradisional", "city_regency": "Kota Tangerang", "latitude": -6.207566, "longitude": 106.649406, "source_reference": "osm_overpass:node/7912923140", "asset_id": "MKT-0043", "is_buffer": false, "batch_no": 4, "notes": null }, "geometry": { "type": "Point", "coordinates": [ 106.649406, -6.207566 ] } },
{ "type": "Feature", "properties": { "asset_name": "TIKI Agen Cipete", "category": "market", "category_display": "Pasar Tradisional", "city_regency": "Kota Tangerang", "latitude": -6.208225, "longitude": 106.649071, "source_reference": "osm_overpass:node/7912938007", "asset_id": "MKT-0044", "is_buffer": false, "batch_no": 4, "notes": null }, "geometry": { "type": "Point", "coordinates": [ 106.649071, -6.208225 ] } },
{ "type": "Feature", "properties": { "asset_name": "Blessing Store", "category": "market", "category_display": "Pasar Tradisional", "city_regency": "Kota Tangerang", "latitude": -6.2078, "longitude": 106.649145, "source_reference": "osm_overpass:node/7912938935", "asset_id": "MKT-0045", "is_buffer": false, "batch_no": 4, "notes": null }, "geometry": { "type": "Point", "coordinates": [ 106.649145, -6.2078 ] } },
{ "type": "Feature", "properties": { "asset_name": "Ratu Flat Shoes", "category": "market", "category_display": "Pasar Tradisional", "city_regency": "Kota Tangerang", "latitude": -6.208895, "longitude": 106.648739, "source_reference": "osm_overpass:node/7912970702", "asset_id": "MKT-0046", "is_buffer": false, "batch_no": 4, "notes": null }, "geometry": { "type": "Point", "coordinates": [ 106.648739, -6.208895 ] } },
{ "type": "Feature", "properties": { "asset_name": "Toko Tas Farenbags", "category": "market", "category_display": "Pasar Tradisional", "city_regency": "Kota Tangerang", "latitude": -6.20936, "longitude": 106.648361, "source_reference": "osm_overpass:node/7912998580", "asset_id": "MKT-0047", "is_buffer": false, "batch_no": 4, "notes": null }, "geometry": { "type": "Point", "coordinates": [ 106.648361, -6.20936 ] } },
{ "type": "Feature", "properties": { "asset_name": "Toko Satria Jaya", "category": "market", "category_display": "Pasar Tradisional", "city_regency": "Kota Tangerang", "latitude": -6.209926, "longitude": 106.648316, "source_reference": "osm_overpass:node/7913033728", "asset_id": "MKT-0048", "is_buffer": false, "batch_no": 4, "notes": null }, "geometry": { "type": "Point", "coordinates": [ 106.648316, -6.209926 ] } },
{ "type": "Feature", "properties": { "asset_name": "NEOadMediaPromo", "category": "market", "category_display": "Pasar Tradisional", "city_regency": "Kota Tangerang", "latitude": -6.148387, "longitude": 106.745711, "source_reference": "osm_overpass:node/8269001126", "asset_id": "MKT-0049", "is_buffer": false, "batch_no": 4, "notes": null }, "geometry": { "type": "Point", "coordinates": [ 106.745711, -6.148387 ] } },
{ "type": "Feature", "properties": { "asset_name": "Pertokoan Ps.Waru", "category": "market", "category_display": "Pasar Tradisional", "city_regency": "Jakarta Timur", "latitude": -6.224018, "longitude": 106.866026, "source_reference": "osm_overpass:node/8413825387", "asset_id": "MKT-0050", "is_buffer": false, "batch_no": 4, "notes": null }, "geometry": { "type": "Point", "coordinates": [ 106.866026, -6.224018 ] } },
{ "type": "Feature", "properties": { "asset_name": "Pasar Cideng Thomas", "category": "market", "category_display": "Pasar Tradisional", "city_regency": "Jakarta Pusat", "latitude": -6.179838, "longitude": 106.813373, "source_reference": "osm_overpass:node/8414126722", "asset_id": "MKT-0051", "is_buffer": false, "batch_no": 4, "notes": null }, "geometry": { "type": "Point", "coordinates": [ 106.813373, -6.179838 ] } },
{ "type": "Feature", "properties": { "asset_name": "Pasar Jembatan Besi", "category": "market", "category_display": "Pasar Tradisional", "city_regency": "Jakarta Utara", "latitude": -6.150391, "longitude": 106.797168, "source_reference": "osm_overpass:node/8414383403", "asset_id": "MKT-0052", "is_buffer": false, "batch_no": 4, "notes": null }, "geometry": { "type": "Point", "coordinates": [ 106.797168, -6.150391 ] } },
{ "type": "Feature", "properties": { "asset_name": "Pasar Paseban", "category": "market", "category_display": "Pasar Tradisional", "city_regency": "Jakarta Pusat", "latitude": -6.192136, "longitude": 106.848665, "source_reference": "osm_overpass:node/9336457753", "asset_id": "MKT-0053", "is_buffer": false, "batch_no": 4, "notes": null }, "geometry": { "type": "Point", "coordinates": [ 106.848665, -6.192136 ] } },
{ "type": "Feature", "properties": { "asset_name": "Pasar Kutabumi", "category": "market", "category_display": "Pasar Tradisional", "city_regency": "Kota Tangerang", "latitude": -6.15762, "longitude": 106.569143, "source_reference": "osm_overpass:node/9678952307", "asset_id": "MKT-0054", "is_buffer": false, "batch_no": 4, "notes": null }, "geometry": { "type": "Point", "coordinates": [ 106.569143, -6.15762 ] } },
{ "type": "Feature", "properties": { "asset_name": "Pasar Sindang", "category": "market", "category_display": "Pasar", "city_regency": "Jakarta Utara", "latitude": -6.1189, "longitude": 106.8972, "source_reference": "osm_overpass:node/9727498718", "asset_id": "MKT-0055", "is_buffer": false, "batch_no": 4, "notes": null }, "geometry": { "type": "Point", "coordinates": [ 106.8972, -6.1189 ] } },
{ "type": "Feature", "properties": { "asset_name": "Tukang Sayur", "category": "market", "category_display": "Pasar Tradisional", "city_regency": "Kota Bekasi", "latitude": -6.206036, "longitude": 107.014565, "source_reference": "osm_overpass:node/10744907929", "asset_id": "MKT-0056", "is_buffer": false, "batch_no": 4, "notes": null }, "geometry": { "type": "Point", "coordinates": [ 107.014565, -6.206036 ] } },
{ "type": "Feature", "properties": { "asset_name": "Pasar Palmerah", "category": "market", "category_display": "Pasar Tradisional", "city_regency": "Jakarta Barat", "latitude": -6.208244, "longitude": 106.795926, "source_reference": "osm_overpass:way/119919348", "asset_id": "MKT-0057", "is_buffer": false, "batch_no": 4, "notes": null }, "geometry": { "type": "Point", "coordinates": [ 106.795926, -6.208244 ] } },
{ "type": "Feature", "properties": { "asset_name": "Pasar Ciampea Baru", "category": "market", "category_display": "Pasar Tradisional", "city_regency": "Kota Bogor", "latitude": -6.550767, "longitude": 106.693236, "source_reference": "osm_overpass:node/11479805772", "asset_id": "MKT-0058", "is_buffer": false, "batch_no": 4, "notes": null }, "geometry": { "type": "Point", "coordinates": [ 106.693236, -6.550767 ] } },
{ "type": "Feature", "properties": { "asset_name": "Pasar Cempaka Putih", "category": "market", "category_display": "Pasar Tradisional", "city_regency": "Jakarta Timur", "latitude": -6.172318, "longitude": 106.862465, "source_reference": "osm_overpass:node/11564683366", "asset_id": "MKT-0059", "is_buffer": false, "batch_no": 4, "notes": null }, "geometry": { "type": "Point", "coordinates": [ 106.862465, -6.172318 ] } },
{ "type": "Feature", "properties": { "asset_name": "Pasar Baru Timur", "category": "market", "category_display": "Pasar Tradisional", "city_regency": "Jakarta Pusat", "latitude": -6.162331, "longitude": 106.838143, "source_reference": "osm_overpass:node/11568547446", "asset_id": "MKT-0060", "is_buffer": false, "batch_no": 4, "notes": null }, "geometry": { "type": "Point", "coordinates": [ 106.838143, -6.162331 ] } },
{ "type": "Feature", "properties": { "asset_name": "Pasar Induk", "category": "market", "category_display": "Pasar Tradisional", "city_regency": "Jakarta Timur", "latitude": -6.294222, "longitude": 106.872048, "source_reference": "osm_overpass:node/11576512493", "asset_id": "MKT-0061", "is_buffer": false, "batch_no": 4, "notes": null }, "geometry": { "type": "Point", "coordinates": [ 106.872048, -6.294222 ] } },
{ "type": "Feature", "properties": { "asset_name": "Pasar Pulogadung", "category": "market", "category_display": "Pasar Tradisional", "city_regency": "Jakarta Timur", "latitude": -6.18741, "longitude": 106.905929, "source_reference": "osm_overpass:node/11613170641", "asset_id": "MKT-0062", "is_buffer": false, "batch_no": 4, "notes": null }, "geometry": { "type": "Point", "coordinates": [ 106.905929, -6.18741 ] } },
{ "type": "Feature", "properties": { "asset_name": "Pasar Jaya Ciracas", "category": "market", "category_display": "Pasar", "city_regency": "Kota Depok", "latitude": -6.3267, "longitude": 106.8778, "source_reference": "osm_overpass:node/11618413212", "asset_id": "MKT-0063", "is_buffer": false, "batch_no": 4, "notes": null }, "geometry": { "type": "Point", "coordinates": [ 106.8778, -6.3267 ] } },
{ "type": "Feature", "properties": { "asset_name": "Pasar Santa Modern", "category": "market", "category_display": "Pasar Tradisional", "city_regency": "Jakarta Selatan", "latitude": -6.2392, "longitude": 106.8178, "source_reference": "osm_overpass:node/11644806288", "asset_id": "MKT-0064", "is_buffer": false, "batch_no": 4, "notes": null }, "geometry": { "type": "Point", "coordinates": [ 106.8178, -6.2392 ] } },
{ "type": "Feature", "properties": { "asset_name": "Pasar Enjo", "category": "market", "category_display": "Pasar Tradisional", "city_regency": "Jakarta Timur", "latitude": -6.214863, "longitude": 106.878358, "source_reference": "osm_overpass:node/11744682973", "asset_id": "MKT-0065", "is_buffer": false, "batch_no": 4, "notes": null }, "geometry": { "type": "Point", "coordinates": [ 106.878358, -6.214863 ] } },
{ "type": "Feature", "properties": { "asset_name": "Pasar Nyungcung", "category": "market", "category_display": "Pasar Tradisional", "city_regency": "Kota Bogor", "latitude": -6.458835, "longitude": 106.649189, "source_reference": "osm_overpass:node/11829622229", "asset_id": "MKT-0066", "is_buffer": false, "batch_no": 4, "notes": null }, "geometry": { "type": "Point", "coordinates": [ 106.649189, -6.458835 ] } },
{ "type": "Feature", "properties": { "asset_name": "Pasar Cakung", "category": "market", "category_display": "Pasar Tradisional", "city_regency": "Jakarta Timur", "latitude": -6.182687, "longitude": 106.937614, "source_reference": "osm_overpass:node/11923007891", "asset_id": "MKT-0067", "is_buffer": false, "batch_no": 4, "notes": null }, "geometry": { "type": "Point", "coordinates": [ 106.937614, -6.182687 ] } },
{ "type": "Feature", "properties": { "asset_name": "Pasar Modern", "category": "market", "category_display": "Pasar Tradisional", "city_regency": "Kota Bekasi", "latitude": -6.168594, "longitude": 106.974211, "source_reference": "osm_overpass:node/11925077248", "asset_id": "MKT-0068", "is_buffer": false, "batch_no": 4, "notes": null }, "geometry": { "type": "Point", "coordinates": [ 106.974211, -6.168594 ] } },
{ "type": "Feature", "properties": { "asset_name": "Petak Enam", "category": "market", "category_display": "Pasar Tradisional", "city_regency": "Jakarta Utara", "latitude": -6.141271, "longitude": 106.812483, "source_reference": "osm_overpass:node/12164751801", "asset_id": "MKT-0069", "is_buffer": false, "batch_no": 4, "notes": null }, "geometry": { "type": "Point", "coordinates": [ 106.812483, -6.141271 ] } },
{ "type": "Feature", "properties": { "asset_name": "Pasar Kutabumi Sementara", "category": "market", "category_display": "Pasar Tradisional", "city_regency": "Kota Tangerang", "latitude": -6.160662, "longitude": 106.571113, "source_reference": "osm_overpass:node/12573776401", "asset_id": "MKT-0070", "is_buffer": false, "batch_no": 4, "notes": null }, "geometry": { "type": "Point", "coordinates": [ 106.571113, -6.160662 ] } },
{ "type": "Feature", "properties": { "asset_name": "Indomaret Kebayoran Lama", "category": "market", "category_display": "Pasar Tradisional", "city_regency": "Jakarta Selatan", "latitude": -6.238159, "longitude": 106.780732, "source_reference": "osm_overpass:node/12831678504", "asset_id": "MKT-0071", "is_buffer": false, "batch_no": 4, "notes": null }, "geometry": { "type": "Point", "coordinates": [ 106.780732, -6.238159 ] } },
{ "type": "Feature", "properties": { "asset_name": "Lawson", "category": "market", "category_display": "Pasar Tradisional", "city_regency": "Jakarta Selatan", "latitude": -6.238238, "longitude": 106.772936, "source_reference": "osm_overpass:node/12833839717", "asset_id": "MKT-0072", "is_buffer": false, "batch_no": 4, "notes": null }, "geometry": { "type": "Point", "coordinates": [ 106.772936, -6.238238 ] } },
{ "type": "Feature", "properties": { "asset_name": "Pasar Lama Tangerang", "category": "market", "category_display": "Pasar Tradisional", "city_regency": "Kota Tangerang", "latitude": -6.17866, "longitude": 106.63027, "source_reference": "osm_overpass:node/12869981814", "asset_id": "MKT-0073", "is_buffer": false, "batch_no": 4, "notes": null }, "geometry": { "type": "Point", "coordinates": [ 106.63027, -6.17866 ] } },
{ "type": "Feature", "properties": { "asset_name": "Pasar Cimanggis Ciputat", "category": "market", "category_display": "Pasar Tradisional", "city_regency": "Kota Tangerang Selatan", "latitude": -6.324355, "longitude": 106.745315, "source_reference": "osm_overpass:node/12898338106", "asset_id": "MKT-0074", "is_buffer": false, "batch_no": 4, "notes": null }, "geometry": { "type": "Point", "coordinates": [ 106.745315, -6.324355 ] } },
{ "type": "Feature", "properties": { "asset_name": "Pasar Baru Bekasi", "category": "market", "category_display": "Pasar Tradisional", "city_regency": "Kota Bekasi", "latitude": -6.249082, "longitude": 107.014583, "source_reference": "osm_overpass:node/13075194678", "asset_id": "MKT-0075", "is_buffer": false, "batch_no": 4, "notes": null }, "geometry": { "type": "Point", "coordinates": [ 107.014583, -6.249082 ] } },
{ "type": "Feature", "properties": { "asset_name": "Pasar Tradisional Medang", "category": "market", "category_display": "Pasar Tradisional", "city_regency": "Kota Tangerang Selatan", "latitude": -6.263641, "longitude": 106.609724, "source_reference": "osm_overpass:node/13260664901", "asset_id": "MKT-0076", "is_buffer": false, "batch_no": 4, "notes": null }, "geometry": { "type": "Point", "coordinates": [ 106.609724, -6.263641 ] } },
{ "type": "Feature", "properties": { "asset_name": "Warung Jambu", "category": "market", "category_display": "Pasar Tradisional", "city_regency": "Kota Bogor", "latitude": -6.570628, "longitude": 106.807077, "source_reference": "osm_overpass:way/71075909", "asset_id": "MKT-0077", "is_buffer": false, "batch_no": 4, "notes": null }, "geometry": { "type": "Point", "coordinates": [ 106.807077, -6.570628 ] } },
{ "type": "Feature", "properties": { "asset_name": "Traditional Market", "category": "market", "category_display": "Pasar Tradisional", "city_regency": "Jakarta Utara", "latitude": -6.15182, "longitude": 106.95176, "source_reference": "osm_overpass:way/97192738", "asset_id": "MKT-0078", "is_buffer": false, "batch_no": 4, "notes": null }, "geometry": { "type": "Point", "coordinates": [ 106.95176, -6.15182 ] } },
{ "type": "Feature", "properties": { "asset_name": "Pasar Cisalak", "category": "market", "category_display": "Pasar Tradisional", "city_regency": "Kota Depok", "latitude": -6.37775, "longitude": 106.867622, "source_reference": "osm_overpass:way/120006301", "asset_id": "MKT-0079", "is_buffer": false, "batch_no": 4, "notes": null }, "geometry": { "type": "Point", "coordinates": [ 106.867622, -6.37775 ] } },
{ "type": "Feature", "properties": { "asset_name": "Unit Usaha Pasar Induk Kramat Jati", "category": "market", "category_display": "Pasar Tradisional", "city_regency": "Jakarta Timur", "latitude": -6.295188, "longitude": 106.869889, "source_reference": "osm_overpass:way/119428694", "asset_id": "MKT-0080", "is_buffer": false, "batch_no": 4, "notes": null }, "geometry": { "type": "Point", "coordinates": [ 106.869889, -6.295188 ] } },
{ "type": "Feature", "properties": { "asset_name": "Pasar Anyar", "category": "market", "category_display": "Pasar Tradisional", "city_regency": "Kota Bogor", "latitude": -6.59163, "longitude": 106.792142, "source_reference": "osm_overpass:way/120050412", "asset_id": "MKT-0081", "is_buffer": false, "batch_no": 4, "notes": null }, "geometry": { "type": "Point", "coordinates": [ 106.792142, -6.59163 ] } },
{ "type": "Feature", "properties": { "asset_name": "Pasar Jaya Ciracas", "category": "market", "category_display": "Pasar Tradisional", "city_regency": "Kota Depok", "latitude": -6.330489, "longitude": 106.87103, "source_reference": "osm_overpass:way/120320890", "asset_id": "MKT-0082", "is_buffer": false, "batch_no": 4, "notes": null }, "geometry": { "type": "Point", "coordinates": [ 106.87103, -6.330489 ] } },
{ "type": "Feature", "properties": { "asset_name": "Pasar Slipi", "category": "market", "category_display": "Pasar Tradisional", "city_regency": "Jakarta Barat", "latitude": -6.190276, "longitude": 106.795909, "source_reference": "osm_overpass:way/120910680", "asset_id": "MKT-0083", "is_buffer": false, "batch_no": 4, "notes": null }, "geometry": { "type": "Point", "coordinates": [ 106.795909, -6.190276 ] } },
{ "type": "Feature", "properties": { "asset_name": "Pasar Kembang Cikini", "category": "market", "category_display": "Pasar Tradisional", "city_regency": "Jakarta Pusat", "latitude": -6.197136, "longitude": 106.84104, "source_reference": "osm_overpass:way/155106481", "asset_id": "MKT-0084", "is_buffer": false, "batch_no": 4, "notes": "Hot-Swapped dari buffer MKT-BUF-001 (pengganti Pasar Bintara 404)" }, "geometry": { "type": "Point", "coordinates": [ 106.84104, -6.197136 ] } },
{ "type": "Feature", "properties": { "asset_name": "Pasar Lontar Kebon Melati", "category": "market", "category_display": "Pasar Tradisional", "city_regency": "Jakarta Pusat", "latitude": -6.193051, "longitude": 106.812331, "source_reference": "osm_overpass:way/155110132", "asset_id": "MKT-0085", "is_buffer": false, "batch_no": 4, "notes": "Hot-Swapped dari buffer MKT-BUF-002 (pengganti Pasar Jaya: Pasar Automotive Onderdil dan Variasi 404)" }, "geometry": { "type": "Point", "coordinates": [ 106.812331, -6.193051 ] } },
{ "type": "Feature", "properties": { "asset_name": "Pasar Ciomas", "category": "market", "category_display": "Pasar Tradisional", "city_regency": "Kota Bogor", "latitude": -6.602855, "longitude": 106.768061, "source_reference": "osm_overpass:way/141461548", "asset_id": "MKT-0086", "is_buffer": false, "batch_no": 4, "notes": null }, "geometry": { "type": "Point", "coordinates": [ 106.768061, -6.602855 ] } },
{ "type": "Feature", "properties": { "asset_name": "Pasar Gunung Batu", "category": "market", "category_display": "Pasar Tradisional", "city_regency": "Kota Bogor", "latitude": -6.594156, "longitude": 106.778069, "source_reference": "osm_overpass:way/142489999", "asset_id": "MKT-0087", "is_buffer": false, "batch_no": 4, "notes": null }, "geometry": { "type": "Point", "coordinates": [ 106.778069, -6.594156 ] } },
{ "type": "Feature", "properties": { "asset_name": "Goodyear", "category": "market", "category_display": "Pasar Tradisional", "city_regency": "Kota Bogor", "latitude": -6.576295, "longitude": 106.794832, "source_reference": "osm_overpass:way/142928172", "asset_id": "MKT-0088", "is_buffer": false, "batch_no": 4, "notes": null }, "geometry": { "type": "Point", "coordinates": [ 106.794832, -6.576295 ] } },
{ "type": "Feature", "properties": { "asset_name": "Pasar Jaya Lenteng Agung", "category": "market", "category_display": "Pasar Tradisional", "city_regency": "Kota Depok", "latitude": -6.331395, "longitude": 106.832863, "source_reference": "osm_overpass:way/153303336", "asset_id": "MKT-0089", "is_buffer": false, "batch_no": 4, "notes": null }, "geometry": { "type": "Point", "coordinates": [ 106.832863, -6.331395 ] } },
{ "type": "Feature", "properties": { "asset_name": "Pasar Bukit", "category": "market", "category_display": "Pasar Tradisional", "city_regency": "Kota Tangerang Selatan", "latitude": -6.324827, "longitude": 106.711538, "source_reference": "osm_overpass:way/153318128", "asset_id": "MKT-0090", "is_buffer": false, "batch_no": 4, "notes": null }, "geometry": { "type": "Point", "coordinates": [ 106.711538, -6.324827 ] } },
{ "type": "Feature", "properties": { "asset_name": "De Market", "category": "market", "category_display": "Pasar Tradisional", "city_regency": "Kota Depok", "latitude": -6.422008, "longitude": 106.829792, "source_reference": "osm_overpass:way/153750198", "asset_id": "MKT-0091", "is_buffer": false, "batch_no": 4, "notes": null }, "geometry": { "type": "Point", "coordinates": [ 106.829792, -6.422008 ] } },
{ "type": "Feature", "properties": { "asset_name": "Jalanbaru Market", "category": "market", "category_display": "Pasar Tradisional", "city_regency": "Jakarta Utara", "latitude": -6.102501, "longitude": 106.927905, "source_reference": "osm_overpass:way/153941187", "asset_id": "MKT-0092", "is_buffer": false, "batch_no": 4, "notes": null }, "geometry": { "type": "Point", "coordinates": [ 106.927905, -6.102501 ] } },
{ "type": "Feature", "properties": { "asset_name": "Pasar Kombongan", "category": "market", "category_display": "Pasar Tradisional", "city_regency": "Jakarta Pusat", "latitude": -6.161224, "longitude": 106.840969, "source_reference": "osm_overpass:way/154078986", "asset_id": "MKT-0093", "is_buffer": false, "batch_no": 4, "notes": null }, "geometry": { "type": "Point", "coordinates": [ 106.840969, -6.161224 ] } },
{ "type": "Feature", "properties": { "asset_name": "Pasar Anyar Bahari", "category": "market", "category_display": "Pasar Tradisional", "city_regency": "Jakarta Utara", "latitude": -6.114754, "longitude": 106.879165, "source_reference": "osm_overpass:way/154828482", "asset_id": "MKT-0094", "is_buffer": false, "batch_no": 4, "notes": null }, "geometry": { "type": "Point", "coordinates": [ 106.879165, -6.114754 ] } },
{ "type": "Feature", "properties": { "asset_name": "Pasar Sindang", "category": "market", "category_display": "Pasar Tradisional", "city_regency": "Jakarta Utara", "latitude": -6.111548, "longitude": 106.896812, "source_reference": "osm_overpass:way/154830107", "asset_id": "MKT-0095", "is_buffer": false, "batch_no": 4, "notes": null }, "geometry": { "type": "Point", "coordinates": [ 106.896812, -6.111548 ] } },
{ "type": "Feature", "properties": { "asset_name": "pasar impers", "category": "market", "category_display": "Pasar Tradisional", "city_regency": "Jakarta Timur", "latitude": -6.175802, "longitude": 106.906937, "source_reference": "osm_overpass:way/154834889", "asset_id": "MKT-0096", "is_buffer": false, "batch_no": 4, "notes": null }, "geometry": { "type": "Point", "coordinates": [ 106.906937, -6.175802 ] } },
{ "type": "Feature", "properties": { "asset_name": "Pasar Sinar", "category": "market", "category_display": "Pasar Tradisional", "city_regency": "Jakarta Utara", "latitude": -6.111842, "longitude": 106.907917, "source_reference": "osm_overpass:way/154838032", "asset_id": "MKT-0097", "is_buffer": false, "batch_no": 4, "notes": null }, "geometry": { "type": "Point", "coordinates": [ 106.907917, -6.111842 ] } },
{ "type": "Feature", "properties": { "asset_name": "Ruko", "category": "market", "category_display": "Pasar Tradisional", "city_regency": "Jakarta Utara", "latitude": -6.112534, "longitude": 106.907972, "source_reference": "osm_overpass:way/154838035", "asset_id": "MKT-0098", "is_buffer": false, "batch_no": 4, "notes": null }, "geometry": { "type": "Point", "coordinates": [ 106.907972, -6.112534 ] } },
{ "type": "Feature", "properties": { "asset_name": "Pasar Nalo", "category": "market", "category_display": "Pasar Tradisional", "city_regency": "Jakarta Utara", "latitude": -6.130169, "longitude": 106.83576, "source_reference": "osm_overpass:way/154839177", "asset_id": "MKT-0099", "is_buffer": false, "batch_no": 4, "notes": null }, "geometry": { "type": "Point", "coordinates": [ 106.83576, -6.130169 ] } },
{ "type": "Feature", "properties": { "asset_name": "Pasar Cempaka Sari III (Bedeng)", "category": "market", "category_display": "Pasar Tradisional", "city_regency": "Jakarta Pusat", "latitude": -6.169544, "longitude": 106.857495, "source_reference": "osm_overpass:way/154966943", "asset_id": "MKT-0100", "is_buffer": false, "batch_no": 4, "notes": null }, "geometry": { "type": "Point", "coordinates": [ 106.857495, -6.169544 ] } },
{ "type": "Feature", "properties": { "asset_name": "Lapangan Sempur", "category": "stadium", "category_display": "Stadion & Arena Olahraga", "city_regency": "Kota Bogor", "latitude": -6.591023, "longitude": 106.800544, "source_reference": "osm_overpass:node/1014201022", "asset_id": "STD-0001", "is_buffer": false, "batch_no": 4, "notes": null }, "geometry": { "type": "Point", "coordinates": [ 106.800544, -6.591023 ] } },
{ "type": "Feature", "properties": { "asset_name": "Lapangan FMIPA UI", "category": "stadium", "category_display": "Stadion & Arena Olahraga", "city_regency": "Kota Depok", "latitude": -6.369105, "longitude": 106.827021, "source_reference": "osm_overpass:node/1287380201", "asset_id": "STD-0002", "is_buffer": false, "batch_no": 4, "notes": null }, "geometry": { "type": "Point", "coordinates": [ 106.827021, -6.369105 ] } },
{ "type": "Feature", "properties": { "asset_name": "Gold's Gym", "category": "stadium", "category_display": "Stadion & Arena Olahraga", "city_regency": "Jakarta Selatan", "latitude": -6.291654, "longitude": 106.800954, "source_reference": "osm_overpass:node/1357994422", "asset_id": "STD-0003", "is_buffer": false, "batch_no": 4, "notes": null }, "geometry": { "type": "Point", "coordinates": [ 106.800954, -6.291654 ] } },
{ "type": "Feature", "properties": { "asset_name": "Taman Rasuna Gym", "category": "stadium", "category_display": "Stadion & Arena Olahraga", "city_regency": "Jakarta Timur", "latitude": -6.220172, "longitude": 106.836784, "source_reference": "osm_overpass:node/1395485008", "asset_id": "STD-0004", "is_buffer": false, "batch_no": 4, "notes": null }, "geometry": { "type": "Point", "coordinates": [ 106.836784, -6.220172 ] } },
{ "type": "Feature", "properties": { "asset_name": "Lapangan Haji Sayuti", "category": "stadium", "category_display": "Stadion & Arena Olahraga", "city_regency": "Jakarta Timur", "latitude": -6.187704, "longitude": 106.886713, "source_reference": "osm_overpass:node/1682943698", "asset_id": "STD-0005", "is_buffer": false, "batch_no": 4, "notes": null }, "geometry": { "type": "Point", "coordinates": [ 106.886713, -6.187704 ] } },
{ "type": "Feature", "properties": { "asset_name": "Taman Pajajaran Sports and Recreation Centre", "category": "stadium", "category_display": "Stadion & Arena Olahraga", "city_regency": "Kota Bogor", "latitude": -6.618128, "longitude": 106.824184, "source_reference": "osm_overpass:node/1736977471", "asset_id": "STD-0006", "is_buffer": false, "batch_no": 4, "notes": null }, "geometry": { "type": "Point", "coordinates": [ 106.824184, -6.618128 ] } },
{ "type": "Feature", "properties": { "asset_name": "Villa Duta Clubhouse", "category": "stadium", "category_display": "Stadion & Arena Olahraga", "city_regency": "Kota Bogor", "latitude": -6.609816, "longitude": 106.817155, "source_reference": "osm_overpass:node/1739404433", "asset_id": "STD-0007", "is_buffer": false, "batch_no": 4, "notes": null }, "geometry": { "type": "Point", "coordinates": [ 106.817155, -6.609816 ] } },
{ "type": "Feature", "properties": { "asset_name": "GYM", "category": "stadium", "category_display": "Stadion & Arena Olahraga", "city_regency": "Kota Depok", "latitude": -6.389001, "longitude": 106.814491, "source_reference": "osm_overpass:node/1839294572", "asset_id": "STD-0008", "is_buffer": false, "batch_no": 4, "notes": null }, "geometry": { "type": "Point", "coordinates": [ 106.814491, -6.389001 ] } },
{ "type": "Feature", "properties": { "asset_name": "Gymnasium UI", "category": "stadium", "category_display": "Stadion & Arena Olahraga", "city_regency": "Kota Depok", "latitude": -6.366937, "longitude": 106.821758, "source_reference": "osm_overpass:node/1855366594", "asset_id": "STD-0009", "is_buffer": false, "batch_no": 4, "notes": null }, "geometry": { "type": "Point", "coordinates": [ 106.821758, -6.366937 ] } },
{ "type": "Feature", "properties": { "asset_name": "Silat Bogor", "category": "stadium", "category_display": "Stadion & Arena Olahraga", "city_regency": "Kota Bogor", "latitude": -6.609761, "longitude": 106.805198, "source_reference": "osm_overpass:node/2007444544", "asset_id": "STD-0010", "is_buffer": false, "batch_no": 4, "notes": null }, "geometry": { "type": "Point", "coordinates": [ 106.805198, -6.609761 ] } },
{ "type": "Feature", "properties": { "asset_name": "LAP. BOLA", "category": "stadium", "category_display": "Stadion & Arena Olahraga", "city_regency": "Kota Bogor", "latitude": -6.634479, "longitude": 106.82799, "source_reference": "osm_overpass:node/2312556394", "asset_id": "STD-0011", "is_buffer": false, "batch_no": 4, "notes": null }, "geometry": { "type": "Point", "coordinates": [ 106.82799, -6.634479 ] } },
{ "type": "Feature", "properties": { "asset_name": "Sports Centre", "category": "stadium", "category_display": "Stadion & Arena Olahraga", "city_regency": "Kota Bogor", "latitude": -6.639344, "longitude": 106.804614, "source_reference": "osm_overpass:node/2399024787", "asset_id": "STD-0012", "is_buffer": false, "batch_no": 4, "notes": null }, "geometry": { "type": "Point", "coordinates": [ 106.804614, -6.639344 ] } },
{ "type": "Feature", "properties": { "asset_name": "GOR Soemantri Brodjonegoro", "category": "stadium", "category_display": "Stadion & Arena Olahraga", "city_regency": "Jakarta Timur", "latitude": -6.221302, "longitude": 106.831879, "source_reference": "osm_overpass:node/2399024788", "asset_id": "STD-0013", "is_buffer": false, "batch_no": 4, "notes": null }, "geometry": { "type": "Point", "coordinates": [ 106.831879, -6.221302 ] } },
{ "type": "Feature", "properties": { "asset_name": "Futsal", "category": "stadium", "category_display": "Stadion & Arena Olahraga", "city_regency": "Kota Depok", "latitude": -6.332136, "longitude": 106.945449, "source_reference": "osm_overpass:node/2640372950", "asset_id": "STD-0014", "is_buffer": false, "batch_no": 4, "notes": null }, "geometry": { "type": "Point", "coordinates": [ 106.945449, -6.332136 ] } },
{ "type": "Feature", "properties": { "asset_name": "Vidite Futsal", "category": "stadium", "category_display": "Stadion & Arena Olahraga", "city_regency": "Kota Depok", "latitude": -6.330489, "longitude": 106.948116, "source_reference": "osm_overpass:node/2640384528", "asset_id": "STD-0015", "is_buffer": false, "batch_no": 4, "notes": null }, "geometry": { "type": "Point", "coordinates": [ 106.948116, -6.330489 ] } },
{ "type": "Feature", "properties": { "asset_name": "Andalas Futsal", "category": "stadium", "category_display": "Stadion & Arena Olahraga", "city_regency": "Jakarta Timur", "latitude": -6.315674, "longitude": 106.950629, "source_reference": "osm_overpass:node/2641720771", "asset_id": "STD-0016", "is_buffer": false, "batch_no": 4, "notes": null }, "geometry": { "type": "Point", "coordinates": [ 106.950629, -6.315674 ] } },
{ "type": "Feature", "properties": { "asset_name": "Lake Club House", "category": "stadium", "category_display": "Stadion & Arena Olahraga", "city_regency": "Kota Tangerang Selatan", "latitude": -6.257389, "longitude": 106.657249, "source_reference": "osm_overpass:node/3673494420", "asset_id": "STD-0017", "is_buffer": false, "batch_no": 4, "notes": null }, "geometry": { "type": "Point", "coordinates": [ 106.657249, -6.257389 ] } },
{ "type": "Feature", "properties": { "asset_name": "GOR Periuk", "category": "stadium", "category_display": "Stadion & Arena Olahraga", "city_regency": "Kota Tangerang", "latitude": -6.170165, "longitude": 106.594476, "source_reference": "osm_overpass:node/3759813101", "asset_id": "STD-0018", "is_buffer": false, "batch_no": 4, "notes": null }, "geometry": { "type": "Point", "coordinates": [ 106.594476, -6.170165 ] } },
{ "type": "Feature", "properties": { "asset_name": "Gedung Olahraga", "category": "stadium", "category_display": "Stadion & Arena Olahraga", "city_regency": "Kab. Bekasi", "latitude": -6.288726, "longitude": 106.967607, "source_reference": "osm_overpass:node/4146179951", "asset_id": "STD-0019", "is_buffer": false, "batch_no": 4, "notes": null }, "geometry": { "type": "Point", "coordinates": [ 106.967607, -6.288726 ] } },
{ "type": "Feature", "properties": { "asset_name": "GOR Velodrome Rawamangun", "category": "stadium", "category_display": "Stadion & Arena Olahraga", "city_regency": "Jakarta Timur", "latitude": -6.192865, "longitude": 106.888702, "source_reference": "osm_overpass:node/4242680779", "asset_id": "STD-0020", "is_buffer": false, "batch_no": 4, "notes": null }, "geometry": { "type": "Point", "coordinates": [ 106.888702, -6.192865 ] } },
{ "type": "Feature", "properties": { "asset_name": "Tangkas Sports Center", "category": "stadium", "category_display": "Stadion & Arena Olahraga", "city_regency": "Jakarta Barat", "latitude": -6.168858, "longitude": 106.777276, "source_reference": "osm_overpass:node/4247777101", "asset_id": "STD-0021", "is_buffer": false, "batch_no": 4, "notes": null }, "geometry": { "type": "Point", "coordinates": [ 106.777276, -6.168858 ] } },
{ "type": "Feature", "properties": { "asset_name": "Asaba Sport Center", "category": "stadium", "category_display": "Stadion & Arena Olahraga", "city_regency": "Jakarta Utara", "latitude": -6.126223, "longitude": 106.787665, "source_reference": "osm_overpass:node/4255795014", "asset_id": "STD-0022", "is_buffer": false, "batch_no": 4, "notes": null }, "geometry": { "type": "Point", "coordinates": [ 106.787665, -6.126223 ] } },
{ "type": "Feature", "properties": { "asset_name": "GOR Futsal Harvest", "category": "stadium", "category_display": "Stadion & Arena Olahraga", "city_regency": "Kab. Bekasi", "latitude": -6.393028, "longitude": 106.998868, "source_reference": "osm_overpass:node/4714910590", "asset_id": "STD-0023", "is_buffer": false, "batch_no": 4, "notes": null }, "geometry": { "type": "Point", "coordinates": [ 106.998868, -6.393028 ] } },
{ "type": "Feature", "properties": { "asset_name": "Venetian Water Carnaval", "category": "stadium", "category_display": "Stadion & Arena Olahraga", "city_regency": "Kota Bekasi", "latitude": -6.218768, "longitude": 107.035974, "source_reference": "osm_overpass:node/5057824852", "asset_id": "STD-0024", "is_buffer": false, "batch_no": 4, "notes": null }, "geometry": { "type": "Point", "coordinates": [ 107.035974, -6.218768 ] } },
{ "type": "Feature", "properties": { "asset_name": "Paledang Bogor City Prison", "category": "stadium", "category_display": "Stadion & Arena Olahraga", "city_regency": "Kota Bogor", "latitude": -6.596056, "longitude": 106.789713, "source_reference": "osm_overpass:node/5103676921", "asset_id": "STD-0025", "is_buffer": false, "batch_no": 4, "notes": null }, "geometry": { "type": "Point", "coordinates": [ 106.789713, -6.596056 ] } },
{ "type": "Feature", "properties": { "asset_name": "Stadion Benteng", "category": "stadium", "category_display": "Stadion & Arena Olahraga", "city_regency": "Kota Tangerang", "latitude": -6.173936, "longitude": 106.639515, "source_reference": "osm_overpass:way/28981816", "asset_id": "STD-0026", "is_buffer": false, "batch_no": 4, "notes": null }, "geometry": { "type": "Point", "coordinates": [ 106.639515, -6.173936 ] } },
{ "type": "Feature", "properties": { "asset_name": "Tunaspoker", "category": "stadium", "category_display": "Stadion & Arena Olahraga", "city_regency": "Jakarta Selatan", "latitude": -6.271415, "longitude": 106.75242, "source_reference": "osm_overpass:node/6604464785", "asset_id": "STD-0027", "is_buffer": false, "batch_no": 4, "notes": null }, "geometry": { "type": "Point", "coordinates": [ 106.75242, -6.271415 ] } },
{ "type": "Feature", "properties": { "asset_name": "Calisthenics Park Sempur", "category": "stadium", "category_display": "Stadion & Arena Olahraga", "city_regency": "Kota Bogor", "latitude": -6.591894, "longitude": 106.799719, "source_reference": "osm_overpass:node/6856617694", "asset_id": "STD-0028", "is_buffer": false, "batch_no": 4, "notes": null }, "geometry": { "type": "Point", "coordinates": [ 106.799719, -6.591894 ] } },
{ "type": "Feature", "properties": { "asset_name": "Swanarapala Climbing Wall", "category": "stadium", "category_display": "Stadion & Arena Olahraga", "city_regency": "Jakarta Barat", "latitude": -6.20198, "longitude": 106.780369, "source_reference": "osm_overpass:node/6905624046", "asset_id": "STD-0029", "is_buffer": false, "batch_no": 4, "notes": null }, "geometry": { "type": "Point", "coordinates": [ 106.780369, -6.20198 ] } },
{ "type": "Feature", "properties": { "asset_name": "GOR Grogol Petamburan", "category": "stadium", "category_display": "Stadion & Arena Olahraga", "city_regency": "Jakarta Barat", "latitude": -6.16088, "longitude": 106.796499, "source_reference": "osm_overpass:node/9064896764", "asset_id": "STD-0030", "is_buffer": false, "batch_no": 4, "notes": null }, "geometry": { "type": "Point", "coordinates": [ 106.796499, -6.16088 ] } },
{ "type": "Feature", "properties": { "asset_name": "Climbing Wall", "category": "stadium", "category_display": "Stadion & Arena Olahraga", "city_regency": "Kab. Bekasi", "latitude": -6.310311, "longitude": 107.000085, "source_reference": "osm_overpass:node/9880126682", "asset_id": "STD-0031", "is_buffer": false, "batch_no": 4, "notes": null }, "geometry": { "type": "Point", "coordinates": [ 107.000085, -6.310311 ] } },
{ "type": "Feature", "properties": { "asset_name": "Apira Sport Center", "category": "stadium", "category_display": "Stadion & Arena Olahraga", "city_regency": "Kota Depok", "latitude": -6.371802, "longitude": 106.808423, "source_reference": "osm_overpass:node/9941529672", "asset_id": "STD-0032", "is_buffer": false, "batch_no": 4, "notes": null }, "geometry": { "type": "Point", "coordinates": [ 106.808423, -6.371802 ] } },
{ "type": "Feature", "properties": { "asset_name": "Sports Center Gunadarma", "category": "stadium", "category_display": "Stadion & Arena Olahraga", "city_regency": "Kota Depok", "latitude": -6.352426, "longitude": 106.83645, "source_reference": "osm_overpass:node/10570636664", "asset_id": "STD-0033", "is_buffer": false, "batch_no": 4, "notes": null }, "geometry": { "type": "Point", "coordinates": [ 106.83645, -6.352426 ] } },
{ "type": "Feature", "properties": { "asset_name": "Arjuna Billiards", "category": "stadium", "category_display": "Stadion & Arena Olahraga", "city_regency": "Jakarta Barat", "latitude": -6.189859, "longitude": 106.758945, "source_reference": "osm_overpass:node/10591372004", "asset_id": "STD-0034", "is_buffer": false, "batch_no": 4, "notes": null }, "geometry": { "type": "Point", "coordinates": [ 106.758945, -6.189859 ] } },
{ "type": "Feature", "properties": { "asset_name": "911 Billiard", "category": "stadium", "category_display": "Stadion & Arena Olahraga", "city_regency": "Kota Tangerang", "latitude": -6.240726, "longitude": 106.656573, "source_reference": "osm_overpass:node/10725861003", "asset_id": "STD-0035", "is_buffer": false, "batch_no": 4, "notes": null }, "geometry": { "type": "Point", "coordinates": [ 106.656573, -6.240726 ] } },
{ "type": "Feature", "properties": { "asset_name": "Graha Mutiara Sports Club", "category": "stadium", "category_display": "Stadion & Arena Olahraga", "city_regency": "Kab. Bekasi", "latitude": -6.267177, "longitude": 107.015423, "source_reference": "osm_overpass:node/11269479256", "asset_id": "STD-0036", "is_buffer": false, "batch_no": 4, "notes": null }, "geometry": { "type": "Point", "coordinates": [ 107.015423, -6.267177 ] } },
{ "type": "Feature", "properties": { "asset_name": "Gelanggang Remaja", "category": "stadium", "category_display": "Stadion & Arena Olahraga", "city_regency": "Jakarta Timur", "latitude": -6.235428, "longitude": 106.867946, "source_reference": "osm_overpass:node/11576512487", "asset_id": "STD-0037", "is_buffer": false, "batch_no": 4, "notes": null }, "geometry": { "type": "Point", "coordinates": [ 106.867946, -6.235428 ] } },
{ "type": "Feature", "properties": { "asset_name": "Flyover Raya Bogor", "category": "stadium", "category_display": "Stadion & Arena Olahraga", "city_regency": "Jakarta Timur", "latitude": -6.306526, "longitude": 106.865751, "source_reference": "osm_overpass:node/11576512495", "asset_id": "STD-0038", "is_buffer": false, "batch_no": 4, "notes": null }, "geometry": { "type": "Point", "coordinates": [ 106.865751, -6.306526 ] } },
{ "type": "Feature", "properties": { "asset_name": "Studio Renang", "category": "stadium", "category_display": "Stadion & Arena Olahraga", "city_regency": "Kota Tangerang Selatan", "latitude": -6.300821, "longitude": 106.690455, "source_reference": "osm_overpass:node/11622312809", "asset_id": "STD-0039", "is_buffer": false, "batch_no": 4, "notes": null }, "geometry": { "type": "Point", "coordinates": [ 106.690455, -6.300821 ] } },
{ "type": "Feature", "properties": { "asset_name": "Lapangan Bulu Tangkis RT 03/RW 02", "category": "stadium", "category_display": "Stadion & Arena Olahraga", "city_regency": "Kota Tangerang", "latitude": -6.155496, "longitude": 106.736949, "source_reference": "osm_overpass:node/12265726201", "asset_id": "STD-0040", "is_buffer": false, "batch_no": 4, "notes": null }, "geometry": { "type": "Point", "coordinates": [ 106.736949, -6.155496 ] } },
{ "type": "Feature", "properties": { "asset_name": "GOR Badminton TVRI", "category": "stadium", "category_display": "Stadion & Arena Olahraga", "city_regency": "Jakarta Barat", "latitude": -6.212646, "longitude": 106.802188, "source_reference": "osm_overpass:node/12860563562", "asset_id": "STD-0041", "is_buffer": false, "batch_no": 4, "notes": null }, "geometry": { "type": "Point", "coordinates": [ 106.802188, -6.212646 ] } },
{ "type": "Feature", "properties": { "asset_name": "GOR ERFA Citayam Bogor", "category": "stadium", "category_display": "Stadion & Arena Olahraga", "city_regency": "Kota Depok", "latitude": -6.446717, "longitude": 106.758726, "source_reference": "osm_overpass:node/13363410601", "asset_id": "STD-0042", "is_buffer": false, "batch_no": 4, "notes": null }, "geometry": { "type": "Point", "coordinates": [ 106.758726, -6.446717 ] } },
{ "type": "Feature", "properties": { "asset_name": "Filari Sport Center", "category": "stadium", "category_display": "Stadion & Arena Olahraga", "city_regency": "Jakarta Timur", "latitude": -6.258682, "longitude": 106.834028, "source_reference": "osm_overpass:node/13725742522", "asset_id": "STD-0043", "is_buffer": false, "batch_no": 4, "notes": null }, "geometry": { "type": "Point", "coordinates": [ 106.834028, -6.258682 ] } },
{ "type": "Feature", "properties": { "asset_name": "Padel Land", "category": "stadium", "category_display": "Stadion & Arena Olahraga", "city_regency": "Kota Bekasi", "latitude": -6.166102, "longitude": 106.975107, "source_reference": "osm_overpass:node/13955439902", "asset_id": "STD-0044", "is_buffer": false, "batch_no": 4, "notes": null }, "geometry": { "type": "Point", "coordinates": [ 106.975107, -6.166102 ] } },
{ "type": "Feature", "properties": { "asset_name": "Stadiums Futsal", "category": "stadium", "category_display": "Stadion & Arena Olahraga", "city_regency": "Kota Tangerang Selatan", "latitude": -6.252977, "longitude": 106.6681, "source_reference": "osm_overpass:node/14182333501", "asset_id": "STD-0045", "is_buffer": false, "batch_no": 4, "notes": null }, "geometry": { "type": "Point", "coordinates": [ 106.6681, -6.252977 ] } },
{ "type": "Feature", "properties": { "asset_name": "Nine Padel", "category": "stadium", "category_display": "Stadion & Arena Olahraga", "city_regency": "Jakarta Pusat", "latitude": -6.170495, "longitude": 106.818234, "source_reference": "osm_overpass:node/14241642203", "asset_id": "STD-0046", "is_buffer": false, "batch_no": 4, "notes": null }, "geometry": { "type": "Point", "coordinates": [ 106.818234, -6.170495 ] } },
{ "type": "Feature", "properties": { "asset_name": "Petojo Arena Badminton", "category": "stadium", "category_display": "Stadion & Arena Olahraga", "city_regency": "Jakarta Pusat", "latitude": -6.170528, "longitude": 106.815063, "source_reference": "osm_overpass:node/14245814401", "asset_id": "STD-0047", "is_buffer": false, "batch_no": 4, "notes": null }, "geometry": { "type": "Point", "coordinates": [ 106.815063, -6.170528 ] } },
{ "type": "Feature", "properties": { "asset_name": "Indonesia Arena", "category": "stadium", "category_display": "Stadion & Arena Olahraga", "city_regency": "Jakarta Barat", "latitude": -6.215013, "longitude": 106.799826, "source_reference": "osm_overpass:way/29203124", "asset_id": "STD-0048", "is_buffer": false, "batch_no": 4, "notes": null }, "geometry": { "type": "Point", "coordinates": [ 106.799826, -6.215013 ] } },
{ "type": "Feature", "properties": { "asset_name": "Stadion Pulo Mas", "category": "stadium", "category_display": "Stadion & Arena Olahraga", "city_regency": "Jakarta Timur", "latitude": -6.173969, "longitude": 106.880442, "source_reference": "osm_overpass:way/29449894", "asset_id": "STD-0049", "is_buffer": false, "batch_no": 4, "notes": null }, "geometry": { "type": "Point", "coordinates": [ 106.880442, -6.173969 ] } },
{ "type": "Feature", "properties": { "asset_name": "Lapangan Bhayangkara Mabes Polri", "category": "stadium", "category_display": "Stadion & Arena Olahraga", "city_regency": "Jakarta Selatan", "latitude": -6.240142, "longitude": 106.801577, "source_reference": "osm_overpass:way/28197985", "asset_id": "STD-0050", "is_buffer": false, "batch_no": 4, "notes": null }, "geometry": { "type": "Point", "coordinates": [ 106.801577, -6.240142 ] } },
{ "type": "Feature", "properties": { "asset_name": "Gelanggang Olahraga Velodrome Rawamangun", "category": "stadium", "category_display": "Stadion & Arena Olahraga", "city_regency": "Jakarta Timur", "latitude": -6.191969, "longitude": 106.889808, "source_reference": "osm_overpass:way/29483761", "asset_id": "STD-0051", "is_buffer": false, "batch_no": 4, "notes": null }, "geometry": { "type": "Point", "coordinates": [ 106.889808, -6.191969 ] } },
{ "type": "Feature", "properties": { "asset_name": "Jakarta International Velodrome", "category": "stadium", "category_display": "Stadion & Arena Olahraga", "city_regency": "Jakarta Timur", "latitude": -6.190945, "longitude": 106.890081, "source_reference": "osm_overpass:way/29483769", "asset_id": "STD-0052", "is_buffer": false, "batch_no": 4, "notes": null }, "geometry": { "type": "Point", "coordinates": [ 106.890081, -6.190945 ] } },
{ "type": "Feature", "properties": { "asset_name": "Stadion Atletik dan Sepak Bola Dinas Kemenpora DKI Jakarta", "category": "stadium", "category_display": "Stadion & Arena Olahraga", "city_regency": "Jakarta Timur", "latitude": -6.192187, "longitude": 106.888691, "source_reference": "osm_overpass:way/29483785", "asset_id": "STD-0053", "is_buffer": false, "batch_no": 4, "notes": null }, "geometry": { "type": "Point", "coordinates": [ 106.888691, -6.192187 ] } },
{ "type": "Feature", "properties": { "asset_name": "Kolam Renang dan Lapangan Tenis Tirta Mas", "category": "stadium", "category_display": "Stadion & Arena Olahraga", "city_regency": "Jakarta Timur", "latitude": -6.185921, "longitude": 106.892185, "source_reference": "osm_overpass:way/29485408", "asset_id": "STD-0054", "is_buffer": false, "batch_no": 4, "notes": null }, "geometry": { "type": "Point", "coordinates": [ 106.892185, -6.185921 ] } },
{ "type": "Feature", "properties": { "asset_name": "Cempaka Putih Sport Center Arcici", "category": "stadium", "category_display": "Stadion & Arena Olahraga", "city_regency": "Jakarta Timur", "latitude": -6.184083, "longitude": 106.869291, "source_reference": "osm_overpass:way/29814690", "asset_id": "STD-0055", "is_buffer": false, "batch_no": 4, "notes": null }, "geometry": { "type": "Point", "coordinates": [ 106.869291, -6.184083 ] } },
{ "type": "Feature", "properties": { "asset_name": "LAB Bahasa IPB", "category": "university", "category_display": "Universitas & Kampus", "city_regency": "Kota Bogor", "latitude": -6.58721, "longitude": 106.806278, "source_reference": "osm_overpass:node/1572825301", "asset_id": "UNIV-0001", "is_buffer": false, "batch_no": 4, "notes": null }, "geometry": { "type": "Point", "coordinates": [ 106.806278, -6.58721 ] } },
{ "type": "Feature", "properties": { "asset_name": "Politeknik Trisula Dharma", "category": "university", "category_display": "Universitas & Kampus", "city_regency": "Kota Depok", "latitude": -6.38111, "longitude": 106.80273, "source_reference": "osm_overpass:node/1922979757", "asset_id": "UNIV-0002", "is_buffer": false, "batch_no": 4, "notes": null }, "geometry": { "type": "Point", "coordinates": [ 106.80273, -6.38111 ] } },
{ "type": "Feature", "properties": { "asset_name": "SMAS BINA RUHAMA", "category": "university", "category_display": "Universitas & Kampus", "city_regency": "Kota Bogor", "latitude": -6.589679, "longitude": 106.838853, "source_reference": "osm_overpass:node/2398010242", "asset_id": "UNIV-0003", "is_buffer": false, "batch_no": 4, "notes": null }, "geometry": { "type": "Point", "coordinates": [ 106.838853, -6.589679 ] } },
{ "type": "Feature", "properties": { "asset_name": "Politeknik Keuangan Negara STAN", "category": "university", "category_display": "Universitas & Kampus", "city_regency": "Kota Tangerang Selatan", "latitude": -6.269914, "longitude": 106.732369, "source_reference": "osm_overpass:node/4145875213", "asset_id": "UNIV-0004", "is_buffer": false, "batch_no": 4, "notes": null }, "geometry": { "type": "Point", "coordinates": [ 106.732369, -6.269914 ] } },
{ "type": "Feature", "properties": { "asset_name": "Kalbis Institute", "category": "university", "category_display": "Universitas & Kampus", "city_regency": "Jakarta Timur", "latitude": -6.178496, "longitude": 106.876891, "source_reference": "osm_overpass:node/4152444161", "asset_id": "UNIV-0005", "is_buffer": false, "batch_no": 4, "notes": null }, "geometry": { "type": "Point", "coordinates": [ 106.876891, -6.178496 ] } },
{ "type": "Feature", "properties": { "asset_name": "Bina Sarana Informatika Margonda", "category": "university", "category_display": "Universitas & Kampus", "city_regency": "Kota Depok", "latitude": -6.357529, "longitude": 106.83286, "source_reference": "osm_overpass:node/4240902698", "asset_id": "UNIV-0006", "is_buffer": false, "batch_no": 4, "notes": null }, "geometry": { "type": "Point", "coordinates": [ 106.83286, -6.357529 ] } },
{ "type": "Feature", "properties": { "asset_name": "BSI SQUARE Kaliabang Bekasi", "category": "university", "category_display": "Universitas & Kampus", "city_regency": "Kota Bekasi", "latitude": -6.206314, "longitude": 107.015361, "source_reference": "osm_overpass:node/4240910820", "asset_id": "UNIV-0007", "is_buffer": false, "batch_no": 4, "notes": null }, "geometry": { "type": "Point", "coordinates": [ 107.015361, -6.206314 ] } },
{ "type": "Feature", "properties": { "asset_name": "Universitas Satya Negara Indonesia (Kampus B USNI)", "category": "university", "category_display": "Universitas & Kampus", "city_regency": "Kab. Bekasi", "latitude": -6.27383, "longitude": 107.02, "source_reference": "osm_overpass:node/4243820200", "asset_id": "UNIV-0008", "is_buffer": false, "batch_no": 4, "notes": null }, "geometry": { "type": "Point", "coordinates": [ 107.02, -6.27383 ] } },
{ "type": "Feature", "properties": { "asset_name": "Indonesia International Institute for Life-Sciences", "category": "university", "category_display": "Universitas & Kampus", "city_regency": "Jakarta Timur", "latitude": -6.179179, "longitude": 106.878489, "source_reference": "osm_overpass:node/4243842960", "asset_id": "UNIV-0009", "is_buffer": false, "batch_no": 4, "notes": null }, "geometry": { "type": "Point", "coordinates": [ 106.878489, -6.179179 ] } },
{ "type": "Feature", "properties": { "asset_name": "Prasetiya Mulya Business School", "category": "university", "category_display": "Universitas & Kampus", "city_regency": "Kota Tangerang Selatan", "latitude": -6.300136, "longitude": 106.639061, "source_reference": "osm_overpass:node/4248073605", "asset_id": "UNIV-0010", "is_buffer": false, "batch_no": 4, "notes": null }, "geometry": { "type": "Point", "coordinates": [ 106.639061, -6.300136 ] } },
{ "type": "Feature", "properties": { "asset_name": "STIE Paripurna", "category": "university", "category_display": "Universitas & Kampus", "city_regency": "Kota Tangerang Selatan", "latitude": -6.325145, "longitude": 106.744164, "source_reference": "osm_overpass:node/4248083886", "asset_id": "UNIV-0011", "is_buffer": false, "batch_no": 4, "notes": null }, "geometry": { "type": "Point", "coordinates": [ 106.744164, -6.325145 ] } },
{ "type": "Feature", "properties": { "asset_name": "AkPar Nusantara", "category": "university", "category_display": "Universitas & Kampus", "city_regency": "Jakarta Selatan", "latitude": -6.310941, "longitude": 106.754819, "source_reference": "osm_overpass:node/4248093447", "asset_id": "UNIV-0012", "is_buffer": false, "batch_no": 4, "notes": null }, "geometry": { "type": "Point", "coordinates": [ 106.754819, -6.310941 ] } },
{ "type": "Feature", "properties": { "asset_name": "AMIK BSI CIPUTAT", "category": "university", "category_display": "Universitas & Kampus", "city_regency": "Jakarta Selatan", "latitude": -6.311109, "longitude": 106.750952, "source_reference": "osm_overpass:node/4248104604", "asset_id": "UNIV-0013", "is_buffer": false, "batch_no": 4, "notes": null }, "geometry": { "type": "Point", "coordinates": [ 106.750952, -6.311109 ] } },
{ "type": "Feature", "properties": { "asset_name": "AMIK Wahana Mandiri", "category": "university", "category_display": "Universitas & Kampus", "city_regency": "Kota Depok", "latitude": -6.345236, "longitude": 106.757415, "source_reference": "osm_overpass:node/4248117167", "asset_id": "UNIV-0014", "is_buffer": false, "batch_no": 4, "notes": null }, "geometry": { "type": "Point", "coordinates": [ 106.757415, -6.345236 ] } },
{ "type": "Feature", "properties": { "asset_name": "Akademi Refraksi Optisi Gapopin", "category": "university", "category_display": "Universitas & Kampus", "city_regency": "Kota Tangerang Selatan", "latitude": -6.263134, "longitude": 106.715019, "source_reference": "osm_overpass:node/4248120154", "asset_id": "UNIV-0015", "is_buffer": false, "batch_no": 4, "notes": null }, "geometry": { "type": "Point", "coordinates": [ 106.715019, -6.263134 ] } },
{ "type": "Feature", "properties": { "asset_name": "Praba Engineering Services", "category": "university", "category_display": "Universitas & Kampus", "city_regency": "Kota Depok", "latitude": -6.370389, "longitude": 106.794776, "source_reference": "osm_overpass:node/4555468602", "asset_id": "UNIV-0016", "is_buffer": false, "batch_no": 4, "notes": null }, "geometry": { "type": "Point", "coordinates": [ 106.794776, -6.370389 ] } },
{ "type": "Feature", "properties": { "asset_name": "International University Liaison Indonesia", "category": "university", "category_display": "Universitas & Kampus", "city_regency": "Kota Tangerang Selatan", "latitude": -6.30342, "longitude": 106.652889, "source_reference": "osm_overpass:node/4721277185", "asset_id": "UNIV-0017", "is_buffer": false, "batch_no": 4, "notes": null }, "geometry": { "type": "Point", "coordinates": [ 106.652889, -6.30342 ] } },
{ "type": "Feature", "properties": { "asset_name": "Akademik Manajemen Informasi dan Komunikasi", "category": "university", "category_display": "Universitas & Kampus", "city_regency": "Jakarta Timur", "latitude": -6.225571, "longitude": 106.876796, "source_reference": "osm_overpass:node/4842721737", "asset_id": "UNIV-0018", "is_buffer": false, "batch_no": 4, "notes": null }, "geometry": { "type": "Point", "coordinates": [ 106.876796, -6.225571 ] } },
{ "type": "Feature", "properties": { "asset_name": "STMIK Muhammadiyah", "category": "university", "category_display": "Universitas & Kampus", "city_regency": "Jakarta Timur", "latitude": -6.208546, "longitude": 106.863002, "source_reference": "osm_overpass:node/4857308698", "asset_id": "UNIV-0019", "is_buffer": false, "batch_no": 4, "notes": null }, "geometry": { "type": "Point", "coordinates": [ 106.863002, -6.208546 ] } },
{ "type": "Feature", "properties": { "asset_name": "London School Public Relations", "category": "university", "category_display": "Universitas & Kampus", "city_regency": "Jakarta Pusat", "latitude": -6.20507, "longitude": 106.817089, "source_reference": "osm_overpass:node/4867479032", "asset_id": "UNIV-0020", "is_buffer": false, "batch_no": 4, "notes": null }, "geometry": { "type": "Point", "coordinates": [ 106.817089, -6.20507 ] } },
{ "type": "Feature", "properties": { "asset_name": "Sekolah Pasca Sarjana USAHID", "category": "university", "category_display": "Universitas & Kampus", "city_regency": "Jakarta Pusat", "latitude": -6.209907, "longitude": 106.819622, "source_reference": "osm_overpass:node/4867479035", "asset_id": "UNIV-0021", "is_buffer": false, "batch_no": 4, "notes": null }, "geometry": { "type": "Point", "coordinates": [ 106.819622, -6.209907 ] } },
{ "type": "Feature", "properties": { "asset_name": "Fakultas Kedokteran Harapan Kita", "category": "university", "category_display": "Universitas & Kampus", "city_regency": "Jakarta Barat", "latitude": -6.185598, "longitude": 106.797508, "source_reference": "osm_overpass:node/4877554299", "asset_id": "UNIV-0022", "is_buffer": false, "batch_no": 4, "notes": null }, "geometry": { "type": "Point", "coordinates": [ 106.797508, -6.185598 ] } },
{ "type": "Feature", "properties": { "asset_name": "Institut Agama Islam Al-Ghurabaa", "category": "university", "category_display": "Universitas & Kampus", "city_regency": "Jakarta Timur", "latitude": -6.199136, "longitude": 106.89227, "source_reference": "osm_overpass:node/4883015190", "asset_id": "UNIV-0023", "is_buffer": false, "batch_no": 4, "notes": null }, "geometry": { "type": "Point", "coordinates": [ 106.89227, -6.199136 ] } },
{ "type": "Feature", "properties": { "asset_name": "Gedung Rektorat Universitas Pakuan", "category": "university", "category_display": "Universitas & Kampus", "city_regency": "Kota Bogor", "latitude": -6.599343, "longitude": 106.812303, "source_reference": "osm_overpass:node/4905252636", "asset_id": "UNIV-0024", "is_buffer": false, "batch_no": 4, "notes": null }, "geometry": { "type": "Point", "coordinates": [ 106.812303, -6.599343 ] } },
{ "type": "Feature", "properties": { "asset_name": "STIE PBM", "category": "university", "category_display": "Universitas & Kampus", "city_regency": "Jakarta Timur", "latitude": -6.259726, "longitude": 106.863845, "source_reference": "osm_overpass:node/4914380348", "asset_id": "UNIV-0025", "is_buffer": false, "batch_no": 4, "notes": null }, "geometry": { "type": "Point", "coordinates": [ 106.863845, -6.259726 ] } },
{ "type": "Feature", "properties": { "asset_name": "Sekolah Tinggi Ilmu Ekonomi Bhakti Prasetya Karya Praja", "category": "university", "category_display": "Universitas & Kampus", "city_regency": "Kota Tangerang", "latitude": -6.15319, "longitude": 106.703416, "source_reference": "osm_overpass:node/4916416978", "asset_id": "UNIV-0026", "is_buffer": false, "batch_no": 4, "notes": null }, "geometry": { "type": "Point", "coordinates": [ 106.703416, -6.15319 ] } },
{ "type": "Feature", "properties": { "asset_name": "SMA N 4 Cibinong", "category": "university", "category_display": "Universitas & Kampus", "city_regency": "Kab. Bogor", "latitude": -6.486405, "longitude": 106.858658, "source_reference": "osm_overpass:node/6474593473", "asset_id": "UNIV-0027", "is_buffer": false, "batch_no": 4, "notes": null }, "geometry": { "type": "Point", "coordinates": [ 106.858658, -6.486405 ] } },
{ "type": "Feature", "properties": { "asset_name": "Institut Fajrul Islam", "category": "university", "category_display": "Universitas & Kampus", "city_regency": "Kota Tangerang", "latitude": -6.129348, "longitude": 106.695424, "source_reference": "osm_overpass:node/4967774128", "asset_id": "UNIV-0028", "is_buffer": false, "batch_no": 4, "notes": null }, "geometry": { "type": "Point", "coordinates": [ 106.695424, -6.129348 ] } },
{ "type": "Feature", "properties": { "asset_name": "Trisakti School of Management (TSM)", "category": "university", "category_display": "Universitas & Kampus", "city_regency": "Jakarta Barat", "latitude": -6.16725, "longitude": 106.793738, "source_reference": "osm_overpass:node/6611634435", "asset_id": "UNIV-0029", "is_buffer": false, "batch_no": 4, "notes": null }, "geometry": { "type": "Point", "coordinates": [ 106.793738, -6.16725 ] } },
{ "type": "Feature", "properties": { "asset_name": "Akademi Keperawatan RS Husada", "category": "university", "category_display": "Universitas & Kampus", "city_regency": "Jakarta Utara", "latitude": -6.146166, "longitude": 106.829287, "source_reference": "osm_overpass:node/4994320035", "asset_id": "UNIV-0030", "is_buffer": false, "batch_no": 4, "notes": null }, "geometry": { "type": "Point", "coordinates": [ 106.829287, -6.146166 ] } },
{ "type": "Feature", "properties": { "asset_name": "STIE", "category": "university", "category_display": "Universitas & Kampus", "city_regency": "Jakarta Pusat", "latitude": -6.162019, "longitude": 106.842349, "source_reference": "osm_overpass:node/4996688488", "asset_id": "UNIV-0031", "is_buffer": false, "batch_no": 4, "notes": null }, "geometry": { "type": "Point", "coordinates": [ 106.842349, -6.162019 ] } },
{ "type": "Feature", "properties": { "asset_name": "Podomoro University", "category": "university", "category_display": "Universitas & Kampus", "city_regency": "Jakarta Barat", "latitude": -6.177279, "longitude": 106.79214, "source_reference": "osm_overpass:node/5033660303", "asset_id": "UNIV-0032", "is_buffer": false, "batch_no": 4, "notes": null }, "geometry": { "type": "Point", "coordinates": [ 106.79214, -6.177279 ] } },
{ "type": "Feature", "properties": { "asset_name": "STKIP Purnama", "category": "university", "category_display": "Universitas & Kampus", "city_regency": "Jakarta Selatan", "latitude": -6.24148, "longitude": 106.805307, "source_reference": "osm_overpass:node/5044261097", "asset_id": "UNIV-0033", "is_buffer": false, "batch_no": 4, "notes": null }, "geometry": { "type": "Point", "coordinates": [ 106.805307, -6.24148 ] } },
{ "type": "Feature", "properties": { "asset_name": "Sekolah Pendidikan Angkatan Udara", "category": "university", "category_display": "Universitas & Kampus", "city_regency": "Jakarta Timur", "latitude": -6.275076, "longitude": 106.885578, "source_reference": "osm_overpass:node/5046478242", "asset_id": "UNIV-0034", "is_buffer": false, "batch_no": 4, "notes": null }, "geometry": { "type": "Point", "coordinates": [ 106.885578, -6.275076 ] } },
{ "type": "Feature", "properties": { "asset_name": "STKIP Panca Sakti", "category": "university", "category_display": "Universitas & Kampus", "city_regency": "Jakarta Utara", "latitude": -6.126066, "longitude": 106.884283, "source_reference": "osm_overpass:node/5055205167", "asset_id": "UNIV-0035", "is_buffer": false, "batch_no": 4, "notes": null }, "geometry": { "type": "Point", "coordinates": [ 106.884283, -6.126066 ] } },
{ "type": "Feature", "properties": { "asset_name": "Sekolah Tinggi Teologi Pokok Anggur", "category": "university", "category_display": "Universitas & Kampus", "city_regency": "Kota Tangerang", "latitude": -6.139317, "longitude": 106.733251, "source_reference": "osm_overpass:node/5057618604", "asset_id": "UNIV-0036", "is_buffer": false, "batch_no": 4, "notes": null }, "geometry": { "type": "Point", "coordinates": [ 106.733251, -6.139317 ] } },
{ "type": "Feature", "properties": { "asset_name": "STKIP Kusuma Negara", "category": "university", "category_display": "Universitas & Kampus", "city_regency": "Jakarta Utara", "latitude": -6.117057, "longitude": 106.88369, "source_reference": "osm_overpass:node/5083267794", "asset_id": "UNIV-0037", "is_buffer": false, "batch_no": 4, "notes": null }, "geometry": { "type": "Point", "coordinates": [ 106.88369, -6.117057 ] } },
{ "type": "Feature", "properties": { "asset_name": "STIE Wiyatamandala", "category": "university", "category_display": "Universitas & Kampus", "city_regency": "Jakarta Utara", "latitude": -6.121383, "longitude": 106.891293, "source_reference": "osm_overpass:node/5096745789", "asset_id": "UNIV-0038", "is_buffer": false, "batch_no": 4, "notes": null }, "geometry": { "type": "Point", "coordinates": [ 106.891293, -6.121383 ] } },
{ "type": "Feature", "properties": { "asset_name": "Akademi Pariwisata Bhakti Nusantara", "category": "university", "category_display": "Universitas & Kampus", "city_regency": "Jakarta Utara", "latitude": -6.137865, "longitude": 106.915795, "source_reference": "osm_overpass:node/5112684148", "asset_id": "UNIV-0039", "is_buffer": false, "batch_no": 4, "notes": null }, "geometry": { "type": "Point", "coordinates": [ 106.915795, -6.137865 ] } },
{ "type": "Feature", "properties": { "asset_name": "Sekolah Tinggi Ilmu Ekonomi Ganesha", "category": "university", "category_display": "Universitas & Kampus", "city_regency": "Jakarta Selatan", "latitude": -6.31232, "longitude": 106.75497, "source_reference": "osm_overpass:node/5226452211", "asset_id": "UNIV-0040", "is_buffer": false, "batch_no": 4, "notes": null }, "geometry": { "type": "Point", "coordinates": [ 106.75497, -6.31232 ] } },
{ "type": "Feature", "properties": { "asset_name": "Agus Har", "category": "university", "category_display": "Universitas & Kampus", "city_regency": "Jakarta Utara", "latitude": -6.132768, "longitude": 106.900525, "source_reference": "osm_overpass:node/5714168821", "asset_id": "UNIV-0041", "is_buffer": false, "batch_no": 4, "notes": null }, "geometry": { "type": "Point", "coordinates": [ 106.900525, -6.132768 ] } },
{ "type": "Feature", "properties": { "asset_name": "Universitas Muhammadiyah Tangerang", "category": "university", "category_display": "Universitas & Kampus", "city_regency": "Kota Tangerang", "latitude": -6.171808, "longitude": 106.633471, "source_reference": "osm_overpass:node/6150681488", "asset_id": "UNIV-0042", "is_buffer": false, "batch_no": 4, "notes": null }, "geometry": { "type": "Point", "coordinates": [ 106.633471, -6.171808 ] } },
{ "type": "Feature", "properties": { "asset_name": "Perguruan Tinggi Lepisi", "category": "university", "category_display": "Universitas & Kampus", "city_regency": "Kota Tangerang", "latitude": -6.168411, "longitude": 106.627221, "source_reference": "osm_overpass:node/6154723585", "asset_id": "UNIV-0043", "is_buffer": false, "batch_no": 4, "notes": null }, "geometry": { "type": "Point", "coordinates": [ 106.627221, -6.168411 ] } },
{ "type": "Feature", "properties": { "asset_name": "Universitas Pertahanan", "category": "university", "category_display": "Universitas & Kampus", "city_regency": "Jakarta Pusat", "latitude": -6.196867, "longitude": 106.850223, "source_reference": "osm_overpass:node/6219015593", "asset_id": "UNIV-0044", "is_buffer": false, "batch_no": 4, "notes": null }, "geometry": { "type": "Point", "coordinates": [ 106.850223, -6.196867 ] } },
{ "type": "Feature", "properties": { "asset_name": "UKI Pasca Sarjana", "category": "university", "category_display": "Universitas & Kampus", "city_regency": "Jakarta Pusat", "latitude": -6.197425, "longitude": 106.848206, "source_reference": "osm_overpass:node/6219015595", "asset_id": "UNIV-0045", "is_buffer": false, "batch_no": 4, "notes": null }, "geometry": { "type": "Point", "coordinates": [ 106.848206, -6.197425 ] } },
{ "type": "Feature", "properties": { "asset_name": "STIE & STMIK Jayakarta", "category": "university", "category_display": "Universitas & Kampus", "city_regency": "Jakarta Pusat", "latitude": -6.197962, "longitude": 106.851636, "source_reference": "osm_overpass:node/6219025299", "asset_id": "UNIV-0046", "is_buffer": false, "batch_no": 4, "notes": null }, "geometry": { "type": "Point", "coordinates": [ 106.851636, -6.197962 ] } },
{ "type": "Feature", "properties": { "asset_name": "Institut BPJS Ketenagakerjaan", "category": "university", "category_display": "Universitas & Kampus", "city_regency": "Kota Bogor", "latitude": -6.566043, "longitude": 106.802435, "source_reference": "osm_overpass:node/6227362794", "asset_id": "UNIV-0047", "is_buffer": false, "batch_no": 4, "notes": null }, "geometry": { "type": "Point", "coordinates": [ 106.802435, -6.566043 ] } },
{ "type": "Feature", "properties": { "asset_name": "STIE Binaniaga", "category": "university", "category_display": "Universitas & Kampus", "city_regency": "Kota Bogor", "latitude": -6.576195, "longitude": 106.807327, "source_reference": "osm_overpass:node/6227494285", "asset_id": "UNIV-0048", "is_buffer": false, "batch_no": 4, "notes": null }, "geometry": { "type": "Point", "coordinates": [ 106.807327, -6.576195 ] } },
{ "type": "Feature", "properties": { "asset_name": "IPB Pasca Sarjana Manajemen dan Bisnis", "category": "university", "category_display": "Universitas & Kampus", "city_regency": "Kota Bogor", "latitude": -6.586659, "longitude": 106.806304, "source_reference": "osm_overpass:node/6227650791", "asset_id": "UNIV-0049", "is_buffer": false, "batch_no": 4, "notes": null }, "geometry": { "type": "Point", "coordinates": [ 106.806304, -6.586659 ] } },
{ "type": "Feature", "properties": { "asset_name": "STIK Sint Carolus Pasca Sarjana", "category": "university", "category_display": "Universitas & Kampus", "city_regency": "Jakarta Pusat", "latitude": -6.193472, "longitude": 106.852326, "source_reference": "osm_overpass:node/6249961694", "asset_id": "UNIV-0050", "is_buffer": false, "batch_no": 4, "notes": null }, "geometry": { "type": "Point", "coordinates": [ 106.852326, -6.193472 ] } },
{ "type": "Feature", "properties": { "asset_name": "STIK Sint Carolus", "category": "university", "category_display": "Universitas & Kampus", "city_regency": "Jakarta Pusat", "latitude": -6.195344, "longitude": 106.85086, "source_reference": "osm_overpass:node/6249962100", "asset_id": "UNIV-0051", "is_buffer": false, "batch_no": 4, "notes": null }, "geometry": { "type": "Point", "coordinates": [ 106.85086, -6.195344 ] } },
{ "type": "Feature", "properties": { "asset_name": "STIE Jaya Kusuma", "category": "university", "category_display": "Universitas & Kampus", "city_regency": "Jakarta Pusat", "latitude": -6.170066, "longitude": 106.819692, "source_reference": "osm_overpass:node/6251586087", "asset_id": "UNIV-0052", "is_buffer": false, "batch_no": 4, "notes": null }, "geometry": { "type": "Point", "coordinates": [ 106.819692, -6.170066 ] } },
{ "type": "Feature", "properties": { "asset_name": "London School", "category": "university", "category_display": "Universitas & Kampus", "city_regency": "Jakarta Pusat", "latitude": -6.168605, "longitude": 106.820831, "source_reference": "osm_overpass:node/6251586090", "asset_id": "UNIV-0053", "is_buffer": false, "batch_no": 4, "notes": null }, "geometry": { "type": "Point", "coordinates": [ 106.820831, -6.168605 ] } },
{ "type": "Feature", "properties": { "asset_name": "Akademi Kebidanan Karya Bunda Husada", "category": "university", "category_display": "Universitas & Kampus", "city_regency": "Kota Tangerang", "latitude": -6.19609, "longitude": 106.623057, "source_reference": "osm_overpass:node/6264013285", "asset_id": "UNIV-0054", "is_buffer": false, "batch_no": 4, "notes": null }, "geometry": { "type": "Point", "coordinates": [ 106.623057, -6.19609 ] } },
{ "type": "Feature", "properties": { "asset_name": "STIE Ahmad Dahlan", "category": "university", "category_display": "Universitas & Kampus", "city_regency": "Kota Tangerang", "latitude": -6.218858, "longitude": 106.618352, "source_reference": "osm_overpass:node/6264075996", "asset_id": "UNIV-0055", "is_buffer": false, "batch_no": 4, "notes": null }, "geometry": { "type": "Point", "coordinates": [ 106.618352, -6.218858 ] } },
{ "type": "Feature", "properties": { "asset_name": "Pakarti Luhur", "category": "university", "category_display": "Universitas & Kampus", "city_regency": "Kota Tangerang", "latitude": -6.211927, "longitude": 106.6192, "source_reference": "osm_overpass:node/6264106088", "asset_id": "UNIV-0056", "is_buffer": false, "batch_no": 4, "notes": null }, "geometry": { "type": "Point", "coordinates": [ 106.6192, -6.211927 ] } },
{ "type": "Feature", "properties": { "asset_name": "STKIP Surya", "category": "university", "category_display": "Universitas & Kampus", "city_regency": "Kota Tangerang", "latitude": -6.207359, "longitude": 106.618749, "source_reference": "osm_overpass:node/6264117088", "asset_id": "UNIV-0057", "is_buffer": false, "batch_no": 4, "notes": null }, "geometry": { "type": "Point", "coordinates": [ 106.618749, -6.207359 ] } },
{ "type": "Feature", "properties": { "asset_name": "STMIK MASA DEPAN", "category": "university", "category_display": "Universitas & Kampus", "city_regency": "Kota Tangerang", "latitude": -6.185094, "longitude": 106.612413, "source_reference": "osm_overpass:node/6269599989", "asset_id": "UNIV-0058", "is_buffer": false, "batch_no": 4, "notes": null }, "geometry": { "type": "Point", "coordinates": [ 106.612413, -6.185094 ] } },
{ "type": "Feature", "properties": { "asset_name": "Bina Sarana Informatika", "category": "university", "category_display": "Universitas & Kampus", "city_regency": "Kota Tangerang", "latitude": -6.186126, "longitude": 106.610254, "source_reference": "osm_overpass:node/6269600086", "asset_id": "UNIV-0059", "is_buffer": false, "batch_no": 4, "notes": null }, "geometry": { "type": "Point", "coordinates": [ 106.610254, -6.186126 ] } },
{ "type": "Feature", "properties": { "asset_name": "Politeknik LP3I Cimone", "category": "university", "category_display": "Universitas & Kampus", "city_regency": "Kota Tangerang", "latitude": -6.185456, "longitude": 106.610238, "source_reference": "osm_overpass:node/6269600087", "asset_id": "UNIV-0060", "is_buffer": false, "batch_no": 4, "notes": null }, "geometry": { "type": "Point", "coordinates": [ 106.610238, -6.185456 ] } },
{ "type": "Feature", "properties": { "asset_name": "ATI Tunas Bangsa", "category": "university", "category_display": "Universitas & Kampus", "city_regency": "Jakarta Barat", "latitude": -6.16439, "longitude": 106.789828, "source_reference": "osm_overpass:node/6284561394", "asset_id": "UNIV-0061", "is_buffer": false, "batch_no": 4, "notes": null }, "geometry": { "type": "Point", "coordinates": [ 106.789828, -6.16439 ] } },
{ "type": "Feature", "properties": { "asset_name": "SMPN 2 Tangerang", "category": "university", "category_display": "Universitas & Kampus", "city_regency": "Kota Tangerang", "latitude": -6.171594, "longitude": 106.63622, "source_reference": "osm_overpass:node/6728568142", "asset_id": "UNIV-0062", "is_buffer": false, "batch_no": 4, "notes": null }, "geometry": { "type": "Point", "coordinates": [ 106.63622, -6.171594 ] } },
{ "type": "Feature", "properties": { "asset_name": "Universitas Raharja", "category": "university", "category_display": "Universitas & Kampus", "city_regency": "Kota Tangerang", "latitude": -6.195413, "longitude": 106.634403, "source_reference": "osm_overpass:node/6728708950", "asset_id": "UNIV-0063", "is_buffer": false, "batch_no": 4, "notes": null }, "geometry": { "type": "Point", "coordinates": [ 106.634403, -6.195413 ] } },
{ "type": "Feature", "properties": { "asset_name": "ST Bahasa Asing", "category": "university", "category_display": "Universitas & Kampus", "city_regency": "Jakarta Timur", "latitude": -6.223179, "longitude": 106.866838, "source_reference": "osm_overpass:node/6728983357", "asset_id": "UNIV-0064", "is_buffer": false, "batch_no": 4, "notes": null }, "geometry": { "type": "Point", "coordinates": [ 106.866838, -6.223179 ] } },
{ "type": "Feature", "properties": { "asset_name": "STIE Kesatuan Bogor", "category": "university", "category_display": "Universitas & Kampus", "city_regency": "Kota Bogor", "latitude": -6.60616, "longitude": 106.79955, "source_reference": "osm_overpass:node/7881032785", "asset_id": "UNIV-0065", "is_buffer": false, "batch_no": 4, "notes": null }, "geometry": { "type": "Point", "coordinates": [ 106.79955, -6.60616 ] } },
{ "type": "Feature", "properties": { "asset_name": "Pintu Masuk/Keluar - STIKES Wijaya Husada Bogor", "category": "university", "category_display": "Universitas & Kampus", "city_regency": "Kota Bogor", "latitude": -6.580369, "longitude": 106.766451, "source_reference": "osm_overpass:node/7884195385", "asset_id": "UNIV-0066", "is_buffer": false, "batch_no": 4, "notes": null }, "geometry": { "type": "Point", "coordinates": [ 106.766451, -6.580369 ] } },
{ "type": "Feature", "properties": { "asset_name": "Politeknik Kesehatan Bogor Prodi Keperawatan & Kebidanan", "category": "university", "category_display": "Universitas & Kampus", "city_regency": "Kota Bogor", "latitude": -6.58217, "longitude": 106.778937, "source_reference": "osm_overpass:node/7887560686", "asset_id": "UNIV-0067", "is_buffer": false, "batch_no": 4, "notes": null }, "geometry": { "type": "Point", "coordinates": [ 106.778937, -6.58217 ] } },
{ "type": "Feature", "properties": { "asset_name": "Akademi Keperawatan PGI Cikini", "category": "university", "category_display": "Universitas & Kampus", "city_regency": "Jakarta Pusat", "latitude": -6.190381, "longitude": 106.841702, "source_reference": "osm_overpass:node/9577005317", "asset_id": "UNIV-0068", "is_buffer": false, "batch_no": 4, "notes": null }, "geometry": { "type": "Point", "coordinates": [ 106.841702, -6.190381 ] } },
{ "type": "Feature", "properties": { "asset_name": "Monash University, Indonesia", "category": "university", "category_display": "Universitas & Kampus", "city_regency": "Kota Tangerang Selatan", "latitude": -6.302281, "longitude": 106.652246, "source_reference": "osm_overpass:node/9577690630", "asset_id": "UNIV-0069", "is_buffer": false, "batch_no": 4, "notes": null }, "geometry": { "type": "Point", "coordinates": [ 106.652246, -6.302281 ] } },
{ "type": "Feature", "properties": { "asset_name": "Matana University", "category": "university", "category_display": "Universitas & Kampus", "city_regency": "Kota Tangerang", "latitude": -6.244831, "longitude": 106.624666, "source_reference": "osm_overpass:node/9684621887", "asset_id": "UNIV-0070", "is_buffer": false, "batch_no": 4, "notes": null }, "geometry": { "type": "Point", "coordinates": [ 106.624666, -6.244831 ] } },
{ "type": "Feature", "properties": { "asset_name": "Universitas Muhammadiyah Tangerang", "category": "university", "category_display": "Universitas & Kampus", "city_regency": "Kota Tangerang", "latitude": -6.192484, "longitude": 106.630898, "source_reference": "osm_overpass:node/9695795540", "asset_id": "UNIV-0071", "is_buffer": false, "batch_no": 4, "notes": null }, "geometry": { "type": "Point", "coordinates": [ 106.630898, -6.192484 ] } },
{ "type": "Feature", "properties": { "asset_name": "Halte Bus Universitas Bunda Mulia", "category": "university", "category_display": "Universitas & Kampus", "city_regency": "Jakarta Utara", "latitude": -6.131372, "longitude": 106.817872, "source_reference": "osm_overpass:node/9729253271", "asset_id": "UNIV-0072", "is_buffer": false, "batch_no": 4, "notes": null }, "geometry": { "type": "Point", "coordinates": [ 106.817872, -6.131372 ] } },
{ "type": "Feature", "properties": { "asset_name": "Halte Universitas Raharja", "category": "university", "category_display": "Universitas & Kampus", "city_regency": "Kota Tangerang", "latitude": -6.195524, "longitude": 106.633904, "source_reference": "osm_overpass:node/9748379331", "asset_id": "UNIV-0073", "is_buffer": false, "batch_no": 4, "notes": null }, "geometry": { "type": "Point", "coordinates": [ 106.633904, -6.195524 ] } },
{ "type": "Feature", "properties": { "asset_name": "Universitas Sampoerna", "category": "university", "category_display": "Universitas & Kampus", "city_regency": "Jakarta Timur", "latitude": -6.248585, "longitude": 106.843714, "source_reference": "osm_overpass:node/9938310357", "asset_id": "UNIV-0074", "is_buffer": false, "batch_no": 4, "notes": null }, "geometry": { "type": "Point", "coordinates": [ 106.843714, -6.248585 ] } },
{ "type": "Feature", "properties": { "asset_name": "Politeknik Kartini Jakarta", "category": "university", "category_display": "Universitas & Kampus", "city_regency": "Jakarta Selatan", "latitude": -6.238215, "longitude": 106.770362, "source_reference": "osm_overpass:node/10739471452", "asset_id": "UNIV-0075", "is_buffer": false, "batch_no": 4, "notes": null }, "geometry": { "type": "Point", "coordinates": [ 106.770362, -6.238215 ] } },
{ "type": "Feature", "properties": { "asset_name": "Politeknik Statistika STIS", "category": "university", "category_display": "Universitas & Kampus", "city_regency": "Jakarta Timur", "latitude": -6.231459, "longitude": 106.866821, "source_reference": "osm_overpass:node/11009751307", "asset_id": "UNIV-0076", "is_buffer": false, "batch_no": 4, "notes": null }, "geometry": { "type": "Point", "coordinates": [ 106.866821, -6.231459 ] } },
{ "type": "Feature", "properties": { "asset_name": "Universitas Buddhi Dharma", "category": "university", "category_display": "Universitas & Kampus", "city_regency": "Kota Tangerang", "latitude": -6.186983, "longitude": 106.626661, "source_reference": "osm_overpass:way/239436618", "asset_id": "UNIV-0077", "is_buffer": false, "batch_no": 4, "notes": "Hot-Swapped dari buffer UNIV-BUF-001 (pengganti STIE Tri Bhakti 404)" }, "geometry": { "type": "Point", "coordinates": [ 106.626661, -6.186983 ] } },
{ "type": "Feature", "properties": { "asset_name": "Kampus IPB Baranangsiang", "category": "university", "category_display": "Universitas & Kampus", "city_regency": "Kota Bogor", "latitude": -6.600245, "longitude": 106.80646, "source_reference": "osm_overpass:node/11132298077", "asset_id": "UNIV-0078", "is_buffer": false, "batch_no": 4, "notes": null }, "geometry": { "type": "Point", "coordinates": [ 106.80646, -6.600245 ] } },
{ "type": "Feature", "properties": { "asset_name": "Central Queensland University Jakarta Study Hub", "category": "university", "category_display": "Universitas & Kampus", "city_regency": "Jakarta Selatan", "latitude": -6.230429, "longitude": 106.823699, "source_reference": "osm_overpass:node/11523874224", "asset_id": "UNIV-0079", "is_buffer": false, "batch_no": 4, "notes": null }, "geometry": { "type": "Point", "coordinates": [ 106.823699, -6.230429 ] } },
{ "type": "Feature", "properties": { "asset_name": "Sekolah Tinggi Ilmu Pemerintah - Abdi Negara", "category": "university", "category_display": "Universitas & Kampus", "city_regency": "Kota Depok", "latitude": -6.340991, "longitude": 106.835765, "source_reference": "osm_overpass:way/240454678", "asset_id": "UNIV-0080", "is_buffer": false, "batch_no": 4, "notes": "Hot-Swapped dari buffer UNIV-BUF-002 (pengganti Sekolah Tinggi Ilmu Tarbiyah INSIDA 404)" }, "geometry": { "type": "Point", "coordinates": [ 106.835765, -6.340991 ] } },
{ "type": "Feature", "properties": { "asset_name": "Sekolah IPEKA Pluit", "category": "university", "category_display": "Universitas & Kampus", "city_regency": "Jakarta Utara", "latitude": -6.119188, "longitude": 106.79661, "source_reference": "osm_overpass:way/246964306", "asset_id": "UNIV-0081", "is_buffer": false, "batch_no": 4, "notes": "Hot-Swapped dari buffer UNIV-BUF-003 (pengganti Perguruan Tinggi Islam Al Halimiyah 404)" }, "geometry": { "type": "Point", "coordinates": [ 106.79661, -6.119188 ] } },
{ "type": "Feature", "properties": { "asset_name": "Gunadarma Kampus F4", "category": "university", "category_display": "Universitas & Kampus", "city_regency": "Kota Depok", "latitude": -6.37374, "longitude": 106.863243, "source_reference": "osm_overpass:node/11773070141", "asset_id": "UNIV-0082", "is_buffer": false, "batch_no": 4, "notes": null }, "geometry": { "type": "Point", "coordinates": [ 106.863243, -6.37374 ] } },
{ "type": "Feature", "properties": { "asset_name": "Darussalam Teaching Training College", "category": "university", "category_display": "Universitas & Kampus", "city_regency": "Kota Bogor", "latitude": -6.59225, "longitude": 106.75326, "source_reference": "osm_overpass:node/11933115363", "asset_id": "UNIV-0083", "is_buffer": false, "batch_no": 4, "notes": null }, "geometry": { "type": "Point", "coordinates": [ 106.75326, -6.59225 ] } },
{ "type": "Feature", "properties": { "asset_name": "STIKOM El Rahma", "category": "university", "category_display": "Universitas & Kampus", "city_regency": "Kota Bogor", "latitude": -6.590316, "longitude": 106.785513, "source_reference": "osm_overpass:node/11947653372", "asset_id": "UNIV-0084", "is_buffer": false, "batch_no": 4, "notes": null }, "geometry": { "type": "Point", "coordinates": [ 106.785513, -6.590316 ] } },
{ "type": "Feature", "properties": { "asset_name": "Kampus Utama Institut Teknologi PLN (ITPLN)", "category": "university", "category_display": "Universitas & Kampus", "city_regency": "Kota Tangerang", "latitude": -6.168244, "longitude": 106.726372, "source_reference": "osm_overpass:node/13167094252", "asset_id": "UNIV-0085", "is_buffer": false, "batch_no": 4, "notes": null }, "geometry": { "type": "Point", "coordinates": [ 106.726372, -6.168244 ] } },
{ "type": "Feature", "properties": { "asset_name": "Pesantren Modern Tahfidz Ar-Rahmah", "category": "university", "category_display": "Universitas & Kampus", "city_regency": "Kota Tangerang", "latitude": -6.184544, "longitude": 106.617177, "source_reference": "osm_overpass:node/13185374649", "asset_id": "UNIV-0086", "is_buffer": false, "batch_no": 5, "notes": null }, "geometry": { "type": "Point", "coordinates": [ 106.617177, -6.184544 ] } },
{ "type": "Feature", "properties": { "asset_name": "Sekolah Tinggi Meteorologi Klimatologi dan Geofisika (STMKG)", "category": "university", "category_display": "Universitas & Kampus", "city_regency": "Kota Tangerang", "latitude": -6.17194, "longitude": 106.645759, "source_reference": "osm_overpass:node/13293899237", "asset_id": "UNIV-0087", "is_buffer": false, "batch_no": 5, "notes": null }, "geometry": { "type": "Point", "coordinates": [ 106.645759, -6.17194 ] } },
{ "type": "Feature", "properties": { "asset_name": "Jakarta International College", "category": "university", "category_display": "Universitas & Kampus", "city_regency": "Jakarta Barat", "latitude": -6.181255, "longitude": 106.796059, "source_reference": "osm_overpass:node/13326343093", "asset_id": "UNIV-0088", "is_buffer": false, "batch_no": 5, "notes": null }, "geometry": { "type": "Point", "coordinates": [ 106.796059, -6.181255 ] } },
{ "type": "Feature", "properties": { "asset_name": "Universitas bakrie", "category": "university", "category_display": "Universitas & Kampus", "city_regency": "Jakarta Timur", "latitude": -6.221108, "longitude": 106.833243, "source_reference": "osm_overpass:node/13717653379", "asset_id": "UNIV-0089", "is_buffer": false, "batch_no": 5, "notes": null }, "geometry": { "type": "Point", "coordinates": [ 106.833243, -6.221108 ] } },
{ "type": "Feature", "properties": { "asset_name": "Faculty Economics and Business, UIN Syarif Hidayatullah", "category": "university", "category_display": "Universitas & Kampus", "city_regency": "Jakarta Selatan", "latitude": -6.310914, "longitude": 106.756621, "source_reference": "osm_overpass:node/13769211001", "asset_id": "UNIV-0090", "is_buffer": false, "batch_no": 5, "notes": null }, "geometry": { "type": "Point", "coordinates": [ 106.756621, -6.310914 ] } },
{ "type": "Feature", "properties": { "asset_name": "FKUI Departemen Patologi Anatomik", "category": "university", "category_display": "Universitas & Kampus", "city_regency": "Jakarta Pusat", "latitude": -6.195061, "longitude": 106.847641, "source_reference": "osm_overpass:node/13949471301", "asset_id": "UNIV-0091", "is_buffer": false, "batch_no": 5, "notes": null }, "geometry": { "type": "Point", "coordinates": [ 106.847641, -6.195061 ] } },
{ "type": "Feature", "properties": { "asset_name": "Universitas Pamulang Witana Harja", "category": "university", "category_display": "Universitas & Kampus", "city_regency": "Kota Tangerang Selatan", "latitude": -6.345981, "longitude": 106.730617, "source_reference": "osm_overpass:node/14064019801", "asset_id": "UNIV-0092", "is_buffer": false, "batch_no": 5, "notes": null }, "geometry": { "type": "Point", "coordinates": [ 106.730617, -6.345981 ] } },
{ "type": "Feature", "properties": { "asset_name": "Gedung Z, Teknik Grafika dan Percetakan", "category": "university", "category_display": "Universitas & Kampus", "city_regency": "Kota Depok", "latitude": -6.369887, "longitude": 106.822969, "source_reference": "osm_overpass:way/119290804", "asset_id": "UNIV-0093", "is_buffer": false, "batch_no": 5, "notes": null }, "geometry": { "type": "Point", "coordinates": [ 106.822969, -6.369887 ] } },
{ "type": "Feature", "properties": { "asset_name": "Gedung Q, Direktorat", "category": "university", "category_display": "Universitas & Kampus", "city_regency": "Kota Depok", "latitude": -6.370863, "longitude": 106.824617, "source_reference": "osm_overpass:way/119291013", "asset_id": "UNIV-0094", "is_buffer": false, "batch_no": 5, "notes": null }, "geometry": { "type": "Point", "coordinates": [ 106.824617, -6.370863 ] } },
{ "type": "Feature", "properties": { "asset_name": "Administrasi Bisnis Building", "category": "university", "category_display": "Universitas & Kampus", "city_regency": "Kota Depok", "latitude": -6.370471, "longitude": 106.82302, "source_reference": "osm_overpass:way/119291076", "asset_id": "UNIV-0095", "is_buffer": false, "batch_no": 5, "notes": null }, "geometry": { "type": "Point", "coordinates": [ 106.82302, -6.370471 ] } },
{ "type": "Feature", "properties": { "asset_name": "Gedung A, Jurusan Teknik Mesin", "category": "university", "category_display": "Universitas & Kampus", "city_regency": "Kota Depok", "latitude": -6.371372, "longitude": 106.823566, "source_reference": "osm_overpass:way/119291412", "asset_id": "UNIV-0096", "is_buffer": false, "batch_no": 5, "notes": null }, "geometry": { "type": "Point", "coordinates": [ 106.823566, -6.371372 ] } },
{ "type": "Feature", "properties": { "asset_name": "Gedung T, Depatemen Sipil", "category": "university", "category_display": "Universitas & Kampus", "city_regency": "Kota Depok", "latitude": -6.372854, "longitude": 106.825523, "source_reference": "osm_overpass:way/119291489", "asset_id": "UNIV-0097", "is_buffer": false, "batch_no": 5, "notes": null }, "geometry": { "type": "Point", "coordinates": [ 106.825523, -6.372854 ] } },
{ "type": "Feature", "properties": { "asset_name": "Gedung C", "category": "university", "category_display": "Universitas & Kampus", "city_regency": "Kota Depok", "latitude": -6.372106, "longitude": 106.823591, "source_reference": "osm_overpass:way/119293044", "asset_id": "UNIV-0098", "is_buffer": false, "batch_no": 5, "notes": null }, "geometry": { "type": "Point", "coordinates": [ 106.823591, -6.372106 ] } },
{ "type": "Feature", "properties": { "asset_name": "Gedung F, Akuntansi", "category": "university", "category_display": "Universitas & Kampus", "city_regency": "Kota Depok", "latitude": -6.370934, "longitude": 106.823511, "source_reference": "osm_overpass:way/119293046", "asset_id": "UNIV-0099", "is_buffer": false, "batch_no": 5, "notes": null }, "geometry": { "type": "Point", "coordinates": [ 106.823511, -6.370934 ] } },
{ "type": "Feature", "properties": { "asset_name": "Gedung B", "category": "university", "category_display": "Universitas & Kampus", "city_regency": "Kota Depok", "latitude": -6.371751, "longitude": 106.823578, "source_reference": "osm_overpass:way/119293048", "asset_id": "UNIV-0100", "is_buffer": false, "batch_no": 5, "notes": null }, "geometry": { "type": "Point", "coordinates": [ 106.823578, -6.371751 ] } },
{ "type": "Feature", "properties": { "asset_name": "Gedung Penyimpanan Alat Berat", "category": "university", "category_display": "Universitas & Kampus", "city_regency": "Kota Depok", "latitude": -6.371824, "longitude": 106.825702, "source_reference": "osm_overpass:way/119293808", "asset_id": "UNIV-0101", "is_buffer": false, "batch_no": 5, "notes": null }, "geometry": { "type": "Point", "coordinates": [ 106.825702, -6.371824 ] } },
{ "type": "Feature", "properties": { "asset_name": "Universitas Jayabaya", "category": "university", "category_display": "Universitas & Kampus", "city_regency": "Kota Depok", "latitude": -6.353691, "longitude": 106.861025, "source_reference": "osm_overpass:way/119417286", "asset_id": "UNIV-0102", "is_buffer": false, "batch_no": 5, "notes": null }, "geometry": { "type": "Point", "coordinates": [ 106.861025, -6.353691 ] } },
{ "type": "Feature", "properties": { "asset_name": "Kampus Sekolah Tinggi Ilmu Kesehatan BINAWAN", "category": "university", "category_display": "Universitas & Kampus", "city_regency": "Jakarta Timur", "latitude": -6.257715, "longitude": 106.863081, "source_reference": "osm_overpass:way/119451675", "asset_id": "UNIV-0103", "is_buffer": false, "batch_no": 5, "notes": null }, "geometry": { "type": "Point", "coordinates": [ 106.863081, -6.257715 ] } },
{ "type": "Feature", "properties": { "asset_name": "Universitas Yarsi", "category": "university", "category_display": "Universitas & Kampus", "city_regency": "Jakarta Timur", "latitude": -6.169708, "longitude": 106.869774, "source_reference": "osm_overpass:way/119788128", "asset_id": "UNIV-0104", "is_buffer": false, "batch_no": 5, "notes": null }, "geometry": { "type": "Point", "coordinates": [ 106.869774, -6.169708 ] } },
{ "type": "Feature", "properties": { "asset_name": "Universitas MH Thamrin", "category": "university", "category_display": "Universitas & Kampus", "city_regency": "Jakarta Timur", "latitude": -6.287681, "longitude": 106.874758, "source_reference": "osm_overpass:way/119901543", "asset_id": "UNIV-0105", "is_buffer": false, "batch_no": 5, "notes": null }, "geometry": { "type": "Point", "coordinates": [ 106.874758, -6.287681 ] } },
{ "type": "Feature", "properties": { "asset_name": "STKIP Kusuma Negara Jakarta", "category": "university", "category_display": "Universitas & Kampus", "city_regency": "Jakarta Timur", "latitude": -6.31452, "longitude": 106.862305, "source_reference": "osm_overpass:way/119907274", "asset_id": "UNIV-0106", "is_buffer": false, "batch_no": 5, "notes": null }, "geometry": { "type": "Point", "coordinates": [ 106.862305, -6.31452 ] } },
{ "type": "Feature", "properties": { "asset_name": "Universitas Borobudur", "category": "university", "category_display": "Universitas & Kampus", "city_regency": "Jakarta Timur", "latitude": -6.244036, "longitude": 106.897745, "source_reference": "osm_overpass:way/120161323", "asset_id": "UNIV-0107", "is_buffer": false, "batch_no": 5, "notes": null }, "geometry": { "type": "Point", "coordinates": [ 106.897745, -6.244036 ] } },
{ "type": "Feature", "properties": { "asset_name": "STEI Husnayain", "category": "university", "category_display": "Universitas & Kampus", "city_regency": "Kota Depok", "latitude": -6.341232, "longitude": 106.863142, "source_reference": "osm_overpass:way/120383126", "asset_id": "UNIV-0108", "is_buffer": false, "batch_no": 5, "notes": null }, "geometry": { "type": "Point", "coordinates": [ 106.863142, -6.341232 ] } },
{ "type": "Feature", "properties": { "asset_name": "Universitas Budi Luhur", "category": "university", "category_display": "Universitas & Kampus", "city_regency": "Jakarta Pusat", "latitude": -6.199363, "longitude": 106.853203, "source_reference": "osm_overpass:way/120503960", "asset_id": "UNIV-0109", "is_buffer": false, "batch_no": 5, "notes": null }, "geometry": { "type": "Point", "coordinates": [ 106.853203, -6.199363 ] } },
{ "type": "Feature", "properties": { "asset_name": "Sekolah Tinggi Perpajakan Indonesia", "category": "university", "category_display": "Universitas & Kampus", "city_regency": "Jakarta Pusat", "latitude": -6.200557, "longitude": 106.855619, "source_reference": "osm_overpass:way/120503972", "asset_id": "UNIV-0110", "is_buffer": false, "batch_no": 5, "notes": null }, "geometry": { "type": "Point", "coordinates": [ 106.855619, -6.200557 ] } },
{ "type": "Feature", "properties": { "asset_name": "Universitas Persada Indonesia Fakultas Teknik UPI YAI", "category": "university", "category_display": "Universitas & Kampus", "city_regency": "Jakarta Pusat", "latitude": -6.192806, "longitude": 106.84915, "source_reference": "osm_overpass:way/120510315", "asset_id": "UNIV-0111", "is_buffer": false, "batch_no": 5, "notes": null }, "geometry": { "type": "Point", "coordinates": [ 106.84915, -6.192806 ] } },
{ "type": "Feature", "properties": { "asset_name": "Sekolah Tinggi Teknologi Sapta Taruna", "category": "university", "category_display": "Universitas & Kampus", "city_regency": "Jakarta Timur", "latitude": -6.240917, "longitude": 106.876977, "source_reference": "osm_overpass:way/121195908", "asset_id": "UNIV-0112", "is_buffer": false, "batch_no": 5, "notes": null }, "geometry": { "type": "Point", "coordinates": [ 106.876977, -6.240917 ] } },
{ "type": "Feature", "properties": { "asset_name": "STIA LAN", "category": "university", "category_display": "Universitas & Kampus", "city_regency": "Jakarta Barat", "latitude": -6.199979, "longitude": 106.807404, "source_reference": "osm_overpass:way/122152099", "asset_id": "UNIV-0113", "is_buffer": false, "batch_no": 5, "notes": null }, "geometry": { "type": "Point", "coordinates": [ 106.807404, -6.199979 ] } },
{ "type": "Feature", "properties": { "asset_name": "Universitas MH Thamrin Kampus AKA", "category": "university", "category_display": "Universitas & Kampus", "city_regency": "Jakarta Selatan", "latitude": -6.240418, "longitude": 106.817552, "source_reference": "osm_overpass:way/122152189", "asset_id": "UNIV-0114", "is_buffer": false, "batch_no": 5, "notes": null }, "geometry": { "type": "Point", "coordinates": [ 106.817552, -6.240418 ] } },
{ "type": "Feature", "properties": { "asset_name": "Akademi Kebidanan Yayasan Rumah Sakit Jakarta", "category": "university", "category_display": "Universitas & Kampus", "city_regency": "Jakarta Pusat", "latitude": -6.218131, "longitude": 106.815941, "source_reference": "osm_overpass:way/124164162", "asset_id": "UNIV-0115", "is_buffer": false, "batch_no": 5, "notes": null }, "geometry": { "type": "Point", "coordinates": [ 106.815941, -6.218131 ] } },
{ "type": "Feature", "properties": { "asset_name": "Institut Pengembangan Manajemen Indonesia", "category": "university", "category_display": "Universitas & Kampus", "city_regency": "Jakarta Timur", "latitude": -6.257443, "longitude": 106.854866, "source_reference": "osm_overpass:way/134086210", "asset_id": "UNIV-0116", "is_buffer": false, "batch_no": 5, "notes": null }, "geometry": { "type": "Point", "coordinates": [ 106.854866, -6.257443 ] } },
{ "type": "Feature", "properties": { "asset_name": "Universitas Pakuan", "category": "university", "category_display": "Universitas & Kampus", "city_regency": "Kota Bogor", "latitude": -6.599653, "longitude": 106.811771, "source_reference": "osm_overpass:way/142494414", "asset_id": "UNIV-0117", "is_buffer": false, "batch_no": 5, "notes": null }, "geometry": { "type": "Point", "coordinates": [ 106.811771, -6.599653 ] } },
{ "type": "Feature", "properties": { "asset_name": "Balai Besar Penelitian Veteriner Bogor", "category": "university", "category_display": "Universitas & Kampus", "city_regency": "Kota Bogor", "latitude": -6.580993, "longitude": 106.791367, "source_reference": "osm_overpass:way/142571478", "asset_id": "UNIV-0118", "is_buffer": false, "batch_no": 5, "notes": null }, "geometry": { "type": "Point", "coordinates": [ 106.791367, -6.580993 ] } },
{ "type": "Feature", "properties": { "asset_name": "Gedung D, Teknik Elektro", "category": "university", "category_display": "Universitas & Kampus", "city_regency": "Kota Depok", "latitude": -6.3714, "longitude": 106.822971, "source_reference": "osm_overpass:way/151282592", "asset_id": "UNIV-0119", "is_buffer": false, "batch_no": 5, "notes": null }, "geometry": { "type": "Point", "coordinates": [ 106.822971, -6.3714 ] } },
{ "type": "Feature", "properties": { "asset_name": "Pusat Kegiatan Mahasiswa", "category": "university", "category_display": "Universitas & Kampus", "city_regency": "Kota Depok", "latitude": -6.371099, "longitude": 106.822767, "source_reference": "osm_overpass:way/151282594", "asset_id": "UNIV-0120", "is_buffer": false, "batch_no": 5, "notes": null }, "geometry": { "type": "Point", "coordinates": [ 106.822767, -6.371099 ] } },
{ "type": "Feature", "properties": { "asset_name": "Gedung M, Teknik Mesin", "category": "university", "category_display": "Universitas & Kampus", "city_regency": "Kota Depok", "latitude": -6.372484, "longitude": 106.824917, "source_reference": "osm_overpass:way/151282600", "asset_id": "UNIV-0121", "is_buffer": false, "batch_no": 5, "notes": null }, "geometry": { "type": "Point", "coordinates": [ 106.824917, -6.372484 ] } },
{ "type": "Feature", "properties": { "asset_name": "Gedung AA, Teknik Informatika dan Komputer", "category": "university", "category_display": "Universitas & Kampus", "city_regency": "Kota Depok", "latitude": -6.37252, "longitude": 106.823954, "source_reference": "osm_overpass:way/151282625", "asset_id": "UNIV-0122", "is_buffer": false, "batch_no": 5, "notes": null }, "geometry": { "type": "Point", "coordinates": [ 106.823954, -6.37252 ] } },
{ "type": "Feature", "properties": { "asset_name": "Gedung I", "category": "university", "category_display": "Universitas & Kampus", "city_regency": "Kota Depok", "latitude": -6.372438, "longitude": 106.823598, "source_reference": "osm_overpass:way/151282687", "asset_id": "UNIV-0123", "is_buffer": false, "batch_no": 5, "notes": null }, "geometry": { "type": "Point", "coordinates": [ 106.823598, -6.372438 ] } },
{ "type": "Feature", "properties": { "asset_name": "Universitas Negeri Jakarta", "category": "university", "category_display": "Universitas & Kampus", "city_regency": "Jakarta Timur", "latitude": -6.191931, "longitude": 106.887899, "source_reference": "osm_overpass:way/153318591", "asset_id": "UNIV-0124", "is_buffer": false, "batch_no": 5, "notes": null }, "geometry": { "type": "Point", "coordinates": [ 106.887899, -6.191931 ] } },
{ "type": "Feature", "properties": { "asset_name": "Sekolah Tinggi Ilmu Pelayaran", "category": "university", "category_display": "Universitas & Kampus", "city_regency": "Jakarta Utara", "latitude": -6.10273, "longitude": 106.957388, "source_reference": "osm_overpass:way/154828688", "asset_id": "UNIV-0125", "is_buffer": false, "batch_no": 5, "notes": null }, "geometry": { "type": "Point", "coordinates": [ 106.957388, -6.10273 ] } },
{ "type": "Feature", "properties": { "asset_name": "Akademi Maritim Nasional Jakarta Raya (Aman Jaya)", "category": "university", "category_display": "Universitas & Kampus", "city_regency": "Jakarta Timur", "latitude": -6.168204, "longitude": 106.885806, "source_reference": "osm_overpass:way/154831752", "asset_id": "UNIV-0126", "is_buffer": false, "batch_no": 5, "notes": null }, "geometry": { "type": "Point", "coordinates": [ 106.885806, -6.168204 ] } },
{ "type": "Feature", "properties": { "asset_name": "STIE JIC", "category": "university", "category_display": "Universitas & Kampus", "city_regency": "Jakarta Pusat", "latitude": -6.173408, "longitude": 106.85373, "source_reference": "osm_overpass:way/154966970", "asset_id": "UNIV-0127", "is_buffer": false, "batch_no": 5, "notes": null }, "geometry": { "type": "Point", "coordinates": [ 106.85373, -6.173408 ] } },
{ "type": "Feature", "properties": { "asset_name": "Sekolah Tinggi Ekonomi dan Perbank Islam MR Sjafrudin Prawiranegara", "category": "university", "category_display": "Universitas & Kampus", "city_regency": "Jakarta Pusat", "latitude": -6.182907, "longitude": 106.849021, "source_reference": "osm_overpass:way/155110348", "asset_id": "UNIV-0128", "is_buffer": false, "batch_no": 5, "notes": null }, "geometry": { "type": "Point", "coordinates": [ 106.849021, -6.182907 ] } },
{ "type": "Feature", "properties": { "asset_name": "Institut STIAMI", "category": "university", "category_display": "Universitas & Kampus", "city_regency": "Jakarta Pusat", "latitude": -6.17698, "longitude": 106.858279, "source_reference": "osm_overpass:way/155114219", "asset_id": "UNIV-0129", "is_buffer": false, "batch_no": 5, "notes": null }, "geometry": { "type": "Point", "coordinates": [ 106.858279, -6.17698 ] } },
{ "type": "Feature", "properties": { "asset_name": "Akademi Farmasi Hang Tuah", "category": "university", "category_display": "Universitas & Kampus", "city_regency": "Jakarta Barat", "latitude": -6.212419, "longitude": 106.808695, "source_reference": "osm_overpass:way/155115802", "asset_id": "UNIV-0130", "is_buffer": false, "batch_no": 5, "notes": null }, "geometry": { "type": "Point", "coordinates": [ 106.808695, -6.212419 ] } },
{ "type": "Feature", "properties": { "asset_name": "Kampus Kejaksaan", "category": "university", "category_display": "Universitas & Kampus", "city_regency": "Jakarta Timur", "latitude": -6.311027, "longitude": 106.89183, "source_reference": "osm_overpass:way/155936716", "asset_id": "UNIV-0131", "is_buffer": false, "batch_no": 5, "notes": null }, "geometry": { "type": "Point", "coordinates": [ 106.89183, -6.311027 ] } },
{ "type": "Feature", "properties": { "asset_name": "Universitas Terbuka", "category": "university", "category_display": "Universitas & Kampus", "city_regency": "Kota Depok", "latitude": -6.34162, "longitude": 106.758684, "source_reference": "osm_overpass:way/248297920", "asset_id": "UNIV-0132", "is_buffer": false, "batch_no": 5, "notes": "Hot-Swapped dari buffer UNIV-BUF-004 (pengganti Sekolah Tinggi Hukum Militer 404)" }, "geometry": { "type": "Point", "coordinates": [ 106.758684, -6.34162 ] } },
{ "type": "Feature", "properties": { "asset_name": "Institut Pembina Rohani Islam Jakarta (IPRIJA)", "category": "university", "category_display": "Universitas & Kampus", "city_regency": "Kota Depok", "latitude": -6.344204, "longitude": 106.885139, "source_reference": "osm_overpass:way/155949278", "asset_id": "UNIV-0133", "is_buffer": false, "batch_no": 5, "notes": null }, "geometry": { "type": "Point", "coordinates": [ 106.885139, -6.344204 ] } },
{ "type": "Feature", "properties": { "asset_name": "Pusdiklat Pegawai Kementerian Pendidikan, Kebudayaan, Riset, dan Teknologi", "category": "university", "category_display": "Universitas & Kampus", "city_regency": "Kota Tangerang Selatan", "latitude": -6.363113, "longitude": 106.744502, "source_reference": "osm_overpass:way/290295521", "asset_id": "UNIV-0134", "is_buffer": false, "batch_no": 5, "notes": "Hot-Swapped dari buffer UNIV-BUF-006 (pengganti Universitas Darma Persada 404)" }, "geometry": { "type": "Point", "coordinates": [ 106.744502, -6.363113 ] } },
{ "type": "Feature", "properties": { "asset_name": "Fakultas Ilmu Kesehatan UPN Veteran Jakarta Limo", "category": "university", "category_display": "Universitas & Kampus", "city_regency": "Kota Depok", "latitude": -6.354261, "longitude": 106.775276, "source_reference": "osm_overpass:way/300731819", "asset_id": "UNIV-0135", "is_buffer": false, "batch_no": 5, "notes": "Hot-Swapped dari buffer UNIV-BUF-007 (pengganti Sekolah Tinggi Ilmu Komputer Cipta Karya Informatika 404)" }, "geometry": { "type": "Point", "coordinates": [ 106.775276, -6.354261 ] } },
{ "type": "Feature", "properties": { "asset_name": "Pulo Mas Campus", "category": "university", "category_display": "Universitas & Kampus", "city_regency": "Jakarta Timur", "latitude": -6.182942, "longitude": 106.887296, "source_reference": "osm_overpass:way/155958153", "asset_id": "UNIV-0136", "is_buffer": false, "batch_no": 5, "notes": null }, "geometry": { "type": "Point", "coordinates": [ 106.887296, -6.182942 ] } },
{ "type": "Feature", "properties": { "asset_name": "Akademi Sekretari dan Manajemen Don Bosco", "category": "university", "category_display": "Universitas & Kampus", "city_regency": "Jakarta Timur", "latitude": -6.174703, "longitude": 106.88248, "source_reference": "osm_overpass:way/155960698", "asset_id": "UNIV-0137", "is_buffer": false, "batch_no": 5, "notes": null }, "geometry": { "type": "Point", "coordinates": [ 106.88248, -6.174703 ] } },
{ "type": "Feature", "properties": { "asset_name": "Kampus Kesatuan", "category": "university", "category_display": "Universitas & Kampus", "city_regency": "Kota Bogor", "latitude": -6.606604, "longitude": 106.799691, "source_reference": "osm_overpass:way/304211992", "asset_id": "UNIV-0138", "is_buffer": false, "batch_no": 5, "notes": "Hot-Swapped dari buffer UNIV-BUF-008 (pengganti Yayasan Pendidikan Wanita Indonesia-ISWI (Akademi Seni Rupa dan Desain, Akademi Sekretari) 404)" }, "geometry": { "type": "Point", "coordinates": [ 106.799691, -6.606604 ] } },
{ "type": "Feature", "properties": { "asset_name": "Universitas Dirgantara Marsekal Suryadarma", "category": "university", "category_display": "Universitas & Kampus", "city_regency": "Jakarta Timur", "latitude": -6.262643, "longitude": 106.888143, "source_reference": "osm_overpass:way/155963030", "asset_id": "UNIV-0139", "is_buffer": false, "batch_no": 5, "notes": null }, "geometry": { "type": "Point", "coordinates": [ 106.888143, -6.262643 ] } },
{ "type": "Feature", "properties": { "asset_name": "Akademi Kebidanan Al Fathonah", "category": "university", "category_display": "Universitas & Kampus", "city_regency": "Jakarta Timur", "latitude": -6.206504, "longitude": 106.892141, "source_reference": "osm_overpass:way/155963514", "asset_id": "UNIV-0140", "is_buffer": false, "batch_no": 5, "notes": null }, "geometry": { "type": "Point", "coordinates": [ 106.892141, -6.206504 ] } },
{ "type": "Feature", "properties": { "asset_name": "Akademi Kebidanan Mitra Persahabatan", "category": "university", "category_display": "Universitas & Kampus", "city_regency": "Jakarta Timur", "latitude": -6.20496, "longitude": 106.88612, "source_reference": "osm_overpass:way/155963519", "asset_id": "UNIV-0141", "is_buffer": false, "batch_no": 5, "notes": null }, "geometry": { "type": "Point", "coordinates": [ 106.88612, -6.20496 ] } },
{ "type": "Feature", "properties": { "asset_name": "Sekolah Tinggi Ilmu Kesehatan Mitra Ria Husada", "category": "university", "category_display": "Universitas & Kampus", "city_regency": "Kota Depok", "latitude": -6.367277, "longitude": 106.892217, "source_reference": "osm_overpass:way/155964438", "asset_id": "UNIV-0142", "is_buffer": false, "batch_no": 5, "notes": null }, "geometry": { "type": "Point", "coordinates": [ 106.892217, -6.367277 ] } },
{ "type": "Feature", "properties": { "asset_name": "Universitas Mercu Buana", "category": "university", "category_display": "Universitas & Kampus", "city_regency": "Kota Tangerang", "latitude": -6.209628, "longitude": 106.739124, "source_reference": "osm_overpass:way/156922212", "asset_id": "UNIV-0143", "is_buffer": false, "batch_no": 5, "notes": null }, "geometry": { "type": "Point", "coordinates": [ 106.739124, -6.209628 ] } },
{ "type": "Feature", "properties": { "asset_name": "Garuda Indonesia Training Center", "category": "university", "category_display": "Universitas & Kampus", "city_regency": "Kota Tangerang", "latitude": -6.174771, "longitude": 106.72292, "source_reference": "osm_overpass:way/156924031", "asset_id": "UNIV-0144", "is_buffer": false, "batch_no": 5, "notes": null }, "geometry": { "type": "Point", "coordinates": [ 106.72292, -6.174771 ] } },
{ "type": "Feature", "properties": { "asset_name": "STIE IBEK", "category": "university", "category_display": "Universitas & Kampus", "city_regency": "Jakarta Barat", "latitude": -6.17334, "longitude": 106.79743, "source_reference": "osm_overpass:way/156926480", "asset_id": "UNIV-0145", "is_buffer": false, "batch_no": 5, "notes": null }, "geometry": { "type": "Point", "coordinates": [ 106.79743, -6.17334 ] } },
{ "type": "Feature", "properties": { "asset_name": "Kampus Gunadarma", "category": "university", "category_display": "Universitas & Kampus", "city_regency": "Kota Tangerang", "latitude": -6.134466, "longitude": 106.73336, "source_reference": "osm_overpass:way/156928801", "asset_id": "UNIV-0146", "is_buffer": false, "batch_no": 5, "notes": null }, "geometry": { "type": "Point", "coordinates": [ 106.73336, -6.134466 ] } },
{ "type": "Feature", "properties": { "asset_name": "Fakultas Kedokteran Ukrida", "category": "university", "category_display": "Universitas & Kampus", "city_regency": "Jakarta Barat", "latitude": -6.185221, "longitude": 106.780104, "source_reference": "osm_overpass:way/157205905", "asset_id": "UNIV-0147", "is_buffer": false, "batch_no": 5, "notes": null }, "geometry": { "type": "Point", "coordinates": [ 106.780104, -6.185221 ] } },
{ "type": "Feature", "properties": { "asset_name": "Universitas Esa Unggul", "category": "university", "category_display": "Universitas & Kampus", "city_regency": "Jakarta Barat", "latitude": -6.185725, "longitude": 106.778872, "source_reference": "osm_overpass:way/157205932", "asset_id": "UNIV-0148", "is_buffer": false, "batch_no": 5, "notes": null }, "geometry": { "type": "Point", "coordinates": [ 106.778872, -6.185725 ] } },
{ "type": "Feature", "properties": { "asset_name": "Sekolah Tinggi Teologi (STAA)", "category": "university", "category_display": "Universitas & Kampus", "city_regency": "Jakarta Barat", "latitude": -6.169316, "longitude": 106.760533, "source_reference": "osm_overpass:way/157210124", "asset_id": "UNIV-0149", "is_buffer": false, "batch_no": 5, "notes": null }, "geometry": { "type": "Point", "coordinates": [ 106.760533, -6.169316 ] } },
{ "type": "Feature", "properties": { "asset_name": "Akademi Pariwisata Jakarta International Hotels", "category": "university", "category_display": "Universitas & Kampus", "city_regency": "Jakarta Selatan", "latitude": -6.227041, "longitude": 106.813222, "source_reference": "osm_overpass:way/157344786", "asset_id": "UNIV-0150", "is_buffer": false, "batch_no": 5, "notes": null }, "geometry": { "type": "Point", "coordinates": [ 106.813222, -6.227041 ] } },
{ "type": "Feature", "properties": { "asset_name": "Yayasan Pendidikan LIA", "category": "university", "category_display": "Universitas & Kampus", "city_regency": "Jakarta Timur", "latitude": -6.248335, "longitude": 106.859667, "source_reference": "osm_overpass:way/157345590", "asset_id": "UNIV-0151", "is_buffer": false, "batch_no": 5, "notes": null }, "geometry": { "type": "Point", "coordinates": [ 106.859667, -6.248335 ] } },
{ "type": "Feature", "properties": { "asset_name": "STIKOM Interstudi", "category": "university", "category_display": "Universitas & Kampus", "city_regency": "Jakarta Selatan", "latitude": -6.252603, "longitude": 106.798349, "source_reference": "osm_overpass:way/157354425", "asset_id": "UNIV-0152", "is_buffer": false, "batch_no": 5, "notes": null }, "geometry": { "type": "Point", "coordinates": [ 106.798349, -6.252603 ] } },
{ "type": "Feature", "properties": { "asset_name": "Sekolah Tinggi Ilmu Ekonomi Muhammadiyah Jakarta", "category": "university", "category_display": "Universitas & Kampus", "city_regency": "Jakarta Pusat", "latitude": -6.214205, "longitude": 106.843173, "source_reference": "osm_overpass:way/157354604", "asset_id": "UNIV-0153", "is_buffer": false, "batch_no": 5, "notes": null }, "geometry": { "type": "Point", "coordinates": [ 106.843173, -6.214205 ] } },
{ "type": "Feature", "properties": { "asset_name": "Universitas Islam At Tahiriyah", "category": "university", "category_display": "Universitas & Kampus", "city_regency": "Jakarta Timur", "latitude": -6.224196, "longitude": 106.859939, "source_reference": "osm_overpass:way/157355130", "asset_id": "UNIV-0154", "is_buffer": false, "batch_no": 5, "notes": null }, "geometry": { "type": "Point", "coordinates": [ 106.859939, -6.224196 ] } },
{ "type": "Feature", "properties": { "asset_name": "Pasca Sarjana Universitas Brawijaya", "category": "university", "category_display": "Universitas & Kampus", "city_regency": "Jakarta Pusat", "latitude": -6.205943, "longitude": 106.833482, "source_reference": "osm_overpass:way/157358528", "asset_id": "UNIV-0155", "is_buffer": false, "batch_no": 5, "notes": null }, "geometry": { "type": "Point", "coordinates": [ 106.833482, -6.205943 ] } },
{ "type": "Feature", "properties": { "asset_name": "Universitas Krisanti Widya Mandiri", "category": "university", "category_display": "Universitas & Kampus", "city_regency": "Jakarta Timur", "latitude": -6.223485, "longitude": 106.862339, "source_reference": "osm_overpass:way/157360672", "asset_id": "UNIV-0156", "is_buffer": false, "batch_no": 5, "notes": null }, "geometry": { "type": "Point", "coordinates": [ 106.862339, -6.223485 ] } },
{ "type": "Feature", "properties": { "asset_name": "Lembaga Ilmu Pengetahuan Islam & Arab", "category": "university", "category_display": "Universitas & Kampus", "city_regency": "Jakarta Selatan", "latitude": -6.280432, "longitude": 106.827767, "source_reference": "osm_overpass:way/157362118", "asset_id": "UNIV-0157", "is_buffer": false, "batch_no": 5, "notes": null }, "geometry": { "type": "Point", "coordinates": [ 106.827767, -6.280432 ] } },
{ "type": "Feature", "properties": { "asset_name": "Pusdiklat PLN", "category": "university", "category_display": "Universitas & Kampus", "city_regency": "Jakarta Selatan", "latitude": -6.30076, "longitude": 106.818246, "source_reference": "osm_overpass:way/157362155", "asset_id": "UNIV-0158", "is_buffer": false, "batch_no": 5, "notes": null }, "geometry": { "type": "Point", "coordinates": [ 106.818246, -6.30076 ] } },
{ "type": "Feature", "properties": { "asset_name": "STIE Widya Jayakarta", "category": "university", "category_display": "Universitas & Kampus", "city_regency": "Jakarta Timur", "latitude": -6.237673, "longitude": 106.848014, "source_reference": "osm_overpass:way/157362672", "asset_id": "UNIV-0159", "is_buffer": false, "batch_no": 5, "notes": null }, "geometry": { "type": "Point", "coordinates": [ 106.848014, -6.237673 ] } },
{ "type": "Feature", "properties": { "asset_name": "Institut Pemerintahan Dalam Negeri", "category": "university", "category_display": "Universitas & Kampus", "city_regency": "Jakarta Selatan", "latitude": -6.284351, "longitude": 106.817309, "source_reference": "osm_overpass:way/157362739", "asset_id": "UNIV-0160", "is_buffer": false, "batch_no": 5, "notes": null }, "geometry": { "type": "Point", "coordinates": [ 106.817309, -6.284351 ] } },
{ "type": "Feature", "properties": { "asset_name": "BRI Corporate University", "category": "university", "category_display": "Universitas & Kampus", "city_regency": "Jakarta Selatan", "latitude": -6.302669, "longitude": 106.821825, "source_reference": "osm_overpass:way/157363169", "asset_id": "UNIV-0161", "is_buffer": false, "batch_no": 5, "notes": null }, "geometry": { "type": "Point", "coordinates": [ 106.821825, -6.302669 ] } },
{ "type": "Feature", "properties": { "asset_name": "Universitas Trilogi", "category": "university", "category_display": "Universitas & Kampus", "city_regency": "Jakarta Timur", "latitude": -6.253088, "longitude": 106.849052, "source_reference": "osm_overpass:way/157364898", "asset_id": "UNIV-0162", "is_buffer": false, "batch_no": 5, "notes": null }, "geometry": { "type": "Point", "coordinates": [ 106.849052, -6.253088 ] } },
{ "type": "Feature", "properties": { "asset_name": "LP3I", "category": "university", "category_display": "Universitas & Kampus", "city_regency": "Jakarta Timur", "latitude": -6.286621, "longitude": 106.843475, "source_reference": "osm_overpass:way/157365891", "asset_id": "UNIV-0163", "is_buffer": false, "batch_no": 5, "notes": null }, "geometry": { "type": "Point", "coordinates": [ 106.843475, -6.286621 ] } },
{ "type": "Feature", "properties": { "asset_name": "Universitas Nasional", "category": "university", "category_display": "Universitas & Kampus", "city_regency": "Jakarta Timur", "latitude": -6.281287, "longitude": 106.839328, "source_reference": "osm_overpass:way/157365910", "asset_id": "UNIV-0164", "is_buffer": false, "batch_no": 5, "notes": null }, "geometry": { "type": "Point", "coordinates": [ 106.839328, -6.281287 ] } },
{ "type": "Feature", "properties": { "asset_name": "Sekolah Tinggi Perikanan", "category": "university", "category_display": "Universitas & Kampus", "city_regency": "Jakarta Timur", "latitude": -6.295117, "longitude": 106.835683, "source_reference": "osm_overpass:way/157483374", "asset_id": "UNIV-0165", "is_buffer": false, "batch_no": 5, "notes": null }, "geometry": { "type": "Point", "coordinates": [ 106.835683, -6.295117 ] } },
{ "type": "Feature", "properties": { "asset_name": "Universitas Pakuan Fakultas Teknik", "category": "university", "category_display": "Universitas & Kampus", "city_regency": "Kota Bogor", "latitude": -6.598834, "longitude": 106.809699, "source_reference": "osm_overpass:way/158830057", "asset_id": "UNIV-0166", "is_buffer": false, "batch_no": 5, "notes": null }, "geometry": { "type": "Point", "coordinates": [ 106.809699, -6.598834 ] } },
{ "type": "Feature", "properties": { "asset_name": "STIKOM", "category": "university", "category_display": "Universitas & Kampus", "city_regency": "Kota Bogor", "latitude": -6.593295, "longitude": 106.789847, "source_reference": "osm_overpass:way/159312060", "asset_id": "UNIV-0167", "is_buffer": false, "batch_no": 5, "notes": null }, "geometry": { "type": "Point", "coordinates": [ 106.789847, -6.593295 ] } },
{ "type": "Feature", "properties": { "asset_name": "Universitas Trisakti", "category": "university", "category_display": "Universitas & Kampus", "city_regency": "Kab. Bogor", "latitude": -6.564823, "longitude": 106.855673, "source_reference": "osm_overpass:way/161929875", "asset_id": "UNIV-0168", "is_buffer": false, "batch_no": 5, "notes": null }, "geometry": { "type": "Point", "coordinates": [ 106.855673, -6.564823 ] } },
{ "type": "Feature", "properties": { "asset_name": "Universitas Pamulang", "category": "university", "category_display": "Universitas & Kampus", "city_regency": "Kota Tangerang Selatan", "latitude": -6.344484, "longitude": 106.73705, "source_reference": "osm_overpass:way/162216830", "asset_id": "UNIV-0169", "is_buffer": false, "batch_no": 5, "notes": null }, "geometry": { "type": "Point", "coordinates": [ 106.73705, -6.344484 ] } },
{ "type": "Feature", "properties": { "asset_name": "UBS Business School", "category": "university", "category_display": "Universitas & Kampus", "city_regency": "Jakarta Selatan", "latitude": -6.285525, "longitude": 106.796126, "source_reference": "osm_overpass:way/166318524", "asset_id": "UNIV-0170", "is_buffer": false, "batch_no": 5, "notes": null }, "geometry": { "type": "Point", "coordinates": [ 106.796126, -6.285525 ] } },
{ "type": "Feature", "properties": { "asset_name": "Universitas Multimedia Nusantara", "category": "university", "category_display": "Universitas & Kampus", "city_regency": "Kota Tangerang Selatan", "latitude": -6.257745, "longitude": 106.618703, "source_reference": "osm_overpass:way/166911619", "asset_id": "UNIV-0171", "is_buffer": false, "batch_no": 5, "notes": null }, "geometry": { "type": "Point", "coordinates": [ 106.618703, -6.257745 ] } },
{ "type": "Feature", "properties": { "asset_name": "Bina Sarana Informatika Bogor", "category": "university", "category_display": "Universitas & Kampus", "city_regency": "Kota Bogor", "latitude": -6.583611, "longitude": 106.788264, "source_reference": "osm_overpass:way/168096397", "asset_id": "UNIV-0172", "is_buffer": false, "batch_no": 5, "notes": null }, "geometry": { "type": "Point", "coordinates": [ 106.788264, -6.583611 ] } },
{ "type": "Feature", "properties": { "asset_name": "Politeknik Swadharma", "category": "university", "category_display": "Universitas & Kampus", "city_regency": "Kota Depok", "latitude": -6.34629, "longitude": 106.75106, "source_reference": "osm_overpass:way/174094685", "asset_id": "UNIV-0173", "is_buffer": false, "batch_no": 5, "notes": null }, "geometry": { "type": "Point", "coordinates": [ 106.75106, -6.34629 ] } },
{ "type": "Feature", "properties": { "asset_name": "Gedung O, Laboratorium Terpadu Pusat Unggulan Teknologi", "category": "university", "category_display": "Universitas & Kampus", "city_regency": "Kota Depok", "latitude": -6.372712, "longitude": 106.826119, "source_reference": "osm_overpass:way/195979165", "asset_id": "UNIV-0174", "is_buffer": false, "batch_no": 5, "notes": null }, "geometry": { "type": "Point", "coordinates": [ 106.826119, -6.372712 ] } },
{ "type": "Feature", "properties": { "asset_name": "Kampus Busnis Umar Usman", "category": "university", "category_display": "Universitas & Kampus", "city_regency": "Jakarta Selatan", "latitude": -6.285081, "longitude": 106.826765, "source_reference": "osm_overpass:way/227728830", "asset_id": "UNIV-0175", "is_buffer": false, "batch_no": 5, "notes": null }, "geometry": { "type": "Point", "coordinates": [ 106.826765, -6.285081 ] } },
{ "type": "Feature", "properties": { "asset_name": "STMIK Jakarta STI & K", "category": "university", "category_display": "Universitas & Kampus", "city_regency": "Jakarta Selatan", "latitude": -6.2587, "longitude": 106.792324, "source_reference": "osm_overpass:way/311574604", "asset_id": "UNIV-0176", "is_buffer": false, "batch_no": 5, "notes": "Hot-Swapped dari buffer UNIV-BUF-009 (pengganti Universitas Muhammadiyah Indonesia 404)" }, "geometry": { "type": "Point", "coordinates": [ 106.792324, -6.2587 ] } },
{ "type": "Feature", "properties": { "asset_name": "Binus University", "category": "university", "category_display": "Universitas & Kampus", "city_regency": "Jakarta Selatan", "latitude": -6.228886, "longitude": 106.79677, "source_reference": "osm_overpass:way/228066447", "asset_id": "UNIV-0177", "is_buffer": false, "batch_no": 5, "notes": null }, "geometry": { "type": "Point", "coordinates": [ 106.79677, -6.228886 ] } },
{ "type": "Feature", "properties": { "asset_name": "Akademi Kebidanan", "category": "university", "category_display": "Universitas & Kampus", "city_regency": "Jakarta Selatan", "latitude": -6.297503, "longitude": 106.795978, "source_reference": "osm_overpass:way/229557763", "asset_id": "UNIV-0178", "is_buffer": false, "batch_no": 5, "notes": null }, "geometry": { "type": "Point", "coordinates": [ 106.795978, -6.297503 ] } },
{ "type": "Feature", "properties": { "asset_name": "Binus ASO School of Engineering", "category": "university", "category_display": "Universitas & Kampus", "city_regency": "Kota Tangerang", "latitude": -6.240735, "longitude": 106.65762, "source_reference": "osm_overpass:way/230078479", "asset_id": "UNIV-0179", "is_buffer": false, "batch_no": 5, "notes": null }, "geometry": { "type": "Point", "coordinates": [ 106.65762, -6.240735 ] } },
{ "type": "Feature", "properties": { "asset_name": "Universitas Mercubuana", "category": "university", "category_display": "Universitas & Kampus", "city_regency": "Jakarta Selatan", "latitude": -6.277368, "longitude": 106.829246, "source_reference": "osm_overpass:way/235269697", "asset_id": "UNIV-0180", "is_buffer": false, "batch_no": 5, "notes": null }, "geometry": { "type": "Point", "coordinates": [ 106.829246, -6.277368 ] } },
{ "type": "Feature", "properties": { "asset_name": "Rumah Sakit Pelita Harapan", "category": "hospital", "category_display": "Rumah Sakit & Fasilitas Medis", "city_regency": "Jakarta Barat", "latitude": -6.169822, "longitude": 106.78371, "source_reference": "hospitals_jakarta.gpkg:5673769081", "asset_id": "RS-0001", "is_buffer": false, "batch_no": 5, "notes": null }, "geometry": { "type": "Point", "coordinates": [ 106.78371, -6.169822 ] } },
{ "type": "Feature", "properties": { "asset_name": "Dentista", "category": "hospital", "category_display": "Rumah Sakit & Fasilitas Medis", "city_regency": "Jakarta Timur", "latitude": -6.285495, "longitude": 106.833556, "source_reference": "hospitals_jakarta.gpkg:5751013085", "asset_id": "RS-0002", "is_buffer": false, "batch_no": 5, "notes": null }, "geometry": { "type": "Point", "coordinates": [ 106.833556, -6.285495 ] } },
{ "type": "Feature", "properties": { "asset_name": "Puskesmas Kecamatan Jagakarsa", "category": "hospital", "category_display": "Rumah Sakit & Fasilitas Medis", "city_regency": "Kota Depok", "latitude": -6.336545, "longitude": 106.817367, "source_reference": "hospitals_jakarta.gpkg:5903905786", "asset_id": "RS-0003", "is_buffer": false, "batch_no": 5, "notes": null }, "geometry": { "type": "Point", "coordinates": [ 106.817367, -6.336545 ] } },
{ "type": "Feature", "properties": { "asset_name": "Rumah Sakit Ketergantungan Obat", "category": "hospital", "category_display": "Rumah Sakit & Fasilitas Medis", "city_regency": "Kota Depok", "latitude": -6.346958, "longitude": 106.872448, "source_reference": "hospitals_jakarta.gpkg:5994596682", "asset_id": "RS-0004", "is_buffer": false, "batch_no": 5, "notes": null }, "geometry": { "type": "Point", "coordinates": [ 106.872448, -6.346958 ] } },
{ "type": "Feature", "properties": { "asset_name": "RSUD TARAKAN JAKARTA", "category": "hospital", "category_display": "Rumah Sakit & Fasilitas Medis", "city_regency": "Jakarta Pusat", "latitude": -6.171551, "longitude": 106.810246, "source_reference": "hospitals_jakarta.gpkg:6210541001", "asset_id": "RS-0005", "is_buffer": false, "batch_no": 5, "notes": null }, "geometry": { "type": "Point", "coordinates": [ 106.810246, -6.171551 ] } },
{ "type": "Feature", "properties": { "asset_name": "RSUD Tarakan", "category": "hospital", "category_display": "Rumah Sakit & Fasilitas Medis", "city_regency": "Jakarta Pusat", "latitude": -6.172305, "longitude": 106.810602, "source_reference": "hospitals_jakarta.gpkg:6210541003", "asset_id": "RS-0006", "is_buffer": false, "batch_no": 5, "notes": null }, "geometry": { "type": "Point", "coordinates": [ 106.810602, -6.172305 ] } },
{ "type": "Feature", "properties": { "asset_name": "Emergency", "category": "hospital", "category_display": "Rumah Sakit & Fasilitas Medis", "city_regency": "Jakarta Pusat", "latitude": -6.180435, "longitude": 106.81813, "source_reference": "hospitals_jakarta.gpkg:6239456587", "asset_id": "RS-0007", "is_buffer": false, "batch_no": 5, "notes": null }, "geometry": { "type": "Point", "coordinates": [ 106.81813, -6.180435 ] } },
{ "type": "Feature", "properties": { "asset_name": "RSIA Tambak", "category": "hospital", "category_display": "Rumah Sakit & Fasilitas Medis", "city_regency": "Jakarta Pusat", "latitude": -6.206253, "longitude": 106.848603, "source_reference": "hospitals_jakarta.gpkg:6249775451", "asset_id": "RS-0008", "is_buffer": false, "batch_no": 5, "notes": null }, "geometry": { "type": "Point", "coordinates": [ 106.848603, -6.206253 ] } },
{ "type": "Feature", "properties": { "asset_name": "apotik & Lab Muara Karang", "category": "hospital", "category_display": "Rumah Sakit & Fasilitas Medis", "city_regency": "Jakarta Utara", "latitude": -6.115553, "longitude": 106.780768, "source_reference": "hospitals_jakarta.gpkg:8244411780", "asset_id": "RS-0009", "is_buffer": false, "batch_no": 5, "notes": null }, "geometry": { "type": "Point", "coordinates": [ 106.780768, -6.115553 ] } },
{ "type": "Feature", "properties": { "asset_name": "GETHealthy Clinic", "category": "hospital", "category_display": "Rumah Sakit & Fasilitas Medis", "city_regency": "Kota Tangerang", "latitude": -6.124773, "longitude": 106.711151, "source_reference": "hospitals_jakarta.gpkg:8367863494", "asset_id": "RS-0010", "is_buffer": false, "batch_no": 5, "notes": null }, "geometry": { "type": "Point", "coordinates": [ 106.711151, -6.124773 ] } },
{ "type": "Feature", "properties": { "asset_name": "Rumah Sakit Ibu dan Anak Ibnu Sina", "category": "hospital", "category_display": "Rumah Sakit & Fasilitas Medis", "city_regency": "Jakarta Barat", "latitude": -6.160403, "longitude": 106.796069, "source_reference": "hospitals_jakarta.gpkg:9064896760", "asset_id": "RS-0011", "is_buffer": false, "batch_no": 5, "notes": null }, "geometry": { "type": "Point", "coordinates": [ 106.796069, -6.160403 ] } },
{ "type": "Feature", "properties": { "asset_name": "RSUD KEBAYORAN BARU", "category": "hospital", "category_display": "Rumah Sakit & Fasilitas Medis", "city_regency": "Jakarta Selatan", "latitude": -6.268838, "longitude": 106.79655, "source_reference": "hospitals_jakarta.gpkg:9531931749", "asset_id": "RS-0012", "is_buffer": false, "batch_no": 5, "notes": null }, "geometry": { "type": "Point", "coordinates": [ 106.79655, -6.268838 ] } },
{ "type": "Feature", "properties": { "asset_name": "Klinik SouthernUK", "category": "hospital", "category_display": "Rumah Sakit & Fasilitas Medis", "city_regency": "Jakarta Timur", "latitude": -6.207876, "longitude": 106.867539, "source_reference": "hospitals_jakarta.gpkg:10554018661", "asset_id": "RS-0013", "is_buffer": false, "batch_no": 5, "notes": null }, "geometry": { "type": "Point", "coordinates": [ 106.867539, -6.207876 ] } },
{ "type": "Feature", "properties": { "asset_name": "Puskesmas Kecamatan Senen Kramat Baru", "category": "hospital", "category_display": "Rumah Sakit & Fasilitas Medis", "city_regency": "Jakarta Pusat", "latitude": -6.182342, "longitude": 106.844222, "source_reference": "hospitals_jakarta.gpkg:10746436417", "asset_id": "RS-0014", "is_buffer": false, "batch_no": 5, "notes": null }, "geometry": { "type": "Point", "coordinates": [ 106.844222, -6.182342 ] } },
{ "type": "Feature", "properties": { "asset_name": "Ocean Dental Tebet", "category": "hospital", "category_display": "Rumah Sakit & Fasilitas Medis", "city_regency": "Jakarta Timur", "latitude": -6.228288, "longitude": 106.855462, "source_reference": "hospitals_jakarta.gpkg:10758124598", "asset_id": "RS-0015", "is_buffer": false, "batch_no": 5, "notes": null }, "geometry": { "type": "Point", "coordinates": [ 106.855462, -6.228288 ] } },
{ "type": "Feature", "properties": { "asset_name": "Dermaster Pakubuwono", "category": "hospital", "category_display": "Rumah Sakit & Fasilitas Medis", "city_regency": "Jakarta Selatan", "latitude": -6.240603, "longitude": 106.787919, "source_reference": "hospitals_jakarta.gpkg:11285959508", "asset_id": "RS-0016", "is_buffer": false, "batch_no": 5, "notes": null }, "geometry": { "type": "Point", "coordinates": [ 106.787919, -6.240603 ] } },
{ "type": "Feature", "properties": { "asset_name": "Rumah Sakit Ibu dan Anak Aries", "category": "hospital", "category_display": "Rumah Sakit & Fasilitas Medis", "city_regency": "Jakarta Utara", "latitude": -6.157636, "longitude": 106.809994, "source_reference": "hospitals_jakarta.gpkg:11578451908", "asset_id": "RS-0017", "is_buffer": false, "batch_no": 5, "notes": null }, "geometry": { "type": "Point", "coordinates": [ 106.809994, -6.157636 ] } },
{ "type": "Feature", "properties": { "asset_name": "RS FIRDAUS", "category": "hospital", "category_display": "Rumah Sakit & Fasilitas Medis", "city_regency": "Jakarta Utara", "latitude": -6.156138, "longitude": 106.923068, "source_reference": "hospitals_jakarta.gpkg:11778237962", "asset_id": "RS-0018", "is_buffer": false, "batch_no": 5, "notes": null }, "geometry": { "type": "Point", "coordinates": [ 106.923068, -6.156138 ] } },
{ "type": "Feature", "properties": { "asset_name": "RS YARSI JAKARTA", "category": "hospital", "category_display": "Rumah Sakit & Fasilitas Medis", "city_regency": "Jakarta Timur", "latitude": -6.16984, "longitude": 106.869049, "source_reference": "hospitals_jakarta.gpkg:11878621854", "asset_id": "RS-0019", "is_buffer": false, "batch_no": 5, "notes": null }, "geometry": { "type": "Point", "coordinates": [ 106.869049, -6.16984 ] } },
{ "type": "Feature", "properties": { "asset_name": "RSU SUMBER WARAS", "category": "hospital", "category_display": "Rumah Sakit & Fasilitas Medis", "city_regency": "Jakarta Barat", "latitude": -6.168662, "longitude": 106.797626, "source_reference": "hospitals_jakarta.gpkg:11878633338", "asset_id": "RS-0020", "is_buffer": false, "batch_no": 5, "notes": null }, "geometry": { "type": "Point", "coordinates": [ 106.797626, -6.168662 ] } },
{ "type": "Feature", "properties": { "asset_name": "RSUD KALIDERES", "category": "hospital", "category_display": "Rumah Sakit & Fasilitas Medis", "city_regency": "Kota Tangerang", "latitude": -6.146181, "longitude": 106.708229, "source_reference": "hospitals_jakarta.gpkg:11878641454", "asset_id": "RS-0021", "is_buffer": false, "batch_no": 5, "notes": null }, "geometry": { "type": "Point", "coordinates": [ 106.708229, -6.146181 ] } },
{ "type": "Feature", "properties": { "asset_name": "RS SILOAM KEBON JERUK", "category": "hospital", "category_display": "Rumah Sakit & Fasilitas Medis", "city_regency": "Jakarta Barat", "latitude": -6.190839, "longitude": 106.763723, "source_reference": "hospitals_jakarta.gpkg:11878659444", "asset_id": "RS-0022", "is_buffer": false, "batch_no": 5, "notes": null }, "geometry": { "type": "Point", "coordinates": [ 106.763723, -6.190839 ] } },
{ "type": "Feature", "properties": { "asset_name": "RS MEDIKA PERMATA HIJAU", "category": "hospital", "category_display": "Rumah Sakit & Fasilitas Medis", "city_regency": "Jakarta Barat", "latitude": -6.218171, "longitude": 106.778025, "source_reference": "hospitals_jakarta.gpkg:11878675946", "asset_id": "RS-0023", "is_buffer": false, "batch_no": 5, "notes": null }, "geometry": { "type": "Point", "coordinates": [ 106.778025, -6.218171 ] } },
{ "type": "Feature", "properties": { "asset_name": "RSUD TAMAN SARI", "category": "hospital", "category_display": "Rumah Sakit & Fasilitas Medis", "city_regency": "Jakarta Utara", "latitude": -6.143789, "longitude": 106.819198, "source_reference": "hospitals_jakarta.gpkg:11878676583", "asset_id": "RS-0024", "is_buffer": false, "batch_no": 5, "notes": null }, "geometry": { "type": "Point", "coordinates": [ 106.819198, -6.143789 ] } },
{ "type": "Feature", "properties": { "asset_name": "RS CIPUTRA CITRAGARDEN CITY", "category": "hospital", "category_display": "Rumah Sakit & Fasilitas Medis", "city_regency": "Kota Tangerang", "latitude": -6.123089, "longitude": 106.704998, "source_reference": "hospitals_jakarta.gpkg:11878679140", "asset_id": "RS-0025", "is_buffer": false, "batch_no": 5, "notes": null }, "geometry": { "type": "Point", "coordinates": [ 106.704998, -6.123089 ] } },
{ "type": "Feature", "properties": { "asset_name": "RS MENTENG MITRA AFIA", "category": "hospital", "category_display": "Rumah Sakit & Fasilitas Medis", "city_regency": "Jakarta Pusat", "latitude": -6.186935, "longitude": 106.838375, "source_reference": "hospitals_jakarta.gpkg:11878683364", "asset_id": "RS-0026", "is_buffer": false, "batch_no": 5, "notes": null }, "geometry": { "type": "Point", "coordinates": [ 106.838375, -6.186935 ] } },
{ "type": "Feature", "properties": { "asset_name": "RS HERMINA DAAN MOGOT", "category": "hospital", "category_display": "Rumah Sakit & Fasilitas Medis", "city_regency": "Kota Tangerang", "latitude": -6.152934, "longitude": 106.712303, "source_reference": "hospitals_jakarta.gpkg:11878684983", "asset_id": "RS-0027", "is_buffer": false, "batch_no": 5, "notes": null }, "geometry": { "type": "Point", "coordinates": [ 106.712303, -6.152934 ] } },
{ "type": "Feature", "properties": { "asset_name": "RS BHAKTI MULIA", "category": "hospital", "category_display": "Rumah Sakit & Fasilitas Medis", "city_regency": "Jakarta Barat", "latitude": -6.199587, "longitude": 106.800539, "source_reference": "hospitals_jakarta.gpkg:11878686074", "asset_id": "RS-0028", "is_buffer": false, "batch_no": 5, "notes": null }, "geometry": { "type": "Point", "coordinates": [ 106.800539, -6.199587 ] } },
{ "type": "Feature", "properties": { "asset_name": "RS ANGGREK MAS", "category": "hospital", "category_display": "Rumah Sakit & Fasilitas Medis", "city_regency": "Jakarta Barat", "latitude": -6.203031, "longitude": 106.772684, "source_reference": "hospitals_jakarta.gpkg:11878687400", "asset_id": "RS-0029", "is_buffer": false, "batch_no": 5, "notes": null }, "geometry": { "type": "Point", "coordinates": [ 106.772684, -6.203031 ] } },
{ "type": "Feature", "properties": { "asset_name": "RS ISLAM JAKARTA CEMPAKA PUTIH", "category": "hospital", "category_display": "Rumah Sakit & Fasilitas Medis", "city_regency": "Jakarta Timur", "latitude": -6.170348, "longitude": 106.871128, "source_reference": "hospitals_jakarta.gpkg:11878689318", "asset_id": "RS-0030", "is_buffer": false, "batch_no": 5, "notes": null }, "geometry": { "type": "Point", "coordinates": [ 106.871128, -6.170348 ] } },
{ "type": "Feature", "properties": { "asset_name": "RSUD CEMPAKA PUTIH", "category": "hospital", "category_display": "Rumah Sakit & Fasilitas Medis", "city_regency": "Jakarta Timur", "latitude": -6.184668, "longitude": 106.872399, "source_reference": "hospitals_jakarta.gpkg:11878691259", "asset_id": "RS-0031", "is_buffer": false, "batch_no": 5, "notes": null }, "geometry": { "type": "Point", "coordinates": [ 106.872399, -6.184668 ] } },
{ "type": "Feature", "properties": { "asset_name": "RS PELNI PETAMBURAN", "category": "hospital", "category_display": "Rumah Sakit & Fasilitas Medis", "city_regency": "Jakarta Barat", "latitude": -6.193192, "longitude": 106.80369, "source_reference": "hospitals_jakarta.gpkg:11878691282", "asset_id": "RS-0032", "is_buffer": false, "batch_no": 5, "notes": null }, "geometry": { "type": "Point", "coordinates": [ 106.80369, -6.193192 ] } },
{ "type": "Feature", "properties": { "asset_name": "RSUD JOHOR BARU", "category": "hospital", "category_display": "Rumah Sakit & Fasilitas Medis", "city_regency": "Jakarta Pusat", "latitude": -6.181836, "longitude": 106.850466, "source_reference": "hospitals_jakarta.gpkg:11878695701", "asset_id": "RS-0033", "is_buffer": false, "batch_no": 5, "notes": null }, "geometry": { "type": "Point", "coordinates": [ 106.850466, -6.181836 ] } },
{ "type": "Feature", "properties": { "asset_name": "RS PRIMAYA PGI CIKINI", "category": "hospital", "category_display": "Rumah Sakit & Fasilitas Medis", "city_regency": "Jakarta Pusat", "latitude": -6.1914, "longitude": 106.841906, "source_reference": "hospitals_jakarta.gpkg:11878695836", "asset_id": "RS-0034", "is_buffer": false, "batch_no": 5, "notes": null }, "geometry": { "type": "Point", "coordinates": [ 106.841906, -6.1914 ] } },
{ "type": "Feature", "properties": { "asset_name": "RSU PURI INDAH PONDOK INDAH", "category": "hospital", "category_display": "Rumah Sakit & Fasilitas Medis", "city_regency": "Kota Tangerang", "latitude": -6.185989, "longitude": 106.735319, "source_reference": "hospitals_jakarta.gpkg:11878697704", "asset_id": "RS-0035", "is_buffer": false, "batch_no": 5, "notes": null }, "geometry": { "type": "Point", "coordinates": [ 106.735319, -6.185989 ] } },
{ "type": "Feature", "properties": { "asset_name": "RS GRHA KEDOYA", "category": "hospital", "category_display": "Rumah Sakit & Fasilitas Medis", "city_regency": "Jakarta Barat", "latitude": -6.168367, "longitude": 106.765141, "source_reference": "hospitals_jakarta.gpkg:11878701669", "asset_id": "RS-0036", "is_buffer": false, "batch_no": 5, "notes": null }, "geometry": { "type": "Point", "coordinates": [ 106.765141, -6.168367 ] } },
{ "type": "Feature", "properties": { "asset_name": "RS MANUELA", "category": "hospital", "category_display": "Rumah Sakit & Fasilitas Medis", "city_regency": "Jakarta Utara", "latitude": -6.150441, "longitude": 106.825941, "source_reference": "hospitals_jakarta.gpkg:11878701671", "asset_id": "RS-0037", "is_buffer": false, "batch_no": 5, "notes": null }, "geometry": { "type": "Point", "coordinates": [ 106.825941, -6.150441 ] } },
{ "type": "Feature", "properties": { "asset_name": "RSU PATRIA JAKARTA", "category": "hospital", "category_display": "Rumah Sakit & Fasilitas Medis", "city_regency": "Jakarta Barat", "latitude": -6.197312, "longitude": 106.792644, "source_reference": "hospitals_jakarta.gpkg:11878704271", "asset_id": "RS-0038", "is_buffer": false, "batch_no": 5, "notes": null }, "geometry": { "type": "Point", "coordinates": [ 106.792644, -6.197312 ] } },
{ "type": "Feature", "properties": { "asset_name": "RSUD ABDI WALUYO", "category": "hospital", "category_display": "Rumah Sakit & Fasilitas Medis", "city_regency": "Jakarta Pusat", "latitude": -6.189812, "longitude": 106.829343, "source_reference": "hospitals_jakarta.gpkg:11878704833", "asset_id": "RS-0039", "is_buffer": false, "batch_no": 5, "notes": null }, "geometry": { "type": "Point", "coordinates": [ 106.829343, -6.189812 ] } },
{ "type": "Feature", "properties": { "asset_name": "RSU ROYAL TARUMA", "category": "hospital", "category_display": "Rumah Sakit & Fasilitas Medis", "city_regency": "Jakarta Barat", "latitude": -6.166535, "longitude": 106.785231, "source_reference": "hospitals_jakarta.gpkg:11878706387", "asset_id": "RS-0040", "is_buffer": false, "batch_no": 5, "notes": null }, "geometry": { "type": "Point", "coordinates": [ 106.785231, -6.166535 ] } },
{ "type": "Feature", "properties": { "asset_name": "RSUD TANAH ABANG", "category": "hospital", "category_display": "Rumah Sakit & Fasilitas Medis", "city_regency": "Jakarta Pusat", "latitude": -6.191055, "longitude": 106.814455, "source_reference": "hospitals_jakarta.gpkg:11878707065", "asset_id": "RS-0041", "is_buffer": false, "batch_no": 5, "notes": null }, "geometry": { "type": "Point", "coordinates": [ 106.814455, -6.191055 ] } },
{ "type": "Feature", "properties": { "asset_name": "RSUD KEMAYORAN", "category": "hospital", "category_display": "Rumah Sakit & Fasilitas Medis", "city_regency": "Jakarta Utara", "latitude": -6.156712, "longitude": 106.863772, "source_reference": "hospitals_jakarta.gpkg:11878707089", "asset_id": "RS-0042", "is_buffer": false, "batch_no": 5, "notes": null }, "geometry": { "type": "Point", "coordinates": [ 106.863772, -6.156712 ] } },
{ "type": "Feature", "properties": { "asset_name": "RS PERTAMINA JAYA", "category": "hospital", "category_display": "Rumah Sakit & Fasilitas Medis", "city_regency": "Jakarta Timur", "latitude": -6.173139, "longitude": 106.875864, "source_reference": "hospitals_jakarta.gpkg:11878708199", "asset_id": "RS-0043", "is_buffer": false, "batch_no": 5, "notes": null }, "geometry": { "type": "Point", "coordinates": [ 106.875864, -6.173139 ] } },
{ "type": "Feature", "properties": { "asset_name": "RS PRIMAYA EVASARI", "category": "hospital", "category_display": "Rumah Sakit & Fasilitas Medis", "city_regency": "Jakarta Pusat", "latitude": -6.193561, "longitude": 106.859863, "source_reference": "hospitals_jakarta.gpkg:11878709433", "asset_id": "RS-0044", "is_buffer": false, "batch_no": 5, "notes": null }, "geometry": { "type": "Point", "coordinates": [ 106.859863, -6.193561 ] } },
{ "type": "Feature", "properties": { "asset_name": "RSAL dr. MINTOHARDJO", "category": "hospital", "category_display": "Rumah Sakit & Fasilitas Medis", "city_regency": "Jakarta Pusat", "latitude": -6.210884, "longitude": 106.811964, "source_reference": "hospitals_jakarta.gpkg:11878714650", "asset_id": "RS-0045", "is_buffer": false, "batch_no": 5, "notes": null }, "geometry": { "type": "Point", "coordinates": [ 106.811964, -6.210884 ] } },
{ "type": "Feature", "properties": { "asset_name": "RSUD SAWAH BESAR", "category": "hospital", "category_display": "Rumah Sakit & Fasilitas Medis", "city_regency": "Jakarta Utara", "latitude": -6.148903, "longitude": 106.829822, "source_reference": "hospitals_jakarta.gpkg:11878716743", "asset_id": "RS-0046", "is_buffer": false, "batch_no": 5, "notes": null }, "geometry": { "type": "Point", "coordinates": [ 106.829822, -6.148903 ] } },
{ "type": "Feature", "properties": { "asset_name": "RS MITRA KELUARGA KEMAYORAN", "category": "hospital", "category_display": "Rumah Sakit & Fasilitas Medis", "city_regency": "Jakarta Utara", "latitude": -6.152112, "longitude": 106.858596, "source_reference": "hospitals_jakarta.gpkg:11878718495", "asset_id": "RS-0047", "is_buffer": false, "batch_no": 5, "notes": null }, "geometry": { "type": "Point", "coordinates": [ 106.858596, -6.152112 ] } },
{ "type": "Feature", "properties": { "asset_name": "RS ST. CAROLUS", "category": "hospital", "category_display": "Rumah Sakit & Fasilitas Medis", "city_regency": "Jakarta Pusat", "latitude": -6.195835, "longitude": 106.85176, "source_reference": "hospitals_jakarta.gpkg:11878722409", "asset_id": "RS-0048", "is_buffer": false, "batch_no": 5, "notes": null }, "geometry": { "type": "Point", "coordinates": [ 106.85176, -6.195835 ] } },
{ "type": "Feature", "properties": { "asset_name": "RS HERMINA KEMAYORAN", "category": "hospital", "category_display": "Rumah Sakit & Fasilitas Medis", "city_regency": "Jakarta Utara", "latitude": -6.154224, "longitude": 106.845684, "source_reference": "hospitals_jakarta.gpkg:11878725578", "asset_id": "RS-0049", "is_buffer": false, "batch_no": 5, "notes": null }, "geometry": { "type": "Point", "coordinates": [ 106.845684, -6.154224 ] } },
{ "type": "Feature", "properties": { "asset_name": "RS RADJAK SALEMBA", "category": "hospital", "category_display": "Rumah Sakit & Fasilitas Medis", "city_regency": "Jakarta Pusat", "latitude": -6.193653, "longitude": 106.852045, "source_reference": "hospitals_jakarta.gpkg:11878731552", "asset_id": "RS-0050", "is_buffer": false, "batch_no": 5, "notes": null }, "geometry": { "type": "Point", "coordinates": [ 106.852045, -6.193653 ] } },
{ "type": "Feature", "properties": { "asset_name": "RS KRAMAT 128", "category": "hospital", "category_display": "Rumah Sakit & Fasilitas Medis", "city_regency": "Jakarta Pusat", "latitude": -6.18561, "longitude": 106.843966, "source_reference": "hospitals_jakarta.gpkg:11878734766", "asset_id": "RS-0051", "is_buffer": false, "batch_no": 5, "notes": null }, "geometry": { "type": "Point", "coordinates": [ 106.843966, -6.18561 ] } },
{ "type": "Feature", "properties": { "asset_name": "RSUD JAGAKARSA", "category": "hospital", "category_display": "Rumah Sakit & Fasilitas Medis", "city_regency": "Jakarta Selatan", "latitude": -6.316176, "longitude": 106.811363, "source_reference": "hospitals_jakarta.gpkg:11878742555", "asset_id": "RS-0052", "is_buffer": false, "batch_no": 5, "notes": null }, "geometry": { "type": "Point", "coordinates": [ 106.811363, -6.316176 ] } },
{ "type": "Feature", "properties": { "asset_name": "RS MURNI TEGUH SUDIRMAN JAKARTA", "category": "hospital", "category_display": "Rumah Sakit & Fasilitas Medis", "city_regency": "Jakarta Pusat", "latitude": -6.209528, "longitude": 106.819333, "source_reference": "hospitals_jakarta.gpkg:11878744028", "asset_id": "RS-0053", "is_buffer": false, "batch_no": 5, "notes": null }, "geometry": { "type": "Point", "coordinates": [ 106.819333, -6.209528 ] } },
{ "type": "Feature", "properties": { "asset_name": "RSUD PESANGGRAHAN", "category": "hospital", "category_display": "Rumah Sakit & Fasilitas Medis", "city_regency": "Jakarta Selatan", "latitude": -6.258132, "longitude": 106.756713, "source_reference": "hospitals_jakarta.gpkg:11878745952", "asset_id": "RS-0054", "is_buffer": false, "batch_no": 5, "notes": null }, "geometry": { "type": "Point", "coordinates": [ 106.756713, -6.258132 ] } },
{ "type": "Feature", "properties": { "asset_name": "RSUD TEBET", "category": "hospital", "category_display": "Rumah Sakit & Fasilitas Medis", "city_regency": "Jakarta Timur", "latitude": -6.231637, "longitude": 106.84668, "source_reference": "hospitals_jakarta.gpkg:11878753760", "asset_id": "RS-0055", "is_buffer": false, "batch_no": 5, "notes": null }, "geometry": { "type": "Point", "coordinates": [ 106.84668, -6.231637 ] } },
{ "type": "Feature", "properties": { "asset_name": "RS HUSADA", "category": "hospital", "category_display": "Rumah Sakit & Fasilitas Medis", "city_regency": "Jakarta Utara", "latitude": -6.147323, "longitude": 106.829046, "source_reference": "hospitals_jakarta.gpkg:11878754351", "asset_id": "RS-0056", "is_buffer": false, "batch_no": 5, "notes": null }, "geometry": { "type": "Point", "coordinates": [ 106.829046, -6.147323 ] } },
{ "type": "Feature", "properties": { "asset_name": "RSUD JATI PADANG", "category": "hospital", "category_display": "Rumah Sakit & Fasilitas Medis", "city_regency": "Jakarta Timur", "latitude": -6.285502, "longitude": 106.84231, "source_reference": "hospitals_jakarta.gpkg:11878763169", "asset_id": "RS-0057", "is_buffer": false, "batch_no": 5, "notes": null }, "geometry": { "type": "Point", "coordinates": [ 106.84231, -6.285502 ] } },
{ "type": "Feature", "properties": { "asset_name": "RSUD KEBAYORAN LAMA", "category": "hospital", "category_display": "Rumah Sakit & Fasilitas Medis", "city_regency": "Jakarta Selatan", "latitude": -6.248706, "longitude": 106.785659, "source_reference": "hospitals_jakarta.gpkg:11878763188", "asset_id": "RS-0058", "is_buffer": false, "batch_no": 5, "notes": null }, "geometry": { "type": "Point", "coordinates": [ 106.785659, -6.248706 ] } },
{ "type": "Feature", "properties": { "asset_name": "RSUD MAMPANG PRAPATAN", "category": "hospital", "category_display": "Rumah Sakit & Fasilitas Medis", "city_regency": "Jakarta Selatan", "latitude": -6.240465, "longitude": 106.826964, "source_reference": "hospitals_jakarta.gpkg:11878766162", "asset_id": "RS-0059", "is_buffer": false, "batch_no": 5, "notes": null }, "geometry": { "type": "Point", "coordinates": [ 106.826964, -6.240465 ] } },
{ "type": "Feature", "properties": { "asset_name": "RS DR. SUTOYO PUSREHAB KEMHAN", "category": "hospital", "category_display": "Rumah Sakit & Fasilitas Medis", "city_regency": "Jakarta Selatan", "latitude": -6.267595, "longitude": 106.76714, "source_reference": "hospitals_jakarta.gpkg:11878847403", "asset_id": "RS-0060", "is_buffer": false, "batch_no": 5, "notes": null }, "geometry": { "type": "Point", "coordinates": [ 106.76714, -6.267595 ] } },
{ "type": "Feature", "properties": { "asset_name": "RS PUSAT PERTAMINA", "category": "hospital", "category_display": "Rumah Sakit & Fasilitas Medis", "city_regency": "Jakarta Selatan", "latitude": -6.240166, "longitude": 106.792968, "source_reference": "hospitals_jakarta.gpkg:11878857367", "asset_id": "RS-0061", "is_buffer": false, "batch_no": 5, "notes": null }, "geometry": { "type": "Point", "coordinates": [ 106.792968, -6.240166 ] } },
{ "type": "Feature", "properties": { "asset_name": "RS TEBET", "category": "hospital", "category_display": "Rumah Sakit & Fasilitas Medis", "city_regency": "Jakarta Timur", "latitude": -6.242741, "longitude": 106.850165, "source_reference": "hospitals_jakarta.gpkg:11878857368", "asset_id": "RS-0062", "is_buffer": false, "batch_no": 5, "notes": null }, "geometry": { "type": "Point", "coordinates": [ 106.850165, -6.242741 ] } },
{ "type": "Feature", "properties": { "asset_name": "RS SILOAM ASRI", "category": "hospital", "category_display": "Rumah Sakit & Fasilitas Medis", "city_regency": "Jakarta Timur", "latitude": -6.254542, "longitude": 106.832333, "source_reference": "hospitals_jakarta.gpkg:11878969542", "asset_id": "RS-0063", "is_buffer": false, "batch_no": 5, "notes": null }, "geometry": { "type": "Point", "coordinates": [ 106.832333, -6.254542 ] } },
{ "type": "Feature", "properties": { "asset_name": "RS SILOAM TB SIMATUPANG", "category": "hospital", "category_display": "Rumah Sakit & Fasilitas Medis", "city_regency": "Jakarta Selatan", "latitude": -6.292246, "longitude": 106.784372, "source_reference": "hospitals_jakarta.gpkg:11878969544", "asset_id": "RS-0064", "is_buffer": false, "batch_no": 5, "notes": null }, "geometry": { "type": "Point", "coordinates": [ 106.784372, -6.292246 ] } },
{ "type": "Feature", "properties": { "asset_name": "RS METROPOLITAN MEDICAL CENTER (MMC) JAKARTA", "category": "hospital", "category_display": "Rumah Sakit & Fasilitas Medis", "city_regency": "Jakarta Pusat", "latitude": -6.219971, "longitude": 106.832459, "source_reference": "hospitals_jakarta.gpkg:11879008132", "asset_id": "RS-0065", "is_buffer": false, "batch_no": 5, "notes": null }, "geometry": { "type": "Point", "coordinates": [ 106.832459, -6.219971 ] } },
{ "type": "Feature", "properties": { "asset_name": "RS BRAWIJAYA SAHARJO", "category": "hospital", "category_display": "Rumah Sakit & Fasilitas Medis", "city_regency": "Jakarta Timur", "latitude": -6.22457, "longitude": 106.848033, "source_reference": "hospitals_jakarta.gpkg:11879033486", "asset_id": "RS-0066", "is_buffer": false, "batch_no": 5, "notes": null }, "geometry": { "type": "Point", "coordinates": [ 106.848033, -6.22457 ] } },
{ "type": "Feature", "properties": { "asset_name": "RS AGUNG", "category": "hospital", "category_display": "Rumah Sakit & Fasilitas Medis", "city_regency": "Jakarta Pusat", "latitude": -6.209179, "longitude": 106.846358, "source_reference": "hospitals_jakarta.gpkg:11879056884", "asset_id": "RS-0067", "is_buffer": false, "batch_no": 5, "notes": null }, "geometry": { "type": "Point", "coordinates": [ 106.846358, -6.209179 ] } },
{ "type": "Feature", "properties": { "asset_name": "RS JAKARTA MEDICAL CENTER", "category": "hospital", "category_display": "Rumah Sakit & Fasilitas Medis", "city_regency": "Jakarta Timur", "latitude": -6.271321, "longitude": 106.83021, "source_reference": "hospitals_jakarta.gpkg:11879058895", "asset_id": "RS-0068", "is_buffer": false, "batch_no": 5, "notes": null }, "geometry": { "type": "Point", "coordinates": [ 106.83021, -6.271321 ] } },
{ "type": "Feature", "properties": { "asset_name": "RS ALI SIBROH MALISI", "category": "hospital", "category_display": "Rumah Sakit & Fasilitas Medis", "city_regency": "Kota Depok", "latitude": -6.344814, "longitude": 106.813852, "source_reference": "hospitals_jakarta.gpkg:11879062582", "asset_id": "RS-0069", "is_buffer": false, "batch_no": 5, "notes": null }, "geometry": { "type": "Point", "coordinates": [ 106.813852, -6.344814 ] } },
{ "type": "Feature", "properties": { "asset_name": "RS HARAPAN KARTINI", "category": "hospital", "category_display": "Rumah Sakit & Fasilitas Medis", "city_regency": "Jakarta Selatan", "latitude": -6.2861, "longitude": 106.815937, "source_reference": "hospitals_jakarta.gpkg:11879064202", "asset_id": "RS-0070", "is_buffer": false, "batch_no": 5, "notes": null }, "geometry": { "type": "Point", "coordinates": [ 106.815937, -6.2861 ] } },
{ "type": "Feature", "properties": { "asset_name": "RS GANDARIA", "category": "hospital", "category_display": "Rumah Sakit & Fasilitas Medis", "city_regency": "Jakarta Selatan", "latitude": -6.243927, "longitude": 106.790744, "source_reference": "hospitals_jakarta.gpkg:11879068354", "asset_id": "RS-0071", "is_buffer": false, "batch_no": 5, "notes": null }, "geometry": { "type": "Point", "coordinates": [ 106.790744, -6.243927 ] } },
{ "type": "Feature", "properties": { "asset_name": "RS TRIA DIPA", "category": "hospital", "category_display": "Rumah Sakit & Fasilitas Medis", "city_regency": "Jakarta Timur", "latitude": -6.250886, "longitude": 106.841948, "source_reference": "hospitals_jakarta.gpkg:11879068357", "asset_id": "RS-0072", "is_buffer": false, "batch_no": 5, "notes": null }, "geometry": { "type": "Point", "coordinates": [ 106.841948, -6.250886 ] } },
{ "type": "Feature", "properties": { "asset_name": "RS MUHAMMADIYAH TAMAN PURING", "category": "hospital", "category_display": "Rumah Sakit & Fasilitas Medis", "city_regency": "Jakarta Selatan", "latitude": -6.241706, "longitude": 106.787137, "source_reference": "hospitals_jakarta.gpkg:11879076104", "asset_id": "RS-0073", "is_buffer": false, "batch_no": 5, "notes": null }, "geometry": { "type": "Point", "coordinates": [ 106.787137, -6.241706 ] } },
{ "type": "Feature", "properties": { "asset_name": "RS AULIA", "category": "hospital", "category_display": "Rumah Sakit & Fasilitas Medis", "city_regency": "Kota Depok", "latitude": -6.334508, "longitude": 106.827388, "source_reference": "hospitals_jakarta.gpkg:11879092538", "asset_id": "RS-0074", "is_buffer": false, "batch_no": 5, "notes": null }, "geometry": { "type": "Point", "coordinates": [ 106.827388, -6.334508 ] } },
{ "type": "Feature", "properties": { "asset_name": "RS MARINIR CILANDAK", "category": "hospital", "category_display": "Rumah Sakit & Fasilitas Medis", "city_regency": "Jakarta Selatan", "latitude": -6.304841, "longitude": 106.810618, "source_reference": "hospitals_jakarta.gpkg:11879094685", "asset_id": "RS-0075", "is_buffer": false, "batch_no": 5, "notes": null }, "geometry": { "type": "Point", "coordinates": [ 106.810618, -6.304841 ] } },
{ "type": "Feature", "properties": { "asset_name": "RS SETIA MITRA", "category": "hospital", "category_display": "Rumah Sakit & Fasilitas Medis", "city_regency": "Jakarta Selatan", "latitude": -6.281258, "longitude": 106.795823, "source_reference": "hospitals_jakarta.gpkg:11879101761", "asset_id": "RS-0076", "is_buffer": false, "batch_no": 5, "notes": null }, "geometry": { "type": "Point", "coordinates": [ 106.795823, -6.281258 ] } },
{ "type": "Feature", "properties": { "asset_name": "RS PRIKASIH", "category": "hospital", "category_display": "Rumah Sakit & Fasilitas Medis", "city_regency": "Jakarta Selatan", "latitude": -6.314528, "longitude": 106.794184, "source_reference": "hospitals_jakarta.gpkg:11879103257", "asset_id": "RS-0077", "is_buffer": false, "batch_no": 5, "notes": null }, "geometry": { "type": "Point", "coordinates": [ 106.794184, -6.314528 ] } },
{ "type": "Feature", "properties": { "asset_name": "RS MEDISTRA", "category": "hospital", "category_display": "Rumah Sakit & Fasilitas Medis", "city_regency": "Jakarta Timur", "latitude": -6.239835, "longitude": 106.83366, "source_reference": "hospitals_jakarta.gpkg:11879103566", "asset_id": "RS-0078", "is_buffer": false, "batch_no": 5, "notes": null }, "geometry": { "type": "Point", "coordinates": [ 106.83366, -6.239835 ] } },
{ "type": "Feature", "properties": { "asset_name": "RS ANTAM MEDIKA", "category": "hospital", "category_display": "Rumah Sakit & Fasilitas Medis", "city_regency": "Jakarta Timur", "latitude": -6.192682, "longitude": 106.902699, "source_reference": "hospitals_jakarta.gpkg:11879105317", "asset_id": "RS-0079", "is_buffer": false, "batch_no": 5, "notes": null }, "geometry": { "type": "Point", "coordinates": [ 106.902699, -6.192682 ] } },
{ "type": "Feature", "properties": { "asset_name": "RS Petukangan", "category": "hospital", "category_display": "Rumah Sakit & Fasilitas Medis", "city_regency": "Jakarta Selatan", "latitude": -6.236852, "longitude": 106.751724, "source_reference": "hospitals_jakarta.gpkg:11879105876", "asset_id": "RS-0080", "is_buffer": false, "batch_no": 5, "notes": null }, "geometry": { "type": "Point", "coordinates": [ 106.751724, -6.236852 ] } },
{ "type": "Feature", "properties": { "asset_name": "RS PONDOK INDAH", "category": "hospital", "category_display": "Rumah Sakit & Fasilitas Medis", "city_regency": "Jakarta Selatan", "latitude": -6.283841, "longitude": 106.781593, "source_reference": "hospitals_jakarta.gpkg:11879105877", "asset_id": "RS-0081", "is_buffer": false, "batch_no": 5, "notes": null }, "geometry": { "type": "Point", "coordinates": [ 106.781593, -6.283841 ] } },
{ "type": "Feature", "properties": { "asset_name": "RSUD KRAMAT JATI", "category": "hospital", "category_display": "Rumah Sakit & Fasilitas Medis", "city_regency": "Jakarta Timur", "latitude": -6.286868, "longitude": 106.86228, "source_reference": "hospitals_jakarta.gpkg:11879111685", "asset_id": "RS-0082", "is_buffer": false, "batch_no": 5, "notes": null }, "geometry": { "type": "Point", "coordinates": [ 106.86228, -6.286868 ] } },
{ "type": "Feature", "properties": { "asset_name": "RS HAJI JAKARTA", "category": "hospital", "category_display": "Rumah Sakit & Fasilitas Medis", "city_regency": "Jakarta Timur", "latitude": -6.289881, "longitude": 106.889149, "source_reference": "hospitals_jakarta.gpkg:11879111687", "asset_id": "RS-0083", "is_buffer": false, "batch_no": 5, "notes": null }, "geometry": { "type": "Point", "coordinates": [ 106.889149, -6.289881 ] } },
{ "type": "Feature", "properties": { "asset_name": "RSKB Columbia Asia Pulomas", "category": "hospital", "category_display": "Rumah Sakit & Fasilitas Medis", "city_regency": "Jakarta Timur", "latitude": -6.182149, "longitude": 106.891082, "source_reference": "hospitals_jakarta.gpkg:11879113156", "asset_id": "RS-0084", "is_buffer": false, "batch_no": 5, "notes": null }, "geometry": { "type": "Point", "coordinates": [ 106.891082, -6.182149 ] } },
{ "type": "Feature", "properties": { "asset_name": "RSUD CIRACAS", "category": "hospital", "category_display": "Rumah Sakit & Fasilitas Medis", "city_regency": "Kota Depok", "latitude": -6.345597, "longitude": 106.873871, "source_reference": "hospitals_jakarta.gpkg:11879114083", "asset_id": "RS-0085", "is_buffer": false, "batch_no": 5, "notes": null }, "geometry": { "type": "Point", "coordinates": [ 106.873871, -6.345597 ] } },
{ "type": "Feature", "properties": { "asset_name": "RSUD MATRAMAN", "category": "hospital", "category_display": "Rumah Sakit & Fasilitas Medis", "city_regency": "Jakarta Timur", "latitude": -6.206262, "longitude": 106.866014, "source_reference": "hospitals_jakarta.gpkg:11879117977", "asset_id": "RS-0086", "is_buffer": false, "batch_no": 5, "notes": null }, "geometry": { "type": "Point", "coordinates": [ 106.866014, -6.206262 ] } },
{ "type": "Feature", "properties": { "asset_name": "RS YADIKA KEBAYORAN LAMA", "category": "hospital", "category_display": "Rumah Sakit & Fasilitas Medis", "city_regency": "Jakarta Selatan", "latitude": -6.255073, "longitude": 106.777729, "source_reference": "hospitals_jakarta.gpkg:11879120264", "asset_id": "RS-0087", "is_buffer": false, "batch_no": 5, "notes": null }, "geometry": { "type": "Point", "coordinates": [ 106.777729, -6.255073 ] } },
{ "type": "Feature", "properties": { "asset_name": "RSUD PASAR REBO", "category": "hospital", "category_display": "Rumah Sakit & Fasilitas Medis", "city_regency": "Jakarta Timur", "latitude": -6.303389, "longitude": 106.861875, "source_reference": "hospitals_jakarta.gpkg:11879121418", "asset_id": "RS-0088", "is_buffer": false, "batch_no": 5, "notes": null }, "geometry": { "type": "Point", "coordinates": [ 106.861875, -6.303389 ] } },
{ "type": "Feature", "properties": { "asset_name": "RSAU DR. ESNAWAN ANTARIKSA", "category": "hospital", "category_display": "Rumah Sakit & Fasilitas Medis", "city_regency": "Jakarta Timur", "latitude": -6.257373, "longitude": 106.891856, "source_reference": "hospitals_jakarta.gpkg:11879123854", "asset_id": "RS-0089", "is_buffer": false, "batch_no": 5, "notes": null }, "geometry": { "type": "Point", "coordinates": [ 106.891856, -6.257373 ] } },
{ "type": "Feature", "properties": { "asset_name": "RSUD BUDHI ASIH", "category": "hospital", "category_display": "Rumah Sakit & Fasilitas Medis", "city_regency": "Jakarta Timur", "latitude": -6.256027, "longitude": 106.862978, "source_reference": "hospitals_jakarta.gpkg:11879123942", "asset_id": "RS-0090", "is_buffer": false, "batch_no": 5, "notes": null }, "geometry": { "type": "Point", "coordinates": [ 106.862978, -6.256027 ] } },
{ "type": "Feature", "properties": { "asset_name": "RS BHAYANGKARA RADEN SAID SUKANTO", "category": "hospital", "category_display": "Rumah Sakit & Fasilitas Medis", "city_regency": "Jakarta Timur", "latitude": -6.269609, "longitude": 106.871115, "source_reference": "hospitals_jakarta.gpkg:11879124001", "asset_id": "RS-0091", "is_buffer": false, "batch_no": 5, "notes": null }, "geometry": { "type": "Point", "coordinates": [ 106.871115, -6.269609 ] } },
{ "type": "Feature", "properties": { "asset_name": "RS RIDWAN MOREKSA", "category": "hospital", "category_display": "Rumah Sakit & Fasilitas Medis", "city_regency": "Jakarta Timur", "latitude": -6.294259, "longitude": 106.882582, "source_reference": "hospitals_jakarta.gpkg:11879128229", "asset_id": "RS-0092", "is_buffer": false, "batch_no": 5, "notes": null }, "geometry": { "type": "Point", "coordinates": [ 106.882582, -6.294259 ] } },
{ "type": "Feature", "properties": { "asset_name": "RS ADHYAKSA", "category": "hospital", "category_display": "Rumah Sakit & Fasilitas Medis", "city_regency": "Jakarta Timur", "latitude": -6.307832, "longitude": 106.892731, "source_reference": "hospitals_jakarta.gpkg:11879129277", "asset_id": "RS-0093", "is_buffer": false, "batch_no": 5, "notes": null }, "geometry": { "type": "Point", "coordinates": [ 106.892731, -6.307832 ] } },
{ "type": "Feature", "properties": { "asset_name": "RS YADIKA PONDOK BAMBU", "category": "hospital", "category_display": "Rumah Sakit & Fasilitas Medis", "city_regency": "Jakarta Timur", "latitude": -6.237195, "longitude": 106.899133, "source_reference": "hospitals_jakarta.gpkg:11879129531", "asset_id": "RS-0094", "is_buffer": false, "batch_no": 5, "notes": null }, "geometry": { "type": "Point", "coordinates": [ 106.899133, -6.237195 ] } },
{ "type": "Feature", "properties": { "asset_name": "RS HERMINA JATINEGARA", "category": "hospital", "category_display": "Rumah Sakit & Fasilitas Medis", "city_regency": "Jakarta Timur", "latitude": -6.221523, "longitude": 106.864436, "source_reference": "hospitals_jakarta.gpkg:11879130107", "asset_id": "RS-0095", "is_buffer": false, "batch_no": 5, "notes": null }, "geometry": { "type": "Point", "coordinates": [ 106.864436, -6.221523 ] } },
{ "type": "Feature", "properties": { "asset_name": "RSUP Persahabatan", "category": "hospital", "category_display": "Rumah Sakit & Fasilitas Medis", "city_regency": "Jakarta Timur", "latitude": -6.202688, "longitude": 106.884748, "source_reference": "hospitals_jakarta.gpkg:11879130853", "asset_id": "RS-0096", "is_buffer": false, "batch_no": 5, "notes": null }, "geometry": { "type": "Point", "coordinates": [ 106.884748, -6.202688 ] } },
{ "type": "Feature", "properties": { "asset_name": "RS HARAPAN BUNDA", "category": "hospital", "category_display": "Rumah Sakit & Fasilitas Medis", "city_regency": "Jakarta Timur", "latitude": -6.302951, "longitude": 106.868021, "source_reference": "hospitals_jakarta.gpkg:11879131879", "asset_id": "RS-0097", "is_buffer": false, "batch_no": 5, "notes": null }, "geometry": { "type": "Point", "coordinates": [ 106.868021, -6.302951 ] } },
{ "type": "Feature", "properties": { "asset_name": "RS DHARMA NUGRAHA", "category": "hospital", "category_display": "Rumah Sakit & Fasilitas Medis", "city_regency": "Jakarta Timur", "latitude": -6.196008, "longitude": 106.886398, "source_reference": "hospitals_jakarta.gpkg:11879134331", "asset_id": "RS-0098", "is_buffer": false, "batch_no": 5, "notes": null }, "geometry": { "type": "Point", "coordinates": [ 106.886398, -6.196008 ] } },
{ "type": "Feature", "properties": { "asset_name": "RS HARAPAN JAYAKARTA", "category": "hospital", "category_display": "Rumah Sakit & Fasilitas Medis", "city_regency": "Jakarta Timur", "latitude": -6.194877, "longitude": 106.906281, "source_reference": "hospitals_jakarta.gpkg:11879136526", "asset_id": "RS-0099", "is_buffer": false, "batch_no": 5, "notes": null }, "geometry": { "type": "Point", "coordinates": [ 106.906281, -6.194877 ] } },
{ "type": "Feature", "properties": { "asset_name": "RS KESDAM JAYA CIJANTUNG", "category": "hospital", "category_display": "Rumah Sakit & Fasilitas Medis", "city_regency": "Jakarta Timur", "latitude": -6.307369, "longitude": 106.858944, "source_reference": "hospitals_jakarta.gpkg:11879139983", "asset_id": "RS-0100", "is_buffer": false, "batch_no": 5, "notes": null }, "geometry": { "type": "Point", "coordinates": [ 106.858944, -6.307369 ] } },
{ "type": "Feature", "properties": { "asset_name": "RS PGI CIKINI", "category": "hospital", "category_display": "Rumah Sakit & Fasilitas Medis", "city_regency": "Jakarta Timur", "latitude": -6.1914, "longitude": 106.841897, "source_reference": "hospitals_jakarta.gpkg:13717635847", "asset_id": "RS-0101", "is_buffer": false, "batch_no": 5, "notes": "Hot-Swapped dari pool gpkg lokal (pengganti RS ISLAM JAKARTA PONDOK KOPI 404)" }, "geometry": { "type": "Point", "coordinates": [ 106.841897, -6.1914 ] } },
{ "type": "Feature", "properties": { "asset_name": "RSUD PADEMANGAN", "category": "hospital", "category_display": "Rumah Sakit & Fasilitas Medis", "city_regency": "Jakarta Utara", "latitude": -6.132831, "longitude": 106.840251, "source_reference": "hospitals_jakarta.gpkg:11879140742", "asset_id": "RS-0102", "is_buffer": false, "batch_no": 5, "notes": null }, "geometry": { "type": "Point", "coordinates": [ 106.840251, -6.132831 ] } },
{ "type": "Feature", "properties": { "asset_name": "RS KARTIKA PULOMAS", "category": "hospital", "category_display": "Rumah Sakit & Fasilitas Medis", "city_regency": "Jakarta Timur", "latitude": -6.175967, "longitude": 106.884892, "source_reference": "hospitals_jakarta.gpkg:11879142776", "asset_id": "RS-0103", "is_buffer": false, "batch_no": 5, "notes": null }, "geometry": { "type": "Point", "coordinates": [ 106.884892, -6.175967 ] } },
{ "type": "Feature", "properties": { "asset_name": "RSUD TANJUNG PRIOK", "category": "hospital", "category_display": "Rumah Sakit & Fasilitas Medis", "city_regency": "Jakarta Utara", "latitude": -6.116082, "longitude": 106.888825, "source_reference": "hospitals_jakarta.gpkg:11879145123", "asset_id": "RS-0104", "is_buffer": false, "batch_no": 5, "notes": null }, "geometry": { "type": "Point", "coordinates": [ 106.888825, -6.116082 ] } },
{ "type": "Feature", "properties": { "asset_name": "RSU PANTAI INDAH KAPUK", "category": "hospital", "category_display": "Rumah Sakit & Fasilitas Medis", "city_regency": "Jakarta Utara", "latitude": -6.11189, "longitude": 106.752739, "source_reference": "hospitals_jakarta.gpkg:11879146995", "asset_id": "RS-0105", "is_buffer": false, "batch_no": 5, "notes": null }, "geometry": { "type": "Point", "coordinates": [ 106.752739, -6.11189 ] } },
{ "type": "Feature", "properties": { "asset_name": "RS HARUM SISMA MEDIKA", "category": "hospital", "category_display": "Rumah Sakit & Fasilitas Medis", "city_regency": "Jakarta Timur", "latitude": -6.24814, "longitude": 106.909601, "source_reference": "hospitals_jakarta.gpkg:11879149960", "asset_id": "RS-0106", "is_buffer": false, "batch_no": 5, "notes": null }, "geometry": { "type": "Point", "coordinates": [ 106.909601, -6.24814 ] } },
{ "type": "Feature", "properties": { "asset_name": "RS EMC PULOMAS", "category": "hospital", "category_display": "Rumah Sakit & Fasilitas Medis", "city_regency": "Jakarta Timur", "latitude": -6.180238, "longitude": 106.883743, "source_reference": "hospitals_jakarta.gpkg:11879152935", "asset_id": "RS-0107", "is_buffer": false, "batch_no": 5, "notes": null }, "geometry": { "type": "Point", "coordinates": [ 106.883743, -6.180238 ] } },
{ "type": "Feature", "properties": { "asset_name": "RS PENGAYOMAN CIPINANG", "category": "hospital", "category_display": "Rumah Sakit & Fasilitas Medis", "city_regency": "Jakarta Timur", "latitude": -6.214942, "longitude": 106.88376, "source_reference": "hospitals_jakarta.gpkg:11879157183", "asset_id": "RS-0108", "is_buffer": false, "batch_no": 5, "notes": null }, "geometry": { "type": "Point", "coordinates": [ 106.88376, -6.214942 ] } },
{ "type": "Feature", "properties": { "asset_name": "RS MEDIROS", "category": "hospital", "category_display": "Rumah Sakit & Fasilitas Medis", "city_regency": "Jakarta Timur", "latitude": -6.179891, "longitude": 106.903699, "source_reference": "hospitals_jakarta.gpkg:11879160224", "asset_id": "RS-0109", "is_buffer": false, "batch_no": 5, "notes": null }, "geometry": { "type": "Point", "coordinates": [ 106.903699, -6.179891 ] } },
{ "type": "Feature", "properties": { "asset_name": "RSUD CILINCING", "category": "hospital", "category_display": "Rumah Sakit & Fasilitas Medis", "city_regency": "Jakarta Utara", "latitude": -6.112986, "longitude": 106.926257, "source_reference": "hospitals_jakarta.gpkg:11879166703", "asset_id": "RS-0110", "is_buffer": false, "batch_no": 5, "notes": null }, "geometry": { "type": "Point", "coordinates": [ 106.926257, -6.112986 ] } },
{ "type": "Feature", "properties": { "asset_name": "RSUD KOJA", "category": "hospital", "category_display": "Rumah Sakit & Fasilitas Medis", "city_regency": "Jakarta Utara", "latitude": -6.108932, "longitude": 106.899668, "source_reference": "hospitals_jakarta.gpkg:11879166704", "asset_id": "RS-0111", "is_buffer": false, "batch_no": 5, "notes": null }, "geometry": { "type": "Point", "coordinates": [ 106.899668, -6.108932 ] } },
{ "type": "Feature", "properties": { "asset_name": "RS DUTA INDAH", "category": "hospital", "category_display": "Rumah Sakit & Fasilitas Medis", "city_regency": "Jakarta Utara", "latitude": -6.138413, "longitude": 106.783798, "source_reference": "hospitals_jakarta.gpkg:11879166705", "asset_id": "RS-0112", "is_buffer": false, "batch_no": 5, "notes": null }, "geometry": { "type": "Point", "coordinates": [ 106.783798, -6.138413 ] } },
{ "type": "Feature", "properties": { "asset_name": "RS PELABUHAN JAKARTA", "category": "hospital", "category_display": "Rumah Sakit & Fasilitas Medis", "city_regency": "Jakarta Utara", "latitude": -6.12492, "longitude": 106.917826, "source_reference": "hospitals_jakarta.gpkg:11879169364", "asset_id": "RS-0113", "is_buffer": false, "batch_no": 5, "notes": null }, "geometry": { "type": "Point", "coordinates": [ 106.917826, -6.12492 ] } },
{ "type": "Feature", "properties": { "asset_name": "RS PUSDIKKES", "category": "hospital", "category_display": "Rumah Sakit & Fasilitas Medis", "city_regency": "Jakarta Timur", "latitude": -6.276816, "longitude": 106.86947, "source_reference": "hospitals_jakarta.gpkg:11879170165", "asset_id": "RS-0114", "is_buffer": false, "batch_no": 5, "notes": null }, "geometry": { "type": "Point", "coordinates": [ 106.86947, -6.276816 ] } },
{ "type": "Feature", "properties": { "asset_name": "RS ROYAL PROGRESS", "category": "hospital", "category_display": "Rumah Sakit & Fasilitas Medis", "city_regency": "Jakarta Utara", "latitude": -6.139432, "longitude": 106.865455, "source_reference": "hospitals_jakarta.gpkg:11879171288", "asset_id": "RS-0115", "is_buffer": false, "batch_no": 5, "notes": null }, "geometry": { "type": "Point", "coordinates": [ 106.865455, -6.139432 ] } },
{ "type": "Feature", "properties": { "asset_name": "RSUD TUGU KOJA", "category": "hospital", "category_display": "Rumah Sakit & Fasilitas Medis", "city_regency": "Jakarta Utara", "latitude": -6.12749, "longitude": 106.906859, "source_reference": "hospitals_jakarta.gpkg:11879175999", "asset_id": "RS-0116", "is_buffer": false, "batch_no": 5, "notes": null }, "geometry": { "type": "Point", "coordinates": [ 106.906859, -6.12749 ] } },
{ "type": "Feature", "properties": { "asset_name": "RS HERMINA PODOMORO", "category": "hospital", "category_display": "Rumah Sakit & Fasilitas Medis", "city_regency": "Jakarta Utara", "latitude": -6.145569, "longitude": 106.861363, "source_reference": "hospitals_jakarta.gpkg:11879176030", "asset_id": "RS-0117", "is_buffer": false, "batch_no": 5, "notes": null }, "geometry": { "type": "Point", "coordinates": [ 106.861363, -6.145569 ] } },
{ "type": "Feature", "properties": { "asset_name": "RS ATMA JAYA", "category": "hospital", "category_display": "Rumah Sakit & Fasilitas Medis", "city_regency": "Jakarta Utara", "latitude": -6.126446, "longitude": 106.79269, "source_reference": "hospitals_jakarta.gpkg:11879176491", "asset_id": "RS-0118", "is_buffer": false, "batch_no": 5, "notes": null }, "geometry": { "type": "Point", "coordinates": [ 106.79269, -6.126446 ] } },
{ "type": "Feature", "properties": { "asset_name": "RS PURI MEDIKA", "category": "hospital", "category_display": "Rumah Sakit & Fasilitas Medis", "city_regency": "Jakarta Utara", "latitude": -6.129182, "longitude": 106.890191, "source_reference": "hospitals_jakarta.gpkg:11879177881", "asset_id": "RS-0119", "is_buffer": false, "batch_no": 5, "notes": null }, "geometry": { "type": "Point", "coordinates": [ 106.890191, -6.129182 ] } },
{ "type": "Feature", "properties": { "asset_name": "RSU MULYASARI", "category": "hospital", "category_display": "Rumah Sakit & Fasilitas Medis", "city_regency": "Jakarta Utara", "latitude": -6.129075, "longitude": 106.906498, "source_reference": "hospitals_jakarta.gpkg:11879183054", "asset_id": "RS-0120", "is_buffer": false, "batch_no": 5, "notes": null }, "geometry": { "type": "Point", "coordinates": [ 106.906498, -6.129075 ] } },
{ "type": "Feature", "properties": { "asset_name": "RS MITRA KELUARGA KELAPA GADING", "category": "hospital", "category_display": "Rumah Sakit & Fasilitas Medis", "city_regency": "Jakarta Utara", "latitude": -6.151814, "longitude": 106.89704, "source_reference": "hospitals_jakarta.gpkg:11879184355", "asset_id": "RS-0121", "is_buffer": false, "batch_no": 5, "notes": null }, "geometry": { "type": "Point", "coordinates": [ 106.89704, -6.151814 ] } },
{ "type": "Feature", "properties": { "asset_name": "RSU GADING PLUIT", "category": "hospital", "category_display": "Rumah Sakit & Fasilitas Medis", "city_regency": "Jakarta Timur", "latitude": -6.166093, "longitude": 106.915924, "source_reference": "hospitals_jakarta.gpkg:11879184360", "asset_id": "RS-0122", "is_buffer": false, "batch_no": 5, "notes": null }, "geometry": { "type": "Point", "coordinates": [ 106.915924, -6.166093 ] } },
{ "type": "Feature", "properties": { "asset_name": "RSU PORT MEDICAL CENTER", "category": "hospital", "category_display": "Rumah Sakit & Fasilitas Medis", "city_regency": "Jakarta Utara", "latitude": -6.110358, "longitude": 106.889378, "source_reference": "hospitals_jakarta.gpkg:11879186164", "asset_id": "RS-0123", "is_buffer": false, "batch_no": 5, "notes": null }, "geometry": { "type": "Point", "coordinates": [ 106.889378, -6.110358 ] } },
{ "type": "Feature", "properties": { "asset_name": "RS ISLAM JAKARTA SUKAPURA", "category": "hospital", "category_display": "Rumah Sakit & Fasilitas Medis", "city_regency": "Jakarta Utara", "latitude": -6.139744, "longitude": 106.920825, "source_reference": "hospitals_jakarta.gpkg:11879186328", "asset_id": "RS-0124", "is_buffer": false, "batch_no": 5, "notes": null }, "geometry": { "type": "Point", "coordinates": [ 106.920825, -6.139744 ] } },
{ "type": "Feature", "properties": { "asset_name": "RS SUKMUL SISMA MEDIKA", "category": "hospital", "category_display": "Rumah Sakit & Fasilitas Medis", "city_regency": "Jakarta Utara", "latitude": -6.112072, "longitude": 106.882001, "source_reference": "hospitals_jakarta.gpkg:11879197294", "asset_id": "RS-0125", "is_buffer": false, "batch_no": 5, "notes": null }, "geometry": { "type": "Point", "coordinates": [ 106.882001, -6.112072 ] } },
{ "type": "Feature", "properties": { "asset_name": "RSU PEKERJA", "category": "hospital", "category_display": "Rumah Sakit & Fasilitas Medis", "city_regency": "Jakarta Utara", "latitude": -6.145254, "longitude": 106.923203, "source_reference": "hospitals_jakarta.gpkg:11879197804", "asset_id": "RS-0126", "is_buffer": false, "batch_no": 5, "notes": null }, "geometry": { "type": "Point", "coordinates": [ 106.923203, -6.145254 ] } },
{ "type": "Feature", "properties": { "asset_name": "RS PLUIT", "category": "hospital", "category_display": "Rumah Sakit & Fasilitas Medis", "city_regency": "Jakarta Utara", "latitude": -6.12573, "longitude": 106.799492, "source_reference": "hospitals_jakarta.gpkg:11879199228", "asset_id": "RS-0127", "is_buffer": false, "batch_no": 5, "notes": null }, "geometry": { "type": "Point", "coordinates": [ 106.799492, -6.12573 ] } },
{ "type": "Feature", "properties": { "asset_name": "RS SATYA NEGARA", "category": "hospital", "category_display": "Rumah Sakit & Fasilitas Medis", "city_regency": "Jakarta Utara", "latitude": -6.138846, "longitude": 106.861555, "source_reference": "hospitals_jakarta.gpkg:11879200350", "asset_id": "RS-0128", "is_buffer": false, "batch_no": 5, "notes": null }, "geometry": { "type": "Point", "coordinates": [ 106.861555, -6.138846 ] } },
{ "type": "Feature", "properties": { "asset_name": "RS ZAHIRAH", "category": "hospital", "category_display": "Rumah Sakit & Fasilitas Medis", "city_regency": "Kota Depok", "latitude": -6.335741, "longitude": 106.823564, "source_reference": "hospitals_jakarta.gpkg:11879215369", "asset_id": "RS-0129", "is_buffer": false, "batch_no": 5, "notes": null }, "geometry": { "type": "Point", "coordinates": [ 106.823564, -6.335741 ] } },
{ "type": "Feature", "properties": { "asset_name": "Dentalogic Fatmawati", "category": "hospital", "category_display": "Rumah Sakit & Fasilitas Medis", "city_regency": "Jakarta Selatan", "latitude": -6.29983, "longitude": 106.795961, "source_reference": "hospitals_jakarta.gpkg:12517711794", "asset_id": "RS-0130", "is_buffer": false, "batch_no": 5, "notes": null }, "geometry": { "type": "Point", "coordinates": [ 106.795961, -6.29983 ] } },
{ "type": "Feature", "properties": { "asset_name": "Plong Kramat Jati", "category": "hospital", "category_display": "Rumah Sakit & Fasilitas Medis", "city_regency": "Jakarta Timur", "latitude": -6.288994, "longitude": 106.869359, "source_reference": "hospitals_jakarta.gpkg:12995144591", "asset_id": "RS-0131", "is_buffer": false, "batch_no": 5, "notes": null }, "geometry": { "type": "Point", "coordinates": [ 106.869359, -6.288994 ] } },
{ "type": "Feature", "properties": { "asset_name": "Sinshe Tong Ren", "category": "hospital", "category_display": "Rumah Sakit & Fasilitas Medis", "city_regency": "Jakarta Selatan", "latitude": -6.261871, "longitude": 106.829236, "source_reference": "hospitals_jakarta.gpkg:13454929113", "asset_id": "RS-0132", "is_buffer": false, "batch_no": 5, "notes": null }, "geometry": { "type": "Point", "coordinates": [ 106.829236, -6.261871 ] } },
{ "type": "Feature", "properties": { "asset_name": "CANCER ARMY GYM", "category": "hospital", "category_display": "Rumah Sakit & Fasilitas Medis", "city_regency": "Kota Depok", "latitude": -6.34953, "longitude": 106.894535, "source_reference": "hospitals_jakarta.gpkg:13724580524", "asset_id": "RS-0133", "is_buffer": false, "batch_no": 5, "notes": null }, "geometry": { "type": "Point", "coordinates": [ 106.894535, -6.34953 ] } },
{ "type": "Feature", "properties": { "asset_name": "Lamina Pain and Spine Center", "category": "hospital", "category_display": "Rumah Sakit & Fasilitas Medis", "city_regency": "Jakarta Selatan", "latitude": -6.284324, "longitude": 106.827048, "source_reference": "hospitals_jakarta.gpkg:13724618901", "asset_id": "RS-0134", "is_buffer": false, "batch_no": 5, "notes": null }, "geometry": { "type": "Point", "coordinates": [ 106.827048, -6.284324 ] } },
{ "type": "Feature", "properties": { "asset_name": "Rumah Sakit Bhayangkara TK. IR. Said Sukanto", "category": "hospital", "category_display": "Rumah Sakit & Fasilitas Medis", "city_regency": "Jakarta Timur", "latitude": -6.269582, "longitude": 106.870674, "source_reference": "hospitals_jakarta.gpkg:7409174", "asset_id": "RS-0135", "is_buffer": false, "batch_no": 5, "notes": null }, "geometry": { "type": "Point", "coordinates": [ 106.870674, -6.269582 ] } },
{ "type": "Feature", "properties": { "asset_name": "Rumah Sakit Bersalin Bidara Mulia", "category": "hospital", "category_display": "Rumah Sakit & Fasilitas Medis", "city_regency": "Jakarta Timur", "latitude": -6.230652, "longitude": 106.866976, "source_reference": "hospitals_jakarta.gpkg:120495770", "asset_id": "RS-0136", "is_buffer": false, "batch_no": 5, "notes": null }, "geometry": { "type": "Point", "coordinates": [ 106.866976, -6.230652 ] } },
{ "type": "Feature", "properties": { "asset_name": "RSKB Medika", "category": "hospital", "category_display": "Rumah Sakit & Fasilitas Medis", "city_regency": "Jakarta Pusat", "latitude": -6.198111, "longitude": 106.851713, "source_reference": "hospitals_jakarta.gpkg:120509598", "asset_id": "RS-0137", "is_buffer": false, "batch_no": 5, "notes": null }, "geometry": { "type": "Point", "coordinates": [ 106.851713, -6.198111 ] } },
{ "type": "Feature", "properties": { "asset_name": "Rumah Sakit Umum UKI", "category": "hospital", "category_display": "Rumah Sakit & Fasilitas Medis", "city_regency": "Jakarta Timur", "latitude": -6.250829, "longitude": 106.872316, "source_reference": "hospitals_jakarta.gpkg:121195900", "asset_id": "RS-0138", "is_buffer": false, "batch_no": 5, "notes": null }, "geometry": { "type": "Point", "coordinates": [ 106.872316, -6.250829 ] } },
{ "type": "Feature", "properties": { "asset_name": "Rumah Sakit Hewan Jakarta", "category": "hospital", "category_display": "Rumah Sakit & Fasilitas Medis", "city_regency": "Jakarta Selatan", "latitude": -6.299132, "longitude": 106.819659, "source_reference": "hospitals_jakarta.gpkg:121261419", "asset_id": "RS-0139", "is_buffer": false, "batch_no": 5, "notes": null }, "geometry": { "type": "Point", "coordinates": [ 106.819659, -6.299132 ] } },
{ "type": "Feature", "properties": { "asset_name": "Rumah Sakit DIK Pusdikkes TNI AD", "category": "hospital", "category_display": "Rumah Sakit & Fasilitas Medis", "city_regency": "Jakarta Timur", "latitude": -6.276616, "longitude": 106.869331, "source_reference": "hospitals_jakarta.gpkg:7409284", "asset_id": "RS-0140", "is_buffer": false, "batch_no": 5, "notes": "Hot-Swapped dari pool gpkg lokal (pengganti Rumah Sakit Ibu dan Anak Asta Nugraha 404)" }, "geometry": { "type": "Point", "coordinates": [ 106.869331, -6.276616 ] } },
{ "type": "Feature", "properties": { "asset_name": "Rumah Sakit Jakarta", "category": "hospital", "category_display": "Rumah Sakit & Fasilitas Medis", "city_regency": "Jakarta Pusat", "latitude": -6.218549, "longitude": 106.816351, "source_reference": "hospitals_jakarta.gpkg:124163125", "asset_id": "RS-0141", "is_buffer": false, "batch_no": 5, "notes": null }, "geometry": { "type": "Point", "coordinates": [ 106.816351, -6.218549 ] } },
{ "type": "Feature", "properties": { "asset_name": "RSUD Pasar Rebo", "category": "hospital", "category_display": "Rumah Sakit & Fasilitas Medis", "city_regency": "Jakarta Timur", "latitude": -6.303622, "longitude": 106.86213, "source_reference": "hospitals_jakarta.gpkg:153303478", "asset_id": "RS-0142", "is_buffer": false, "batch_no": 5, "notes": null }, "geometry": { "type": "Point", "coordinates": [ 106.86213, -6.303622 ] } },
{ "type": "Feature", "properties": { "asset_name": "Rumah Sakit Umum Persahabatan", "category": "hospital", "category_display": "Rumah Sakit & Fasilitas Medis", "city_regency": "Jakarta Timur", "latitude": -6.204302, "longitude": 106.884535, "source_reference": "hospitals_jakarta.gpkg:153318583", "asset_id": "RS-0143", "is_buffer": false, "batch_no": 5, "notes": null }, "geometry": { "type": "Point", "coordinates": [ 106.884535, -6.204302 ] } },
{ "type": "Feature", "properties": { "asset_name": "Garuda Sentra Medika", "category": "hospital", "category_display": "Rumah Sakit & Fasilitas Medis", "city_regency": "Jakarta Utara", "latitude": -6.15731, "longitude": 106.841432, "source_reference": "hospitals_jakarta.gpkg:154078977", "asset_id": "RS-0144", "is_buffer": false, "batch_no": 5, "notes": null }, "geometry": { "type": "Point", "coordinates": [ 106.841432, -6.15731 ] } },
{ "type": "Feature", "properties": { "asset_name": "Rumah Sakit Khusus THT dan Bedah Kepala Leher Proklamasi", "category": "hospital", "category_display": "Rumah Sakit & Fasilitas Medis", "city_regency": "Jakarta Pusat", "latitude": -6.201922, "longitude": 106.847259, "source_reference": "hospitals_jakarta.gpkg:155098189", "asset_id": "RS-0145", "is_buffer": false, "batch_no": 5, "notes": null }, "geometry": { "type": "Point", "coordinates": [ 106.847259, -6.201922 ] } },
{ "type": "Feature", "properties": { "asset_name": "Rumah Sakit Gigi dan Mulut Ladokgi TNI AL R.E Martadinata", "category": "hospital", "category_display": "Rumah Sakit & Fasilitas Medis", "city_regency": "Jakarta Barat", "latitude": -6.211426, "longitude": 106.808659, "source_reference": "hospitals_jakarta.gpkg:155115812", "asset_id": "RS-0146", "is_buffer": false, "batch_no": 5, "notes": null }, "geometry": { "type": "Point", "coordinates": [ 106.808659, -6.211426 ] } },
{ "type": "Feature", "properties": { "asset_name": "Rumah Sakit Dr Mintohardjo", "category": "hospital", "category_display": "Rumah Sakit & Fasilitas Medis", "city_regency": "Jakarta Pusat", "latitude": -6.210904, "longitude": 106.810925, "source_reference": "hospitals_jakarta.gpkg:155115832", "asset_id": "RS-0147", "is_buffer": false, "batch_no": 5, "notes": null }, "geometry": { "type": "Point", "coordinates": [ 106.810925, -6.210904 ] } },
{ "type": "Feature", "properties": { "asset_name": "RS Premier Jatinegara", "category": "hospital", "category_display": "Rumah Sakit & Fasilitas Medis", "city_regency": "Jakarta Timur", "latitude": -6.221651, "longitude": 106.868822, "source_reference": "hospitals_jakarta.gpkg:155931564", "asset_id": "RS-0148", "is_buffer": false, "batch_no": 5, "notes": null }, "geometry": { "type": "Point", "coordinates": [ 106.868822, -6.221651 ] } },
{ "type": "Feature", "properties": { "asset_name": "Rumah Sakit Zahirah", "category": "hospital", "category_display": "Rumah Sakit & Fasilitas Medis", "city_regency": "Jakarta Timur", "latitude": -6.335829, "longitude": 106.823548, "source_reference": "hospitals_jakarta.gpkg:10908525", "asset_id": "RS-0149", "is_buffer": false, "batch_no": 5, "notes": "Hot-Swapped dari pool gpkg lokal (pengganti Rumah Sakit Islam Jiwa Jakarta 404)" }, "geometry": { "type": "Point", "coordinates": [ 106.823548, -6.335829 ] } },
{ "type": "Feature", "properties": { "asset_name": "Rumah Sakit Ibu dan Anak Restu Kasih", "category": "hospital", "category_display": "Rumah Sakit & Fasilitas Medis", "city_regency": "Jakarta Timur", "latitude": -6.265089, "longitude": 106.866454, "source_reference": "hospitals_jakarta.gpkg:155951286", "asset_id": "RS-0150", "is_buffer": false, "batch_no": 5, "notes": null }, "geometry": { "type": "Point", "coordinates": [ 106.866454, -6.265089 ] } },
{ "type": "Feature", "properties": { "asset_name": "RSUD Duren Sawit : Instalasi Kedaruratan Emosi dan Perilaku", "category": "hospital", "category_display": "Rumah Sakit & Fasilitas Medis", "city_regency": "Jakarta Timur", "latitude": -6.231139, "longitude": 106.908602, "source_reference": "hospitals_jakarta.gpkg:155955548", "asset_id": "RS-0151", "is_buffer": false, "batch_no": 5, "notes": null }, "geometry": { "type": "Point", "coordinates": [ 106.908602, -6.231139 ] } },
{ "type": "Feature", "properties": { "asset_name": "Rumah Sakit Bersalin Dokter Sanusi", "category": "hospital", "category_display": "Rumah Sakit & Fasilitas Medis", "city_regency": "Jakarta Barat", "latitude": -6.202995, "longitude": 106.773146, "source_reference": "hospitals_jakarta.gpkg:157204608", "asset_id": "RS-0152", "is_buffer": false, "batch_no": 5, "notes": null }, "geometry": { "type": "Point", "coordinates": [ 106.773146, -6.202995 ] } },
{ "type": "Feature", "properties": { "asset_name": "Rumah Sakit Pertamina Jaya (RSPJ)", "category": "hospital", "category_display": "Rumah Sakit & Fasilitas Medis", "city_regency": "Jakarta Timur", "latitude": -6.173141, "longitude": 106.87587, "source_reference": "hospitals_jakarta.gpkg:12613976", "asset_id": "RS-0153", "is_buffer": false, "batch_no": 5, "notes": "Hot-Swapped dari pool gpkg lokal (pengganti Rumah Sakit Ibu dan Anak Resti Mulya 404)" }, "geometry": { "type": "Point", "coordinates": [ 106.87587, -6.173141 ] } },
{ "type": "Feature", "properties": { "asset_name": "Rumah Sakit Khusus Bedah Halimun", "category": "hospital", "category_display": "Rumah Sakit & Fasilitas Medis", "city_regency": "Jakarta Pusat", "latitude": -6.206228, "longitude": 106.834033, "source_reference": "hospitals_jakarta.gpkg:157358477", "asset_id": "RS-0154", "is_buffer": false, "batch_no": 5, "notes": null }, "geometry": { "type": "Point", "coordinates": [ 106.834033, -6.206228 ] } },
{ "type": "Feature", "properties": { "asset_name": "Rumah Bersalin Budi Kemuliaan", "category": "hospital", "category_display": "Rumah Sakit & Fasilitas Medis", "city_regency": "Jakarta Pusat", "latitude": -6.21033, "longitude": 106.835139, "source_reference": "hospitals_jakarta.gpkg:157360778", "asset_id": "RS-0155", "is_buffer": false, "batch_no": 5, "notes": null }, "geometry": { "type": "Point", "coordinates": [ 106.835139, -6.21033 ] } },
{ "type": "Feature", "properties": { "asset_name": "Rumah Sakit Rawamangun", "category": "hospital", "category_display": "Rumah Sakit & Fasilitas Medis", "city_regency": "Jakarta Timur", "latitude": -6.196357, "longitude": 106.885489, "source_reference": "hospitals_jakarta.gpkg:174132866", "asset_id": "RS-0156", "is_buffer": false, "batch_no": 6, "notes": null }, "geometry": { "type": "Point", "coordinates": [ 106.885489, -6.196357 ] } },
{ "type": "Feature", "properties": { "asset_name": "Rumah Sakit Mayapada Kuningan", "category": "hospital", "category_display": "Rumah Sakit & Fasilitas Medis", "city_regency": "Jakarta Pusat", "latitude": -6.218519, "longitude": 106.831872, "source_reference": "hospitals_jakarta.gpkg:176770279", "asset_id": "RS-0157", "is_buffer": false, "batch_no": 6, "notes": null }, "geometry": { "type": "Point", "coordinates": [ 106.831872, -6.218519 ] } },
{ "type": "Feature", "properties": { "asset_name": "Rumah Sakit Cinta Kasih Tzu Chi", "category": "hospital", "category_display": "Rumah Sakit & Fasilitas Medis", "city_regency": "Kota Tangerang", "latitude": -6.132034, "longitude": 106.737085, "source_reference": "hospitals_jakarta.gpkg:249665587", "asset_id": "RS-0158", "is_buffer": false, "batch_no": 6, "notes": null }, "geometry": { "type": "Point", "coordinates": [ 106.737085, -6.132034 ] } },
{ "type": "Feature", "properties": { "asset_name": "Rumah Sakit Sofa Marwa", "category": "hospital", "category_display": "Rumah Sakit & Fasilitas Medis", "city_regency": "Kota Depok", "latitude": -6.355538, "longitude": 106.819983, "source_reference": "hospitals_jakarta.gpkg:300734979", "asset_id": "RS-0159", "is_buffer": false, "batch_no": 6, "notes": null }, "geometry": { "type": "Point", "coordinates": [ 106.819983, -6.355538 ] } },
{ "type": "Feature", "properties": { "asset_name": "RSIA Avisena", "category": "hospital", "category_display": "Rumah Sakit & Fasilitas Medis", "city_regency": "Jakarta Selatan", "latitude": -6.232324, "longitude": 106.762567, "source_reference": "hospitals_jakarta.gpkg:334958356", "asset_id": "RS-0160", "is_buffer": false, "batch_no": 6, "notes": null }, "geometry": { "type": "Point", "coordinates": [ 106.762567, -6.232324 ] } },
{ "type": "Feature", "properties": { "asset_name": "Rumah Sakit Umum & Pekerja", "category": "hospital", "category_display": "Rumah Sakit & Fasilitas Medis", "city_regency": "Jakarta Utara", "latitude": -6.14554, "longitude": 106.923939, "source_reference": "hospitals_jakarta.gpkg:334982120", "asset_id": "RS-0161", "is_buffer": false, "batch_no": 6, "notes": null }, "geometry": { "type": "Point", "coordinates": [ 106.923939, -6.14554 ] } },
{ "type": "Feature", "properties": { "asset_name": "RS Jantung Jakarta", "category": "hospital", "category_display": "Rumah Sakit & Fasilitas Medis", "city_regency": "Jakarta Pusat", "latitude": -6.200177, "longitude": 106.855381, "source_reference": "hospitals_jakarta.gpkg:454014924", "asset_id": "RS-0162", "is_buffer": false, "batch_no": 6, "notes": null }, "geometry": { "type": "Point", "coordinates": [ 106.855381, -6.200177 ] } },
{ "type": "Feature", "properties": { "asset_name": "RS Hermina Jatinegara", "category": "hospital", "category_display": "Rumah Sakit & Fasilitas Medis", "city_regency": "Jakarta Timur", "latitude": -6.221212, "longitude": 106.864744, "source_reference": "hospitals_jakarta.gpkg:482154808", "asset_id": "RS-0163", "is_buffer": false, "batch_no": 6, "notes": null }, "geometry": { "type": "Point", "coordinates": [ 106.864744, -6.221212 ] } },
{ "type": "Feature", "properties": { "asset_name": "Bidakara Medical Center", "category": "hospital", "category_display": "Rumah Sakit & Fasilitas Medis", "city_regency": "Jakarta Timur", "latitude": -6.240095, "longitude": 106.84066, "source_reference": "hospitals_jakarta.gpkg:482154870", "asset_id": "RS-0164", "is_buffer": false, "batch_no": 6, "notes": null }, "geometry": { "type": "Point", "coordinates": [ 106.84066, -6.240095 ] } },
{ "type": "Feature", "properties": { "asset_name": "Rumah Sakit Bedah Bina Estetika", "category": "hospital", "category_display": "Rumah Sakit & Fasilitas Medis", "city_regency": "Jakarta Pusat", "latitude": -6.199189, "longitude": 106.837528, "source_reference": "hospitals_jakarta.gpkg:482346450", "asset_id": "RS-0165", "is_buffer": false, "batch_no": 6, "notes": null }, "geometry": { "type": "Point", "coordinates": [ 106.837528, -6.199189 ] } },
{ "type": "Feature", "properties": { "asset_name": "Rumah Sakit Mata JEC", "category": "hospital", "category_display": "Rumah Sakit & Fasilitas Medis", "city_regency": "Jakarta Pusat", "latitude": -6.198601, "longitude": 106.836835, "source_reference": "hospitals_jakarta.gpkg:482346485", "asset_id": "RS-0166", "is_buffer": false, "batch_no": 6, "notes": null }, "geometry": { "type": "Point", "coordinates": [ 106.836835, -6.198601 ] } },
{ "type": "Feature", "properties": { "asset_name": "Rumah Sakit Umum Al Fauzan", "category": "hospital", "category_display": "Rumah Sakit & Fasilitas Medis", "city_regency": "Jakarta Timur", "latitude": -6.29959, "longitude": 106.869093, "source_reference": "hospitals_jakarta.gpkg:482414704", "asset_id": "RS-0167", "is_buffer": false, "batch_no": 6, "notes": null }, "geometry": { "type": "Point", "coordinates": [ 106.869093, -6.29959 ] } },
{ "type": "Feature", "properties": { "asset_name": "RS K", "category": "hospital", "category_display": "Rumah Sakit & Fasilitas Medis", "city_regency": "Jakarta Pusat", "latitude": -6.202038, "longitude": 106.846883, "source_reference": "hospitals_jakarta.gpkg:483382036", "asset_id": "RS-0168", "is_buffer": false, "batch_no": 6, "notes": null }, "geometry": { "type": "Point", "coordinates": [ 106.846883, -6.202038 ] } },
{ "type": "Feature", "properties": { "asset_name": "Rumah Sakit Siloam", "category": "hospital", "category_display": "Rumah Sakit & Fasilitas Medis", "city_regency": "Jakarta Pusat", "latitude": -6.219098, "longitude": 106.817201, "source_reference": "hospitals_jakarta.gpkg:485074669", "asset_id": "RS-0169", "is_buffer": false, "batch_no": 6, "notes": null }, "geometry": { "type": "Point", "coordinates": [ 106.817201, -6.219098 ] } },
{ "type": "Feature", "properties": { "asset_name": "Rumah Sakit Ibu Dan Anak Brawijaya Duren Tiga", "category": "hospital", "category_display": "Rumah Sakit & Fasilitas Medis", "city_regency": "Jakarta Timur", "latitude": -6.253289, "longitude": 106.841193, "source_reference": "hospitals_jakarta.gpkg:485298952", "asset_id": "RS-0170", "is_buffer": false, "batch_no": 6, "notes": null }, "geometry": { "type": "Point", "coordinates": [ 106.841193, -6.253289 ] } },
{ "type": "Feature", "properties": { "asset_name": "RSU Bunda Jakarta", "category": "hospital", "category_display": "Rumah Sakit & Fasilitas Medis", "city_regency": "Jakarta Pusat", "latitude": -6.195965, "longitude": 106.837165, "source_reference": "hospitals_jakarta.gpkg:485813728", "asset_id": "RS-0171", "is_buffer": false, "batch_no": 6, "notes": null }, "geometry": { "type": "Point", "coordinates": [ 106.837165, -6.195965 ] } },
{ "type": "Feature", "properties": { "asset_name": "Rumah Sakit YPK Mandiri", "category": "hospital", "category_display": "Rumah Sakit & Fasilitas Medis", "city_regency": "Jakarta Pusat", "latitude": -6.191315, "longitude": 106.827854, "source_reference": "hospitals_jakarta.gpkg:485813873", "asset_id": "RS-0172", "is_buffer": false, "batch_no": 6, "notes": null }, "geometry": { "type": "Point", "coordinates": [ 106.827854, -6.191315 ] } },
{ "type": "Feature", "properties": { "asset_name": "Rumah Sakit Medistra", "category": "hospital", "category_display": "Rumah Sakit & Fasilitas Medis", "city_regency": "Jakarta Timur", "latitude": -6.23985, "longitude": 106.833666, "source_reference": "hospitals_jakarta.gpkg:17478768", "asset_id": "RS-0173", "is_buffer": false, "batch_no": 6, "notes": "Hot-Swapped dari pool gpkg lokal (pengganti RSIA Sayyidah 404)" }, "geometry": { "type": "Point", "coordinates": [ 106.833666, -6.23985 ] } },
{ "type": "Feature", "properties": { "asset_name": "Rumah Sehat Sunda Kelapa", "category": "hospital", "category_display": "Rumah Sakit & Fasilitas Medis", "city_regency": "Jakarta Pusat", "latitude": -6.200801, "longitude": 106.831928, "source_reference": "hospitals_jakarta.gpkg:486544471", "asset_id": "RS-0174", "is_buffer": false, "batch_no": 6, "notes": null }, "geometry": { "type": "Point", "coordinates": [ 106.831928, -6.200801 ] } },
{ "type": "Feature", "properties": { "asset_name": "Rumah Sakit Ibu dan Anak Budhi Jaya", "category": "hospital", "category_display": "Rumah Sakit & Fasilitas Medis", "city_regency": "Jakarta Pusat", "latitude": -6.218954, "longitude": 106.844944, "source_reference": "hospitals_jakarta.gpkg:487295990", "asset_id": "RS-0175", "is_buffer": false, "batch_no": 6, "notes": null }, "geometry": { "type": "Point", "coordinates": [ 106.844944, -6.218954 ] } },
{ "type": "Feature", "properties": { "asset_name": "Rumah Sakit Bersalin Elshama", "category": "hospital", "category_display": "Rumah Sakit & Fasilitas Medis", "city_regency": "Jakarta Timur", "latitude": -6.281785, "longitude": 106.871516, "source_reference": "hospitals_jakarta.gpkg:488434301", "asset_id": "RS-0176", "is_buffer": false, "batch_no": 6, "notes": null }, "geometry": { "type": "Point", "coordinates": [ 106.871516, -6.281785 ] } },
{ "type": "Feature", "properties": { "asset_name": "Rumah Sakit Umum Pengayoman", "category": "hospital", "category_display": "Rumah Sakit & Fasilitas Medis", "city_regency": "Jakarta Timur", "latitude": -6.21559, "longitude": 106.883797, "source_reference": "hospitals_jakarta.gpkg:488436069", "asset_id": "RS-0177", "is_buffer": false, "batch_no": 6, "notes": null }, "geometry": { "type": "Point", "coordinates": [ 106.883797, -6.21559 ] } },
{ "type": "Feature", "properties": { "asset_name": "Rumah Sakit Harapan Jayakarta", "category": "hospital", "category_display": "Rumah Sakit & Fasilitas Medis", "city_regency": "Jakarta Timur", "latitude": -6.195001, "longitude": 106.905853, "source_reference": "hospitals_jakarta.gpkg:488480763", "asset_id": "RS-0178", "is_buffer": false, "batch_no": 6, "notes": null }, "geometry": { "type": "Point", "coordinates": [ 106.905853, -6.195001 ] } },
{ "type": "Feature", "properties": { "asset_name": "RSCM Unit Pelayanan Mata", "category": "hospital", "category_display": "Rumah Sakit & Fasilitas Medis", "city_regency": "Jakarta Pusat", "latitude": -6.197373, "longitude": 106.844703, "source_reference": "hospitals_jakarta.gpkg:489532419", "asset_id": "RS-0179", "is_buffer": false, "batch_no": 6, "notes": null }, "geometry": { "type": "Point", "coordinates": [ 106.844703, -6.197373 ] } },
{ "type": "Feature", "properties": { "asset_name": "Rumah Sakit St. Carolus", "category": "hospital", "category_display": "Rumah Sakit & Fasilitas Medis", "city_regency": "Jakarta Pusat", "latitude": -6.195478, "longitude": 106.851413, "source_reference": "hospitals_jakarta.gpkg:491242356", "asset_id": "RS-0180", "is_buffer": false, "batch_no": 6, "notes": null }, "geometry": { "type": "Point", "coordinates": [ 106.851413, -6.195478 ] } },
{ "type": "Feature", "properties": { "asset_name": "RSKGM - FKG UI", "category": "hospital", "category_display": "Rumah Sakit & Fasilitas Medis", "city_regency": "Jakarta Pusat", "latitude": -6.194345, "longitude": 106.848632, "source_reference": "hospitals_jakarta.gpkg:491242371", "asset_id": "RS-0181", "is_buffer": false, "batch_no": 6, "notes": null }, "geometry": { "type": "Point", "coordinates": [ 106.848632, -6.194345 ] } },
{ "type": "Feature", "properties": { "asset_name": "Rumah Sakit Cipto Mangunkusumo", "category": "hospital", "category_display": "Rumah Sakit & Fasilitas Medis", "city_regency": "Jakarta Pusat", "latitude": -6.197009, "longitude": 106.846855, "source_reference": "hospitals_jakarta.gpkg:491244198", "asset_id": "RS-0182", "is_buffer": false, "batch_no": 6, "notes": null }, "geometry": { "type": "Point", "coordinates": [ 106.846855, -6.197009 ] } },
{ "type": "Feature", "properties": { "asset_name": "Rumah Sakit Islam Jakarta", "category": "hospital", "category_display": "Rumah Sakit & Fasilitas Medis", "city_regency": "Jakarta Timur", "latitude": -6.17142, "longitude": 106.871275, "source_reference": "hospitals_jakarta.gpkg:492989001", "asset_id": "RS-0183", "is_buffer": false, "batch_no": 6, "notes": null }, "geometry": { "type": "Point", "coordinates": [ 106.871275, -6.17142 ] } },
{ "type": "Feature", "properties": { "asset_name": "Rumah Sakit Kanker \"Dharmais\"", "category": "hospital", "category_display": "Rumah Sakit & Fasilitas Medis", "city_regency": "Jakarta Barat", "latitude": -6.186792, "longitude": 106.797962, "source_reference": "hospitals_jakarta.gpkg:495395057", "asset_id": "RS-0184", "is_buffer": false, "batch_no": 6, "notes": null }, "geometry": { "type": "Point", "coordinates": [ 106.797962, -6.186792 ] } },
{ "type": "Feature", "properties": { "asset_name": "RSU Kecamatan Kembangan", "category": "hospital", "category_display": "Rumah Sakit & Fasilitas Medis", "city_regency": "Kota Tangerang", "latitude": -6.194697, "longitude": 106.736273, "source_reference": "hospitals_jakarta.gpkg:495402738", "asset_id": "RS-0185", "is_buffer": false, "batch_no": 6, "notes": null }, "geometry": { "type": "Point", "coordinates": [ 106.736273, -6.194697 ] } },
{ "type": "Feature", "properties": { "asset_name": "RSAB Harapan Kita", "category": "hospital", "category_display": "Rumah Sakit & Fasilitas Medis", "city_regency": "Jakarta Barat", "latitude": -6.185164, "longitude": 106.79928, "source_reference": "hospitals_jakarta.gpkg:496038039", "asset_id": "RS-0186", "is_buffer": false, "batch_no": 6, "notes": null }, "geometry": { "type": "Point", "coordinates": [ 106.79928, -6.185164 ] } },
{ "type": "Feature", "properties": { "asset_name": "Rumah Sakit THT Bedah Prof. Nizar", "category": "hospital", "category_display": "Rumah Sakit & Fasilitas Medis", "city_regency": "Jakarta Pusat", "latitude": -6.171241, "longitude": 106.815425, "source_reference": "hospitals_jakarta.gpkg:496643326", "asset_id": "RS-0187", "is_buffer": false, "batch_no": 6, "notes": null }, "geometry": { "type": "Point", "coordinates": [ 106.815425, -6.171241 ] } },
{ "type": "Feature", "properties": { "asset_name": "RS Khusus Mata SMECO Jakarta", "category": "hospital", "category_display": "Rumah Sakit & Fasilitas Medis", "city_regency": "Jakarta Timur", "latitude": -6.192739, "longitude": 106.882709, "source_reference": "hospitals_jakarta.gpkg:496806581", "asset_id": "RS-0188", "is_buffer": false, "batch_no": 6, "notes": null }, "geometry": { "type": "Point", "coordinates": [ 106.882709, -6.192739 ] } },
{ "type": "Feature", "properties": { "asset_name": "Rumah Sakit Mata Primasana", "category": "hospital", "category_display": "Rumah Sakit & Fasilitas Medis", "city_regency": "Jakarta Utara", "latitude": -6.11428, "longitude": 106.889787, "source_reference": "hospitals_jakarta.gpkg:498439150", "asset_id": "RS-0189", "is_buffer": false, "batch_no": 6, "notes": null }, "geometry": { "type": "Point", "coordinates": [ 106.889787, -6.11428 ] } },
{ "type": "Feature", "properties": { "asset_name": "Klinik Mata Nusantara", "category": "hospital", "category_display": "Rumah Sakit & Fasilitas Medis", "city_regency": "Jakarta Selatan", "latitude": -6.291712, "longitude": 106.782528, "source_reference": "hospitals_jakarta.gpkg:498489836", "asset_id": "RS-0190", "is_buffer": false, "batch_no": 6, "notes": null }, "geometry": { "type": "Point", "coordinates": [ 106.782528, -6.291712 ] } },
{ "type": "Feature", "properties": { "asset_name": "Klinik Kandungan Adinaya by dr. Widi, SpOG", "category": "hospital", "category_display": "Rumah Sakit & Fasilitas Medis", "city_regency": "Kota Depok", "latitude": -6.346969, "longitude": 106.89472, "source_reference": "hospitals_jakarta.gpkg:498534952", "asset_id": "RS-0191", "is_buffer": false, "batch_no": 6, "notes": null }, "geometry": { "type": "Point", "coordinates": [ 106.89472, -6.346969 ] } },
{ "type": "Feature", "properties": { "asset_name": "RS Bersalin Rosa Kartika", "category": "hospital", "category_display": "Rumah Sakit & Fasilitas Medis", "city_regency": "Kota Depok", "latitude": -6.327872, "longitude": 106.822768, "source_reference": "hospitals_jakarta.gpkg:500052290", "asset_id": "RS-0192", "is_buffer": false, "batch_no": 6, "notes": null }, "geometry": { "type": "Point", "coordinates": [ 106.822768, -6.327872 ] } },
{ "type": "Feature", "properties": { "asset_name": "Rumah Sakit Olahraga Nasional", "category": "hospital", "category_display": "Rumah Sakit & Fasilitas Medis", "city_regency": "Kota Depok", "latitude": -6.368543, "longitude": 106.892766, "source_reference": "hospitals_jakarta.gpkg:500082522", "asset_id": "RS-0193", "is_buffer": false, "batch_no": 6, "notes": null }, "geometry": { "type": "Point", "coordinates": [ 106.892766, -6.368543 ] } },
{ "type": "Feature", "properties": { "asset_name": "RSPAD Gatot Soebroto", "category": "hospital", "category_display": "Rumah Sakit & Fasilitas Medis", "city_regency": "Jakarta Pusat", "latitude": -6.176683, "longitude": 106.836965, "source_reference": "hospitals_jakarta.gpkg:500318061", "asset_id": "RS-0194", "is_buffer": false, "batch_no": 6, "notes": null }, "geometry": { "type": "Point", "coordinates": [ 106.836965, -6.176683 ] } },
{ "type": "Feature", "properties": { "asset_name": "RS MCC", "category": "hospital", "category_display": "Rumah Sakit & Fasilitas Medis", "city_regency": "Jakarta Timur", "latitude": -6.219974, "longitude": 106.832452, "source_reference": "hospitals_jakarta.gpkg:17510859", "asset_id": "RS-0195", "is_buffer": false, "batch_no": 6, "notes": "Hot-Swapped dari pool gpkg lokal (pengganti RS Islam Jakarta Pondok Kopi 404)" }, "geometry": { "type": "Point", "coordinates": [ 106.832452, -6.219974 ] } },
{ "type": "Feature", "properties": { "asset_name": "RS Ibu dan Anak Andhika", "category": "hospital", "category_display": "Rumah Sakit & Fasilitas Medis", "city_regency": "Kota Depok", "latitude": -6.34425, "longitude": 106.814306, "source_reference": "hospitals_jakarta.gpkg:506895845", "asset_id": "RS-0196", "is_buffer": false, "batch_no": 6, "notes": null }, "geometry": { "type": "Point", "coordinates": [ 106.814306, -6.34425 ] } },
{ "type": "Feature", "properties": { "asset_name": "Rumah Sakit Umum Daerah Kalideres", "category": "hospital", "category_display": "Rumah Sakit & Fasilitas Medis", "city_regency": "Kota Tangerang", "latitude": -6.12684, "longitude": 106.703995, "source_reference": "hospitals_jakarta.gpkg:507486831", "asset_id": "RS-0197", "is_buffer": false, "batch_no": 6, "notes": null }, "geometry": { "type": "Point", "coordinates": [ 106.703995, -6.12684 ] } },
{ "type": "Feature", "properties": { "asset_name": "RSIA SamMarie Basra", "category": "hospital", "category_display": "Rumah Sakit & Fasilitas Medis", "city_regency": "Jakarta Timur", "latitude": -6.229213, "longitude": 106.897305, "source_reference": "hospitals_jakarta.gpkg:509344178", "asset_id": "RS-0198", "is_buffer": false, "batch_no": 6, "notes": null }, "geometry": { "type": "Point", "coordinates": [ 106.897305, -6.229213 ] } },
{ "type": "Feature", "properties": { "asset_name": "RSIA Bunda Aliyah", "category": "hospital", "category_display": "Rumah Sakit & Fasilitas Medis", "city_regency": "Jakarta Timur", "latitude": -6.233233, "longitude": 106.897207, "source_reference": "hospitals_jakarta.gpkg:509360288", "asset_id": "RS-0199", "is_buffer": false, "batch_no": 6, "notes": null }, "geometry": { "type": "Point", "coordinates": [ 106.897207, -6.233233 ] } },
{ "type": "Feature", "properties": { "asset_name": "RSIA Kemang", "category": "hospital", "category_display": "Rumah Sakit & Fasilitas Medis", "city_regency": "Jakarta Selatan", "latitude": -6.286145, "longitude": 106.819323, "source_reference": "hospitals_jakarta.gpkg:509782590", "asset_id": "RS-0200", "is_buffer": false, "batch_no": 6, "notes": null }, "geometry": { "type": "Point", "coordinates": [ 106.819323, -6.286145 ] } },
{ "type": "Feature", "properties": { "asset_name": "Rumah Sakit Cijantung", "category": "hospital", "category_display": "Rumah Sakit & Fasilitas Medis", "city_regency": "Jakarta Timur", "latitude": -6.307497, "longitude": 106.858893, "source_reference": "hospitals_jakarta.gpkg:119913162", "asset_id": "RS-0201", "is_buffer": false, "batch_no": 6, "notes": "Hot-Swapped dari pool gpkg lokal (pengganti Rumah Sakit Ibu Anak dr. Euis 404)" }, "geometry": { "type": "Point", "coordinates": [ 106.858893, -6.307497 ] } },
{ "type": "Feature", "properties": { "asset_name": "Rumah Sakit Husada", "category": "hospital", "category_display": "Rumah Sakit & Fasilitas Medis", "city_regency": "Jakarta Utara", "latitude": -6.146203, "longitude": 106.829021, "source_reference": "hospitals_jakarta.gpkg:510416128", "asset_id": "RS-0202", "is_buffer": false, "batch_no": 6, "notes": null }, "geometry": { "type": "Point", "coordinates": [ 106.829021, -6.146203 ] } },
{ "type": "Feature", "properties": { "asset_name": "Rumah Sakit Bina Sehat Mandiri", "category": "hospital", "category_display": "Rumah Sakit & Fasilitas Medis", "city_regency": "Jakarta Barat", "latitude": -6.185599, "longitude": 106.771461, "source_reference": "hospitals_jakarta.gpkg:511178888", "asset_id": "RS-0203", "is_buffer": false, "batch_no": 6, "notes": null }, "geometry": { "type": "Point", "coordinates": [ 106.771461, -6.185599 ] } },
{ "type": "Feature", "properties": { "asset_name": "RS Ukrida Duri Kepa", "category": "hospital", "category_display": "Rumah Sakit & Fasilitas Medis", "city_regency": "Jakarta Barat", "latitude": -6.185166, "longitude": 106.780787, "source_reference": "hospitals_jakarta.gpkg:511186795", "asset_id": "RS-0204", "is_buffer": false, "batch_no": 6, "notes": null }, "geometry": { "type": "Point", "coordinates": [ 106.780787, -6.185166 ] } },
{ "type": "Feature", "properties": { "asset_name": "Rumah Sakit Jantung Binawaluya", "category": "hospital", "category_display": "Rumah Sakit & Fasilitas Medis", "city_regency": "Jakarta Timur", "latitude": -6.307985, "longitude": 106.870917, "source_reference": "hospitals_jakarta.gpkg:511210788", "asset_id": "RS-0205", "is_buffer": false, "batch_no": 6, "notes": null }, "geometry": { "type": "Point", "coordinates": [ 106.870917, -6.307985 ] } },
{ "type": "Feature", "properties": { "asset_name": "Rumah Sakit Duren Sawit", "category": "hospital", "category_display": "Rumah Sakit & Fasilitas Medis", "city_regency": "Jakarta Timur", "latitude": -6.23187, "longitude": 106.909484, "source_reference": "hospitals_jakarta.gpkg:511269098", "asset_id": "RS-0206", "is_buffer": false, "batch_no": 6, "notes": null }, "geometry": { "type": "Point", "coordinates": [ 106.909484, -6.23187 ] } },
{ "type": "Feature", "properties": { "asset_name": "Rumah Sakit Umum Pusat Fatmawati", "category": "hospital", "category_display": "Rumah Sakit & Fasilitas Medis", "city_regency": "Jakarta Selatan", "latitude": -6.295111, "longitude": 106.796194, "source_reference": "hospitals_jakarta.gpkg:513565284", "asset_id": "RS-0207", "is_buffer": false, "batch_no": 6, "notes": null }, "geometry": { "type": "Point", "coordinates": [ 106.796194, -6.295111 ] } },
{ "type": "Feature", "properties": { "asset_name": "PMI Kota Jakarta Utara", "category": "hospital", "category_display": "Rumah Sakit & Fasilitas Medis", "city_regency": "Jakarta Utara", "latitude": -6.131701, "longitude": 106.914479, "source_reference": "hospitals_jakarta.gpkg:514372137", "asset_id": "RS-0208", "is_buffer": false, "batch_no": 6, "notes": null }, "geometry": { "type": "Point", "coordinates": [ 106.914479, -6.131701 ] } },
{ "type": "Feature", "properties": { "asset_name": "RS Sanatorium Dharmawangsa", "category": "hospital", "category_display": "Rumah Sakit & Fasilitas Medis", "city_regency": "Jakarta Selatan", "latitude": -6.255032, "longitude": 106.802801, "source_reference": "hospitals_jakarta.gpkg:514454612", "asset_id": "RS-0209", "is_buffer": false, "batch_no": 6, "notes": null }, "geometry": { "type": "Point", "coordinates": [ 106.802801, -6.255032 ] } },
{ "type": "Feature", "properties": { "asset_name": "RSUD Kebayoran Baru", "category": "hospital", "category_display": "Rumah Sakit & Fasilitas Medis", "city_regency": "Jakarta Selatan", "latitude": -6.265521, "longitude": 106.798658, "source_reference": "hospitals_jakarta.gpkg:514464730", "asset_id": "RS-0210", "is_buffer": false, "batch_no": 6, "notes": null }, "geometry": { "type": "Point", "coordinates": [ 106.798658, -6.265521 ] } },
{ "type": "Feature", "properties": { "asset_name": "RSIA SANTO YUSUF", "category": "hospital", "category_display": "Rumah Sakit & Fasilitas Medis", "city_regency": "Jakarta Utara", "latitude": -6.117101, "longitude": 106.881699, "source_reference": "hospitals_jakarta.gpkg:514677664", "asset_id": "RS-0211", "is_buffer": false, "batch_no": 6, "notes": null }, "geometry": { "type": "Point", "coordinates": [ 106.881699, -6.117101 ] } },
{ "type": "Feature", "properties": { "asset_name": "RS Khusus THT- Bedah Ciranjang", "category": "hospital", "category_display": "Rumah Sakit & Fasilitas Medis", "city_regency": "Jakarta Selatan", "latitude": -6.236712, "longitude": 106.811307, "source_reference": "hospitals_jakarta.gpkg:515753829", "asset_id": "RS-0212", "is_buffer": false, "batch_no": 6, "notes": null }, "geometry": { "type": "Point", "coordinates": [ 106.811307, -6.236712 ] } },
{ "type": "Feature", "properties": { "asset_name": "Rumah Sakit Ibu dan Anak Panti Nugraha", "category": "hospital", "category_display": "Rumah Sakit & Fasilitas Medis", "city_regency": "Jakarta Selatan", "latitude": -6.236483, "longitude": 106.815862, "source_reference": "hospitals_jakarta.gpkg:515753856", "asset_id": "RS-0213", "is_buffer": false, "batch_no": 6, "notes": null }, "geometry": { "type": "Point", "coordinates": [ 106.815862, -6.236483 ] } },
{ "type": "Feature", "properties": { "asset_name": "RSIA Asih", "category": "hospital", "category_display": "Rumah Sakit & Fasilitas Medis", "city_regency": "Jakarta Selatan", "latitude": -6.24798, "longitude": 106.800922, "source_reference": "hospitals_jakarta.gpkg:516544702", "asset_id": "RS-0214", "is_buffer": false, "batch_no": 6, "notes": null }, "geometry": { "type": "Point", "coordinates": [ 106.800922, -6.24798 ] } },
{ "type": "Feature", "properties": { "asset_name": "Rumah Sakit Jiwa Dr Soeharto Heerdjan", "category": "hospital", "category_display": "Rumah Sakit & Fasilitas Medis", "city_regency": "Jakarta Barat", "latitude": -6.16281, "longitude": 106.788391, "source_reference": "hospitals_jakarta.gpkg:517182375", "asset_id": "RS-0215", "is_buffer": false, "batch_no": 6, "notes": null }, "geometry": { "type": "Point", "coordinates": [ 106.788391, -6.16281 ] } },
{ "type": "Feature", "properties": { "asset_name": "Rumah Sakit Umum Daerah (RSUD) Koja", "category": "hospital", "category_display": "Rumah Sakit & Fasilitas Medis", "city_regency": "Jakarta Utara", "latitude": -6.108924, "longitude": 106.900082, "source_reference": "hospitals_jakarta.gpkg:517559312", "asset_id": "RS-0216", "is_buffer": false, "batch_no": 6, "notes": null }, "geometry": { "type": "Point", "coordinates": [ 106.900082, -6.108924 ] } },
{ "type": "Feature", "properties": { "asset_name": "Rumah Sakit Sumber Waras", "category": "hospital", "category_display": "Rumah Sakit & Fasilitas Medis", "city_regency": "Jakarta Barat", "latitude": -6.167997, "longitude": 106.798149, "source_reference": "hospitals_jakarta.gpkg:518483232", "asset_id": "RS-0217", "is_buffer": false, "batch_no": 6, "notes": null }, "geometry": { "type": "Point", "coordinates": [ 106.798149, -6.167997 ] } },
{ "type": "Feature", "properties": { "asset_name": "Kartini Hospital", "category": "hospital", "category_display": "Rumah Sakit & Fasilitas Medis", "city_regency": "Jakarta Selatan", "latitude": -6.238343, "longitude": 106.769776, "source_reference": "hospitals_jakarta.gpkg:521149157", "asset_id": "RS-0218", "is_buffer": false, "batch_no": 6, "notes": null }, "geometry": { "type": "Point", "coordinates": [ 106.769776, -6.238343 ] } },
{ "type": "Feature", "properties": { "asset_name": "RS Pertamina Tanjung Duren", "category": "hospital", "category_display": "Rumah Sakit & Fasilitas Medis", "city_regency": "Jakarta Barat", "latitude": -6.182971, "longitude": 106.790824, "source_reference": "hospitals_jakarta.gpkg:521154271", "asset_id": "RS-0219", "is_buffer": false, "batch_no": 6, "notes": null }, "geometry": { "type": "Point", "coordinates": [ 106.790824, -6.182971 ] } },
{ "type": "Feature", "properties": { "asset_name": "Rumah Sakit Bhayangkara", "category": "hospital", "category_display": "Rumah Sakit & Fasilitas Medis", "city_regency": "Jakarta Selatan", "latitude": -6.286416, "longitude": 106.770337, "source_reference": "hospitals_jakarta.gpkg:521454629", "asset_id": "RS-0220", "is_buffer": false, "batch_no": 6, "notes": null }, "geometry": { "type": "Point", "coordinates": [ 106.770337, -6.286416 ] } },
{ "type": "Feature", "properties": { "asset_name": "Toko Obat", "category": "hospital", "category_display": "Rumah Sakit & Fasilitas Medis", "city_regency": "Jakarta Utara", "latitude": -6.127751, "longitude": 106.89049, "source_reference": "hospitals_jakarta.gpkg:523567065", "asset_id": "RS-0221", "is_buffer": false, "batch_no": 6, "notes": null }, "geometry": { "type": "Point", "coordinates": [ 106.89049, -6.127751 ] } },
{ "type": "Feature", "properties": { "asset_name": "RS Husada", "category": "hospital", "category_display": "Rumah Sakit & Fasilitas Medis", "city_regency": "Jakarta Utara", "latitude": -6.136254, "longitude": 106.799322, "source_reference": "hospitals_jakarta.gpkg:525515369", "asset_id": "RS-0222", "is_buffer": false, "batch_no": 6, "notes": null }, "geometry": { "type": "Point", "coordinates": [ 106.799322, -6.136254 ] } },
{ "type": "Feature", "properties": { "asset_name": "Rumah Sakit Atma Jaya", "category": "hospital", "category_display": "Rumah Sakit & Fasilitas Medis", "city_regency": "Jakarta Utara", "latitude": -6.126338, "longitude": 106.793028, "source_reference": "hospitals_jakarta.gpkg:525515460", "asset_id": "RS-0223", "is_buffer": false, "batch_no": 6, "notes": null }, "geometry": { "type": "Point", "coordinates": [ 106.793028, -6.126338 ] } },
{ "type": "Feature", "properties": { "asset_name": "RSIA Family", "category": "hospital", "category_display": "Rumah Sakit & Fasilitas Medis", "city_regency": "Jakarta Utara", "latitude": -6.133375, "longitude": 106.790357, "source_reference": "hospitals_jakarta.gpkg:525787696", "asset_id": "RS-0224", "is_buffer": false, "batch_no": 6, "notes": null }, "geometry": { "type": "Point", "coordinates": [ 106.790357, -6.133375 ] } },
{ "type": "Feature", "properties": { "asset_name": "RSIA Brawijaya", "category": "hospital", "category_display": "Rumah Sakit & Fasilitas Medis", "city_regency": "Jakarta Selatan", "latitude": -6.257719, "longitude": 106.807701, "source_reference": "hospitals_jakarta.gpkg:527999398", "asset_id": "RS-0225", "is_buffer": false, "batch_no": 6, "notes": null }, "geometry": { "type": "Point", "coordinates": [ 106.807701, -6.257719 ] } },
{ "type": "Feature", "properties": { "asset_name": "Rumah Sakit Gigi Dan Mulut Fakultas Kedokteran Gigi Universitas Prof. Dr. Moestopo Bintaro", "category": "hospital", "category_display": "Rumah Sakit & Fasilitas Medis", "city_regency": "Jakarta Selatan", "latitude": -6.258815, "longitude": 106.764927, "source_reference": "hospitals_jakarta.gpkg:528074194", "asset_id": "RS-0226", "is_buffer": false, "batch_no": 6, "notes": null }, "geometry": { "type": "Point", "coordinates": [ 106.764927, -6.258815 ] } },
{ "type": "Feature", "properties": { "asset_name": "RSIA Restu Kasih", "category": "hospital", "category_display": "Rumah Sakit & Fasilitas Medis", "city_regency": "Jakarta Timur", "latitude": -6.265713, "longitude": 106.866477, "source_reference": "hospitals_jakarta.gpkg:782976876", "asset_id": "RS-0227", "is_buffer": false, "batch_no": 6, "notes": null }, "geometry": { "type": "Point", "coordinates": [ 106.866477, -6.265713 ] } },
{ "type": "Feature", "properties": { "asset_name": "RS Angkatan Udara Dr. Esnawan Antariksa", "category": "hospital", "category_display": "Rumah Sakit & Fasilitas Medis", "city_regency": "Jakarta Timur", "latitude": -6.257478, "longitude": 106.892199, "source_reference": "hospitals_jakarta.gpkg:782995198", "asset_id": "RS-0228", "is_buffer": false, "batch_no": 6, "notes": null }, "geometry": { "type": "Point", "coordinates": [ 106.892199, -6.257478 ] } },
{ "type": "Feature", "properties": { "asset_name": "RSIA Bunda Jakarta", "category": "hospital", "category_display": "Rumah Sakit & Fasilitas Medis", "city_regency": "Jakarta Pusat", "latitude": -6.196102, "longitude": 106.836354, "source_reference": "hospitals_jakarta.gpkg:783767234", "asset_id": "RS-0229", "is_buffer": false, "batch_no": 6, "notes": null }, "geometry": { "type": "Point", "coordinates": [ 106.836354, -6.196102 ] } },
{ "type": "Feature", "properties": { "asset_name": "RSUD Cengkareng", "category": "hospital", "category_display": "Rumah Sakit & Fasilitas Medis", "city_regency": "Kota Tangerang", "latitude": -6.142965, "longitude": 106.734887, "source_reference": "hospitals_jakarta.gpkg:783775577", "asset_id": "RS-0230", "is_buffer": false, "batch_no": 6, "notes": null }, "geometry": { "type": "Point", "coordinates": [ 106.734887, -6.142965 ] } },
{ "type": "Feature", "properties": { "asset_name": "RSUD Pasar Minggu Jakarta", "category": "hospital", "category_display": "Rumah Sakit & Fasilitas Medis", "city_regency": "Jakarta Selatan", "latitude": -6.294071, "longitude": 106.81988, "source_reference": "hospitals_jakarta.gpkg:917333594", "asset_id": "RS-0231", "is_buffer": false, "batch_no": 6, "notes": null }, "geometry": { "type": "Point", "coordinates": [ 106.81988, -6.294071 ] } },
{ "type": "Feature", "properties": { "asset_name": "RS Siaga Raya", "category": "hospital", "category_display": "Rumah Sakit & Fasilitas Medis", "city_regency": "Jakarta Timur", "latitude": -6.272861, "longitude": 106.839121, "source_reference": "hospitals_jakarta.gpkg:924776348", "asset_id": "RS-0232", "is_buffer": false, "batch_no": 6, "notes": null }, "geometry": { "type": "Point", "coordinates": [ 106.839121, -6.272861 ] } },
{ "type": "Feature", "properties": { "asset_name": "Rumah Sakit Pusat Otak Nasional Prof. Dr. dr. Mahar Mardjono Jakarta", "category": "hospital", "category_display": "Rumah Sakit & Fasilitas Medis", "city_regency": "Jakarta Timur", "latitude": -6.246317, "longitude": 106.869725, "source_reference": "hospitals_jakarta.gpkg:927020149", "asset_id": "RS-0233", "is_buffer": false, "batch_no": 6, "notes": null }, "geometry": { "type": "Point", "coordinates": [ 106.869725, -6.246317 ] } },
{ "type": "Feature", "properties": { "asset_name": "RS Pusat Pertamina", "category": "hospital", "category_display": "Rumah Sakit & Fasilitas Medis", "city_regency": "Jakarta Selatan", "latitude": -6.240092, "longitude": 106.79331, "source_reference": "hospitals_jakarta.gpkg:933179109", "asset_id": "RS-0234", "is_buffer": false, "batch_no": 6, "notes": null }, "geometry": { "type": "Point", "coordinates": [ 106.79331, -6.240092 ] } },
{ "type": "Feature", "properties": { "asset_name": "Puskesmas Kecamatan Pesanggrahan", "category": "hospital", "category_display": "Rumah Sakit & Fasilitas Medis", "city_regency": "Jakarta Selatan", "latitude": -6.223748, "longitude": 106.759986, "source_reference": "hospitals_jakarta.gpkg:933663646", "asset_id": "RS-0235", "is_buffer": false, "batch_no": 6, "notes": null }, "geometry": { "type": "Point", "coordinates": [ 106.759986, -6.223748 ] } },
{ "type": "Feature", "properties": { "asset_name": "RS Abdi Waluyo Physiotherapy", "category": "hospital", "category_display": "Rumah Sakit & Fasilitas Medis", "city_regency": "Jakarta Pusat", "latitude": -6.188914, "longitude": 106.828595, "source_reference": "hospitals_jakarta.gpkg:980076978", "asset_id": "RS-0236", "is_buffer": false, "batch_no": 6, "notes": null }, "geometry": { "type": "Point", "coordinates": [ 106.828595, -6.188914 ] } },
{ "type": "Feature", "properties": { "asset_name": "Siloam Hospitals", "category": "hospital", "category_display": "Rumah Sakit & Fasilitas Medis", "city_regency": "Jakarta Selatan", "latitude": -6.292612, "longitude": 106.784328, "source_reference": "hospitals_jakarta.gpkg:1215624271", "asset_id": "RS-0237", "is_buffer": false, "batch_no": 6, "notes": null }, "geometry": { "type": "Point", "coordinates": [ 106.784328, -6.292612 ] } },
{ "type": "Feature", "properties": { "asset_name": "Mayapada Hospital", "category": "hospital", "category_display": "Rumah Sakit & Fasilitas Medis", "city_regency": "Jakarta Selatan", "latitude": -6.29815, "longitude": 106.785937, "source_reference": "hospitals_jakarta.gpkg:1215624275", "asset_id": "RS-0238", "is_buffer": false, "batch_no": 6, "notes": null }, "geometry": { "type": "Point", "coordinates": [ 106.785937, -6.29815 ] } },
{ "type": "Feature", "properties": { "asset_name": "RSPI Prof. Dr. Sulianti Saroso", "category": "hospital", "category_display": "Rumah Sakit & Fasilitas Medis", "city_regency": "Jakarta Utara", "latitude": -6.129553, "longitude": 106.862378, "source_reference": "hospitals_jakarta.gpkg:1221031552", "asset_id": "RS-0239", "is_buffer": false, "batch_no": 6, "notes": null }, "geometry": { "type": "Point", "coordinates": [ 106.862378, -6.129553 ] } },
{ "type": "Feature", "properties": { "asset_name": "Tzu Chi Hospital", "category": "hospital", "category_display": "Rumah Sakit & Fasilitas Medis", "city_regency": "Kota Tangerang", "latitude": -6.106029, "longitude": 106.738941, "source_reference": "hospitals_jakarta.gpkg:1278557235", "asset_id": "RS-0240", "is_buffer": false, "batch_no": 6, "notes": null }, "geometry": { "type": "Point", "coordinates": [ 106.738941, -6.106029 ] } },
{ "type": "Feature", "properties": { "asset_name": "RS Mitra Keluarga Kalideres", "category": "hospital", "category_display": "Rumah Sakit & Fasilitas Medis", "city_regency": "Kota Tangerang", "latitude": -6.149656, "longitude": 106.701538, "source_reference": "hospitals_jakarta.gpkg:1289553197", "asset_id": "RS-0241", "is_buffer": false, "batch_no": 6, "notes": null }, "geometry": { "type": "Point", "coordinates": [ 106.701538, -6.149656 ] } },
{ "type": "Feature", "properties": { "asset_name": "Siloam Hospitals Mampang", "category": "hospital", "category_display": "Rumah Sakit & Fasilitas Medis", "city_regency": "Jakarta Selatan", "latitude": -6.253556, "longitude": 106.826661, "source_reference": "hospitals_jakarta.gpkg:1413415663", "asset_id": "RS-0242", "is_buffer": false, "batch_no": 6, "notes": null }, "geometry": { "type": "Point", "coordinates": [ 106.826661, -6.253556 ] } },
{ "type": "Feature", "properties": { "asset_name": "RSIA Grand Family", "category": "hospital", "category_display": "Rumah Sakit & Fasilitas Medis", "city_regency": "Kota Tangerang", "latitude": -6.123072, "longitude": 106.739039, "source_reference": "hospitals_jakarta.gpkg:1433665749", "asset_id": "RS-0243", "is_buffer": false, "batch_no": 6, "notes": null }, "geometry": { "type": "Point", "coordinates": [ 106.739039, -6.123072 ] } },
{ "type": "Feature", "properties": { "asset_name": "Primaya Hospital", "category": "hospital", "category_display": "Rumah Sakit & Fasilitas Medis", "city_regency": "Jakarta Timur", "latitude": -6.164005, "longitude": 106.929623, "source_reference": "hospitals_jakarta.gpkg:1473760265", "asset_id": "RS-0244", "is_buffer": false, "batch_no": 6, "notes": null }, "geometry": { "type": "Point", "coordinates": [ 106.929623, -6.164005 ] } },
{ "type": "Feature", "properties": { "asset_name": "RSUD Cipayung", "category": "hospital", "category_display": "Rumah Sakit & Fasilitas Medis", "city_regency": "Jakarta Timur", "latitude": -6.307438, "longitude": 106.905207, "source_reference": "hospitals_jakarta.gpkg:1476920023", "asset_id": "RS-0245", "is_buffer": false, "batch_no": 6, "notes": null }, "geometry": { "type": "Point", "coordinates": [ 106.905207, -6.307438 ] } },
{ "type": "Feature", "properties": { "asset_name": "Rumah Sakit Mata JEC Kedoya", "category": "hospital", "category_display": "Rumah Sakit & Fasilitas Medis", "city_regency": "Jakarta Barat", "latitude": -6.189597, "longitude": 106.761522, "source_reference": "hospitals_jakarta.gpkg:1483467070", "asset_id": "RS-0246", "is_buffer": false, "batch_no": 6, "notes": null }, "geometry": { "type": "Point", "coordinates": [ 106.761522, -6.189597 ] } },
{ "type": "Feature", "properties": { "asset_name": "SDN Kayumanis 1", "category": "school", "category_display": "Sekolah Menengah (SMA/SMK/SMP)", "city_regency": "Kota Bogor", "latitude": -6.530175, "longitude": 106.768994, "source_reference": "osm_overpass:node/762013374", "asset_id": "SCH-0001", "is_buffer": false, "batch_no": 6, "notes": null }, "geometry": { "type": "Point", "coordinates": [ 106.768994, -6.530175 ] } },
{ "type": "Feature", "properties": { "asset_name": "SMA PGRI 4", "category": "school", "category_display": "Sekolah Menengah (SMA/SMK/SMP)", "city_regency": "Kota Bogor", "latitude": -6.5727, "longitude": 106.807485, "source_reference": "osm_overpass:node/846540104", "asset_id": "SCH-0002", "is_buffer": false, "batch_no": 6, "notes": null }, "geometry": { "type": "Point", "coordinates": [ 106.807485, -6.5727 ] } },
{ "type": "Feature", "properties": { "asset_name": "SMAN 7 Bogor", "category": "school", "category_display": "Sekolah Menengah (SMA/SMK/SMP)", "city_regency": "Kota Bogor", "latitude": -6.578061, "longitude": 106.814405, "source_reference": "osm_overpass:node/846541035", "asset_id": "SCH-0003", "is_buffer": false, "batch_no": 6, "notes": null }, "geometry": { "type": "Point", "coordinates": [ 106.814405, -6.578061 ] } },
{ "type": "Feature", "properties": { "asset_name": "SD Regina Pacis Bogor", "category": "school", "category_display": "Sekolah Menengah (SMA/SMK/SMP)", "city_regency": "Kota Bogor", "latitude": -6.592596, "longitude": 106.79633, "source_reference": "osm_overpass:node/854210476", "asset_id": "SCH-0004", "is_buffer": false, "batch_no": 6, "notes": null }, "geometry": { "type": "Point", "coordinates": [ 106.79633, -6.592596 ] } },
{ "type": "Feature", "properties": { "asset_name": "SMP Regina Pacis Bogor", "category": "school", "category_display": "Sekolah Menengah (SMA/SMK/SMP)", "city_regency": "Kota Bogor", "latitude": -6.591782, "longitude": 106.796389, "source_reference": "osm_overpass:node/854210481", "asset_id": "SCH-0005", "is_buffer": false, "batch_no": 6, "notes": null }, "geometry": { "type": "Point", "coordinates": [ 106.796389, -6.591782 ] } },
{ "type": "Feature", "properties": { "asset_name": "SMU Regina Pacis Bogor", "category": "school", "category_display": "Sekolah Menengah (SMA/SMK/SMP)", "city_regency": "Kota Bogor", "latitude": -6.592149, "longitude": 106.796042, "source_reference": "osm_overpass:node/854210482", "asset_id": "SCH-0006", "is_buffer": false, "batch_no": 6, "notes": null }, "geometry": { "type": "Point", "coordinates": [ 106.796042, -6.592149 ] } },
{ "type": "Feature", "properties": { "asset_name": "SMPN 11", "category": "school", "category_display": "Sekolah Menengah (SMA/SMK/SMP)", "city_regency": "Kota Bogor", "latitude": -6.588588, "longitude": 106.799395, "source_reference": "osm_overpass:node/856136557", "asset_id": "SCH-0007", "is_buffer": false, "batch_no": 6, "notes": null }, "geometry": { "type": "Point", "coordinates": [ 106.799395, -6.588588 ] } },
{ "type": "Feature", "properties": { "asset_name": "SD TELAGA ASIH 02", "category": "school", "category_display": "Sekolah Menengah (SMA/SMK/SMP)", "city_regency": "Kab. Bekasi", "latitude": -6.27104, "longitude": 107.103857, "source_reference": "osm_overpass:node/895295607", "asset_id": "SCH-0008", "is_buffer": false, "batch_no": 6, "notes": null }, "geometry": { "type": "Point", "coordinates": [ 107.103857, -6.27104 ] } },
{ "type": "Feature", "properties": { "asset_name": "SMP SACI", "category": "school", "category_display": "Sekolah Menengah (SMA/SMK/SMP)", "city_regency": "Kab. Bekasi", "latitude": -6.269622, "longitude": 107.103809, "source_reference": "osm_overpass:node/895295611", "asset_id": "SCH-0009", "is_buffer": false, "batch_no": 6, "notes": null }, "geometry": { "type": "Point", "coordinates": [ 107.103809, -6.269622 ] } },
{ "type": "Feature", "properties": { "asset_name": "SDN Kampung Rambutan 1", "category": "school", "category_display": "Sekolah Menengah (SMA/SMK/SMP)", "city_regency": "Kota Bogor", "latitude": -6.585678, "longitude": 106.798891, "source_reference": "osm_overpass:node/1014180686", "asset_id": "SCH-0010", "is_buffer": false, "batch_no": 6, "notes": null }, "geometry": { "type": "Point", "coordinates": [ 106.798891, -6.585678 ] } },
{ "type": "Feature", "properties": { "asset_name": "SMP", "category": "school", "category_display": "Sekolah Menengah (SMA/SMK/SMP)", "city_regency": "Kota Bogor", "latitude": -6.583728, "longitude": 106.799996, "source_reference": "osm_overpass:node/1014193049", "asset_id": "SCH-0011", "is_buffer": false, "batch_no": 6, "notes": null }, "geometry": { "type": "Point", "coordinates": [ 106.799996, -6.583728 ] } },
{ "type": "Feature", "properties": { "asset_name": "Kesatuan Bogor", "category": "school", "category_display": "Sekolah Menengah (SMA/SMK/SMP)", "city_regency": "Kota Bogor", "latitude": -6.61395, "longitude": 106.810993, "source_reference": "osm_overpass:node/1036844876", "asset_id": "SCH-0012", "is_buffer": false, "batch_no": 6, "notes": null }, "geometry": { "type": "Point", "coordinates": [ 106.810993, -6.61395 ] } },
{ "type": "Feature", "properties": { "asset_name": "SMAN 2 Cibinong", "category": "school", "category_display": "Sekolah Menengah (SMA/SMK/SMP)", "city_regency": "Kota Bogor", "latitude": -6.522998, "longitude": 106.807591, "source_reference": "osm_overpass:node/1042971264", "asset_id": "SCH-0013", "is_buffer": false, "batch_no": 6, "notes": null }, "geometry": { "type": "Point", "coordinates": [ 106.807591, -6.522998 ] } },
{ "type": "Feature", "properties": { "asset_name": "MTs Negeri 3 Bogor", "category": "school", "category_display": "Sekolah Menengah (SMA/SMK/SMP)", "city_regency": "Kota Bogor", "latitude": -6.523275, "longitude": 106.806202, "source_reference": "osm_overpass:node/1042971268", "asset_id": "SCH-0014", "is_buffer": false, "batch_no": 6, "notes": null }, "geometry": { "type": "Point", "coordinates": [ 106.806202, -6.523275 ] } },
{ "type": "Feature", "properties": { "asset_name": "SMPN 3 Cibinong", "category": "school", "category_display": "Sekolah Menengah (SMA/SMK/SMP)", "city_regency": "Kota Bogor", "latitude": -6.522284, "longitude": 106.80588, "source_reference": "osm_overpass:node/1042971270", "asset_id": "SCH-0015", "is_buffer": false, "batch_no": 6, "notes": null }, "geometry": { "type": "Point", "coordinates": [ 106.80588, -6.522284 ] } },
{ "type": "Feature", "properties": { "asset_name": "SLBN Cibinong", "category": "school", "category_display": "Sekolah Menengah (SMA/SMK/SMP)", "city_regency": "Kota Bogor", "latitude": -6.521122, "longitude": 106.806234, "source_reference": "osm_overpass:node/1042971275", "asset_id": "SCH-0016", "is_buffer": false, "batch_no": 6, "notes": null }, "geometry": { "type": "Point", "coordinates": [ 106.806234, -6.521122 ] } },
{ "type": "Feature", "properties": { "asset_name": "SMK Bina Teknologi", "category": "school", "category_display": "Sekolah Menengah (SMA/SMK/SMP)", "city_regency": "Kota Bogor", "latitude": -6.521452, "longitude": 106.807757, "source_reference": "osm_overpass:node/1042971279", "asset_id": "SCH-0017", "is_buffer": false, "batch_no": 6, "notes": null }, "geometry": { "type": "Point", "coordinates": [ 106.807757, -6.521452 ] } },
{ "type": "Feature", "properties": { "asset_name": "SMP PGRI 5 Bogor", "category": "school", "category_display": "Sekolah Menengah (SMA/SMK/SMP)", "city_regency": "Kota Bogor", "latitude": -6.584967, "longitude": 106.808706, "source_reference": "osm_overpass:node/1338400726", "asset_id": "SCH-0018", "is_buffer": false, "batch_no": 6, "notes": null }, "geometry": { "type": "Point", "coordinates": [ 106.808706, -6.584967 ] } },
{ "type": "Feature", "properties": { "asset_name": "Gerbang Masuk/Keluar - MAN 2 Kota Bogor", "category": "school", "category_display": "Sekolah Menengah (SMA/SMK/SMP)", "city_regency": "Kota Bogor", "latitude": -6.60608, "longitude": 106.80814, "source_reference": "osm_overpass:node/1339255345", "asset_id": "SCH-0019", "is_buffer": false, "batch_no": 6, "notes": null }, "geometry": { "type": "Point", "coordinates": [ 106.80814, -6.60608 ] } },
{ "type": "Feature", "properties": { "asset_name": "LP3T-NF", "category": "school", "category_display": "Sekolah Menengah (SMA/SMK/SMP)", "city_regency": "Kota Depok", "latitude": -6.360856, "longitude": 106.833169, "source_reference": "osm_overpass:node/1455419512", "asset_id": "SCH-0020", "is_buffer": false, "batch_no": 6, "notes": null }, "geometry": { "type": "Point", "coordinates": [ 106.833169, -6.360856 ] } },
{ "type": "Feature", "properties": { "asset_name": "TK Regina Pacis Bogor", "category": "school", "category_display": "Sekolah Menengah (SMA/SMK/SMP)", "city_regency": "Kota Bogor", "latitude": -6.592695, "longitude": 106.79575, "source_reference": "osm_overpass:node/1537914195", "asset_id": "SCH-0021", "is_buffer": false, "batch_no": 6, "notes": null }, "geometry": { "type": "Point", "coordinates": [ 106.79575, -6.592695 ] } },
{ "type": "Feature", "properties": { "asset_name": "TK - SD Syalom", "category": "school", "category_display": "Sekolah Menengah (SMA/SMK/SMP)", "city_regency": "Jakarta Utara", "latitude": -6.157864, "longitude": 106.809051, "source_reference": "osm_overpass:node/4981916177", "asset_id": "SCH-0022", "is_buffer": false, "batch_no": 6, "notes": null }, "geometry": { "type": "Point", "coordinates": [ 106.809051, -6.157864 ] } },
{ "type": "Feature", "properties": { "asset_name": "TK, SD, SMP GKPI Rawamangun", "category": "school", "category_display": "Sekolah Menengah (SMA/SMK/SMP)", "city_regency": "Jakarta Timur", "latitude": -6.199756, "longitude": 106.891911, "source_reference": "osm_overpass:node/1682958727", "asset_id": "SCH-0023", "is_buffer": false, "batch_no": 6, "notes": null }, "geometry": { "type": "Point", "coordinates": [ 106.891911, -6.199756 ] } },
{ "type": "Feature", "properties": { "asset_name": "SIT Fajar Hidayah", "category": "school", "category_display": "Sekolah Menengah (SMA/SMK/SMP)", "city_regency": "Kab. Bogor", "latitude": -6.582267, "longitude": 106.889589, "source_reference": "osm_overpass:node/1705634680", "asset_id": "SCH-0024", "is_buffer": false, "batch_no": 6, "notes": null }, "geometry": { "type": "Point", "coordinates": [ 106.889589, -6.582267 ] } },
{ "type": "Feature", "properties": { "asset_name": "SD Pangarian", "category": "school", "category_display": "Sekolah Menengah (SMA/SMK/SMP)", "city_regency": "Kota Bogor", "latitude": -6.587263, "longitude": 106.788275, "source_reference": "osm_overpass:node/1721492199", "asset_id": "SCH-0025", "is_buffer": false, "batch_no": 6, "notes": null }, "geometry": { "type": "Point", "coordinates": [ 106.788275, -6.587263 ] } },
{ "type": "Feature", "properties": { "asset_name": "SMPN 1 Leuwiliang", "category": "school", "category_display": "Sekolah Menengah (SMA/SMK/SMP)", "city_regency": "Kota Bogor", "latitude": -6.576871, "longitude": 106.633258, "source_reference": "osm_overpass:node/1752496366", "asset_id": "SCH-0026", "is_buffer": false, "batch_no": 6, "notes": null }, "geometry": { "type": "Point", "coordinates": [ 106.633258, -6.576871 ] } },
{ "type": "Feature", "properties": { "asset_name": "UMUL QURO Islamic Boarding School", "category": "school", "category_display": "Sekolah Menengah (SMA/SMK/SMP)", "city_regency": "Kota Bogor", "latitude": -6.581731, "longitude": 106.636305, "source_reference": "osm_overpass:node/1752498600", "asset_id": "SCH-0027", "is_buffer": false, "batch_no": 6, "notes": null }, "geometry": { "type": "Point", "coordinates": [ 106.636305, -6.581731 ] } },
{ "type": "Feature", "properties": { "asset_name": "Perguruan Muhamadiyah", "category": "school", "category_display": "Sekolah Menengah (SMA/SMK/SMP)", "city_regency": "Kota Bogor", "latitude": -6.576135, "longitude": 106.634706, "source_reference": "osm_overpass:node/1752499629", "asset_id": "SCH-0028", "is_buffer": false, "batch_no": 6, "notes": null }, "geometry": { "type": "Point", "coordinates": [ 106.634706, -6.576135 ] } },
{ "type": "Feature", "properties": { "asset_name": "SMPN 1 Babelan", "category": "school", "category_display": "Sekolah Menengah (SMA/SMK/SMP)", "city_regency": "Kota Bekasi", "latitude": -6.163446, "longitude": 107.042113, "source_reference": "osm_overpass:node/1766084747", "asset_id": "SCH-0029", "is_buffer": false, "batch_no": 6, "notes": null }, "geometry": { "type": "Point", "coordinates": [ 107.042113, -6.163446 ] } },
{ "type": "Feature", "properties": { "asset_name": "Saint Enoch School", "category": "school", "category_display": "Sekolah Menengah (SMA/SMK/SMP)", "city_regency": "Kota Depok", "latitude": -6.444905, "longitude": 107.037403, "source_reference": "osm_overpass:node/1783242389", "asset_id": "SCH-0030", "is_buffer": false, "batch_no": 6, "notes": null }, "geometry": { "type": "Point", "coordinates": [ 107.037403, -6.444905 ] } },
{ "type": "Feature", "properties": { "asset_name": "SMPN 2 Jonggol", "category": "school", "category_display": "Sekolah Menengah (SMA/SMK/SMP)", "city_regency": "Kota Depok", "latitude": -6.447314, "longitude": 107.038342, "source_reference": "osm_overpass:node/1783248668", "asset_id": "SCH-0031", "is_buffer": false, "batch_no": 6, "notes": null }, "geometry": { "type": "Point", "coordinates": [ 107.038342, -6.447314 ] } },
{ "type": "Feature", "properties": { "asset_name": "SDN Papandayan 3", "category": "school", "category_display": "Sekolah Menengah (SMA/SMK/SMP)", "city_regency": "Kota Bogor", "latitude": -6.586487, "longitude": 106.80454, "source_reference": "osm_overpass:node/1821038007", "asset_id": "SCH-0032", "is_buffer": false, "batch_no": 6, "notes": null }, "geometry": { "type": "Point", "coordinates": [ 106.80454, -6.586487 ] } },
{ "type": "Feature", "properties": { "asset_name": "SDN Papandayan 1", "category": "school", "category_display": "Sekolah Menengah (SMA/SMK/SMP)", "city_regency": "Kota Bogor", "latitude": -6.586359, "longitude": 106.803907, "source_reference": "osm_overpass:node/1821038008", "asset_id": "SCH-0033", "is_buffer": false, "batch_no": 6, "notes": null }, "geometry": { "type": "Point", "coordinates": [ 106.803907, -6.586359 ] } },
{ "type": "Feature", "properties": { "asset_name": "International School of Bogor", "category": "school", "category_display": "Sekolah Menengah (SMA/SMK/SMP)", "city_regency": "Kota Bogor", "latitude": -6.585961, "longitude": 106.801906, "source_reference": "osm_overpass:node/1821038010", "asset_id": "SCH-0034", "is_buffer": false, "batch_no": 6, "notes": null }, "geometry": { "type": "Point", "coordinates": [ 106.801906, -6.585961 ] } },
{ "type": "Feature", "properties": { "asset_name": "SD Jatiasih 4, 5, 6", "category": "school", "category_display": "Sekolah Menengah (SMA/SMK/SMP)", "city_regency": "Kab. Bekasi", "latitude": -6.293643, "longitude": 106.964309, "source_reference": "osm_overpass:node/1838704861", "asset_id": "SCH-0035", "is_buffer": false, "batch_no": 6, "notes": null }, "geometry": { "type": "Point", "coordinates": [ 106.964309, -6.293643 ] } },
{ "type": "Feature", "properties": { "asset_name": "SMP 9 Bekasi", "category": "school", "category_display": "Sekolah Menengah (SMA/SMK/SMP)", "city_regency": "Kab. Bekasi", "latitude": -6.29183, "longitude": 106.965027, "source_reference": "osm_overpass:node/1838706097", "asset_id": "SCH-0036", "is_buffer": false, "batch_no": 6, "notes": null }, "geometry": { "type": "Point", "coordinates": [ 106.965027, -6.29183 ] } },
{ "type": "Feature", "properties": { "asset_name": "BBC", "category": "school", "category_display": "Sekolah Menengah (SMA/SMK/SMP)", "city_regency": "Kota Depok", "latitude": -6.396138, "longitude": 106.81402, "source_reference": "osm_overpass:node/1839294558", "asset_id": "SCH-0037", "is_buffer": false, "batch_no": 6, "notes": null }, "geometry": { "type": "Point", "coordinates": [ 106.81402, -6.396138 ] } },
{ "type": "Feature", "properties": { "asset_name": "Ganesha Operation", "category": "school", "category_display": "Sekolah Menengah (SMA/SMK/SMP)", "city_regency": "Kota Depok", "latitude": -6.390351, "longitude": 106.814293, "source_reference": "osm_overpass:node/1839294575", "asset_id": "SCH-0038", "is_buffer": false, "batch_no": 6, "notes": null }, "geometry": { "type": "Point", "coordinates": [ 106.814293, -6.390351 ] } },
{ "type": "Feature", "properties": { "asset_name": "Primagama", "category": "school", "category_display": "Sekolah Menengah (SMA/SMK/SMP)", "city_regency": "Kota Depok", "latitude": -6.393396, "longitude": 106.814552, "source_reference": "osm_overpass:node/1839294627", "asset_id": "SCH-0039", "is_buffer": false, "batch_no": 6, "notes": null }, "geometry": { "type": "Point", "coordinates": [ 106.814552, -6.393396 ] } },
{ "type": "Feature", "properties": { "asset_name": "SD Negeri Tugu 10", "category": "school", "category_display": "Sekolah Menengah (SMA/SMK/SMP)", "city_regency": "Kota Depok", "latitude": -6.370132, "longitude": 106.848526, "source_reference": "osm_overpass:node/1846488344", "asset_id": "SCH-0040", "is_buffer": false, "batch_no": 6, "notes": null }, "geometry": { "type": "Point", "coordinates": [ 106.848526, -6.370132 ] } },
{ "type": "Feature", "properties": { "asset_name": "SD Islam Pondok Duta", "category": "school", "category_display": "Sekolah Menengah (SMA/SMK/SMP)", "city_regency": "Kota Depok", "latitude": -6.369718, "longitude": 106.850094, "source_reference": "osm_overpass:node/1846516437", "asset_id": "SCH-0041", "is_buffer": false, "batch_no": 6, "notes": null }, "geometry": { "type": "Point", "coordinates": [ 106.850094, -6.369718 ] } },
{ "type": "Feature", "properties": { "asset_name": "SDN Pondok Cina 5", "category": "school", "category_display": "Sekolah Menengah (SMA/SMK/SMP)", "city_regency": "Kota Depok", "latitude": -6.366642, "longitude": 106.83576, "source_reference": "osm_overpass:node/1846989499", "asset_id": "SCH-0042", "is_buffer": false, "batch_no": 6, "notes": null }, "geometry": { "type": "Point", "coordinates": [ 106.83576, -6.366642 ] } },
{ "type": "Feature", "properties": { "asset_name": "SMA Putra Bangsa", "category": "school", "category_display": "Sekolah Menengah (SMA/SMK/SMP)", "city_regency": "Kota Depok", "latitude": -6.382678, "longitude": 106.827284, "source_reference": "osm_overpass:node/1852396006", "asset_id": "SCH-0043", "is_buffer": false, "batch_no": 6, "notes": null }, "geometry": { "type": "Point", "coordinates": [ 106.827284, -6.382678 ] } },
{ "type": "Feature", "properties": { "asset_name": "SMA Pribadi", "category": "school", "category_display": "Sekolah Menengah (SMA/SMK/SMP)", "city_regency": "Kota Depok", "latitude": -6.382378, "longitude": 106.829393, "source_reference": "osm_overpass:node/1852430654", "asset_id": "SCH-0044", "is_buffer": false, "batch_no": 6, "notes": null }, "geometry": { "type": "Point", "coordinates": [ 106.829393, -6.382378 ] } },
{ "type": "Feature", "properties": { "asset_name": "SMA MUHAMMADIYAH 2", "category": "school", "category_display": "Sekolah Menengah (SMA/SMK/SMP)", "city_regency": "Kota Depok", "latitude": -6.37868, "longitude": 106.825678, "source_reference": "osm_overpass:node/1852443833", "asset_id": "SCH-0045", "is_buffer": false, "batch_no": 6, "notes": null }, "geometry": { "type": "Point", "coordinates": [ 106.825678, -6.37868 ] } },
{ "type": "Feature", "properties": { "asset_name": "SMP MUHAMMADIYAH 1", "category": "school", "category_display": "Sekolah Menengah (SMA/SMK/SMP)", "city_regency": "Kota Depok", "latitude": -6.378811, "longitude": 106.825359, "source_reference": "osm_overpass:node/1852444218", "asset_id": "SCH-0046", "is_buffer": false, "batch_no": 6, "notes": null }, "geometry": { "type": "Point", "coordinates": [ 106.825359, -6.378811 ] } },
{ "type": "Feature", "properties": { "asset_name": "SMP Enam Enam", "category": "school", "category_display": "Sekolah Menengah (SMA/SMK/SMP)", "city_regency": "Kota Depok", "latitude": -6.38392, "longitude": 106.81164, "source_reference": "osm_overpass:node/1852455291", "asset_id": "SCH-0047", "is_buffer": false, "batch_no": 6, "notes": null }, "geometry": { "type": "Point", "coordinates": [ 106.81164, -6.38392 ] } },
{ "type": "Feature", "properties": { "asset_name": "SD Tarbiyah Islamiyah", "category": "school", "category_display": "Sekolah Menengah (SMA/SMK/SMP)", "city_regency": "Kota Depok", "latitude": -6.385037, "longitude": 106.815584, "source_reference": "osm_overpass:node/1852468507", "asset_id": "SCH-0048", "is_buffer": false, "batch_no": 6, "notes": null }, "geometry": { "type": "Point", "coordinates": [ 106.815584, -6.385037 ] } },
{ "type": "Feature", "properties": { "asset_name": "SMK Harapan Massa", "category": "school", "category_display": "Sekolah Menengah (SMA/SMK/SMP)", "city_regency": "Kota Depok", "latitude": -6.37951, "longitude": 106.815409, "source_reference": "osm_overpass:node/1852482550", "asset_id": "SCH-0049", "is_buffer": false, "batch_no": 6, "notes": null }, "geometry": { "type": "Point", "coordinates": [ 106.815409, -6.37951 ] } },
{ "type": "Feature", "properties": { "asset_name": "TK INDRIA", "category": "school", "category_display": "Sekolah Menengah (SMA/SMK/SMP)", "city_regency": "Kota Depok", "latitude": -6.383887, "longitude": 106.812503, "source_reference": "osm_overpass:node/1877840310", "asset_id": "SCH-0050", "is_buffer": false, "batch_no": 6, "notes": null }, "geometry": { "type": "Point", "coordinates": [ 106.812503, -6.383887 ] } },
{ "type": "Feature", "properties": { "asset_name": "SD Beji Timur 2", "category": "school", "category_display": "Sekolah Menengah (SMA/SMK/SMP)", "city_regency": "Kota Depok", "latitude": -6.384059, "longitude": 106.822091, "source_reference": "osm_overpass:node/1898328670", "asset_id": "SCH-0051", "is_buffer": false, "batch_no": 6, "notes": null }, "geometry": { "type": "Point", "coordinates": [ 106.822091, -6.384059 ] } },
{ "type": "Feature", "properties": { "asset_name": "SDIT Darul Abidin", "category": "school", "category_display": "Sekolah Menengah (SMA/SMK/SMP)", "city_regency": "Kota Depok", "latitude": -6.381882, "longitude": 106.820021, "source_reference": "osm_overpass:node/1898335094", "asset_id": "SCH-0052", "is_buffer": false, "batch_no": 6, "notes": null }, "geometry": { "type": "Point", "coordinates": [ 106.820021, -6.381882 ] } },
{ "type": "Feature", "properties": { "asset_name": "MTSS AL Muawanah", "category": "school", "category_display": "Sekolah Menengah (SMA/SMK/SMP)", "city_regency": "Kota Depok", "latitude": -6.378659, "longitude": 106.831134, "source_reference": "osm_overpass:node/1922825428", "asset_id": "SCH-0053", "is_buffer": false, "batch_no": 6, "notes": null }, "geometry": { "type": "Point", "coordinates": [ 106.831134, -6.378659 ] } },
{ "type": "Feature", "properties": { "asset_name": "SMP Islam Taufiqurrahman", "category": "school", "category_display": "Sekolah Menengah (SMA/SMK/SMP)", "city_regency": "Kota Depok", "latitude": -6.374767, "longitude": 106.821837, "source_reference": "osm_overpass:node/1922923871", "asset_id": "SCH-0054", "is_buffer": false, "batch_no": 6, "notes": null }, "geometry": { "type": "Point", "coordinates": [ 106.821837, -6.374767 ] } },
{ "type": "Feature", "properties": { "asset_name": "SD Nasional Plus Tunas Iblam", "category": "school", "category_display": "Sekolah Menengah (SMA/SMK/SMP)", "city_regency": "Kota Depok", "latitude": -6.381516, "longitude": 106.80244, "source_reference": "osm_overpass:node/1922984104", "asset_id": "SCH-0055", "is_buffer": false, "batch_no": 6, "notes": null }, "geometry": { "type": "Point", "coordinates": [ 106.80244, -6.381516 ] } },
{ "type": "Feature", "properties": { "asset_name": "MTs. Muhammadiyah 1", "category": "school", "category_display": "Sekolah Menengah (SMA/SMK/SMP)", "city_regency": "Kota Depok", "latitude": -6.376942, "longitude": 106.814536, "source_reference": "osm_overpass:node/1923011575", "asset_id": "SCH-0056", "is_buffer": false, "batch_no": 6, "notes": null }, "geometry": { "type": "Point", "coordinates": [ 106.814536, -6.376942 ] } },
{ "type": "Feature", "properties": { "asset_name": "SMP Ganesa Satria", "category": "school", "category_display": "Sekolah Menengah (SMA/SMK/SMP)", "city_regency": "Kota Depok", "latitude": -6.4038, "longitude": 106.838886, "source_reference": "osm_overpass:node/1923063816", "asset_id": "SCH-0057", "is_buffer": false, "batch_no": 6, "notes": null }, "geometry": { "type": "Point", "coordinates": [ 106.838886, -6.4038 ] } },
{ "type": "Feature", "properties": { "asset_name": "SMP IT Darul Abidin", "category": "school", "category_display": "Sekolah Menengah (SMA/SMK/SMP)", "city_regency": "Kota Depok", "latitude": -6.381952, "longitude": 106.819342, "source_reference": "osm_overpass:node/1923099231", "asset_id": "SCH-0058", "is_buffer": false, "batch_no": 6, "notes": null }, "geometry": { "type": "Point", "coordinates": [ 106.819342, -6.381952 ] } },
{ "type": "Feature", "properties": { "asset_name": "SD Negeri Tanah Baru 03/04", "category": "school", "category_display": "Sekolah Menengah (SMA/SMK/SMP)", "city_regency": "Kota Depok", "latitude": -6.379714, "longitude": 106.805004, "source_reference": "osm_overpass:node/1923150110", "asset_id": "SCH-0059", "is_buffer": false, "batch_no": 6, "notes": null }, "geometry": { "type": "Point", "coordinates": [ 106.805004, -6.379714 ] } },
{ "type": "Feature", "properties": { "asset_name": "SD Negeri Tanah Baru 01", "category": "school", "category_display": "Sekolah Menengah (SMA/SMK/SMP)", "city_regency": "Kota Depok", "latitude": -6.374985, "longitude": 106.806903, "source_reference": "osm_overpass:node/1923155681", "asset_id": "SCH-0060", "is_buffer": false, "batch_no": 6, "notes": null }, "geometry": { "type": "Point", "coordinates": [ 106.806903, -6.374985 ] } },
{ "type": "Feature", "properties": { "asset_name": "SD Beji 1", "category": "school", "category_display": "Sekolah Menengah (SMA/SMK/SMP)", "city_regency": "Kota Depok", "latitude": -6.389617, "longitude": 106.808013, "source_reference": "osm_overpass:node/1923166398", "asset_id": "SCH-0061", "is_buffer": false, "batch_no": 6, "notes": null }, "geometry": { "type": "Point", "coordinates": [ 106.808013, -6.389617 ] } },
{ "type": "Feature", "properties": { "asset_name": "SD Beji 3", "category": "school", "category_display": "Sekolah Menengah (SMA/SMK/SMP)", "city_regency": "Kota Depok", "latitude": -6.379779, "longitude": 106.814976, "source_reference": "osm_overpass:node/1923224196", "asset_id": "SCH-0062", "is_buffer": false, "batch_no": 6, "notes": null }, "geometry": { "type": "Point", "coordinates": [ 106.814976, -6.379779 ] } },
{ "type": "Feature", "properties": { "asset_name": "SD Beji 2", "category": "school", "category_display": "Sekolah Menengah (SMA/SMK/SMP)", "city_regency": "Kota Depok", "latitude": -6.388934, "longitude": 106.80774, "source_reference": "osm_overpass:node/1923224206", "asset_id": "SCH-0063", "is_buffer": false, "batch_no": 6, "notes": null }, "geometry": { "type": "Point", "coordinates": [ 106.80774, -6.388934 ] } },
{ "type": "Feature", "properties": { "asset_name": "SD Beji 5", "category": "school", "category_display": "Sekolah Menengah (SMA/SMK/SMP)", "city_regency": "Kota Depok", "latitude": -6.384661, "longitude": 106.811482, "source_reference": "osm_overpass:node/1923250393", "asset_id": "SCH-0064", "is_buffer": false, "batch_no": 6, "notes": null }, "geometry": { "type": "Point", "coordinates": [ 106.811482, -6.384661 ] } },
{ "type": "Feature", "properties": { "asset_name": "SD Beji 7", "category": "school", "category_display": "Sekolah Menengah (SMA/SMK/SMP)", "city_regency": "Kota Depok", "latitude": -6.384302, "longitude": 106.811253, "source_reference": "osm_overpass:node/1923250395", "asset_id": "SCH-0065", "is_buffer": false, "batch_no": 6, "notes": null }, "geometry": { "type": "Point", "coordinates": [ 106.811253, -6.384302 ] } },
{ "type": "Feature", "properties": { "asset_name": "SD Taman Ilmu", "category": "school", "category_display": "Sekolah Menengah (SMA/SMK/SMP)", "city_regency": "Kota Depok", "latitude": -6.378467, "longitude": 106.803148, "source_reference": "osm_overpass:node/1923264892", "asset_id": "SCH-0066", "is_buffer": false, "batch_no": 6, "notes": null }, "geometry": { "type": "Point", "coordinates": [ 106.803148, -6.378467 ] } },
{ "type": "Feature", "properties": { "asset_name": "SD Negeri 2 Pondok Cina", "category": "school", "category_display": "Sekolah Menengah (SMA/SMK/SMP)", "city_regency": "Kota Depok", "latitude": -6.379218, "longitude": 106.836396, "source_reference": "osm_overpass:node/1923276335", "asset_id": "SCH-0067", "is_buffer": false, "batch_no": 6, "notes": null }, "geometry": { "type": "Point", "coordinates": [ 106.836396, -6.379218 ] } },
{ "type": "Feature", "properties": { "asset_name": "SD Negeri Pondok Cina 4", "category": "school", "category_display": "Sekolah Menengah (SMA/SMK/SMP)", "city_regency": "Kota Depok", "latitude": -6.370824, "longitude": 106.833804, "source_reference": "osm_overpass:node/1923276336", "asset_id": "SCH-0068", "is_buffer": false, "batch_no": 6, "notes": null }, "geometry": { "type": "Point", "coordinates": [ 106.833804, -6.370824 ] } },
{ "type": "Feature", "properties": { "asset_name": "MIS Unwanul Khairiyah", "category": "school", "category_display": "Sekolah Menengah (SMA/SMK/SMP)", "city_regency": "Kota Depok", "latitude": -6.374047, "longitude": 106.838692, "source_reference": "osm_overpass:node/1923328135", "asset_id": "SCH-0069", "is_buffer": false, "batch_no": 6, "notes": null }, "geometry": { "type": "Point", "coordinates": [ 106.838692, -6.374047 ] } },
{ "type": "Feature", "properties": { "asset_name": "Bogor Cyber School", "category": "school", "category_display": "Sekolah Menengah (SMA/SMK/SMP)", "city_regency": "Kota Bogor", "latitude": -6.566912, "longitude": 106.753182, "source_reference": "osm_overpass:node/1977817410", "asset_id": "SCH-0070", "is_buffer": false, "batch_no": 6, "notes": null }, "geometry": { "type": "Point", "coordinates": [ 106.753182, -6.566912 ] } },
{ "type": "Feature", "properties": { "asset_name": "Innovative Schools of Indonesia", "category": "school", "category_display": "Sekolah Menengah (SMA/SMK/SMP)", "city_regency": "Kota Bogor", "latitude": -6.613939, "longitude": 106.813007, "source_reference": "osm_overpass:node/2025761142", "asset_id": "SCH-0071", "is_buffer": false, "batch_no": 6, "notes": null }, "geometry": { "type": "Point", "coordinates": [ 106.813007, -6.613939 ] } },
{ "type": "Feature", "properties": { "asset_name": "TK Seruni", "category": "school", "category_display": "Sekolah Menengah (SMA/SMK/SMP)", "city_regency": "Kota Depok", "latitude": -6.408656, "longitude": 106.764096, "source_reference": "osm_overpass:node/2073000447", "asset_id": "SCH-0072", "is_buffer": false, "batch_no": 6, "notes": null }, "geometry": { "type": "Point", "coordinates": [ 106.764096, -6.408656 ] } },
{ "type": "Feature", "properties": { "asset_name": "SD Negeri Purbasari", "category": "school", "category_display": "Sekolah Menengah (SMA/SMK/SMP)", "city_regency": "Kota Bogor", "latitude": -6.593762, "longitude": 106.779241, "source_reference": "osm_overpass:node/2112735816", "asset_id": "SCH-0073", "is_buffer": false, "batch_no": 6, "notes": null }, "geometry": { "type": "Point", "coordinates": [ 106.779241, -6.593762 ] } },
{ "type": "Feature", "properties": { "asset_name": "Madrasah Ibtidaiyah (MI) Ar-Rahman", "category": "school", "category_display": "Sekolah Menengah (SMA/SMK/SMP)", "city_regency": "Kota Depok", "latitude": -6.362597, "longitude": 106.835006, "source_reference": "osm_overpass:node/4991721330", "asset_id": "SCH-0074", "is_buffer": false, "batch_no": 6, "notes": null }, "geometry": { "type": "Point", "coordinates": [ 106.835006, -6.362597 ] } },
{ "type": "Feature", "properties": { "asset_name": "SD Negeri 02 Jurangmangu", "category": "school", "category_display": "Sekolah Menengah (SMA/SMK/SMP)", "city_regency": "Kota Tangerang Selatan", "latitude": -6.262112, "longitude": 106.722171, "source_reference": "osm_overpass:node/2372285173", "asset_id": "SCH-0075", "is_buffer": false, "batch_no": 6, "notes": null }, "geometry": { "type": "Point", "coordinates": [ 106.722171, -6.262112 ] } },
{ "type": "Feature", "properties": { "asset_name": "SD Negeri Pondok Betung 01", "category": "school", "category_display": "Sekolah Menengah (SMA/SMK/SMP)", "city_regency": "Kota Tangerang Selatan", "latitude": -6.260588, "longitude": 106.749015, "source_reference": "osm_overpass:node/2377260402", "asset_id": "SCH-0076", "is_buffer": false, "batch_no": 6, "notes": null }, "geometry": { "type": "Point", "coordinates": [ 106.749015, -6.260588 ] } },
{ "type": "Feature", "properties": { "asset_name": "SDN PASIR HALANG I", "category": "school", "category_display": "Sekolah Menengah (SMA/SMK/SMP)", "city_regency": "Kota Bogor", "latitude": -6.584967, "longitude": 106.844661, "source_reference": "osm_overpass:node/2398010240", "asset_id": "SCH-0077", "is_buffer": false, "batch_no": 6, "notes": null }, "geometry": { "type": "Point", "coordinates": [ 106.844661, -6.584967 ] } },
{ "type": "Feature", "properties": { "asset_name": "SMPN 1 SUKARAJA", "category": "school", "category_display": "Sekolah Menengah (SMA/SMK/SMP)", "city_regency": "Kota Bogor", "latitude": -6.585267, "longitude": 106.844529, "source_reference": "osm_overpass:node/2398010243", "asset_id": "SCH-0078", "is_buffer": false, "batch_no": 6, "notes": null }, "geometry": { "type": "Point", "coordinates": [ 106.844529, -6.585267 ] } },
{ "type": "Feature", "properties": { "asset_name": "SMA Negeri 8 Jakarta", "category": "school", "category_display": "Sekolah Menengah (SMA/SMK/SMP)", "city_regency": "Jakarta Timur", "latitude": -6.2234, "longitude": 106.8617, "source_reference": "osm_overpass:node/2398277738", "asset_id": "SCH-0079", "is_buffer": false, "batch_no": 6, "notes": null }, "geometry": { "type": "Point", "coordinates": [ 106.8617, -6.2234 ] } },
{ "type": "Feature", "properties": { "asset_name": "SMK PURNAMA BAKTI", "category": "school", "category_display": "Sekolah Menengah (SMA/SMK/SMP)", "city_regency": "Kota Bogor", "latitude": -6.496897, "longitude": 106.839664, "source_reference": "osm_overpass:node/2398277739", "asset_id": "SCH-0080", "is_buffer": false, "batch_no": 6, "notes": null }, "geometry": { "type": "Point", "coordinates": [ 106.839664, -6.496897 ] } },
{ "type": "Feature", "properties": { "asset_name": "SDN CEGER 1", "category": "school", "category_display": "Sekolah Menengah (SMA/SMK/SMP)", "city_regency": "Kota Bogor", "latitude": -6.57111, "longitude": 106.817426, "source_reference": "osm_overpass:node/2406708514", "asset_id": "SCH-0081", "is_buffer": false, "batch_no": 6, "notes": null }, "geometry": { "type": "Point", "coordinates": [ 106.817426, -6.57111 ] } },
{ "type": "Feature", "properties": { "asset_name": "SDN CIMAHPAR 5", "category": "school", "category_display": "Sekolah Menengah (SMA/SMK/SMP)", "city_regency": "Kota Bogor", "latitude": -6.581749, "longitude": 106.831562, "source_reference": "osm_overpass:node/2406708515", "asset_id": "SCH-0082", "is_buffer": false, "batch_no": 6, "notes": null }, "geometry": { "type": "Point", "coordinates": [ 106.831562, -6.581749 ] } },
{ "type": "Feature", "properties": { "asset_name": "SDN KAWUNG LUWUK 1", "category": "school", "category_display": "Sekolah Menengah (SMA/SMK/SMP)", "city_regency": "Kota Bogor", "latitude": -6.571067, "longitude": 106.81143, "source_reference": "osm_overpass:node/2406708516", "asset_id": "SCH-0083", "is_buffer": false, "batch_no": 6, "notes": null }, "geometry": { "type": "Point", "coordinates": [ 106.81143, -6.571067 ] } },
{ "type": "Feature", "properties": { "asset_name": "SDN KAWUNG LUWUK 3", "category": "school", "category_display": "Sekolah Menengah (SMA/SMK/SMP)", "city_regency": "Kota Bogor", "latitude": -6.570943, "longitude": 106.810902, "source_reference": "osm_overpass:node/2406708518", "asset_id": "SCH-0084", "is_buffer": false, "batch_no": 6, "notes": null }, "geometry": { "type": "Point", "coordinates": [ 106.810902, -6.570943 ] } },
{ "type": "Feature", "properties": { "asset_name": "SDN Curug 3", "category": "school", "category_display": "Sekolah Menengah (SMA/SMK/SMP)", "city_regency": "Kota Depok", "latitude": -6.380884, "longitude": 106.876901, "source_reference": "osm_overpass:node/2409699382", "asset_id": "SCH-0085", "is_buffer": false, "batch_no": 6, "notes": null }, "geometry": { "type": "Point", "coordinates": [ 106.876901, -6.380884 ] } },
{ "type": "Feature", "properties": { "asset_name": "SDN Curug 2", "category": "school", "category_display": "Sekolah Menengah (SMA/SMK/SMP)", "city_regency": "Kota Depok", "latitude": -6.379442, "longitude": 106.876774, "source_reference": "osm_overpass:node/2409699385", "asset_id": "SCH-0086", "is_buffer": false, "batch_no": 6, "notes": null }, "geometry": { "type": "Point", "coordinates": [ 106.876774, -6.379442 ] } },
{ "type": "Feature", "properties": { "asset_name": "SDN Curug 5", "category": "school", "category_display": "Sekolah Menengah (SMA/SMK/SMP)", "city_regency": "Kota Depok", "latitude": -6.379218, "longitude": 106.876454, "source_reference": "osm_overpass:node/2409699388", "asset_id": "SCH-0087", "is_buffer": false, "batch_no": 6, "notes": null }, "geometry": { "type": "Point", "coordinates": [ 106.876454, -6.379218 ] } },
{ "type": "Feature", "properties": { "asset_name": "Perguruan Tinggi Buddhi", "category": "school", "category_display": "Sekolah Menengah (SMA/SMK/SMP)", "city_regency": "Kota Tangerang", "latitude": -6.18642, "longitude": 106.627561, "source_reference": "osm_overpass:node/2472143825", "asset_id": "SCH-0088", "is_buffer": false, "batch_no": 6, "notes": null }, "geometry": { "type": "Point", "coordinates": [ 106.627561, -6.18642 ] } },
{ "type": "Feature", "properties": { "asset_name": "SDN Cibodas, Cimone 1, 5", "category": "school", "category_display": "Sekolah Menengah (SMA/SMK/SMP)", "city_regency": "Kota Tangerang", "latitude": -6.187796, "longitude": 106.612637, "source_reference": "osm_overpass:node/2624743680", "asset_id": "SCH-0089", "is_buffer": false, "batch_no": 6, "notes": null }, "geometry": { "type": "Point", "coordinates": [ 106.612637, -6.187796 ] } },
{ "type": "Feature", "properties": { "asset_name": "SDN Cimone 7", "category": "school", "category_display": "Sekolah Menengah (SMA/SMK/SMP)", "city_regency": "Kota Tangerang", "latitude": -6.188556, "longitude": 106.611659, "source_reference": "osm_overpass:node/2624743689", "asset_id": "SCH-0090", "is_buffer": false, "batch_no": 6, "notes": null }, "geometry": { "type": "Point", "coordinates": [ 106.611659, -6.188556 ] } },
{ "type": "Feature", "properties": { "asset_name": "SMA, SMK PGRI 109", "category": "school", "category_display": "Sekolah Menengah (SMA/SMK/SMP)", "city_regency": "Kota Tangerang", "latitude": -6.194, "longitude": 106.617279, "source_reference": "osm_overpass:node/2624743732", "asset_id": "SCH-0091", "is_buffer": false, "batch_no": 6, "notes": null }, "geometry": { "type": "Point", "coordinates": [ 106.617279, -6.194 ] } },
{ "type": "Feature", "properties": { "asset_name": "SMP, SMA, SMK Nusa Putra", "category": "school", "category_display": "Sekolah Menengah (SMA/SMK/SMP)", "city_regency": "Kota Tangerang", "latitude": -6.195578, "longitude": 106.618482, "source_reference": "osm_overpass:node/2624743774", "asset_id": "SCH-0092", "is_buffer": false, "batch_no": 6, "notes": null }, "geometry": { "type": "Point", "coordinates": [ 106.618482, -6.195578 ] } },
{ "type": "Feature", "properties": { "asset_name": "SDN Karawaci 1, 20", "category": "school", "category_display": "Sekolah Menengah (SMA/SMK/SMP)", "city_regency": "Kota Tangerang", "latitude": -6.1957, "longitude": 106.623176, "source_reference": "osm_overpass:node/2624743775", "asset_id": "SCH-0093", "is_buffer": false, "batch_no": 6, "notes": null }, "geometry": { "type": "Point", "coordinates": [ 106.623176, -6.1957 ] } },
{ "type": "Feature", "properties": { "asset_name": "SMA Yayasan Islamic Center Tangerang", "category": "school", "category_display": "Sekolah Menengah (SMA/SMK/SMP)", "city_regency": "Kota Tangerang", "latitude": -6.205598, "longitude": 106.612725, "source_reference": "osm_overpass:node/2624744051", "asset_id": "SCH-0094", "is_buffer": false, "batch_no": 6, "notes": null }, "geometry": { "type": "Point", "coordinates": [ 106.612725, -6.205598 ] } },
{ "type": "Feature", "properties": { "asset_name": "SMA Negeri 8 Kota Tangerang", "category": "school", "category_display": "Sekolah Menengah (SMA/SMK/SMP)", "city_regency": "Kota Tangerang", "latitude": -6.211366, "longitude": 106.604872, "source_reference": "osm_overpass:node/2624744098", "asset_id": "SCH-0095", "is_buffer": false, "batch_no": 6, "notes": null }, "geometry": { "type": "Point", "coordinates": [ 106.604872, -6.211366 ] } },
{ "type": "Feature", "properties": { "asset_name": "SD jatisari 2", "category": "school", "category_display": "Sekolah Menengah (SMA/SMK/SMP)", "city_regency": "Kota Depok", "latitude": -6.339519, "longitude": 106.945541, "source_reference": "osm_overpass:node/2640371022", "asset_id": "SCH-0096", "is_buffer": false, "batch_no": 6, "notes": null }, "geometry": { "type": "Point", "coordinates": [ 106.945541, -6.339519 ] } },
{ "type": "Feature", "properties": { "asset_name": "SD Strada", "category": "school", "category_display": "Sekolah Menengah (SMA/SMK/SMP)", "city_regency": "Kota Depok", "latitude": -6.339652, "longitude": 106.9447, "source_reference": "osm_overpass:node/2640371378", "asset_id": "SCH-0097", "is_buffer": false, "batch_no": 6, "notes": null }, "geometry": { "type": "Point", "coordinates": [ 106.9447, -6.339652 ] } },
{ "type": "Feature", "properties": { "asset_name": "MtsN 2 Bekasi", "category": "school", "category_display": "Sekolah Menengah (SMA/SMK/SMP)", "city_regency": "Jakarta Timur", "latitude": -6.31137, "longitude": 106.948815, "source_reference": "osm_overpass:node/2640568016", "asset_id": "SCH-0098", "is_buffer": false, "batch_no": 6, "notes": null }, "geometry": { "type": "Point", "coordinates": [ 106.948815, -6.31137 ] } },
{ "type": "Feature", "properties": { "asset_name": "Sekolah Alam", "category": "school", "category_display": "Sekolah Menengah (SMA/SMK/SMP)", "city_regency": "Kab. Bekasi", "latitude": -6.317081, "longitude": 106.970908, "source_reference": "osm_overpass:node/2640576843", "asset_id": "SCH-0099", "is_buffer": false, "batch_no": 6, "notes": null }, "geometry": { "type": "Point", "coordinates": [ 106.970908, -6.317081 ] } },
{ "type": "Feature", "properties": { "asset_name": "SD Jatiluhur 1", "category": "school", "category_display": "Sekolah Menengah (SMA/SMK/SMP)", "city_regency": "Kota Depok", "latitude": -6.32034, "longitude": 106.949745, "source_reference": "osm_overpass:node/2640697800", "asset_id": "SCH-0100", "is_buffer": false, "batch_no": 6, "notes": null }, "geometry": { "type": "Point", "coordinates": [ 106.949745, -6.32034 ] } },
{ "type": "Feature", "properties": { "asset_name": "SD Jatiluhur 4", "category": "school", "category_display": "Sekolah Menengah (SMA/SMK/SMP)", "city_regency": "Kota Depok", "latitude": -6.320338, "longitude": 106.950064, "source_reference": "osm_overpass:node/2640697845", "asset_id": "SCH-0101", "is_buffer": false, "batch_no": 6, "notes": null }, "geometry": { "type": "Point", "coordinates": [ 106.950064, -6.320338 ] } },
{ "type": "Feature", "properties": { "asset_name": "SD Jatiluhur 2", "category": "school", "category_display": "Sekolah Menengah (SMA/SMK/SMP)", "city_regency": "Jakarta Timur", "latitude": -6.319566, "longitude": 106.950318, "source_reference": "osm_overpass:node/2640698573", "asset_id": "SCH-0102", "is_buffer": false, "batch_no": 6, "notes": null }, "geometry": { "type": "Point", "coordinates": [ 106.950318, -6.319566 ] } },
{ "type": "Feature", "properties": { "asset_name": "SD Jatiluhur 3", "category": "school", "category_display": "Sekolah Menengah (SMA/SMK/SMP)", "city_regency": "Jakarta Timur", "latitude": -6.319605, "longitude": 106.949924, "source_reference": "osm_overpass:node/2640698605", "asset_id": "SCH-0103", "is_buffer": false, "batch_no": 6, "notes": null }, "geometry": { "type": "Point", "coordinates": [ 106.949924, -6.319605 ] } },
{ "type": "Feature", "properties": { "asset_name": "Tarbiyatul Falah", "category": "school", "category_display": "Sekolah Menengah (SMA/SMK/SMP)", "city_regency": "Kota Depok", "latitude": -6.320443, "longitude": 106.948393, "source_reference": "osm_overpass:node/2640698684", "asset_id": "SCH-0104", "is_buffer": false, "batch_no": 6, "notes": null }, "geometry": { "type": "Point", "coordinates": [ 106.948393, -6.320443 ] } },
{ "type": "Feature", "properties": { "asset_name": "SD Jatiasih 8", "category": "school", "category_display": "Sekolah Menengah (SMA/SMK/SMP)", "city_regency": "Kab. Bekasi", "latitude": -6.287416, "longitude": 106.967146, "source_reference": "osm_overpass:node/2641715802", "asset_id": "SCH-0105", "is_buffer": false, "batch_no": 6, "notes": null }, "geometry": { "type": "Point", "coordinates": [ 106.967146, -6.287416 ] } },
{ "type": "Feature", "properties": { "asset_name": "SD Negeri Pondok Cina 3", "category": "school", "category_display": "Sekolah Menengah (SMA/SMK/SMP)", "city_regency": "Kota Depok", "latitude": -6.370553, "longitude": 106.834313, "source_reference": "osm_overpass:node/4991721353", "asset_id": "SCH-0106", "is_buffer": false, "batch_no": 6, "notes": null }, "geometry": { "type": "Point", "coordinates": [ 106.834313, -6.370553 ] } },
{ "type": "Feature", "properties": { "asset_name": "Sekolah Kristen Calvin SD-SMP-SMA", "category": "school", "category_display": "Sekolah Menengah (SMA/SMK/SMP)", "city_regency": "Jakarta Utara", "latitude": -6.153383, "longitude": 106.842882, "source_reference": "osm_overpass:node/4996688489", "asset_id": "SCH-0107", "is_buffer": false, "batch_no": 6, "notes": null }, "geometry": { "type": "Point", "coordinates": [ 106.842882, -6.153383 ] } },
{ "type": "Feature", "properties": { "asset_name": "SD Jatisari 1", "category": "school", "category_display": "Sekolah Menengah (SMA/SMK/SMP)", "city_regency": "Kota Depok", "latitude": -6.351314, "longitude": 106.939957, "source_reference": "osm_overpass:node/2641721577", "asset_id": "SCH-0108", "is_buffer": false, "batch_no": 6, "notes": null }, "geometry": { "type": "Point", "coordinates": [ 106.939957, -6.351314 ] } },
{ "type": "Feature", "properties": { "asset_name": "RA-MI Al-Khairiyyah MJ", "category": "school", "category_display": "Sekolah Menengah (SMA/SMK/SMP)", "city_regency": "Kota Depok", "latitude": -6.326704, "longitude": 106.859147, "source_reference": "osm_overpass:node/5004414059", "asset_id": "SCH-0109", "is_buffer": false, "batch_no": 6, "notes": null }, "geometry": { "type": "Point", "coordinates": [ 106.859147, -6.326704 ] } },
{ "type": "Feature", "properties": { "asset_name": "KAIZEN Lab. School", "category": "school", "category_display": "Sekolah Menengah (SMA/SMK/SMP)", "city_regency": "Kab. Bekasi", "latitude": -6.331253, "longitude": 106.971969, "source_reference": "osm_overpass:node/2795666336", "asset_id": "SCH-0110", "is_buffer": false, "batch_no": 6, "notes": null }, "geometry": { "type": "Point", "coordinates": [ 106.971969, -6.331253 ] } },
{ "type": "Feature", "properties": { "asset_name": "SDN Cibalagung 1,2,3", "category": "school", "category_display": "Sekolah Menengah (SMA/SMK/SMP)", "city_regency": "Kota Bogor", "latitude": -6.602801, "longitude": 106.784609, "source_reference": "osm_overpass:node/3152703688", "asset_id": "SCH-0111", "is_buffer": false, "batch_no": 6, "notes": null }, "geometry": { "type": "Point", "coordinates": [ 106.784609, -6.602801 ] } },
{ "type": "Feature", "properties": { "asset_name": "Harapan Bangsa Junior High School", "category": "school", "category_display": "Sekolah Menengah (SMA/SMK/SMP)", "city_regency": "Kota Depok", "latitude": -6.382565, "longitude": 106.876512, "source_reference": "osm_overpass:node/3158150944", "asset_id": "SCH-0112", "is_buffer": false, "batch_no": 6, "notes": null }, "geometry": { "type": "Point", "coordinates": [ 106.876512, -6.382565 ] } },
{ "type": "Feature", "properties": { "asset_name": "Genesis Medicare School", "category": "school", "category_display": "Sekolah Menengah (SMA/SMK/SMP)", "city_regency": "Kota Depok", "latitude": -6.38209, "longitude": 106.867915, "source_reference": "osm_overpass:node/3158152591", "asset_id": "SCH-0113", "is_buffer": false, "batch_no": 6, "notes": null }, "geometry": { "type": "Point", "coordinates": [ 106.867915, -6.38209 ] } },
{ "type": "Feature", "properties": { "asset_name": "Yayasan Darul Marfu'", "category": "school", "category_display": "Sekolah Menengah (SMA/SMK/SMP)", "city_regency": "Jakarta Selatan", "latitude": -6.259019, "longitude": 106.789567, "source_reference": "osm_overpass:node/3180186217", "asset_id": "SCH-0114", "is_buffer": false, "batch_no": 6, "notes": null }, "geometry": { "type": "Point", "coordinates": [ 106.789567, -6.259019 ] } },
{ "type": "Feature", "properties": { "asset_name": "SMK Darul Ulum", "category": "school", "category_display": "Sekolah Menengah (SMA/SMK/SMP)", "city_regency": "Kota Depok", "latitude": -6.418412, "longitude": 106.741885, "source_reference": "osm_overpass:node/3404747885", "asset_id": "SCH-0115", "is_buffer": false, "batch_no": 6, "notes": null }, "geometry": { "type": "Point", "coordinates": [ 106.741885, -6.418412 ] } },
{ "type": "Feature", "properties": { "asset_name": "SMP-SMA Proklamasi 1945", "category": "school", "category_display": "Sekolah Menengah (SMA/SMK/SMP)", "city_regency": "Kab. Bekasi", "latitude": -6.290065, "longitude": 107.009964, "source_reference": "osm_overpass:node/3423426463", "asset_id": "SCH-0116", "is_buffer": false, "batch_no": 6, "notes": null }, "geometry": { "type": "Point", "coordinates": [ 107.009964, -6.290065 ] } },
{ "type": "Feature", "properties": { "asset_name": "SDN Mustikajaya 5", "category": "school", "category_display": "Sekolah Menengah (SMA/SMK/SMP)", "city_regency": "Kab. Bekasi", "latitude": -6.290537, "longitude": 107.021908, "source_reference": "osm_overpass:node/3423427017", "asset_id": "SCH-0117", "is_buffer": false, "batch_no": 6, "notes": null }, "geometry": { "type": "Point", "coordinates": [ 107.021908, -6.290537 ] } },
{ "type": "Feature", "properties": { "asset_name": "SD Negeri Pondok Cabe Udik II", "category": "school", "category_display": "Sekolah Menengah (SMA/SMK/SMP)", "city_regency": "Kota Depok", "latitude": -6.354112, "longitude": 106.75286, "source_reference": "osm_overpass:node/3563882197", "asset_id": "SCH-0118", "is_buffer": false, "batch_no": 6, "notes": null }, "geometry": { "type": "Point", "coordinates": [ 106.75286, -6.354112 ] } },
{ "type": "Feature", "properties": { "asset_name": "SDN 04 Bojongsari", "category": "school", "category_display": "Sekolah Menengah (SMA/SMK/SMP)", "city_regency": "Kota Tangerang Selatan", "latitude": -6.385897, "longitude": 106.740476, "source_reference": "osm_overpass:node/3615329493", "asset_id": "SCH-0119", "is_buffer": false, "batch_no": 6, "notes": null }, "geometry": { "type": "Point", "coordinates": [ 106.740476, -6.385897 ] } },
{ "type": "Feature", "properties": { "asset_name": "SDN Sukmajaya 5", "category": "school", "category_display": "Sekolah Menengah (SMA/SMK/SMP)", "city_regency": "Kota Depok", "latitude": -6.408455, "longitude": 106.84585, "source_reference": "osm_overpass:node/3937252987", "asset_id": "SCH-0120", "is_buffer": false, "batch_no": 6, "notes": null }, "geometry": { "type": "Point", "coordinates": [ 106.84585, -6.408455 ] } },
{ "type": "Feature", "properties": { "asset_name": "Labschool Cibubur", "category": "school", "category_display": "Sekolah Menengah (SMA/SMK/SMP)", "city_regency": "Kota Depok", "latitude": -6.343529, "longitude": 106.925146, "source_reference": "osm_overpass:node/4047308532", "asset_id": "SCH-0121", "is_buffer": false, "batch_no": 6, "notes": null }, "geometry": { "type": "Point", "coordinates": [ 106.925146, -6.343529 ] } },
{ "type": "Feature", "properties": { "asset_name": "Kidea Preschool", "category": "school", "category_display": "Sekolah Menengah (SMA/SMK/SMP)", "city_regency": "Kota Tangerang Selatan", "latitude": -6.268104, "longitude": 106.745443, "source_reference": "osm_overpass:node/4110765889", "asset_id": "SCH-0122", "is_buffer": false, "batch_no": 6, "notes": null }, "geometry": { "type": "Point", "coordinates": [ 106.745443, -6.268104 ] } },
{ "type": "Feature", "properties": { "asset_name": "Pesantren Modern Daarul Uluum, Kampus 1", "category": "school", "category_display": "Sekolah Menengah (SMA/SMK/SMP)", "city_regency": "Kota Bogor", "latitude": -6.617193, "longitude": 106.818433, "source_reference": "osm_overpass:node/4234466847", "asset_id": "SCH-0123", "is_buffer": false, "batch_no": 6, "notes": null }, "geometry": { "type": "Point", "coordinates": [ 106.818433, -6.617193 ] } },
{ "type": "Feature", "properties": { "asset_name": "SMP Negeri 2 Depok", "category": "school", "category_display": "Sekolah Menengah (SMA/SMK/SMP)", "city_regency": "Kota Depok", "latitude": -6.392162, "longitude": 106.809659, "source_reference": "osm_overpass:node/4234981073", "asset_id": "SCH-0124", "is_buffer": false, "batch_no": 6, "notes": null }, "geometry": { "type": "Point", "coordinates": [ 106.809659, -6.392162 ] } },
{ "type": "Feature", "properties": { "asset_name": "SMP Negeri 1 Tangerang", "category": "school", "category_display": "Sekolah Menengah (SMA/SMK/SMP)", "city_regency": "Kota Tangerang", "latitude": -6.171045, "longitude": 106.632376, "source_reference": "osm_overpass:node/4235083227", "asset_id": "SCH-0125", "is_buffer": false, "batch_no": 6, "notes": null }, "geometry": { "type": "Point", "coordinates": [ 106.632376, -6.171045 ] } },
{ "type": "Feature", "properties": { "asset_name": "Lazuardi Global Islamic School", "category": "school", "category_display": "Sekolah Menengah (SMA/SMK/SMP)", "city_regency": "Kota Depok", "latitude": -6.356989, "longitude": 106.780202, "source_reference": "osm_overpass:node/4241083301", "asset_id": "SCH-0126", "is_buffer": false, "batch_no": 6, "notes": null }, "geometry": { "type": "Point", "coordinates": [ 106.780202, -6.356989 ] } },
{ "type": "Feature", "properties": { "asset_name": "Lembaga Bahasa-LIA Depok", "category": "school", "category_display": "Sekolah Menengah (SMA/SMK/SMP)", "city_regency": "Kota Depok", "latitude": -6.385496, "longitude": 106.829926, "source_reference": "osm_overpass:node/4241439184", "asset_id": "SCH-0127", "is_buffer": false, "batch_no": 6, "notes": null }, "geometry": { "type": "Point", "coordinates": [ 106.829926, -6.385496 ] } },
{ "type": "Feature", "properties": { "asset_name": "Japan International School", "category": "school", "category_display": "Sekolah Menengah (SMA/SMK/SMP)", "city_regency": "Kota Tangerang Selatan", "latitude": -6.284371, "longitude": 106.698895, "source_reference": "osm_overpass:node/4245554250", "asset_id": "SCH-0128", "is_buffer": false, "batch_no": 6, "notes": null }, "geometry": { "type": "Point", "coordinates": [ 106.698895, -6.284371 ] } },
{ "type": "Feature", "properties": { "asset_name": "SMA Negeri 3 Jakarta", "category": "school", "category_display": "Sekolah Menengah (SMA/SMK/SMP)", "city_regency": "Jakarta Pusat", "latitude": -6.2089, "longitude": 106.8331, "source_reference": "osm_overpass:node/4245942448", "asset_id": "SCH-0129", "is_buffer": false, "batch_no": 6, "notes": null }, "geometry": { "type": "Point", "coordinates": [ 106.8331, -6.2089 ] } },
{ "type": "Feature", "properties": { "asset_name": "Sekolah Cakra Buana", "category": "school", "category_display": "Sekolah Menengah (SMA/SMK/SMP)", "city_regency": "Kota Depok", "latitude": -6.3938, "longitude": 106.802198, "source_reference": "osm_overpass:node/4245991545", "asset_id": "SCH-0130", "is_buffer": false, "batch_no": 6, "notes": null }, "geometry": { "type": "Point", "coordinates": [ 106.802198, -6.3938 ] } },
{ "type": "Feature", "properties": { "asset_name": "Smk Bps&K 2 Cileungsi", "category": "school", "category_display": "Sekolah Menengah (SMA/SMK/SMP)", "city_regency": "Kota Depok", "latitude": -6.43084, "longitude": 107.040299, "source_reference": "osm_overpass:node/4246191034", "asset_id": "SCH-0131", "is_buffer": false, "batch_no": 6, "notes": null }, "geometry": { "type": "Point", "coordinates": [ 107.040299, -6.43084 ] } },
{ "type": "Feature", "properties": { "asset_name": "SMK Angkasa 2 Sepatan", "category": "school", "category_display": "Sekolah Menengah (SMA/SMK/SMP)", "city_regency": "Kota Tangerang", "latitude": -6.146719, "longitude": 106.590177, "source_reference": "osm_overpass:node/4247785801", "asset_id": "SCH-0132", "is_buffer": false, "batch_no": 6, "notes": null }, "geometry": { "type": "Point", "coordinates": [ 106.590177, -6.146719 ] } },
{ "type": "Feature", "properties": { "asset_name": "SMK PGRI 11 Ciledug", "category": "school", "category_display": "Sekolah Menengah (SMA/SMK/SMP)", "city_regency": "Kota Tangerang", "latitude": -6.227786, "longitude": 106.705221, "source_reference": "osm_overpass:node/4248142844", "asset_id": "SCH-0133", "is_buffer": false, "batch_no": 6, "notes": null }, "geometry": { "type": "Point", "coordinates": [ 106.705221, -6.227786 ] } },
{ "type": "Feature", "properties": { "asset_name": "SMK Ristek Hasanudin", "category": "school", "category_display": "Sekolah Menengah (SMA/SMK/SMP)", "city_regency": "Jakarta Utara", "latitude": -6.121113, "longitude": 106.917153, "source_reference": "osm_overpass:node/4248150975", "asset_id": "SCH-0134", "is_buffer": false, "batch_no": 6, "notes": null }, "geometry": { "type": "Point", "coordinates": [ 106.917153, -6.121113 ] } },
{ "type": "Feature", "properties": { "asset_name": "Lazuardi Al Kaffah", "category": "school", "category_display": "Sekolah Menengah (SMA/SMK/SMP)", "city_regency": "Kota Bekasi", "latitude": -6.180859, "longitude": 106.978333, "source_reference": "osm_overpass:node/4258052889", "asset_id": "SCH-0135", "is_buffer": false, "batch_no": 6, "notes": null }, "geometry": { "type": "Point", "coordinates": [ 106.978333, -6.180859 ] } },
{ "type": "Feature", "properties": { "asset_name": "SDN Sumur Batu 1", "category": "school", "category_display": "Sekolah Menengah (SMA/SMK/SMP)", "city_regency": "Kab. Bekasi", "latitude": -6.351276, "longitude": 107.00536, "source_reference": "osm_overpass:node/4267876222", "asset_id": "SCH-0136", "is_buffer": false, "batch_no": 6, "notes": null }, "geometry": { "type": "Point", "coordinates": [ 107.00536, -6.351276 ] } },
{ "type": "Feature", "properties": { "asset_name": "Smk Negeri 1 Bojong Gede", "category": "school", "category_display": "Sekolah Menengah (SMA/SMK/SMP)", "city_regency": "Kota Bogor", "latitude": -6.490418, "longitude": 106.771925, "source_reference": "osm_overpass:node/4403956369", "asset_id": "SCH-0137", "is_buffer": false, "batch_no": 6, "notes": null }, "geometry": { "type": "Point", "coordinates": [ 106.771925, -6.490418 ] } },
{ "type": "Feature", "properties": { "asset_name": "Sekolah Dasar Alam Pertiwi", "category": "school", "category_display": "Sekolah Menengah (SMA/SMK/SMP)", "city_regency": "Kab. Bekasi", "latitude": -6.306891, "longitude": 107.029593, "source_reference": "osm_overpass:node/4440521543", "asset_id": "SCH-0138", "is_buffer": false, "batch_no": 6, "notes": null }, "geometry": { "type": "Point", "coordinates": [ 107.029593, -6.306891 ] } },
{ "type": "Feature", "properties": { "asset_name": "SDIT Bina Insan Kamil", "category": "school", "category_display": "Sekolah Menengah (SMA/SMK/SMP)", "city_regency": "Kota Depok", "latitude": -6.410841, "longitude": 106.831504, "source_reference": "osm_overpass:node/4443272241", "asset_id": "SCH-0139", "is_buffer": false, "batch_no": 6, "notes": null }, "geometry": { "type": "Point", "coordinates": [ 106.831504, -6.410841 ] } },
{ "type": "Feature", "properties": { "asset_name": "TBI", "category": "school", "category_display": "Sekolah Menengah (SMA/SMK/SMP)", "city_regency": "Kota Depok", "latitude": -6.393432, "longitude": 106.822979, "source_reference": "osm_overpass:node/4443272255", "asset_id": "SCH-0140", "is_buffer": false, "batch_no": 6, "notes": null }, "geometry": { "type": "Point", "coordinates": [ 106.822979, -6.393432 ] } },
{ "type": "Feature", "properties": { "asset_name": "English First", "category": "school", "category_display": "Sekolah Menengah (SMA/SMK/SMP)", "city_regency": "Kota Depok", "latitude": -6.393043, "longitude": 106.822081, "source_reference": "osm_overpass:node/4443272256", "asset_id": "SCH-0141", "is_buffer": false, "batch_no": 6, "notes": null }, "geometry": { "type": "Point", "coordinates": [ 106.822081, -6.393043 ] } },
{ "type": "Feature", "properties": { "asset_name": "House", "category": "school", "category_display": "Sekolah Menengah (SMA/SMK/SMP)", "city_regency": "Kota Tangerang Selatan", "latitude": -6.310744, "longitude": 106.706334, "source_reference": "osm_overpass:node/4448663090", "asset_id": "SCH-0142", "is_buffer": false, "batch_no": 6, "notes": null }, "geometry": { "type": "Point", "coordinates": [ 106.706334, -6.310744 ] } },
{ "type": "Feature", "properties": { "asset_name": "Sekolah Erenos", "category": "school", "category_display": "Sekolah Menengah (SMA/SMK/SMP)", "city_regency": "Kota Tangerang Selatan", "latitude": -6.315638, "longitude": 106.708017, "source_reference": "osm_overpass:node/4476176991", "asset_id": "SCH-0143", "is_buffer": false, "batch_no": 6, "notes": null }, "geometry": { "type": "Point", "coordinates": [ 106.708017, -6.315638 ] } },
{ "type": "Feature", "properties": { "asset_name": "MI As Salaamah", "category": "school", "category_display": "Sekolah Menengah (SMA/SMK/SMP)", "city_regency": "Kota Tangerang Selatan", "latitude": -6.326561, "longitude": 106.705621, "source_reference": "osm_overpass:node/4516557410", "asset_id": "SCH-0144", "is_buffer": false, "batch_no": 6, "notes": null }, "geometry": { "type": "Point", "coordinates": [ 106.705621, -6.326561 ] } },
{ "type": "Feature", "properties": { "asset_name": "SMP Negeri 17 Tangsel", "category": "school", "category_display": "Sekolah Menengah (SMA/SMK/SMP)", "city_regency": "Kota Tangerang Selatan", "latitude": -6.337898, "longitude": 106.733191, "source_reference": "osm_overpass:node/4516560571", "asset_id": "SCH-0145", "is_buffer": false, "batch_no": 6, "notes": null }, "geometry": { "type": "Point", "coordinates": [ 106.733191, -6.337898 ] } },
{ "type": "Feature", "properties": { "asset_name": "Sekolah Penabur SMA,SMP, SD,TK", "category": "school", "category_display": "Sekolah Menengah (SMA/SMK/SMP)", "city_regency": "Kota Tangerang", "latitude": -6.235721, "longitude": 106.626485, "source_reference": "osm_overpass:node/4613451593", "asset_id": "SCH-0146", "is_buffer": false, "batch_no": 6, "notes": null }, "geometry": { "type": "Point", "coordinates": [ 106.626485, -6.235721 ] } },
{ "type": "Feature", "properties": { "asset_name": "English First (EF) Gd. Serpong", "category": "school", "category_display": "Sekolah Menengah (SMA/SMK/SMP)", "city_regency": "Kota Tangerang", "latitude": -6.237576, "longitude": 106.630498, "source_reference": "osm_overpass:node/4613465189", "asset_id": "SCH-0147", "is_buffer": false, "batch_no": 6, "notes": null }, "geometry": { "type": "Point", "coordinates": [ 106.630498, -6.237576 ] } },
{ "type": "Feature", "properties": { "asset_name": "SMK Putra Pakuan", "category": "school", "category_display": "Sekolah Menengah (SMA/SMK/SMP)", "city_regency": "Kota Bogor", "latitude": -6.525226, "longitude": 106.828818, "source_reference": "osm_overpass:node/4619790909", "asset_id": "SCH-0148", "is_buffer": false, "batch_no": 6, "notes": null }, "geometry": { "type": "Point", "coordinates": [ 106.828818, -6.525226 ] } },
{ "type": "Feature", "properties": { "asset_name": "TK Cerdas Bangsa", "category": "school", "category_display": "Sekolah Menengah (SMA/SMK/SMP)", "city_regency": "Kota Bogor", "latitude": -6.526129, "longitude": 106.831226, "source_reference": "osm_overpass:node/4619790919", "asset_id": "SCH-0149", "is_buffer": false, "batch_no": 6, "notes": null }, "geometry": { "type": "Point", "coordinates": [ 106.831226, -6.526129 ] } },
{ "type": "Feature", "properties": { "asset_name": "Ponpes Darul Rahman", "category": "school", "category_display": "Sekolah Menengah (SMA/SMK/SMP)", "city_regency": "Kota Bogor", "latitude": -6.562611, "longitude": 106.610066, "source_reference": "osm_overpass:node/4621625892", "asset_id": "SCH-0150", "is_buffer": false, "batch_no": 6, "notes": null }, "geometry": { "type": "Point", "coordinates": [ 106.610066, -6.562611 ] } },
{ "type": "Feature", "properties": { "asset_name": "SDN Mekarjaya 03", "category": "school", "category_display": "Sekolah Menengah (SMA/SMK/SMP)", "city_regency": "Kota Depok", "latitude": -6.394086, "longitude": 106.839826, "source_reference": "osm_overpass:node/4744333837", "asset_id": "SCH-0151", "is_buffer": false, "batch_no": 6, "notes": null }, "geometry": { "type": "Point", "coordinates": [ 106.839826, -6.394086 ] } },
{ "type": "Feature", "properties": { "asset_name": "SMK Pelayaran Bimasakti", "category": "school", "category_display": "Sekolah Menengah (SMA/SMK/SMP)", "city_regency": "Jakarta Timur", "latitude": -6.225642, "longitude": 106.876876, "source_reference": "osm_overpass:node/4841892497", "asset_id": "SCH-0152", "is_buffer": false, "batch_no": 6, "notes": null }, "geometry": { "type": "Point", "coordinates": [ 106.876876, -6.225642 ] } },
{ "type": "Feature", "properties": { "asset_name": "SDN Cijujung 02", "category": "school", "category_display": "Sekolah Menengah (SMA/SMK/SMP)", "city_regency": "Kota Bogor", "latitude": -6.544086, "longitude": 106.832862, "source_reference": "osm_overpass:node/4846714933", "asset_id": "SCH-0153", "is_buffer": false, "batch_no": 6, "notes": null }, "geometry": { "type": "Point", "coordinates": [ 106.832862, -6.544086 ] } },
{ "type": "Feature", "properties": { "asset_name": "RA-MI-MTS Darul Ulum", "category": "school", "category_display": "Sekolah Menengah (SMA/SMK/SMP)", "city_regency": "Jakarta Barat", "latitude": -6.198006, "longitude": 106.782464, "source_reference": "osm_overpass:node/4849266606", "asset_id": "SCH-0154", "is_buffer": false, "batch_no": 6, "notes": null }, "geometry": { "type": "Point", "coordinates": [ 106.782464, -6.198006 ] } },
{ "type": "Feature", "properties": { "asset_name": "Flybest", "category": "school", "category_display": "Sekolah Menengah (SMA/SMK/SMP)", "city_regency": "Kota Tangerang Selatan", "latitude": -6.288233, "longitude": 106.651143, "source_reference": "osm_overpass:node/4853355022", "asset_id": "SCH-0155", "is_buffer": false, "batch_no": 6, "notes": null }, "geometry": { "type": "Point", "coordinates": [ 106.651143, -6.288233 ] } },
{ "type": "Feature", "properties": { "asset_name": "TK-SD Elo 1", "category": "school", "category_display": "Sekolah Menengah (SMA/SMK/SMP)", "city_regency": "Jakarta Utara", "latitude": -6.152755, "longitude": 106.8094, "source_reference": "osm_overpass:node/4871022276", "asset_id": "SCH-0156", "is_buffer": false, "batch_no": 6, "notes": null }, "geometry": { "type": "Point", "coordinates": [ 106.8094, -6.152755 ] } },
{ "type": "Feature", "properties": { "asset_name": "Midiatama Academy", "category": "school", "category_display": "Sekolah Menengah (SMA/SMK/SMP)", "city_regency": "Kota Tangerang", "latitude": -6.191948, "longitude": 106.74527, "source_reference": "osm_overpass:node/4871574193", "asset_id": "SCH-0157", "is_buffer": false, "batch_no": 6, "notes": null }, "geometry": { "type": "Point", "coordinates": [ 106.74527, -6.191948 ] } },
{ "type": "Feature", "properties": { "asset_name": "SD Bendungan Hilir", "category": "school", "category_display": "Sekolah Menengah (SMA/SMK/SMP)", "city_regency": "Jakarta Pusat", "latitude": -6.213519, "longitude": 106.811434, "source_reference": "osm_overpass:node/4954437366", "asset_id": "SCH-0158", "is_buffer": false, "batch_no": 6, "notes": null }, "geometry": { "type": "Point", "coordinates": [ 106.811434, -6.213519 ] } },
{ "type": "Feature", "properties": { "asset_name": "SMP Negeri 2 Tangerang", "category": "school", "category_display": "Sekolah Menengah (SMA/SMK/SMP)", "city_regency": "Kota Tangerang", "latitude": -6.172054, "longitude": 106.636242, "source_reference": "osm_overpass:node/4956352243", "asset_id": "SCH-0159", "is_buffer": false, "batch_no": 6, "notes": null }, "geometry": { "type": "Point", "coordinates": [ 106.636242, -6.172054 ] } },
{ "type": "Feature", "properties": { "asset_name": "SDIT Asy-Syafi'i", "category": "school", "category_display": "Sekolah Menengah (SMA/SMK/SMP)", "city_regency": "Kota Depok", "latitude": -6.334808, "longitude": 106.851115, "source_reference": "osm_overpass:node/4965605749", "asset_id": "SCH-0160", "is_buffer": false, "batch_no": 7, "notes": null }, "geometry": { "type": "Point", "coordinates": [ 106.851115, -6.334808 ] } },
{ "type": "Feature", "properties": { "asset_name": "SDIT Harapan Ummat", "category": "school", "category_display": "Sekolah Menengah (SMA/SMK/SMP)", "city_regency": "Jakarta Pusat", "latitude": -6.206113, "longitude": 106.850648, "source_reference": "osm_overpass:node/4967426224", "asset_id": "SCH-0161", "is_buffer": false, "batch_no": 7, "notes": null }, "geometry": { "type": "Point", "coordinates": [ 106.850648, -6.206113 ] } },
{ "type": "Feature", "properties": { "asset_name": "MI Nurul Ikhwan", "category": "school", "category_display": "Sekolah Menengah (SMA/SMK/SMP)", "city_regency": "Jakarta Utara", "latitude": -6.120082, "longitude": 106.867333, "source_reference": "osm_overpass:node/5023480156", "asset_id": "SCH-0162", "is_buffer": false, "batch_no": 7, "notes": null }, "geometry": { "type": "Point", "coordinates": [ 106.867333, -6.120082 ] } },
{ "type": "Feature", "properties": { "asset_name": "SD Negeri Lubang Buaya 05 Pagi", "category": "school", "category_display": "Sekolah Menengah (SMA/SMK/SMP)", "city_regency": "Jakarta Timur", "latitude": -6.288539, "longitude": 106.899936, "source_reference": "osm_overpass:node/5026203676", "asset_id": "SCH-0163", "is_buffer": false, "batch_no": 7, "notes": null }, "geometry": { "type": "Point", "coordinates": [ 106.899936, -6.288539 ] } },
{ "type": "Feature", "properties": { "asset_name": "KB - TK - SD Agape Kudus", "category": "school", "category_display": "Sekolah Menengah (SMA/SMK/SMP)", "city_regency": "Kota Tangerang", "latitude": -6.134688, "longitude": 106.706217, "source_reference": "osm_overpass:node/4974594632", "asset_id": "SCH-0164", "is_buffer": false, "batch_no": 7, "notes": null }, "geometry": { "type": "Point", "coordinates": [ 106.706217, -6.134688 ] } },
{ "type": "Feature", "properties": { "asset_name": "KB - TK - SD Dharma Surya", "category": "school", "category_display": "Sekolah Menengah (SMA/SMK/SMP)", "city_regency": "Kota Tangerang", "latitude": -6.134509, "longitude": 106.705299, "source_reference": "osm_overpass:node/4974594633", "asset_id": "SCH-0165", "is_buffer": false, "batch_no": 7, "notes": null }, "geometry": { "type": "Point", "coordinates": [ 106.705299, -6.134509 ] } },
{ "type": "Feature", "properties": { "asset_name": "SD Harapan Kasih", "category": "school", "category_display": "Sekolah Menengah (SMA/SMK/SMP)", "city_regency": "Jakarta Barat", "latitude": -6.180474, "longitude": 106.782976, "source_reference": "osm_overpass:node/5032149100", "asset_id": "SCH-0166", "is_buffer": false, "batch_no": 7, "notes": null }, "geometry": { "type": "Point", "coordinates": [ 106.782976, -6.180474 ] } },
{ "type": "Feature", "properties": { "asset_name": "SMA Buah Hati", "category": "school", "category_display": "Sekolah Menengah (SMA/SMK/SMP)", "city_regency": "Kota Depok", "latitude": -6.344386, "longitude": 106.884929, "source_reference": "osm_overpass:node/5055778323", "asset_id": "SCH-0167", "is_buffer": false, "batch_no": 7, "notes": null }, "geometry": { "type": "Point", "coordinates": [ 106.884929, -6.344386 ] } },
{ "type": "Feature", "properties": { "asset_name": "SMK Bina Nusa Mandiri", "category": "school", "category_display": "Sekolah Menengah (SMA/SMK/SMP)", "city_regency": "Kota Depok", "latitude": -6.3282, "longitude": 106.880608, "source_reference": "osm_overpass:node/5055779085", "asset_id": "SCH-0168", "is_buffer": false, "batch_no": 7, "notes": null }, "geometry": { "type": "Point", "coordinates": [ 106.880608, -6.3282 ] } },
{ "type": "Feature", "properties": { "asset_name": "SMP - SMA Cengkareng 1, SMK Cengkareng 2 Jakarta", "category": "school", "category_display": "Sekolah Menengah (SMA/SMK/SMP)", "city_regency": "Kota Tangerang", "latitude": -6.134365, "longitude": 106.738009, "source_reference": "osm_overpass:node/5057618588", "asset_id": "SCH-0169", "is_buffer": false, "batch_no": 7, "notes": null }, "geometry": { "type": "Point", "coordinates": [ 106.738009, -6.134365 ] } },
{ "type": "Feature", "properties": { "asset_name": "SMA Negeri 2 Tambun Utara", "category": "school", "category_display": "Sekolah Menengah (SMA/SMK/SMP)", "city_regency": "Kota Bekasi", "latitude": -6.232955, "longitude": 107.050632, "source_reference": "osm_overpass:node/5057829932", "asset_id": "SCH-0170", "is_buffer": false, "batch_no": 7, "notes": null }, "geometry": { "type": "Point", "coordinates": [ 107.050632, -6.232955 ] } },
{ "type": "Feature", "properties": { "asset_name": "SMPS Al Huda", "category": "school", "category_display": "Sekolah Menengah (SMA/SMK/SMP)", "city_regency": "Kota Bekasi", "latitude": -6.222798, "longitude": 107.034272, "source_reference": "osm_overpass:node/5057829953", "asset_id": "SCH-0171", "is_buffer": false, "batch_no": 7, "notes": null }, "geometry": { "type": "Point", "coordinates": [ 107.034272, -6.222798 ] } },
{ "type": "Feature", "properties": { "asset_name": "SMP At Taqwa 11", "category": "school", "category_display": "Sekolah Menengah (SMA/SMK/SMP)", "city_regency": "Kota Bekasi", "latitude": -6.208964, "longitude": 107.035172, "source_reference": "osm_overpass:node/5057829958", "asset_id": "SCH-0172", "is_buffer": false, "batch_no": 7, "notes": null }, "geometry": { "type": "Point", "coordinates": [ 107.035172, -6.208964 ] } },
{ "type": "Feature", "properties": { "asset_name": "SMP Satria Nusantara", "category": "school", "category_display": "Sekolah Menengah (SMA/SMK/SMP)", "city_regency": "Kota Bekasi", "latitude": -6.218845, "longitude": 107.044049, "source_reference": "osm_overpass:node/5057829979", "asset_id": "SCH-0173", "is_buffer": false, "batch_no": 7, "notes": null }, "geometry": { "type": "Point", "coordinates": [ 107.044049, -6.218845 ] } },
{ "type": "Feature", "properties": { "asset_name": "SMP Negeri 3 Tambun Utara", "category": "school", "category_display": "Sekolah Menengah (SMA/SMK/SMP)", "city_regency": "Kota Bekasi", "latitude": -6.233324, "longitude": 107.044795, "source_reference": "osm_overpass:node/5057829980", "asset_id": "SCH-0174", "is_buffer": false, "batch_no": 7, "notes": null }, "geometry": { "type": "Point", "coordinates": [ 107.044795, -6.233324 ] } },
{ "type": "Feature", "properties": { "asset_name": "SLB B dan C Kristen Ephphatha Indonesia", "category": "school", "category_display": "Sekolah Menengah (SMA/SMK/SMP)", "city_regency": "Kota Bekasi", "latitude": -6.220917, "longitude": 107.035368, "source_reference": "osm_overpass:node/5057829986", "asset_id": "SCH-0175", "is_buffer": false, "batch_no": 7, "notes": null }, "geometry": { "type": "Point", "coordinates": [ 107.035368, -6.220917 ] } },
{ "type": "Feature", "properties": { "asset_name": "SD Negeri Karangsatria 01", "category": "school", "category_display": "Sekolah Menengah (SMA/SMK/SMP)", "city_regency": "Kota Bekasi", "latitude": -6.20934, "longitude": 107.035033, "source_reference": "osm_overpass:node/5057829995", "asset_id": "SCH-0176", "is_buffer": false, "batch_no": 7, "notes": null }, "geometry": { "type": "Point", "coordinates": [ 107.035033, -6.20934 ] } },
{ "type": "Feature", "properties": { "asset_name": "SD Negeri Karangsatria 04", "category": "school", "category_display": "Sekolah Menengah (SMA/SMK/SMP)", "city_regency": "Kota Bekasi", "latitude": -6.217303, "longitude": 107.033127, "source_reference": "osm_overpass:node/5057830024", "asset_id": "SCH-0177", "is_buffer": false, "batch_no": 7, "notes": null }, "geometry": { "type": "Point", "coordinates": [ 107.033127, -6.217303 ] } },
{ "type": "Feature", "properties": { "asset_name": "SD Negeri Karangsatria 05", "category": "school", "category_display": "Sekolah Menengah (SMA/SMK/SMP)", "city_regency": "Kota Bekasi", "latitude": -6.218356, "longitude": 107.04394, "source_reference": "osm_overpass:node/5057830050", "asset_id": "SCH-0178", "is_buffer": false, "batch_no": 7, "notes": null }, "geometry": { "type": "Point", "coordinates": [ 107.04394, -6.218356 ] } },
{ "type": "Feature", "properties": { "asset_name": "SD Negeri Karangsatria 02", "category": "school", "category_display": "Sekolah Menengah (SMA/SMK/SMP)", "city_regency": "Kota Bekasi", "latitude": -6.222797, "longitude": 107.033874, "source_reference": "osm_overpass:node/5057830068", "asset_id": "SCH-0179", "is_buffer": false, "batch_no": 7, "notes": null }, "geometry": { "type": "Point", "coordinates": [ 107.033874, -6.222797 ] } },
{ "type": "Feature", "properties": { "asset_name": "SMK Athena", "category": "school", "category_display": "Sekolah Menengah (SMA/SMK/SMP)", "city_regency": "Kota Bekasi", "latitude": -6.224513, "longitude": 107.041186, "source_reference": "osm_overpass:node/5057830081", "asset_id": "SCH-0180", "is_buffer": false, "batch_no": 7, "notes": null }, "geometry": { "type": "Point", "coordinates": [ 107.041186, -6.224513 ] } },
{ "type": "Feature", "properties": { "asset_name": "SD Karangsatria 03", "category": "school", "category_display": "Sekolah Menengah (SMA/SMK/SMP)", "city_regency": "Kota Bekasi", "latitude": -6.231511, "longitude": 107.046509, "source_reference": "osm_overpass:node/5057830101", "asset_id": "SCH-0181", "is_buffer": false, "batch_no": 7, "notes": null }, "geometry": { "type": "Point", "coordinates": [ 107.046509, -6.231511 ] } },
{ "type": "Feature", "properties": { "asset_name": "SD Plus Al Fathonah Mardlotilla", "category": "school", "category_display": "Sekolah Menengah (SMA/SMK/SMP)", "city_regency": "Kota Bekasi", "latitude": -6.23693, "longitude": 107.049995, "source_reference": "osm_overpass:node/5057830102", "asset_id": "SCH-0182", "is_buffer": false, "batch_no": 7, "notes": null }, "geometry": { "type": "Point", "coordinates": [ 107.049995, -6.23693 ] } },
{ "type": "Feature", "properties": { "asset_name": "SMP Harapan Taruna", "category": "school", "category_display": "Sekolah Menengah (SMA/SMK/SMP)", "city_regency": "Kota Bogor", "latitude": -6.618915, "longitude": 106.81016, "source_reference": "osm_overpass:node/5063672371", "asset_id": "SCH-0183", "is_buffer": false, "batch_no": 7, "notes": null }, "geometry": { "type": "Point", "coordinates": [ 106.81016, -6.618915 ] } },
{ "type": "Feature", "properties": { "asset_name": "SMA Ananda", "category": "school", "category_display": "Sekolah Menengah (SMA/SMK/SMP)", "city_regency": "Kota Bogor", "latitude": -6.618967, "longitude": 106.811937, "source_reference": "osm_overpass:node/5063672372", "asset_id": "SCH-0184", "is_buffer": false, "batch_no": 7, "notes": null }, "geometry": { "type": "Point", "coordinates": [ 106.811937, -6.618967 ] } },
{ "type": "Feature", "properties": { "asset_name": "SD Ananda", "category": "school", "category_display": "Sekolah Menengah (SMA/SMK/SMP)", "city_regency": "Kota Bogor", "latitude": -6.618598, "longitude": 106.811919, "source_reference": "osm_overpass:node/5063672373", "asset_id": "SCH-0185", "is_buffer": false, "batch_no": 7, "notes": null }, "geometry": { "type": "Point", "coordinates": [ 106.811919, -6.618598 ] } },
{ "type": "Feature", "properties": { "asset_name": "SMK Bhakti Insani Bogor", "category": "school", "category_display": "Sekolah Menengah (SMA/SMK/SMP)", "city_regency": "Kota Bogor", "latitude": -6.618834, "longitude": 106.810748, "source_reference": "osm_overpass:node/5063672375", "asset_id": "SCH-0186", "is_buffer": false, "batch_no": 7, "notes": null }, "geometry": { "type": "Point", "coordinates": [ 106.810748, -6.618834 ] } },
{ "type": "Feature", "properties": { "asset_name": "SD Negeri Batutulis IV", "category": "school", "category_display": "Sekolah Menengah (SMA/SMK/SMP)", "city_regency": "Kota Bogor", "latitude": -6.618617, "longitude": 106.810006, "source_reference": "osm_overpass:node/5063672378", "asset_id": "SCH-0187", "is_buffer": false, "batch_no": 7, "notes": null }, "geometry": { "type": "Point", "coordinates": [ 106.810006, -6.618617 ] } },
{ "type": "Feature", "properties": { "asset_name": "SD Negeri Batutulis III", "category": "school", "category_display": "Sekolah Menengah (SMA/SMK/SMP)", "city_regency": "Kota Bogor", "latitude": -6.624037, "longitude": 106.809333, "source_reference": "osm_overpass:node/5063672379", "asset_id": "SCH-0188", "is_buffer": false, "batch_no": 7, "notes": null }, "geometry": { "type": "Point", "coordinates": [ 106.809333, -6.624037 ] } },
{ "type": "Feature", "properties": { "asset_name": "SMPN 244 Terbuka", "category": "school", "category_display": "Sekolah Menengah (SMA/SMK/SMP)", "city_regency": "Kota Bekasi", "latitude": -6.099251, "longitude": 106.961723, "source_reference": "osm_overpass:node/5063864231", "asset_id": "SCH-0189", "is_buffer": false, "batch_no": 7, "notes": null }, "geometry": { "type": "Point", "coordinates": [ 106.961723, -6.099251 ] } },
{ "type": "Feature", "properties": { "asset_name": "SMK Bintang Nusantara", "category": "school", "category_display": "Sekolah Menengah (SMA/SMK/SMP)", "city_regency": "Kota Bekasi", "latitude": -6.098333, "longitude": 106.961743, "source_reference": "osm_overpass:node/5063968047", "asset_id": "SCH-0190", "is_buffer": false, "batch_no": 7, "notes": null }, "geometry": { "type": "Point", "coordinates": [ 106.961743, -6.098333 ] } },
{ "type": "Feature", "properties": { "asset_name": "SMA Negeri 8 Bogor", "category": "school", "category_display": "Sekolah Menengah (SMA/SMK/SMP)", "city_regency": "Kota Bogor", "latitude": -6.544996, "longitude": 106.820244, "source_reference": "osm_overpass:node/5065392760", "asset_id": "SCH-0191", "is_buffer": false, "batch_no": 7, "notes": null }, "geometry": { "type": "Point", "coordinates": [ 106.820244, -6.544996 ] } },
{ "type": "Feature", "properties": { "asset_name": "SMP Negeri 15 Bogor", "category": "school", "category_display": "Sekolah Menengah (SMA/SMK/SMP)", "city_regency": "Kota Bogor", "latitude": -6.546822, "longitude": 106.822227, "source_reference": "osm_overpass:node/5065392765", "asset_id": "SCH-0192", "is_buffer": false, "batch_no": 7, "notes": null }, "geometry": { "type": "Point", "coordinates": [ 106.822227, -6.546822 ] } },
{ "type": "Feature", "properties": { "asset_name": "MI Raudatul Islamiyah", "category": "school", "category_display": "Sekolah Menengah (SMA/SMK/SMP)", "city_regency": "Kota Bogor", "latitude": -6.545184, "longitude": 106.811716, "source_reference": "osm_overpass:node/5065392766", "asset_id": "SCH-0193", "is_buffer": false, "batch_no": 7, "notes": null }, "geometry": { "type": "Point", "coordinates": [ 106.811716, -6.545184 ] } },
{ "type": "Feature", "properties": { "asset_name": "SD Negeri Cibuluh III", "category": "school", "category_display": "Sekolah Menengah (SMA/SMK/SMP)", "city_regency": "Kota Bogor", "latitude": -6.54353, "longitude": 106.820118, "source_reference": "osm_overpass:node/5065392773", "asset_id": "SCH-0194", "is_buffer": false, "batch_no": 7, "notes": null }, "geometry": { "type": "Point", "coordinates": [ 106.820118, -6.54353 ] } },
{ "type": "Feature", "properties": { "asset_name": "SD Negeri Cibuluh IV", "category": "school", "category_display": "Sekolah Menengah (SMA/SMK/SMP)", "city_regency": "Kota Bogor", "latitude": -6.54673, "longitude": 106.814143, "source_reference": "osm_overpass:node/5065392774", "asset_id": "SCH-0195", "is_buffer": false, "batch_no": 7, "notes": null }, "geometry": { "type": "Point", "coordinates": [ 106.814143, -6.54673 ] } },
{ "type": "Feature", "properties": { "asset_name": "SD Negeri Ciparigi", "category": "school", "category_display": "Sekolah Menengah (SMA/SMK/SMP)", "city_regency": "Kota Bogor", "latitude": -6.546325, "longitude": 106.813699, "source_reference": "osm_overpass:node/5065392775", "asset_id": "SCH-0196", "is_buffer": false, "batch_no": 7, "notes": null }, "geometry": { "type": "Point", "coordinates": [ 106.813699, -6.546325 ] } },
{ "type": "Feature", "properties": { "asset_name": "SDN Dewi Sartika 3", "category": "school", "category_display": "Sekolah Menengah (SMA/SMK/SMP)", "city_regency": "Kota Bogor", "latitude": -6.582236, "longitude": 106.793885, "source_reference": "osm_overpass:node/5065786940", "asset_id": "SCH-0197", "is_buffer": false, "batch_no": 7, "notes": null }, "geometry": { "type": "Point", "coordinates": [ 106.793885, -6.582236 ] } },
{ "type": "Feature", "properties": { "asset_name": "SD, SMP Al Humaid", "category": "school", "category_display": "Sekolah Menengah (SMA/SMK/SMP)", "city_regency": "Jakarta Timur", "latitude": -6.234722, "longitude": 106.897232, "source_reference": "osm_overpass:node/5067879747", "asset_id": "SCH-0198", "is_buffer": false, "batch_no": 7, "notes": null }, "geometry": { "type": "Point", "coordinates": [ 106.897232, -6.234722 ] } },
{ "type": "Feature", "properties": { "asset_name": "SMK Kesehatan", "category": "school", "category_display": "Sekolah Menengah (SMA/SMK/SMP)", "city_regency": "Kota Bogor", "latitude": -6.53078, "longitude": 106.765944, "source_reference": "osm_overpass:node/5068059911", "asset_id": "SCH-0199", "is_buffer": false, "batch_no": 7, "notes": null }, "geometry": { "type": "Point", "coordinates": [ 106.765944, -6.53078 ] } },
{ "type": "Feature", "properties": { "asset_name": "SMAIT Ummul Quro Bogor", "category": "school", "category_display": "Sekolah Menengah (SMA/SMK/SMP)", "city_regency": "Kota Bogor", "latitude": -6.52844, "longitude": 106.771801, "source_reference": "osm_overpass:node/5068059918", "asset_id": "SCH-0200", "is_buffer": false, "batch_no": 7, "notes": null }, "geometry": { "type": "Point", "coordinates": [ 106.771801, -6.52844 ] } },
{ "type": "Feature", "properties": { "asset_name": "SMP Permata", "category": "school", "category_display": "Sekolah Menengah (SMA/SMK/SMP)", "city_regency": "Kota Bogor", "latitude": -6.53354, "longitude": 106.766232, "source_reference": "osm_overpass:node/5068059931", "asset_id": "SCH-0201", "is_buffer": false, "batch_no": 7, "notes": null }, "geometry": { "type": "Point", "coordinates": [ 106.766232, -6.53354 ] } },
{ "type": "Feature", "properties": { "asset_name": "MTs Nurul Huda 1", "category": "school", "category_display": "Sekolah Menengah (SMA/SMK/SMP)", "city_regency": "Kota Bogor", "latitude": -6.526468, "longitude": 106.773913, "source_reference": "osm_overpass:node/5068059932", "asset_id": "SCH-0202", "is_buffer": false, "batch_no": 7, "notes": null }, "geometry": { "type": "Point", "coordinates": [ 106.773913, -6.526468 ] } },
{ "type": "Feature", "properties": { "asset_name": "SMP Negeri 16 Bogor", "category": "school", "category_display": "Sekolah Menengah (SMA/SMK/SMP)", "city_regency": "Kota Bogor", "latitude": -6.532665, "longitude": 106.773352, "source_reference": "osm_overpass:node/5068059933", "asset_id": "SCH-0203", "is_buffer": false, "batch_no": 7, "notes": null }, "geometry": { "type": "Point", "coordinates": [ 106.773352, -6.532665 ] } },
{ "type": "Feature", "properties": { "asset_name": "MI Sirojudin", "category": "school", "category_display": "Sekolah Menengah (SMA/SMK/SMP)", "city_regency": "Kota Bogor", "latitude": -6.525724, "longitude": 106.766867, "source_reference": "osm_overpass:node/5068059970", "asset_id": "SCH-0204", "is_buffer": false, "batch_no": 7, "notes": null }, "geometry": { "type": "Point", "coordinates": [ 106.766867, -6.525724 ] } },
{ "type": "Feature", "properties": { "asset_name": "SD Negeri Kayumanis 2", "category": "school", "category_display": "Sekolah Menengah (SMA/SMK/SMP)", "city_regency": "Kota Bogor", "latitude": -6.516518, "longitude": 106.769418, "source_reference": "osm_overpass:node/5068059985", "asset_id": "SCH-0205", "is_buffer": false, "batch_no": 7, "notes": null }, "geometry": { "type": "Point", "coordinates": [ 106.769418, -6.516518 ] } },
{ "type": "Feature", "properties": { "asset_name": "MA Yatashi", "category": "school", "category_display": "Sekolah Menengah (SMA/SMK/SMP)", "city_regency": "Kota Bogor", "latitude": -6.537753, "longitude": 106.766146, "source_reference": "osm_overpass:node/5068060021", "asset_id": "SCH-0206", "is_buffer": false, "batch_no": 7, "notes": null }, "geometry": { "type": "Point", "coordinates": [ 106.766146, -6.537753 ] } },
{ "type": "Feature", "properties": { "asset_name": "Heritage School", "category": "school", "category_display": "Sekolah Menengah (SMA/SMK/SMP)", "city_regency": "Jakarta Selatan", "latitude": -6.222035, "longitude": 106.783168, "source_reference": "osm_overpass:node/5082955316", "asset_id": "SCH-0207", "is_buffer": false, "batch_no": 7, "notes": null }, "geometry": { "type": "Point", "coordinates": [ 106.783168, -6.222035 ] } },
{ "type": "Feature", "properties": { "asset_name": "SMA Negeri 1 Depok", "category": "school", "category_display": "Sekolah Menengah (SMA/SMK/SMP)", "city_regency": "Kota Depok", "latitude": -6.395384, "longitude": 106.814397, "source_reference": "osm_overpass:node/4245942448", "asset_id": "SCH-0208", "is_buffer": false, "batch_no": 7, "notes": null }, "geometry": { "type": "Point", "coordinates": [ 106.814397, -6.395384 ] } },
{ "type": "Feature", "properties": { "asset_name": "SMPIT Nurul Falah", "category": "school", "category_display": "Sekolah Menengah (SMA/SMK/SMP)", "city_regency": "Kota Tangerang Selatan", "latitude": -6.3442, "longitude": 106.5545, "source_reference": "osm_overpass:node/13438936017", "asset_id": "SCH-0209", "is_buffer": false, "batch_no": 7, "notes": "Hot-Swapped dari buffer SCH-BUF-001 (pengganti SMK Farmasi IKIFA 404)" }, "geometry": { "type": "Point", "coordinates": [ 106.5545, -6.3442 ] } },
{ "type": "Feature", "properties": { "asset_name": "SMKS Yastrif 2 Parungpanjang", "category": "school", "category_display": "Sekolah Menengah (SMA/SMK/SMP)", "city_regency": "Kota Tangerang Selatan", "latitude": -6.3452, "longitude": 106.5594, "source_reference": "osm_overpass:node/13438936018", "asset_id": "SCH-0210", "is_buffer": false, "batch_no": 7, "notes": "Hot-Swapped dari buffer SCH-BUF-002 (pengganti SMK Malaka 404)" }, "geometry": { "type": "Point", "coordinates": [ 106.5594, -6.3452 ] } },
{ "type": "Feature", "properties": { "asset_name": "SMP, SMK, SMA, STM DHARMA PUTRA", "category": "school", "category_display": "Sekolah Menengah (SMA/SMK/SMP)", "city_regency": "Jakarta Utara", "latitude": -6.122854, "longitude": 106.886193, "source_reference": "osm_overpass:node/5271847430", "asset_id": "SCH-0211", "is_buffer": false, "batch_no": 7, "notes": null }, "geometry": { "type": "Point", "coordinates": [ 106.886193, -6.122854 ] } },
{ "type": "Feature", "properties": { "asset_name": "SMPK Mater Dei Pamulang", "category": "school", "category_display": "Sekolah Menengah (SMA/SMK/SMP)", "city_regency": "Kota Tangerang Selatan", "latitude": -6.345382, "longitude": 106.732829, "source_reference": "osm_overpass:node/5282378728", "asset_id": "SCH-0212", "is_buffer": false, "batch_no": 7, "notes": null }, "geometry": { "type": "Point", "coordinates": [ 106.732829, -6.345382 ] } },
{ "type": "Feature", "properties": { "asset_name": "Madrasah Ibtidaiyah Al Furqon", "category": "school", "category_display": "Sekolah Menengah (SMA/SMK/SMP)", "city_regency": "Kota Tangerang", "latitude": -6.145438, "longitude": 106.730488, "source_reference": "osm_overpass:node/5441478821", "asset_id": "SCH-0213", "is_buffer": false, "batch_no": 7, "notes": null }, "geometry": { "type": "Point", "coordinates": [ 106.730488, -6.145438 ] } },
{ "type": "Feature", "properties": { "asset_name": "SMP/SMK Islam YTM Bogor", "category": "school", "category_display": "Sekolah Menengah (SMA/SMK/SMP)", "city_regency": "Kota Bogor", "latitude": -6.5926, "longitude": 106.806298, "source_reference": "osm_overpass:node/5614645309", "asset_id": "SCH-0214", "is_buffer": false, "batch_no": 7, "notes": null }, "geometry": { "type": "Point", "coordinates": [ 106.806298, -6.5926 ] } },
{ "type": "Feature", "properties": { "asset_name": "Kristen Yusuf High School", "category": "school", "category_display": "Sekolah Menengah (SMA/SMK/SMP)", "city_regency": "Jakarta Utara", "latitude": -6.141412, "longitude": 106.794801, "source_reference": "osm_overpass:node/5940507317", "asset_id": "SCH-0215", "is_buffer": false, "batch_no": 7, "notes": null }, "geometry": { "type": "Point", "coordinates": [ 106.794801, -6.141412 ] } },
{ "type": "Feature", "properties": { "asset_name": "Strada: TK St Maria 2, SD St Aloysius, SMP St Maria 2", "category": "school", "category_display": "Sekolah Menengah (SMA/SMK/SMP)", "city_regency": "Kota Tangerang", "latitude": -6.16974, "longitude": 106.625655, "source_reference": "osm_overpass:node/6154722192", "asset_id": "SCH-0216", "is_buffer": false, "batch_no": 7, "notes": null }, "geometry": { "type": "Point", "coordinates": [ 106.625655, -6.16974 ] } },
{ "type": "Feature", "properties": { "asset_name": "Perguruan Setia Bakti TK, SD, SMP, SMK, SMA", "category": "school", "category_display": "Sekolah Menengah (SMA/SMK/SMP)", "city_regency": "Kota Tangerang", "latitude": -6.182812, "longitude": 106.631403, "source_reference": "osm_overpass:node/6155553388", "asset_id": "SCH-0217", "is_buffer": false, "batch_no": 7, "notes": null }, "geometry": { "type": "Point", "coordinates": [ 106.631403, -6.182812 ] } },
{ "type": "Feature", "properties": { "asset_name": "SMP, SMU Pembangunan Dua", "category": "school", "category_display": "Sekolah Menengah (SMA/SMK/SMP)", "city_regency": "Jakarta Pusat", "latitude": -6.162507, "longitude": 106.817194, "source_reference": "osm_overpass:node/6187462994", "asset_id": "SCH-0218", "is_buffer": false, "batch_no": 7, "notes": null }, "geometry": { "type": "Point", "coordinates": [ 106.817194, -6.162507 ] } },
{ "type": "Feature", "properties": { "asset_name": "SMP, SMK Ma’arif", "category": "school", "category_display": "Sekolah Menengah (SMA/SMK/SMP)", "city_regency": "Jakarta Barat", "latitude": -6.162852, "longitude": 106.794154, "source_reference": "osm_overpass:node/6203331193", "asset_id": "SCH-0219", "is_buffer": false, "batch_no": 7, "notes": null }, "geometry": { "type": "Point", "coordinates": [ 106.794154, -6.162852 ] } },
{ "type": "Feature", "properties": { "asset_name": "SMPN 69", "category": "school", "category_display": "Sekolah Menengah (SMA/SMK/SMP)", "city_regency": "Jakarta Barat", "latitude": -6.176096, "longitude": 106.787009, "source_reference": "osm_overpass:node/6210534092", "asset_id": "SCH-0220", "is_buffer": false, "batch_no": 7, "notes": null }, "geometry": { "type": "Point", "coordinates": [ 106.787009, -6.176096 ] } },
{ "type": "Feature", "properties": { "asset_name": "TKK, SDK, SMPK Panti Asuhan Pa Ban Dee Steur", "category": "school", "category_display": "Sekolah Menengah (SMA/SMK/SMP)", "city_regency": "Jakarta Pusat", "latitude": -6.204452, "longitude": 106.858217, "source_reference": "osm_overpass:node/6219012686", "asset_id": "SCH-0221", "is_buffer": false, "batch_no": 7, "notes": null }, "geometry": { "type": "Point", "coordinates": [ 106.858217, -6.204452 ] } },
{ "type": "Feature", "properties": { "asset_name": "SMA Krida Nusantara", "category": "school", "category_display": "Sekolah Menengah (SMA/SMK/SMP)", "city_regency": "Jakarta Pusat", "latitude": -6.199946, "longitude": 106.852613, "source_reference": "osm_overpass:node/6219016387", "asset_id": "SCH-0222", "is_buffer": false, "batch_no": 7, "notes": null }, "geometry": { "type": "Point", "coordinates": [ 106.852613, -6.199946 ] } },
{ "type": "Feature", "properties": { "asset_name": "SMK Negeri 3", "category": "school", "category_display": "Sekolah Menengah (SMA/SMK/SMP)", "city_regency": "Kota Bogor", "latitude": -6.583193, "longitude": 106.806733, "source_reference": "osm_overpass:node/6227661685", "asset_id": "SCH-0223", "is_buffer": false, "batch_no": 7, "notes": null }, "geometry": { "type": "Point", "coordinates": [ 106.806733, -6.583193 ] } },
{ "type": "Feature", "properties": { "asset_name": "TK, SD, SMP, SMA, SMK Santo Fransiskus", "category": "school", "category_display": "Sekolah Menengah (SMA/SMK/SMP)", "city_regency": "Jakarta Pusat", "latitude": -6.187886, "longitude": 106.846559, "source_reference": "osm_overpass:node/6249969797", "asset_id": "SCH-0224", "is_buffer": false, "batch_no": 7, "notes": null }, "geometry": { "type": "Point", "coordinates": [ 106.846559, -6.187886 ] } },
{ "type": "Feature", "properties": { "asset_name": "KB, TK, SD, SMP, SMK Parawisata Santa Maria", "category": "school", "category_display": "Sekolah Menengah (SMA/SMK/SMP)", "city_regency": "Jakarta Pusat", "latitude": -6.166822, "longitude": 106.824292, "source_reference": "osm_overpass:node/6251585803", "asset_id": "SCH-0225", "is_buffer": false, "batch_no": 7, "notes": null }, "geometry": { "type": "Point", "coordinates": [ 106.824292, -6.166822 ] } },
{ "type": "Feature", "properties": { "asset_name": "SMP, SMA Santa Ursula", "category": "school", "category_display": "Sekolah Menengah (SMA/SMK/SMP)", "city_regency": "Jakarta Pusat", "latitude": -6.168596, "longitude": 106.834564, "source_reference": "osm_overpass:node/6252016291", "asset_id": "SCH-0226", "is_buffer": false, "batch_no": 7, "notes": null }, "geometry": { "type": "Point", "coordinates": [ 106.834564, -6.168596 ] } },
{ "type": "Feature", "properties": { "asset_name": "SMAK3 BPK Penabur", "category": "school", "category_display": "Sekolah Menengah (SMA/SMK/SMP)", "city_regency": "Jakarta Pusat", "latitude": -6.169873, "longitude": 106.840454, "source_reference": "osm_overpass:node/6255540890", "asset_id": "SCH-0227", "is_buffer": false, "batch_no": 7, "notes": null }, "geometry": { "type": "Point", "coordinates": [ 106.840454, -6.169873 ] } },
{ "type": "Feature", "properties": { "asset_name": "SMP Dharma Siswa", "category": "school", "category_display": "Sekolah Menengah (SMA/SMK/SMP)", "city_regency": "Kota Tangerang", "latitude": -6.195237, "longitude": 106.620947, "source_reference": "osm_overpass:node/6269495096", "asset_id": "SCH-0228", "is_buffer": false, "batch_no": 7, "notes": null }, "geometry": { "type": "Point", "coordinates": [ 106.620947, -6.195237 ] } },
{ "type": "Feature", "properties": { "asset_name": "SMP, SMK Voctech 1, 2", "category": "school", "category_display": "Sekolah Menengah (SMA/SMK/SMP)", "city_regency": "Kota Tangerang", "latitude": -6.186344, "longitude": 106.612917, "source_reference": "osm_overpass:node/6269599889", "asset_id": "SCH-0229", "is_buffer": false, "batch_no": 7, "notes": null }, "geometry": { "type": "Point", "coordinates": [ 106.612917, -6.186344 ] } },
{ "type": "Feature", "properties": { "asset_name": "SMP NEGERI 3 CIBITUNG", "category": "school", "category_display": "Sekolah Menengah (SMA/SMK/SMP)", "city_regency": "Kota Bekasi", "latitude": -6.224676, "longitude": 107.113849, "source_reference": "osm_overpass:node/6303961437", "asset_id": "SCH-0230", "is_buffer": false, "batch_no": 7, "notes": null }, "geometry": { "type": "Point", "coordinates": [ 107.113849, -6.224676 ] } },
{ "type": "Feature", "properties": { "asset_name": "SD, SMP Adevent Anggrek", "category": "school", "category_display": "Sekolah Menengah (SMA/SMK/SMP)", "city_regency": "Jakarta Utara", "latitude": -6.115351, "longitude": 106.894329, "source_reference": "osm_overpass:node/6393442786", "asset_id": "SCH-0231", "is_buffer": false, "batch_no": 7, "notes": null }, "geometry": { "type": "Point", "coordinates": [ 106.894329, -6.115351 ] } },
{ "type": "Feature", "properties": { "asset_name": "SMAS PGRI Rumpin", "category": "school", "category_display": "Sekolah Menengah (SMA/SMK/SMP)", "city_regency": "Kota Bogor", "latitude": -6.5046, "longitude": 106.6546, "source_reference": "osm_overpass:node/13438936019", "asset_id": "SCH-0232", "is_buffer": false, "batch_no": 7, "notes": "Hot-Swapped dari buffer SCH-BUF-003 (pengganti SMK Negeri 1 Kota Bekasi 404)" }, "geometry": { "type": "Point", "coordinates": [ 106.6546, -6.5046 ] } },
{ "type": "Feature", "properties": { "asset_name": "SD Al - Awwaliyah", "category": "school", "category_display": "Sekolah Menengah (SMA/SMK/SMP)", "city_regency": "Kota Bogor", "latitude": -6.490479, "longitude": 106.649095, "source_reference": "osm_overpass:node/13438936021", "asset_id": "SCH-0233", "is_buffer": false, "batch_no": 7, "notes": "Hot-Swapped dari buffer SCH-BUF-004 (pengganti SMKS Bina Mandiri 404)" }, "geometry": { "type": "Point", "coordinates": [ 106.649095, -6.490479 ] } },
{ "type": "Feature", "properties": { "asset_name": "SMP IT AL-HIDAYAH", "category": "school", "category_display": "Sekolah Menengah (SMA/SMK/SMP)", "city_regency": "Kota Bogor", "latitude": -6.471537, "longitude": 106.831245, "source_reference": "osm_overpass:node/6723944685", "asset_id": "SCH-0234", "is_buffer": false, "batch_no": 7, "notes": null }, "geometry": { "type": "Point", "coordinates": [ 106.831245, -6.471537 ] } },
{ "type": "Feature", "properties": { "asset_name": "SD SMP AL-FATH", "category": "school", "category_display": "Sekolah Menengah (SMA/SMK/SMP)", "city_regency": "Kota Bogor", "latitude": -6.466983, "longitude": 106.839664, "source_reference": "osm_overpass:node/6724062586", "asset_id": "SCH-0235", "is_buffer": false, "batch_no": 7, "notes": null }, "geometry": { "type": "Point", "coordinates": [ 106.839664, -6.466983 ] } },
{ "type": "Feature", "properties": { "asset_name": "SMA Negeri 10 Kota Tangerang", "category": "school", "category_display": "Sekolah Menengah (SMA/SMK/SMP)", "city_regency": "Kota Tangerang", "latitude": -6.191248, "longitude": 106.664877, "source_reference": "osm_overpass:node/6731704452", "asset_id": "SCH-0236", "is_buffer": false, "batch_no": 7, "notes": null }, "geometry": { "type": "Point", "coordinates": [ 106.664877, -6.191248 ] } },
{ "type": "Feature", "properties": { "asset_name": "SMPN 4 Tambun Selatan", "category": "school", "category_display": "Sekolah Menengah (SMA/SMK/SMP)", "city_regency": "Kab. Bekasi", "latitude": -6.268313, "longitude": 107.022472, "source_reference": "osm_overpass:node/6841413251", "asset_id": "SCH-0237", "is_buffer": false, "batch_no": 7, "notes": null }, "geometry": { "type": "Point", "coordinates": [ 107.022472, -6.268313 ] } },
{ "type": "Feature", "properties": { "asset_name": "SMAN 6 Tambun Selatan", "category": "school", "category_display": "Sekolah Menengah (SMA/SMK/SMP)", "city_regency": "Kab. Bekasi", "latitude": -6.267306, "longitude": 107.018663, "source_reference": "osm_overpass:node/6841413254", "asset_id": "SCH-0238", "is_buffer": false, "batch_no": 7, "notes": null }, "geometry": { "type": "Point", "coordinates": [ 107.018663, -6.267306 ] } },
{ "type": "Feature", "properties": { "asset_name": "SMKN 6 Kab Tangerang", "category": "school", "category_display": "Sekolah Menengah (SMA/SMK/SMP)", "city_regency": "Kota Tangerang Selatan", "latitude": -6.302182, "longitude": 106.625351, "source_reference": "osm_overpass:node/7396530641", "asset_id": "SCH-0239", "is_buffer": false, "batch_no": 7, "notes": null }, "geometry": { "type": "Point", "coordinates": [ 106.625351, -6.302182 ] } },
{ "type": "Feature", "properties": { "asset_name": "SMP Muhammadiyah 2 Jakarta", "category": "school", "category_display": "Sekolah Menengah (SMA/SMK/SMP)", "city_regency": "Jakarta Pusat", "latitude": -6.161463, "longitude": 106.842676, "source_reference": "osm_overpass:node/7718895734", "asset_id": "SCH-0240", "is_buffer": false, "batch_no": 7, "notes": null }, "geometry": { "type": "Point", "coordinates": [ 106.842676, -6.161463 ] } },
{ "type": "Feature", "properties": { "asset_name": "SMP Negeri 6 Kota Bogor - Gerbang Masuk dan Keluar", "category": "school", "category_display": "Sekolah Menengah (SMA/SMK/SMP)", "city_regency": "Kota Bogor", "latitude": -6.578325, "longitude": 106.7717, "source_reference": "osm_overpass:node/7887193785", "asset_id": "SCH-0241", "is_buffer": false, "batch_no": 7, "notes": null }, "geometry": { "type": "Point", "coordinates": [ 106.7717, -6.578325 ] } },
{ "type": "Feature", "properties": { "asset_name": "SMA Negeri 11 Kota Tangerang", "category": "school", "category_display": "Sekolah Menengah (SMA/SMK/SMP)", "city_regency": "Kota Tangerang", "latitude": -6.20501, "longitude": 106.575795, "source_reference": "osm_overpass:node/8117792023", "asset_id": "SCH-0242", "is_buffer": false, "batch_no": 7, "notes": null }, "geometry": { "type": "Point", "coordinates": [ 106.575795, -6.20501 ] } },
{ "type": "Feature", "properties": { "asset_name": "SMKN 2 Cibinong", "category": "school", "category_display": "Sekolah Menengah (SMA/SMK/SMP)", "city_regency": "Kota Bogor", "latitude": -6.521567, "longitude": 106.815754, "source_reference": "osm_overpass:node/8242010596", "asset_id": "SCH-0243", "is_buffer": false, "batch_no": 7, "notes": null }, "geometry": { "type": "Point", "coordinates": [ 106.815754, -6.521567 ] } },
{ "type": "Feature", "properties": { "asset_name": "SMPN 10 Depok", "category": "school", "category_display": "Sekolah Menengah (SMA/SMK/SMP)", "city_regency": "Kota Depok", "latitude": -6.419448, "longitude": 106.760812, "source_reference": "osm_overpass:node/8948574802", "asset_id": "SCH-0244", "is_buffer": false, "batch_no": 7, "notes": null }, "geometry": { "type": "Point", "coordinates": [ 106.760812, -6.419448 ] } },
{ "type": "Feature", "properties": { "asset_name": "SDIT SMPIT ABDURRAHMAN BIN AUF", "category": "school", "category_display": "Sekolah Menengah (SMA/SMK/SMP)", "city_regency": "Kota Bogor", "latitude": -6.5427, "longitude": 106.766845, "source_reference": "osm_overpass:node/8961586017", "asset_id": "SCH-0245", "is_buffer": false, "batch_no": 7, "notes": null }, "geometry": { "type": "Point", "coordinates": [ 106.766845, -6.5427 ] } },
{ "type": "Feature", "properties": { "asset_name": "SMK & SMP Tanjung", "category": "school", "category_display": "Sekolah Menengah (SMA/SMK/SMP)", "city_regency": "Jakarta Barat", "latitude": -6.161511, "longitude": 106.796231, "source_reference": "osm_overpass:node/9064896763", "asset_id": "SCH-0246", "is_buffer": false, "batch_no": 7, "notes": null }, "geometry": { "type": "Point", "coordinates": [ 106.796231, -6.161511 ] } },
{ "type": "Feature", "properties": { "asset_name": "SMK Widya Patria 2", "category": "school", "category_display": "Sekolah Menengah (SMA/SMK/SMP)", "city_regency": "Kota Tangerang", "latitude": -6.213384, "longitude": 106.725209, "source_reference": "osm_overpass:node/9599110217", "asset_id": "SCH-0247", "is_buffer": false, "batch_no": 7, "notes": null }, "geometry": { "type": "Point", "coordinates": [ 106.725209, -6.213384 ] } },
{ "type": "Feature", "properties": { "asset_name": "SMP - SMA Citra Nusa", "category": "school", "category_display": "Sekolah Menengah (SMA/SMK/SMP)", "city_regency": "Kota Bogor", "latitude": -6.474551, "longitude": 106.829568, "source_reference": "osm_overpass:node/9677847515", "asset_id": "SCH-0248", "is_buffer": false, "batch_no": 7, "notes": null }, "geometry": { "type": "Point", "coordinates": [ 106.829568, -6.474551 ] } },
{ "type": "Feature", "properties": { "asset_name": "SMAN 11 Depok", "category": "school", "category_display": "Sekolah Menengah (SMA/SMK/SMP)", "city_regency": "Kota Depok", "latitude": -6.422028, "longitude": 106.836706, "source_reference": "osm_overpass:node/9681786196", "asset_id": "SCH-0249", "is_buffer": false, "batch_no": 7, "notes": null }, "geometry": { "type": "Point", "coordinates": [ 106.836706, -6.422028 ] } },
{ "type": "Feature", "properties": { "asset_name": "SMP Mutiara Bangsa", "category": "school", "category_display": "Sekolah Menengah (SMA/SMK/SMP)", "city_regency": "Kota Depok", "latitude": -6.353961, "longitude": 106.836769, "source_reference": "osm_overpass:node/9684687961", "asset_id": "SCH-0250", "is_buffer": false, "batch_no": 7, "notes": null }, "geometry": { "type": "Point", "coordinates": [ 106.836769, -6.353961 ] } },
{ "type": "Feature", "properties": { "asset_name": "Strada SMK Daan Mogot", "category": "school", "category_display": "Sekolah Menengah (SMA/SMK/SMP)", "city_regency": "Kota Tangerang", "latitude": -6.180686, "longitude": 106.619899, "source_reference": "osm_overpass:node/9695764261", "asset_id": "SCH-0251", "is_buffer": false, "batch_no": 7, "notes": null }, "geometry": { "type": "Point", "coordinates": [ 106.619899, -6.180686 ] } },
{ "type": "Feature", "properties": { "asset_name": "SMA Negeri 1 Tangerang", "category": "school", "category_display": "Sekolah Menengah (SMA/SMK/SMP)", "city_regency": "Kota Tangerang", "latitude": -6.170116, "longitude": 106.633323, "source_reference": "osm_overpass:node/9696016624", "asset_id": "SCH-0252", "is_buffer": false, "batch_no": 7, "notes": null }, "geometry": { "type": "Point", "coordinates": [ 106.633323, -6.170116 ] } },
{ "type": "Feature", "properties": { "asset_name": "SMP Paramarta Unggulan", "category": "school", "category_display": "Sekolah Menengah (SMA/SMK/SMP)", "city_regency": "Kota Tangerang Selatan", "latitude": -6.297399, "longitude": 106.733205, "source_reference": "osm_overpass:node/9696346121", "asset_id": "SCH-0253", "is_buffer": false, "batch_no": 7, "notes": null }, "geometry": { "type": "Point", "coordinates": [ 106.733205, -6.297399 ] } },
{ "type": "Feature", "properties": { "asset_name": "SMA Islam PB Soedirman", "category": "school", "category_display": "Sekolah Menengah (SMA/SMK/SMP)", "city_regency": "Jakarta Timur", "latitude": -6.314775, "longitude": 106.862198, "source_reference": "osm_overpass:node/9725367860", "asset_id": "SCH-0254", "is_buffer": false, "batch_no": 7, "notes": null }, "geometry": { "type": "Point", "coordinates": [ 106.862198, -6.314775 ] } },
{ "type": "Feature", "properties": { "asset_name": "Madrasah Manaratul Islam", "category": "school", "category_display": "Sekolah Menengah (SMA/SMK/SMP)", "city_regency": "Jakarta Selatan", "latitude": -6.267116, "longitude": 106.793654, "source_reference": "osm_overpass:node/9725370412", "asset_id": "SCH-0255", "is_buffer": false, "batch_no": 7, "notes": null }, "geometry": { "type": "Point", "coordinates": [ 106.793654, -6.267116 ] } },
{ "type": "Feature", "properties": { "asset_name": "SMK Remaja Pluit", "category": "school", "category_display": "Sekolah Menengah (SMA/SMK/SMP)", "city_regency": "Jakarta Utara", "latitude": -6.12468, "longitude": 106.79098, "source_reference": "osm_overpass:node/9729511471", "asset_id": "SCH-0256", "is_buffer": false, "batch_no": 7, "notes": null }, "geometry": { "type": "Point", "coordinates": [ 106.79098, -6.12468 ] } },
{ "type": "Feature", "properties": { "asset_name": "SMK Kesehatan Banten", "category": "school", "category_display": "Sekolah Menengah (SMA/SMK/SMP)", "city_regency": "Kota Tangerang", "latitude": -6.184319, "longitude": 106.658202, "source_reference": "osm_overpass:node/9731788223", "asset_id": "SCH-0257", "is_buffer": false, "batch_no": 7, "notes": null }, "geometry": { "type": "Point", "coordinates": [ 106.658202, -6.184319 ] } },
{ "type": "Feature", "properties": { "asset_name": "SMPN 1 Cileungsi", "category": "school", "category_display": "Sekolah Menengah (SMA/SMK/SMP)", "city_regency": "Kota Depok", "latitude": -6.415028, "longitude": 106.960169, "source_reference": "osm_overpass:node/9733885569", "asset_id": "SCH-0258", "is_buffer": false, "batch_no": 7, "notes": null }, "geometry": { "type": "Point", "coordinates": [ 106.960169, -6.415028 ] } },
{ "type": "Feature", "properties": { "asset_name": "SMK Farmasi Avicenna Cileungsi", "category": "school", "category_display": "Sekolah Menengah (SMA/SMK/SMP)", "city_regency": "Kota Depok", "latitude": -6.408057, "longitude": 106.966724, "source_reference": "osm_overpass:node/9734092825", "asset_id": "SCH-0259", "is_buffer": false, "batch_no": 7, "notes": null }, "geometry": { "type": "Point", "coordinates": [ 106.966724, -6.408057 ] } },
{ "type": "Feature", "properties": { "asset_name": "TK - SD - SMP Santa Lusia Bekasi", "category": "school", "category_display": "Sekolah Menengah (SMA/SMK/SMP)", "city_regency": "Kab. Bekasi", "latitude": -6.303528, "longitude": 106.989125, "source_reference": "osm_overpass:node/9736240163", "asset_id": "SCH-0260", "is_buffer": false, "batch_no": 7, "notes": null }, "geometry": { "type": "Point", "coordinates": [ 106.989125, -6.303528 ] } },
{ "type": "Feature", "properties": { "asset_name": "SMP PGRI Rumpin", "category": "school", "category_display": "Sekolah Menengah (SMA/SMK/SMP)", "city_regency": "Kota Bogor", "latitude": -6.5035, "longitude": 106.6544, "source_reference": "osm_overpass:node/13438936022", "asset_id": "SCH-0261", "is_buffer": false, "batch_no": 7, "notes": "Hot-Swapped dari buffer SCH-BUF-005 (pengganti SMA Swasta Bani Saleh Bekasi 404)" }, "geometry": { "type": "Point", "coordinates": [ 106.6544, -6.5035 ] } },
{ "type": "Feature", "properties": { "asset_name": "TK, SD, SMP, SMA, SMK Budi Mulya Ciledug", "category": "school", "category_display": "Sekolah Menengah (SMA/SMK/SMP)", "city_regency": "Kota Tangerang", "latitude": -6.227233, "longitude": 106.713795, "source_reference": "osm_overpass:node/9748393985", "asset_id": "SCH-0262", "is_buffer": false, "batch_no": 7, "notes": null }, "geometry": { "type": "Point", "coordinates": [ 106.713795, -6.227233 ] } },
{ "type": "Feature", "properties": { "asset_name": "SMPS Man Ana", "category": "school", "category_display": "Sekolah Menengah (SMA/SMK/SMP)", "city_regency": "Kota Bogor", "latitude": -6.65, "longitude": 106.6427, "source_reference": "osm_overpass:node/13438936027", "asset_id": "SCH-0263", "is_buffer": false, "batch_no": 7, "notes": "Hot-Swapped dari buffer SCH-BUF-006 (pengganti SMA Martia Bhakti 404)" }, "geometry": { "type": "Point", "coordinates": [ 106.6427, -6.65 ] } },
{ "type": "Feature", "properties": { "asset_name": "SMP IT Nurul Fajri Cikarang Barat", "category": "school", "category_display": "Sekolah Menengah (SMA/SMK/SMP)", "city_regency": "Kab. Bekasi", "latitude": -6.266666, "longitude": 107.09861, "source_reference": "osm_overpass:node/9752866323", "asset_id": "SCH-0264", "is_buffer": false, "batch_no": 7, "notes": null }, "geometry": { "type": "Point", "coordinates": [ 107.09861, -6.266666 ] } },
{ "type": "Feature", "properties": { "asset_name": "SMA Swasta Global Persada Mandiri", "category": "school", "category_display": "Sekolah Menengah (SMA/SMK/SMP)", "city_regency": "Kota Bekasi", "latitude": -6.229033, "longitude": 107.018282, "source_reference": "osm_overpass:node/9752885174", "asset_id": "SCH-0265", "is_buffer": false, "batch_no": 7, "notes": null }, "geometry": { "type": "Point", "coordinates": [ 107.018282, -6.229033 ] } },
{ "type": "Feature", "properties": { "asset_name": "SMP Islam Assuryaniyah", "category": "school", "category_display": "Sekolah Menengah (SMA/SMK/SMP)", "city_regency": "Kab. Bekasi", "latitude": -6.31794, "longitude": 107.034977, "source_reference": "osm_overpass:node/9756292019", "asset_id": "SCH-0266", "is_buffer": false, "batch_no": 7, "notes": null }, "geometry": { "type": "Point", "coordinates": [ 107.034977, -6.31794 ] } },
{ "type": "Feature", "properties": { "asset_name": "SMP Negeri 1 Pasar Kemis", "category": "school", "category_display": "Sekolah Menengah (SMA/SMK/SMP)", "city_regency": "Kota Tangerang", "latitude": -6.171985, "longitude": 106.560908, "source_reference": "osm_overpass:node/9767532782", "asset_id": "SCH-0267", "is_buffer": false, "batch_no": 7, "notes": null }, "geometry": { "type": "Point", "coordinates": [ 106.560908, -6.171985 ] } },
{ "type": "Feature", "properties": { "asset_name": "SMK Tonjong", "category": "school", "category_display": "Sekolah Menengah (SMA/SMK/SMP)", "city_regency": "Kota Bogor", "latitude": -6.49275, "longitude": 106.767663, "source_reference": "osm_overpass:node/9795148332", "asset_id": "SCH-0268", "is_buffer": false, "batch_no": 7, "notes": null }, "geometry": { "type": "Point", "coordinates": [ 106.767663, -6.49275 ] } },
{ "type": "Feature", "properties": { "asset_name": "SMP Daya Utama", "category": "school", "category_display": "Sekolah Menengah (SMA/SMK/SMP)", "city_regency": "Kab. Bekasi", "latitude": -6.29647, "longitude": 107.02998, "source_reference": "osm_overpass:node/9835105459", "asset_id": "SCH-0269", "is_buffer": false, "batch_no": 7, "notes": null }, "geometry": { "type": "Point", "coordinates": [ 107.02998, -6.29647 ] } },
{ "type": "Feature", "properties": { "asset_name": "SMA Daya Utama", "category": "school", "category_display": "Sekolah Menengah (SMA/SMK/SMP)", "city_regency": "Kab. Bekasi", "latitude": -6.296479, "longitude": 107.029602, "source_reference": "osm_overpass:node/9835105460", "asset_id": "SCH-0270", "is_buffer": false, "batch_no": 7, "notes": null }, "geometry": { "type": "Point", "coordinates": [ 107.029602, -6.296479 ] } },
{ "type": "Feature", "properties": { "asset_name": "SMK Daya Utama", "category": "school", "category_display": "Sekolah Menengah (SMA/SMK/SMP)", "city_regency": "Kab. Bekasi", "latitude": -6.295744, "longitude": 107.029834, "source_reference": "osm_overpass:node/9835105461", "asset_id": "SCH-0271", "is_buffer": false, "batch_no": 7, "notes": null }, "geometry": { "type": "Point", "coordinates": [ 107.029834, -6.295744 ] } },
{ "type": "Feature", "properties": { "asset_name": "SMA An-Nurmaniyah", "category": "school", "category_display": "Sekolah Menengah (SMA/SMK/SMP)", "city_regency": "Kota Tangerang", "latitude": -6.242925, "longitude": 106.715828, "source_reference": "osm_overpass:node/10664716131", "asset_id": "SCH-0272", "is_buffer": false, "batch_no": 7, "notes": null }, "geometry": { "type": "Point", "coordinates": [ 106.715828, -6.242925 ] } },
{ "type": "Feature", "properties": { "asset_name": "SMAS Pusaka Nusantara 2", "category": "school", "category_display": "Sekolah Menengah (SMA/SMK/SMP)", "city_regency": "Kab. Bekasi", "latitude": -6.261183, "longitude": 107.058984, "source_reference": "osm_overpass:node/10745282322", "asset_id": "SCH-0273", "is_buffer": false, "batch_no": 7, "notes": null }, "geometry": { "type": "Point", "coordinates": [ 107.058984, -6.261183 ] } },
{ "type": "Feature", "properties": { "asset_name": "SDIT Utsmanil Hakim", "category": "school", "category_display": "Sekolah Menengah (SMA/SMK/SMP)", "city_regency": "Kota Bogor", "latitude": -6.526152, "longitude": 106.76657, "source_reference": "osm_overpass:node/10760548025", "asset_id": "SCH-0274", "is_buffer": false, "batch_no": 7, "notes": null }, "geometry": { "type": "Point", "coordinates": [ 106.76657, -6.526152 ] } },
{ "type": "Feature", "properties": { "asset_name": "SMP Kreativa Bogor", "category": "school", "category_display": "Sekolah Menengah (SMA/SMK/SMP)", "city_regency": "Kota Bogor", "latitude": -6.524318, "longitude": 106.76677, "source_reference": "osm_overpass:node/10760552888", "asset_id": "SCH-0275", "is_buffer": false, "batch_no": 7, "notes": null }, "geometry": { "type": "Point", "coordinates": [ 106.76677, -6.524318 ] } },
{ "type": "Feature", "properties": { "asset_name": "SMPS Gema Bangsa", "category": "school", "category_display": "Sekolah Menengah (SMA/SMK/SMP)", "city_regency": "Kota Bogor", "latitude": -6.6197, "longitude": 106.6875, "source_reference": "osm_overpass:node/13438936036", "asset_id": "SCH-0276", "is_buffer": false, "batch_no": 7, "notes": "Hot-Swapped dari buffer SCH-BUF-007 (pengganti SMA PGRI 2 Bekasi 404)" }, "geometry": { "type": "Point", "coordinates": [ 106.6875, -6.6197 ] } },
{ "type": "Feature", "properties": { "asset_name": "SMP Bhakti Nugraha", "category": "school", "category_display": "Sekolah Menengah (SMA/SMK/SMP)", "city_regency": "Kota Bogor", "latitude": -6.6207, "longitude": 106.6958, "source_reference": "osm_overpass:node/13438936038", "asset_id": "SCH-0277", "is_buffer": false, "batch_no": 7, "notes": "Hot-Swapped dari buffer SCH-BUF-008 (pengganti SMP PGRI Astra Insani 404)" }, "geometry": { "type": "Point", "coordinates": [ 106.6958, -6.6207 ] } },
{ "type": "Feature", "properties": { "asset_name": "SMK Putra Pelita", "category": "school", "category_display": "Sekolah Menengah (SMA/SMK/SMP)", "city_regency": "Kota Bogor", "latitude": -6.6162, "longitude": 106.6949, "source_reference": "osm_overpass:node/13438936039", "asset_id": "SCH-0278", "is_buffer": false, "batch_no": 7, "notes": "Hot-Swapped dari buffer SCH-BUF-009 (pengganti SMPK Penabur Summarecon Bekasi 404)" }, "geometry": { "type": "Point", "coordinates": [ 106.6949, -6.6162 ] } },
{ "type": "Feature", "properties": { "asset_name": "SMP Negeri 1 Tenjolaya", "category": "school", "category_display": "Sekolah Menengah (SMA/SMK/SMP)", "city_regency": "Kota Bogor", "latitude": -6.6128, "longitude": 106.6959, "source_reference": "osm_overpass:node/13438936046", "asset_id": "SCH-0279", "is_buffer": false, "batch_no": 7, "notes": "Hot-Swapped dari buffer SCH-BUF-010 (pengganti SMAI Al-Azhar 8 404)" }, "geometry": { "type": "Point", "coordinates": [ 106.6959, -6.6128 ] } },
{ "type": "Feature", "properties": { "asset_name": "SMA Negeri 22 Bekasi", "category": "school", "category_display": "Sekolah Menengah (SMA/SMK/SMP)", "city_regency": "Kab. Bekasi", "latitude": -6.336407, "longitude": 106.991502, "source_reference": "osm_overpass:node/10951121950", "asset_id": "SCH-0280", "is_buffer": false, "batch_no": 7, "notes": null }, "geometry": { "type": "Point", "coordinates": [ 106.991502, -6.336407 ] } },
{ "type": "Feature", "properties": { "asset_name": "SMKS Bistek", "category": "school", "category_display": "Sekolah Menengah (SMA/SMK/SMP)", "city_regency": "Kota Tangerang Selatan", "latitude": -6.3826, "longitude": 106.6916, "source_reference": "osm_overpass:node/13438936051", "asset_id": "SCH-0281", "is_buffer": false, "batch_no": 7, "notes": "Hot-Swapped dari buffer SCH-BUF-011 (pengganti SMP/MTs Nurul Ikhlas 404)" }, "geometry": { "type": "Point", "coordinates": [ 106.6916, -6.3826 ] } },
{ "type": "Feature", "properties": { "asset_name": "SMK PGRI Rawalumbu", "category": "school", "category_display": "Sekolah Menengah (SMA/SMK/SMP)", "city_regency": "Kab. Bekasi", "latitude": -6.287881, "longitude": 106.999751, "source_reference": "osm_overpass:node/11269394424", "asset_id": "SCH-0282", "is_buffer": false, "batch_no": 7, "notes": null }, "geometry": { "type": "Point", "coordinates": [ 106.999751, -6.287881 ] } },
{ "type": "Feature", "properties": { "asset_name": "Madrasah Diniyah Almuawanah", "category": "school", "category_display": "Sekolah Menengah (SMA/SMK/SMP)", "city_regency": "Kota Bogor", "latitude": -6.545715, "longitude": 106.698658, "source_reference": "osm_overpass:node/11478634847", "asset_id": "SCH-0283", "is_buffer": false, "batch_no": 7, "notes": null }, "geometry": { "type": "Point", "coordinates": [ 106.698658, -6.545715 ] } },
{ "type": "Feature", "properties": { "asset_name": "Smp Negeri 1 Ciampea (Lokal 2)", "category": "school", "category_display": "Sekolah Menengah (SMA/SMK/SMP)", "city_regency": "Kota Bogor", "latitude": -6.547762, "longitude": 106.690921, "source_reference": "osm_overpass:node/11486698948", "asset_id": "SCH-0284", "is_buffer": false, "batch_no": 7, "notes": null }, "geometry": { "type": "Point", "coordinates": [ 106.690921, -6.547762 ] } },
{ "type": "Feature", "properties": { "asset_name": "SMK NEGERI 1 TAMBELANG", "category": "school", "category_display": "Sekolah Menengah (SMA/SMK/SMP)", "city_regency": "Kota Bekasi", "latitude": -6.195311, "longitude": 107.121495, "source_reference": "osm_overpass:node/11575637046", "asset_id": "SCH-0285", "is_buffer": false, "batch_no": 7, "notes": null }, "geometry": { "type": "Point", "coordinates": [ 107.121495, -6.195311 ] } },
{ "type": "Feature", "properties": { "asset_name": "Yayasan Pendidikan Islam Raudlatul Hikmah RA MI SMP Islam", "category": "school", "category_display": "Sekolah Menengah (SMA/SMK/SMP)", "city_regency": "Kota Tangerang Selatan", "latitude": -6.33769, "longitude": 106.708044, "source_reference": "osm_overpass:node/11813359269", "asset_id": "SCH-0286", "is_buffer": false, "batch_no": 7, "notes": null }, "geometry": { "type": "Point", "coordinates": [ 106.708044, -6.33769 ] } },
{ "type": "Feature", "properties": { "asset_name": "SMP Islam 3 Al-Azhar Bintaro", "category": "school", "category_display": "Sekolah Menengah (SMA/SMK/SMP)", "city_regency": "Kota Tangerang Selatan", "latitude": -6.26606, "longitude": 106.742252, "source_reference": "osm_overpass:node/11826779503", "asset_id": "SCH-0287", "is_buffer": false, "batch_no": 7, "notes": null }, "geometry": { "type": "Point", "coordinates": [ 106.742252, -6.26606 ] } },
{ "type": "Feature", "properties": { "asset_name": "SMPIT Darul Hijri", "category": "school", "category_display": "Sekolah Menengah (SMA/SMK/SMP)", "city_regency": "Kota Bogor", "latitude": -6.576563, "longitude": 106.744014, "source_reference": "osm_overpass:node/11932036645", "asset_id": "SCH-0288", "is_buffer": false, "batch_no": 7, "notes": null }, "geometry": { "type": "Point", "coordinates": [ 106.744014, -6.576563 ] } },
{ "type": "Feature", "properties": { "asset_name": "SMP Plus Al-Azhar", "category": "school", "category_display": "Sekolah Menengah (SMA/SMK/SMP)", "city_regency": "Kota Bogor", "latitude": -6.580704, "longitude": 106.761981, "source_reference": "osm_overpass:node/11933003043", "asset_id": "SCH-0289", "is_buffer": false, "batch_no": 7, "notes": null }, "geometry": { "type": "Point", "coordinates": [ 106.761981, -6.580704 ] } },
{ "type": "Feature", "properties": { "asset_name": "SMP Islam Taman Cahaya", "category": "school", "category_display": "Sekolah Menengah (SMA/SMK/SMP)", "city_regency": "Kota Bogor", "latitude": -6.566011, "longitude": 106.76518, "source_reference": "osm_overpass:node/11936006812", "asset_id": "SCH-0290", "is_buffer": false, "batch_no": 7, "notes": null }, "geometry": { "type": "Point", "coordinates": [ 106.76518, -6.566011 ] } },
{ "type": "Feature", "properties": { "asset_name": "SMPIT Tarbiyantun Nisaa", "category": "school", "category_display": "Sekolah Menengah (SMA/SMK/SMP)", "city_regency": "Kota Bogor", "latitude": -6.538873, "longitude": 106.741973, "source_reference": "osm_overpass:node/11937213236", "asset_id": "SCH-0291", "is_buffer": false, "batch_no": 7, "notes": null }, "geometry": { "type": "Point", "coordinates": [ 106.741973, -6.538873 ] } },
{ "type": "Feature", "properties": { "asset_name": "SMK Al Muasyarah", "category": "school", "category_display": "Sekolah Menengah (SMA/SMK/SMP)", "city_regency": "Kota Bogor", "latitude": -6.539174, "longitude": 106.736955, "source_reference": "osm_overpass:node/11938364613", "asset_id": "SCH-0292", "is_buffer": false, "batch_no": 7, "notes": null }, "geometry": { "type": "Point", "coordinates": [ 106.736955, -6.539174 ] } },
{ "type": "Feature", "properties": { "asset_name": "SMA Kornita", "category": "school", "category_display": "Sekolah Menengah (SMA/SMK/SMP)", "city_regency": "Kota Bogor", "latitude": -6.555869, "longitude": 106.729214, "source_reference": "osm_overpass:node/11939866358", "asset_id": "SCH-0293", "is_buffer": false, "batch_no": 7, "notes": null }, "geometry": { "type": "Point", "coordinates": [ 106.729214, -6.555869 ] } },
{ "type": "Feature", "properties": { "asset_name": "SMPIT Ma'had Syaraful Haramain", "category": "school", "category_display": "Sekolah Menengah (SMA/SMK/SMP)", "city_regency": "Kota Bogor", "latitude": -6.567073, "longitude": 106.69626, "source_reference": "osm_overpass:node/11940925787", "asset_id": "SCH-0294", "is_buffer": false, "batch_no": 7, "notes": null }, "geometry": { "type": "Point", "coordinates": [ 106.69626, -6.567073 ] } },
{ "type": "Feature", "properties": { "asset_name": "SMP Kreativa", "category": "school", "category_display": "Sekolah Menengah (SMA/SMK/SMP)", "city_regency": "Kota Bogor", "latitude": -6.558335, "longitude": 106.778563, "source_reference": "osm_overpass:node/11944080107", "asset_id": "SCH-0295", "is_buffer": false, "batch_no": 7, "notes": null }, "geometry": { "type": "Point", "coordinates": [ 106.778563, -6.558335 ] } },
{ "type": "Feature", "properties": { "asset_name": "SMK Windian Nugraha", "category": "school", "category_display": "Sekolah Menengah (SMA/SMK/SMP)", "city_regency": "Kota Bogor", "latitude": -6.569974, "longitude": 106.768691, "source_reference": "osm_overpass:node/11944792884", "asset_id": "SCH-0296", "is_buffer": false, "batch_no": 7, "notes": null }, "geometry": { "type": "Point", "coordinates": [ 106.768691, -6.569974 ] } },
{ "type": "Feature", "properties": { "asset_name": "SMP Taruna Andigha", "category": "school", "category_display": "Sekolah Menengah (SMA/SMK/SMP)", "city_regency": "Kota Bogor", "latitude": -6.595146, "longitude": 106.785719, "source_reference": "osm_overpass:node/11946331763", "asset_id": "SCH-0297", "is_buffer": false, "batch_no": 7, "notes": null }, "geometry": { "type": "Point", "coordinates": [ 106.785719, -6.595146 ] } },
{ "type": "Feature", "properties": { "asset_name": "SMK Taruna Andigha", "category": "school", "category_display": "Sekolah Menengah (SMA/SMK/SMP)", "city_regency": "Kota Bogor", "latitude": -6.59483, "longitude": 106.785346, "source_reference": "osm_overpass:node/11946401982", "asset_id": "SCH-0298", "is_buffer": false, "batch_no": 7, "notes": null }, "geometry": { "type": "Point", "coordinates": [ 106.785346, -6.59483 ] } },
{ "type": "Feature", "properties": { "asset_name": "SMK YZA", "category": "school", "category_display": "Sekolah Menengah (SMA/SMK/SMP)", "city_regency": "Kota Bogor", "latitude": -6.587605, "longitude": 106.784005, "source_reference": "osm_overpass:node/11947090376", "asset_id": "SCH-0299", "is_buffer": false, "batch_no": 7, "notes": null }, "geometry": { "type": "Point", "coordinates": [ 106.784005, -6.587605 ] } },
{ "type": "Feature", "properties": { "asset_name": "SMA Negri 1 Cibinong", "category": "school", "category_display": "Sekolah Menengah (SMA/SMK/SMP)", "city_regency": "Kab. Bogor", "latitude": -6.47021, "longitude": 106.861931, "source_reference": "osm_overpass:node/12293466521", "asset_id": "SCH-0300", "is_buffer": false, "batch_no": 7, "notes": null }, "geometry": { "type": "Point", "coordinates": [ 106.861931, -6.47021 ] } },
{ "type": "Feature", "properties": { "asset_name": "SMA Negeri 96 Jakarta", "category": "school", "category_display": "Sekolah Menengah (SMA/SMK/SMP)", "city_regency": "Kota Tangerang", "latitude": -6.146684, "longitude": 106.739844, "source_reference": "osm_overpass:node/12361068530", "asset_id": "SCH-0301", "is_buffer": false, "batch_no": 7, "notes": null }, "geometry": { "type": "Point", "coordinates": [ 106.739844, -6.146684 ] } },
{ "type": "Feature", "properties": { "asset_name": "SMP As Shoheh Sampora", "category": "school", "category_display": "Sekolah Menengah (SMA/SMK/SMP)", "city_regency": "Kab. Bogor", "latitude": -6.5028, "longitude": 106.8553, "source_reference": "osm_overpass:node/13438936059", "asset_id": "SCH-0302", "is_buffer": false, "batch_no": 7, "notes": "Hot-Swapped dari buffer SCH-BUF-012 (pengganti SMA KORPRI BEKASI 404)" }, "geometry": { "type": "Point", "coordinates": [ 106.8553, -6.5028 ] } },
{ "type": "Feature", "properties": { "asset_name": "SMPS IT Al Ishlah", "category": "school", "category_display": "Sekolah Menengah (SMA/SMK/SMP)", "city_regency": "Kota Bogor", "latitude": -6.48001, "longitude": 106.845088, "source_reference": "osm_overpass:node/13438936061", "asset_id": "SCH-0303", "is_buffer": false, "batch_no": 7, "notes": "Hot-Swapped dari buffer SCH-BUF-013 (pengganti SMA Muhammadiyah 9 Bekasi 404)" }, "geometry": { "type": "Point", "coordinates": [ 106.845088, -6.48001 ] } },
{ "type": "Feature", "properties": { "asset_name": "SMA Muhammadiyah 4 Depok", "category": "school", "category_display": "Sekolah Menengah (SMA/SMK/SMP)", "city_regency": "Kota Depok", "latitude": -6.387197, "longitude": 106.771096, "source_reference": "osm_overpass:node/12420631572", "asset_id": "SCH-0304", "is_buffer": false, "batch_no": 7, "notes": null }, "geometry": { "type": "Point", "coordinates": [ 106.771096, -6.387197 ] } },
{ "type": "Feature", "properties": { "asset_name": "SMA PGRI 1 DEPOK", "category": "school", "category_display": "Sekolah Menengah (SMA/SMK/SMP)", "city_regency": "Kota Depok", "latitude": -6.404673, "longitude": 106.823883, "source_reference": "osm_overpass:node/12420669679", "asset_id": "SCH-0305", "is_buffer": false, "batch_no": 7, "notes": null }, "geometry": { "type": "Point", "coordinates": [ 106.823883, -6.404673 ] } },
{ "type": "Feature", "properties": { "asset_name": "SMA Bintara", "category": "school", "category_display": "Sekolah Menengah (SMA/SMK/SMP)", "city_regency": "Kota Depok", "latitude": -6.39966, "longitude": 106.81055, "source_reference": "osm_overpass:node/12423645549", "asset_id": "SCH-0306", "is_buffer": false, "batch_no": 7, "notes": null }, "geometry": { "type": "Point", "coordinates": [ 106.81055, -6.39966 ] } },
{ "type": "Feature", "properties": { "asset_name": "SMP Negeri 3 Pasarkemis", "category": "school", "category_display": "Sekolah Menengah (SMA/SMK/SMP)", "city_regency": "Kota Tangerang", "latitude": -6.163804, "longitude": 106.581342, "source_reference": "osm_overpass:node/12573811101", "asset_id": "SCH-0307", "is_buffer": false, "batch_no": 7, "notes": null }, "geometry": { "type": "Point", "coordinates": [ 106.581342, -6.163804 ] } },
{ "type": "Feature", "properties": { "asset_name": "SMAN 1 Cibungbulang", "category": "school", "category_display": "Sekolah Menengah (SMA/SMK/SMP)", "city_regency": "Kota Bogor", "latitude": -6.587439, "longitude": 106.662722, "source_reference": "osm_overpass:node/12600068393", "asset_id": "SCH-0308", "is_buffer": false, "batch_no": 7, "notes": null }, "geometry": { "type": "Point", "coordinates": [ 106.662722, -6.587439 ] } },
{ "type": "Feature", "properties": { "asset_name": "smp 3 babelan", "category": "school", "category_display": "Sekolah Menengah (SMA/SMK/SMP)", "city_regency": "Kota Bekasi", "latitude": -6.181997, "longitude": 107.00667, "source_reference": "osm_overpass:node/12695995799", "asset_id": "SCH-0309", "is_buffer": false, "batch_no": 7, "notes": null }, "geometry": { "type": "Point", "coordinates": [ 107.00667, -6.181997 ] } },
{ "type": "Feature", "properties": { "asset_name": "SMK - SMAK Bogor", "category": "school", "category_display": "Sekolah Menengah (SMA/SMK/SMP)", "city_regency": "Kota Bogor", "latitude": -6.561738, "longitude": 106.822499, "source_reference": "osm_overpass:node/13195470202", "asset_id": "SCH-0310", "is_buffer": false, "batch_no": 7, "notes": null }, "geometry": { "type": "Point", "coordinates": [ 106.822499, -6.561738 ] } },
{ "type": "Feature", "properties": { "asset_name": "SMK Informatika Bina Generasi 2", "category": "school", "category_display": "Sekolah Menengah (SMA/SMK/SMP)", "city_regency": "Kota Bogor", "latitude": -6.611953, "longitude": 106.748689, "source_reference": "osm_overpass:node/13438826151", "asset_id": "SCH-0311", "is_buffer": false, "batch_no": 7, "notes": null }, "geometry": { "type": "Point", "coordinates": [ 106.748689, -6.611953 ] } },
{ "type": "Feature", "properties": { "asset_name": "SMP Citra Bogor Setia", "category": "school", "category_display": "Sekolah Menengah (SMA/SMK/SMP)", "city_regency": "Kab. Bogor", "latitude": -6.586, "longitude": 107.0611, "source_reference": "osm_overpass:node/13438826156", "asset_id": "SCH-0312", "is_buffer": false, "batch_no": 7, "notes": null }, "geometry": { "type": "Point", "coordinates": [ 107.0611, -6.586 ] } },
{ "type": "Feature", "properties": { "asset_name": "SMPIT Andalus", "category": "school", "category_display": "Sekolah Menengah (SMA/SMK/SMP)", "city_regency": "Kab. Bogor", "latitude": -6.566368, "longitude": 107.069545, "source_reference": "osm_overpass:node/13438826157", "asset_id": "SCH-0313", "is_buffer": false, "batch_no": 7, "notes": null }, "geometry": { "type": "Point", "coordinates": [ 107.069545, -6.566368 ] } },
{ "type": "Feature", "properties": { "asset_name": "SMPS Pesona Dywantara", "category": "school", "category_display": "Sekolah Menengah (SMA/SMK/SMP)", "city_regency": "Kab. Bogor", "latitude": -6.605576, "longitude": 107.062522, "source_reference": "osm_overpass:node/13438826160", "asset_id": "SCH-0314", "is_buffer": false, "batch_no": 7, "notes": null }, "geometry": { "type": "Point", "coordinates": [ 107.062522, -6.605576 ] } },
{ "type": "Feature", "properties": { "asset_name": "SMP Taman Manggah Dua", "category": "school", "category_display": "Sekolah Menengah (SMA/SMK/SMP)", "city_regency": "Kota Bogor", "latitude": -6.6119, "longitude": 106.7345, "source_reference": "osm_overpass:node/13438826164", "asset_id": "SCH-0315", "is_buffer": false, "batch_no": 7, "notes": null }, "geometry": { "type": "Point", "coordinates": [ 106.7345, -6.6119 ] } },
{ "type": "Feature", "properties": { "asset_name": "SMP Qt Yanbuul Quran 7 Bogor", "category": "school", "category_display": "Sekolah Menengah (SMA/SMK/SMP)", "city_regency": "Kota Bogor", "latitude": -6.611323, "longitude": 106.73853, "source_reference": "osm_overpass:node/13438826165", "asset_id": "SCH-0316", "is_buffer": false, "batch_no": 7, "notes": null }, "geometry": { "type": "Point", "coordinates": [ 106.73853, -6.611323 ] } },
{ "type": "Feature", "properties": { "asset_name": "SMAIT Al Andalus", "category": "school", "category_display": "Sekolah Menengah (SMA/SMK/SMP)", "city_regency": "Kab. Bogor", "latitude": -6.563096, "longitude": 107.056401, "source_reference": "osm_overpass:node/13438826168", "asset_id": "SCH-0317", "is_buffer": false, "batch_no": 7, "notes": null }, "geometry": { "type": "Point", "coordinates": [ 107.056401, -6.563096 ] } },
{ "type": "Feature", "properties": { "asset_name": "SMAQT Yanbu’ul Qur’an 7 Bogor", "category": "school", "category_display": "Sekolah Menengah (SMA/SMK/SMP)", "city_regency": "Kab. Bogor", "latitude": -6.522955, "longitude": 107.075846, "source_reference": "osm_overpass:node/13438826169", "asset_id": "SCH-0318", "is_buffer": false, "batch_no": 7, "notes": null }, "geometry": { "type": "Point", "coordinates": [ 107.075846, -6.522955 ] } },
{ "type": "Feature", "properties": { "asset_name": "SMP Negeri 1 Sukamakmur", "category": "school", "category_display": "Sekolah Menengah (SMA/SMK/SMP)", "city_regency": "Kab. Bogor", "latitude": -6.5538, "longitude": 107.0556, "source_reference": "osm_overpass:node/13438826170", "asset_id": "SCH-0319", "is_buffer": false, "batch_no": 7, "notes": null }, "geometry": { "type": "Point", "coordinates": [ 107.0556, -6.5538 ] } },
{ "type": "Feature", "properties": { "asset_name": "SMKS Kharisma Nusantara", "category": "school", "category_display": "Sekolah Menengah (SMA/SMK/SMP)", "city_regency": "Kab. Bogor", "latitude": -6.5263, "longitude": 107.0741, "source_reference": "osm_overpass:node/13438826171", "asset_id": "SCH-0320", "is_buffer": false, "batch_no": 7, "notes": null }, "geometry": { "type": "Point", "coordinates": [ 107.0741, -6.5263 ] } },
{ "type": "Feature", "properties": { "asset_name": "SMP Quran Eltahfidh", "category": "school", "category_display": "Sekolah Menengah (SMA/SMK/SMP)", "city_regency": "Kota Depok", "latitude": -6.423355, "longitude": 107.024088, "source_reference": "osm_overpass:node/13438826173", "asset_id": "SCH-0321", "is_buffer": false, "batch_no": 7, "notes": null }, "geometry": { "type": "Point", "coordinates": [ 107.024088, -6.423355 ] } },
{ "type": "Feature", "properties": { "asset_name": "SMK Global Surya Pratama", "category": "school", "category_display": "Sekolah Menengah (SMA/SMK/SMP)", "city_regency": "Kota Depok", "latitude": -6.432078, "longitude": 107.014384, "source_reference": "osm_overpass:node/13438826174", "asset_id": "SCH-0322", "is_buffer": false, "batch_no": 7, "notes": null }, "geometry": { "type": "Point", "coordinates": [ 107.014384, -6.432078 ] } },
{ "type": "Feature", "properties": { "asset_name": "SMP Negeri 2 Cileungsi", "category": "school", "category_display": "Sekolah Menengah (SMA/SMK/SMP)", "city_regency": "Kota Depok", "latitude": -6.4401, "longitude": 107.0268, "source_reference": "osm_overpass:node/13438826176", "asset_id": "SCH-0323", "is_buffer": false, "batch_no": 7, "notes": null }, "geometry": { "type": "Point", "coordinates": [ 107.0268, -6.4401 ] } },
{ "type": "Feature", "properties": { "asset_name": "SMP Matusha Dwi Elang", "category": "school", "category_display": "Sekolah Menengah (SMA/SMK/SMP)", "city_regency": "Kota Bogor", "latitude": -6.617419, "longitude": 106.657682, "source_reference": "osm_overpass:node/13438826185", "asset_id": "SCH-0324", "is_buffer": false, "batch_no": 7, "notes": null }, "geometry": { "type": "Point", "coordinates": [ 106.657682, -6.617419 ] } },
{ "type": "Feature", "properties": { "asset_name": "SMP Adzkia Kharisma", "category": "school", "category_display": "Sekolah Menengah (SMA/SMK/SMP)", "city_regency": "Kota Bogor", "latitude": -6.617938, "longitude": 106.654573, "source_reference": "osm_overpass:node/13438826187", "asset_id": "SCH-0325", "is_buffer": false, "batch_no": 7, "notes": null }, "geometry": { "type": "Point", "coordinates": [ 106.654573, -6.617938 ] } },
{ "type": "Feature", "properties": { "asset_name": "SMAS Taman Islam", "category": "school", "category_display": "Sekolah Menengah (SMA/SMK/SMP)", "city_regency": "Kota Bogor", "latitude": -6.6142, "longitude": 106.6564, "source_reference": "osm_overpass:node/13438826188", "asset_id": "SCH-0326", "is_buffer": false, "batch_no": 7, "notes": null }, "geometry": { "type": "Point", "coordinates": [ 106.6564, -6.6142 ] } },
{ "type": "Feature", "properties": { "asset_name": "SMP PGRI Cikupa", "category": "school", "category_display": "Sekolah Menengah (SMA/SMK/SMP)", "city_regency": "Kota Bogor", "latitude": -6.6112, "longitude": 106.7098, "source_reference": "osm_overpass:node/13438826190", "asset_id": "SCH-0327", "is_buffer": false, "batch_no": 7, "notes": null }, "geometry": { "type": "Point", "coordinates": [ 106.7098, -6.6112 ] } },
{ "type": "Feature", "properties": { "asset_name": "SMKS Yapura 1", "category": "school", "category_display": "Sekolah Menengah (SMA/SMK/SMP)", "city_regency": "Kota Bogor", "latitude": -6.6129, "longitude": 106.7096, "source_reference": "osm_overpass:node/13438826194", "asset_id": "SCH-0328", "is_buffer": false, "batch_no": 7, "notes": null }, "geometry": { "type": "Point", "coordinates": [ 106.7096, -6.6129 ] } },
{ "type": "Feature", "properties": { "asset_name": "SMP Negeri 10 Bogor", "category": "school", "category_display": "Sekolah Menengah (SMA/SMK/SMP)", "city_regency": "Kota Bogor", "latitude": -6.6299, "longitude": 106.8123, "source_reference": "osm_overpass:node/13438886754", "asset_id": "SCH-0329", "is_buffer": false, "batch_no": 7, "notes": null }, "geometry": { "type": "Point", "coordinates": [ 106.8123, -6.6299 ] } },
{ "type": "Feature", "properties": { "asset_name": "SMAS Darutafsir", "category": "school", "category_display": "Sekolah Menengah (SMA/SMK/SMP)", "city_regency": "Kota Bogor", "latitude": -6.5584, "longitude": 106.7153, "source_reference": "osm_overpass:node/13438886758", "asset_id": "SCH-0330", "is_buffer": false, "batch_no": 7, "notes": null }, "geometry": { "type": "Point", "coordinates": [ 106.7153, -6.5584 ] } },
{ "type": "Feature", "properties": { "asset_name": "SMPS Plus Al Hidayah", "category": "school", "category_display": "Sekolah Menengah (SMA/SMK/SMP)", "city_regency": "Kota Bogor", "latitude": -6.5761, "longitude": 106.6717, "source_reference": "osm_overpass:node/13438886765", "asset_id": "SCH-0331", "is_buffer": false, "batch_no": 7, "notes": null }, "geometry": { "type": "Point", "coordinates": [ 106.6717, -6.5761 ] } },
{ "type": "Feature", "properties": { "asset_name": "SMKS Al Hidayah", "category": "school", "category_display": "Sekolah Menengah (SMA/SMK/SMP)", "city_regency": "Kota Bogor", "latitude": -6.5757, "longitude": 106.6713, "source_reference": "osm_overpass:node/13438886766", "asset_id": "SCH-0332", "is_buffer": false, "batch_no": 7, "notes": null }, "geometry": { "type": "Point", "coordinates": [ 106.6713, -6.5757 ] } },
{ "type": "Feature", "properties": { "asset_name": "SMKS Bumi Sejahtera", "category": "school", "category_display": "Sekolah Menengah (SMA/SMK/SMP)", "city_regency": "Kota Bogor", "latitude": -6.5815, "longitude": 106.6612, "source_reference": "osm_overpass:node/13438886769", "asset_id": "SCH-0333", "is_buffer": false, "batch_no": 7, "notes": null }, "geometry": { "type": "Point", "coordinates": [ 106.6612, -6.5815 ] } },
{ "type": "Feature", "properties": { "asset_name": "SMP Kurnia", "category": "school", "category_display": "Sekolah Menengah (SMA/SMK/SMP)", "city_regency": "Kota Bogor", "latitude": -6.5611, "longitude": 106.8265, "source_reference": "osm_overpass:node/13438886770", "asset_id": "SCH-0334", "is_buffer": false, "batch_no": 7, "notes": null }, "geometry": { "type": "Point", "coordinates": [ 106.8265, -6.5611 ] } },
{ "type": "Feature", "properties": { "asset_name": "SMPIT Al Bunyan", "category": "school", "category_display": "Sekolah Menengah (SMA/SMK/SMP)", "city_regency": "Kota Bogor", "latitude": -6.620035, "longitude": 106.794476, "source_reference": "osm_overpass:node/13438886779", "asset_id": "SCH-0335", "is_buffer": false, "batch_no": 7, "notes": null }, "geometry": { "type": "Point", "coordinates": [ 106.794476, -6.620035 ] } },
{ "type": "Feature", "properties": { "asset_name": "SMP Islam Azizur Rasyid", "category": "school", "category_display": "Sekolah Menengah (SMA/SMK/SMP)", "city_regency": "Kab. Bogor", "latitude": -6.639064, "longitude": 106.850742, "source_reference": "osm_overpass:node/13438886780", "asset_id": "SCH-0336", "is_buffer": false, "batch_no": 7, "notes": null }, "geometry": { "type": "Point", "coordinates": [ 106.850742, -6.639064 ] } },
{ "type": "Feature", "properties": { "asset_name": "SMKS Al Fitriyah Bogor", "category": "school", "category_display": "Sekolah Menengah (SMA/SMK/SMP)", "city_regency": "Kota Bogor", "latitude": -6.5708, "longitude": 106.7658, "source_reference": "osm_overpass:node/13438886782", "asset_id": "SCH-0337", "is_buffer": false, "batch_no": 7, "notes": null }, "geometry": { "type": "Point", "coordinates": [ 106.7658, -6.5708 ] } },
{ "type": "Feature", "properties": { "asset_name": "SMP PGRI 8", "category": "school", "category_display": "Sekolah Menengah (SMA/SMK/SMP)", "city_regency": "Kota Bogor", "latitude": -6.5668, "longitude": 106.7623, "source_reference": "osm_overpass:node/13438886783", "asset_id": "SCH-0338", "is_buffer": false, "batch_no": 7, "notes": null }, "geometry": { "type": "Point", "coordinates": [ 106.7623, -6.5668 ] } },
{ "type": "Feature", "properties": { "asset_name": "SMP PGRI 12 Bogor", "category": "school", "category_display": "Sekolah Menengah (SMA/SMK/SMP)", "city_regency": "Kota Bogor", "latitude": -6.5698, "longitude": 106.7715, "source_reference": "osm_overpass:node/13438886785", "asset_id": "SCH-0339", "is_buffer": false, "batch_no": 7, "notes": null }, "geometry": { "type": "Point", "coordinates": [ 106.7715, -6.5698 ] } },
{ "type": "Feature", "properties": { "asset_name": "SMA Bina Insan Mandiri", "category": "school", "category_display": "Sekolah Menengah (SMA/SMK/SMP)", "city_regency": "Kota Bogor", "latitude": -6.566423, "longitude": 106.768788, "source_reference": "osm_overpass:node/13438886788", "asset_id": "SCH-0340", "is_buffer": false, "batch_no": 7, "notes": null }, "geometry": { "type": "Point", "coordinates": [ 106.768788, -6.566423 ] } },
{ "type": "Feature", "properties": { "asset_name": "SMKS PGRI 1 Bogor", "category": "school", "category_display": "Sekolah Menengah (SMA/SMK/SMP)", "city_regency": "Kota Bogor", "latitude": -6.5671, "longitude": 106.7627, "source_reference": "osm_overpass:node/13438886791", "asset_id": "SCH-0341", "is_buffer": false, "batch_no": 7, "notes": null }, "geometry": { "type": "Point", "coordinates": [ 106.7627, -6.5671 ] } },
{ "type": "Feature", "properties": { "asset_name": "SMKS Yasi 1 Cilebut Bogor", "category": "school", "category_display": "Sekolah Menengah (SMA/SMK/SMP)", "city_regency": "Kota Bogor", "latitude": -6.5344, "longitude": 106.8002, "source_reference": "osm_overpass:node/13438886795", "asset_id": "SCH-0342", "is_buffer": false, "batch_no": 7, "notes": null }, "geometry": { "type": "Point", "coordinates": [ 106.8002, -6.5344 ] } },
{ "type": "Feature", "properties": { "asset_name": "SMP Fajrul Islam", "category": "school", "category_display": "Sekolah Menengah (SMA/SMK/SMP)", "city_regency": "Kota Bogor", "latitude": -6.593445, "longitude": 106.676207, "source_reference": "osm_overpass:node/13438909228", "asset_id": "SCH-0343", "is_buffer": false, "batch_no": 7, "notes": null }, "geometry": { "type": "Point", "coordinates": [ 106.676207, -6.593445 ] } },
{ "type": "Feature", "properties": { "asset_name": "SMPS Taruna Bhakti", "category": "school", "category_display": "Sekolah Menengah (SMA/SMK/SMP)", "city_regency": "Kota Bogor", "latitude": -6.6064, "longitude": 106.6753, "source_reference": "osm_overpass:node/13438909230", "asset_id": "SCH-0344", "is_buffer": false, "batch_no": 7, "notes": null }, "geometry": { "type": "Point", "coordinates": [ 106.6753, -6.6064 ] } },
{ "type": "Feature", "properties": { "asset_name": "SMKS Tonjong", "category": "school", "category_display": "Sekolah Menengah (SMA/SMK/SMP)", "city_regency": "Kota Bogor", "latitude": -6.493, "longitude": 106.768, "source_reference": "osm_overpass:node/13438909235", "asset_id": "SCH-0345", "is_buffer": false, "batch_no": 7, "notes": null }, "geometry": { "type": "Point", "coordinates": [ 106.768, -6.493 ] } },
{ "type": "Feature", "properties": { "asset_name": "SMKS Arrahmaniyah", "category": "school", "category_display": "Sekolah Menengah (SMA/SMK/SMP)", "city_regency": "Kota Bogor", "latitude": -6.4965, "longitude": 106.761, "source_reference": "osm_overpass:node/13438909237", "asset_id": "SCH-0346", "is_buffer": false, "batch_no": 7, "notes": null }, "geometry": { "type": "Point", "coordinates": [ 106.761, -6.4965 ] } },
{ "type": "Feature", "properties": { "asset_name": "SMP Miftahul Huda Islamic Boarding School", "category": "school", "category_display": "Sekolah Menengah (SMA/SMK/SMP)", "city_regency": "Kota Bogor", "latitude": -6.548379, "longitude": 106.675486, "source_reference": "osm_overpass:node/13438909258", "asset_id": "SCH-0347", "is_buffer": false, "batch_no": 7, "notes": null }, "geometry": { "type": "Point", "coordinates": [ 106.675486, -6.548379 ] } },
{ "type": "Feature", "properties": { "asset_name": "SMP Islam Terpadu Al Bakriatul Mudassirin", "category": "school", "category_display": "Sekolah Menengah (SMA/SMK/SMP)", "city_regency": "Kota Bogor", "latitude": -6.529025, "longitude": 106.689806, "source_reference": "osm_overpass:node/13438909261", "asset_id": "SCH-0348", "is_buffer": false, "batch_no": 7, "notes": null }, "geometry": { "type": "Point", "coordinates": [ 106.689806, -6.529025 ] } },
{ "type": "Feature", "properties": { "asset_name": "SMP Negeri 4 Gunungputri", "category": "school", "category_display": "Sekolah Menengah (SMA/SMK/SMP)", "city_regency": "Kota Depok", "latitude": -6.445237, "longitude": 106.903901, "source_reference": "osm_overpass:node/13438909264", "asset_id": "SCH-0349", "is_buffer": false, "batch_no": 7, "notes": null }, "geometry": { "type": "Point", "coordinates": [ 106.903901, -6.445237 ] } },
{ "type": "Feature", "properties": { "asset_name": "SMP Al Falah Tlajung", "category": "school", "category_display": "Sekolah Menengah (SMA/SMK/SMP)", "city_regency": "Kab. Bogor", "latitude": -6.4503, "longitude": 106.91, "source_reference": "osm_overpass:node/13438909266", "asset_id": "SCH-0350", "is_buffer": false, "batch_no": 7, "notes": null }, "geometry": { "type": "Point", "coordinates": [ 106.91, -6.4503 ] } },
{ "type": "Feature", "properties": { "asset_name": "SMP Muhammadiyah Gunungputri", "category": "school", "category_display": "Sekolah Menengah (SMA/SMK/SMP)", "city_regency": "Kab. Bogor", "latitude": -6.4508, "longitude": 106.8998, "source_reference": "osm_overpass:node/13438909273", "asset_id": "SCH-0351", "is_buffer": false, "batch_no": 7, "notes": null }, "geometry": { "type": "Point", "coordinates": [ 106.8998, -6.4508 ] } },
{ "type": "Feature", "properties": { "asset_name": "SMP Tri Sula", "category": "school", "category_display": "Sekolah Menengah (SMA/SMK/SMP)", "city_regency": "Kab. Bogor", "latitude": -6.4515, "longitude": 106.9084, "source_reference": "osm_overpass:node/13438909275", "asset_id": "SCH-0352", "is_buffer": false, "batch_no": 7, "notes": null }, "geometry": { "type": "Point", "coordinates": [ 106.9084, -6.4515 ] } },
{ "type": "Feature", "properties": { "asset_name": "SMP Islam Terpadu Asy Syifa Qolbu", "category": "school", "category_display": "Sekolah Menengah (SMA/SMK/SMP)", "city_regency": "Kota Depok", "latitude": -6.4361, "longitude": 106.9126, "source_reference": "osm_overpass:node/13438909278", "asset_id": "SCH-0353", "is_buffer": false, "batch_no": 7, "notes": null }, "geometry": { "type": "Point", "coordinates": [ 106.9126, -6.4361 ] } },
{ "type": "Feature", "properties": { "asset_name": "SMA Quran Asy Syahid", "category": "school", "category_display": "Sekolah Menengah (SMA/SMK/SMP)", "city_regency": "Kota Depok", "latitude": -6.359447, "longitude": 106.957036, "source_reference": "osm_overpass:node/13438909279", "asset_id": "SCH-0354", "is_buffer": false, "batch_no": 7, "notes": null }, "geometry": { "type": "Point", "coordinates": [ 106.957036, -6.359447 ] } },
{ "type": "Feature", "properties": { "asset_name": "SMP Teruna Muda School", "category": "school", "category_display": "Sekolah Menengah (SMA/SMK/SMP)", "city_regency": "Kab. Bekasi", "latitude": -6.3442, "longitude": 106.9633, "source_reference": "osm_overpass:node/13438909281", "asset_id": "SCH-0355", "is_buffer": false, "batch_no": 7, "notes": null }, "geometry": { "type": "Point", "coordinates": [ 106.9633, -6.3442 ] } },
{ "type": "Feature", "properties": { "asset_name": "SMP Negeri 3 Gunungputri", "category": "school", "category_display": "Sekolah Menengah (SMA/SMK/SMP)", "city_regency": "Kab. Bekasi", "latitude": -6.3444, "longitude": 106.961, "source_reference": "osm_overpass:node/13438909282", "asset_id": "SCH-0356", "is_buffer": false, "batch_no": 7, "notes": null }, "geometry": { "type": "Point", "coordinates": [ 106.961, -6.3444 ] } },
{ "type": "Feature", "properties": { "asset_name": "SMKS Bina Pendidikan 3 Bogor", "category": "school", "category_display": "Sekolah Menengah (SMA/SMK/SMP)", "city_regency": "Kab. Bekasi", "latitude": -6.3466, "longitude": 106.9611, "source_reference": "osm_overpass:node/13438909285", "asset_id": "SCH-0357", "is_buffer": false, "batch_no": 7, "notes": null }, "geometry": { "type": "Point", "coordinates": [ 106.9611, -6.3466 ] } },
{ "type": "Feature", "properties": { "asset_name": "SMAS Fajar Hidayah", "category": "school", "category_display": "Sekolah Menengah (SMA/SMK/SMP)", "city_regency": "Kota Depok", "latitude": -6.3659, "longitude": 106.9554, "source_reference": "osm_overpass:node/13438909286", "asset_id": "SCH-0358", "is_buffer": false, "batch_no": 7, "notes": null }, "geometry": { "type": "Point", "coordinates": [ 106.9554, -6.3659 ] } },
{ "type": "Feature", "properties": { "asset_name": "SMAS Bina Pendidikan 2", "category": "school", "category_display": "Sekolah Menengah (SMA/SMK/SMP)", "city_regency": "Kab. Bekasi", "latitude": -6.3462, "longitude": 106.9613, "source_reference": "osm_overpass:node/13438909294", "asset_id": "SCH-0359", "is_buffer": false, "batch_no": 7, "notes": null }, "geometry": { "type": "Point", "coordinates": [ 106.9613, -6.3462 ] } },
{ "type": "Feature", "properties": { "asset_name": "SMP Bina Pendidikan", "category": "school", "category_display": "Sekolah Menengah (SMA/SMK/SMP)", "city_regency": "Kab. Bekasi", "latitude": -6.3458, "longitude": 106.9616, "source_reference": "osm_overpass:node/13438909295", "asset_id": "SCH-0360", "is_buffer": false, "batch_no": 7, "notes": null }, "geometry": { "type": "Point", "coordinates": [ 106.9616, -6.3458 ] } },
{ "type": "Feature", "properties": { "asset_name": "SMP K Penabur Kotawisata;SMA Kristen Penabur Kota Wisata", "category": "school", "category_display": "Sekolah Menengah (SMA/SMK/SMP)", "city_regency": "Kab. Bekasi", "latitude": -6.349, "longitude": 106.9627, "source_reference": "osm_overpass:node/13438909296", "asset_id": "SCH-0361", "is_buffer": false, "batch_no": 7, "notes": null }, "geometry": { "type": "Point", "coordinates": [ 106.9627, -6.349 ] } },
{ "type": "Feature", "properties": { "asset_name": "SMAS Pilar Indonesia;SMP Pilar Indonesia", "category": "school", "category_display": "Sekolah Menengah (SMA/SMK/SMP)", "city_regency": "Kota Depok", "latitude": -6.3712, "longitude": 106.9481, "source_reference": "osm_overpass:node/13438909297", "asset_id": "SCH-0362", "is_buffer": false, "batch_no": 7, "notes": null }, "geometry": { "type": "Point", "coordinates": [ 106.9481, -6.3712 ] } },
{ "type": "Feature", "properties": { "asset_name": "SMP An Nahl Islamic School", "category": "school", "category_display": "Sekolah Menengah (SMA/SMK/SMP)", "city_regency": "Kab. Bekasi", "latitude": -6.339161, "longitude": 106.964386, "source_reference": "osm_overpass:node/13438909299", "asset_id": "SCH-0363", "is_buffer": false, "batch_no": 7, "notes": null }, "geometry": { "type": "Point", "coordinates": [ 106.964386, -6.339161 ] } },
{ "type": "Feature", "properties": { "asset_name": "SMAS Bhakti Insan Persada", "category": "school", "category_display": "Sekolah Menengah (SMA/SMK/SMP)", "city_regency": "Kota Bogor", "latitude": -6.5762, "longitude": 106.7405, "source_reference": "osm_overpass:node/13438915229", "asset_id": "SCH-0364", "is_buffer": false, "batch_no": 7, "notes": null }, "geometry": { "type": "Point", "coordinates": [ 106.7405, -6.5762 ] } },
{ "type": "Feature", "properties": { "asset_name": "SMA Negeri 1 Dramaga", "category": "school", "category_display": "Sekolah Menengah (SMA/SMK/SMP)", "city_regency": "Kota Bogor", "latitude": -6.5696, "longitude": 106.74, "source_reference": "osm_overpass:node/13438915231", "asset_id": "SCH-0365", "is_buffer": false, "batch_no": 7, "notes": null }, "geometry": { "type": "Point", "coordinates": [ 106.74, -6.5696 ] } },
{ "type": "Feature", "properties": { "asset_name": "SMP Negeri 2 Dramaga", "category": "school", "category_display": "Sekolah Menengah (SMA/SMK/SMP)", "city_regency": "Kota Bogor", "latitude": -6.5694, "longitude": 106.7406, "source_reference": "osm_overpass:node/13438915232", "asset_id": "SCH-0366", "is_buffer": false, "batch_no": 7, "notes": null }, "geometry": { "type": "Point", "coordinates": [ 106.7406, -6.5694 ] } },
{ "type": "Feature", "properties": { "asset_name": "SMKS Bina Teknika", "category": "school", "category_display": "Sekolah Menengah (SMA/SMK/SMP)", "city_regency": "Kota Depok", "latitude": -6.4373, "longitude": 106.9546, "source_reference": "osm_overpass:node/13438915234", "asset_id": "SCH-0367", "is_buffer": false, "batch_no": 7, "notes": null }, "geometry": { "type": "Point", "coordinates": [ 106.9546, -6.4373 ] } },
{ "type": "Feature", "properties": { "asset_name": "SMAS Widya Kusuma", "category": "school", "category_display": "Sekolah Menengah (SMA/SMK/SMP)", "city_regency": "Kota Depok", "latitude": -6.4323, "longitude": 106.9562, "source_reference": "osm_overpass:node/13438915237", "asset_id": "SCH-0368", "is_buffer": false, "batch_no": 7, "notes": null }, "geometry": { "type": "Point", "coordinates": [ 106.9562, -6.4323 ] } },
{ "type": "Feature", "properties": { "asset_name": "SMKS Muhammadiyah 2 Cileungsi", "category": "school", "category_display": "Sekolah Menengah (SMA/SMK/SMP)", "city_regency": "Kota Depok", "latitude": -6.4307, "longitude": 106.9631, "source_reference": "osm_overpass:node/13438915238", "asset_id": "SCH-0369", "is_buffer": false, "batch_no": 7, "notes": null }, "geometry": { "type": "Point", "coordinates": [ 106.9631, -6.4307 ] } },
{ "type": "Feature", "properties": { "asset_name": "SMP Avicenna Cileungsi", "category": "school", "category_display": "Sekolah Menengah (SMA/SMK/SMP)", "city_regency": "Kota Depok", "latitude": -6.4395, "longitude": 106.9622, "source_reference": "osm_overpass:node/13438915240", "asset_id": "SCH-0370", "is_buffer": false, "batch_no": 7, "notes": null }, "geometry": { "type": "Point", "coordinates": [ 106.9622, -6.4395 ] } },
{ "type": "Feature", "properties": { "asset_name": "SMP Cikal Cendekia", "category": "school", "category_display": "Sekolah Menengah (SMA/SMK/SMP)", "city_regency": "Kota Depok", "latitude": -6.437947, "longitude": 106.968814, "source_reference": "osm_overpass:node/13438915242", "asset_id": "SCH-0371", "is_buffer": false, "batch_no": 7, "notes": null }, "geometry": { "type": "Point", "coordinates": [ 106.968814, -6.437947 ] } },
{ "type": "Feature", "properties": { "asset_name": "SMPS Nusantara", "category": "school", "category_display": "Sekolah Menengah (SMA/SMK/SMP)", "city_regency": "Kota Depok", "latitude": -6.4176, "longitude": 106.9695, "source_reference": "osm_overpass:node/13438915246", "asset_id": "SCH-0372", "is_buffer": false, "batch_no": 7, "notes": null }, "geometry": { "type": "Point", "coordinates": [ 106.9695, -6.4176 ] } },
{ "type": "Feature", "properties": { "asset_name": "SMP Widya Kusuma", "category": "school", "category_display": "Sekolah Menengah (SMA/SMK/SMP)", "city_regency": "Kota Depok", "latitude": -6.427846, "longitude": 106.955076, "source_reference": "osm_overpass:node/13438915247", "asset_id": "SCH-0373", "is_buffer": false, "batch_no": 7, "notes": null }, "geometry": { "type": "Point", "coordinates": [ 106.955076, -6.427846 ] } },
{ "type": "Feature", "properties": { "asset_name": "SMPIT Mutiara Islam", "category": "school", "category_display": "Sekolah Menengah (SMA/SMK/SMP)", "city_regency": "Kota Depok", "latitude": -6.420067, "longitude": 106.964919, "source_reference": "osm_overpass:node/13438915248", "asset_id": "SCH-0374", "is_buffer": false, "batch_no": 7, "notes": null }, "geometry": { "type": "Point", "coordinates": [ 106.964919, -6.420067 ] } },
{ "type": "Feature", "properties": { "asset_name": "SMPIT Sultan Agung", "category": "school", "category_display": "Sekolah Menengah (SMA/SMK/SMP)", "city_regency": "Kota Depok", "latitude": -6.4006, "longitude": 106.5881, "source_reference": "osm_overpass:node/13438915250", "asset_id": "SCH-0375", "is_buffer": false, "batch_no": 7, "notes": null }, "geometry": { "type": "Point", "coordinates": [ 106.5881, -6.4006 ] } },
{ "type": "Feature", "properties": { "asset_name": "SMP Al Madzhab", "category": "school", "category_display": "Sekolah Menengah (SMA/SMK/SMP)", "city_regency": "Kota Depok", "latitude": -6.4224, "longitude": 106.5975, "source_reference": "osm_overpass:node/13438915254", "asset_id": "SCH-0376", "is_buffer": false, "batch_no": 7, "notes": null }, "geometry": { "type": "Point", "coordinates": [ 106.5975, -6.4224 ] } },
{ "type": "Feature", "properties": { "asset_name": "SMKS Sultan Agung", "category": "school", "category_display": "Sekolah Menengah (SMA/SMK/SMP)", "city_regency": "Kota Depok", "latitude": -6.4001, "longitude": 106.5885, "source_reference": "osm_overpass:node/13438915256", "asset_id": "SCH-0377", "is_buffer": false, "batch_no": 7, "notes": null }, "geometry": { "type": "Point", "coordinates": [ 106.5885, -6.4001 ] } },
{ "type": "Feature", "properties": { "asset_name": "SMP PGRI Kadumanggu", "category": "school", "category_display": "Sekolah Menengah (SMA/SMK/SMP)", "city_regency": "Kab. Bogor", "latitude": -6.5405, "longitude": 106.8535, "source_reference": "osm_overpass:node/13438915262", "asset_id": "SCH-0378", "is_buffer": false, "batch_no": 7, "notes": null }, "geometry": { "type": "Point", "coordinates": [ 106.8535, -6.5405 ] } },
{ "type": "Feature", "properties": { "asset_name": "SMA Insan Cendekia Boarding School", "category": "school", "category_display": "Sekolah Menengah (SMA/SMK/SMP)", "city_regency": "Kab. Bogor", "latitude": -6.543232, "longitude": 106.853555, "source_reference": "osm_overpass:node/13438915264", "asset_id": "SCH-0379", "is_buffer": false, "batch_no": 7, "notes": null }, "geometry": { "type": "Point", "coordinates": [ 106.853555, -6.543232 ] } },
{ "type": "Feature", "properties": { "asset_name": "SMKS PGRI Babakanmadang", "category": "school", "category_display": "Sekolah Menengah (SMA/SMK/SMP)", "city_regency": "Kab. Bogor", "latitude": -6.5577, "longitude": 106.8554, "source_reference": "osm_overpass:node/13438915269", "asset_id": "SCH-0380", "is_buffer": false, "batch_no": 7, "notes": null }, "geometry": { "type": "Point", "coordinates": [ 106.8554, -6.5577 ] } },
{ "type": "Feature", "properties": { "asset_name": "SMP Sekolah Anak Indonesia", "category": "school", "category_display": "Sekolah Menengah (SMA/SMK/SMP)", "city_regency": "Kota Bogor", "latitude": -6.532411, "longitude": 106.848734, "source_reference": "osm_overpass:node/13438915270", "asset_id": "SCH-0381", "is_buffer": false, "batch_no": 7, "notes": null }, "geometry": { "type": "Point", "coordinates": [ 106.848734, -6.532411 ] } },
{ "type": "Feature", "properties": { "asset_name": "SMKS Galileo", "category": "school", "category_display": "Sekolah Menengah (SMA/SMK/SMP)", "city_regency": "Kab. Bogor", "latitude": -6.5539, "longitude": 106.8529, "source_reference": "osm_overpass:node/13438915271", "asset_id": "SCH-0382", "is_buffer": false, "batch_no": 7, "notes": null }, "geometry": { "type": "Point", "coordinates": [ 106.8529, -6.5539 ] } },
{ "type": "Feature", "properties": { "asset_name": "SMP Mulia Buana", "category": "school", "category_display": "Sekolah Menengah (SMA/SMK/SMP)", "city_regency": "Kota Tangerang Selatan", "latitude": -6.3456, "longitude": 106.5731, "source_reference": "osm_overpass:node/13438915275", "asset_id": "SCH-0383", "is_buffer": false, "batch_no": 7, "notes": null }, "geometry": { "type": "Point", "coordinates": [ 106.5731, -6.3456 ] } },
{ "type": "Feature", "properties": { "asset_name": "SMPIT Al Madany", "category": "school", "category_display": "Sekolah Menengah (SMA/SMK/SMP)", "city_regency": "Kota Tangerang Selatan", "latitude": -6.3569, "longitude": 106.5827, "source_reference": "osm_overpass:node/13438915276", "asset_id": "SCH-0384", "is_buffer": false, "batch_no": 7, "notes": null }, "geometry": { "type": "Point", "coordinates": [ 106.5827, -6.3569 ] } },
{ "type": "Feature", "properties": { "asset_name": "SMAS Mulia Buana;SMKS Bina Putra Mandiri", "category": "school", "category_display": "Sekolah Menengah (SMA/SMK/SMP)", "city_regency": "Kota Tangerang Selatan", "latitude": -6.3454, "longitude": 106.5728, "source_reference": "osm_overpass:node/13438915279", "asset_id": "SCH-0385", "is_buffer": false, "batch_no": 7, "notes": null }, "geometry": { "type": "Point", "coordinates": [ 106.5728, -6.3454 ] } },
{ "type": "Feature", "properties": { "asset_name": "SMP Islam Nida El Adabi", "category": "school", "category_display": "Sekolah Menengah (SMA/SMK/SMP)", "city_regency": "Kota Tangerang Selatan", "latitude": -6.3459, "longitude": 106.5737, "source_reference": "osm_overpass:node/13438915283", "asset_id": "SCH-0386", "is_buffer": false, "batch_no": 7, "notes": null }, "geometry": { "type": "Point", "coordinates": [ 106.5737, -6.3459 ] } },
{ "type": "Feature", "properties": { "asset_name": "SMKS Otista Jonggol", "category": "school", "category_display": "Sekolah Menengah (SMA/SMK/SMP)", "city_regency": "Kab. Bogor", "latitude": -6.465, "longitude": 107.0659, "source_reference": "osm_overpass:node/13438915293", "asset_id": "SCH-0387", "is_buffer": false, "batch_no": 7, "notes": null }, "geometry": { "type": "Point", "coordinates": [ 107.0659, -6.465 ] } },
{ "type": "Feature", "properties": { "asset_name": "SMKS Putra Negara", "category": "school", "category_display": "Sekolah Menengah (SMA/SMK/SMP)", "city_regency": "Kab. Bogor", "latitude": -6.4651, "longitude": 107.0683, "source_reference": "osm_overpass:node/13438915294", "asset_id": "SCH-0388", "is_buffer": false, "batch_no": 7, "notes": null }, "geometry": { "type": "Point", "coordinates": [ 107.0683, -6.4651 ] } },
{ "type": "Feature", "properties": { "asset_name": "SMA Negeri 2 Jonggol", "category": "school", "category_display": "Sekolah Menengah (SMA/SMK/SMP)", "city_regency": "Kab. Bogor", "latitude": -6.4705, "longitude": 107.074, "source_reference": "osm_overpass:node/13438915295", "asset_id": "SCH-0389", "is_buffer": false, "batch_no": 7, "notes": null }, "geometry": { "type": "Point", "coordinates": [ 107.074, -6.4705 ] } },
{ "type": "Feature", "properties": { "asset_name": "SMAS PGRI Jonggol", "category": "school", "category_display": "Sekolah Menengah (SMA/SMK/SMP)", "city_regency": "Kab. Bogor", "latitude": -6.4693, "longitude": 107.0608, "source_reference": "osm_overpass:node/13438915296", "asset_id": "SCH-0390", "is_buffer": false, "batch_no": 7, "notes": null }, "geometry": { "type": "Point", "coordinates": [ 107.0608, -6.4693 ] } },
{ "type": "Feature", "properties": { "asset_name": "SMAS Yapida", "category": "school", "category_display": "Sekolah Menengah (SMA/SMK/SMP)", "city_regency": "Kota Depok", "latitude": -6.4278, "longitude": 106.906, "source_reference": "osm_overpass:node/13438917881", "asset_id": "SCH-0391", "is_buffer": false, "batch_no": 7, "notes": null }, "geometry": { "type": "Point", "coordinates": [ 106.906, -6.4278 ] } },
{ "type": "Feature", "properties": { "asset_name": "SMP Yapida", "category": "school", "category_display": "Sekolah Menengah (SMA/SMK/SMP)", "city_regency": "Kota Depok", "latitude": -6.4233, "longitude": 106.9073, "source_reference": "osm_overpass:node/13438917882", "asset_id": "SCH-0392", "is_buffer": false, "batch_no": 7, "notes": null }, "geometry": { "type": "Point", "coordinates": [ 106.9073, -6.4233 ] } },
{ "type": "Feature", "properties": { "asset_name": "SMKS Yapsa", "category": "school", "category_display": "Sekolah Menengah (SMA/SMK/SMP)", "city_regency": "Kota Depok", "latitude": -6.4412, "longitude": 106.8941, "source_reference": "osm_overpass:node/13438917885", "asset_id": "SCH-0393", "is_buffer": false, "batch_no": 7, "notes": null }, "geometry": { "type": "Point", "coordinates": [ 106.8941, -6.4412 ] } },
{ "type": "Feature", "properties": { "asset_name": "SMPS Karakter", "category": "school", "category_display": "Sekolah Menengah (SMA/SMK/SMP)", "city_regency": "Kota Depok", "latitude": -6.4265, "longitude": 106.8956, "source_reference": "osm_overpass:node/13438917890", "asset_id": "SCH-0394", "is_buffer": false, "batch_no": 7, "notes": null }, "geometry": { "type": "Point", "coordinates": [ 106.8956, -6.4265 ] } },
{ "type": "Feature", "properties": { "asset_name": "SMP Negeri 2 Babakan Madang", "category": "school", "category_display": "Sekolah Menengah (SMA/SMK/SMP)", "city_regency": "Kab. Bogor", "latitude": -6.6053, "longitude": 106.8931, "source_reference": "osm_overpass:node/13438917899", "asset_id": "SCH-0395", "is_buffer": false, "batch_no": 7, "notes": null }, "geometry": { "type": "Point", "coordinates": [ 106.8931, -6.6053 ] } },
{ "type": "Feature", "properties": { "asset_name": "SMKS Ibnu Sina", "category": "school", "category_display": "Sekolah Menengah (SMA/SMK/SMP)", "city_regency": "Kota Bogor", "latitude": -6.5537, "longitude": 106.7637, "source_reference": "osm_overpass:node/13438928680", "asset_id": "SCH-0396", "is_buffer": false, "batch_no": 7, "notes": null }, "geometry": { "type": "Point", "coordinates": [ 106.7637, -6.5537 ] } },
{ "type": "Feature", "properties": { "asset_name": "SMK Plus Dawatul Quran Bogor", "category": "school", "category_display": "Sekolah Menengah (SMA/SMK/SMP)", "city_regency": "Kota Bogor", "latitude": -6.56414, "longitude": 106.763799, "source_reference": "osm_overpass:node/13438928682", "asset_id": "SCH-0397", "is_buffer": false, "batch_no": 7, "notes": null }, "geometry": { "type": "Point", "coordinates": [ 106.763799, -6.56414 ] } },
{ "type": "Feature", "properties": { "asset_name": "SMKS Yktb 1 Bogor", "category": "school", "category_display": "Sekolah Menengah (SMA/SMK/SMP)", "city_regency": "Kota Bogor", "latitude": -6.5625, "longitude": 106.7639, "source_reference": "osm_overpass:node/13438928685", "asset_id": "SCH-0398", "is_buffer": false, "batch_no": 7, "notes": null }, "geometry": { "type": "Point", "coordinates": [ 106.7639, -6.5625 ] } },
{ "type": "Feature", "properties": { "asset_name": "SMK Taman Rezeki", "category": "school", "category_display": "Sekolah Menengah (SMA/SMK/SMP)", "city_regency": "Kab. Bogor", "latitude": -6.4663, "longitude": 106.8597, "source_reference": "osm_overpass:node/13438928688", "asset_id": "SCH-0399", "is_buffer": false, "batch_no": 7, "notes": null }, "geometry": { "type": "Point", "coordinates": [ 106.8597, -6.4663 ] } },
{ "type": "Feature", "properties": { "asset_name": "SMP PGRI 1 Cibinong", "category": "school", "category_display": "Sekolah Menengah (SMA/SMK/SMP)", "city_regency": "Kab. Bogor", "latitude": -6.465403, "longitude": 106.863507, "source_reference": "osm_overpass:node/13438928690", "asset_id": "SCH-0400", "is_buffer": false, "batch_no": 7, "notes": null }, "geometry": { "type": "Point", "coordinates": [ 106.863507, -6.465403 ] } },
{ "type": "Feature", "properties": { "asset_name": "SMP Islam Al Anshor", "category": "school", "category_display": "Sekolah Menengah (SMA/SMK/SMP)", "city_regency": "Kab. Bogor", "latitude": -6.4683, "longitude": 106.8655, "source_reference": "osm_overpass:node/13438928691", "asset_id": "SCH-0401", "is_buffer": false, "batch_no": 7, "notes": null }, "geometry": { "type": "Point", "coordinates": [ 106.8655, -6.4683 ] } },
{ "type": "Feature", "properties": { "asset_name": "SMP Negeri 1 Cibinong", "category": "school", "category_display": "Sekolah Menengah (SMA/SMK/SMP)", "city_regency": "Kab. Bogor", "latitude": -6.470055, "longitude": 106.861535, "source_reference": "osm_overpass:node/13438928692", "asset_id": "SCH-0402", "is_buffer": false, "batch_no": 7, "notes": null }, "geometry": { "type": "Point", "coordinates": [ 106.861535, -6.470055 ] } },
{ "type": "Feature", "properties": { "asset_name": "SMKS PGRI 2 Cibinong", "category": "school", "category_display": "Sekolah Menengah (SMA/SMK/SMP)", "city_regency": "Kab. Bogor", "latitude": -6.466898, "longitude": 106.865597, "source_reference": "osm_overpass:node/13438928693", "asset_id": "SCH-0403", "is_buffer": false, "batch_no": 7, "notes": null }, "geometry": { "type": "Point", "coordinates": [ 106.865597, -6.466898 ] } },
{ "type": "Feature", "properties": { "asset_name": "SMAS PGRI Cibinong", "category": "school", "category_display": "Sekolah Menengah (SMA/SMK/SMP)", "city_regency": "Kab. Bogor", "latitude": -6.467157, "longitude": 106.864917, "source_reference": "osm_overpass:node/13438928694", "asset_id": "SCH-0404", "is_buffer": false, "batch_no": 7, "notes": null }, "geometry": { "type": "Point", "coordinates": [ 106.864917, -6.467157 ] } },
{ "type": "Feature", "properties": { "asset_name": "SMP Plus Awwaliyah Al Asiyah", "category": "school", "category_display": "Sekolah Menengah (SMA/SMK/SMP)", "city_regency": "Kab. Bogor", "latitude": -6.4595, "longitude": 106.8575, "source_reference": "osm_overpass:node/13438928695", "asset_id": "SCH-0405", "is_buffer": false, "batch_no": 7, "notes": null }, "geometry": { "type": "Point", "coordinates": [ 106.8575, -6.4595 ] } },
{ "type": "Feature", "properties": { "asset_name": "SDIT Awwaliyah Al Asiyah", "category": "school", "category_display": "Sekolah Menengah (SMA/SMK/SMP)", "city_regency": "Kab. Bogor", "latitude": -6.4595, "longitude": 106.8569, "source_reference": "osm_overpass:node/13438928696", "asset_id": "SCH-0406", "is_buffer": false, "batch_no": 7, "notes": null }, "geometry": { "type": "Point", "coordinates": [ 106.8569, -6.4595 ] } },
{ "type": "Feature", "properties": { "asset_name": "SMKS Yaspi", "category": "school", "category_display": "Sekolah Menengah (SMA/SMK/SMP)", "city_regency": "Kota Bogor", "latitude": -6.619465, "longitude": 106.773927, "source_reference": "osm_overpass:node/13438931523", "asset_id": "SCH-0407", "is_buffer": false, "batch_no": 7, "notes": null }, "geometry": { "type": "Point", "coordinates": [ 106.773927, -6.619465 ] } },
{ "type": "Feature", "properties": { "asset_name": "SMP Ummul Quran An Nuur Ciomas", "category": "school", "category_display": "Sekolah Menengah (SMA/SMK/SMP)", "city_regency": "Kota Bogor", "latitude": -6.618424, "longitude": 106.772881, "source_reference": "osm_overpass:node/13438931526", "asset_id": "SCH-0408", "is_buffer": false, "batch_no": 7, "notes": null }, "geometry": { "type": "Point", "coordinates": [ 106.772881, -6.618424 ] } },
{ "type": "Feature", "properties": { "asset_name": "SMK Binasena", "category": "school", "category_display": "Sekolah Menengah (SMA/SMK/SMP)", "city_regency": "Kab. Bogor", "latitude": -6.6499, "longitude": 106.8546, "source_reference": "osm_overpass:node/13438931537", "asset_id": "SCH-0409", "is_buffer": false, "batch_no": 7, "notes": null }, "geometry": { "type": "Point", "coordinates": [ 106.8546, -6.6499 ] } },
{ "type": "Feature", "properties": { "asset_name": "SMP Bina Insan Boarding School", "category": "school", "category_display": "Sekolah Menengah (SMA/SMK/SMP)", "city_regency": "Kab. Bogor", "latitude": -6.648998, "longitude": 106.859387, "source_reference": "osm_overpass:node/13438931539", "asset_id": "SCH-0410", "is_buffer": false, "batch_no": 8, "notes": null }, "geometry": { "type": "Point", "coordinates": [ 106.859387, -6.648998 ] } },
{ "type": "Feature", "properties": { "asset_name": "SMP Addina", "category": "school", "category_display": "Sekolah Menengah (SMA/SMK/SMP)", "city_regency": "Kab. Bogor", "latitude": -6.6498, "longitude": 106.8534, "source_reference": "osm_overpass:node/13438931541", "asset_id": "SCH-0411", "is_buffer": false, "batch_no": 8, "notes": null }, "geometry": { "type": "Point", "coordinates": [ 106.8534, -6.6498 ] } },
{ "type": "Feature", "properties": { "asset_name": "SMK Islam Terpadu Al Qosimiyyah", "category": "school", "category_display": "Sekolah Menengah (SMA/SMK/SMP)", "city_regency": "Kota Depok", "latitude": -6.4307, "longitude": 106.7255, "source_reference": "osm_overpass:node/13438931550", "asset_id": "SCH-0412", "is_buffer": false, "batch_no": 8, "notes": null }, "geometry": { "type": "Point", "coordinates": [ 106.7255, -6.4307 ] } },
{ "type": "Feature", "properties": { "asset_name": "SMP Al Hayyan", "category": "school", "category_display": "Sekolah Menengah (SMA/SMK/SMP)", "city_regency": "Kota Depok", "latitude": -6.4336, "longitude": 106.7331, "source_reference": "osm_overpass:node/13438931554", "asset_id": "SCH-0413", "is_buffer": false, "batch_no": 8, "notes": null }, "geometry": { "type": "Point", "coordinates": [ 106.7331, -6.4336 ] } },
{ "type": "Feature", "properties": { "asset_name": "SMP School Of Universe", "category": "school", "category_display": "Sekolah Menengah (SMA/SMK/SMP)", "city_regency": "Kota Depok", "latitude": -6.4403, "longitude": 106.7338, "source_reference": "osm_overpass:node/13438931556", "asset_id": "SCH-0414", "is_buffer": false, "batch_no": 8, "notes": null }, "geometry": { "type": "Point", "coordinates": [ 106.7338, -6.4403 ] } },
{ "type": "Feature", "properties": { "asset_name": "SMP Negeri 1 Pamijahan Bogor", "category": "school", "category_display": "Sekolah Menengah (SMA/SMK/SMP)", "city_regency": "Kota Bogor", "latitude": -6.6445, "longitude": 106.6519, "source_reference": "osm_overpass:node/13438931560", "asset_id": "SCH-0415", "is_buffer": false, "batch_no": 8, "notes": null }, "geometry": { "type": "Point", "coordinates": [ 106.6519, -6.6445 ] } },
{ "type": "Feature", "properties": { "asset_name": "SMKS Ibnu Sobri", "category": "school", "category_display": "Sekolah Menengah (SMA/SMK/SMP)", "city_regency": "Kota Bogor", "latitude": -6.644187, "longitude": 106.650001, "source_reference": "osm_overpass:node/13438931563", "asset_id": "SCH-0416", "is_buffer": false, "batch_no": 8, "notes": null }, "geometry": { "type": "Point", "coordinates": [ 106.650001, -6.644187 ] } },
{ "type": "Feature", "properties": { "asset_name": "SMPS Islam Tarbiyatul Huda", "category": "school", "category_display": "Sekolah Menengah (SMA/SMK/SMP)", "city_regency": "Kota Bogor", "latitude": -6.641, "longitude": 106.6528, "source_reference": "osm_overpass:node/13438931566", "asset_id": "SCH-0417", "is_buffer": false, "batch_no": 8, "notes": null }, "geometry": { "type": "Point", "coordinates": [ 106.6528, -6.641 ] } },
{ "type": "Feature", "properties": { "asset_name": "SMK Putra Harapan Bogor", "category": "school", "category_display": "Sekolah Menengah (SMA/SMK/SMP)", "city_regency": "Kota Bogor", "latitude": -6.649644, "longitude": 106.799705, "source_reference": "osm_overpass:node/13438931573", "asset_id": "SCH-0418", "is_buffer": false, "batch_no": 8, "notes": null }, "geometry": { "type": "Point", "coordinates": [ 106.799705, -6.649644 ] } },
{ "type": "Feature", "properties": { "asset_name": "SMK Bhakti Medika", "category": "school", "category_display": "Sekolah Menengah (SMA/SMK/SMP)", "city_regency": "Kota Bogor", "latitude": -6.603, "longitude": 106.7581, "source_reference": "osm_overpass:node/13438931582", "asset_id": "SCH-0419", "is_buffer": false, "batch_no": 8, "notes": null }, "geometry": { "type": "Point", "coordinates": [ 106.7581, -6.603 ] } },
{ "type": "Feature", "properties": { "asset_name": "SMKS Ma`arif NU Ciomas", "category": "school", "category_display": "Sekolah Menengah (SMA/SMK/SMP)", "city_regency": "Kota Bogor", "latitude": -6.601087, "longitude": 106.759421, "source_reference": "osm_overpass:node/13438931583", "asset_id": "SCH-0420", "is_buffer": false, "batch_no": 8, "notes": null }, "geometry": { "type": "Point", "coordinates": [ 106.759421, -6.601087 ] } },
{ "type": "Feature", "properties": { "asset_name": "SMP Arofah", "category": "school", "category_display": "Sekolah Menengah (SMA/SMK/SMP)", "city_regency": "Kota Bogor", "latitude": -6.609441, "longitude": 106.76439, "source_reference": "osm_overpass:node/13438931584", "asset_id": "SCH-0421", "is_buffer": false, "batch_no": 8, "notes": null }, "geometry": { "type": "Point", "coordinates": [ 106.76439, -6.609441 ] } },
{ "type": "Feature", "properties": { "asset_name": "SMP Negeri 2 Ciomas", "category": "school", "category_display": "Sekolah Menengah (SMA/SMK/SMP)", "city_regency": "Kota Bogor", "latitude": -6.6141, "longitude": 106.7584, "source_reference": "osm_overpass:node/13438931588", "asset_id": "SCH-0422", "is_buffer": false, "batch_no": 8, "notes": null }, "geometry": { "type": "Point", "coordinates": [ 106.7584, -6.6141 ] } },
{ "type": "Feature", "properties": { "asset_name": "SMP Al Quran Wahdah Islamiyah Cibinong-bogor", "category": "school", "category_display": "Sekolah Menengah (SMA/SMK/SMP)", "city_regency": "Kota Bogor", "latitude": -6.492635, "longitude": 106.828381, "source_reference": "osm_overpass:node/13438931598", "asset_id": "SCH-0423", "is_buffer": false, "batch_no": 8, "notes": null }, "geometry": { "type": "Point", "coordinates": [ 106.828381, -6.492635 ] } },
{ "type": "Feature", "properties": { "asset_name": "SMP Daaruttaqwa", "category": "school", "category_display": "Sekolah Menengah (SMA/SMK/SMP)", "city_regency": "Kota Bogor", "latitude": -6.483257, "longitude": 106.843435, "source_reference": "osm_overpass:node/13438931600", "asset_id": "SCH-0424", "is_buffer": false, "batch_no": 8, "notes": null }, "geometry": { "type": "Point", "coordinates": [ 106.843435, -6.483257 ] } },
{ "type": "Feature", "properties": { "asset_name": "SMA Qur`an El Tahfidh", "category": "school", "category_display": "Sekolah Menengah (SMA/SMK/SMP)", "city_regency": "Kota Depok", "latitude": -6.406901, "longitude": 107.054026, "source_reference": "osm_overpass:node/13438935213", "asset_id": "SCH-0425", "is_buffer": false, "batch_no": 8, "notes": null }, "geometry": { "type": "Point", "coordinates": [ 107.054026, -6.406901 ] } },
{ "type": "Feature", "properties": { "asset_name": "SMPIT Luqman Al Hakim;SMKS Luqman Al Hakim", "category": "school", "category_display": "Sekolah Menengah (SMA/SMK/SMP)", "city_regency": "Kota Bogor", "latitude": -6.4793, "longitude": 106.7267, "source_reference": "osm_overpass:node/13438935227", "asset_id": "SCH-0426", "is_buffer": false, "batch_no": 8, "notes": null }, "geometry": { "type": "Point", "coordinates": [ 106.7267, -6.4793 ] } },
{ "type": "Feature", "properties": { "asset_name": "SMKS Nusa Bangsa", "category": "school", "category_display": "Sekolah Menengah (SMA/SMK/SMP)", "city_regency": "Kota Bogor", "latitude": -6.4734, "longitude": 106.7267, "source_reference": "osm_overpass:node/13438935229", "asset_id": "SCH-0427", "is_buffer": false, "batch_no": 8, "notes": null }, "geometry": { "type": "Point", "coordinates": [ 106.7267, -6.4734 ] } },
{ "type": "Feature", "properties": { "asset_name": "SMP Islam Nurul Iman", "category": "school", "category_display": "Sekolah Menengah (SMA/SMK/SMP)", "city_regency": "Kota Bogor", "latitude": -6.4637, "longitude": 106.7294, "source_reference": "osm_overpass:node/13438935230", "asset_id": "SCH-0428", "is_buffer": false, "batch_no": 8, "notes": null }, "geometry": { "type": "Point", "coordinates": [ 106.7294, -6.4637 ] } },
{ "type": "Feature", "properties": { "asset_name": "SMPS PGRI 1 Parung", "category": "school", "category_display": "Sekolah Menengah (SMA/SMK/SMP)", "city_regency": "Kota Bogor", "latitude": -6.4763, "longitude": 106.729, "source_reference": "osm_overpass:node/13438935231", "asset_id": "SCH-0429", "is_buffer": false, "batch_no": 8, "notes": null }, "geometry": { "type": "Point", "coordinates": [ 106.729, -6.4763 ] } },
{ "type": "Feature", "properties": { "asset_name": "SMP Smart Ekselensia", "category": "school", "category_display": "Sekolah Menengah (SMA/SMK/SMP)", "city_regency": "Kota Bogor", "latitude": -6.4731, "longitude": 106.729, "source_reference": "osm_overpass:node/13438935232", "asset_id": "SCH-0430", "is_buffer": false, "batch_no": 8, "notes": null }, "geometry": { "type": "Point", "coordinates": [ 106.729, -6.4731 ] } },
{ "type": "Feature", "properties": { "asset_name": "SMAS Smart Ekselensia Indonesia", "category": "school", "category_display": "Sekolah Menengah (SMA/SMK/SMP)", "city_regency": "Kota Bogor", "latitude": -6.4735, "longitude": 106.7295, "source_reference": "osm_overpass:node/13438935233", "asset_id": "SCH-0431", "is_buffer": false, "batch_no": 8, "notes": null }, "geometry": { "type": "Point", "coordinates": [ 106.7295, -6.4735 ] } },
{ "type": "Feature", "properties": { "asset_name": "SMAS Bp Fai Umj;SMP Berbasis Pesantren Fai Umj", "category": "school", "category_display": "Sekolah Menengah (SMA/SMK/SMP)", "city_regency": "Kota Bogor", "latitude": -6.4769, "longitude": 106.728, "source_reference": "osm_overpass:node/13438935234", "asset_id": "SCH-0432", "is_buffer": false, "batch_no": 8, "notes": null }, "geometry": { "type": "Point", "coordinates": [ 106.728, -6.4769 ] } },
{ "type": "Feature", "properties": { "asset_name": "SMAS Dwiwarna", "category": "school", "category_display": "Sekolah Menengah (SMA/SMK/SMP)", "city_regency": "Kota Bogor", "latitude": -6.452, "longitude": 106.7296, "source_reference": "osm_overpass:node/13438935244", "asset_id": "SCH-0433", "is_buffer": false, "batch_no": 8, "notes": null }, "geometry": { "type": "Point", "coordinates": [ 106.7296, -6.452 ] } },
{ "type": "Feature", "properties": { "asset_name": "SMPIT Darull Muttaqien", "category": "school", "category_display": "Sekolah Menengah (SMA/SMK/SMP)", "city_regency": "Kota Bogor", "latitude": -6.4587, "longitude": 106.7305, "source_reference": "osm_overpass:node/13438935248", "asset_id": "SCH-0434", "is_buffer": false, "batch_no": 8, "notes": null }, "geometry": { "type": "Point", "coordinates": [ 106.7305, -6.4587 ] } },
{ "type": "Feature", "properties": { "asset_name": "SMP Cahya Gumilang", "category": "school", "category_display": "Sekolah Menengah (SMA/SMK/SMP)", "city_regency": "Kota Bogor", "latitude": -6.587503, "longitude": 106.560573, "source_reference": "osm_overpass:node/13438935267", "asset_id": "SCH-0435", "is_buffer": false, "batch_no": 8, "notes": null }, "geometry": { "type": "Point", "coordinates": [ 106.560573, -6.587503 ] } },
{ "type": "Feature", "properties": { "asset_name": "SMP Negeri 1 Gunungsindur", "category": "school", "category_display": "Sekolah Menengah (SMA/SMK/SMP)", "city_regency": "Kota Tangerang Selatan", "latitude": -6.3884, "longitude": 106.6736, "source_reference": "osm_overpass:node/13438935271", "asset_id": "SCH-0436", "is_buffer": false, "batch_no": 8, "notes": null }, "geometry": { "type": "Point", "coordinates": [ 106.6736, -6.3884 ] } },
{ "type": "Feature", "properties": { "asset_name": "SMA Negeri 1 Gunung Sindur", "category": "school", "category_display": "Sekolah Menengah (SMA/SMK/SMP)", "city_regency": "Kota Tangerang Selatan", "latitude": -6.3833, "longitude": 106.6595, "source_reference": "osm_overpass:node/13438935274", "asset_id": "SCH-0437", "is_buffer": false, "batch_no": 8, "notes": null }, "geometry": { "type": "Point", "coordinates": [ 106.6595, -6.3833 ] } },
{ "type": "Feature", "properties": { "asset_name": "SMPIT Attaufiqiyyah", "category": "school", "category_display": "Sekolah Menengah (SMA/SMK/SMP)", "city_regency": "Kota Tangerang Selatan", "latitude": -6.3865, "longitude": 106.6666, "source_reference": "osm_overpass:node/13438935275", "asset_id": "SCH-0438", "is_buffer": false, "batch_no": 8, "notes": null }, "geometry": { "type": "Point", "coordinates": [ 106.6666, -6.3865 ] } },
{ "type": "Feature", "properties": { "asset_name": "SMA International Islamic School Of Indonesia", "category": "school", "category_display": "Sekolah Menengah (SMA/SMK/SMP)", "city_regency": "Kab. Bogor", "latitude": -6.5523, "longitude": 106.8809, "source_reference": "osm_overpass:node/13438935277", "asset_id": "SCH-0439", "is_buffer": false, "batch_no": 8, "notes": null }, "geometry": { "type": "Point", "coordinates": [ 106.8809, -6.5523 ] } },
{ "type": "Feature", "properties": { "asset_name": "SMK Al Murqoniyah", "category": "school", "category_display": "Sekolah Menengah (SMA/SMK/SMP)", "city_regency": "Kab. Bogor", "latitude": -6.528724, "longitude": 106.885882, "source_reference": "osm_overpass:node/13438935278", "asset_id": "SCH-0440", "is_buffer": false, "batch_no": 8, "notes": null }, "geometry": { "type": "Point", "coordinates": [ 106.885882, -6.528724 ] } },
{ "type": "Feature", "properties": { "asset_name": "SMAS Al Khairiyah", "category": "school", "category_display": "Sekolah Menengah (SMA/SMK/SMP)", "city_regency": "Kab. Bogor", "latitude": -6.549745, "longitude": 106.914386, "source_reference": "osm_overpass:node/13438935279", "asset_id": "SCH-0441", "is_buffer": false, "batch_no": 8, "notes": null }, "geometry": { "type": "Point", "coordinates": [ 106.914386, -6.549745 ] } },
{ "type": "Feature", "properties": { "asset_name": "SMP Yaskitta", "category": "school", "category_display": "Sekolah Menengah (SMA/SMK/SMP)", "city_regency": "Kab. Bogor", "latitude": -6.536317, "longitude": 106.893251, "source_reference": "osm_overpass:node/13438935280", "asset_id": "SCH-0442", "is_buffer": false, "batch_no": 8, "notes": null }, "geometry": { "type": "Point", "coordinates": [ 106.893251, -6.536317 ] } },
{ "type": "Feature", "properties": { "asset_name": "SMPS Islam Attaufiq", "category": "school", "category_display": "Sekolah Menengah (SMA/SMK/SMP)", "city_regency": "Kab. Bogor", "latitude": -6.4978, "longitude": 106.8986, "source_reference": "osm_overpass:node/13438935286", "asset_id": "SCH-0443", "is_buffer": false, "batch_no": 8, "notes": null }, "geometry": { "type": "Point", "coordinates": [ 106.8986, -6.4978 ] } },
{ "type": "Feature", "properties": { "asset_name": "SMP Kuwwa Kencana", "category": "school", "category_display": "Sekolah Menengah (SMA/SMK/SMP)", "city_regency": "Kab. Bogor", "latitude": -6.4967, "longitude": 106.9026, "source_reference": "osm_overpass:node/13438935288", "asset_id": "SCH-0444", "is_buffer": false, "batch_no": 8, "notes": null }, "geometry": { "type": "Point", "coordinates": [ 106.9026, -6.4967 ] } },
{ "type": "Feature", "properties": { "asset_name": "SMKS Puspa Mekar", "category": "school", "category_display": "Sekolah Menengah (SMA/SMK/SMP)", "city_regency": "Kab. Bogor", "latitude": -6.4889, "longitude": 106.8969, "source_reference": "osm_overpass:node/13438935292", "asset_id": "SCH-0445", "is_buffer": false, "batch_no": 8, "notes": null }, "geometry": { "type": "Point", "coordinates": [ 106.8969, -6.4889 ] } },
{ "type": "Feature", "properties": { "asset_name": "SMAS Puspa Mekar", "category": "school", "category_display": "Sekolah Menengah (SMA/SMK/SMP)", "city_regency": "Kab. Bogor", "latitude": -6.5018, "longitude": 106.9016, "source_reference": "osm_overpass:node/13438935293", "asset_id": "SCH-0446", "is_buffer": false, "batch_no": 8, "notes": null }, "geometry": { "type": "Point", "coordinates": [ 106.9016, -6.5018 ] } },
{ "type": "Feature", "properties": { "asset_name": "SMP Muhammadiyah Almadani Gunungsari", "category": "school", "category_display": "Sekolah Menengah (SMA/SMK/SMP)", "city_regency": "Kab. Bogor", "latitude": -6.493941, "longitude": 106.900663, "source_reference": "osm_overpass:node/13438935295", "asset_id": "SCH-0447", "is_buffer": false, "batch_no": 8, "notes": null }, "geometry": { "type": "Point", "coordinates": [ 106.900663, -6.493941 ] } },
{ "type": "Feature", "properties": { "asset_name": "SMP Puspa Mekar", "category": "school", "category_display": "Sekolah Menengah (SMA/SMK/SMP)", "city_regency": "Kab. Bogor", "latitude": -6.4892, "longitude": 106.8967, "source_reference": "osm_overpass:node/13438935296", "asset_id": "SCH-0448", "is_buffer": false, "batch_no": 8, "notes": null }, "geometry": { "type": "Point", "coordinates": [ 106.8967, -6.4892 ] } },
{ "type": "Feature", "properties": { "asset_name": "SMPIT Arrozi", "category": "school", "category_display": "Sekolah Menengah (SMA/SMK/SMP)", "city_regency": "Kota Bogor", "latitude": -6.620594, "longitude": 106.671598, "source_reference": "osm_overpass:node/13438935308", "asset_id": "SCH-0449", "is_buffer": false, "batch_no": 8, "notes": null }, "geometry": { "type": "Point", "coordinates": [ 106.671598, -6.620594 ] } },
{ "type": "Feature", "properties": { "asset_name": "SMP Negeri 2 Pamijahan", "category": "school", "category_display": "Sekolah Menengah (SMA/SMK/SMP)", "city_regency": "Kota Bogor", "latitude": -6.6253, "longitude": 106.6722, "source_reference": "osm_overpass:node/13438935309", "asset_id": "SCH-0450", "is_buffer": false, "batch_no": 8, "notes": null }, "geometry": { "type": "Point", "coordinates": [ 106.6722, -6.6253 ] } },
{ "type": "Feature", "properties": { "asset_name": "SMPIT Yapis", "category": "school", "category_display": "Sekolah Menengah (SMA/SMK/SMP)", "city_regency": "Kota Bogor", "latitude": -6.617891, "longitude": 106.667572, "source_reference": "osm_overpass:node/13438935313", "asset_id": "SCH-0451", "is_buffer": false, "batch_no": 8, "notes": null }, "geometry": { "type": "Point", "coordinates": [ 106.667572, -6.617891 ] } },
{ "type": "Feature", "properties": { "asset_name": "SMA Negeri 1 Klapanunggal", "category": "school", "category_display": "Sekolah Menengah (SMA/SMK/SMP)", "city_regency": "Kab. Bogor", "latitude": -6.4522, "longitude": 106.9609, "source_reference": "osm_overpass:node/13438935324", "asset_id": "SCH-0452", "is_buffer": false, "batch_no": 8, "notes": null }, "geometry": { "type": "Point", "coordinates": [ 106.9609, -6.4522 ] } },
{ "type": "Feature", "properties": { "asset_name": "SMPS Darul Arqom", "category": "school", "category_display": "Sekolah Menengah (SMA/SMK/SMP)", "city_regency": "Kota Depok", "latitude": -6.4412, "longitude": 106.9518, "source_reference": "osm_overpass:node/13438935326", "asset_id": "SCH-0453", "is_buffer": false, "batch_no": 8, "notes": null }, "geometry": { "type": "Point", "coordinates": [ 106.9518, -6.4412 ] } },
{ "type": "Feature", "properties": { "asset_name": "SMP PGRI Klapanunggal", "category": "school", "category_display": "Sekolah Menengah (SMA/SMK/SMP)", "city_regency": "Kota Depok", "latitude": -6.4429, "longitude": 106.9458, "source_reference": "osm_overpass:node/13438935327", "asset_id": "SCH-0454", "is_buffer": false, "batch_no": 8, "notes": null }, "geometry": { "type": "Point", "coordinates": [ 106.9458, -6.4429 ] } },
{ "type": "Feature", "properties": { "asset_name": "SMP Negeri 1 Klapanunggal", "category": "school", "category_display": "Sekolah Menengah (SMA/SMK/SMP)", "city_regency": "Kab. Bogor", "latitude": -6.4537, "longitude": 106.9563, "source_reference": "osm_overpass:node/13438935330", "asset_id": "SCH-0455", "is_buffer": false, "batch_no": 8, "notes": null }, "geometry": { "type": "Point", "coordinates": [ 106.9563, -6.4537 ] } },
{ "type": "Feature", "properties": { "asset_name": "SMKS An Nur Klapanunggal", "category": "school", "category_display": "Sekolah Menengah (SMA/SMK/SMP)", "city_regency": "Kab. Bogor", "latitude": -6.4712, "longitude": 106.9656, "source_reference": "osm_overpass:node/13438935331", "asset_id": "SCH-0456", "is_buffer": false, "batch_no": 8, "notes": null }, "geometry": { "type": "Point", "coordinates": [ 106.9656, -6.4712 ] } },
{ "type": "Feature", "properties": { "asset_name": "SMP Kertajaya", "category": "school", "category_display": "Sekolah Menengah (SMA/SMK/SMP)", "city_regency": "Kota Tangerang Selatan", "latitude": -6.391994, "longitude": 106.601572, "source_reference": "osm_overpass:node/13438935337", "asset_id": "SCH-0457", "is_buffer": false, "batch_no": 8, "notes": null }, "geometry": { "type": "Point", "coordinates": [ 106.601572, -6.391994 ] } },
{ "type": "Feature", "properties": { "asset_name": "SMP Wiyata Kharisma", "category": "school", "category_display": "Sekolah Menengah (SMA/SMK/SMP)", "city_regency": "Kota Bogor", "latitude": -6.4998, "longitude": 106.7565, "source_reference": "osm_overpass:node/13438935339", "asset_id": "SCH-0458", "is_buffer": false, "batch_no": 8, "notes": null }, "geometry": { "type": "Point", "coordinates": [ 106.7565, -6.4998 ] } },
{ "type": "Feature", "properties": { "asset_name": "SMP Islam Arraudhoh", "category": "school", "category_display": "Sekolah Menengah (SMA/SMK/SMP)", "city_regency": "Kota Bogor", "latitude": -6.512132, "longitude": 106.755345, "source_reference": "osm_overpass:node/13438935340", "asset_id": "SCH-0459", "is_buffer": false, "batch_no": 8, "notes": null }, "geometry": { "type": "Point", "coordinates": [ 106.755345, -6.512132 ] } },
{ "type": "Feature", "properties": { "asset_name": "SMK Negeri 1 Kemang", "category": "school", "category_display": "Sekolah Menengah (SMA/SMK/SMP)", "city_regency": "Kota Bogor", "latitude": -6.5004, "longitude": 106.7481, "source_reference": "osm_overpass:node/13438935345", "asset_id": "SCH-0460", "is_buffer": false, "batch_no": 8, "notes": null }, "geometry": { "type": "Point", "coordinates": [ 106.7481, -6.5004 ] } },
{ "type": "Feature", "properties": { "asset_name": "SMPIT Insan Guna Indonesia", "category": "school", "category_display": "Sekolah Menengah (SMA/SMK/SMP)", "city_regency": "Kota Bogor", "latitude": -6.505092, "longitude": 106.750425, "source_reference": "osm_overpass:node/13438935347", "asset_id": "SCH-0461", "is_buffer": false, "batch_no": 8, "notes": null }, "geometry": { "type": "Point", "coordinates": [ 106.750425, -6.505092 ] } },
{ "type": "Feature", "properties": { "asset_name": "SMP Amal Mulia", "category": "school", "category_display": "Sekolah Menengah (SMA/SMK/SMP)", "city_regency": "Kota Depok", "latitude": -6.4487, "longitude": 106.934, "source_reference": "osm_overpass:node/13438935349", "asset_id": "SCH-0462", "is_buffer": false, "batch_no": 8, "notes": null }, "geometry": { "type": "Point", "coordinates": [ 106.934, -6.4487 ] } },
{ "type": "Feature", "properties": { "asset_name": "SD Smart Cibinong", "category": "school", "category_display": "Sekolah Menengah (SMA/SMK/SMP)", "city_regency": "Kab. Bogor", "latitude": -6.4542, "longitude": 106.9323, "source_reference": "osm_overpass:node/13438935353", "asset_id": "SCH-0463", "is_buffer": false, "batch_no": 8, "notes": null }, "geometry": { "type": "Point", "coordinates": [ 106.9323, -6.4542 ] } },
{ "type": "Feature", "properties": { "asset_name": "SMP Smart Cibinong", "category": "school", "category_display": "Sekolah Menengah (SMA/SMK/SMP)", "city_regency": "Kab. Bogor", "latitude": -6.4544, "longitude": 106.9326, "source_reference": "osm_overpass:node/13438935356", "asset_id": "SCH-0464", "is_buffer": false, "batch_no": 8, "notes": null }, "geometry": { "type": "Point", "coordinates": [ 106.9326, -6.4544 ] } },
{ "type": "Feature", "properties": { "asset_name": "SMP Islam Daarussalam Al-jamaliyah", "category": "school", "category_display": "Sekolah Menengah (SMA/SMK/SMP)", "city_regency": "Kota Bogor", "latitude": -6.4984, "longitude": 106.7969, "source_reference": "osm_overpass:node/13438935359", "asset_id": "SCH-0465", "is_buffer": false, "batch_no": 8, "notes": null }, "geometry": { "type": "Point", "coordinates": [ 106.7969, -6.4984 ] } },
{ "type": "Feature", "properties": { "asset_name": "SMKS Mandiri", "category": "school", "category_display": "Sekolah Menengah (SMA/SMK/SMP)", "city_regency": "Kota Bogor", "latitude": -6.4976, "longitude": 106.7985, "source_reference": "osm_overpass:node/13438935360", "asset_id": "SCH-0466", "is_buffer": false, "batch_no": 8, "notes": null }, "geometry": { "type": "Point", "coordinates": [ 106.7985, -6.4976 ] } },
{ "type": "Feature", "properties": { "asset_name": "SMP PGRI Bojonggede", "category": "school", "category_display": "Sekolah Menengah (SMA/SMK/SMP)", "city_regency": "Kota Bogor", "latitude": -6.4957, "longitude": 106.79, "source_reference": "osm_overpass:node/13438935365", "asset_id": "SCH-0467", "is_buffer": false, "batch_no": 8, "notes": null }, "geometry": { "type": "Point", "coordinates": [ 106.79, -6.4957 ] } },
{ "type": "Feature", "properties": { "asset_name": "SMP Islam Sirojul Athfal", "category": "school", "category_display": "Sekolah Menengah (SMA/SMK/SMP)", "city_regency": "Kota Bogor", "latitude": -6.5002, "longitude": 106.7926, "source_reference": "osm_overpass:node/13438935366", "asset_id": "SCH-0468", "is_buffer": false, "batch_no": 8, "notes": null }, "geometry": { "type": "Point", "coordinates": [ 106.7926, -6.5002 ] } },
{ "type": "Feature", "properties": { "asset_name": "SMP Islam Plus As Syarifiyyah", "category": "school", "category_display": "Sekolah Menengah (SMA/SMK/SMP)", "city_regency": "Kota Bogor", "latitude": -6.496162, "longitude": 106.790591, "source_reference": "osm_overpass:node/13438935367", "asset_id": "SCH-0469", "is_buffer": false, "batch_no": 8, "notes": null }, "geometry": { "type": "Point", "coordinates": [ 106.790591, -6.496162 ] } },
{ "type": "Feature", "properties": { "asset_name": "SMP Islam Mandiri", "category": "school", "category_display": "Sekolah Menengah (SMA/SMK/SMP)", "city_regency": "Kota Bogor", "latitude": -6.4963, "longitude": 106.798, "source_reference": "osm_overpass:node/13438935368", "asset_id": "SCH-0470", "is_buffer": false, "batch_no": 8, "notes": null }, "geometry": { "type": "Point", "coordinates": [ 106.798, -6.4963 ] } },
{ "type": "Feature", "properties": { "asset_name": "SMP Negeri 1 Bojonggede", "category": "school", "category_display": "Sekolah Menengah (SMA/SMK/SMP)", "city_regency": "Kota Bogor", "latitude": -6.5003, "longitude": 106.7871, "source_reference": "osm_overpass:node/13438935369", "asset_id": "SCH-0471", "is_buffer": false, "batch_no": 8, "notes": null }, "geometry": { "type": "Point", "coordinates": [ 106.7871, -6.5003 ] } },
{ "type": "Feature", "properties": { "asset_name": "SMPS Taruna Eka Bangsa", "category": "school", "category_display": "Sekolah Menengah (SMA/SMK/SMP)", "city_regency": "Kab. Bogor", "latitude": -6.5436, "longitude": 107.1003, "source_reference": "osm_overpass:node/13438935371", "asset_id": "SCH-0472", "is_buffer": false, "batch_no": 8, "notes": null }, "geometry": { "type": "Point", "coordinates": [ 107.1003, -6.5436 ] } },
{ "type": "Feature", "properties": { "asset_name": "SMP Bina Masa Depan", "category": "school", "category_display": "Sekolah Menengah (SMA/SMK/SMP)", "city_regency": "Kota Bogor", "latitude": -6.6278, "longitude": 106.6181, "source_reference": "osm_overpass:node/13438935375", "asset_id": "SCH-0473", "is_buffer": false, "batch_no": 8, "notes": null }, "geometry": { "type": "Point", "coordinates": [ 106.6181, -6.6278 ] } },
{ "type": "Feature", "properties": { "asset_name": "SMKS Inovatif", "category": "school", "category_display": "Sekolah Menengah (SMA/SMK/SMP)", "city_regency": "Kota Bogor", "latitude": -6.6332, "longitude": 106.6401, "source_reference": "osm_overpass:node/13438935378", "asset_id": "SCH-0474", "is_buffer": false, "batch_no": 8, "notes": null }, "geometry": { "type": "Point", "coordinates": [ 106.6401, -6.6332 ] } },
{ "type": "Feature", "properties": { "asset_name": "SMKS Al Hafidz", "category": "school", "category_display": "Sekolah Menengah (SMA/SMK/SMP)", "city_regency": "Kota Bogor", "latitude": -6.6368, "longitude": 106.634, "source_reference": "osm_overpass:node/13438935379", "asset_id": "SCH-0475", "is_buffer": false, "batch_no": 8, "notes": null }, "geometry": { "type": "Point", "coordinates": [ 106.634, -6.6368 ] } },
{ "type": "Feature", "properties": { "asset_name": "SMK Statika", "category": "school", "category_display": "Sekolah Menengah (SMA/SMK/SMP)", "city_regency": "Kota Bogor", "latitude": -6.551285, "longitude": 106.641497, "source_reference": "osm_overpass:node/13438935381", "asset_id": "SCH-0476", "is_buffer": false, "batch_no": 8, "notes": null }, "geometry": { "type": "Point", "coordinates": [ 106.641497, -6.551285 ] } },
{ "type": "Feature", "properties": { "asset_name": "SMP Islam Ibnu Aqil Purasari", "category": "school", "category_display": "Sekolah Menengah (SMA/SMK/SMP)", "city_regency": "Kota Bogor", "latitude": -6.545342, "longitude": 106.637589, "source_reference": "osm_overpass:node/13438935382", "asset_id": "SCH-0477", "is_buffer": false, "batch_no": 8, "notes": null }, "geometry": { "type": "Point", "coordinates": [ 106.637589, -6.545342 ] } },
{ "type": "Feature", "properties": { "asset_name": "SMPS Terpadu Al Maarif", "category": "school", "category_display": "Sekolah Menengah (SMA/SMK/SMP)", "city_regency": "Kota Bogor", "latitude": -6.5445, "longitude": 106.6443, "source_reference": "osm_overpass:node/13438935383", "asset_id": "SCH-0478", "is_buffer": false, "batch_no": 8, "notes": null }, "geometry": { "type": "Point", "coordinates": [ 106.6443, -6.5445 ] } },
{ "type": "Feature", "properties": { "asset_name": "SMP Negeri 3 Leuwiliang", "category": "school", "category_display": "Sekolah Menengah (SMA/SMK/SMP)", "city_regency": "Kota Bogor", "latitude": -6.5483, "longitude": 106.6406, "source_reference": "osm_overpass:node/13438935384", "asset_id": "SCH-0479", "is_buffer": false, "batch_no": 8, "notes": null }, "geometry": { "type": "Point", "coordinates": [ 106.6406, -6.5483 ] } },
{ "type": "Feature", "properties": { "asset_name": "SMP Gema Nusantara", "category": "school", "category_display": "Sekolah Menengah (SMA/SMK/SMP)", "city_regency": "Kota Bogor", "latitude": -6.547421, "longitude": 106.622816, "source_reference": "osm_overpass:node/13438935385", "asset_id": "SCH-0480", "is_buffer": false, "batch_no": 8, "notes": null }, "geometry": { "type": "Point", "coordinates": [ 106.622816, -6.547421 ] } },
{ "type": "Feature", "properties": { "asset_name": "SMP Trisukses", "category": "school", "category_display": "Sekolah Menengah (SMA/SMK/SMP)", "city_regency": "Kota Bogor", "latitude": -6.474551, "longitude": 106.675248, "source_reference": "osm_overpass:node/13438935390", "asset_id": "SCH-0481", "is_buffer": false, "batch_no": 8, "notes": null }, "geometry": { "type": "Point", "coordinates": [ 106.675248, -6.474551 ] } },
{ "type": "Feature", "properties": { "asset_name": "SMKS Wiradikarya", "category": "school", "category_display": "Sekolah Menengah (SMA/SMK/SMP)", "city_regency": "Kota Bogor", "latitude": -6.5011, "longitude": 106.6818, "source_reference": "osm_overpass:node/13438935391", "asset_id": "SCH-0482", "is_buffer": false, "batch_no": 8, "notes": null }, "geometry": { "type": "Point", "coordinates": [ 106.6818, -6.5011 ] } },
{ "type": "Feature", "properties": { "asset_name": "SMK Tri Sukses", "category": "school", "category_display": "Sekolah Menengah (SMA/SMK/SMP)", "city_regency": "Kota Bogor", "latitude": -6.4752, "longitude": 106.6747, "source_reference": "osm_overpass:node/13438935393", "asset_id": "SCH-0483", "is_buffer": false, "batch_no": 8, "notes": null }, "geometry": { "type": "Point", "coordinates": [ 106.6747, -6.4752 ] } },
{ "type": "Feature", "properties": { "asset_name": "SMP Pramadina", "category": "school", "category_display": "Sekolah Menengah (SMA/SMK/SMP)", "city_regency": "Kota Bogor", "latitude": -6.5056, "longitude": 106.6827, "source_reference": "osm_overpass:node/13438935394", "asset_id": "SCH-0484", "is_buffer": false, "batch_no": 8, "notes": null }, "geometry": { "type": "Point", "coordinates": [ 106.6827, -6.5056 ] } },
{ "type": "Feature", "properties": { "asset_name": "SMP PGRI 03 Bambu Kuning", "category": "school", "category_display": "Sekolah Menengah (SMA/SMK/SMP)", "city_regency": "Kota Bogor", "latitude": -6.4867, "longitude": 106.6783, "source_reference": "osm_overpass:node/13438935395", "asset_id": "SCH-0485", "is_buffer": false, "batch_no": 8, "notes": null }, "geometry": { "type": "Point", "coordinates": [ 106.6783, -6.4867 ] } },
{ "type": "Feature", "properties": { "asset_name": "SMP Djojoredjo Putat Nutug", "category": "school", "category_display": "Sekolah Menengah (SMA/SMK/SMP)", "city_regency": "Kota Bogor", "latitude": -6.4713, "longitude": 106.6778, "source_reference": "osm_overpass:node/13438935396", "asset_id": "SCH-0486", "is_buffer": false, "batch_no": 8, "notes": null }, "geometry": { "type": "Point", "coordinates": [ 106.6778, -6.4713 ] } },
{ "type": "Feature", "properties": { "asset_name": "SMA Fitrah Islamic World Academy", "category": "school", "category_display": "Sekolah Menengah (SMA/SMK/SMP)", "city_regency": "Kota Bogor", "latitude": -6.4795, "longitude": 106.6745, "source_reference": "osm_overpass:node/13438935397", "asset_id": "SCH-0487", "is_buffer": false, "batch_no": 8, "notes": null }, "geometry": { "type": "Point", "coordinates": [ 106.6745, -6.4795 ] } },
{ "type": "Feature", "properties": { "asset_name": "SMP N 1 Ciseeng", "category": "school", "category_display": "Sekolah Menengah (SMA/SMK/SMP)", "city_regency": "Kota Bogor", "latitude": -6.4709, "longitude": 106.6778, "source_reference": "osm_overpass:node/13438935400", "asset_id": "SCH-0488", "is_buffer": false, "batch_no": 8, "notes": null }, "geometry": { "type": "Point", "coordinates": [ 106.6778, -6.4709 ] } },
{ "type": "Feature", "properties": { "asset_name": "SMA Nasional Plus Bpk Penabur", "category": "school", "category_display": "Sekolah Menengah (SMA/SMK/SMP)", "city_regency": "Kab. Bogor", "latitude": -6.606948, "longitude": 106.930891, "source_reference": "osm_overpass:node/13438935403", "asset_id": "SCH-0489", "is_buffer": false, "batch_no": 8, "notes": null }, "geometry": { "type": "Point", "coordinates": [ 106.930891, -6.606948 ] } },
{ "type": "Feature", "properties": { "asset_name": "SMP Plus Insan Cemerlang", "category": "school", "category_display": "Sekolah Menengah (SMA/SMK/SMP)", "city_regency": "Kab. Bogor", "latitude": -6.5767, "longitude": 106.8928, "source_reference": "osm_overpass:node/13438935406", "asset_id": "SCH-0490", "is_buffer": false, "batch_no": 8, "notes": null }, "geometry": { "type": "Point", "coordinates": [ 106.8928, -6.5767 ] } },
{ "type": "Feature", "properties": { "asset_name": "SMA Negeri 4 Cibinong", "category": "school", "category_display": "Sekolah Menengah (SMA/SMK/SMP)", "city_regency": "Kab. Bogor", "latitude": -6.486213, "longitude": 106.858278, "source_reference": "osm_overpass:node/13438936064", "asset_id": "SCH-0491", "is_buffer": false, "batch_no": 8, "notes": "Hot-Swapped dari buffer SCH-BUF-014 (pengganti SMK Al - Muttaqien 404)" }, "geometry": { "type": "Point", "coordinates": [ 106.858278, -6.486213 ] } },
{ "type": "Feature", "properties": { "asset_name": "SMP Pancar Bakti", "category": "school", "category_display": "Sekolah Menengah (SMA/SMK/SMP)", "city_regency": "Kab. Bogor", "latitude": -6.5913, "longitude": 106.9206, "source_reference": "osm_overpass:node/13438935414", "asset_id": "SCH-0492", "is_buffer": false, "batch_no": 8, "notes": null }, "geometry": { "type": "Point", "coordinates": [ 106.9206, -6.5913 ] } },
{ "type": "Feature", "properties": { "asset_name": "SMP N 4 Cibinong", "category": "school", "category_display": "Sekolah Menengah (SMA/SMK/SMP)", "city_regency": "Kab. Bogor", "latitude": -6.498862, "longitude": 106.85514, "source_reference": "osm_overpass:node/13438936067", "asset_id": "SCH-0493", "is_buffer": false, "batch_no": 8, "notes": "Hot-Swapped dari buffer SCH-BUF-015 (pengganti SMK Plus Insan Cemerlang 404)" }, "geometry": { "type": "Point", "coordinates": [ 106.85514, -6.498862 ] } },
{ "type": "Feature", "properties": { "asset_name": "SMP Plus Cindera Hati;SMKS Plus Cindera Hati", "category": "school", "category_display": "Sekolah Menengah (SMA/SMK/SMP)", "city_regency": "Kab. Bogor", "latitude": -6.5765, "longitude": 106.9161, "source_reference": "osm_overpass:node/13438935416", "asset_id": "SCH-0494", "is_buffer": false, "batch_no": 8, "notes": null }, "geometry": { "type": "Point", "coordinates": [ 106.9161, -6.5765 ] } },
{ "type": "Feature", "properties": { "asset_name": "SMK Generasi Cendikia", "category": "school", "category_display": "Sekolah Menengah (SMA/SMK/SMP)", "city_regency": "Kab. Bogor", "latitude": -6.479523, "longitude": 106.854027, "source_reference": "osm_overpass:node/13438936068", "asset_id": "SCH-0495", "is_buffer": false, "batch_no": 8, "notes": "Hot-Swapped dari buffer SCH-BUF-016 (pengganti SMAS Pancar Bakti 404)" }, "geometry": { "type": "Point", "coordinates": [ 106.854027, -6.479523 ] } },
{ "type": "Feature", "properties": { "asset_name": "SMP Muthmainnatul Qulub", "category": "school", "category_display": "Sekolah Menengah (SMA/SMK/SMP)", "city_regency": "Kota Bogor", "latitude": -6.472502, "longitude": 106.84199, "source_reference": "osm_overpass:node/13438935421", "asset_id": "SCH-0496", "is_buffer": false, "batch_no": 8, "notes": null }, "geometry": { "type": "Point", "coordinates": [ 106.84199, -6.472502 ] } },
{ "type": "Feature", "properties": { "asset_name": "SMP Salman Alfarisi", "category": "school", "category_display": "Sekolah Menengah (SMA/SMK/SMP)", "city_regency": "Kota Bogor", "latitude": -6.4628, "longitude": 106.8328, "source_reference": "osm_overpass:node/13438935423", "asset_id": "SCH-0497", "is_buffer": false, "batch_no": 8, "notes": null }, "geometry": { "type": "Point", "coordinates": [ 106.8328, -6.4628 ] } },
{ "type": "Feature", "properties": { "asset_name": "SMAS Al Falah", "category": "school", "category_display": "Sekolah Menengah (SMA/SMK/SMP)", "city_regency": "Kota Bogor", "latitude": -6.455255, "longitude": 106.839447, "source_reference": "osm_overpass:node/13438935425", "asset_id": "SCH-0498", "is_buffer": false, "batch_no": 8, "notes": null }, "geometry": { "type": "Point", "coordinates": [ 106.839447, -6.455255 ] } },
{ "type": "Feature", "properties": { "asset_name": "SMP Al Mizan", "category": "school", "category_display": "Sekolah Menengah (SMA/SMK/SMP)", "city_regency": "Kota Bogor", "latitude": -6.466263, "longitude": 106.836815, "source_reference": "osm_overpass:node/13438935426", "asset_id": "SCH-0499", "is_buffer": false, "batch_no": 8, "notes": null }, "geometry": { "type": "Point", "coordinates": [ 106.836815, -6.466263 ] } },
{ "type": "Feature", "properties": { "asset_name": "SMPIT Al-fath", "category": "school", "category_display": "Sekolah Menengah (SMA/SMK/SMP)", "city_regency": "Kota Bogor", "latitude": -6.466957, "longitude": 106.840268, "source_reference": "osm_overpass:node/13438935428", "asset_id": "SCH-0500", "is_buffer": false, "batch_no": 8, "notes": null }, "geometry": { "type": "Point", "coordinates": [ 106.840268, -6.466957 ] } },
{ "type": "Feature", "properties": { "asset_name": "SMP Arsyada", "category": "school", "category_display": "Sekolah Menengah (SMA/SMK/SMP)", "city_regency": "Kab. Bogor", "latitude": -6.4943, "longitude": 106.8786, "source_reference": "osm_overpass:node/13438935433", "asset_id": "SCH-0501", "is_buffer": false, "batch_no": 8, "notes": null }, "geometry": { "type": "Point", "coordinates": [ 106.8786, -6.4943 ] } },
{ "type": "Feature", "properties": { "asset_name": "SMP Quran As-salaam", "category": "school", "category_display": "Sekolah Menengah (SMA/SMK/SMP)", "city_regency": "Kota Depok", "latitude": -6.4478, "longitude": 106.8938, "source_reference": "osm_overpass:node/13438935436", "asset_id": "SCH-0502", "is_buffer": false, "batch_no": 8, "notes": null }, "geometry": { "type": "Point", "coordinates": [ 106.8938, -6.4478 ] } },
{ "type": "Feature", "properties": { "asset_name": "SMPIT As-salaam Karanggan", "category": "school", "category_display": "Sekolah Menengah (SMA/SMK/SMP)", "city_regency": "Kota Depok", "latitude": -6.448707, "longitude": 106.889622, "source_reference": "osm_overpass:node/13438935439", "asset_id": "SCH-0503", "is_buffer": false, "batch_no": 8, "notes": null }, "geometry": { "type": "Point", "coordinates": [ 106.889622, -6.448707 ] } },
{ "type": "Feature", "properties": { "asset_name": "SMPIT Green Bhakti Insani", "category": "school", "category_display": "Sekolah Menengah (SMA/SMK/SMP)", "city_regency": "Kab. Bogor", "latitude": -6.467635, "longitude": 106.879755, "source_reference": "osm_overpass:node/13438935440", "asset_id": "SCH-0504", "is_buffer": false, "batch_no": 8, "notes": null }, "geometry": { "type": "Point", "coordinates": [ 106.879755, -6.467635 ] } },
{ "type": "Feature", "properties": { "asset_name": "SMP Cipta Cendikia", "category": "school", "category_display": "Sekolah Menengah (SMA/SMK/SMP)", "city_regency": "Kota Bogor", "latitude": -6.517083, "longitude": 106.810715, "source_reference": "osm_overpass:node/13438935447", "asset_id": "SCH-0505", "is_buffer": false, "batch_no": 8, "notes": null }, "geometry": { "type": "Point", "coordinates": [ 106.810715, -6.517083 ] } },
{ "type": "Feature", "properties": { "asset_name": "SMKS Teknomedika Plus", "category": "school", "category_display": "Sekolah Menengah (SMA/SMK/SMP)", "city_regency": "Kota Bogor", "latitude": -6.524786, "longitude": 106.807358, "source_reference": "osm_overpass:node/13438935449", "asset_id": "SCH-0506", "is_buffer": false, "batch_no": 8, "notes": null }, "geometry": { "type": "Point", "coordinates": [ 106.807358, -6.524786 ] } },
{ "type": "Feature", "properties": { "asset_name": "SMP Negeri 3 Cibinong", "category": "school", "category_display": "Sekolah Menengah (SMA/SMK/SMP)", "city_regency": "Kota Bogor", "latitude": -6.52258, "longitude": 106.805713, "source_reference": "osm_overpass:node/13438935450", "asset_id": "SCH-0507", "is_buffer": false, "batch_no": 8, "notes": null }, "geometry": { "type": "Point", "coordinates": [ 106.805713, -6.52258 ] } },
{ "type": "Feature", "properties": { "asset_name": "SMK Master Indonesia", "category": "school", "category_display": "Sekolah Menengah (SMA/SMK/SMP)", "city_regency": "Kota Bogor", "latitude": -6.525323, "longitude": 106.819318, "source_reference": "osm_overpass:node/13438935451", "asset_id": "SCH-0508", "is_buffer": false, "batch_no": 8, "notes": null }, "geometry": { "type": "Point", "coordinates": [ 106.819318, -6.525323 ] } },
{ "type": "Feature", "properties": { "asset_name": "SMP Islam Terpadu Anugrah Insani", "category": "school", "category_display": "Sekolah Menengah (SMA/SMK/SMP)", "city_regency": "Kota Bogor", "latitude": -6.508118, "longitude": 106.804753, "source_reference": "osm_overpass:node/13438935452", "asset_id": "SCH-0509", "is_buffer": false, "batch_no": 8, "notes": null }, "geometry": { "type": "Point", "coordinates": [ 106.804753, -6.508118 ] } },
{ "type": "Feature", "properties": { "asset_name": "SMP Harapan Kita", "category": "school", "category_display": "Sekolah Menengah (SMA/SMK/SMP)", "city_regency": "Kota Bogor", "latitude": -6.5252, "longitude": 106.8083, "source_reference": "osm_overpass:node/13438935453", "asset_id": "SCH-0510", "is_buffer": false, "batch_no": 8, "notes": null }, "geometry": { "type": "Point", "coordinates": [ 106.8083, -6.5252 ] } },
{ "type": "Feature", "properties": { "asset_name": "SMKS Dewantara", "category": "school", "category_display": "Sekolah Menengah (SMA/SMK/SMP)", "city_regency": "Kota Bogor", "latitude": -6.508438, "longitude": 106.80537, "source_reference": "osm_overpass:node/13438935454", "asset_id": "SCH-0511", "is_buffer": false, "batch_no": 8, "notes": null }, "geometry": { "type": "Point", "coordinates": [ 106.80537, -6.508438 ] } },
{ "type": "Feature", "properties": { "asset_name": "SMKS Migas Cibinong", "category": "school", "category_display": "Sekolah Menengah (SMA/SMK/SMP)", "city_regency": "Kota Bogor", "latitude": -6.523495, "longitude": 106.806642, "source_reference": "osm_overpass:node/13438935455", "asset_id": "SCH-0512", "is_buffer": false, "batch_no": 8, "notes": null }, "geometry": { "type": "Point", "coordinates": [ 106.806642, -6.523495 ] } },
{ "type": "Feature", "properties": { "asset_name": "SMP Islam H.siti Maimoen", "category": "school", "category_display": "Sekolah Menengah (SMA/SMK/SMP)", "city_regency": "Kota Bogor", "latitude": -6.5067, "longitude": 106.7995, "source_reference": "osm_overpass:node/13438935456", "asset_id": "SCH-0513", "is_buffer": false, "batch_no": 8, "notes": null }, "geometry": { "type": "Point", "coordinates": [ 106.7995, -6.5067 ] } },
{ "type": "Feature", "properties": { "asset_name": "SMKS Mahardika Bogor", "category": "school", "category_display": "Sekolah Menengah (SMA/SMK/SMP)", "city_regency": "Kota Bogor", "latitude": -6.521863, "longitude": 106.81699, "source_reference": "osm_overpass:node/13438935458", "asset_id": "SCH-0514", "is_buffer": false, "batch_no": 8, "notes": null }, "geometry": { "type": "Point", "coordinates": [ 106.81699, -6.521863 ] } },
{ "type": "Feature", "properties": { "asset_name": "SMP Islam Al - Karimah", "category": "school", "category_display": "Sekolah Menengah (SMA/SMK/SMP)", "city_regency": "Kota Bogor", "latitude": -6.5288, "longitude": 106.8117, "source_reference": "osm_overpass:node/13438935459", "asset_id": "SCH-0515", "is_buffer": false, "batch_no": 8, "notes": null }, "geometry": { "type": "Point", "coordinates": [ 106.8117, -6.5288 ] } },
{ "type": "Feature", "properties": { "asset_name": "SMA Islam Terpadu Al-madinah", "category": "school", "category_display": "Sekolah Menengah (SMA/SMK/SMP)", "city_regency": "Kota Bogor", "latitude": -6.510727, "longitude": 106.80529, "source_reference": "osm_overpass:node/13438935461", "asset_id": "SCH-0516", "is_buffer": false, "batch_no": 8, "notes": null }, "geometry": { "type": "Point", "coordinates": [ 106.80529, -6.510727 ] } },
{ "type": "Feature", "properties": { "asset_name": "SMKS Ti Bumi Putra Cibinong", "category": "school", "category_display": "Sekolah Menengah (SMA/SMK/SMP)", "city_regency": "Kota Bogor", "latitude": -6.51691, "longitude": 106.81017, "source_reference": "osm_overpass:node/13438935466", "asset_id": "SCH-0517", "is_buffer": false, "batch_no": 8, "notes": null }, "geometry": { "type": "Point", "coordinates": [ 106.81017, -6.51691 ] } },
{ "type": "Feature", "properties": { "asset_name": "SMP Mahardika", "category": "school", "category_display": "Sekolah Menengah (SMA/SMK/SMP)", "city_regency": "Kota Bogor", "latitude": -6.522932, "longitude": 106.815448, "source_reference": "osm_overpass:node/13438935467", "asset_id": "SCH-0518", "is_buffer": false, "batch_no": 8, "notes": null }, "geometry": { "type": "Point", "coordinates": [ 106.815448, -6.522932 ] } },
{ "type": "Feature", "properties": { "asset_name": "SMKS Bangun Nusa Bangsa", "category": "school", "category_display": "Sekolah Menengah (SMA/SMK/SMP)", "city_regency": "Kota Bogor", "latitude": -6.516743, "longitude": 106.817271, "source_reference": "osm_overpass:node/13438935468", "asset_id": "SCH-0519", "is_buffer": false, "batch_no": 8, "notes": null }, "geometry": { "type": "Point", "coordinates": [ 106.817271, -6.516743 ] } },
{ "type": "Feature", "properties": { "asset_name": "SMKS Kesehatan Bhakti Mandiri", "category": "school", "category_display": "Sekolah Menengah (SMA/SMK/SMP)", "city_regency": "Kota Bogor", "latitude": -6.521293, "longitude": 106.804587, "source_reference": "osm_overpass:node/13438935469", "asset_id": "SCH-0520", "is_buffer": false, "batch_no": 8, "notes": null }, "geometry": { "type": "Point", "coordinates": [ 106.804587, -6.521293 ] } },
{ "type": "Feature", "properties": { "asset_name": "SMK Negeri 2 Cibinong", "category": "school", "category_display": "Sekolah Menengah (SMA/SMK/SMP)", "city_regency": "Kota Bogor", "latitude": -6.521332, "longitude": 106.816, "source_reference": "osm_overpass:node/13438935470", "asset_id": "SCH-0521", "is_buffer": false, "batch_no": 8, "notes": null }, "geometry": { "type": "Point", "coordinates": [ 106.816, -6.521332 ] } },
{ "type": "Feature", "properties": { "asset_name": "SMP Bangun Nusa Bangsa", "category": "school", "category_display": "Sekolah Menengah (SMA/SMK/SMP)", "city_regency": "Kota Bogor", "latitude": -6.5158, "longitude": 106.817, "source_reference": "osm_overpass:node/13438935471", "asset_id": "SCH-0522", "is_buffer": false, "batch_no": 8, "notes": null }, "geometry": { "type": "Point", "coordinates": [ 106.817, -6.5158 ] } },
{ "type": "Feature", "properties": { "asset_name": "SMPIT Al Madinah", "category": "school", "category_display": "Sekolah Menengah (SMA/SMK/SMP)", "city_regency": "Kota Bogor", "latitude": -6.50985, "longitude": 106.805918, "source_reference": "osm_overpass:node/13438935472", "asset_id": "SCH-0523", "is_buffer": false, "batch_no": 8, "notes": null }, "geometry": { "type": "Point", "coordinates": [ 106.805918, -6.50985 ] } },
{ "type": "Feature", "properties": { "asset_name": "SMKS Harapan Kita Bogor", "category": "school", "category_display": "Sekolah Menengah (SMA/SMK/SMP)", "city_regency": "Kota Bogor", "latitude": -6.524518, "longitude": 106.808545, "source_reference": "osm_overpass:node/13438935473", "asset_id": "SCH-0524", "is_buffer": false, "batch_no": 8, "notes": null }, "geometry": { "type": "Point", "coordinates": [ 106.808545, -6.524518 ] } },
{ "type": "Feature", "properties": { "asset_name": "SMP Islam Al Azhar 28", "category": "school", "category_display": "Sekolah Menengah (SMA/SMK/SMP)", "city_regency": "Kota Bogor", "latitude": -6.519743, "longitude": 106.810471, "source_reference": "osm_overpass:node/13438935476", "asset_id": "SCH-0525", "is_buffer": false, "batch_no": 8, "notes": null }, "geometry": { "type": "Point", "coordinates": [ 106.810471, -6.519743 ] } },
{ "type": "Feature", "properties": { "asset_name": "SMP PGRI Karadenan", "category": "school", "category_display": "Sekolah Menengah (SMA/SMK/SMP)", "city_regency": "Kota Bogor", "latitude": -6.5175, "longitude": 106.809175, "source_reference": "osm_overpass:node/13438935479", "asset_id": "SCH-0526", "is_buffer": false, "batch_no": 8, "notes": null }, "geometry": { "type": "Point", "coordinates": [ 106.809175, -6.5175 ] } },
{ "type": "Feature", "properties": { "asset_name": "SMK Negeri 1 Cibinong", "category": "school", "category_display": "Sekolah Menengah (SMA/SMK/SMP)", "city_regency": "Kota Bogor", "latitude": -6.522, "longitude": 106.8077, "source_reference": "osm_overpass:node/13438935480", "asset_id": "SCH-0527", "is_buffer": false, "batch_no": 8, "notes": null }, "geometry": { "type": "Point", "coordinates": [ 106.8077, -6.522 ] } },
{ "type": "Feature", "properties": { "asset_name": "SMKS Widya Dharma 2 Citeureup", "category": "school", "category_display": "Sekolah Menengah (SMA/SMK/SMP)", "city_regency": "Kab. Bogor", "latitude": -6.4898, "longitude": 106.8723, "source_reference": "osm_overpass:node/13438935482", "asset_id": "SCH-0528", "is_buffer": false, "batch_no": 8, "notes": null }, "geometry": { "type": "Point", "coordinates": [ 106.8723, -6.4898 ] } },
{ "type": "Feature", "properties": { "asset_name": "SMP Islam Karyamukti", "category": "school", "category_display": "Sekolah Menengah (SMA/SMK/SMP)", "city_regency": "Kab. Bogor", "latitude": -6.4852, "longitude": 106.8716, "source_reference": "osm_overpass:node/13438935484", "asset_id": "SCH-0529", "is_buffer": false, "batch_no": 8, "notes": null }, "geometry": { "type": "Point", "coordinates": [ 106.8716, -6.4852 ] } },
{ "type": "Feature", "properties": { "asset_name": "SMAS Triple J Citeureup", "category": "school", "category_display": "Sekolah Menengah (SMA/SMK/SMP)", "city_regency": "Kab. Bogor", "latitude": -6.484867, "longitude": 106.867143, "source_reference": "osm_overpass:node/13438935485", "asset_id": "SCH-0530", "is_buffer": false, "batch_no": 8, "notes": null }, "geometry": { "type": "Point", "coordinates": [ 106.867143, -6.484867 ] } },
{ "type": "Feature", "properties": { "asset_name": "SMP Pakar", "category": "school", "category_display": "Sekolah Menengah (SMA/SMK/SMP)", "city_regency": "Kab. Bogor", "latitude": -6.4983, "longitude": 106.8691, "source_reference": "osm_overpass:node/13438935486", "asset_id": "SCH-0531", "is_buffer": false, "batch_no": 8, "notes": null }, "geometry": { "type": "Point", "coordinates": [ 106.8691, -6.4983 ] } },
{ "type": "Feature", "properties": { "asset_name": "SMKS PGRI Citeureup", "category": "school", "category_display": "Sekolah Menengah (SMA/SMK/SMP)", "city_regency": "Kab. Bogor", "latitude": -6.4916, "longitude": 106.8787, "source_reference": "osm_overpass:node/13438935487", "asset_id": "SCH-0532", "is_buffer": false, "batch_no": 8, "notes": null }, "geometry": { "type": "Point", "coordinates": [ 106.8787, -6.4916 ] } },
{ "type": "Feature", "properties": { "asset_name": "SMP Puspawiyata", "category": "school", "category_display": "Sekolah Menengah (SMA/SMK/SMP)", "city_regency": "Kab. Bogor", "latitude": -6.4883, "longitude": 106.8721, "source_reference": "osm_overpass:node/13438935490", "asset_id": "SCH-0533", "is_buffer": false, "batch_no": 8, "notes": null }, "geometry": { "type": "Point", "coordinates": [ 106.8721, -6.4883 ] } },
{ "type": "Feature", "properties": { "asset_name": "SMKS Panca Karya Sentul", "category": "school", "category_display": "Sekolah Menengah (SMA/SMK/SMP)", "city_regency": "Kab. Bogor", "latitude": -6.4985, "longitude": 106.8695, "source_reference": "osm_overpass:node/13438935494", "asset_id": "SCH-0534", "is_buffer": false, "batch_no": 8, "notes": null }, "geometry": { "type": "Point", "coordinates": [ 106.8695, -6.4985 ] } },
{ "type": "Feature", "properties": { "asset_name": "SMP Tahfidz Indonesia", "category": "school", "category_display": "Sekolah Menengah (SMA/SMK/SMP)", "city_regency": "Kab. Bogor", "latitude": -6.491168, "longitude": 106.879338, "source_reference": "osm_overpass:node/13438935496", "asset_id": "SCH-0535", "is_buffer": false, "batch_no": 8, "notes": null }, "geometry": { "type": "Point", "coordinates": [ 106.879338, -6.491168 ] } },
{ "type": "Feature", "properties": { "asset_name": "SMKS 1 Triple J", "category": "school", "category_display": "Sekolah Menengah (SMA/SMK/SMP)", "city_regency": "Kab. Bogor", "latitude": -6.484867, "longitude": 106.867143, "source_reference": "osm_overpass:node/13438935498", "asset_id": "SCH-0536", "is_buffer": false, "batch_no": 8, "notes": null }, "geometry": { "type": "Point", "coordinates": [ 106.867143, -6.484867 ] } },
{ "type": "Feature", "properties": { "asset_name": "SMKS Islam Asy Syuhada;SMP Islam Asy-syuhada", "category": "school", "category_display": "Sekolah Menengah (SMA/SMK/SMP)", "city_regency": "Kota Bogor", "latitude": -6.461, "longitude": 106.6487, "source_reference": "osm_overpass:node/13438935502", "asset_id": "SCH-0537", "is_buffer": false, "batch_no": 8, "notes": null }, "geometry": { "type": "Point", "coordinates": [ 106.6487, -6.461 ] } },
{ "type": "Feature", "properties": { "asset_name": "SMKIT Hidayatul Falah", "category": "school", "category_display": "Sekolah Menengah (SMA/SMK/SMP)", "city_regency": "Kota Bogor", "latitude": -6.626331, "longitude": 106.623405, "source_reference": "osm_overpass:node/13438935506", "asset_id": "SCH-0538", "is_buffer": false, "batch_no": 8, "notes": null }, "geometry": { "type": "Point", "coordinates": [ 106.623405, -6.626331 ] } },
{ "type": "Feature", "properties": { "asset_name": "SMP Al Ihsan", "category": "school", "category_display": "Sekolah Menengah (SMA/SMK/SMP)", "city_regency": "Kota Bogor", "latitude": -6.6231, "longitude": 106.6239, "source_reference": "osm_overpass:node/13438935508", "asset_id": "SCH-0539", "is_buffer": false, "batch_no": 8, "notes": null }, "geometry": { "type": "Point", "coordinates": [ 106.6239, -6.6231 ] } },
{ "type": "Feature", "properties": { "asset_name": "SMA Plus Liwaul Furqon", "category": "school", "category_display": "Sekolah Menengah (SMA/SMK/SMP)", "city_regency": "Kota Bogor", "latitude": -6.609085, "longitude": 106.638503, "source_reference": "osm_overpass:node/13438935509", "asset_id": "SCH-0540", "is_buffer": false, "batch_no": 8, "notes": null }, "geometry": { "type": "Point", "coordinates": [ 106.638503, -6.609085 ] } },
{ "type": "Feature", "properties": { "asset_name": "SMP PGRI Kracak", "category": "school", "category_display": "Sekolah Menengah (SMA/SMK/SMP)", "city_regency": "Kota Bogor", "latitude": -6.6273, "longitude": 106.641, "source_reference": "osm_overpass:node/13438935513", "asset_id": "SCH-0541", "is_buffer": false, "batch_no": 8, "notes": null }, "geometry": { "type": "Point", "coordinates": [ 106.641, -6.6273 ] } },
{ "type": "Feature", "properties": { "asset_name": "SMPS Cakrawala", "category": "school", "category_display": "Sekolah Menengah (SMA/SMK/SMP)", "city_regency": "Kota Bogor", "latitude": -6.5067, "longitude": 106.7867, "source_reference": "osm_overpass:node/13438935516", "asset_id": "SCH-0542", "is_buffer": false, "batch_no": 8, "notes": null }, "geometry": { "type": "Point", "coordinates": [ 106.7867, -6.5067 ] } },
{ "type": "Feature", "properties": { "asset_name": "SMKS Cakrawala", "category": "school", "category_display": "Sekolah Menengah (SMA/SMK/SMP)", "city_regency": "Kota Bogor", "latitude": -6.5068, "longitude": 106.7871, "source_reference": "osm_overpass:node/13438935517", "asset_id": "SCH-0543", "is_buffer": false, "batch_no": 8, "notes": null }, "geometry": { "type": "Point", "coordinates": [ 106.7871, -6.5068 ] } },
{ "type": "Feature", "properties": { "asset_name": "SMKS Cendikia Muslim", "category": "school", "category_display": "Sekolah Menengah (SMA/SMK/SMP)", "city_regency": "Kota Bogor", "latitude": -6.5635, "longitude": 106.5719, "source_reference": "osm_overpass:node/13438935520", "asset_id": "SCH-0544", "is_buffer": false, "batch_no": 8, "notes": null }, "geometry": { "type": "Point", "coordinates": [ 106.5719, -6.5635 ] } },
{ "type": "Feature", "properties": { "asset_name": "SMPIT Hayyun Sasmita", "category": "school", "category_display": "Sekolah Menengah (SMA/SMK/SMP)", "city_regency": "Kota Bogor", "latitude": -6.559016, "longitude": 106.556221, "source_reference": "osm_overpass:node/13438935543", "asset_id": "SCH-0545", "is_buffer": false, "batch_no": 8, "notes": null }, "geometry": { "type": "Point", "coordinates": [ 106.556221, -6.559016 ] } },
{ "type": "Feature", "properties": { "asset_name": "SMP Islam An-nuriyah", "category": "school", "category_display": "Sekolah Menengah (SMA/SMK/SMP)", "city_regency": "Kota Bogor", "latitude": -6.5814, "longitude": 106.5829, "source_reference": "osm_overpass:node/13438935546", "asset_id": "SCH-0546", "is_buffer": false, "batch_no": 8, "notes": null }, "geometry": { "type": "Point", "coordinates": [ 106.5829, -6.5814 ] } },
{ "type": "Feature", "properties": { "asset_name": "SMP Islam Nurul Ilmi", "category": "school", "category_display": "Sekolah Menengah (SMA/SMK/SMP)", "city_regency": "Kota Bogor", "latitude": -6.5881, "longitude": 106.5753, "source_reference": "osm_overpass:node/13438935547", "asset_id": "SCH-0547", "is_buffer": false, "batch_no": 8, "notes": null }, "geometry": { "type": "Point", "coordinates": [ 106.5753, -6.5881 ] } },
{ "type": "Feature", "properties": { "asset_name": "SMPS Pui Setia Negara", "category": "school", "category_display": "Sekolah Menengah (SMA/SMK/SMP)", "city_regency": "Kota Bogor", "latitude": -6.6024, "longitude": 106.5779, "source_reference": "osm_overpass:node/13438935549", "asset_id": "SCH-0548", "is_buffer": false, "batch_no": 8, "notes": null }, "geometry": { "type": "Point", "coordinates": [ 106.5779, -6.6024 ] } },
{ "type": "Feature", "properties": { "asset_name": "SMP Citra Nuansa Islami", "category": "school", "category_display": "Sekolah Menengah (SMA/SMK/SMP)", "city_regency": "Kota Bogor", "latitude": -6.5609, "longitude": 106.5692, "source_reference": "osm_overpass:node/13438935551", "asset_id": "SCH-0549", "is_buffer": false, "batch_no": 8, "notes": null }, "geometry": { "type": "Point", "coordinates": [ 106.5692, -6.5609 ] } },
{ "type": "Feature", "properties": { "asset_name": "SMP Islam Hidayatul Athfal", "category": "school", "category_display": "Sekolah Menengah (SMA/SMK/SMP)", "city_regency": "Kota Bogor", "latitude": -6.4591, "longitude": 106.7424, "source_reference": "osm_overpass:node/13438935552", "asset_id": "SCH-0550", "is_buffer": false, "batch_no": 8, "notes": null }, "geometry": { "type": "Point", "coordinates": [ 106.7424, -6.4591 ] } },
{ "type": "Feature", "properties": { "asset_name": "SMPIT Busyro Al Karim", "category": "school", "category_display": "Sekolah Menengah (SMA/SMK/SMP)", "city_regency": "Kota Bogor", "latitude": -6.4736, "longitude": 106.737, "source_reference": "osm_overpass:node/13438935553", "asset_id": "SCH-0551", "is_buffer": false, "batch_no": 8, "notes": null }, "geometry": { "type": "Point", "coordinates": [ 106.737, -6.4736 ] } },
{ "type": "Feature", "properties": { "asset_name": "SMK Mutiara Bangsa", "category": "school", "category_display": "Sekolah Menengah (SMA/SMK/SMP)", "city_regency": "Kota Bogor", "latitude": -6.4716, "longitude": 106.7459, "source_reference": "osm_overpass:node/13438935554", "asset_id": "SCH-0552", "is_buffer": false, "batch_no": 8, "notes": null }, "geometry": { "type": "Point", "coordinates": [ 106.7459, -6.4716 ] } },
{ "type": "Feature", "properties": { "asset_name": "SMPS Islam Arriyadul Huda", "category": "school", "category_display": "Sekolah Menengah (SMA/SMK/SMP)", "city_regency": "Kota Bogor", "latitude": -6.4705, "longitude": 106.7363, "source_reference": "osm_overpass:node/13438935557", "asset_id": "SCH-0553", "is_buffer": false, "batch_no": 8, "notes": null }, "geometry": { "type": "Point", "coordinates": [ 106.7363, -6.4705 ] } },
{ "type": "Feature", "properties": { "asset_name": "SD Insan Teladan;SMP Insan Teladan", "category": "school", "category_display": "Sekolah Menengah (SMA/SMK/SMP)", "city_regency": "Kota Bogor", "latitude": -6.452, "longitude": 106.7364, "source_reference": "osm_overpass:node/13438935559", "asset_id": "SCH-0554", "is_buffer": false, "batch_no": 8, "notes": null }, "geometry": { "type": "Point", "coordinates": [ 106.7364, -6.452 ] } },
{ "type": "Feature", "properties": { "asset_name": "SMP Islam Terpadu Baitussalam", "category": "school", "category_display": "Sekolah Menengah (SMA/SMK/SMP)", "city_regency": "Kota Bogor", "latitude": -6.4574, "longitude": 106.7464, "source_reference": "osm_overpass:node/13438935561", "asset_id": "SCH-0555", "is_buffer": false, "batch_no": 8, "notes": null }, "geometry": { "type": "Point", "coordinates": [ 106.7464, -6.4574 ] } },
{ "type": "Feature", "properties": { "asset_name": "SMPIT Al-itqon", "category": "school", "category_display": "Sekolah Menengah (SMA/SMK/SMP)", "city_regency": "Kota Bogor", "latitude": -6.453258, "longitude": 106.73898, "source_reference": "osm_overpass:node/13438935562", "asset_id": "SCH-0556", "is_buffer": false, "batch_no": 8, "notes": null }, "geometry": { "type": "Point", "coordinates": [ 106.73898, -6.453258 ] } },
{ "type": "Feature", "properties": { "asset_name": "SMAS Baitussalam;SDIT Baitussalam", "category": "school", "category_display": "Sekolah Menengah (SMA/SMK/SMP)", "city_regency": "Kota Bogor", "latitude": -6.4579, "longitude": 106.7469, "source_reference": "osm_overpass:node/13438935563", "asset_id": "SCH-0557", "is_buffer": false, "batch_no": 8, "notes": null }, "geometry": { "type": "Point", "coordinates": [ 106.7469, -6.4579 ] } },
{ "type": "Feature", "properties": { "asset_name": "SMP Bukit Gloria;SDS Bukit Gloria", "category": "school", "category_display": "Sekolah Menengah (SMA/SMK/SMP)", "city_regency": "Kota Bogor", "latitude": -6.4607, "longitude": 106.7471, "source_reference": "osm_overpass:node/13438935564", "asset_id": "SCH-0558", "is_buffer": false, "batch_no": 8, "notes": null }, "geometry": { "type": "Point", "coordinates": [ 106.7471, -6.4607 ] } },
{ "type": "Feature", "properties": { "asset_name": "SMKS Cyber Media Utama", "category": "school", "category_display": "Sekolah Menengah (SMA/SMK/SMP)", "city_regency": "Kota Bogor", "latitude": -6.468, "longitude": 106.7339, "source_reference": "osm_overpass:node/13438935565", "asset_id": "SCH-0559", "is_buffer": false, "batch_no": 8, "notes": null }, "geometry": { "type": "Point", "coordinates": [ 106.7339, -6.468 ] } },
{ "type": "Feature", "properties": { "asset_name": "SMP Bina Bangsa Mandiri", "category": "school", "category_display": "Sekolah Menengah (SMA/SMK/SMP)", "city_regency": "Kota Depok", "latitude": -6.4205, "longitude": 106.9424, "source_reference": "osm_overpass:node/13438935571", "asset_id": "SCH-0560", "is_buffer": false, "batch_no": 8, "notes": null }, "geometry": { "type": "Point", "coordinates": [ 106.9424, -6.4205 ] } },
{ "type": "Feature", "properties": { "asset_name": "SMKS Generasi Mandiri Gunung Putri", "category": "school", "category_display": "Sekolah Menengah (SMA/SMK/SMP)", "city_regency": "Kota Depok", "latitude": -6.4258, "longitude": 106.9376, "source_reference": "osm_overpass:node/13438935572", "asset_id": "SCH-0561", "is_buffer": false, "batch_no": 8, "notes": null }, "geometry": { "type": "Point", "coordinates": [ 106.9376, -6.4258 ] } },
{ "type": "Feature", "properties": { "asset_name": "SMAS Global Mandiri", "category": "school", "category_display": "Sekolah Menengah (SMA/SMK/SMP)", "city_regency": "Kota Depok", "latitude": -6.4079, "longitude": 106.9395, "source_reference": "osm_overpass:node/13438935573", "asset_id": "SCH-0562", "is_buffer": false, "batch_no": 8, "notes": null }, "geometry": { "type": "Point", "coordinates": [ 106.9395, -6.4079 ] } },
{ "type": "Feature", "properties": { "asset_name": "SDS Global Mandiri;SMP Global Mandiri", "category": "school", "category_display": "Sekolah Menengah (SMA/SMK/SMP)", "city_regency": "Kota Depok", "latitude": -6.40673, "longitude": 106.940234, "source_reference": "osm_overpass:node/13438935574", "asset_id": "SCH-0563", "is_buffer": false, "batch_no": 8, "notes": null }, "geometry": { "type": "Point", "coordinates": [ 106.940234, -6.40673 ] } },
{ "type": "Feature", "properties": { "asset_name": "SMAS Ketapang 3", "category": "school", "category_display": "Sekolah Menengah (SMA/SMK/SMP)", "city_regency": "Kota Depok", "latitude": -6.4003, "longitude": 106.9481, "source_reference": "osm_overpass:node/13438935580", "asset_id": "SCH-0564", "is_buffer": false, "batch_no": 8, "notes": null }, "geometry": { "type": "Point", "coordinates": [ 106.9481, -6.4003 ] } },
{ "type": "Feature", "properties": { "asset_name": "SMP Islam Daarul Istiqoomah", "category": "school", "category_display": "Sekolah Menengah (SMA/SMK/SMP)", "city_regency": "Kota Depok", "latitude": -6.4197, "longitude": 106.9496, "source_reference": "osm_overpass:node/13438935581", "asset_id": "SCH-0565", "is_buffer": false, "batch_no": 8, "notes": null }, "geometry": { "type": "Point", "coordinates": [ 106.9496, -6.4197 ] } },
{ "type": "Feature", "properties": { "asset_name": "SMP Negeri 1 Gunungputri", "category": "school", "category_display": "Sekolah Menengah (SMA/SMK/SMP)", "city_regency": "Kota Depok", "latitude": -6.4199, "longitude": 106.9426, "source_reference": "osm_overpass:node/13438935582", "asset_id": "SCH-0566", "is_buffer": false, "batch_no": 8, "notes": null }, "geometry": { "type": "Point", "coordinates": [ 106.9426, -6.4199 ] } },
{ "type": "Feature", "properties": { "asset_name": "SMK Negeri 1 Gunungputri", "category": "school", "category_display": "Sekolah Menengah (SMA/SMK/SMP)", "city_regency": "Kota Depok", "latitude": -6.4239, "longitude": 106.9401, "source_reference": "osm_overpass:node/13438935583", "asset_id": "SCH-0567", "is_buffer": false, "batch_no": 8, "notes": null }, "geometry": { "type": "Point", "coordinates": [ 106.9401, -6.4239 ] } },
{ "type": "Feature", "properties": { "asset_name": "SMKS Bina Bangsa Mandiri", "category": "school", "category_display": "Sekolah Menengah (SMA/SMK/SMP)", "city_regency": "Kota Depok", "latitude": -6.4212, "longitude": 106.9427, "source_reference": "osm_overpass:node/13438935584", "asset_id": "SCH-0568", "is_buffer": false, "batch_no": 8, "notes": null }, "geometry": { "type": "Point", "coordinates": [ 106.9427, -6.4212 ] } },
{ "type": "Feature", "properties": { "asset_name": "SMK Bukit Gloria", "category": "school", "category_display": "Sekolah Menengah (SMA/SMK/SMP)", "city_regency": "Kab. Bogor", "latitude": -6.635059, "longitude": 107.112531, "source_reference": "osm_overpass:node/13438935586", "asset_id": "SCH-0569", "is_buffer": false, "batch_no": 8, "notes": null }, "geometry": { "type": "Point", "coordinates": [ 107.112531, -6.635059 ] } },
{ "type": "Feature", "properties": { "asset_name": "SMPS Al Rustala", "category": "school", "category_display": "Sekolah Menengah (SMA/SMK/SMP)", "city_regency": "Kab. Bogor", "latitude": -6.6134, "longitude": 107.1333, "source_reference": "osm_overpass:node/13438935588", "asset_id": "SCH-0570", "is_buffer": false, "batch_no": 8, "notes": null }, "geometry": { "type": "Point", "coordinates": [ 107.1333, -6.6134 ] } },
{ "type": "Feature", "properties": { "asset_name": "SMP PGRI Gunungsindur", "category": "school", "category_display": "Sekolah Menengah (SMA/SMK/SMP)", "city_regency": "Kota Tangerang Selatan", "latitude": -6.387, "longitude": 106.6745, "source_reference": "osm_overpass:node/13438935593", "asset_id": "SCH-0571", "is_buffer": false, "batch_no": 8, "notes": null }, "geometry": { "type": "Point", "coordinates": [ 106.6745, -6.387 ] } },
{ "type": "Feature", "properties": { "asset_name": "SMP Islam Terpadu Az Zikra", "category": "school", "category_display": "Sekolah Menengah (SMA/SMK/SMP)", "city_regency": "Kota Depok", "latitude": -6.410325, "longitude": 106.667335, "source_reference": "osm_overpass:node/13438935596", "asset_id": "SCH-0572", "is_buffer": false, "batch_no": 8, "notes": null }, "geometry": { "type": "Point", "coordinates": [ 106.667335, -6.410325 ] } },
{ "type": "Feature", "properties": { "asset_name": "SMAS Nurul Falaah", "category": "school", "category_display": "Sekolah Menengah (SMA/SMK/SMP)", "city_regency": "Kota Depok", "latitude": -6.4106, "longitude": 106.6955, "source_reference": "osm_overpass:node/13438935598", "asset_id": "SCH-0573", "is_buffer": false, "batch_no": 8, "notes": null }, "geometry": { "type": "Point", "coordinates": [ 106.6955, -6.4106 ] } },
{ "type": "Feature", "properties": { "asset_name": "SMAIT An Nawawi Al Bantani", "category": "school", "category_display": "Sekolah Menengah (SMA/SMK/SMP)", "city_regency": "Kota Depok", "latitude": -6.408744, "longitude": 106.691753, "source_reference": "osm_overpass:node/13438935600", "asset_id": "SCH-0574", "is_buffer": false, "batch_no": 8, "notes": null }, "geometry": { "type": "Point", "coordinates": [ 106.691753, -6.408744 ] } },
{ "type": "Feature", "properties": { "asset_name": "SMAS Puspa Bangsa", "category": "school", "category_display": "Sekolah Menengah (SMA/SMK/SMP)", "city_regency": "Kab. Bogor", "latitude": -6.5785, "longitude": 106.9591, "source_reference": "osm_overpass:node/13438935601", "asset_id": "SCH-0575", "is_buffer": false, "batch_no": 8, "notes": null }, "geometry": { "type": "Point", "coordinates": [ 106.9591, -6.5785 ] } },
{ "type": "Feature", "properties": { "asset_name": "SMP Plus Nur Fatihah", "category": "school", "category_display": "Sekolah Menengah (SMA/SMK/SMP)", "city_regency": "Kota Bogor", "latitude": -6.56104, "longitude": 106.690161, "source_reference": "osm_overpass:node/13438935613", "asset_id": "SCH-0576", "is_buffer": false, "batch_no": 8, "notes": null }, "geometry": { "type": "Point", "coordinates": [ 106.690161, -6.56104 ] } },
{ "type": "Feature", "properties": { "asset_name": "SMK Komputer Indonesia", "category": "school", "category_display": "Sekolah Menengah (SMA/SMK/SMP)", "city_regency": "Kota Bogor", "latitude": -6.5588, "longitude": 106.6892, "source_reference": "osm_overpass:node/13438935614", "asset_id": "SCH-0577", "is_buffer": false, "batch_no": 8, "notes": null }, "geometry": { "type": "Point", "coordinates": [ 106.6892, -6.5588 ] } },
{ "type": "Feature", "properties": { "asset_name": "SMP Muhammadiyah Jasinga", "category": "school", "category_display": "Sekolah Menengah (SMA/SMK/SMP)", "city_regency": "Kota Bogor", "latitude": -6.5603, "longitude": 106.6888, "source_reference": "osm_overpass:node/13438935615", "asset_id": "SCH-0578", "is_buffer": false, "batch_no": 8, "notes": null }, "geometry": { "type": "Point", "coordinates": [ 106.6888, -6.5603 ] } },
{ "type": "Feature", "properties": { "asset_name": "SMA Negeri 1 Ciampea", "category": "school", "category_display": "Sekolah Menengah (SMA/SMK/SMP)", "city_regency": "Kota Bogor", "latitude": -6.5561, "longitude": 106.6899, "source_reference": "osm_overpass:node/13438935616", "asset_id": "SCH-0579", "is_buffer": false, "batch_no": 8, "notes": null }, "geometry": { "type": "Point", "coordinates": [ 106.6899, -6.5561 ] } },
{ "type": "Feature", "properties": { "asset_name": "SMK Nu Global Madani", "category": "school", "category_display": "Sekolah Menengah (SMA/SMK/SMP)", "city_regency": "Kota Bogor", "latitude": -6.529, "longitude": 106.7908, "source_reference": "osm_overpass:node/13438935628", "asset_id": "SCH-0580", "is_buffer": false, "batch_no": 8, "notes": null }, "geometry": { "type": "Point", "coordinates": [ 106.7908, -6.529 ] } },
{ "type": "Feature", "properties": { "asset_name": "SMK Intelektual Bangsa", "category": "school", "category_display": "Sekolah Menengah (SMA/SMK/SMP)", "city_regency": "Kota Bogor", "latitude": -6.528539, "longitude": 106.78339, "source_reference": "osm_overpass:node/13438935634", "asset_id": "SCH-0581", "is_buffer": false, "batch_no": 8, "notes": null }, "geometry": { "type": "Point", "coordinates": [ 106.78339, -6.528539 ] } },
{ "type": "Feature", "properties": { "asset_name": "SMKS Yak 1", "category": "school", "category_display": "Sekolah Menengah (SMA/SMK/SMP)", "city_regency": "Kota Bogor", "latitude": -6.5322, "longitude": 106.7936, "source_reference": "osm_overpass:node/13438935636", "asset_id": "SCH-0582", "is_buffer": false, "batch_no": 8, "notes": null }, "geometry": { "type": "Point", "coordinates": [ 106.7936, -6.5322 ] } },
{ "type": "Feature", "properties": { "asset_name": "SMKS PGRI 3 Bogor", "category": "school", "category_display": "Sekolah Menengah (SMA/SMK/SMP)", "city_regency": "Kota Bogor", "latitude": -6.5524, "longitude": 106.8155, "source_reference": "osm_overpass:node/13438935639", "asset_id": "SCH-0583", "is_buffer": false, "batch_no": 8, "notes": null }, "geometry": { "type": "Point", "coordinates": [ 106.8155, -6.5524 ] } },
{ "type": "Feature", "properties": { "asset_name": "SMP Negeri 19 Bogor", "category": "school", "category_display": "Sekolah Menengah (SMA/SMK/SMP)", "city_regency": "Kota Bogor", "latitude": -6.5465, "longitude": 106.81, "source_reference": "osm_overpass:node/13438935642", "asset_id": "SCH-0584", "is_buffer": false, "batch_no": 8, "notes": null }, "geometry": { "type": "Point", "coordinates": [ 106.81, -6.5465 ] } },
{ "type": "Feature", "properties": { "asset_name": "SMP Bintang Pelajar Islamic Boarding School", "category": "school", "category_display": "Sekolah Menengah (SMA/SMK/SMP)", "city_regency": "Kota Bogor", "latitude": -6.561023, "longitude": 106.787913, "source_reference": "osm_overpass:node/13438935653", "asset_id": "SCH-0585", "is_buffer": false, "batch_no": 8, "notes": null }, "geometry": { "type": "Point", "coordinates": [ 106.787913, -6.561023 ] } },
{ "type": "Feature", "properties": { "asset_name": "SMPIT At Taufiq;SDI Terpadu At Taufiq", "category": "school", "category_display": "Sekolah Menengah (SMA/SMK/SMP)", "city_regency": "Kota Bogor", "latitude": -6.5637, "longitude": 106.7871, "source_reference": "osm_overpass:node/13438935654", "asset_id": "SCH-0586", "is_buffer": false, "batch_no": 8, "notes": null }, "geometry": { "type": "Point", "coordinates": [ 106.7871, -6.5637 ] } },
{ "type": "Feature", "properties": { "asset_name": "SMAIT At Taufiq", "category": "school", "category_display": "Sekolah Menengah (SMA/SMK/SMP)", "city_regency": "Kota Bogor", "latitude": -6.562761, "longitude": 106.787242, "source_reference": "osm_overpass:node/13438935655", "asset_id": "SCH-0587", "is_buffer": false, "batch_no": 8, "notes": null }, "geometry": { "type": "Point", "coordinates": [ 106.787242, -6.562761 ] } },
{ "type": "Feature", "properties": { "asset_name": "SMKS Tri Dharma 3 Bogor", "category": "school", "category_display": "Sekolah Menengah (SMA/SMK/SMP)", "city_regency": "Kota Bogor", "latitude": -6.5609, "longitude": 106.7859, "source_reference": "osm_overpass:node/13438935656", "asset_id": "SCH-0588", "is_buffer": false, "batch_no": 8, "notes": null }, "geometry": { "type": "Point", "coordinates": [ 106.7859, -6.5609 ] } },
{ "type": "Feature", "properties": { "asset_name": "SMP Modern Al- Alawiyah", "category": "school", "category_display": "Sekolah Menengah (SMA/SMK/SMP)", "city_regency": "Kota Bogor", "latitude": -6.564579, "longitude": 106.789559, "source_reference": "osm_overpass:node/13438935658", "asset_id": "SCH-0589", "is_buffer": false, "batch_no": 8, "notes": null }, "geometry": { "type": "Point", "coordinates": [ 106.789559, -6.564579 ] } },
{ "type": "Feature", "properties": { "asset_name": "SMKS Tri Dharma 1 Bogor", "category": "school", "category_display": "Sekolah Menengah (SMA/SMK/SMP)", "city_regency": "Kota Bogor", "latitude": -6.5661, "longitude": 106.7987, "source_reference": "osm_overpass:node/13438935668", "asset_id": "SCH-0590", "is_buffer": false, "batch_no": 8, "notes": null }, "geometry": { "type": "Point", "coordinates": [ 106.7987, -6.5661 ] } },
{ "type": "Feature", "properties": { "asset_name": "SMA Daar En Nisa Islamic School Bogor", "category": "school", "category_display": "Sekolah Menengah (SMA/SMK/SMP)", "city_regency": "Kota Bogor", "latitude": -6.5587, "longitude": 106.7921, "source_reference": "osm_overpass:node/13438935669", "asset_id": "SCH-0591", "is_buffer": false, "batch_no": 8, "notes": null }, "geometry": { "type": "Point", "coordinates": [ 106.7921, -6.5587 ] } },
{ "type": "Feature", "properties": { "asset_name": "SMP PGRI 9", "category": "school", "category_display": "Sekolah Menengah (SMA/SMK/SMP)", "city_regency": "Kota Bogor", "latitude": -6.5592, "longitude": 106.7939, "source_reference": "osm_overpass:node/13438935670", "asset_id": "SCH-0592", "is_buffer": false, "batch_no": 8, "notes": null }, "geometry": { "type": "Point", "coordinates": [ 106.7939, -6.5592 ] } },
{ "type": "Feature", "properties": { "asset_name": "SMP Daar En Nisa Islamic School", "category": "school", "category_display": "Sekolah Menengah (SMA/SMK/SMP)", "city_regency": "Kota Bogor", "latitude": -6.5577, "longitude": 106.7923, "source_reference": "osm_overpass:node/13438935672", "asset_id": "SCH-0593", "is_buffer": false, "batch_no": 8, "notes": null }, "geometry": { "type": "Point", "coordinates": [ 106.7923, -6.5577 ] } },
{ "type": "Feature", "properties": { "asset_name": "SMAS PGRI 3", "category": "school", "category_display": "Sekolah Menengah (SMA/SMK/SMP)", "city_regency": "Kota Bogor", "latitude": -6.5597, "longitude": 106.7941, "source_reference": "osm_overpass:node/13438935673", "asset_id": "SCH-0594", "is_buffer": false, "batch_no": 8, "notes": null }, "geometry": { "type": "Point", "coordinates": [ 106.7941, -6.5597 ] } },
{ "type": "Feature", "properties": { "asset_name": "SMP Siliwangi Bogor", "category": "school", "category_display": "Sekolah Menengah (SMA/SMK/SMP)", "city_regency": "Kota Bogor", "latitude": -6.5671, "longitude": 106.8063, "source_reference": "osm_overpass:node/13438935674", "asset_id": "SCH-0595", "is_buffer": false, "batch_no": 8, "notes": null }, "geometry": { "type": "Point", "coordinates": [ 106.8063, -6.5671 ] } },
{ "type": "Feature", "properties": { "asset_name": "SMKS Tri Dharma 4 Bogor", "category": "school", "category_display": "Sekolah Menengah (SMA/SMK/SMP)", "city_regency": "Kota Bogor", "latitude": -6.5633, "longitude": 106.796, "source_reference": "osm_overpass:node/13438935678", "asset_id": "SCH-0596", "is_buffer": false, "batch_no": 8, "notes": null }, "geometry": { "type": "Point", "coordinates": [ 106.796, -6.5633 ] } },
{ "type": "Feature", "properties": { "asset_name": "SMPIT Al Ma Mur", "category": "school", "category_display": "Sekolah Menengah (SMA/SMK/SMP)", "city_regency": "Kota Bogor", "latitude": -6.5708, "longitude": 106.7908, "source_reference": "osm_overpass:node/13438935681", "asset_id": "SCH-0597", "is_buffer": false, "batch_no": 8, "notes": null }, "geometry": { "type": "Point", "coordinates": [ 106.7908, -6.5708 ] } },
{ "type": "Feature", "properties": { "asset_name": "SMKS Mekanika Bogor", "category": "school", "category_display": "Sekolah Menengah (SMA/SMK/SMP)", "city_regency": "Kota Bogor", "latitude": -6.5671, "longitude": 106.8056, "source_reference": "osm_overpass:node/13438935682", "asset_id": "SCH-0598", "is_buffer": false, "batch_no": 8, "notes": null }, "geometry": { "type": "Point", "coordinates": [ 106.8056, -6.5671 ] } },
{ "type": "Feature", "properties": { "asset_name": "SMKS Nusa Widya Mandiri", "category": "school", "category_display": "Sekolah Menengah (SMA/SMK/SMP)", "city_regency": "Kota Bogor", "latitude": -6.5225, "longitude": 106.7679, "source_reference": "osm_overpass:node/13438935685", "asset_id": "SCH-0599", "is_buffer": false, "batch_no": 8, "notes": null }, "geometry": { "type": "Point", "coordinates": [ 106.7679, -6.5225 ] } },
{ "type": "Feature", "properties": { "asset_name": "SMP Negeri 16", "category": "school", "category_display": "Sekolah Menengah (SMA/SMK/SMP)", "city_regency": "Kota Bogor", "latitude": -6.5328, "longitude": 106.773, "source_reference": "osm_overpass:node/13438935689", "asset_id": "SCH-0600", "is_buffer": false, "batch_no": 8, "notes": null }, "geometry": { "type": "Point", "coordinates": [ 106.773, -6.5328 ] } },
{ "type": "Feature", "properties": { "asset_name": "SMP Cendekia", "category": "school", "category_display": "Sekolah Menengah (SMA/SMK/SMP)", "city_regency": "Kota Bogor", "latitude": -6.6032, "longitude": 106.702, "source_reference": "osm_overpass:node/13438935692", "asset_id": "SCH-0601", "is_buffer": false, "batch_no": 8, "notes": null }, "geometry": { "type": "Point", "coordinates": [ 106.702, -6.6032 ] } },
{ "type": "Feature", "properties": { "asset_name": "SMK Pandu 2", "category": "school", "category_display": "Sekolah Menengah (SMA/SMK/SMP)", "city_regency": "Kota Bogor", "latitude": -6.599875, "longitude": 106.703685, "source_reference": "osm_overpass:node/13438935694", "asset_id": "SCH-0602", "is_buffer": false, "batch_no": 8, "notes": null }, "geometry": { "type": "Point", "coordinates": [ 106.703685, -6.599875 ] } },
{ "type": "Feature", "properties": { "asset_name": "SMPIT Yashoda", "category": "school", "category_display": "Sekolah Menengah (SMA/SMK/SMP)", "city_regency": "Kota Bogor", "latitude": -6.6046, "longitude": 106.7079, "source_reference": "osm_overpass:node/13438935695", "asset_id": "SCH-0603", "is_buffer": false, "batch_no": 8, "notes": null }, "geometry": { "type": "Point", "coordinates": [ 106.7079, -6.6046 ] } },
{ "type": "Feature", "properties": { "asset_name": "SMKS Al Ghazaly", "category": "school", "category_display": "Sekolah Menengah (SMA/SMK/SMP)", "city_regency": "Kota Bogor", "latitude": -6.5898, "longitude": 106.7849, "source_reference": "osm_overpass:node/13438935697", "asset_id": "SCH-0604", "is_buffer": false, "batch_no": 8, "notes": null }, "geometry": { "type": "Point", "coordinates": [ 106.7849, -6.5898 ] } },
{ "type": "Feature", "properties": { "asset_name": "SMKS Bina Sejahtera 2 Kota Bogor", "category": "school", "category_display": "Sekolah Menengah (SMA/SMK/SMP)", "city_regency": "Kota Bogor", "latitude": -6.5898, "longitude": 106.7811, "source_reference": "osm_overpass:node/13438935698", "asset_id": "SCH-0605", "is_buffer": false, "batch_no": 8, "notes": null }, "geometry": { "type": "Point", "coordinates": [ 106.7811, -6.5898 ] } },
{ "type": "Feature", "properties": { "asset_name": "SMP Brighton", "category": "school", "category_display": "Sekolah Menengah (SMA/SMK/SMP)", "city_regency": "Kab. Bekasi", "latitude": -6.365604, "longitude": 106.961211, "source_reference": "osm_overpass:node/13438935805", "asset_id": "SCH-0606", "is_buffer": false, "batch_no": 8, "notes": null }, "geometry": { "type": "Point", "coordinates": [ 106.961211, -6.365604 ] } },
{ "type": "Feature", "properties": { "asset_name": "SMP Hang Tuah 4", "category": "school", "category_display": "Sekolah Menengah (SMA/SMK/SMP)", "city_regency": "Kota Depok", "latitude": -6.3641, "longitude": 106.9515, "source_reference": "osm_overpass:node/13438935809", "asset_id": "SCH-0607", "is_buffer": false, "batch_no": 8, "notes": null }, "geometry": { "type": "Point", "coordinates": [ 106.9515, -6.3641 ] } },
{ "type": "Feature", "properties": { "asset_name": "SMA Negeri 2 Gunung Putri", "category": "school", "category_display": "Sekolah Menengah (SMA/SMK/SMP)", "city_regency": "Kota Depok", "latitude": -6.3643, "longitude": 106.9573, "source_reference": "osm_overpass:node/13438935810", "asset_id": "SCH-0608", "is_buffer": false, "batch_no": 8, "notes": null }, "geometry": { "type": "Point", "coordinates": [ 106.9573, -6.3643 ] } },
{ "type": "Feature", "properties": { "asset_name": "SMP Sit Fajar Hidayah", "category": "school", "category_display": "Sekolah Menengah (SMA/SMK/SMP)", "city_regency": "Kota Depok", "latitude": -6.365845, "longitude": 106.955665, "source_reference": "osm_overpass:node/13438935812", "asset_id": "SCH-0609", "is_buffer": false, "batch_no": 8, "notes": null }, "geometry": { "type": "Point", "coordinates": [ 106.955665, -6.365845 ] } },
{ "type": "Feature", "properties": { "asset_name": "SMPS Ananda;SDS Ananda", "category": "school", "category_display": "Sekolah Menengah (SMA/SMK/SMP)", "city_regency": "Kab. Bekasi", "latitude": -6.3366, "longitude": 106.9683, "source_reference": "osm_overpass:node/13438935813", "asset_id": "SCH-0610", "is_buffer": false, "batch_no": 8, "notes": null }, "geometry": { "type": "Point", "coordinates": [ 106.9683, -6.3366 ] } },
{ "type": "Feature", "properties": { "asset_name": "SMK Yapan 1 Ciampea", "category": "school", "category_display": "Sekolah Menengah (SMA/SMK/SMP)", "city_regency": "Kota Bogor", "latitude": -6.5354, "longitude": 106.6919, "source_reference": "osm_overpass:node/13438935815", "asset_id": "SCH-0611", "is_buffer": false, "batch_no": 8, "notes": null }, "geometry": { "type": "Point", "coordinates": [ 106.6919, -6.5354 ] } },
{ "type": "Feature", "properties": { "asset_name": "SMP Negeri 1 Ciampea", "category": "school", "category_display": "Sekolah Menengah (SMA/SMK/SMP)", "city_regency": "Kota Bogor", "latitude": -6.5437, "longitude": 106.6937, "source_reference": "osm_overpass:node/13438935816", "asset_id": "SCH-0612", "is_buffer": false, "batch_no": 8, "notes": null }, "geometry": { "type": "Point", "coordinates": [ 106.6937, -6.5437 ] } },
{ "type": "Feature", "properties": { "asset_name": "SMK Trimitsa", "category": "school", "category_display": "Sekolah Menengah (SMA/SMK/SMP)", "city_regency": "Kota Bogor", "latitude": -6.468962, "longitude": 106.830132, "source_reference": "osm_overpass:node/13438935821", "asset_id": "SCH-0613", "is_buffer": false, "batch_no": 8, "notes": null }, "geometry": { "type": "Point", "coordinates": [ 106.830132, -6.468962 ] } },
{ "type": "Feature", "properties": { "asset_name": "SMAS Citra Nusa", "category": "school", "category_display": "Sekolah Menengah (SMA/SMK/SMP)", "city_regency": "Kota Bogor", "latitude": -6.474147, "longitude": 106.830415, "source_reference": "osm_overpass:node/13438935822", "asset_id": "SCH-0614", "is_buffer": false, "batch_no": 8, "notes": null }, "geometry": { "type": "Point", "coordinates": [ 106.830415, -6.474147 ] } },
{ "type": "Feature", "properties": { "asset_name": "SMKS Mutiara Insani", "category": "school", "category_display": "Sekolah Menengah (SMA/SMK/SMP)", "city_regency": "Kota Bogor", "latitude": -6.470675, "longitude": 106.823585, "source_reference": "osm_overpass:node/13438935823", "asset_id": "SCH-0615", "is_buffer": false, "batch_no": 8, "notes": null }, "geometry": { "type": "Point", "coordinates": [ 106.823585, -6.470675 ] } },
{ "type": "Feature", "properties": { "asset_name": "SMAS Al Hidayah", "category": "school", "category_display": "Sekolah Menengah (SMA/SMK/SMP)", "city_regency": "Kota Bogor", "latitude": -6.48508, "longitude": 106.824058, "source_reference": "osm_overpass:node/13438935829", "asset_id": "SCH-0616", "is_buffer": false, "batch_no": 8, "notes": null }, "geometry": { "type": "Point", "coordinates": [ 106.824058, -6.48508 ] } },
{ "type": "Feature", "properties": { "asset_name": "SMP Terpadu Bakti Pertiwi", "category": "school", "category_display": "Sekolah Menengah (SMA/SMK/SMP)", "city_regency": "Kota Bogor", "latitude": -6.57858, "longitude": 106.693902, "source_reference": "osm_overpass:node/13438935850", "asset_id": "SCH-0617", "is_buffer": false, "batch_no": 8, "notes": null }, "geometry": { "type": "Point", "coordinates": [ 106.693902, -6.57858 ] } },
{ "type": "Feature", "properties": { "asset_name": "SMP Syaraful Haramain - Islamic Boarding School", "category": "school", "category_display": "Sekolah Menengah (SMA/SMK/SMP)", "city_regency": "Kota Bogor", "latitude": -6.567326, "longitude": 106.695886, "source_reference": "osm_overpass:node/13438935853", "asset_id": "SCH-0618", "is_buffer": false, "batch_no": 8, "notes": null }, "geometry": { "type": "Point", "coordinates": [ 106.695886, -6.567326 ] } },
{ "type": "Feature", "properties": { "asset_name": "SMA Negeri 1 Cariu", "category": "school", "category_display": "Sekolah Menengah (SMA/SMK/SMP)", "city_regency": "Kab. Bogor", "latitude": -6.5235, "longitude": 107.1266, "source_reference": "osm_overpass:node/13438935860", "asset_id": "SCH-0619", "is_buffer": false, "batch_no": 8, "notes": null }, "geometry": { "type": "Point", "coordinates": [ 107.1266, -6.5235 ] } },
{ "type": "Feature", "properties": { "asset_name": "SMP Asia Pasific Boarding School", "category": "school", "category_display": "Sekolah Menengah (SMA/SMK/SMP)", "city_regency": "Kab. Bogor", "latitude": -6.4968, "longitude": 107.1266, "source_reference": "osm_overpass:node/13438935861", "asset_id": "SCH-0620", "is_buffer": false, "batch_no": 8, "notes": null }, "geometry": { "type": "Point", "coordinates": [ 107.1266, -6.4968 ] } },
{ "type": "Feature", "properties": { "asset_name": "SMA Sinar Islam Asia Pasific Boarding School", "category": "school", "category_display": "Sekolah Menengah (SMA/SMK/SMP)", "city_regency": "Kab. Bogor", "latitude": -6.498495, "longitude": 107.126968, "source_reference": "osm_overpass:node/13438935862", "asset_id": "SCH-0621", "is_buffer": false, "batch_no": 8, "notes": null }, "geometry": { "type": "Point", "coordinates": [ 107.126968, -6.498495 ] } },
{ "type": "Feature", "properties": { "asset_name": "SMK Daarul Quran", "category": "school", "category_display": "Sekolah Menengah (SMA/SMK/SMP)", "city_regency": "Kab. Bogor", "latitude": -6.511583, "longitude": 107.12796, "source_reference": "osm_overpass:node/13438935867", "asset_id": "SCH-0622", "is_buffer": false, "batch_no": 8, "notes": null }, "geometry": { "type": "Point", "coordinates": [ 107.12796, -6.511583 ] } },
{ "type": "Feature", "properties": { "asset_name": "SMPIT Ar-risalah", "category": "school", "category_display": "Sekolah Menengah (SMA/SMK/SMP)", "city_regency": "Kab. Bogor", "latitude": -6.4909, "longitude": 107.1136, "source_reference": "osm_overpass:node/13438935872", "asset_id": "SCH-0623", "is_buffer": false, "batch_no": 8, "notes": null }, "geometry": { "type": "Point", "coordinates": [ 107.1136, -6.4909 ] } },
{ "type": "Feature", "properties": { "asset_name": "SMP Cendekia Baznas", "category": "school", "category_display": "Sekolah Menengah (SMA/SMK/SMP)", "city_regency": "Kota Bogor", "latitude": -6.583574, "longitude": 106.645238, "source_reference": "osm_overpass:node/13438935876", "asset_id": "SCH-0624", "is_buffer": false, "batch_no": 8, "notes": null }, "geometry": { "type": "Point", "coordinates": [ 106.645238, -6.583574 ] } },
{ "type": "Feature", "properties": { "asset_name": "SMK Nurlida Pamijahan", "category": "school", "category_display": "Sekolah Menengah (SMA/SMK/SMP)", "city_regency": "Kota Bogor", "latitude": -6.5788, "longitude": 106.6523, "source_reference": "osm_overpass:node/13438935878", "asset_id": "SCH-0625", "is_buffer": false, "batch_no": 8, "notes": null }, "geometry": { "type": "Point", "coordinates": [ 106.6523, -6.5788 ] } },
{ "type": "Feature", "properties": { "asset_name": "SMKS Yapma", "category": "school", "category_display": "Sekolah Menengah (SMA/SMK/SMP)", "city_regency": "Kota Bogor", "latitude": -6.5771, "longitude": 106.6568, "source_reference": "osm_overpass:node/13438935879", "asset_id": "SCH-0626", "is_buffer": false, "batch_no": 8, "notes": null }, "geometry": { "type": "Point", "coordinates": [ 106.6568, -6.5771 ] } },
{ "type": "Feature", "properties": { "asset_name": "SMPS Gema Akbar Sentosa (gas)", "category": "school", "category_display": "Sekolah Menengah (SMA/SMK/SMP)", "city_regency": "Kota Bogor", "latitude": -6.579, "longitude": 106.6518, "source_reference": "osm_overpass:node/13438935880", "asset_id": "SCH-0627", "is_buffer": false, "batch_no": 8, "notes": null }, "geometry": { "type": "Point", "coordinates": [ 106.6518, -6.579 ] } },
{ "type": "Feature", "properties": { "asset_name": "SMP Bina Ummah", "category": "school", "category_display": "Sekolah Menengah (SMA/SMK/SMP)", "city_regency": "Kota Bogor", "latitude": -6.5776, "longitude": 106.6442, "source_reference": "osm_overpass:node/13438935881", "asset_id": "SCH-0628", "is_buffer": false, "batch_no": 8, "notes": null }, "geometry": { "type": "Point", "coordinates": [ 106.6442, -6.5776 ] } },
{ "type": "Feature", "properties": { "asset_name": "SMAS Madania", "category": "school", "category_display": "Sekolah Menengah (SMA/SMK/SMP)", "city_regency": "Kota Bogor", "latitude": -6.4896, "longitude": 106.7189, "source_reference": "osm_overpass:node/13438935885", "asset_id": "SCH-0629", "is_buffer": false, "batch_no": 8, "notes": null }, "geometry": { "type": "Point", "coordinates": [ 106.7189, -6.4896 ] } },
{ "type": "Feature", "properties": { "asset_name": "SMP Daarul Kholidin;SMAS Darul Kholidin", "category": "school", "category_display": "Sekolah Menengah (SMA/SMK/SMP)", "city_regency": "Kota Bogor", "latitude": -6.4734, "longitude": 106.6987, "source_reference": "osm_overpass:node/13438935886", "asset_id": "SCH-0630", "is_buffer": false, "batch_no": 8, "notes": null }, "geometry": { "type": "Point", "coordinates": [ 106.6987, -6.4734 ] } },
{ "type": "Feature", "properties": { "asset_name": "SMP Marsudirini", "category": "school", "category_display": "Sekolah Menengah (SMA/SMK/SMP)", "city_regency": "Kota Bogor", "latitude": -6.4824, "longitude": 106.7031, "source_reference": "osm_overpass:node/13438935891", "asset_id": "SCH-0631", "is_buffer": false, "batch_no": 8, "notes": null }, "geometry": { "type": "Point", "coordinates": [ 106.7031, -6.4824 ] } },
{ "type": "Feature", "properties": { "asset_name": "SMP Madania", "category": "school", "category_display": "Sekolah Menengah (SMA/SMK/SMP)", "city_regency": "Kota Bogor", "latitude": -6.4878, "longitude": 106.7198, "source_reference": "osm_overpass:node/13438935894", "asset_id": "SCH-0632", "is_buffer": false, "batch_no": 8, "notes": null }, "geometry": { "type": "Point", "coordinates": [ 106.7198, -6.4878 ] } },
{ "type": "Feature", "properties": { "asset_name": "SMP Nasional Plus Pelita Insani", "category": "school", "category_display": "Sekolah Menengah (SMA/SMK/SMP)", "city_regency": "Kota Bogor", "latitude": -6.487836, "longitude": 106.723051, "source_reference": "osm_overpass:node/13438935899", "asset_id": "SCH-0633", "is_buffer": false, "batch_no": 8, "notes": null }, "geometry": { "type": "Point", "coordinates": [ 106.723051, -6.487836 ] } },
{ "type": "Feature", "properties": { "asset_name": "SMP Negeri 1 Kemang", "category": "school", "category_display": "Sekolah Menengah (SMA/SMK/SMP)", "city_regency": "Kota Bogor", "latitude": -6.486693, "longitude": 106.714049, "source_reference": "osm_overpass:node/13438935902", "asset_id": "SCH-0634", "is_buffer": false, "batch_no": 8, "notes": null }, "geometry": { "type": "Point", "coordinates": [ 106.714049, -6.486693 ] } },
{ "type": "Feature", "properties": { "asset_name": "SMP N Satu Atap 01 Cigudeg", "category": "school", "category_display": "Sekolah Menengah (SMA/SMK/SMP)", "city_regency": "Kota Bogor", "latitude": -6.4694, "longitude": 106.5845, "source_reference": "osm_overpass:node/13438935904", "asset_id": "SCH-0635", "is_buffer": false, "batch_no": 8, "notes": null }, "geometry": { "type": "Point", "coordinates": [ 106.5845, -6.4694 ] } },
{ "type": "Feature", "properties": { "asset_name": "SMAS Al Hikmah", "category": "school", "category_display": "Sekolah Menengah (SMA/SMK/SMP)", "city_regency": "Kota Bogor", "latitude": -6.6313, "longitude": 106.6935, "source_reference": "osm_overpass:node/13438935912", "asset_id": "SCH-0636", "is_buffer": false, "batch_no": 8, "notes": null }, "geometry": { "type": "Point", "coordinates": [ 106.6935, -6.6313 ] } },
{ "type": "Feature", "properties": { "asset_name": "SMPIT Majamul Bahrain", "category": "school", "category_display": "Sekolah Menengah (SMA/SMK/SMP)", "city_regency": "Kota Bogor", "latitude": -6.6287, "longitude": 106.6949, "source_reference": "osm_overpass:node/13438935913", "asset_id": "SCH-0637", "is_buffer": false, "batch_no": 8, "notes": null }, "geometry": { "type": "Point", "coordinates": [ 106.6949, -6.6287 ] } },
{ "type": "Feature", "properties": { "asset_name": "SMP Aldepos Boarding School", "category": "school", "category_display": "Sekolah Menengah (SMA/SMK/SMP)", "city_regency": "Kota Bogor", "latitude": -6.6354, "longitude": 106.6938, "source_reference": "osm_overpass:node/13438935915", "asset_id": "SCH-0638", "is_buffer": false, "batch_no": 8, "notes": null }, "geometry": { "type": "Point", "coordinates": [ 106.6938, -6.6354 ] } },
{ "type": "Feature", "properties": { "asset_name": "SMP Islam Ar Ridho", "category": "school", "category_display": "Sekolah Menengah (SMA/SMK/SMP)", "city_regency": "Kab. Bogor", "latitude": -6.5037, "longitude": 106.8904, "source_reference": "osm_overpass:node/13438935917", "asset_id": "SCH-0639", "is_buffer": false, "batch_no": 8, "notes": null }, "geometry": { "type": "Point", "coordinates": [ 106.8904, -6.5037 ] } },
{ "type": "Feature", "properties": { "asset_name": "SMKS Darul Muslim", "category": "school", "category_display": "Sekolah Menengah (SMA/SMK/SMP)", "city_regency": "Kab. Bogor", "latitude": -6.4956, "longitude": 106.8871, "source_reference": "osm_overpass:node/13438935918", "asset_id": "SCH-0640", "is_buffer": false, "batch_no": 8, "notes": null }, "geometry": { "type": "Point", "coordinates": [ 106.8871, -6.4956 ] } },
{ "type": "Feature", "properties": { "asset_name": "SMP Negeri 3 Citeureup", "category": "school", "category_display": "Sekolah Menengah (SMA/SMK/SMP)", "city_regency": "Kab. Bogor", "latitude": -6.5035, "longitude": 106.8872, "source_reference": "osm_overpass:node/13438935924", "asset_id": "SCH-0641", "is_buffer": false, "batch_no": 8, "notes": null }, "geometry": { "type": "Point", "coordinates": [ 106.8872, -6.5035 ] } },
{ "type": "Feature", "properties": { "asset_name": "SMA Negeri 1 Citeureup", "category": "school", "category_display": "Sekolah Menengah (SMA/SMK/SMP)", "city_regency": "Kab. Bogor", "latitude": -6.505289, "longitude": 106.888003, "source_reference": "osm_overpass:node/13438935925", "asset_id": "SCH-0642", "is_buffer": false, "batch_no": 8, "notes": null }, "geometry": { "type": "Point", "coordinates": [ 106.888003, -6.505289 ] } },
{ "type": "Feature", "properties": { "asset_name": "SMK Bhakti Kencana", "category": "school", "category_display": "Sekolah Menengah (SMA/SMK/SMP)", "city_regency": "Kab. Bogor", "latitude": -6.5038, "longitude": 106.8865, "source_reference": "osm_overpass:node/13438935928", "asset_id": "SCH-0643", "is_buffer": false, "batch_no": 8, "notes": null }, "geometry": { "type": "Point", "coordinates": [ 106.8865, -6.5038 ] } },
{ "type": "Feature", "properties": { "asset_name": "SMP Islam Terpadu Insan Mandiri", "category": "school", "category_display": "Sekolah Menengah (SMA/SMK/SMP)", "city_regency": "Kota Depok", "latitude": -6.4445, "longitude": 106.7021, "source_reference": "osm_overpass:node/13438935945", "asset_id": "SCH-0644", "is_buffer": false, "batch_no": 8, "notes": null }, "geometry": { "type": "Point", "coordinates": [ 106.7021, -6.4445 ] } },
{ "type": "Feature", "properties": { "asset_name": "SMAS Ashriyah Nurul Iman", "category": "school", "category_display": "Sekolah Menengah (SMA/SMK/SMP)", "city_regency": "Kota Depok", "latitude": -6.4436, "longitude": 106.7083, "source_reference": "osm_overpass:node/13438935947", "asset_id": "SCH-0645", "is_buffer": false, "batch_no": 8, "notes": null }, "geometry": { "type": "Point", "coordinates": [ 106.7083, -6.4436 ] } },
{ "type": "Feature", "properties": { "asset_name": "SMP PGRI Ciampea", "category": "school", "category_display": "Sekolah Menengah (SMA/SMK/SMP)", "city_regency": "Kota Bogor", "latitude": -6.5575, "longitude": 106.6951, "source_reference": "osm_overpass:node/13438935949", "asset_id": "SCH-0646", "is_buffer": false, "batch_no": 8, "notes": null }, "geometry": { "type": "Point", "coordinates": [ 106.6951, -6.5575 ] } },
{ "type": "Feature", "properties": { "asset_name": "SMP Islam Terpadu Al Ittihad Ciampea", "category": "school", "category_display": "Sekolah Menengah (SMA/SMK/SMP)", "city_regency": "Kota Bogor", "latitude": -6.558635, "longitude": 106.695661, "source_reference": "osm_overpass:node/13438935950", "asset_id": "SCH-0647", "is_buffer": false, "batch_no": 8, "notes": null }, "geometry": { "type": "Point", "coordinates": [ 106.695661, -6.558635 ] } },
{ "type": "Feature", "properties": { "asset_name": "SMKS Kesehatan Pelita", "category": "school", "category_display": "Sekolah Menengah (SMA/SMK/SMP)", "city_regency": "Kota Bogor", "latitude": -6.5536, "longitude": 106.6973, "source_reference": "osm_overpass:node/13438935951", "asset_id": "SCH-0648", "is_buffer": false, "batch_no": 8, "notes": null }, "geometry": { "type": "Point", "coordinates": [ 106.6973, -6.5536 ] } },
{ "type": "Feature", "properties": { "asset_name": "SMP Nurul Azman", "category": "school", "category_display": "Sekolah Menengah (SMA/SMK/SMP)", "city_regency": "Kota Depok", "latitude": -6.423, "longitude": 106.9323, "source_reference": "osm_overpass:node/13438935957", "asset_id": "SCH-0649", "is_buffer": false, "batch_no": 8, "notes": null }, "geometry": { "type": "Point", "coordinates": [ 106.9323, -6.423 ] } },
{ "type": "Feature", "properties": { "asset_name": "SMPIT Nurut Tauhid", "category": "school", "category_display": "Sekolah Menengah (SMA/SMK/SMP)", "city_regency": "Kota Depok", "latitude": -6.4208, "longitude": 106.930817, "source_reference": "osm_overpass:node/13438935962", "asset_id": "SCH-0650", "is_buffer": false, "batch_no": 8, "notes": null }, "geometry": { "type": "Point", "coordinates": [ 106.930817, -6.4208 ] } },
{ "type": "Feature", "properties": { "asset_name": "SMK Ti Bazma", "category": "school", "category_display": "Sekolah Menengah (SMA/SMK/SMP)", "city_regency": "Kota Bogor", "latitude": -6.574228, "longitude": 106.688999, "source_reference": "osm_overpass:node/13438935966", "asset_id": "SCH-0651", "is_buffer": false, "batch_no": 8, "notes": null }, "geometry": { "type": "Point", "coordinates": [ 106.688999, -6.574228 ] } },
{ "type": "Feature", "properties": { "asset_name": "SMP Adhi Bangsa", "category": "school", "category_display": "Sekolah Menengah (SMA/SMK/SMP)", "city_regency": "Kota Bogor", "latitude": -6.570816, "longitude": 106.684544, "source_reference": "osm_overpass:node/13438935970", "asset_id": "SCH-0652", "is_buffer": false, "batch_no": 8, "notes": null }, "geometry": { "type": "Point", "coordinates": [ 106.684544, -6.570816 ] } },
{ "type": "Feature", "properties": { "asset_name": "SMP Bumi Sejahtera Ciampea", "category": "school", "category_display": "Sekolah Menengah (SMA/SMK/SMP)", "city_regency": "Kota Bogor", "latitude": -6.5747, "longitude": 106.6883, "source_reference": "osm_overpass:node/13438935971", "asset_id": "SCH-0653", "is_buffer": false, "batch_no": 8, "notes": null }, "geometry": { "type": "Point", "coordinates": [ 106.6883, -6.5747 ] } },
{ "type": "Feature", "properties": { "asset_name": "SMKS Pelita Ciampea 2", "category": "school", "category_display": "Sekolah Menengah (SMA/SMK/SMP)", "city_regency": "Kota Bogor", "latitude": -6.593888, "longitude": 106.691646, "source_reference": "osm_overpass:node/13438936007", "asset_id": "SCH-0654", "is_buffer": false, "batch_no": 8, "notes": null }, "geometry": { "type": "Point", "coordinates": [ 106.691646, -6.593888 ] } },
{ "type": "Feature", "properties": { "asset_name": "SMKS Miftaahush Shuduur", "category": "school", "category_display": "Sekolah Menengah (SMA/SMK/SMP)", "city_regency": "Kota Bogor", "latitude": -6.5937, "longitude": 106.6875, "source_reference": "osm_overpass:node/13438936008", "asset_id": "SCH-0655", "is_buffer": false, "batch_no": 8, "notes": null }, "geometry": { "type": "Point", "coordinates": [ 106.6875, -6.5937 ] } },
{ "type": "Feature", "properties": { "asset_name": "SMKS Yastrif 1 Parungpanjang", "category": "school", "category_display": "Sekolah Menengah (SMA/SMK/SMP)", "city_regency": "Kota Tangerang Selatan", "latitude": -6.346, "longitude": 106.5595, "source_reference": "osm_overpass:node/13438936010", "asset_id": "SCH-0656", "is_buffer": false, "batch_no": 8, "notes": null }, "geometry": { "type": "Point", "coordinates": [ 106.5595, -6.346 ] } },
{ "type": "Feature", "properties": { "asset_name": "SMP PGRI Parungpanjang", "category": "school", "category_display": "Sekolah Menengah (SMA/SMK/SMP)", "city_regency": "Kota Tangerang Selatan", "latitude": -6.3467, "longitude": 106.5597, "source_reference": "osm_overpass:node/13438936014", "asset_id": "SCH-0657", "is_buffer": false, "batch_no": 8, "notes": null }, "geometry": { "type": "Point", "coordinates": [ 106.5597, -6.3467 ] } },
{ "type": "Feature", "properties": { "asset_name": "SMK Gapura Educational Technology", "category": "school", "category_display": "Sekolah Menengah (SMA/SMK/SMP)", "city_regency": "Kota Tangerang Selatan", "latitude": -6.3446, "longitude": 106.5575, "source_reference": "osm_overpass:node/13438936015", "asset_id": "SCH-0658", "is_buffer": false, "batch_no": 8, "notes": null }, "geometry": { "type": "Point", "coordinates": [ 106.5575, -6.3446 ] } },
{ "type": "Feature", "properties": { "asset_name": "SMAS Mathlahul Huda", "category": "school", "category_display": "Sekolah Menengah (SMA/SMK/SMP)", "city_regency": "Kota Tangerang Selatan", "latitude": -6.3429, "longitude": 106.5633, "source_reference": "osm_overpass:node/13438936016", "asset_id": "SCH-0659", "is_buffer": false, "batch_no": 8, "notes": null }, "geometry": { "type": "Point", "coordinates": [ 106.5633, -6.3429 ] } }
]
}
